{"_via_settings":{"ui":{"annotation_editor_height":25,"annotation_editor_fontsize":0.8,"leftsidebar_width":18,"image_grid":{"img_height":80,"rshape_fill":"none","rshape_fill_opacity":0.3,"rshape_stroke":"yellow","rshape_stroke_width":2,"show_region_shape":true,"show_image_policy":"all"},"image":{"region_label":"__via_region_id__","region_color":"__via_default_region_color__","region_label_font":"10px Sans","on_image_annotation_editor_placement":"NEAR_REGION"}},"core":{"buffer_size":18,"filepath":{},"default_filepath":""},"project":{"name":"Barrio Logan_2022_count"}},"_via_img_metadata":{"https://drive.google.com/uc?export=view&id=1SD801gPZJOLjfKDe0-JBVS_ncqr5KZEL\n":{"filename":"https://drive.google.com/uc?export=view&id=1SD801gPZJOLjfKDe0-JBVS_ncqr5KZEL\n","size":-1,"regions":[{"shape_attributes":{"name":"circle","cx":190,"cy":137,"r":12},"region_attributes":{"Type":"2","count":"8"}},{"shape_attributes":{"name":"circle","cx":145,"cy":76,"r":8},"region_attributes":{"Type":"1","count":"3"}},{"shape_attributes":{"name":"circle","cx":163,"cy":90,"r":13},"region_attributes":{"Type":"2","count":"14"}},{"shape_attributes":{"name":"circle","cx":160,"cy":58,"r":8},"region_attributes":{"Type":"3","count":"1"}},{"shape_attributes":{"name":"circle","cx":163,"cy":39,"r":8},"region_attributes":{"Type":"3","count":"1"}},{"shape_attributes":{"name":"circle","cx":187,"cy":74,"r":5},"region_attributes":{"Type":"1","count":"3"}},{"shape_attributes":{"name":"circle","cx":209,"cy":87,"r":7},"region_attributes":{"Type":"3","count":"1"}},{"shape_attributes":{"name":"circle","cx":205,"cy":71,"r":9},"region_attributes":{"Type":"2","count":"13"}},{"shape_attributes":{"name":"circle","cx":216,"cy":62,"r":6},"region_attributes":{"Type":"1","count":"1"}},{"shape_attributes":{"name":"circle","cx":213,"cy":46,"r":7},"region_attributes":{"Type":"1","count":"8"}},{"shape_attributes":{"name":"circle","cx":177,"cy":62,"r":7},"region_attributes":{"Type":"2","count":"10"}},{"shape_attributes":{"name":"circle","cx":317,"cy":69,"r":11},"region_attributes":{"Type":"1","count":"3"}},{"shape_attributes":{"name":"circle","cx":348,"cy":56,"r":10},"region_attributes":{"Type":"2","count":"10"}},{"shape_attributes":{"name":"circle","cx":379,"cy":53,"r":8},"region_attributes":{"Type":"1","count":"2"}},{"shape_attributes":{"name":"circle","cx":348,"cy":17,"r":17},"region_attributes":{"Type":"2","count":"7"}},{"shape_attributes":{"name":"circle","cx":379,"cy":19,"r":10},"region_attributes":{"Type":"1","count":"3"}},{"shape_attributes":{"name":"circle","cx":305,"cy":50,"r":10},"region_attributes":{"Type":"2","count":"10"}},{"shape_attributes":{"name":"circle","cx":271,"cy":66,"r":11},"region_attributes":{"Type":"2","count":"3"}},{"shape_attributes":{"name":"circle","cx":255,"cy":55,"r":13},"region_attributes":{"Type":"1","count":"3"}},{"shape_attributes":{"name":"circle","cx":188,"cy":40,"r":11},"region_attributes":{"Type":"2","count":"28"}}],"file_attributes":{"date":"","temp":"","rain":"2","neighborhood":"Barrio Logan","total_count":""}},"https://drive.google.com/uc?export=view&id=15hSm9tTuktVaMMGr9pT8BxW6vb_Fk7m4\n":{"filename":"https://drive.google.com/uc?export=view&id=15hSm9tTuktVaMMGr9pT8BxW6vb_Fk7m4\n","size":-1,"regions":[{"shape_attributes":{"name":"circle","cx":155,"cy":34,"r":10},"region_attributes":{"Type":"3","count":"8"}},{"shape_attributes":{"name":"circle","cx":158,"cy":53,"r":11},"region_attributes":{"Type":"2","count":"8"}},{"shape_attributes":{"name":"circle","cx":141,"cy":74,"r":12},"region_attributes":{"Type":"2","count":"10"}},{"shape_attributes":{"name":"circle","cx":159,"cy":89,"r":10},"region_attributes":{"Type":"1","count":"1"}},{"shape_attributes":{"name":"circle","cx":181,"cy":42,"r":11},"region_attributes":{"Type":"2","count":"33"}},{"shape_attributes":{"name":"circle","cx":197,"cy":45,"r":9},"region_attributes":{"Type":"1","count":"4"}},{"shape_attributes":{"name":"circle","cx":173,"cy":63,"r":8},"region_attributes":{"Type":"1","count":"4"}},{"shape_attributes":{"name":"circle","cx":181,"cy":135,"r":10},"region_attributes":{"Type":"2","count":"9"}},{"shape_attributes":{"name":"circle","cx":189,"cy":121,"r":10},"region_attributes":{"Type":"1","count":"1"}},{"shape_attributes":{"name":"circle","cx":193,"cy":71,"r":9},"region_attributes":{"Type":"2","count":"10"}},{"shape_attributes":{"name":"circle","cx":208,"cy":65,"r":8},"region_attributes":{"Type":"1","count":"1"}},{"shape_attributes":{"name":"circle","cx":257,"cy":46,"r":11},"region_attributes":{"Type":"2","count":"8"}},{"shape_attributes":{"name":"circle","cx":275,"cy":45,"r":10},"region_attributes":{"Type":"1","count":"2"}},{"shape_attributes":{"name":"circle","cx":260,"cy":65,"r":10},"region_attributes":{"Type":"2","count":"5"}},{"shape_attributes":{"name":"circle","cx":273,"cy":67,"r":11},"region_attributes":{"Type":"1","count":"4"}},{"shape_attributes":{"name":"circle","cx":284,"cy":69,"r":8},"region_attributes":{"Type":"1","count":"2"}},{"shape_attributes":{"name":"circle","cx":297,"cy":69,"r":9},"region_attributes":{"Type":"1","count":"17"}},{"shape_attributes":{"name":"circle","cx":293,"cy":51,"r":10},"region_attributes":{"Type":"2","count":"2"}}],"file_attributes":{"date":"","temp":"","rain":"2","neighborhood":"Barrio Logan","total_count":""}},"https://drive.google.com/uc?export=view&id=1gdYu_eshlXnS5Vgl5fxUp6prU2BNh16g\n":{"filename":"https://drive.google.com/uc?export=view&id=1gdYu_eshlXnS5Vgl5fxUp6prU2BNh16g\n","size":-1,"regions":[{"shape_attributes":{"name":"circle","cx":155,"cy":120,"r":11},"region_attributes":{"Type":"2","count":"4"}},{"shape_attributes":{"name":"circle","cx":185,"cy":125,"r":13},"region_attributes":{"Type":"2","count":"7"}},{"shape_attributes":{"name":"circle","cx":160,"cy":87,"r":12},"region_attributes":{"Type":"2","count":"16"}},{"shape_attributes":{"name":"circle","cx":136,"cy":69,"r":10},"region_attributes":{"Type":"1","count":"3"}},{"shape_attributes":{"name":"circle","cx":153,"cy":26,"r":14},"region_attributes":{"Type":"2","count":"32"}},{"shape_attributes":{"name":"circle","cx":180,"cy":27,"r":11},"region_attributes":{"Type":"1","count":"8"}},{"shape_attributes":{"name":"circle","cx":165,"cy":53,"r":11},"region_attributes":{"Type":"2","count":"7"}},{"shape_attributes":{"name":"circle","cx":183,"cy":61,"r":10},"region_attributes":{"Type":"1","count":"2"}},{"shape_attributes":{"name":"circle","cx":199,"cy":71,"r":9.428},"region_attributes":{"Type":"1","count":"5"}},{"shape_attributes":{"name":"circle","cx":210,"cy":54,"r":11},"region_attributes":{"Type":"2","count":"14"}},{"shape_attributes":{"name":"circle","cx":277,"cy":33,"r":11},"region_attributes":{"Type":"2","count":"11"}},{"shape_attributes":{"name":"circle","cx":307,"cy":9,"r":11},"region_attributes":{"Type":"2","count":"9"}},{"shape_attributes":{"name":"circle","cx":321,"cy":25,"r":11},"region_attributes":{"Type":"2","count":"11"}},{"shape_attributes":{"name":"circle","cx":301,"cy":53,"r":9},"region_attributes":{"Type":"3","count":"1"}},{"shape_attributes":{"name":"circle","cx":293,"cy":69,"r":11},"region_attributes":{"Type":"2","count":"9"}},{"shape_attributes":{"name":"circle","cx":254,"cy":50,"r":12},"region_attributes":{"Type":"2","count":"8"}}],"file_attributes":{"date":"","temp":"","rain":"2","neighborhood":"Barrio Logan","total_count":""}},"https://drive.google.com/uc?export=view&id=1QZVeH22lk52XNV-hy1QbFwkVzL_o95al\n":{"filename":"https://drive.google.com/uc?export=view&id=1QZVeH22lk52XNV-hy1QbFwkVzL_o95al\n","size":-1,"regions":[{"shape_attributes":{"name":"circle","cx":333,"cy":15,"r":14},"region_attributes":{"Type":"2","count":"12"}},{"shape_attributes":{"name":"circle","cx":359,"cy":15,"r":10},"region_attributes":{"Type":"1","count":"2"}},{"shape_attributes":{"name":"circle","cx":199,"cy":57,"r":14},"region_attributes":{"Type":"2","count":"32"}},{"shape_attributes":{"name":"circle","cx":219,"cy":64,"r":8},"region_attributes":{"Type":"1","count":"4"}},{"shape_attributes":{"name":"circle","cx":285,"cy":61,"r":12},"region_attributes":{"Type":"2","count":"9"}},{"shape_attributes":{"name":"circle","cx":343,"cy":56,"r":15},"region_attributes":{"Type":"2","count":"14"}},{"shape_attributes":{"name":"circle","cx":269,"cy":79,"r":12},"region_attributes":{"Type":"2","count":"6"}},{"shape_attributes":{"name":"circle","cx":301,"cy":80,"r":8},"region_attributes":{"Type":"2","count":"8\n"}},{"shape_attributes":{"name":"circle","cx":279,"cy":90,"r":11},"region_attributes":{"Type":"1","count":"1"}},{"shape_attributes":{"name":"circle","cx":231,"cy":75,"r":13},"region_attributes":{"Type":"2","count":"17"}},{"shape_attributes":{"name":"circle","cx":184,"cy":76,"r":10},"region_attributes":{"Type":"2","count":"10"}},{"shape_attributes":{"name":"circle","cx":164,"cy":88,"r":15},"region_attributes":{"Type":"2","count":"22"}},{"shape_attributes":{"name":"circle","cx":201,"cy":85,"r":13},"region_attributes":{"Type":"1","count":"5"}},{"shape_attributes":{"name":"circle","cx":221,"cy":94,"r":7},"region_attributes":{"Type":"1","count":"4"}},{"shape_attributes":{"name":"circle","cx":239,"cy":102,"r":9},"region_attributes":{"Type":"2","count":"1"}},{"shape_attributes":{"name":"circle","cx":198,"cy":152,"r":9},"region_attributes":{"Type":"1","count":"3"}},{"shape_attributes":{"name":"circle","cx":209,"cy":137,"r":14},"region_attributes":{"Type":"2","count":"9"}},{"shape_attributes":{"name":"circle","cx":181,"cy":100,"r":10},"region_attributes":{"Type":"1","count":"2"}},{"shape_attributes":{"name":"circle","cx":296,"cy":98,"r":9},"region_attributes":{"Type":"3","count":"1"}},{"shape_attributes":{"name":"circle","cx":313,"cy":69,"r":9},"region_attributes":{"Type":"3","count":"1"}},{"shape_attributes":{"name":"circle","cx":307,"cy":110,"r":9},"region_attributes":{"Type":"3","count":"1"}},{"shape_attributes":{"name":"circle","cx":198,"cy":112,"r":9},"region_attributes":{"Type":"3","count":"1"}},{"shape_attributes":{"name":"circle","cx":142,"cy":71,"r":9},"region_attributes":{"Type":"3","count":"1"}},{"shape_attributes":{"name":"circle","cx":318,"cy":120,"r":8},"region_attributes":{"Type":"1","count":"1"}},{"shape_attributes":{"name":"circle","cx":326,"cy":95,"r":12.579},"region_attributes":{"Type":"2","count":"7"}}],"file_attributes":{"date":"","temp":"","rain":"2","neighborhood":"Barrio Logan","total_count":""}},"https://drive.google.com/uc?export=view&id=19mFnpQYFbUpu320Iwmhd9Nfw4hhZ4x08\n":{"filename":"https://drive.google.com/uc?export=view&id=19mFnpQYFbUpu320Iwmhd9Nfw4hhZ4x08\n","size":-1,"regions":[{"shape_attributes":{"name":"circle","cx":190,"cy":51,"r":19},"region_attributes":{"Type":"2","count":"36"}},{"shape_attributes":{"name":"circle","cx":188,"cy":78,"r":9},"region_attributes":{"Type":"2","count":"10"}},{"shape_attributes":{"name":"circle","cx":315,"cy":37,"r":11},"region_attributes":{"Type":"2","count":"13"}},{"shape_attributes":{"name":"circle","cx":167,"cy":91,"r":11},"region_attributes":{"Type":"2","count":"13"}},{"shape_attributes":{"name":"circle","cx":223,"cy":81,"r":11},"region_attributes":{"Type":"2","count":"13"}},{"shape_attributes":{"name":"circle","cx":336,"cy":34,"r":14},"region_attributes":{"Type":"1","count":"4"}},{"shape_attributes":{"name":"circle","cx":263,"cy":57,"r":14},"region_attributes":{"Type":"2","count":"3"}},{"shape_attributes":{"name":"circle","cx":202,"cy":85,"r":9},"region_attributes":{"Type":"1","count":"2"}},{"shape_attributes":{"name":"circle","cx":205,"cy":141,"r":11},"region_attributes":{"Type":"2","count":"6"}},{"shape_attributes":{"name":"circle","cx":297,"cy":72,"r":13},"region_attributes":{"Type":"2","count":"7"}},{"shape_attributes":{"name":"circle","cx":342,"cy":66,"r":12},"region_attributes":{"Type":"2","count":"14"}},{"shape_attributes":{"name":"circle","cx":361,"cy":66,"r":10},"region_attributes":{"Type":"1","count":"1"}},{"shape_attributes":{"name":"circle","cx":265,"cy":78,"r":12},"region_attributes":{"Type":"3","count":"1"}},{"shape_attributes":{"name":"circle","cx":189,"cy":117,"r":9},"region_attributes":{"Type":"3","count":"1"}}],"file_attributes":{"date":"","temp":"","rain":"2","neighborhood":"Barrio Logan","total_count":""}},"https://drive.google.com/uc?export=view&id=1sT-I5VeAdaW4K4IEgqJz9ShUCYDB4vtH\n":{"filename":"https://drive.google.com/uc?export=view&id=1sT-I5VeAdaW4K4IEgqJz9ShUCYDB4vtH\n","size":-1,"regions":[{"shape_attributes":{"name":"circle","cx":313,"cy":23,"r":10},"region_attributes":{"Type":"2","count":"3"}},{"shape_attributes":{"name":"circle","cx":333,"cy":42,"r":10},"region_attributes":{"Type":"2","count":"8"}},{"shape_attributes":{"name":"circle","cx":352,"cy":40,"r":9},"region_attributes":{"Type":"1","count":"3"}},{"shape_attributes":{"name":"circle","cx":268,"cy":56,"r":10},"region_attributes":{"Type":"3","count":"1"}},{"shape_attributes":{"name":"circle","cx":292,"cy":56,"r":10},"region_attributes":{"Type":"3","count":"1"}},{"shape_attributes":{"name":"circle","cx":314,"cy":79,"r":10},"region_attributes":{"Type":"3","count":"1"}},{"shape_attributes":{"name":"circle","cx":303,"cy":100,"r":10},"region_attributes":{"Type":"3","count":"1"}},{"shape_attributes":{"name":"circle","cx":169,"cy":55,"r":10},"region_attributes":{"Type":"3","count":"1"}},{"shape_attributes":{"name":"circle","cx":337,"cy":67,"r":15},"region_attributes":{"Type":"2","count":"26"}},{"shape_attributes":{"name":"circle","cx":360,"cy":69,"r":10},"region_attributes":{"Type":"1","count":"5"}},{"shape_attributes":{"name":"circle","cx":345,"cy":87,"r":10},"region_attributes":{"Type":"2","count":"1"}},{"shape_attributes":{"name":"circle","cx":294,"cy":70,"r":7},"region_attributes":{"Type":"1","count":"2"}},{"shape_attributes":{"name":"circle","cx":279,"cy":77,"r":11},"region_attributes":{"Type":"2","count":"8"}},{"shape_attributes":{"name":"circle","cx":258,"cy":74,"r":13},"region_attributes":{"Type":"1","count":"1"}},{"shape_attributes":{"name":"circle","cx":211,"cy":60,"r":12},"region_attributes":{"Type":"2","count":"14"}},{"shape_attributes":{"name":"circle","cx":227,"cy":74,"r":8},"region_attributes":{"Type":"1","count":"2"}},{"shape_attributes":{"name":"circle","cx":246,"cy":95,"r":10},"region_attributes":{"Type":"1","count":"2"}},{"shape_attributes":{"name":"circle","cx":191,"cy":66,"r":10},"region_attributes":{"Type":"1","count":"8"}},{"shape_attributes":{"name":"circle","cx":156,"cy":90,"r":9},"region_attributes":{"Type":"2","count":"7"}},{"shape_attributes":{"name":"circle","cx":177,"cy":75,"r":8},"region_attributes":{"Type":"2","count":"6"}},{"shape_attributes":{"name":"circle","cx":191,"cy":84,"r":8},"region_attributes":{"Type":"1","count":"2"}},{"shape_attributes":{"name":"circle","cx":215,"cy":90,"r":9.707},"region_attributes":{"Type":"2","count":"6"}},{"shape_attributes":{"name":"circle","cx":235,"cy":108,"r":10},"region_attributes":{"Type":"2","count":"4"}},{"shape_attributes":{"name":"circle","cx":175,"cy":107,"r":9},"region_attributes":{"Type":"1","count":"3"}},{"shape_attributes":{"name":"circle","cx":209,"cy":136,"r":9},"region_attributes":{"Type":"1","count":"2"}}],"file_attributes":{"date":"","temp":"","rain":"2","neighborhood":"Barrio Logan","total_count":""}},"https://drive.google.com/uc?export=view&id=144F0aPYTQ0JLQA1Wdd7Ecun4HN9DVCLv\n":{"filename":"https://drive.google.com/uc?export=view&id=144F0aPYTQ0JLQA1Wdd7Ecun4HN9DVCLv\n","size":-1,"regions":[{"shape_attributes":{"name":"circle","cx":334,"cy":23,"r":12},"region_attributes":{"Type":"2","count":"2"}},{"shape_attributes":{"name":"circle","cx":331,"cy":45,"r":13},"region_attributes":{"Type":"2","count":"15"}},{"shape_attributes":{"name":"circle","cx":355,"cy":47,"r":11},"region_attributes":{"Type":"1","count":"10"}},{"shape_attributes":{"name":"circle","cx":191,"cy":50,"r":13},"region_attributes":{"Type":"2","count":"27"}},{"shape_attributes":{"name":"circle","cx":173,"cy":69,"r":9},"region_attributes":{"Type":"1","count":"5"}},{"shape_attributes":{"name":"circle","cx":162,"cy":91,"r":12},"region_attributes":{"Type":"2","count":"16"}},{"shape_attributes":{"name":"circle","cx":191,"cy":85,"r":12},"region_attributes":{"Type":"2","count":"2"}},{"shape_attributes":{"name":"circle","cx":293,"cy":80,"r":11},"region_attributes":{"Type":"2","count":"6"}},{"shape_attributes":{"name":"circle","cx":280,"cy":53,"r":11},"region_attributes":{"Type":"2","count":"10"}},{"shape_attributes":{"name":"circle","cx":206,"cy":143,"r":10},"region_attributes":{"Type":"2","count":"8"}},{"shape_attributes":{"name":"circle","cx":221,"cy":133,"r":7},"region_attributes":{"Type":"1","count":"1"}},{"shape_attributes":{"name":"circle","cx":306,"cy":56,"r":9},"region_attributes":{"Type":"3","count":"1"}},{"shape_attributes":{"name":"circle","cx":202,"cy":133,"r":9},"region_attributes":{"Type":"3","count":"1"}},{"shape_attributes":{"name":"circle","cx":253,"cy":58,"r":9},"region_attributes":{"Type":"3","count":"1"}}],"file_attributes":{"date":"","temp":"","rain":"2","neighborhood":"Barrio Logan","total_count":""}},"https://drive.google.com/uc?export=view&id=146b1VZKq8Izf2hmzqUhi6sOpA5iVnuFA\n":{"filename":"https://drive.google.com/uc?export=view&id=146b1VZKq8Izf2hmzqUhi6sOpA5iVnuFA\n","size":-1,"regions":[{"shape_attributes":{"name":"circle","cx":314,"cy":15,"r":14.907},"region_attributes":{"Type":"2","count":"8"}},{"shape_attributes":{"name":"circle","cx":335,"cy":16,"r":12},"region_attributes":{"Type":"1","count":"4"}},{"shape_attributes":{"name":"circle","cx":343,"cy":43,"r":9},"region_attributes":{"Type":"1","count":"6"}},{"shape_attributes":{"name":"circle","cx":323,"cy":42,"r":13},"region_attributes":{"Type":"2","count":"14"}},{"shape_attributes":{"name":"circle","cx":271,"cy":46,"r":12},"region_attributes":{"Type":"2","count":"10"}},{"shape_attributes":{"name":"circle","cx":283,"cy":66,"r":11},"region_attributes":{"Type":"2","count":"13"}},{"shape_attributes":{"name":"circle","cx":171,"cy":37,"r":11},"region_attributes":{"Type":"1","count":"5"}},{"shape_attributes":{"name":"circle","cx":139,"cy":75,"r":17},"region_attributes":{"Type":"2","count":"18"}},{"shape_attributes":{"name":"circle","cx":160,"cy":95,"r":10},"region_attributes":{"Type":"1","count":"5"}},{"shape_attributes":{"name":"circle","cx":185,"cy":114,"r":11},"region_attributes":{"Type":"3","count":"4"}},{"shape_attributes":{"name":"circle","cx":197,"cy":49,"r":11},"region_attributes":{"Type":"2","count":"27"}},{"shape_attributes":{"name":"circle","cx":185,"cy":71,"r":10},"region_attributes":{"Type":"2","count":"8"}},{"shape_attributes":{"name":"circle","cx":215,"cy":76,"r":13},"region_attributes":{"Type":"2","count":"3"}},{"shape_attributes":{"name":"circle","cx":209,"cy":131,"r":11},"region_attributes":{"Type":"2","count":"10"}},{"shape_attributes":{"name":"circle","cx":304,"cy":57,"r":9},"region_attributes":{"Type":"1","count":"1"}},{"shape_attributes":{"name":"circle","cx":195,"cy":148,"r":9},"region_attributes":{"Type":"1","count":"1"}}],"file_attributes":{"date":"","temp":"","rain":"2","neighborhood":"Barrio Logan","total_count":""}},"https://drive.google.com/uc?export=view&id=19ppYthokhlt7rl4zLuDyzOWmDWBo98G7\n":{"filename":"https://drive.google.com/uc?export=view&id=19ppYthokhlt7rl4zLuDyzOWmDWBo98G7\n","size":-1,"regions":[{"shape_attributes":{"name":"circle","cx":343,"cy":21,"r":12},"region_attributes":{"Type":"2","count":"17"}},{"shape_attributes":{"name":"circle","cx":371,"cy":19,"r":12},"region_attributes":{"Type":"1","count":"3"}},{"shape_attributes":{"name":"circle","cx":349,"cy":45,"r":11},"region_attributes":{"Type":"2","count":"26"}},{"shape_attributes":{"name":"circle","cx":382,"cy":47,"r":11},"region_attributes":{"Type":"1","count":"2"}},{"shape_attributes":{"name":"circle","cx":285,"cy":50,"r":11},"region_attributes":{"Type":"2","count":"10"}},{"shape_attributes":{"name":"circle","cx":289,"cy":75,"r":12},"region_attributes":{"Type":"2","count":"11"}},{"shape_attributes":{"name":"circle","cx":271,"cy":74,"r":7},"region_attributes":{"Type":"2","count":"5"}},{"shape_attributes":{"name":"circle","cx":255,"cy":65,"r":10},"region_attributes":{"Type":"1","count":"3"}},{"shape_attributes":{"name":"circle","cx":223,"cy":53,"r":9},"region_attributes":{"Type":"1","count":"6"}},{"shape_attributes":{"name":"circle","cx":200,"cy":53,"r":11},"region_attributes":{"Type":"2","count":"27"}},{"shape_attributes":{"name":"circle","cx":164,"cy":49,"r":10},"region_attributes":{"Type":"3","count":"2"}},{"shape_attributes":{"name":"circle","cx":148,"cy":77,"r":11},"region_attributes":{"Type":"1","count":"2"}},{"shape_attributes":{"name":"circle","cx":169,"cy":89,"r":13},"region_attributes":{"Type":"2","count":"14"}},{"shape_attributes":{"name":"circle","cx":178,"cy":69,"r":8},"region_attributes":{"Type":"1","count":"1"}},{"shape_attributes":{"name":"circle","cx":185,"cy":119,"r":13},"region_attributes":{"Type":"2","count":"2"}},{"shape_attributes":{"name":"circle","cx":206,"cy":135,"r":14},"region_attributes":{"Type":"2","count":"7"}},{"shape_attributes":{"name":"circle","cx":193,"cy":85,"r":11},"region_attributes":{"Type":"2","count":"5"}},{"shape_attributes":{"name":"circle","cx":219,"cy":79,"r":13},"region_attributes":{"Type":"2","count":"10"}}],"file_attributes":{"date":"","temp":"","rain":"2","neighborhood":"Barrio Logan","total_count":""}},"https://drive.google.com/uc?export=view&id=12RVwJWcbA5Sw9AvVGH_5aRHLAyDCIvVl\n":{"filename":"https://drive.google.com/uc?export=view&id=12RVwJWcbA5Sw9AvVGH_5aRHLAyDCIvVl\n","size":-1,"regions":[{"shape_attributes":{"name":"circle","cx":369,"cy":20,"r":12},"region_attributes":{"Type":"2","count":"28"}},{"shape_attributes":{"name":"circle","cx":345,"cy":25,"r":7},"region_attributes":{"Type":"1","count":"7"}},{"shape_attributes":{"name":"circle","cx":367,"cy":56,"r":16},"region_attributes":{"Type":"2","count":"27"}},{"shape_attributes":{"name":"circle","cx":288,"cy":47,"r":12},"region_attributes":{"Type":"2","count":"12"}},{"shape_attributes":{"name":"circle","cx":268,"cy":75,"r":11},"region_attributes":{"Type":"2","count":"4"}},{"shape_attributes":{"name":"circle","cx":298,"cy":70,"r":11},"region_attributes":{"Type":"2","count":"11"}},{"shape_attributes":{"name":"circle","cx":198,"cy":47,"r":13},"region_attributes":{"Type":"2","count":"24"}},{"shape_attributes":{"name":"circle","cx":177,"cy":51,"r":10},"region_attributes":{"Type":"1","count":"5"}},{"shape_attributes":{"name":"circle","cx":174,"cy":65,"r":10},"region_attributes":{"Type":"1","count":"1"}},{"shape_attributes":{"name":"circle","cx":159,"cy":87,"r":10},"region_attributes":{"Type":"1","count":"5"}},{"shape_attributes":{"name":"circle","cx":221,"cy":75,"r":9},"region_attributes":{"Type":"2","count":"16"}},{"shape_attributes":{"name":"circle","cx":198,"cy":81,"r":11},"region_attributes":{"Type":"2","count":"10"}},{"shape_attributes":{"name":"circle","cx":179,"cy":102,"r":10},"region_attributes":{"Type":"2","count":"30"}},{"shape_attributes":{"name":"circle","cx":203,"cy":132,"r":12},"region_attributes":{"Type":"2","count":"11"}},{"shape_attributes":{"name":"circle","cx":159,"cy":50,"r":9},"region_attributes":{"Type":"3","count":"1"}},{"shape_attributes":{"name":"circle","cx":233,"cy":91,"r":9},"region_attributes":{"Type":"3","count":"1"}}],"file_attributes":{"date":"","temp":"","rain":"2","neighborhood":"Barrio Logan","total_count":""}},"https://drive.google.com/uc?export=view&id=1flEWsKci1bsoLCsxUPdRwKQU9eJ2yO3B\n":{"filename":"https://drive.google.com/uc?export=view&id=1flEWsKci1bsoLCsxUPdRwKQU9eJ2yO3B\n","size":-1,"regions":[{"shape_attributes":{"name":"circle","cx":340,"cy":38,"r":13},"region_attributes":{"Type":"2","count":"54"}},{"shape_attributes":{"name":"circle","cx":363,"cy":39,"r":10},"region_attributes":{"Type":"1","count":"4"}},{"shape_attributes":{"name":"circle","cx":348,"cy":70,"r":14},"region_attributes":{"Type":"2","count":"20"}},{"shape_attributes":{"name":"circle","cx":373,"cy":69,"r":10},"region_attributes":{"Type":"1","count":"5"}},{"shape_attributes":{"name":"circle","cx":284,"cy":51,"r":8},"region_attributes":{"Type":"2","count":"8"}},{"shape_attributes":{"name":"circle","cx":303,"cy":52,"r":9},"region_attributes":{"Type":"1","count":"1"}},{"shape_attributes":{"name":"circle","cx":265,"cy":69,"r":10},"region_attributes":{"Type":"2","count":"4"}},{"shape_attributes":{"name":"circle","cx":201,"cy":49,"r":10},"region_attributes":{"Type":"2","count":"28"}},{"shape_attributes":{"name":"circle","cx":159,"cy":94,"r":11},"region_attributes":{"Type":"2","count":"26"}},{"shape_attributes":{"name":"circle","cx":193,"cy":74,"r":11},"region_attributes":{"Type":"2","count":"12"}},{"shape_attributes":{"name":"circle","cx":213,"cy":81,"r":9},"region_attributes":{"Type":"2","count":"18"}},{"shape_attributes":{"name":"circle","cx":213,"cy":131,"r":7},"region_attributes":{"Type":"2","count":"1"}},{"shape_attributes":{"name":"circle","cx":292,"cy":81,"r":11},"region_attributes":{"Type":"2","count":"10"}},{"shape_attributes":{"name":"circle","cx":232,"cy":108,"r":7},"region_attributes":{"Type":"2","count":"1"}},{"shape_attributes":{"name":"circle","cx":184,"cy":55,"r":7},"region_attributes":{"Type":"1","count":"1"}},{"shape_attributes":{"name":"circle","cx":226,"cy":74,"r":7},"region_attributes":{"Type":"1","count":"3"}},{"shape_attributes":{"name":"circle","cx":281,"cy":78,"r":7},"region_attributes":{"Type":"1","count":"2"}},{"shape_attributes":{"name":"circle","cx":303,"cy":71,"r":7.601},"region_attributes":{"Type":"1","count":"1"}},{"shape_attributes":{"name":"circle","cx":246,"cy":94,"r":7},"region_attributes":{"Type":"1","count":"2"}},{"shape_attributes":{"name":"circle","cx":196,"cy":94,"r":9},"region_attributes":{"Type":"3","count":"1"}},{"shape_attributes":{"name":"circle","cx":224,"cy":53,"r":9},"region_attributes":{"Type":"3","count":"1"}},{"shape_attributes":{"name":"circle","cx":240,"cy":75,"r":9},"region_attributes":{"Type":"3","count":"1"}},{"shape_attributes":{"name":"circle","cx":220,"cy":101,"r":7.087},"region_attributes":{"Type":"3","count":"1"}},{"shape_attributes":{"name":"circle","cx":169,"cy":53,"r":9},"region_attributes":{"Type":"3","count":"1"}},{"shape_attributes":{"name":"circle","cx":234,"cy":88,"r":9},"region_attributes":{"Type":"3","count":"1"}},{"shape_attributes":{"name":"circle","cx":315,"cy":71,"r":7},"region_attributes":{"Type":"3","count":"1"}}],"file_attributes":{"date":"","temp":"","rain":"2","neighborhood":"Barrio Logan","total_count":""}},"https://drive.google.com/uc?export=view&id=1WjHPFJbhiCNXnQILkb6jDkksl2V9bpEn\n":{"filename":"https://drive.google.com/uc?export=view&id=1WjHPFJbhiCNXnQILkb6jDkksl2V9bpEn\n","size":-1,"regions":[{"shape_attributes":{"name":"circle","cx":323,"cy":29,"r":14},"region_attributes":{"Type":"2","count":"32"}},{"shape_attributes":{"name":"circle","cx":187,"cy":51,"r":10},"region_attributes":{"Type":"2","count":"31"}},{"shape_attributes":{"name":"circle","cx":207,"cy":53,"r":10},"region_attributes":{"Type":"1","count":"5"}},{"shape_attributes":{"name":"circle","cx":327,"cy":49,"r":11},"region_attributes":{"Type":"1","count":"2"}},{"shape_attributes":{"name":"circle","cx":348,"cy":46,"r":10},"region_attributes":{"Type":"2","count":"26"}},{"shape_attributes":{"name":"circle","cx":267,"cy":63,"r":9},"region_attributes":{"Type":"2","count":"10"}},{"shape_attributes":{"name":"circle","cx":271,"cy":78,"r":8},"region_attributes":{"Type":"2","count":"5"}},{"shape_attributes":{"name":"circle","cx":289,"cy":76,"r":9},"region_attributes":{"Type":"2","count":"10"}},{"shape_attributes":{"name":"circle","cx":185,"cy":75,"r":8},"region_attributes":{"Type":"2","count":"1"}},{"shape_attributes":{"name":"circle","cx":167,"cy":66,"r":9},"region_attributes":{"Type":"1","count":"1"}},{"shape_attributes":{"name":"circle","cx":233,"cy":68,"r":9},"region_attributes":{"Type":"1","count":"2"}},{"shape_attributes":{"name":"circle","cx":143,"cy":76,"r":13},"region_attributes":{"Type":"2","count":"45"}},{"shape_attributes":{"name":"circle","cx":178,"cy":127,"r":10},"region_attributes":{"Type":"2","count":"7"}},{"shape_attributes":{"name":"circle","cx":215,"cy":82,"r":11},"region_attributes":{"Type":"2","count":"17"}},{"shape_attributes":{"name":"circle","cx":234,"cy":98,"r":13},"region_attributes":{"Type":"2","count":"5"}},{"shape_attributes":{"name":"circle","cx":207,"cy":98,"r":8},"region_attributes":{"Type":"1","count":"1"}},{"shape_attributes":{"name":"circle","cx":226,"cy":55,"r":10},"region_attributes":{"Type":"3","count":"1"}},{"shape_attributes":{"name":"circle","cx":306,"cy":76,"r":10},"region_attributes":{"Type":"3","count":"1"}},{"shape_attributes":{"name":"circle","cx":167,"cy":86,"r":10},"region_attributes":{"Type":"3","count":"1"}},{"shape_attributes":{"name":"circle","cx":190,"cy":106,"r":10},"region_attributes":{"Type":"3","count":"1"}}],"file_attributes":{"date":"","temp":"","rain":"2","neighborhood":"Barrio Logan","total_count":""}}},"_via_attributes":{"region":{"Type":{"type":"dropdown","description":"","options":{"1":"Individual","2":"Structure","3":"Vehicle"},"default_options":{}},"count":{"type":"text","description":"","default_value":""}},"file":{"date":{"type":"text","description":"","default_value":""},"temp":{"type":"text","description":"","default_value":""},"rain":{"type":"dropdown","description":"","options":{"1":"rain","2":"clear"},"default_options":{"2":true}},"neighborhood":{"type":"text","description":"","default_value":"Barrio Logan"},"total_count":{"type":"text","description":"","default_value":""}}},"_via_data_format_version":"2.0.10","_via_image_id_list":["https://drive.google.com/uc?export=view&id=1SD801gPZJOLjfKDe0-JBVS_ncqr5KZEL\n","https://drive.google.com/uc?export=view&id=15hSm9tTuktVaMMGr9pT8BxW6vb_Fk7m4\n","https://drive.google.com/uc?export=view&id=1gdYu_eshlXnS5Vgl5fxUp6prU2BNh16g\n","https://drive.google.com/uc?export=view&id=1QZVeH22lk52XNV-hy1QbFwkVzL_o95al\n","https://drive.google.com/uc?export=view&id=19mFnpQYFbUpu320Iwmhd9Nfw4hhZ4x08\n","https://drive.google.com/uc?export=view&id=1sT-I5VeAdaW4K4IEgqJz9ShUCYDB4vtH\n","https://drive.google.com/uc?export=view&id=144F0aPYTQ0JLQA1Wdd7Ecun4HN9DVCLv\n","https://drive.google.com/uc?export=view&id=146b1VZKq8Izf2hmzqUhi6sOpA5iVnuFA\n","https://drive.google.com/uc?export=view&id=19ppYthokhlt7rl4zLuDyzOWmDWBo98G7\n","https://drive.google.com/uc?export=view&id=12RVwJWcbA5Sw9AvVGH_5aRHLAyDCIvVl\n","https://drive.google.com/uc?export=view&id=1flEWsKci1bsoLCsxUPdRwKQU9eJ2yO3B\n","https://drive.google.com/uc?export=view&id=1WjHPFJbhiCNXnQILkb6jDkksl2V9bpEn\n"]}