{"_via_settings":{"ui":{"annotation_editor_height":25,"annotation_editor_fontsize":0.8,"leftsidebar_width":18,"image_grid":{"img_height":80,"rshape_fill":"none","rshape_fill_opacity":0.3,"rshape_stroke":"yellow","rshape_stroke_width":2,"show_region_shape":true,"show_image_policy":"all"},"image":{"region_label":"__via_region_id__","region_color":"__via_default_region_color__","region_label_font":"10px Sans","on_image_annotation_editor_placement":"NEAR_REGION"}},"core":{"buffer_size":18,"filepath":{},"default_filepath":""},"project":{"name":"City Center_2021_count"}},"_via_img_metadata":{"https://drive.google.com/uc?export=view&id=1-quXvc0GNjU7svP4tIIK4wqNEpNSno88\n":{"filename":"https://drive.google.com/uc?export=view&id=1-quXvc0GNjU7svP4tIIK4wqNEpNSno88\n","size":-1,"regions":[{"shape_attributes":{"name":"rect","x":171,"y":168,"width":17,"height":12},"region_attributes":{"Type":"1","count":"1"}},{"shape_attributes":{"name":"rect","x":177,"y":188,"width":20,"height":8},"region_attributes":{"Type":"2","count":""}},{"shape_attributes":{"name":"rect","x":196,"y":179,"width":17,"height":11},"region_attributes":{"Type":"1","count":"5"}},{"shape_attributes":{"name":"rect","x":185,"y":204,"width":20,"height":17},"region_attributes":{"Type":"1","count":"4"}},{"shape_attributes":{"name":"rect","x":168,"y":221,"width":30,"height":20},"region_attributes":{"Type":"1","count":"2"}},{"shape_attributes":{"name":"rect","x":259,"y":408,"width":27,"height":30},"region_attributes":{"Type":"1","count":"1"}},{"shape_attributes":{"name":"rect","x":260,"y":356,"width":21,"height":20},"region_attributes":{"Type":"1","count":"1"}},{"shape_attributes":{"name":"rect","x":260,"y":233,"width":46,"height":28},"region_attributes":{"Type":"1","count":"2"}},{"shape_attributes":{"name":"rect","x":300,"y":220,"width":13,"height":37},"region_attributes":{"Type":"1","count":"16"}},{"shape_attributes":{"name":"rect","x":318,"y":222,"width":18,"height":24},"region_attributes":{"Type":"1","count":"1"}},{"shape_attributes":{"name":"rect","x":299,"y":270,"width":15,"height":16},"region_attributes":{"Type":"1","count":"1"}},{"shape_attributes":{"name":"rect","x":321,"y":256,"width":19,"height":27},"region_attributes":{"Type":"1","count":"4"}},{"shape_attributes":{"name":"rect","x":346,"y":238,"width":16,"height":12},"region_attributes":{"Type":"1","count":"4"}},{"shape_attributes":{"name":"rect","x":340,"y":215,"width":19,"height":21},"region_attributes":{"Type":"1","count":"5"}},{"shape_attributes":{"name":"rect","x":361,"y":174,"width":15,"height":19},"region_attributes":{"Type":"1","count":"2"}},{"shape_attributes":{"name":"rect","x":382,"y":215,"width":16,"height":21},"region_attributes":{"Type":"1","count":"2"}},{"shape_attributes":{"name":"rect","x":401,"y":231,"width":26,"height":30},"region_attributes":{"Type":"1","count":"2"}},{"shape_attributes":{"name":"rect","x":391,"y":291,"width":16,"height":22},"region_attributes":{"Type":"1","count":"1"}},{"shape_attributes":{"name":"rect","x":516,"y":313,"width":25,"height":33},"region_attributes":{"Type":"2","count":"1"}},{"shape_attributes":{"name":"rect","x":523,"y":357,"width":25,"height":25},"region_attributes":{"Type":"1","count":"8"}},{"shape_attributes":{"name":"rect","x":563,"y":357,"width":22,"height":20},"region_attributes":{"Type":"1","count":"1"}},{"shape_attributes":{"name":"rect","x":568,"y":317,"width":13,"height":20},"region_attributes":{"Type":"1","count":"5"}},{"shape_attributes":{"name":"rect","x":580,"y":280,"width":24,"height":18},"region_attributes":{"Type":"2","count":"3"}},{"shape_attributes":{"name":"rect","x":579,"y":259,"width":23,"height":19},"region_attributes":{"Type":"2","count":"3"}},{"shape_attributes":{"name":"rect","x":558,"y":260,"width":22,"height":19},"region_attributes":{"Type":"1","count":"3"}},{"shape_attributes":{"name":"rect","x":561,"y":285,"width":19,"height":18},"region_attributes":{"Type":"1","count":"3"}},{"shape_attributes":{"name":"rect","x":521,"y":177,"width":22,"height":17},"region_attributes":{"Type":"1","count":"1"}},{"shape_attributes":{"name":"rect","x":536,"y":199,"width":20,"height":20},"region_attributes":{"Type":"1","count":"1"}},{"shape_attributes":{"name":"rect","x":582,"y":203,"width":20,"height":32},"region_attributes":{"Type":"1","count":"7"}},{"shape_attributes":{"name":"rect","x":605,"y":211,"width":18,"height":23},"region_attributes":{"Type":"2","count":"3"}},{"shape_attributes":{"name":"rect","x":600,"y":231,"width":15,"height":13},"region_attributes":{"Type":"1","count":"3"}},{"shape_attributes":{"name":"rect","x":613,"y":242,"width":19,"height":7},"region_attributes":{"Type":"1","count":"1"}},{"shape_attributes":{"name":"rect","x":624,"y":282,"width":16,"height":18},"region_attributes":{"Type":"2","count":"1"}},{"shape_attributes":{"name":"rect","x":623,"y":259,"width":16,"height":18},"region_attributes":{"Type":"1","count":"1"}},{"shape_attributes":{"name":"rect","x":657,"y":293,"width":18,"height":22},"region_attributes":{"Type":"1","count":"2"}},{"shape_attributes":{"name":"rect","x":698,"y":261,"width":13,"height":16},"region_attributes":{"Type":"1","count":"1"}},{"shape_attributes":{"name":"rect","x":690,"y":283,"width":13,"height":16},"region_attributes":{"Type":"1","count":"1"}},{"shape_attributes":{"name":"rect","x":690,"y":162,"width":13,"height":16},"region_attributes":{"Type":"1","count":"1"}},{"shape_attributes":{"name":"rect","x":703,"y":137,"width":13,"height":16},"region_attributes":{"Type":"1","count":"1"}},{"shape_attributes":{"name":"rect","x":671,"y":166,"width":13,"height":16},"region_attributes":{"Type":"1","count":"1"}},{"shape_attributes":{"name":"rect","x":710,"y":299,"width":13,"height":16},"region_attributes":{"Type":"1","count":"1"}},{"shape_attributes":{"name":"rect","x":643,"y":232,"width":13,"height":17},"region_attributes":{"Type":"1","count":"2"}},{"shape_attributes":{"name":"rect","x":666,"y":197,"width":15,"height":17},"region_attributes":{"Type":"1","count":"2"}},{"shape_attributes":{"name":"rect","x":704,"y":199,"width":15,"height":17},"region_attributes":{"Type":"1","count":"2"}},{"shape_attributes":{"name":"rect","x":655,"y":178,"width":15,"height":17},"region_attributes":{"Type":"1","count":"2"}},{"shape_attributes":{"name":"rect","x":686,"y":230,"width":17,"height":18},"region_attributes":{"Type":"1","count":"3"}}],"file_attributes":{"date":"2021-01-28","temp":"46","rain":"2","neighborhood":"City Center","total_count":""}},"https://drive.google.com/uc?export=view&id=1cFqbXlMFV5V-ppHDuntQkmgIONI8juWS\n":{"filename":"https://drive.google.com/uc?export=view&id=1cFqbXlMFV5V-ppHDuntQkmgIONI8juWS\n","size":-1,"regions":[{"shape_attributes":{"name":"rect","x":159,"y":204,"width":18,"height":23},"region_attributes":{"Type":"1","count":"3"}},{"shape_attributes":{"name":"rect","x":619,"y":275,"width":18,"height":23},"region_attributes":{"Type":"1","count":"3"}},{"shape_attributes":{"name":"rect","x":155,"y":155,"width":20,"height":30},"region_attributes":{"Type":"1","count":"3"}},{"shape_attributes":{"name":"rect","x":175,"y":154,"width":19,"height":18},"region_attributes":{"Type":"2","count":"3"}},{"shape_attributes":{"name":"rect","x":170,"y":182,"width":22,"height":19},"region_attributes":{"Type":"1","count":"6"}},{"shape_attributes":{"name":"rect","x":273,"y":206,"width":18,"height":27},"region_attributes":{"Type":"1","count":"23"}},{"shape_attributes":{"name":"rect","x":296,"y":195,"width":23,"height":31},"region_attributes":{"Type":"2","count":"1"}},{"shape_attributes":{"name":"rect","x":292,"y":256,"width":30,"height":22},"region_attributes":{"Type":"1","count":"4"}},{"shape_attributes":{"name":"rect","x":342,"y":180,"width":20,"height":22},"region_attributes":{"Type":"1","count":"1"}},{"shape_attributes":{"name":"rect","x":323,"y":152,"width":20,"height":22},"region_attributes":{"Type":"1","count":"1"}},{"shape_attributes":{"name":"rect","x":350,"y":224,"width":20,"height":22},"region_attributes":{"Type":"1","count":"1"}},{"shape_attributes":{"name":"rect","x":387,"y":216,"width":20,"height":22},"region_attributes":{"Type":"1","count":"1"}},{"shape_attributes":{"name":"rect","x":512,"y":194,"width":20,"height":22},"region_attributes":{"Type":"1","count":"1"}},{"shape_attributes":{"name":"rect","x":554,"y":196,"width":20,"height":22},"region_attributes":{"Type":"1","count":"1"}},{"shape_attributes":{"name":"rect","x":585,"y":124,"width":20,"height":22},"region_attributes":{"Type":"1","count":"1"}},{"shape_attributes":{"name":"rect","x":593,"y":175,"width":20,"height":22},"region_attributes":{"Type":"1","count":"1"}},{"shape_attributes":{"name":"rect","x":639,"y":135,"width":20,"height":22},"region_attributes":{"Type":"1","count":"1"}},{"shape_attributes":{"name":"rect","x":680,"y":177,"width":20,"height":22},"region_attributes":{"Type":"1","count":"1"}},{"shape_attributes":{"name":"rect","x":388,"y":275,"width":20,"height":22},"region_attributes":{"Type":"1","count":"1"}},{"shape_attributes":{"name":"rect","x":588,"y":235,"width":20,"height":28},"region_attributes":{"Type":"1","count":"1"}},{"shape_attributes":{"name":"rect","x":678,"y":273,"width":20,"height":22},"region_attributes":{"Type":"1","count":"1"}},{"shape_attributes":{"name":"rect","x":639,"y":314,"width":20,"height":22},"region_attributes":{"Type":"1","count":"1"}},{"shape_attributes":{"name":"rect","x":330,"y":245,"width":20,"height":22},"region_attributes":{"Type":"1","count":"1"}},{"shape_attributes":{"name":"rect","x":345,"y":151,"width":25,"height":27},"region_attributes":{"Type":"2","count":"2"}},{"shape_attributes":{"name":"rect","x":455,"y":214,"width":20,"height":29},"region_attributes":{"Type":"1","count":"4"}},{"shape_attributes":{"name":"rect","x":616,"y":177,"width":20,"height":26},"region_attributes":{"Type":"1","count":"2"}},{"shape_attributes":{"name":"rect","x":629,"y":211,"width":20,"height":26},"region_attributes":{"Type":"1","count":"2"}},{"shape_attributes":{"name":"rect","x":671,"y":216,"width":20,"height":26},"region_attributes":{"Type":"1","count":"2"}},{"shape_attributes":{"name":"rect","x":540,"y":226,"width":20,"height":26},"region_attributes":{"Type":"1","count":"2"}},{"shape_attributes":{"name":"rect","x":641,"y":184,"width":20,"height":26},"region_attributes":{"Type":"1","count":"2"}},{"shape_attributes":{"name":"rect","x":554,"y":260,"width":19,"height":16},"region_attributes":{"Type":"2","count":"3"}},{"shape_attributes":{"name":"rect","x":580,"y":199,"width":19,"height":16},"region_attributes":{"Type":"2","count":"3"}},{"shape_attributes":{"name":"rect","x":531,"y":260,"width":19,"height":16},"region_attributes":{"Type":"2","count":"3"}},{"shape_attributes":{"name":"rect","x":545,"y":280,"width":20,"height":13},"region_attributes":{"Type":"2","count":"2"}},{"shape_attributes":{"name":"rect","x":532,"y":315,"width":25,"height":23},"region_attributes":{"Type":"2","count":"1"}},{"shape_attributes":{"name":"rect","x":597,"y":268,"width":16,"height":15},"region_attributes":{"Type":"2","count":"1"}},{"shape_attributes":{"name":"rect","x":552,"y":343,"width":21,"height":16},"region_attributes":{"Type":"1","count":"8"}},{"shape_attributes":{"name":"rect","x":535,"y":341,"width":7,"height":16},"region_attributes":{"Type":"1","count":"6"}},{"shape_attributes":{"name":"rect","x":640,"y":279,"width":18,"height":14},"region_attributes":{"Type":"2","count":"1"}}],"file_attributes":{"date":"2021-02-25","temp":"55","rain":"2","neighborhood":"City Center","total_count":""}},"https://drive.google.com/uc?export=view&id=1f9Zr_0JkeOIKeBJTIOWK2N9_FihSM2GR\n":{"filename":"https://drive.google.com/uc?export=view&id=1f9Zr_0JkeOIKeBJTIOWK2N9_FihSM2GR\n","size":-1,"regions":[{"shape_attributes":{"name":"rect","x":174,"y":157,"width":18,"height":18},"region_attributes":{"Type":"2","count":"1"}},{"shape_attributes":{"name":"rect","x":173,"y":179,"width":17,"height":19},"region_attributes":{"Type":"2","count":"5"}},{"shape_attributes":{"name":"rect","x":191,"y":183,"width":15,"height":11},"region_attributes":{"Type":"1","count":"3"}},{"shape_attributes":{"name":"rect","x":172,"y":206,"width":19,"height":14},"region_attributes":{"Type":"2","count":"4"}},{"shape_attributes":{"name":"rect","x":192,"y":206,"width":14,"height":19},"region_attributes":{"Type":"1","count":"3"}},{"shape_attributes":{"name":"rect","x":172,"y":226,"width":25,"height":21},"region_attributes":{"Type":"1","count":"2"}},{"shape_attributes":{"name":"rect","x":342,"y":153,"width":14,"height":19},"region_attributes":{"Type":"1","count":"1"}},{"shape_attributes":{"name":"rect","x":531,"y":260,"width":19,"height":16},"region_attributes":{"Type":"2","count":"3"}},{"shape_attributes":{"name":"rect","x":339,"y":174,"width":13,"height":19},"region_attributes":{"Type":"1","count":"1"}},{"shape_attributes":{"name":"rect","x":365,"y":169,"width":14,"height":19},"region_attributes":{"Type":"1","count":"1"}},{"shape_attributes":{"name":"rect","x":635,"y":150,"width":14,"height":19},"region_attributes":{"Type":"1","count":"1"}},{"shape_attributes":{"name":"rect","x":633,"y":177,"width":14,"height":19},"region_attributes":{"Type":"1","count":"1"}},{"shape_attributes":{"name":"rect","x":657,"y":176,"width":14,"height":19},"region_attributes":{"Type":"1","count":"1"}},{"shape_attributes":{"name":"rect","x":697,"y":142,"width":14,"height":19},"region_attributes":{"Type":"1","count":"1"}},{"shape_attributes":{"name":"rect","x":355,"y":196,"width":14,"height":19},"region_attributes":{"Type":"1","count":"1"}},{"shape_attributes":{"name":"rect","x":287,"y":189,"width":19,"height":17},"region_attributes":{"Type":"1","count":"1"}},{"shape_attributes":{"name":"rect","x":360,"y":142,"width":16,"height":14},"region_attributes":{"Type":"1","count":"2"}},{"shape_attributes":{"name":"rect","x":302,"y":266,"width":9,"height":15},"region_attributes":{"Type":"1","count":"1"}},{"shape_attributes":{"name":"rect","x":297,"y":244,"width":23,"height":13},"region_attributes":{"Type":"1","count":"3"}},{"shape_attributes":{"name":"rect","x":317,"y":229,"width":14,"height":18},"region_attributes":{"Type":"1","count":"1"}},{"shape_attributes":{"name":"rect","x":338,"y":214,"width":15,"height":11},"region_attributes":{"Type":"1","count":"11"}},{"shape_attributes":{"name":"rect","x":341,"y":231,"width":13,"height":10},"region_attributes":{"Type":"2","count":"2"}},{"shape_attributes":{"name":"rect","x":352,"y":238,"width":12,"height":15},"region_attributes":{"Type":"1","count":"23"}},{"shape_attributes":{"name":"rect","x":365,"y":232,"width":17,"height":20},"region_attributes":{"Type":"2","count":"1"}},{"shape_attributes":{"name":"rect","x":358,"y":264,"width":9,"height":10},"region_attributes":{"Type":"1","count":"1"}},{"shape_attributes":{"name":"rect","x":321,"y":275,"width":19,"height":17},"region_attributes":{"Type":"1","count":"3"}},{"shape_attributes":{"name":"rect","x":475,"y":199,"width":19,"height":20},"region_attributes":{"Type":"1","count":"1"}},{"shape_attributes":{"name":"rect","x":304,"y":319,"width":19,"height":20},"region_attributes":{"Type":"1","count":"1"}},{"shape_attributes":{"name":"rect","x":388,"y":294,"width":19,"height":20},"region_attributes":{"Type":"1","count":"1"}},{"shape_attributes":{"name":"rect","x":547,"y":216,"width":19,"height":20},"region_attributes":{"Type":"1","count":"1"}},{"shape_attributes":{"name":"rect","x":696,"y":256,"width":19,"height":20},"region_attributes":{"Type":"1","count":"1"}},{"shape_attributes":{"name":"rect","x":574,"y":331,"width":19,"height":20},"region_attributes":{"Type":"1","count":"1"}},{"shape_attributes":{"name":"rect","x":597,"y":276,"width":19,"height":20},"region_attributes":{"Type":"1","count":"1"}},{"shape_attributes":{"name":"rect","x":675,"y":274,"width":19,"height":20},"region_attributes":{"Type":"1","count":"1"}},{"shape_attributes":{"name":"rect","x":645,"y":234,"width":19,"height":20},"region_attributes":{"Type":"1","count":"1"}},{"shape_attributes":{"name":"rect","x":405,"y":148,"width":19,"height":20},"region_attributes":{"Type":"1","count":"1"}},{"shape_attributes":{"name":"rect","x":393,"y":260,"width":17,"height":22},"region_attributes":{"Type":"1","count":"3"}},{"shape_attributes":{"name":"rect","x":463,"y":284,"width":23,"height":24},"region_attributes":{"Type":"2","count":"1"}},{"shape_attributes":{"name":"rect","x":530,"y":282,"width":27,"height":24},"region_attributes":{"Type":"1","count":"3"}},{"shape_attributes":{"name":"rect","x":572,"y":263,"width":9,"height":9},"region_attributes":{"Type":"1","count":"1"}},{"shape_attributes":{"name":"rect","x":574,"y":277,"width":17,"height":18},"region_attributes":{"Type":"2","count":"1"}},{"shape_attributes":{"name":"rect","x":550,"y":338,"width":16,"height":17},"region_attributes":{"Type":"1","count":"1"}},{"shape_attributes":{"name":"rect","x":562,"y":360,"width":18,"height":13},"region_attributes":{"Type":"1","count":"9"}},{"shape_attributes":{"name":"rect","x":592,"y":205,"width":17,"height":23},"region_attributes":{"Type":"2","count":"8"}},{"shape_attributes":{"name":"rect","x":615,"y":203,"width":17,"height":20},"region_attributes":{"Type":"1","count":"4"}},{"shape_attributes":{"name":"rect","x":596,"y":233,"width":13,"height":13},"region_attributes":{"Type":"1","count":"2"}},{"shape_attributes":{"name":"rect","x":571,"y":229,"width":20,"height":18},"region_attributes":{"Type":"2","count":"1"}},{"shape_attributes":{"name":"rect","x":680,"y":230,"width":13,"height":20},"region_attributes":{"Type":"1","count":"2"}},{"shape_attributes":{"name":"rect","x":630,"y":277,"width":21,"height":16},"region_attributes":{"Type":"1","count":"2"}},{"shape_attributes":{"name":"rect","x":645,"y":298,"width":16,"height":18},"region_attributes":{"Type":"1","count":"3"}}],"file_attributes":{"date":"2021-03-25","temp":"54","rain":"2","neighborhood":"City Center","total_count":""}},"https://drive.google.com/uc?export=view&id=1H8eqGjzxVmD9FEqtSwX46gxOinjPMomE\n":{"filename":"https://drive.google.com/uc?export=view&id=1H8eqGjzxVmD9FEqtSwX46gxOinjPMomE\n","size":-1,"regions":[{"shape_attributes":{"name":"rect","x":169,"y":152,"width":17,"height":18},"region_attributes":{"count":""}},{"shape_attributes":{"name":"rect","x":173,"y":184,"width":13,"height":20},"region_attributes":{"Type":"1","count":"1"}},{"shape_attributes":{"name":"rect","x":187,"y":179,"width":28,"height":26},"region_attributes":{"Type":"2","count":"4"}},{"shape_attributes":{"name":"rect","x":180,"y":212,"width":27,"height":20},"region_attributes":{"Type":"1","count":"4"}},{"shape_attributes":{"name":"rect","x":165,"y":233,"width":21,"height":18},"region_attributes":{"Type":"1","count":"5"}},{"shape_attributes":{"name":"rect","x":334,"y":167,"width":15,"height":17},"region_attributes":{"Type":"1","count":"1"}},{"shape_attributes":{"name":"rect","x":314,"y":286,"width":15,"height":17},"region_attributes":{"Type":"1","count":"1"}},{"shape_attributes":{"name":"rect","x":349,"y":269,"width":15,"height":17},"region_attributes":{"Type":"1","count":"1"}},{"shape_attributes":{"name":"rect","x":389,"y":205,"width":15,"height":17},"region_attributes":{"Type":"1","count":"1"}},{"shape_attributes":{"name":"rect","x":586,"y":178,"width":15,"height":17},"region_attributes":{"Type":"1","count":"1"}},{"shape_attributes":{"name":"rect","x":313,"y":202,"width":15,"height":17},"region_attributes":{"Type":"1","count":"1"}},{"shape_attributes":{"name":"rect","x":360,"y":161,"width":16,"height":22},"region_attributes":{"Type":"2","count":"1"}},{"shape_attributes":{"name":"rect","x":340,"y":186,"width":21,"height":13},"region_attributes":{"Type":"2","count":"2"}},{"shape_attributes":{"name":"rect","x":342,"y":208,"width":13,"height":22},"region_attributes":{"Type":"1","count":"13"}},{"shape_attributes":{"name":"rect","x":337,"y":237,"width":9,"height":9},"region_attributes":{"Type":"2","count":"2"}},{"shape_attributes":{"name":"rect","x":347,"y":240,"width":20,"height":18},"region_attributes":{"Type":"1","count":"13"}},{"shape_attributes":{"name":"rect","x":544,"y":222,"width":13,"height":13},"region_attributes":{"Type":"2","count":"2"}},{"shape_attributes":{"name":"rect","x":561,"y":211,"width":19,"height":17},"region_attributes":{"Type":"2","count":"1"}},{"shape_attributes":{"name":"rect","x":591,"y":212,"width":13,"height":16},"region_attributes":{"Type":"2","count":"3"}},{"shape_attributes":{"name":"rect","x":590,"y":238,"width":15,"height":11},"region_attributes":{"Type":"1","count":"5"}},{"shape_attributes":{"name":"rect","x":565,"y":239,"width":13,"height":15},"region_attributes":{"Type":"1","count":"2"}},{"shape_attributes":{"name":"rect","x":687,"y":214,"width":21,"height":27},"region_attributes":{"Type":"1","count":"1"}},{"shape_attributes":{"name":"rect","x":579,"y":253,"width":21,"height":27},"region_attributes":{"Type":"1","count":"1"}},{"shape_attributes":{"name":"rect","x":580,"y":282,"width":21,"height":27},"region_attributes":{"Type":"1","count":"1"}},{"shape_attributes":{"name":"rect","x":587,"y":314,"width":21,"height":27},"region_attributes":{"Type":"1","count":"1"}},{"shape_attributes":{"name":"rect","x":628,"y":278,"width":21,"height":27},"region_attributes":{"Type":"1","count":"1"}},{"shape_attributes":{"name":"rect","x":630,"y":220,"width":21,"height":27},"region_attributes":{"Type":"1","count":"1"}},{"shape_attributes":{"name":"rect","x":503,"y":265,"width":22,"height":15},"region_attributes":{"Type":"2","count":"1"}},{"shape_attributes":{"name":"rect","x":525,"y":277,"width":14,"height":23},"region_attributes":{"Type":"2","count":"1"}},{"shape_attributes":{"name":"rect","x":502,"y":286,"width":18,"height":22},"region_attributes":{"Type":"1","count":"9"}},{"shape_attributes":{"name":"rect","x":568,"y":283,"width":11,"height":17},"region_attributes":{"Type":"1","count":"3"}},{"shape_attributes":{"name":"rect","x":567,"y":323,"width":15,"height":19},"region_attributes":{"Type":"1","count":"8"}},{"shape_attributes":{"name":"rect","x":565,"y":348,"width":15,"height":15},"region_attributes":{"Type":"2","count":"1"}},{"shape_attributes":{"name":"rect","x":552,"y":361,"width":14,"height":20},"region_attributes":{"Type":"1","count":"9"}},{"shape_attributes":{"name":"rect","x":542,"y":341,"width":14,"height":17},"region_attributes":{"Type":"1","count":"1"}},{"shape_attributes":{"name":"rect","x":674,"y":249,"width":30,"height":14},"region_attributes":{"Type":"1","count":"2"}},{"shape_attributes":{"name":"rect","x":681,"y":177,"width":16,"height":19},"region_attributes":{"Type":"2","count":"1"}},{"shape_attributes":{"name":"rect","x":647,"y":167,"width":25,"height":23},"region_attributes":{"Type":"1","count":"2"}},{"shape_attributes":{"name":"rect","x":607,"y":176,"width":21,"height":24},"region_attributes":{"Type":"1","count":"2"}},{"shape_attributes":{"name":"rect","x":647,"y":343,"width":17,"height":16},"region_attributes":{"Type":"1","count":"1"}},{"shape_attributes":{"name":"rect","x":639,"y":307,"width":23,"height":11},"region_attributes":{"Type":"1","count":"3"}},{"shape_attributes":{"name":"rect","x":610,"y":294,"width":15,"height":17},"region_attributes":{"Type":"2","count":"1"}},{"shape_attributes":{"name":"rect","x":605,"y":268,"width":18,"height":19},"region_attributes":{"Type":"2","count":"1"}}],"file_attributes":{"date":"2021-04-29","temp":"61","rain":"2","neighborhood":"City Center","total_count":""}},"https://drive.google.com/uc?export=view&id=1uq3RrEHYVCsQ9s-HICa3pfu7b2i7iKIn\n":{"filename":"https://drive.google.com/uc?export=view&id=1uq3RrEHYVCsQ9s-HICa3pfu7b2i7iKIn\n","size":-1,"regions":[{"shape_attributes":{"name":"rect","x":179,"y":143,"width":10,"height":16},"region_attributes":{"count":""}},{"shape_attributes":{"name":"rect","x":162,"y":152,"width":12,"height":18},"region_attributes":{"Type":"3","count":"1"}},{"shape_attributes":{"name":"rect","x":188,"y":165,"width":18,"height":25},"region_attributes":{"Type":"2","count":"5"}},{"shape_attributes":{"name":"rect","x":173,"y":171,"width":9,"height":13},"region_attributes":{"Type":"1","count":"1"}},{"shape_attributes":{"name":"rect","x":256,"y":348,"width":14,"height":21},"region_attributes":{"Type":"1","count":"1"}},{"shape_attributes":{"name":"rect","x":253,"y":436,"width":14,"height":21},"region_attributes":{"Type":"1","count":"1"}},{"shape_attributes":{"name":"rect","x":213,"y":271,"width":14,"height":21},"region_attributes":{"Type":"1","count":"1"}},{"shape_attributes":{"name":"rect","x":276,"y":271,"width":14,"height":21},"region_attributes":{"Type":"1","count":"1"}},{"shape_attributes":{"name":"rect","x":336,"y":264,"width":14,"height":21},"region_attributes":{"Type":"1","count":"1"}},{"shape_attributes":{"name":"rect","x":393,"y":250,"width":14,"height":21},"region_attributes":{"Type":"1","count":"1"}},{"shape_attributes":{"name":"rect","x":403,"y":215,"width":14,"height":21},"region_attributes":{"Type":"1","count":"1"}},{"shape_attributes":{"name":"rect","x":348,"y":173,"width":14,"height":21},"region_attributes":{"Type":"1","count":"1"}},{"shape_attributes":{"name":"rect","x":422,"y":137,"width":14,"height":21},"region_attributes":{"Type":"1","count":"1"}},{"shape_attributes":{"name":"rect","x":443,"y":146,"width":14,"height":21},"region_attributes":{"Type":"1","count":"1"}},{"shape_attributes":{"name":"rect","x":447,"y":171,"width":14,"height":21},"region_attributes":{"Type":"1","count":"1"}},{"shape_attributes":{"name":"rect","x":682,"y":320,"width":14,"height":21},"region_attributes":{"Type":"1","count":"1"}},{"shape_attributes":{"name":"rect","x":694,"y":215,"width":14,"height":21},"region_attributes":{"Type":"1","count":"1"}},{"shape_attributes":{"name":"rect","x":683,"y":230,"width":14,"height":21},"region_attributes":{"Type":"1","count":"1"}},{"shape_attributes":{"name":"rect","x":568,"y":186,"width":14,"height":21},"region_attributes":{"Type":"1","count":"1"}},{"shape_attributes":{"name":"rect","x":603,"y":227,"width":14,"height":21},"region_attributes":{"Type":"1","count":"1"}},{"shape_attributes":{"name":"rect","x":234,"y":330,"width":14,"height":21},"region_attributes":{"Type":"1","count":"1"}},{"shape_attributes":{"name":"rect","x":184,"y":187,"width":23,"height":23},"region_attributes":{"Type":"1","count":"2"}},{"shape_attributes":{"name":"rect","x":422,"y":166,"width":23,"height":23},"region_attributes":{"Type":"1","count":"2"}},{"shape_attributes":{"name":"rect","x":357,"y":194,"width":23,"height":23},"region_attributes":{"Type":"1","count":"2"}},{"shape_attributes":{"name":"rect","x":544,"y":264,"width":23,"height":23},"region_attributes":{"Type":"1","count":"2"}},{"shape_attributes":{"name":"rect","x":465,"y":211,"width":23,"height":23},"region_attributes":{"Type":"1","count":"2"}},{"shape_attributes":{"name":"rect","x":636,"y":134,"width":23,"height":23},"region_attributes":{"Type":"1","count":"2"}},{"shape_attributes":{"name":"rect","x":677,"y":287,"width":23,"height":23},"region_attributes":{"Type":"1","count":"2"}},{"shape_attributes":{"name":"rect","x":214,"y":196,"width":23,"height":23},"region_attributes":{"Type":"1","count":"2"}},{"shape_attributes":{"name":"rect","x":347,"y":235,"width":24,"height":23},"region_attributes":{"Type":"1","count":"18"}},{"shape_attributes":{"name":"rect","x":332,"y":207,"width":25,"height":28},"region_attributes":{"Type":"1","count":"11"}},{"shape_attributes":{"name":"rect","x":303,"y":230,"width":22,"height":25},"region_attributes":{"Type":"1","count":"3"}},{"shape_attributes":{"name":"rect","x":172,"y":227,"width":20,"height":15},"region_attributes":{"Type":"1","count":"3"}},{"shape_attributes":{"name":"rect","x":170,"y":200,"width":19,"height":21},"region_attributes":{"Type":"2","count":"1"}},{"shape_attributes":{"name":"rect","x":515,"y":257,"width":18,"height":14},"region_attributes":{"Type":"1","count":"8"}},{"shape_attributes":{"name":"rect","x":549,"y":212,"width":17,"height":23},"region_attributes":{"Type":"2","count":"1"}},{"shape_attributes":{"name":"rect","x":681,"y":169,"width":19,"height":21},"region_attributes":{"Type":"2","count":"1"}},{"shape_attributes":{"name":"rect","x":650,"y":165,"width":26,"height":30},"region_attributes":{"Type":"1","count":"4"}},{"shape_attributes":{"name":"rect","x":622,"y":193,"width":25,"height":21},"region_attributes":{"Type":"2","count":"2"}},{"shape_attributes":{"name":"rect","x":634,"y":226,"width":11,"height":18},"region_attributes":{"Type":"1","count":"6"}},{"shape_attributes":{"name":"rect","x":614,"y":270,"width":23,"height":19},"region_attributes":{"Type":"2","count":"1"}},{"shape_attributes":{"name":"rect","x":588,"y":259,"width":20,"height":14},"region_attributes":{"Type":"2","count":"1"}},{"shape_attributes":{"name":"rect","x":641,"y":290,"width":16,"height":27},"region_attributes":{"Type":"1","count":"3"}},{"shape_attributes":{"name":"rect","x":563,"y":317,"width":18,"height":20},"region_attributes":{"Type":"2","count":"2"}},{"shape_attributes":{"name":"rect","x":563,"y":348,"width":17,"height":17},"region_attributes":{"Type":"1","count":"11"}},{"shape_attributes":{"name":"rect","x":547,"y":350,"width":17,"height":15},"region_attributes":{"Type":"2","count":"3"}},{"shape_attributes":{"name":"rect","x":597,"y":196,"width":17,"height":18},"region_attributes":{"Type":"1","count":"3"}}],"file_attributes":{"date":"2021-05-27","temp":"59","rain":"2","neighborhood":"City Center","total_count":""}},"https://drive.google.com/uc?export=view&id=1XHcELSmWLCUGqZa0HQ7lez2UoYwbwBET\n":{"filename":"https://drive.google.com/uc?export=view&id=1XHcELSmWLCUGqZa0HQ7lez2UoYwbwBET\n","size":-1,"regions":[{"shape_attributes":{"name":"rect","x":184,"y":164,"width":17,"height":24},"region_attributes":{"Type":"1","count":"5"}},{"shape_attributes":{"name":"rect","x":172,"y":196,"width":20,"height":21},"region_attributes":{"Type":"1","count":"14"}},{"shape_attributes":{"name":"rect","x":177,"y":229,"width":21,"height":20},"region_attributes":{"Type":"2","count":"2"}},{"shape_attributes":{"name":"rect","x":195,"y":195,"width":19,"height":18},"region_attributes":{"Type":"2","count":"4"}},{"shape_attributes":{"name":"rect","x":352,"y":166,"width":21,"height":22},"region_attributes":{"Type":"2","count":"1"}},{"shape_attributes":{"name":"rect","x":338,"y":202,"width":20,"height":24},"region_attributes":{"Type":"1","count":"15"}},{"shape_attributes":{"name":"rect","x":340,"y":235,"width":23,"height":15},"region_attributes":{"Type":"1","count":"27"}},{"shape_attributes":{"name":"rect","x":365,"y":231,"width":21,"height":14},"region_attributes":{"Type":"2","count":"1"}},{"shape_attributes":{"name":"rect","x":356,"y":195,"width":20,"height":13},"region_attributes":{"Type":"1","count":"2"}},{"shape_attributes":{"name":"rect","x":316,"y":242,"width":24,"height":26},"region_attributes":{"Type":"1","count":"2"}},{"shape_attributes":{"name":"rect","x":610,"y":202,"width":24,"height":26},"region_attributes":{"Type":"1","count":"2"}},{"shape_attributes":{"name":"rect","x":314,"y":312,"width":20,"height":26},"region_attributes":{"Type":"1","count":"2"}},{"shape_attributes":{"name":"rect","x":703,"y":221,"width":24,"height":26},"region_attributes":{"Type":"1","count":"2"}},{"shape_attributes":{"name":"rect","x":282,"y":195,"width":17,"height":18},"region_attributes":{"Type":"1","count":"1"}},{"shape_attributes":{"name":"rect","x":448,"y":173,"width":17,"height":18},"region_attributes":{"Type":"1","count":"1"}},{"shape_attributes":{"name":"rect","x":431,"y":281,"width":17,"height":18},"region_attributes":{"Type":"1","count":"1"}},{"shape_attributes":{"name":"rect","x":478,"y":288,"width":17,"height":18},"region_attributes":{"Type":"1","count":"1"}},{"shape_attributes":{"name":"rect","x":562,"y":198,"width":17,"height":18},"region_attributes":{"Type":"1","count":"1"}},{"shape_attributes":{"name":"rect","x":640,"y":138,"width":17,"height":18},"region_attributes":{"Type":"1","count":"1"}},{"shape_attributes":{"name":"rect","x":693,"y":171,"width":17,"height":18},"region_attributes":{"Type":"1","count":"1"}},{"shape_attributes":{"name":"rect","x":683,"y":223,"width":17,"height":18},"region_attributes":{"Type":"1","count":"1"}},{"shape_attributes":{"name":"rect","x":700,"y":254,"width":17,"height":18},"region_attributes":{"Type":"1","count":"1"}},{"shape_attributes":{"name":"rect","x":686,"y":257,"width":17,"height":18},"region_attributes":{"Type":"1","count":"1"}},{"shape_attributes":{"name":"rect","x":680,"y":277,"width":17,"height":18},"region_attributes":{"Type":"1","count":"1"}},{"shape_attributes":{"name":"rect","x":294,"y":229,"width":17,"height":18},"region_attributes":{"Type":"1","count":"1"}},{"shape_attributes":{"name":"rect","x":482,"y":139,"width":19,"height":20},"region_attributes":{"Type":"2","count":"1"}},{"shape_attributes":{"name":"rect","x":471,"y":161,"width":13,"height":19},"region_attributes":{"Type":"1","count":"5"}},{"shape_attributes":{"name":"rect","x":554,"y":326,"width":16,"height":14},"region_attributes":{"Type":"2","count":"7"}},{"shape_attributes":{"name":"rect","x":352,"y":255,"width":18,"height":15},"region_attributes":{"Type":"1","count":"3"}},{"shape_attributes":{"name":"rect","x":550,"y":230,"width":16,"height":15},"region_attributes":{"Type":"1","count":"2"}},{"shape_attributes":{"name":"rect","x":556,"y":256,"width":16,"height":20},"region_attributes":{"Type":"1","count":"4"}},{"shape_attributes":{"name":"rect","x":579,"y":254,"width":11,"height":19},"region_attributes":{"Type":"2","count":"1"}},{"shape_attributes":{"name":"rect","x":597,"y":256,"width":13,"height":16},"region_attributes":{"Type":"1","count":"1"}},{"shape_attributes":{"name":"rect","x":617,"y":256,"width":13,"height":9},"region_attributes":{"Type":"2","count":"1"}},{"shape_attributes":{"name":"rect","x":616,"y":277,"width":18,"height":17},"region_attributes":{"Type":"2","count":"1"}},{"shape_attributes":{"name":"rect","x":659,"y":286,"width":16,"height":23},"region_attributes":{"Type":"1","count":"3"}},{"shape_attributes":{"name":"rect","x":563,"y":346,"width":14,"height":19},"region_attributes":{"Type":"1","count":"8"}},{"shape_attributes":{"name":"rect","x":575,"y":320,"width":20,"height":20},"region_attributes":{"Type":"1","count":"4"}},{"shape_attributes":{"name":"rect","x":578,"y":344,"width":22,"height":19},"region_attributes":{"Type":"2","count":"1"}}],"file_attributes":{"date":"","temp":"","rain":"2","neighborhood":"City Center","total_count":""}},"https://drive.google.com/uc?export=view&id=1oFE1MChhntKGyV3rTDH9OGSiNFGksDDo\n":{"filename":"https://drive.google.com/uc?export=view&id=1oFE1MChhntKGyV3rTDH9OGSiNFGksDDo\n","size":-1,"regions":[{"shape_attributes":{"name":"rect","x":220,"y":215,"width":22,"height":24},"region_attributes":{"Type":"1","count":"1"}},{"shape_attributes":{"name":"rect","x":264,"y":225,"width":22,"height":24},"region_attributes":{"Type":"1","count":"1"}},{"shape_attributes":{"name":"rect","x":253,"y":251,"width":22,"height":24},"region_attributes":{"Type":"1","count":"1"}},{"shape_attributes":{"name":"rect","x":251,"y":285,"width":22,"height":24},"region_attributes":{"Type":"1","count":"1"}},{"shape_attributes":{"name":"rect","x":257,"y":317,"width":22,"height":24},"region_attributes":{"Type":"1","count":"1"}},{"shape_attributes":{"name":"rect","x":297,"y":286,"width":22,"height":24},"region_attributes":{"Type":"1","count":"1"}},{"shape_attributes":{"name":"rect","x":296,"y":353,"width":22,"height":24},"region_attributes":{"Type":"1","count":"1"}},{"shape_attributes":{"name":"rect","x":302,"y":155,"width":22,"height":24},"region_attributes":{"Type":"1","count":"1"}},{"shape_attributes":{"name":"rect","x":306,"y":184,"width":23,"height":28},"region_attributes":{"Type":"1","count":"1"}},{"shape_attributes":{"name":"rect","x":327,"y":143,"width":22,"height":24},"region_attributes":{"Type":"1","count":"1"}},{"shape_attributes":{"name":"rect","x":346,"y":129,"width":22,"height":24},"region_attributes":{"Type":"1","count":"1"}},{"shape_attributes":{"name":"rect","x":377,"y":132,"width":22,"height":24},"region_attributes":{"Type":"1","count":"1"}},{"shape_attributes":{"name":"rect","x":412,"y":164,"width":22,"height":24},"region_attributes":{"Type":"1","count":"1"}},{"shape_attributes":{"name":"rect","x":357,"y":167,"width":22,"height":24},"region_attributes":{"Type":"1","count":"1"}},{"shape_attributes":{"name":"rect","x":393,"y":251,"width":22,"height":24},"region_attributes":{"Type":"1","count":"1"}},{"shape_attributes":{"name":"rect","x":414,"y":271,"width":22,"height":24},"region_attributes":{"Type":"1","count":"1"}},{"shape_attributes":{"name":"rect","x":350,"y":341,"width":22,"height":24},"region_attributes":{"Type":"1","count":"1"}},{"shape_attributes":{"name":"rect","x":449,"y":257,"width":22,"height":24},"region_attributes":{"Type":"1","count":"1"}},{"shape_attributes":{"name":"rect","x":428,"y":290,"width":22,"height":24},"region_attributes":{"Type":"1","count":"1"}},{"shape_attributes":{"name":"rect","x":597,"y":132,"width":22,"height":24},"region_attributes":{"Type":"1","count":"1"}},{"shape_attributes":{"name":"rect","x":591,"y":167,"width":22,"height":24},"region_attributes":{"Type":"1","count":"1"}},{"shape_attributes":{"name":"rect","x":588,"y":187,"width":22,"height":24},"region_attributes":{"Type":"1","count":"1"}},{"shape_attributes":{"name":"rect","x":655,"y":128,"width":22,"height":24},"region_attributes":{"Type":"1","count":"1"}},{"shape_attributes":{"name":"rect","x":626,"y":149,"width":22,"height":24},"region_attributes":{"Type":"1","count":"1"}},{"shape_attributes":{"name":"rect","x":632,"y":163,"width":22,"height":24},"region_attributes":{"Type":"1","count":"1"}},{"shape_attributes":{"name":"rect","x":682,"y":227,"width":22,"height":24},"region_attributes":{"Type":"1","count":"1"}},{"shape_attributes":{"name":"rect","x":633,"y":198,"width":22,"height":24},"region_attributes":{"Type":"1","count":"1"}},{"shape_attributes":{"name":"rect","x":676,"y":159,"width":22,"height":24},"region_attributes":{"Type":"1","count":"1"}},{"shape_attributes":{"name":"rect","x":678,"y":281,"width":22,"height":24},"region_attributes":{"Type":"1","count":"1"}},{"shape_attributes":{"name":"rect","x":681,"y":305,"width":22,"height":24},"region_attributes":{"Type":"1","count":"1"}},{"shape_attributes":{"name":"rect","x":677,"y":346,"width":22,"height":24},"region_attributes":{"Type":"1","count":"1"}},{"shape_attributes":{"name":"rect","x":618,"y":341,"width":22,"height":24},"region_attributes":{"Type":"1","count":"1"}},{"shape_attributes":{"name":"rect","x":572,"y":307,"width":22,"height":24},"region_attributes":{"Type":"1","count":"1"}},{"shape_attributes":{"name":"rect","x":520,"y":328,"width":22,"height":24},"region_attributes":{"Type":"1","count":"1"}},{"shape_attributes":{"name":"rect","x":359,"y":195,"width":22,"height":24},"region_attributes":{"Type":"1","count":"1"}},{"shape_attributes":{"name":"rect","x":337,"y":171,"width":22,"height":24},"region_attributes":{"Type":"2","count":"1"}},{"shape_attributes":{"name":"rect","x":246,"y":160,"width":22,"height":24},"region_attributes":{"Type":"1","count":"1"}},{"shape_attributes":{"name":"rect","x":342,"y":197,"width":14,"height":26},"region_attributes":{"Type":"2","count":"1"}},{"shape_attributes":{"name":"rect","x":305,"y":210,"width":19,"height":23},"region_attributes":{"Type":"1","count":"3"}},{"shape_attributes":{"name":"rect","x":552,"y":318,"width":16,"height":22},"region_attributes":{"Type":"2","count":"2"}},{"shape_attributes":{"name":"rect","x":546,"y":341,"width":16,"height":12},"region_attributes":{"Type":"1","count":"1"}},{"shape_attributes":{"name":"rect","x":558,"y":356,"width":17,"height":14},"region_attributes":{"Type":"1","count":"15"}},{"shape_attributes":{"name":"rect","x":574,"y":339,"width":12,"height":18},"region_attributes":{"Type":"1","count":"3"}},{"shape_attributes":{"name":"rect","x":599,"y":253,"width":16,"height":17},"region_attributes":{"Type":"2","count":"3"}},{"shape_attributes":{"name":"rect","x":615,"y":199,"width":13,"height":14},"region_attributes":{"Type":"1","count":"3"}},{"shape_attributes":{"name":"rect","x":615,"y":279,"width":16,"height":23},"region_attributes":{"Type":"2","count":"1"}},{"shape_attributes":{"name":"rect","x":591,"y":271,"width":19,"height":23},"region_attributes":{"Type":"2","count":"4"}},{"shape_attributes":{"name":"rect","x":635,"y":219,"width":22,"height":15},"region_attributes":{"Type":"2","count":"1"}},{"shape_attributes":{"name":"rect","x":649,"y":286,"width":17,"height":22},"region_attributes":{"Type":"1","count":"2"}},{"shape_attributes":{"name":"rect","x":470,"y":233,"width":23,"height":20},"region_attributes":{"Type":"1","count":"2"}},{"shape_attributes":{"name":"rect","x":439,"y":135,"width":18,"height":24},"region_attributes":{"Type":"1","count":"3"}},{"shape_attributes":{"name":"rect","x":341,"y":260,"width":15,"height":16},"region_attributes":{"Type":"1","count":"2"}},{"shape_attributes":{"name":"rect","x":338,"y":236,"width":25,"height":18},"region_attributes":{"Type":"1","count":"12"}},{"shape_attributes":{"name":"rect","x":375,"y":260,"width":18,"height":21},"region_attributes":{"Type":"2","count":"1"}}],"file_attributes":{"date":"2021-07-30","temp":"66","rain":"2","neighborhood":"City Center","total_count":""}},"https://drive.google.com/uc?export=view&id=1TPcrSFjPgEr553QdR933vFd8-C7pmzuV\n":{"filename":"https://drive.google.com/uc?export=view&id=1TPcrSFjPgEr553QdR933vFd8-C7pmzuV\n","size":-1,"regions":[{"shape_attributes":{"name":"rect","x":192,"y":271,"width":20,"height":27},"region_attributes":{"Type":"1","count":"1"}},{"shape_attributes":{"name":"rect","x":250,"y":268,"width":20,"height":27},"region_attributes":{"Type":"1","count":"1"}},{"shape_attributes":{"name":"rect","x":295,"y":342,"width":21,"height":27},"region_attributes":{"Type":"1","count":"1"}},{"shape_attributes":{"name":"rect","x":354,"y":336,"width":20,"height":27},"region_attributes":{"Type":"1","count":"1"}},{"shape_attributes":{"name":"rect","x":238,"y":387,"width":20,"height":27},"region_attributes":{"Type":"1","count":"1"}},{"shape_attributes":{"name":"rect","x":292,"y":206,"width":20,"height":27},"region_attributes":{"Type":"1","count":"1"}},{"shape_attributes":{"name":"rect","x":264,"y":216,"width":20,"height":27},"region_attributes":{"Type":"1","count":"1"}},{"shape_attributes":{"name":"rect","x":337,"y":146,"width":20,"height":27},"region_attributes":{"Type":"1","count":"1"}},{"shape_attributes":{"name":"rect","x":348,"y":248,"width":20,"height":27},"region_attributes":{"Type":"1","count":"1"}},{"shape_attributes":{"name":"rect","x":396,"y":231,"width":20,"height":27},"region_attributes":{"Type":"1","count":"1"}},{"shape_attributes":{"name":"rect","x":400,"y":275,"width":20,"height":27},"region_attributes":{"Type":"1","count":"1"}},{"shape_attributes":{"name":"rect","x":151,"y":392,"width":20,"height":27},"region_attributes":{"Type":"1","count":"1"}},{"shape_attributes":{"name":"rect","x":478,"y":273,"width":20,"height":27},"region_attributes":{"Type":"1","count":"1"}},{"shape_attributes":{"name":"rect","x":536,"y":177,"width":20,"height":27},"region_attributes":{"Type":"1","count":"1"}},{"shape_attributes":{"name":"rect","x":530,"y":291,"width":20,"height":27},"region_attributes":{"Type":"1","count":"1"}},{"shape_attributes":{"name":"rect","x":536,"y":322,"width":20,"height":27},"region_attributes":{"Type":"1","count":"1"}},{"shape_attributes":{"name":"rect","x":611,"y":141,"width":20,"height":27},"region_attributes":{"Type":"1","count":"1"}},{"shape_attributes":{"name":"rect","x":725,"y":72,"width":20,"height":27},"region_attributes":{"Type":"1","count":"1"}},{"shape_attributes":{"name":"rect","x":728,"y":100,"width":20,"height":27},"region_attributes":{"Type":"1","count":"1"}},{"shape_attributes":{"name":"rect","x":698,"y":114,"width":20,"height":27},"region_attributes":{"Type":"1","count":"1"}},{"shape_attributes":{"name":"rect","x":610,"y":221,"width":20,"height":27},"region_attributes":{"Type":"1","count":"1"}},{"shape_attributes":{"name":"rect","x":732,"y":175,"width":20,"height":27},"region_attributes":{"Type":"1","count":"1"}},{"shape_attributes":{"name":"rect","x":734,"y":205,"width":20,"height":27},"region_attributes":{"Type":"1","count":"1"}},{"shape_attributes":{"name":"rect","x":690,"y":195,"width":20,"height":27},"region_attributes":{"Type":"1","count":"1"}},{"shape_attributes":{"name":"rect","x":698,"y":276,"width":21,"height":27},"region_attributes":{"Type":"1","count":"1"}},{"shape_attributes":{"name":"rect","x":172,"y":143,"width":20,"height":27},"region_attributes":{"Type":"1","count":"1"}},{"shape_attributes":{"name":"rect","x":728,"y":309,"width":20,"height":27},"region_attributes":{"Type":"1","count":"1"}},{"shape_attributes":{"name":"rect","x":151,"y":154,"width":22,"height":19},"region_attributes":{"Type":"2","count":"2"}},{"shape_attributes":{"name":"rect","x":149,"y":182,"width":22,"height":13},"region_attributes":{"Type":"2","count":"5"}},{"shape_attributes":{"name":"rect","x":175,"y":177,"width":11,"height":17},"region_attributes":{"Type":"1","count":"3"}},{"shape_attributes":{"name":"rect","x":143,"y":207,"width":29,"height":24},"region_attributes":{"Type":"1","count":"7"}},{"shape_attributes":{"name":"rect","x":152,"y":336,"width":15,"height":19},"region_attributes":{"Type":"2","count":"1"}},{"shape_attributes":{"name":"rect","x":306,"y":242,"width":10,"height":19},"region_attributes":{"Type":"1","count":"4"}},{"shape_attributes":{"name":"rect","x":212,"y":243,"width":23,"height":18},"region_attributes":{"Type":"1","count":"3"}},{"shape_attributes":{"name":"rect","x":334,"y":193,"width":33,"height":41},"region_attributes":{"Type":"1","count":"30"}},{"shape_attributes":{"name":"rect","x":315,"y":174,"width":14,"height":13},"region_attributes":{"Type":"1","count":""}},{"shape_attributes":{"name":"rect","x":358,"y":140,"width":12,"height":22},"region_attributes":{"Type":"2","count":"1"}},{"shape_attributes":{"name":"rect","x":716,"y":149,"width":14,"height":17},"region_attributes":{"Type":"2","count":"1"}},{"shape_attributes":{"name":"rect","x":633,"y":181,"width":19,"height":20},"region_attributes":{"Type":"1","count":"2"}},{"shape_attributes":{"name":"rect","x":710,"y":174,"width":16,"height":21},"region_attributes":{"Type":"1","count":"3"}},{"shape_attributes":{"name":"rect","x":565,"y":182,"width":19,"height":24},"region_attributes":{"Type":"2","count":"2"}},{"shape_attributes":{"name":"rect","x":563,"y":312,"width":18,"height":20},"region_attributes":{"Type":"2","count":"2"}},{"shape_attributes":{"name":"rect","x":587,"y":259,"width":20,"height":29},"region_attributes":{"Type":"2","count":"4"}},{"shape_attributes":{"name":"rect","x":601,"y":320,"width":8,"height":21},"region_attributes":{"Type":"3","count":"2"}},{"shape_attributes":{"name":"rect","x":589,"y":327,"width":13,"height":23},"region_attributes":{"Type":"1","count":"6"}},{"shape_attributes":{"name":"rect","x":565,"y":337,"width":39,"height":24},"region_attributes":{"Type":"1","count":"4"}},{"shape_attributes":{"name":"rect","x":666,"y":329,"width":28,"height":18},"region_attributes":{"Type":"1","count":"2"}},{"shape_attributes":{"name":"rect","x":617,"y":283,"width":30,"height":15},"region_attributes":{"Type":"1","count":"3"}},{"shape_attributes":{"name":"rect","x":722,"y":266,"width":11,"height":23},"region_attributes":{"Type":"1","count":"4"}},{"shape_attributes":{"name":"rect","x":387,"y":258,"width":11,"height":20},"region_attributes":{"Type":"1","count":"2"}},{"shape_attributes":{"name":"rect","x":635,"y":240,"width":13,"height":19},"region_attributes":{"Type":"2","count":"1"}},{"shape_attributes":{"name":"rect","x":709,"y":217,"width":8,"height":15},"region_attributes":{"Type":"1","count":"2"}}],"file_attributes":{"date":"2021-08-27","temp":"70","rain":"2","neighborhood":"City Center","total_count":""}},"https://drive.google.com/uc?export=view&id=1DjUZoFEg_hAagWyrG_sNkC7FnmL7LJcR\n":{"filename":"https://drive.google.com/uc?export=view&id=1DjUZoFEg_hAagWyrG_sNkC7FnmL7LJcR\n","size":-1,"regions":[{"shape_attributes":{"name":"rect","x":211,"y":316,"width":27,"height":30},"region_attributes":{"Type":"1","count":"1"}},{"shape_attributes":{"name":"rect","x":239,"y":275,"width":27,"height":30},"region_attributes":{"Type":"1","count":"1"}},{"shape_attributes":{"name":"rect","x":253,"y":258,"width":27,"height":30},"region_attributes":{"Type":"1","count":"1"}},{"shape_attributes":{"name":"rect","x":298,"y":254,"width":27,"height":30},"region_attributes":{"Type":"1","count":"1"}},{"shape_attributes":{"name":"rect","x":242,"y":362,"width":27,"height":30},"region_attributes":{"Type":"1","count":"1"}},{"shape_attributes":{"name":"rect","x":346,"y":274,"width":27,"height":30},"region_attributes":{"Type":"1","count":"1"}},{"shape_attributes":{"name":"rect","x":337,"y":253,"width":27,"height":30},"region_attributes":{"Type":"1","count":"1"}},{"shape_attributes":{"name":"rect","x":397,"y":285,"width":27,"height":30},"region_attributes":{"Type":"1","count":"1"}},{"shape_attributes":{"name":"rect","x":367,"y":280,"width":27,"height":30},"region_attributes":{"Type":"1","count":"1"}},{"shape_attributes":{"name":"rect","x":361,"y":262,"width":27,"height":30},"region_attributes":{"Type":"1","count":"1"}},{"shape_attributes":{"name":"rect","x":519,"y":209,"width":27,"height":30},"region_attributes":{"Type":"1","count":"1"}},{"shape_attributes":{"name":"rect","x":599,"y":153,"width":27,"height":30},"region_attributes":{"Type":"1","count":"1"}},{"shape_attributes":{"name":"rect","x":574,"y":189,"width":27,"height":30},"region_attributes":{"Type":"1","count":"1"}},{"shape_attributes":{"name":"rect","x":468,"y":336,"width":27,"height":30},"region_attributes":{"Type":"1","count":"1"}},{"shape_attributes":{"name":"rect","x":654,"y":247,"width":27,"height":30},"region_attributes":{"Type":"1","count":"1"}},{"shape_attributes":{"name":"rect","x":694,"y":229,"width":27,"height":30},"region_attributes":{"Type":"1","count":"1"}},{"shape_attributes":{"name":"rect","x":667,"y":224,"width":27,"height":30},"region_attributes":{"Type":"1","count":"1"}},{"shape_attributes":{"name":"rect","x":597,"y":285,"width":27,"height":30},"region_attributes":{"Type":"1","count":"1"}},{"shape_attributes":{"name":"rect","x":619,"y":246,"width":27,"height":30},"region_attributes":{"Type":"1","count":"1"}},{"shape_attributes":{"name":"rect","x":563,"y":253,"width":27,"height":30},"region_attributes":{"Type":"1","count":"1"}},{"shape_attributes":{"name":"rect","x":531,"y":306,"width":34,"height":29},"region_attributes":{"Type":"1","count":"1"}},{"shape_attributes":{"name":"rect","x":327,"y":147,"width":27,"height":30},"region_attributes":{"Type":"1","count":"2"}},{"shape_attributes":{"name":"rect","x":251,"y":218,"width":27,"height":30},"region_attributes":{"Type":"1","count":"1"}},{"shape_attributes":{"name":"rect","x":356,"y":183,"width":18,"height":25},"region_attributes":{"Type":"2","count":"1"}},{"shape_attributes":{"name":"rect","x":333,"y":186,"width":19,"height":16},"region_attributes":{"Type":"2","count":"1"}},{"shape_attributes":{"name":"rect","x":333,"y":205,"width":16,"height":11},"region_attributes":{"Type":"1","count":"9"}},{"shape_attributes":{"name":"rect","x":290,"y":221,"width":14,"height":20},"region_attributes":{"Type":"1","count":"5"}},{"shape_attributes":{"name":"rect","x":310,"y":219,"width":18,"height":19},"region_attributes":{"Type":"1","count":"3"}},{"shape_attributes":{"name":"rect","x":346,"y":222,"width":22,"height":18},"region_attributes":{"Type":"1","count":"12"}},{"shape_attributes":{"name":"rect","x":377,"y":209,"width":27,"height":14},"region_attributes":{"Type":"2","count":"1"}},{"shape_attributes":{"name":"rect","x":388,"y":247,"width":17,"height":20},"region_attributes":{"Type":"1","count":"3"}},{"shape_attributes":{"name":"rect","x":542,"y":332,"width":21,"height":26},"region_attributes":{"Type":"1","count":"2"}},{"shape_attributes":{"name":"rect","x":660,"y":329,"width":21,"height":26},"region_attributes":{"Type":"1","count":"2"}},{"shape_attributes":{"name":"rect","x":607,"y":202,"width":21,"height":26},"region_attributes":{"Type":"1","count":"2"}},{"shape_attributes":{"name":"rect","x":524,"y":244,"width":21,"height":26},"region_attributes":{"Type":"1","count":"2"}},{"shape_attributes":{"name":"rect","x":556,"y":217,"width":21,"height":26},"region_attributes":{"Type":"1","count":"2"}},{"shape_attributes":{"name":"rect","x":473,"y":219,"width":21,"height":26},"region_attributes":{"Type":"1","count":"2"}},{"shape_attributes":{"name":"rect","x":476,"y":279,"width":25,"height":23},"region_attributes":{"Type":"1","count":"3"}},{"shape_attributes":{"name":"rect","x":641,"y":194,"width":17,"height":22},"region_attributes":{"Type":"2","count":"1"}},{"shape_attributes":{"name":"rect","x":569,"y":334,"width":18,"height":27},"region_attributes":{"Type":"2","count":"4"}},{"shape_attributes":{"name":"rect","x":561,"y":297,"width":17,"height":35},"region_attributes":{"Type":"1","count":"3"}},{"shape_attributes":{"name":"rect","x":698,"y":199,"width":18,"height":18},"region_attributes":{"Type":"2","count":"1"}},{"shape_attributes":{"name":"rect","x":216,"y":278,"width":25,"height":21},"region_attributes":{"Type":"1","count":"2"}}],"file_attributes":{"date":"2021-09-30","temp":"66","rain":"2","neighborhood":"City Center","total_count":""}},"https://drive.google.com/uc?export=view&id=1Nk2roOnNWz_zJGq_kr6RMLkt8WC1kDLP\n":{"filename":"https://drive.google.com/uc?export=view&id=1Nk2roOnNWz_zJGq_kr6RMLkt8WC1kDLP\n","size":-1,"regions":[{"shape_attributes":{"name":"rect","x":227,"y":92,"width":19,"height":19},"region_attributes":{"Type":"1","count":"1"}},{"shape_attributes":{"name":"rect","x":254,"y":188,"width":19,"height":19},"region_attributes":{"Type":"1","count":"1"}},{"shape_attributes":{"name":"rect","x":275,"y":148,"width":19,"height":19},"region_attributes":{"Type":"1","count":"1"}},{"shape_attributes":{"name":"rect","x":428,"y":127,"width":19,"height":19},"region_attributes":{"Type":"1","count":"1"}},{"shape_attributes":{"name":"rect","x":667,"y":279,"width":21,"height":19},"region_attributes":{"Type":"1","count":"1"}},{"shape_attributes":{"name":"rect","x":282,"y":234,"width":19,"height":19},"region_attributes":{"Type":"1","count":"1"}},{"shape_attributes":{"name":"rect","x":320,"y":224,"width":19,"height":19},"region_attributes":{"Type":"1","count":"1"}},{"shape_attributes":{"name":"rect","x":488,"y":173,"width":19,"height":19},"region_attributes":{"Type":"1","count":"1"}},{"shape_attributes":{"name":"rect","x":480,"y":270,"width":19,"height":19},"region_attributes":{"Type":"1","count":"1"}},{"shape_attributes":{"name":"rect","x":491,"y":227,"width":19,"height":19},"region_attributes":{"Type":"1","count":"1"}},{"shape_attributes":{"name":"rect","x":556,"y":168,"width":19,"height":19},"region_attributes":{"Type":"1","count":"1"}},{"shape_attributes":{"name":"rect","x":652,"y":149,"width":19,"height":19},"region_attributes":{"Type":"1","count":"1"}},{"shape_attributes":{"name":"rect","x":516,"y":199,"width":19,"height":19},"region_attributes":{"Type":"1","count":"1"}},{"shape_attributes":{"name":"rect","x":672,"y":232,"width":19,"height":19},"region_attributes":{"Type":"1","count":"1"}},{"shape_attributes":{"name":"rect","x":622,"y":224,"width":19,"height":19},"region_attributes":{"Type":"1","count":"1"}},{"shape_attributes":{"name":"rect","x":129,"y":88,"width":19,"height":19},"region_attributes":{"Type":"1","count":"1"}},{"shape_attributes":{"name":"rect","x":132,"y":113,"width":19,"height":7},"region_attributes":{"Type":"2","count":"1"}},{"shape_attributes":{"name":"rect","x":129,"y":133,"width":18,"height":16},"region_attributes":{"Type":"1","count":"2"}},{"shape_attributes":{"name":"rect","x":150,"y":129,"width":12,"height":12},"region_attributes":{"Type":"2","count":"2"}},{"shape_attributes":{"name":"rect","x":149,"y":157,"width":12,"height":12},"region_attributes":{"Type":"2","count":"2"}},{"shape_attributes":{"name":"rect","x":135,"y":156,"width":12,"height":16},"region_attributes":{"Type":"1","count":"4"}},{"shape_attributes":{"name":"rect","x":130,"y":176,"width":16,"height":11},"region_attributes":{"Type":"1","count":"2"}},{"shape_attributes":{"name":"rect","x":134,"y":193,"width":23,"height":15},"region_attributes":{"Type":"2","count":"4"}},{"shape_attributes":{"name":"rect","x":181,"y":239,"width":20,"height":25},"region_attributes":{"Type":"1","count":"2"}},{"shape_attributes":{"name":"rect","x":358,"y":216,"width":19,"height":21},"region_attributes":{"Type":"1","count":"2"}},{"shape_attributes":{"name":"rect","x":330,"y":172,"width":8,"height":16},"region_attributes":{"Type":"1","count":"2"}},{"shape_attributes":{"name":"rect","x":306,"y":161,"width":11,"height":13},"region_attributes":{"Type":"1","count":"2"}},{"shape_attributes":{"name":"rect","x":309,"y":183,"width":12,"height":8},"region_attributes":{"Type":"2","count":"1"}},{"shape_attributes":{"name":"rect","x":314,"y":190,"width":22,"height":12},"region_attributes":{"Type":"1","count":"17"}},{"shape_attributes":{"name":"rect","x":271,"y":218,"width":10,"height":16},"region_attributes":{"Type":"1","count":"3"}},{"shape_attributes":{"name":"rect","x":279,"y":170,"width":14,"height":14},"region_attributes":{"Type":"3","count":"1"}},{"shape_attributes":{"name":"rect","x":430,"y":246,"width":18,"height":27},"region_attributes":{"Type":"1","count":"5"}},{"shape_attributes":{"name":"rect","x":538,"y":227,"width":14,"height":16},"region_attributes":{"Type":"1","count":"3"}},{"shape_attributes":{"name":"rect","x":519,"y":162,"width":13,"height":23},"region_attributes":{"Type":"2","count":"1"}},{"shape_attributes":{"name":"rect","x":537,"y":245,"width":18,"height":16},"region_attributes":{"Type":"2","count":"1"}},{"shape_attributes":{"name":"rect","x":536,"y":191,"width":17,"height":15},"region_attributes":{"Type":"3","count":"1"}},{"shape_attributes":{"name":"rect","x":519,"y":282,"width":13,"height":16},"region_attributes":{"Type":"1","count":"5"}},{"shape_attributes":{"name":"rect","x":515,"y":302,"width":14,"height":12},"region_attributes":{"Type":"2","count":"3"}},{"shape_attributes":{"name":"rect","x":520,"y":317,"width":21,"height":7},"region_attributes":{"Type":"1","count":"5"}},{"shape_attributes":{"name":"rect","x":540,"y":300,"width":12,"height":16},"region_attributes":{"Type":"1","count":"4"}},{"shape_attributes":{"name":"rect","x":616,"y":251,"width":12,"height":15},"region_attributes":{"Type":"1","count":"3"}},{"shape_attributes":{"name":"rect","x":652,"y":253,"width":11,"height":12},"region_attributes":{"Type":"1","count":"1"}},{"shape_attributes":{"name":"rect","x":650,"y":275,"width":15,"height":21},"region_attributes":{"Type":"1","count":"2"}},{"shape_attributes":{"name":"rect","x":656,"y":215,"width":14,"height":16},"region_attributes":{"Type":"1","count":"2"}},{"shape_attributes":{"name":"rect","x":671,"y":165,"width":8,"height":17},"region_attributes":{"Type":"2","count":"1"}},{"shape_attributes":{"name":"rect","x":657,"y":182,"width":27,"height":17},"region_attributes":{"Type":"1","count":"3"}},{"shape_attributes":{"name":"rect","x":607,"y":159,"width":14,"height":22},"region_attributes":{"Type":"1","count":"3"}},{"shape_attributes":{"name":"rect","x":601,"y":176,"width":16,"height":23},"region_attributes":{"Type":"2","count":"2"}},{"shape_attributes":{"name":"rect","x":582,"y":175,"width":8,"height":12},"region_attributes":{"Type":"1","count":"2"}}],"file_attributes":{"date":"","temp":"","rain":"2","neighborhood":"City Center","total_count":""}},"https://drive.google.com/uc?export=view&id=1CFjNNuZZ1Z26WcVPjN2N1pVdRJyCLpe1\n":{"filename":"https://drive.google.com/uc?export=view&id=1CFjNNuZZ1Z26WcVPjN2N1pVdRJyCLpe1\n","size":-1,"regions":[{"shape_attributes":{"name":"rect","x":157,"y":124,"width":18,"height":19},"region_attributes":{"Type":"1","count":"2"}},{"shape_attributes":{"name":"rect","x":159,"y":144,"width":16,"height":13},"region_attributes":{"Type":"2","count":"3"}},{"shape_attributes":{"name":"rect","x":224,"y":116,"width":16,"height":23},"region_attributes":{"Type":"1","count":"1"}},{"shape_attributes":{"name":"rect","x":305,"y":102,"width":16,"height":23},"region_attributes":{"Type":"1","count":"1"}},{"shape_attributes":{"name":"rect","x":290,"y":151,"width":16,"height":23},"region_attributes":{"Type":"1","count":"1"}},{"shape_attributes":{"name":"rect","x":223,"y":180,"width":16,"height":23},"region_attributes":{"Type":"1","count":"1"}},{"shape_attributes":{"name":"rect","x":221,"y":241,"width":16,"height":23},"region_attributes":{"Type":"1","count":"1"}},{"shape_attributes":{"name":"rect","x":443,"y":197,"width":16,"height":23},"region_attributes":{"Type":"1","count":"1"}},{"shape_attributes":{"name":"rect","x":383,"y":252,"width":14,"height":23},"region_attributes":{"Type":"1","count":"1"}},{"shape_attributes":{"name":"rect","x":395,"y":272,"width":16,"height":23},"region_attributes":{"Type":"1","count":"1"}},{"shape_attributes":{"name":"rect","x":410,"y":259,"width":16,"height":23},"region_attributes":{"Type":"1","count":"1"}},{"shape_attributes":{"name":"rect","x":442,"y":225,"width":16,"height":23},"region_attributes":{"Type":"1","count":"1"}},{"shape_attributes":{"name":"rect","x":436,"y":268,"width":16,"height":23},"region_attributes":{"Type":"1","count":"1"}},{"shape_attributes":{"name":"rect","x":477,"y":252,"width":16,"height":19},"region_attributes":{"Type":"1","count":"1"}},{"shape_attributes":{"name":"rect","x":546,"y":184,"width":16,"height":23},"region_attributes":{"Type":"1","count":"1"}},{"shape_attributes":{"name":"rect","x":525,"y":267,"width":16,"height":23},"region_attributes":{"Type":"1","count":"1"}},{"shape_attributes":{"name":"rect","x":567,"y":251,"width":15,"height":23},"region_attributes":{"Type":"1","count":"1"}},{"shape_attributes":{"name":"rect","x":567,"y":125,"width":16,"height":23},"region_attributes":{"Type":"1","count":"1"}},{"shape_attributes":{"name":"rect","x":182,"y":138,"width":16,"height":23},"region_attributes":{"Type":"1","count":"1"}},{"shape_attributes":{"name":"rect","x":343,"y":113,"width":36,"height":47},"region_attributes":{"Type":"1","count":"3"}},{"shape_attributes":{"name":"rect","x":714,"y":106,"width":10,"height":15},"region_attributes":{"Type":"1","count":"1"}},{"shape_attributes":{"name":"rect","x":734,"y":76,"width":24,"height":18},"region_attributes":{"Type":"1","count":"1"}},{"shape_attributes":{"name":"rect","x":724,"y":166,"width":23,"height":32},"region_attributes":{"Type":"1","count":"2"}},{"shape_attributes":{"name":"rect","x":727,"y":204,"width":20,"height":14},"region_attributes":{"Type":"2","count":"2"}},{"shape_attributes":{"name":"rect","x":715,"y":190,"width":11,"height":18},"region_attributes":{"Type":"1","count":"2"}},{"shape_attributes":{"name":"rect","x":174,"y":169,"width":20,"height":20},"region_attributes":{"Type":"2","count":"1"}},{"shape_attributes":{"name":"rect","x":153,"y":173,"width":20,"height":28},"region_attributes":{"Type":"1","count":"5"}},{"shape_attributes":{"name":"rect","x":156,"y":209,"width":20,"height":8},"region_attributes":{"Type":"2","count":"5"}},{"shape_attributes":{"name":"rect","x":253,"y":124,"width":17,"height":22},"region_attributes":{"Type":"1","count":"3"}},{"shape_attributes":{"name":"rect","x":247,"y":165,"width":20,"height":20},"region_attributes":{"Type":"1","count":"4"}},{"shape_attributes":{"name":"rect","x":282,"y":201,"width":27,"height":19},"region_attributes":{"Type":"1","count":"8"}},{"shape_attributes":{"name":"rect","x":319,"y":173,"width":19,"height":23},"region_attributes":{"Type":"1","count":"2"}},{"shape_attributes":{"name":"rect","x":345,"y":171,"width":14,"height":12},"region_attributes":{"Type":"1","count":"12"}},{"shape_attributes":{"name":"rect","x":340,"y":192,"width":14,"height":13},"region_attributes":{"Type":"2","count":"1"}},{"shape_attributes":{"name":"rect","x":344,"y":205,"width":27,"height":19},"region_attributes":{"Type":"1","count":"13"}},{"shape_attributes":{"name":"rect","x":366,"y":170,"width":13,"height":16},"region_attributes":{"Type":"1","count":"3"}},{"shape_attributes":{"name":"rect","x":438,"y":123,"width":18,"height":20},"region_attributes":{"Type":"1","count":"2"}},{"shape_attributes":{"name":"rect","x":367,"y":196,"width":18,"height":9},"region_attributes":{"Type":"2","count":"1"}},{"shape_attributes":{"name":"rect","x":684,"y":138,"width":20,"height":21},"region_attributes":{"Type":"1","count":"3"}},{"shape_attributes":{"name":"rect","x":734,"y":246,"width":14,"height":25},"region_attributes":{"Type":"1","count":"10"}},{"shape_attributes":{"name":"rect","x":706,"y":252,"width":15,"height":13},"region_attributes":{"Type":"1","count":"5"}},{"shape_attributes":{"name":"rect","x":708,"y":268,"width":11,"height":11},"region_attributes":{"Type":"2","count":"1"}},{"shape_attributes":{"name":"rect","x":706,"y":335,"width":20,"height":24},"region_attributes":{"Type":"1","count":"1"}},{"shape_attributes":{"name":"rect","x":677,"y":310,"width":19,"height":26},"region_attributes":{"Type":"1","count":"5"}},{"shape_attributes":{"name":"rect","x":621,"y":318,"width":22,"height":31},"region_attributes":{"Type":"1","count":"1"}},{"shape_attributes":{"name":"rect","x":601,"y":308,"width":11,"height":21},"region_attributes":{"Type":"1","count":"3"}},{"shape_attributes":{"name":"rect","x":575,"y":326,"width":9,"height":25},"region_attributes":{"Type":"1","count":"6"}},{"shape_attributes":{"name":"rect","x":591,"y":332,"width":15,"height":26},"region_attributes":{"Type":"2","count":"1"}},{"shape_attributes":{"name":"rect","x":690,"y":176,"width":12,"height":20},"region_attributes":{"Type":"1","count":"3"}},{"shape_attributes":{"name":"rect","x":675,"y":189,"width":20,"height":19},"region_attributes":{"Type":"2","count":"1"}},{"shape_attributes":{"name":"rect","x":636,"y":169,"width":23,"height":57},"region_attributes":{"Type":"1","count":"4"}},{"shape_attributes":{"name":"rect","x":597,"y":172,"width":14,"height":12},"region_attributes":{"Type":"1","count":"6"}},{"shape_attributes":{"name":"rect","x":572,"y":185,"width":11,"height":15},"region_attributes":{"Type":"1","count":"1"}},{"shape_attributes":{"name":"rect","x":582,"y":198,"width":10,"height":11},"region_attributes":{"Type":"3","count":"1"}},{"shape_attributes":{"name":"rect","x":619,"y":190,"width":15,"height":17},"region_attributes":{"Type":"1","count":"3"}},{"shape_attributes":{"name":"rect","x":590,"y":183,"width":18,"height":21},"region_attributes":{"Type":"2","count":"3"}},{"shape_attributes":{"name":"rect","x":615,"y":163,"width":23,"height":68},"region_attributes":{"Type":"1","count":"2"}},{"shape_attributes":{"name":"rect","x":529,"y":234,"width":14,"height":18},"region_attributes":{"Type":"1","count":"2"}},{"shape_attributes":{"name":"rect","x":290,"y":314,"width":19,"height":18},"region_attributes":{"Type":"1","count":"1"}}],"file_attributes":{"date":"2021-11-23","temp":"59","rain":"2","neighborhood":"City Center","total_count":""}},"https://drive.google.com/uc?export=view&id=1O5Lauo5EWQ60TcILmDn2QPdIUpLcFNzo\n":{"filename":"https://drive.google.com/uc?export=view&id=1O5Lauo5EWQ60TcILmDn2QPdIUpLcFNzo\n","size":-1,"regions":[{"shape_attributes":{"name":"rect","x":165,"y":135,"width":20,"height":19},"region_attributes":{"Type":"2","count":"1"}},{"shape_attributes":{"name":"rect","x":168,"y":307,"width":21,"height":20},"region_attributes":{"Type":"1","count":"1"}},{"shape_attributes":{"name":"rect","x":260,"y":322,"width":21,"height":20},"region_attributes":{"Type":"1","count":"1"}},{"shape_attributes":{"name":"rect","x":297,"y":364,"width":21,"height":20},"region_attributes":{"Type":"1","count":"1"}},{"shape_attributes":{"name":"rect","x":355,"y":370,"width":21,"height":20},"region_attributes":{"Type":"1","count":"1"}},{"shape_attributes":{"name":"rect","x":415,"y":126,"width":21,"height":20},"region_attributes":{"Type":"1","count":"1"}},{"shape_attributes":{"name":"rect","x":461,"y":144,"width":21,"height":20},"region_attributes":{"Type":"1","count":"1"}},{"shape_attributes":{"name":"rect","x":215,"y":216,"width":21,"height":20},"region_attributes":{"Type":"1","count":"1"}},{"shape_attributes":{"name":"rect","x":215,"y":242,"width":21,"height":20},"region_attributes":{"Type":"1","count":"1"}},{"shape_attributes":{"name":"rect","x":222,"y":254,"width":21,"height":20},"region_attributes":{"Type":"1","count":"1"}},{"shape_attributes":{"name":"rect","x":160,"y":175,"width":21,"height":0},"region_attributes":{"Type":"1","count":"1"}},{"shape_attributes":{"name":"rect","x":250,"y":246,"width":21,"height":20},"region_attributes":{"Type":"1","count":"1"}},{"shape_attributes":{"name":"rect","x":260,"y":254,"width":21,"height":20},"region_attributes":{"Type":"1","count":"1"}},{"shape_attributes":{"name":"rect","x":302,"y":250,"width":21,"height":20},"region_attributes":{"Type":"1","count":"1"}},{"shape_attributes":{"name":"rect","x":281,"y":263,"width":21,"height":20},"region_attributes":{"Type":"1","count":"1"}},{"shape_attributes":{"name":"rect","x":298,"y":271,"width":21,"height":20},"region_attributes":{"Type":"1","count":"1"}},{"shape_attributes":{"name":"rect","x":299,"y":301,"width":21,"height":20},"region_attributes":{"Type":"1","count":"1"}},{"shape_attributes":{"name":"rect","x":565,"y":156,"width":21,"height":20},"region_attributes":{"Type":"1","count":"1"}},{"shape_attributes":{"name":"rect","x":628,"y":120,"width":21,"height":20},"region_attributes":{"Type":"1","count":"1"}},{"shape_attributes":{"name":"rect","x":648,"y":137,"width":21,"height":20},"region_attributes":{"Type":"1","count":"1"}},{"shape_attributes":{"name":"rect","x":641,"y":154,"width":21,"height":20},"region_attributes":{"Type":"1","count":"1"}},{"shape_attributes":{"name":"rect","x":677,"y":153,"width":21,"height":20},"region_attributes":{"Type":"1","count":"1"}},{"shape_attributes":{"name":"rect","x":385,"y":216,"width":21,"height":20},"region_attributes":{"Type":"1","count":"1"}},{"shape_attributes":{"name":"rect","x":671,"y":140,"width":32,"height":10},"region_attributes":{"Type":"3","count":"1"}},{"shape_attributes":{"name":"rect","x":387,"y":247,"width":16,"height":20},"region_attributes":{"Type":"1","count":"1"}},{"shape_attributes":{"name":"rect","x":309,"y":340,"width":15,"height":20},"region_attributes":{"Type":"2","count":"2"}},{"shape_attributes":{"name":"rect","x":252,"y":144,"width":25,"height":19},"region_attributes":{"Type":"2","count":"2"}},{"shape_attributes":{"name":"rect","x":345,"y":257,"width":25,"height":19},"region_attributes":{"Type":"2","count":"2"}},{"shape_attributes":{"name":"rect","x":468,"y":246,"width":27,"height":16},"region_attributes":{"Type":"2","count":"2"}},{"shape_attributes":{"name":"rect","x":552,"y":192,"width":25,"height":19},"region_attributes":{"Type":"2","count":"2"}},{"shape_attributes":{"name":"rect","x":203,"y":271,"width":25,"height":19},"region_attributes":{"Type":"2","count":"2"}},{"shape_attributes":{"name":"rect","x":203,"y":271,"width":25,"height":19},"region_attributes":{"Type":"2","count":"2"}},{"shape_attributes":{"name":"rect","x":171,"y":166,"width":37,"height":13},"region_attributes":{"Type":"2","count":"2"}},{"shape_attributes":{"name":"rect","x":189,"y":189,"width":10,"height":18},"region_attributes":{"Type":"2","count":"2"}},{"shape_attributes":{"name":"rect","x":173,"y":194,"width":10,"height":11},"region_attributes":{"Type":"1","count":"4"}},{"shape_attributes":{"name":"rect","x":167,"y":210,"width":13,"height":10},"region_attributes":{"Type":"2","count":"4"}},{"shape_attributes":{"name":"rect","x":162,"y":227,"width":17,"height":9},"region_attributes":{"Type":"1","count":"4"}},{"shape_attributes":{"name":"rect","x":255,"y":208,"width":66,"height":30},"region_attributes":{"Type":"1","count":"11"}},{"shape_attributes":{"name":"rect","x":340,"y":165,"width":24,"height":15},"region_attributes":{"Type":"1","count":"3"}},{"shape_attributes":{"name":"rect","x":338,"y":188,"width":6,"height":11},"region_attributes":{"Type":"1","count":"1"}},{"shape_attributes":{"name":"rect","x":350,"y":193,"width":17,"height":8},"region_attributes":{"Type":"2","count":"2"}},{"shape_attributes":{"name":"rect","x":341,"y":208,"width":11,"height":15},"region_attributes":{"Type":"2","count":"1"}},{"shape_attributes":{"name":"rect","x":363,"y":212,"width":12,"height":12},"region_attributes":{"Type":"2","count":"1"}},{"shape_attributes":{"name":"rect","x":339,"y":230,"width":36,"height":10},"region_attributes":{"Type":"1","count":"31"}},{"shape_attributes":{"name":"rect","x":441,"y":249,"width":14,"height":22},"region_attributes":{"Type":"1","count":"4"}},{"shape_attributes":{"name":"rect","x":467,"y":273,"width":37,"height":14},"region_attributes":{"Type":"1","count":"3"}},{"shape_attributes":{"name":"rect","x":638,"y":206,"width":30,"height":39},"region_attributes":{"Type":"1","count":"2"}},{"shape_attributes":{"name":"rect","x":637,"y":186,"width":18,"height":15},"region_attributes":{"Type":"2","count":"1"}},{"shape_attributes":{"name":"rect","x":683,"y":268,"width":25,"height":28},"region_attributes":{"Type":"1","count":"2"}},{"shape_attributes":{"name":"rect","x":698,"y":341,"width":8,"height":22},"region_attributes":{"Type":"1","count":"1"}},{"shape_attributes":{"name":"rect","x":657,"y":318,"width":18,"height":33},"region_attributes":{"Type":"2","count":"3"}},{"shape_attributes":{"name":"rect","x":629,"y":323,"width":19,"height":15},"region_attributes":{"Type":"1","count":"2"}},{"shape_attributes":{"name":"rect","x":610,"y":361,"width":24,"height":12},"region_attributes":{"Type":"3","count":"1"}},{"shape_attributes":{"name":"rect","x":593,"y":339,"width":32,"height":10},"region_attributes":{"Type":"1","count":"2"}},{"shape_attributes":{"name":"rect","x":594,"y":179,"width":16,"height":19},"region_attributes":{"Type":"2","count":"2"}},{"shape_attributes":{"name":"rect","x":619,"y":184,"width":16,"height":13},"region_attributes":{"Type":"1","count":"2"}},{"shape_attributes":{"name":"rect","x":591,"y":208,"width":12,"height":6},"region_attributes":{"Type":"1","count":"6"}},{"shape_attributes":{"name":"rect","x":551,"y":219,"width":15,"height":14},"region_attributes":{"Type":"2","count":"1"}},{"shape_attributes":{"name":"rect","x":566,"y":225,"width":17,"height":9},"region_attributes":{"Type":"1","count":"2"}},{"shape_attributes":{"name":"rect","x":612,"y":218,"width":18,"height":19},"region_attributes":{"Type":"2","count":"1"}},{"shape_attributes":{"name":"rect","x":600,"y":220,"width":12,"height":17},"region_attributes":{"Type":"1","count":"1"}},{"shape_attributes":{"name":"rect","x":549,"y":264,"width":34,"height":25},"region_attributes":{"Type":"1","count":"2"}},{"shape_attributes":{"name":"rect","x":613,"y":248,"width":14,"height":19},"region_attributes":{"Type":"1","count":"1"}},{"shape_attributes":{"name":"rect","x":603,"y":280,"width":13,"height":17},"region_attributes":{"Type":"1","count":"1"}},{"shape_attributes":{"name":"rect","x":651,"y":244,"width":7,"height":13},"region_attributes":{"Type":"1","count":"1"}},{"shape_attributes":{"name":"rect","x":658,"y":256,"width":6,"height":16},"region_attributes":{"Type":"1","count":"1"}},{"shape_attributes":{"name":"rect","x":636,"y":258,"width":14,"height":16},"region_attributes":{"Type":"2","count":"1"}},{"shape_attributes":{"name":"rect","x":641,"y":284,"width":12,"height":12},"region_attributes":{"Type":"1","count":"3"}},{"shape_attributes":{"name":"rect","x":657,"y":281,"width":14,"height":12},"region_attributes":{"Type":"2","count":"1"}},{"shape_attributes":{"name":"rect","x":567,"y":314,"width":18,"height":19},"region_attributes":{"Type":"2","count":"3"}},{"shape_attributes":{"name":"rect","x":548,"y":322,"width":16,"height":14},"region_attributes":{"Type":"1","count":"2"}},{"shape_attributes":{"name":"rect","x":546,"y":341,"width":10,"height":12},"region_attributes":{"Type":"1","count":"6"}},{"shape_attributes":{"name":"rect","x":563,"y":347,"width":10,"height":11},"region_attributes":{"Type":"2","count":"1"}},{"shape_attributes":{"name":"rect","x":568,"y":338,"width":20,"height":9},"region_attributes":{"Type":"1","count":"1"}}],"file_attributes":{"date":"2021-12-22","temp":"54","rain":"2","neighborhood":"City Center","total_count":""}}},"_via_attributes":{"region":{"Type":{"type":"dropdown","description":"","options":{"1":"Individual","2":"Structure","3":"Vehicle"},"default_options":{}},"count":{"type":"text","description":"","default_value":""}},"file":{"date":{"type":"text","description":"","default_value":""},"temp":{"type":"text","description":"","default_value":""},"rain":{"type":"dropdown","description":"","options":{"1":"rain","2":"clear"},"default_options":{"2":true}},"neighborhood":{"type":"text","description":"","default_value":"City Center"},"total_count":{"type":"text","description":"","default_value":""}}},"_via_data_format_version":"2.0.10","_via_image_id_list":["https://drive.google.com/uc?export=view&id=1-quXvc0GNjU7svP4tIIK4wqNEpNSno88\n","https://drive.google.com/uc?export=view&id=1cFqbXlMFV5V-ppHDuntQkmgIONI8juWS\n","https://drive.google.com/uc?export=view&id=1f9Zr_0JkeOIKeBJTIOWK2N9_FihSM2GR\n","https://drive.google.com/uc?export=view&id=1H8eqGjzxVmD9FEqtSwX46gxOinjPMomE\n","https://drive.google.com/uc?export=view&id=1uq3RrEHYVCsQ9s-HICa3pfu7b2i7iKIn\n","https://drive.google.com/uc?export=view&id=1XHcELSmWLCUGqZa0HQ7lez2UoYwbwBET\n","https://drive.google.com/uc?export=view&id=1oFE1MChhntKGyV3rTDH9OGSiNFGksDDo\n","https://drive.google.com/uc?export=view&id=1TPcrSFjPgEr553QdR933vFd8-C7pmzuV\n","https://drive.google.com/uc?export=view&id=1DjUZoFEg_hAagWyrG_sNkC7FnmL7LJcR\n","https://drive.google.com/uc?export=view&id=1Nk2roOnNWz_zJGq_kr6RMLkt8WC1kDLP\n","https://drive.google.com/uc?export=view&id=1CFjNNuZZ1Z26WcVPjN2N1pVdRJyCLpe1\n","https://drive.google.com/uc?export=view&id=1O5Lauo5EWQ60TcILmDn2QPdIUpLcFNzo\n"]}