{"_via_settings":{"ui":{"annotation_editor_height":25,"annotation_editor_fontsize":0.8,"leftsidebar_width":18,"image_grid":{"img_height":80,"rshape_fill":"none","rshape_fill_opacity":0.3,"rshape_stroke":"yellow","rshape_stroke_width":2,"show_region_shape":true,"show_image_policy":"all"},"image":{"region_label":"__via_region_id__","region_color":"__via_default_region_color__","region_label_font":"10px Sans","on_image_annotation_editor_placement":"NEAR_REGION"}},"core":{"buffer_size":18,"filepath":{},"default_filepath":""},"project":{"name":"Columbia_2022_count"}},"_via_img_metadata":{"https://drive.google.com/uc?export=view&id=12xgzo05bPEMmcr-0MFAiFE86s6rOtoJP\n":{"filename":"https://drive.google.com/uc?export=view&id=12xgzo05bPEMmcr-0MFAiFE86s6rOtoJP\n","size":-1,"regions":[{"shape_attributes":{"name":"circle","cx":690,"cy":47,"r":9},"region_attributes":{"Type":"1","count":"1"}},{"shape_attributes":{"name":"circle","cx":720,"cy":261,"r":9},"region_attributes":{"Type":"1","count":"1"}},{"shape_attributes":{"name":"circle","cx":700,"cy":286,"r":6.667},"region_attributes":{"Type":"1","count":"1"}},{"shape_attributes":{"name":"circle","cx":520,"cy":181,"r":9},"region_attributes":{"Type":"1","count":"1"}},{"shape_attributes":{"name":"circle","cx":567,"cy":287,"r":9},"region_attributes":{"Type":"1","count":"1"}},{"shape_attributes":{"name":"circle","cx":445,"cy":233,"r":6.6},"region_attributes":{"Type":"1","count":"1"}},{"shape_attributes":{"name":"circle","cx":410,"cy":216,"r":9},"region_attributes":{"Type":"1","count":"1"}},{"shape_attributes":{"name":"circle","cx":488,"cy":256,"r":9},"region_attributes":{"Type":"1","count":"1"}},{"shape_attributes":{"name":"circle","cx":315,"cy":367,"r":9},"region_attributes":{"Type":"1","count":"1"}},{"shape_attributes":{"name":"circle","cx":411,"cy":100,"r":9},"region_attributes":{"Type":"1","count":"1"}},{"shape_attributes":{"name":"circle","cx":446,"cy":125,"r":9},"region_attributes":{"Type":"1","count":"1"}},{"shape_attributes":{"name":"circle","cx":315,"cy":331,"r":9},"region_attributes":{"Type":"1","count":"1"}},{"shape_attributes":{"name":"circle","cx":707,"cy":48,"r":12},"region_attributes":{"Type":"2","count":"1"}},{"shape_attributes":{"name":"circle","cx":672,"cy":323,"r":12},"region_attributes":{"Type":"2","count":"1"}},{"shape_attributes":{"name":"circle","cx":720,"cy":333,"r":12},"region_attributes":{"Type":"2","count":"1"}},{"shape_attributes":{"name":"circle","cx":694,"cy":181,"r":12},"region_attributes":{"Type":"2","count":"1"}},{"shape_attributes":{"name":"circle","cx":698,"cy":99,"r":12},"region_attributes":{"Type":"2","count":"1"}},{"shape_attributes":{"name":"circle","cx":722,"cy":152,"r":9.545},"region_attributes":{"Type":"2","count":"1"}},{"shape_attributes":{"name":"circle","cx":383,"cy":330,"r":12.944},"region_attributes":{"Type":"2","count":"1"}},{"shape_attributes":{"name":"circle","cx":679,"cy":301,"r":14},"region_attributes":{"Type":"1","count":"3"}},{"shape_attributes":{"name":"circle","cx":407,"cy":287,"r":14},"region_attributes":{"Type":"1","count":"3"}},{"shape_attributes":{"name":"circle","cx":464,"cy":330,"r":14},"region_attributes":{"Type":"1","count":"3"}},{"shape_attributes":{"name":"circle","cx":720,"cy":134,"r":11},"region_attributes":{"Type":"1","count":"2"}},{"shape_attributes":{"name":"circle","cx":475,"cy":370,"r":11},"region_attributes":{"Type":"1","count":"2"}},{"shape_attributes":{"name":"circle","cx":521,"cy":309,"r":11},"region_attributes":{"Type":"1","count":"2"}},{"shape_attributes":{"name":"circle","cx":400,"cy":333,"r":11},"region_attributes":{"Type":"1","count":"2"}},{"shape_attributes":{"name":"circle","cx":696,"cy":331,"r":9},"region_attributes":{"Type":"1","count":"10"}},{"shape_attributes":{"name":"circle","cx":719,"cy":306,"r":11},"region_attributes":{"Type":"1","count":"4"}},{"shape_attributes":{"name":"circle","cx":721,"cy":73,"r":11.096},"region_attributes":{"Type":"1","count":"6"}}],"file_attributes":{"date":"","temp":"","rain":"2","neighborhood":"Columbia","total_count":""}},"https://drive.google.com/uc?export=view&id=1kbs9tKp_DnRtg8NzNhTMaPj7H0n_NJLx\n":{"filename":"https://drive.google.com/uc?export=view&id=1kbs9tKp_DnRtg8NzNhTMaPj7H0n_NJLx\n","size":-1,"regions":[{"shape_attributes":{"name":"circle","cx":699,"cy":49,"r":14},"region_attributes":{"Type":"2","count":""}},{"shape_attributes":{"name":"circle","cx":674,"cy":94,"r":14},"region_attributes":{"Type":"2","count":""}},{"shape_attributes":{"name":"circle","cx":678,"cy":171,"r":14},"region_attributes":{"Type":"2","count":""}},{"shape_attributes":{"name":"circle","cx":718,"cy":293,"r":12.369},"region_attributes":{"Type":"2","count":""}},{"shape_attributes":{"name":"circle","cx":664,"cy":310,"r":14},"region_attributes":{"Type":"2","count":""}},{"shape_attributes":{"name":"circle","cx":398,"cy":91,"r":14},"region_attributes":{"Type":"2","count":""}},{"shape_attributes":{"name":"circle","cx":512,"cy":70,"r":12},"region_attributes":{"Type":"1","count":"1"}},{"shape_attributes":{"name":"circle","cx":715,"cy":149,"r":12},"region_attributes":{"Type":"1","count":"1"}},{"shape_attributes":{"name":"circle","cx":514,"cy":205,"r":12},"region_attributes":{"Type":"1","count":"1"}},{"shape_attributes":{"name":"circle","cx":616,"cy":251,"r":12},"region_attributes":{"Type":"1","count":"1"}},{"shape_attributes":{"name":"circle","cx":478,"cy":253,"r":12},"region_attributes":{"Type":"1","count":"1"}},{"shape_attributes":{"name":"circle","cx":591,"cy":325,"r":12},"region_attributes":{"Type":"1","count":"1"}},{"shape_attributes":{"name":"circle","cx":282,"cy":271,"r":12},"region_attributes":{"Type":"1","count":"1"}},{"shape_attributes":{"name":"circle","cx":440,"cy":83,"r":12.369},"region_attributes":{"Type":"1","count":"1"}},{"shape_attributes":{"name":"circle","cx":438,"cy":284,"r":12},"region_attributes":{"Type":"1","count":"1"}},{"shape_attributes":{"name":"circle","cx":695,"cy":283,"r":13},"region_attributes":{"Type":"1","count":"3"}},{"shape_attributes":{"name":"circle","cx":674,"cy":291,"r":13},"region_attributes":{"Type":"1","count":"3"}},{"shape_attributes":{"name":"circle","cx":621,"cy":367,"r":13},"region_attributes":{"Type":"1","count":"3"}},{"shape_attributes":{"name":"circle","cx":439,"cy":145,"r":10},"region_attributes":{"Type":"1","count":"2"}},{"shape_attributes":{"name":"circle","cx":362,"cy":329,"r":10},"region_attributes":{"Type":"1","count":"2"}},{"shape_attributes":{"name":"circle","cx":686,"cy":125,"r":10},"region_attributes":{"Type":"1","count":"2"}},{"shape_attributes":{"name":"circle","cx":391,"cy":331,"r":10},"region_attributes":{"Type":"1","count":"5"}},{"shape_attributes":{"name":"circle","cx":438,"cy":306,"r":15},"region_attributes":{"Type":"1","count":"6"}},{"shape_attributes":{"name":"circle","cx":711,"cy":73,"r":15},"region_attributes":{"Type":"1","count":"4"}},{"shape_attributes":{"name":"circle","cx":685,"cy":328,"r":14},"region_attributes":{"Type":"2","count":"3"}},{"shape_attributes":{"name":"circle","cx":718,"cy":311,"r":10},"region_attributes":{"Type":"1","count":"1"}},{"shape_attributes":{"name":"circle","cx":714,"cy":329,"r":15},"region_attributes":{"Type":"1","count":"15"}}],"file_attributes":{"date":"","temp":"","rain":"2","neighborhood":"Columbia","total_count":""}},"https://drive.google.com/uc?export=view&id=1L8_xGqJ3fQBN4SXvcPEF4AFiZPdfRU9p\n":{"filename":"https://drive.google.com/uc?export=view&id=1L8_xGqJ3fQBN4SXvcPEF4AFiZPdfRU9p\n","size":-1,"regions":[{"shape_attributes":{"name":"circle","cx":315,"cy":330,"r":15},"region_attributes":{"Type":"1","count":"1"}},{"shape_attributes":{"name":"circle","cx":478,"cy":327,"r":15},"region_attributes":{"Type":"1","count":"1"}},{"shape_attributes":{"name":"circle","cx":435,"cy":107,"r":15},"region_attributes":{"Type":"1","count":"1"}},{"shape_attributes":{"name":"circle","cx":363,"cy":302,"r":15},"region_attributes":{"Type":"1","count":"1"}},{"shape_attributes":{"name":"circle","cx":403,"cy":312,"r":15},"region_attributes":{"Type":"1","count":"1"}},{"shape_attributes":{"name":"circle","cx":440,"cy":146,"r":15},"region_attributes":{"Type":"1","count":"1"}},{"shape_attributes":{"name":"circle","cx":624,"cy":82,"r":15},"region_attributes":{"Type":"1","count":"1"}},{"shape_attributes":{"name":"circle","cx":595,"cy":112,"r":15},"region_attributes":{"Type":"1","count":"1"}},{"shape_attributes":{"name":"circle","cx":661,"cy":107,"r":15},"region_attributes":{"Type":"1","count":"1"}},{"shape_attributes":{"name":"circle","cx":621,"cy":146,"r":15},"region_attributes":{"Type":"1","count":"1"}},{"shape_attributes":{"name":"circle","cx":668,"cy":279,"r":15},"region_attributes":{"Type":"1","count":"1"}},{"shape_attributes":{"name":"circle","cx":661,"cy":365,"r":15},"region_attributes":{"Type":"1","count":"1"}},{"shape_attributes":{"name":"circle","cx":295,"cy":304,"r":15},"region_attributes":{"Type":"1","count":"1"}},{"shape_attributes":{"name":"circle","cx":696,"cy":178,"r":13},"region_attributes":{"Type":"1","count":"2"}},{"shape_attributes":{"name":"circle","cx":456,"cy":294,"r":13},"region_attributes":{"Type":"1","count":"2"}},{"shape_attributes":{"name":"circle","cx":438,"cy":326,"r":13},"region_attributes":{"Type":"1","count":"2"}},{"shape_attributes":{"name":"circle","cx":696,"cy":297,"r":13},"region_attributes":{"Type":"1","count":"2"}},{"shape_attributes":{"name":"circle","cx":388,"cy":330,"r":13},"region_attributes":{"Type":"1","count":"2"}},{"shape_attributes":{"name":"circle","cx":673,"cy":136,"r":13},"region_attributes":{"Type":"1","count":"2"}},{"shape_attributes":{"name":"circle","cx":511,"cy":364,"r":15},"region_attributes":{"Type":"1","count":"1"}},{"shape_attributes":{"name":"circle","cx":401,"cy":213,"r":9},"region_attributes":{"Type":"1","count":"3"}},{"shape_attributes":{"name":"circle","cx":653,"cy":328,"r":10},"region_attributes":{"Type":"1","count":"13"}},{"shape_attributes":{"name":"circle","cx":676,"cy":331,"r":13},"region_attributes":{"Type":"2","count":"1"}},{"shape_attributes":{"name":"circle","cx":693,"cy":101,"r":9},"region_attributes":{"Type":"1","count":"3"}},{"shape_attributes":{"name":"circle","cx":692,"cy":76,"r":13},"region_attributes":{"Type":"2","count":"1"}},{"shape_attributes":{"name":"circle","cx":691,"cy":315,"r":13},"region_attributes":{"Type":"2","count":"2"}},{"shape_attributes":{"name":"circle","cx":638,"cy":307,"r":12},"region_attributes":{"Type":"2","count":"4"}}],"file_attributes":{"date":"","temp":"","rain":"2","neighborhood":"Columbia","total_count":""}},"https://drive.google.com/uc?export=view&id=1992xIeDr6Iz4_JbmbPMYx2hrj09tbJWc\n":{"filename":"https://drive.google.com/uc?export=view&id=1992xIeDr6Iz4_JbmbPMYx2hrj09tbJWc\n","size":-1,"regions":[{"shape_attributes":{"name":"circle","cx":451,"cy":183,"r":20},"region_attributes":{"Type":"1","count":"1"}},{"shape_attributes":{"name":"circle","cx":442,"cy":229,"r":20},"region_attributes":{"Type":"1","count":"1"}},{"shape_attributes":{"name":"circle","cx":479,"cy":293,"r":10.77},"region_attributes":{"Type":"1","count":"1"}},{"shape_attributes":{"name":"circle","cx":683,"cy":181,"r":13.153},"region_attributes":{"Type":"1","count":"1"}},{"shape_attributes":{"name":"circle","cx":616,"cy":255,"r":20},"region_attributes":{"Type":"1","count":"1"}},{"shape_attributes":{"name":"circle","cx":685,"cy":259,"r":20},"region_attributes":{"Type":"1","count":"1"}},{"shape_attributes":{"name":"circle","cx":296,"cy":229,"r":10.77},"region_attributes":{"Type":"1","count":"1"}},{"shape_attributes":{"name":"circle","cx":645,"cy":293,"r":10.77},"region_attributes":{"Type":"1","count":"1"}},{"shape_attributes":{"name":"circle","cx":404,"cy":238,"r":13},"region_attributes":{"Type":"1","count":"3"}},{"shape_attributes":{"name":"circle","cx":388,"cy":327,"r":8},"region_attributes":{"Type":"1","count":"1"}},{"shape_attributes":{"name":"circle","cx":449,"cy":303,"r":11},"region_attributes":{"Type":"1","count":"7"}},{"shape_attributes":{"name":"circle","cx":534,"cy":289,"r":9},"region_attributes":{"Type":"1","count":"3"}},{"shape_attributes":{"name":"circle","cx":469,"cy":274,"r":9},"region_attributes":{"Type":"1","count":"3"}},{"shape_attributes":{"name":"circle","cx":693,"cy":91,"r":11},"region_attributes":{"Type":"2","count":"1"}},{"shape_attributes":{"name":"circle","cx":667,"cy":109,"r":11},"region_attributes":{"Type":"2","count":"2"}},{"shape_attributes":{"name":"circle","cx":685,"cy":297,"r":11},"region_attributes":{"Type":"2","count":"2"}},{"shape_attributes":{"name":"circle","cx":683,"cy":334,"r":11},"region_attributes":{"Type":"2","count":"1"}},{"shape_attributes":{"name":"circle","cx":646,"cy":309,"r":11},"region_attributes":{"Type":"2","count":"1"}},{"shape_attributes":{"name":"circle","cx":688,"cy":318,"r":11},"region_attributes":{"Type":"1","count":"5"}},{"shape_attributes":{"name":"circle","cx":660,"cy":327,"r":12},"region_attributes":{"Type":"1","count":"13"}},{"shape_attributes":{"name":"circle","cx":640,"cy":329,"r":10},"region_attributes":{"Type":"1","count":"1"}},{"shape_attributes":{"name":"circle","cx":662,"cy":139,"r":14},"region_attributes":{"Type":"1","count":"2"}}],"file_attributes":{"date":"","temp":"","rain":"2","neighborhood":"Columbia","total_count":""}},"https://drive.google.com/uc?export=view&id=1Aha-nSDs4PaLlzNY5FpqoVk75YNx4O4L\n":{"filename":"https://drive.google.com/uc?export=view&id=1Aha-nSDs4PaLlzNY5FpqoVk75YNx4O4L\n","size":-1,"regions":[{"shape_attributes":{"name":"circle","cx":394,"cy":338,"r":10},"region_attributes":{"Type":"1","count":"1"}},{"shape_attributes":{"name":"circle","cx":409,"cy":302,"r":13},"region_attributes":{"Type":"1","count":"3"}},{"shape_attributes":{"name":"circle","cx":438,"cy":282,"r":11},"region_attributes":{"Type":"1","count":"4"}},{"shape_attributes":{"name":"circle","cx":669,"cy":113,"r":15},"region_attributes":{"Type":"2","count":"2"}},{"shape_attributes":{"name":"circle","cx":673,"cy":146,"r":14},"region_attributes":{"Type":"2","count":"2"}},{"shape_attributes":{"name":"circle","cx":659,"cy":170,"r":12},"region_attributes":{"Type":"2","count":"1"}},{"shape_attributes":{"name":"circle","cx":686,"cy":194,"r":13},"region_attributes":{"Type":"1","count":"1"}},{"shape_attributes":{"name":"circle","cx":653,"cy":292,"r":14},"region_attributes":{"Type":"2","count":"1"}},{"shape_attributes":{"name":"circle","cx":700,"cy":260,"r":12},"region_attributes":{"Type":"1","count":"1"}},{"shape_attributes":{"name":"circle","cx":697,"cy":297,"r":14},"region_attributes":{"Type":"2","count":"1"}},{"shape_attributes":{"name":"circle","cx":678,"cy":337,"r":14},"region_attributes":{"Type":"2","count":"1"}},{"shape_attributes":{"name":"circle","cx":620,"cy":326,"r":14},"region_attributes":{"Type":"2","count":"1"}},{"shape_attributes":{"name":"circle","cx":694,"cy":235,"r":14},"region_attributes":{"Type":"2","count":"1"}},{"shape_attributes":{"name":"circle","cx":625,"cy":306,"r":12},"region_attributes":{"Type":"1","count":"4"}},{"shape_attributes":{"name":"circle","cx":607,"cy":287,"r":9},"region_attributes":{"Type":"1","count":"2"}},{"shape_attributes":{"name":"circle","cx":651,"cy":316,"r":8},"region_attributes":{"Type":"1","count":"1"}},{"shape_attributes":{"name":"circle","cx":699,"cy":321,"r":14},"region_attributes":{"Type":"1","count":"3"}},{"shape_attributes":{"name":"circle","cx":655,"cy":335,"r":10},"region_attributes":{"Type":"1","count":"11"}}],"file_attributes":{"date":"","temp":"","rain":"2","neighborhood":"Columbia","total_count":""}},"https://drive.google.com/uc?export=view&id=14TC9eKafp9urJCWqbYstOT12IHHR9S4y\n":{"filename":"https://drive.google.com/uc?export=view&id=14TC9eKafp9urJCWqbYstOT12IHHR9S4y\n","size":-1,"regions":[{"shape_attributes":{"name":"circle","cx":693,"cy":77,"r":11},"region_attributes":{"Type":"2","count":"3"}},{"shape_attributes":{"name":"circle","cx":382,"cy":65,"r":11},"region_attributes":{"Type":"1","count":"1"}},{"shape_attributes":{"name":"circle","cx":432,"cy":68,"r":11},"region_attributes":{"Type":"1","count":"1"}},{"shape_attributes":{"name":"circle","cx":643,"cy":106,"r":11},"region_attributes":{"Type":"1","count":"1"}},{"shape_attributes":{"name":"circle","cx":680,"cy":261,"r":11},"region_attributes":{"Type":"1","count":"1"}},{"shape_attributes":{"name":"circle","cx":580,"cy":238,"r":11},"region_attributes":{"Type":"1","count":"1"}},{"shape_attributes":{"name":"circle","cx":526,"cy":264,"r":11},"region_attributes":{"Type":"1","count":"1"}},{"shape_attributes":{"name":"circle","cx":591,"cy":332,"r":11},"region_attributes":{"Type":"1","count":"1"}},{"shape_attributes":{"name":"circle","cx":528,"cy":330,"r":11},"region_attributes":{"Type":"1","count":"1"}},{"shape_attributes":{"name":"circle","cx":509,"cy":307,"r":11},"region_attributes":{"Type":"1","count":"1"}},{"shape_attributes":{"name":"circle","cx":536,"cy":359,"r":11},"region_attributes":{"Type":"1","count":"1"}},{"shape_attributes":{"name":"circle","cx":452,"cy":308,"r":11},"region_attributes":{"Type":"1","count":"1"}},{"shape_attributes":{"name":"circle","cx":403,"cy":209,"r":11},"region_attributes":{"Type":"1","count":"1"}},{"shape_attributes":{"name":"circle","cx":291,"cy":308,"r":11},"region_attributes":{"Type":"1","count":"1"}},{"shape_attributes":{"name":"circle","cx":314,"cy":328,"r":11},"region_attributes":{"Type":"1","count":"1"}},{"shape_attributes":{"name":"circle","cx":697,"cy":97,"r":11},"region_attributes":{"Type":"1","count":"1"}},{"shape_attributes":{"name":"circle","cx":350,"cy":370,"r":11},"region_attributes":{"Type":"1","count":"1"}},{"shape_attributes":{"name":"circle","cx":334,"cy":72,"r":12},"region_attributes":{"Type":"1","count":"3"}},{"shape_attributes":{"name":"circle","cx":408,"cy":311,"r":12},"region_attributes":{"Type":"1","count":"3"}},{"shape_attributes":{"name":"circle","cx":485,"cy":283,"r":12},"region_attributes":{"Type":"1","count":"3"}},{"shape_attributes":{"name":"circle","cx":660,"cy":137,"r":12},"region_attributes":{"Type":"1","count":"4"}},{"shape_attributes":{"name":"circle","cx":289,"cy":72,"r":12},"region_attributes":{"Type":"1","count":"3"}},{"shape_attributes":{"name":"circle","cx":464,"cy":262,"r":12},"region_attributes":{"Type":"1","count":"7"}},{"shape_attributes":{"name":"circle","cx":663,"cy":325,"r":13},"region_attributes":{"Type":"1","count":"18"}},{"shape_attributes":{"name":"circle","cx":691,"cy":293,"r":9},"region_attributes":{"Type":"1","count":"6"}},{"shape_attributes":{"name":"circle","cx":692,"cy":314,"r":11},"region_attributes":{"Type":"2","count":"4"}},{"shape_attributes":{"name":"circle","cx":663,"cy":107,"r":9},"region_attributes":{"Type":"2","count":"1"}},{"shape_attributes":{"name":"circle","cx":684,"cy":138,"r":9},"region_attributes":{"Type":"2","count":"1"}},{"shape_attributes":{"name":"circle","cx":649,"cy":288,"r":9},"region_attributes":{"Type":"2","count":"1"}},{"shape_attributes":{"name":"circle","cx":652,"cy":306,"r":10},"region_attributes":{"Type":"1","count":"2"}},{"shape_attributes":{"name":"circle","cx":683,"cy":109,"r":10},"region_attributes":{"Type":"1","count":"2"}}],"file_attributes":{"date":"","temp":"","rain":"2","neighborhood":"Columbia","total_count":""}},"https://drive.google.com/uc?export=view&id=1SA4OWaWMnQXBYICf6Njf6ej42a5o-ofk\n":{"filename":"https://drive.google.com/uc?export=view&id=1SA4OWaWMnQXBYICf6Njf6ej42a5o-ofk\n","size":-1,"regions":[{"shape_attributes":{"name":"circle","cx":648,"cy":59,"r":13},"region_attributes":{"Type":"1","count":"1"}},{"shape_attributes":{"name":"circle","cx":666,"cy":106,"r":14},"region_attributes":{"Type":"2","count":"2"}},{"shape_attributes":{"name":"circle","cx":652,"cy":335,"r":11},"region_attributes":{"Type":"2","count":"1"}},{"shape_attributes":{"name":"circle","cx":293,"cy":394,"r":11},"region_attributes":{"Type":"2","count":"1"}},{"shape_attributes":{"name":"circle","cx":652,"cy":163,"r":11},"region_attributes":{"Type":"2","count":"1"}},{"shape_attributes":{"name":"circle","cx":665,"cy":138,"r":14},"region_attributes":{"Type":"1","count":"3"}},{"shape_attributes":{"name":"circle","cx":618,"cy":240,"r":11},"region_attributes":{"Type":"1","count":"1"}},{"shape_attributes":{"name":"circle","cx":440,"cy":295,"r":13},"region_attributes":{"Type":"1","count":"5"}},{"shape_attributes":{"name":"circle","cx":674,"cy":330,"r":14},"region_attributes":{"Type":"1","count":"11"}},{"shape_attributes":{"name":"circle","cx":691,"cy":313,"r":17},"region_attributes":{"Type":"1","count":"2"}}],"file_attributes":{"date":"","temp":"","rain":"2","neighborhood":"Columbia","total_count":""}},"https://drive.google.com/uc?export=view&id=13Je-_TyQWnLgyL00FxAb9lidW7MXBHm2\n":{"filename":"https://drive.google.com/uc?export=view&id=13Je-_TyQWnLgyL00FxAb9lidW7MXBHm2\n","size":-1,"regions":[{"shape_attributes":{"name":"circle","cx":692,"cy":77,"r":16},"region_attributes":{"Type":"2","count":"3"}},{"shape_attributes":{"name":"circle","cx":668,"cy":103,"r":15},"region_attributes":{"Type":"2","count":"2"}},{"shape_attributes":{"name":"circle","cx":665,"cy":183,"r":9},"region_attributes":{"Type":"2","count":"1"}},{"shape_attributes":{"name":"circle","cx":682,"cy":131,"r":9},"region_attributes":{"Type":"2","count":"1"}},{"shape_attributes":{"name":"circle","cx":522,"cy":110,"r":10},"region_attributes":{"Type":"1","count":"1"}},{"shape_attributes":{"name":"circle","cx":694,"cy":150,"r":10},"region_attributes":{"Type":"1","count":"1"}},{"shape_attributes":{"name":"circle","cx":669,"cy":356,"r":14},"region_attributes":{"Type":"1","count":"1"}},{"shape_attributes":{"name":"circle","cx":608,"cy":355,"r":10},"region_attributes":{"Type":"1","count":"1"}},{"shape_attributes":{"name":"circle","cx":622,"cy":231,"r":10},"region_attributes":{"Type":"1","count":"1"}},{"shape_attributes":{"name":"circle","cx":512,"cy":234,"r":10},"region_attributes":{"Type":"1","count":"1"}},{"shape_attributes":{"name":"circle","cx":701,"cy":227,"r":10},"region_attributes":{"Type":"1","count":"1"}},{"shape_attributes":{"name":"circle","cx":408,"cy":220,"r":10},"region_attributes":{"Type":"1","count":"1"}},{"shape_attributes":{"name":"circle","cx":370,"cy":329,"r":14.56},"region_attributes":{"Type":"1","count":"1"}},{"shape_attributes":{"name":"circle","cx":461,"cy":327,"r":10},"region_attributes":{"Type":"1","count":"1"}},{"shape_attributes":{"name":"circle","cx":590,"cy":321,"r":10},"region_attributes":{"Type":"1","count":"1"}},{"shape_attributes":{"name":"circle","cx":648,"cy":83,"r":10},"region_attributes":{"Type":"1","count":"1"}},{"shape_attributes":{"name":"circle","cx":650,"cy":296,"r":9.899},"region_attributes":{"Type":"1","count":"3"}},{"shape_attributes":{"name":"circle","cx":666,"cy":322,"r":11},"region_attributes":{"Type":"1","count":"12"}},{"shape_attributes":{"name":"circle","cx":472,"cy":101,"r":13.038},"region_attributes":{"Type":"1","count":"2"}},{"shape_attributes":{"name":"circle","cx":664,"cy":135,"r":9.899},"region_attributes":{"Type":"1","count":"3"}},{"shape_attributes":{"name":"circle","cx":394,"cy":317,"r":13.038},"region_attributes":{"Type":"1","count":"3"}},{"shape_attributes":{"name":"circle","cx":451,"cy":302,"r":13.038},"region_attributes":{"Type":"1","count":"2"}},{"shape_attributes":{"name":"circle","cx":469,"cy":364,"r":13.038},"region_attributes":{"Type":"1","count":"2"}},{"shape_attributes":{"name":"circle","cx":692,"cy":309,"r":13.038},"region_attributes":{"Type":"1","count":"5"}},{"shape_attributes":{"name":"circle","cx":526,"cy":152,"r":13.038},"region_attributes":{"Type":"1","count":"2"}}],"file_attributes":{"date":"","temp":"","rain":"2","neighborhood":"Columbia","total_count":""}},"https://drive.google.com/uc?export=view&id=1_43cswrv_720AiCAfmFTj0HgShwyFbwD\n":{"filename":"https://drive.google.com/uc?export=view&id=1_43cswrv_720AiCAfmFTj0HgShwyFbwD\n","size":-1,"regions":[{"shape_attributes":{"name":"circle","cx":665,"cy":115,"r":12},"region_attributes":{"Type":"2","count":"2"}},{"shape_attributes":{"name":"circle","cx":694,"cy":183,"r":12},"region_attributes":{"Type":"2","count":"1"}},{"shape_attributes":{"name":"circle","cx":655,"cy":69,"r":12},"region_attributes":{"Type":"2","count":"1"}},{"shape_attributes":{"name":"circle","cx":697,"cy":234,"r":20.248},"region_attributes":{"Type":"1","count":"1"}},{"shape_attributes":{"name":"circle","cx":654,"cy":324,"r":15},"region_attributes":{"Type":"1","count":"1"}},{"shape_attributes":{"name":"circle","cx":443,"cy":112,"r":15},"region_attributes":{"Type":"1","count":"1"}},{"shape_attributes":{"name":"circle","cx":438,"cy":181,"r":15},"region_attributes":{"Type":"1","count":"1"}},{"shape_attributes":{"name":"circle","cx":400,"cy":232,"r":15},"region_attributes":{"Type":"1","count":"1"}},{"shape_attributes":{"name":"circle","cx":511,"cy":213,"r":15},"region_attributes":{"Type":"1","count":"1"}},{"shape_attributes":{"name":"circle","cx":525,"cy":288,"r":15},"region_attributes":{"Type":"1","count":"1"}},{"shape_attributes":{"name":"circle","cx":474,"cy":71,"r":15},"region_attributes":{"Type":"1","count":"1"}},{"shape_attributes":{"name":"circle","cx":443,"cy":370,"r":15},"region_attributes":{"Type":"1","count":"1"}},{"shape_attributes":{"name":"circle","cx":670,"cy":264,"r":20},"region_attributes":{"Type":"1","count":"2"}},{"shape_attributes":{"name":"circle","cx":698,"cy":306,"r":20},"region_attributes":{"Type":"1","count":"3"}},{"shape_attributes":{"name":"circle","cx":682,"cy":337,"r":20},"region_attributes":{"Type":"1","count":"7"}},{"shape_attributes":{"name":"circle","cx":412,"cy":260,"r":20},"region_attributes":{"Type":"1","count":"3"}}],"file_attributes":{"date":"","temp":"","rain":"2","neighborhood":"Columbia","total_count":""}},"https://drive.google.com/uc?export=view&id=15DJzhLMSWYnJW4mpPCAjoRB5jTPBp1qY\n":{"filename":"https://drive.google.com/uc?export=view&id=15DJzhLMSWYnJW4mpPCAjoRB5jTPBp1qY\n","size":-1,"regions":[{"shape_attributes":{"name":"circle","cx":605,"cy":106,"r":16},"region_attributes":{"Type":"2","count":"2"}},{"shape_attributes":{"name":"circle","cx":652,"cy":106,"r":16},"region_attributes":{"Type":"2","count":"1"}},{"shape_attributes":{"name":"circle","cx":688,"cy":67,"r":16},"region_attributes":{"Type":"2","count":"1"}},{"shape_attributes":{"name":"circle","cx":291,"cy":302,"r":13},"region_attributes":{"Type":"1","count":"1"}},{"shape_attributes":{"name":"circle","cx":675,"cy":112,"r":13},"region_attributes":{"Type":"1","count":"1"}},{"shape_attributes":{"name":"circle","cx":463,"cy":212,"r":8.944},"region_attributes":{"Type":"1","count":"1"}},{"shape_attributes":{"name":"circle","cx":577,"cy":237,"r":13},"region_attributes":{"Type":"1","count":"1"}},{"shape_attributes":{"name":"circle","cx":507,"cy":321,"r":13},"region_attributes":{"Type":"1","count":"1"}},{"shape_attributes":{"name":"circle","cx":444,"cy":323,"r":13},"region_attributes":{"Type":"1","count":"1"}},{"shape_attributes":{"name":"circle","cx":380,"cy":330,"r":13},"region_attributes":{"Type":"1","count":"1"}},{"shape_attributes":{"name":"circle","cx":694,"cy":95,"r":13},"region_attributes":{"Type":"1","count":"1"}},{"shape_attributes":{"name":"circle","cx":442,"cy":264,"r":13},"region_attributes":{"Type":"1","count":"2"}},{"shape_attributes":{"name":"circle","cx":604,"cy":328,"r":13},"region_attributes":{"Type":"1","count":"2"}},{"shape_attributes":{"name":"circle","cx":609,"cy":364,"r":13},"region_attributes":{"Type":"1","count":"2"}},{"shape_attributes":{"name":"circle","cx":407,"cy":311,"r":14.422},"region_attributes":{"Type":"1","count":"2"}},{"shape_attributes":{"name":"circle","cx":606,"cy":259,"r":13},"region_attributes":{"Type":"1","count":"2"}},{"shape_attributes":{"name":"circle","cx":400,"cy":263,"r":16},"region_attributes":{"Type":"1","count":"4"}}],"file_attributes":{"date":"","temp":"","rain":"2","neighborhood":"Columbia","total_count":""}},"https://drive.google.com/uc?export=view&id=1dqnu1felW8hJJRSoMp_KRTrDDWLauYqp\n":{"filename":"https://drive.google.com/uc?export=view&id=1dqnu1felW8hJJRSoMp_KRTrDDWLauYqp\n","size":-1,"regions":[{"shape_attributes":{"name":"circle","cx":692,"cy":88,"r":10},"region_attributes":{"Type":"2","count":"1"}},{"shape_attributes":{"name":"circle","cx":657,"cy":104,"r":10},"region_attributes":{"Type":"2","count":"1"}},{"shape_attributes":{"name":"circle","cx":647,"cy":80,"r":10},"region_attributes":{"Type":"2","count":"1"}},{"shape_attributes":{"name":"circle","cx":671,"cy":138,"r":9.055},"region_attributes":{"Type":"1","count":"3"}},{"shape_attributes":{"name":"circle","cx":690,"cy":67,"r":11},"region_attributes":{"Type":"1","count":"3"}},{"shape_attributes":{"name":"circle","cx":460,"cy":112,"r":11},"region_attributes":{"Type":"1","count":"1"}},{"shape_attributes":{"name":"circle","cx":401,"cy":110,"r":11},"region_attributes":{"Type":"1","count":"1"}},{"shape_attributes":{"name":"circle","cx":649,"cy":165,"r":11},"region_attributes":{"Type":"1","count":"1"}},{"shape_attributes":{"name":"circle","cx":613,"cy":260,"r":11},"region_attributes":{"Type":"1","count":"1"}},{"shape_attributes":{"name":"circle","cx":673,"cy":283,"r":11},"region_attributes":{"Type":"1","count":"1"}},{"shape_attributes":{"name":"circle","cx":681,"cy":365,"r":11},"region_attributes":{"Type":"1","count":"1"}},{"shape_attributes":{"name":"circle","cx":586,"cy":329,"r":10.05},"region_attributes":{"Type":"1","count":"1"}},{"shape_attributes":{"name":"circle","cx":448,"cy":273,"r":11},"region_attributes":{"Type":"1","count":"1"}},{"shape_attributes":{"name":"circle","cx":454,"cy":362,"r":11},"region_attributes":{"Type":"1","count":"1"}},{"shape_attributes":{"name":"circle","cx":434,"cy":393,"r":11},"region_attributes":{"Type":"1","count":"1"}},{"shape_attributes":{"name":"circle","cx":404,"cy":366,"r":11},"region_attributes":{"Type":"1","count":"1"}},{"shape_attributes":{"name":"circle","cx":317,"cy":328,"r":11},"region_attributes":{"Type":"1","count":"1"}},{"shape_attributes":{"name":"circle","cx":663,"cy":62,"r":11},"region_attributes":{"Type":"1","count":"1"}},{"shape_attributes":{"name":"circle","cx":679,"cy":111,"r":13},"region_attributes":{"Type":"1","count":"1"}},{"shape_attributes":{"name":"circle","cx":379,"cy":318,"r":13},"region_attributes":{"Type":"1","count":"2"}},{"shape_attributes":{"name":"circle","cx":404,"cy":337,"r":13},"region_attributes":{"Type":"1","count":"2"}},{"shape_attributes":{"name":"circle","cx":467,"cy":291,"r":13},"region_attributes":{"Type":"1","count":"2"}},{"shape_attributes":{"name":"circle","cx":405,"cy":279,"r":13},"region_attributes":{"Type":"1","count":"2"}}],"file_attributes":{"date":"","temp":"","rain":"2","neighborhood":"Columbia","total_count":""}},"https://drive.google.com/uc?export=view&id=18cb76MUM8c-HRpLaDt9jCZf2jGYhBb7c\n":{"filename":"https://drive.google.com/uc?export=view&id=18cb76MUM8c-HRpLaDt9jCZf2jGYhBb7c\n","size":-1,"regions":[{"shape_attributes":{"name":"circle","cx":658,"cy":189,"r":14},"region_attributes":{"Type":"1","count":"1"}},{"shape_attributes":{"name":"circle","cx":510,"cy":189,"r":14},"region_attributes":{"Type":"1","count":"1"}},{"shape_attributes":{"name":"circle","cx":380,"cy":302,"r":14},"region_attributes":{"Type":"1","count":"1"}},{"shape_attributes":{"name":"circle","cx":407,"cy":331,"r":14},"region_attributes":{"Type":"1","count":"1"}},{"shape_attributes":{"name":"circle","cx":446,"cy":270,"r":14},"region_attributes":{"Type":"1","count":"1"}},{"shape_attributes":{"name":"circle","cx":459,"cy":316,"r":14},"region_attributes":{"Type":"1","count":"1"}},{"shape_attributes":{"name":"circle","cx":451,"cy":364,"r":14},"region_attributes":{"Type":"1","count":"1"}},{"shape_attributes":{"name":"circle","cx":620,"cy":385,"r":14},"region_attributes":{"Type":"1","count":"1"}},{"shape_attributes":{"name":"circle","cx":619,"cy":228,"r":14},"region_attributes":{"Type":"1","count":"1"}},{"shape_attributes":{"name":"circle","cx":283,"cy":312,"r":14},"region_attributes":{"Type":"1","count":"1"}},{"shape_attributes":{"name":"circle","cx":609,"cy":261,"r":14},"region_attributes":{"Type":"1","count":"1"}},{"shape_attributes":{"name":"circle","cx":698,"cy":96,"r":14},"region_attributes":{"Type":"2","count":"1"}},{"shape_attributes":{"name":"circle","cx":580,"cy":261,"r":14},"region_attributes":{"Type":"2","count":"1"}},{"shape_attributes":{"name":"circle","cx":654,"cy":112,"r":14},"region_attributes":{"Type":"2","count":"1"}},{"shape_attributes":{"name":"circle","cx":479,"cy":221,"r":12},"region_attributes":{"Type":"1","count":"2"}},{"shape_attributes":{"name":"circle","cx":680,"cy":139,"r":12},"region_attributes":{"Type":"1","count":"2"}},{"shape_attributes":{"name":"circle","cx":679,"cy":291,"r":12},"region_attributes":{"Type":"1","count":"3"}},{"shape_attributes":{"name":"circle","cx":467,"cy":287,"r":12},"region_attributes":{"Type":"1","count":"2"}}],"file_attributes":{"date":"","temp":"","rain":"2","neighborhood":"Columbia","total_count":""}}},"_via_attributes":{"region":{"Type":{"type":"dropdown","description":"","options":{"1":"Individual","2":"Structure","3":"Vehicle"},"default_options":{}},"count":{"type":"text","description":"","default_value":""}},"file":{"date":{"type":"text","description":"","default_value":""},"temp":{"type":"text","description":"","default_value":""},"rain":{"type":"dropdown","description":"","options":{"1":"rain","2":"clear"},"default_options":{"2":true}},"neighborhood":{"type":"text","description":"","default_value":"Columbia"},"total_count":{"type":"text","description":"","default_value":""}}},"_via_data_format_version":"2.0.10","_via_image_id_list":["https://drive.google.com/uc?export=view&id=12xgzo05bPEMmcr-0MFAiFE86s6rOtoJP\n","https://drive.google.com/uc?export=view&id=1kbs9tKp_DnRtg8NzNhTMaPj7H0n_NJLx\n","https://drive.google.com/uc?export=view&id=1L8_xGqJ3fQBN4SXvcPEF4AFiZPdfRU9p\n","https://drive.google.com/uc?export=view&id=1992xIeDr6Iz4_JbmbPMYx2hrj09tbJWc\n","https://drive.google.com/uc?export=view&id=1Aha-nSDs4PaLlzNY5FpqoVk75YNx4O4L\n","https://drive.google.com/uc?export=view&id=14TC9eKafp9urJCWqbYstOT12IHHR9S4y\n","https://drive.google.com/uc?export=view&id=1SA4OWaWMnQXBYICf6Njf6ej42a5o-ofk\n","https://drive.google.com/uc?export=view&id=13Je-_TyQWnLgyL00FxAb9lidW7MXBHm2\n","https://drive.google.com/uc?export=view&id=1_43cswrv_720AiCAfmFTj0HgShwyFbwD\n","https://drive.google.com/uc?export=view&id=15DJzhLMSWYnJW4mpPCAjoRB5jTPBp1qY\n","https://drive.google.com/uc?export=view&id=1dqnu1felW8hJJRSoMp_KRTrDDWLauYqp\n","https://drive.google.com/uc?export=view&id=18cb76MUM8c-HRpLaDt9jCZf2jGYhBb7c\n"]}