{"_via_settings":{"ui":{"annotation_editor_height":25,"annotation_editor_fontsize":0.8,"leftsidebar_width":18,"image_grid":{"img_height":80,"rshape_fill":"none","rshape_fill_opacity":0.3,"rshape_stroke":"yellow","rshape_stroke_width":2,"show_region_shape":true,"show_image_policy":"all"},"image":{"region_label":"__via_region_id__","region_color":"__via_default_region_color__","region_label_font":"10px Sans","on_image_annotation_editor_placement":"NEAR_REGION"}},"core":{"buffer_size":18,"filepath":{},"default_filepath":""},"project":{"name":"East Village South_2019_count"}},"_via_img_metadata":{"https://drive.google.com/uc?export=view&id=1wHGZOjlTowBNVs-a0EQctuy6pqKaZjZX\n":{"filename":"https://drive.google.com/uc?export=view&id=1wHGZOjlTowBNVs-a0EQctuy6pqKaZjZX\n","size":-1,"regions":[{"shape_attributes":{"name":"rect","x":84,"y":213,"width":31,"height":51},"region_attributes":{"Type":"2","count":"4"}},{"shape_attributes":{"name":"rect","x":72,"y":212,"width":43,"height":52},"region_attributes":{"Type":"1","count":"12"}},{"shape_attributes":{"name":"rect","x":129,"y":178,"width":16,"height":20},"region_attributes":{"Type":"1","count":"6"}},{"shape_attributes":{"name":"rect","x":152,"y":186,"width":15,"height":15},"region_attributes":{"Type":"2","count":"1"}},{"shape_attributes":{"name":"rect","x":276,"y":163,"width":34,"height":44},"region_attributes":{"Type":"1","count":"2"}},{"shape_attributes":{"name":"rect","x":188,"y":237,"width":29,"height":24},"region_attributes":{"Type":"1","count":"1"}},{"shape_attributes":{"name":"rect","x":218,"y":451,"width":22,"height":19},"region_attributes":{"Type":"1","count":"1"}},{"shape_attributes":{"name":"rect","x":298,"y":285,"width":63,"height":72},"region_attributes":{"Type":"1","count":"14"}},{"shape_attributes":{"name":"rect","x":339,"y":375,"width":16,"height":17},"region_attributes":{"Type":"2","count":"2"}},{"shape_attributes":{"name":"rect","x":348,"y":404,"width":12,"height":12},"region_attributes":{"Type":"1","count":"3"}},{"shape_attributes":{"name":"rect","x":321,"y":155,"width":20,"height":24},"region_attributes":{"Type":"1","count":"1"}},{"shape_attributes":{"name":"rect","x":373,"y":158,"width":25,"height":33},"region_attributes":{"Type":"1","count":"5"}},{"shape_attributes":{"name":"rect","x":366,"y":218,"width":43,"height":50},"region_attributes":{"Type":"1","count":"15"}},{"shape_attributes":{"name":"rect","x":387,"y":238,"width":27,"height":24},"region_attributes":{"Type":"2","count":"3"}},{"shape_attributes":{"name":"rect","x":370,"y":275,"width":35,"height":33},"region_attributes":{"Type":"1","count":"13"}},{"shape_attributes":{"name":"rect","x":418,"y":160,"width":35,"height":49},"region_attributes":{"Type":"1","count":"8"}},{"shape_attributes":{"name":"rect","x":439,"y":149,"width":22,"height":28},"region_attributes":{"Type":"2","count":"2"}},{"shape_attributes":{"name":"rect","x":430,"y":439,"width":55,"height":28},"region_attributes":{"Type":"1","count":"20"}},{"shape_attributes":{"name":"rect","x":439,"y":372,"width":17,"height":31},"region_attributes":{"Type":"1","count":"4"}},{"shape_attributes":{"name":"rect","x":478,"y":300,"width":24,"height":27},"region_attributes":{"Type":"2","count":"3"}},{"shape_attributes":{"name":"rect","x":504,"y":308,"width":23,"height":13},"region_attributes":{"Type":"1","count":"6"}},{"shape_attributes":{"name":"rect","x":462,"y":473,"width":21,"height":19},"region_attributes":{"Type":"2","count":"1"}},{"shape_attributes":{"name":"rect","x":507,"y":446,"width":25,"height":19},"region_attributes":{"Type":"1","count":"6"}},{"shape_attributes":{"name":"rect","x":493,"y":486,"width":31,"height":18},"region_attributes":{"Type":"1","count":"1"}},{"shape_attributes":{"name":"rect","x":543,"y":449,"width":33,"height":25},"region_attributes":{"Type":"1","count":"3"}},{"shape_attributes":{"name":"rect","x":580,"y":459,"width":14,"height":13},"region_attributes":{"Type":"3","count":"1"}},{"shape_attributes":{"name":"rect","x":600,"y":481,"width":22,"height":24},"region_attributes":{"Type":"3","count":"1"}},{"shape_attributes":{"name":"rect","x":609,"y":385,"width":21,"height":51},"region_attributes":{"Type":"1","count":"53"}},{"shape_attributes":{"name":"rect","x":593,"y":389,"width":13,"height":27},"region_attributes":{"Type":"2","count":"3"}},{"shape_attributes":{"name":"rect","x":589,"y":332,"width":19,"height":36},"region_attributes":{"Type":"1","count":"2"}},{"shape_attributes":{"name":"rect","x":614,"y":357,"width":24,"height":8},"region_attributes":{"Type":"2","count":"8"}},{"shape_attributes":{"name":"rect","x":545,"y":163,"width":40,"height":47},"region_attributes":{"Type":"2","count":"3"}},{"shape_attributes":{"name":"rect","x":538,"y":153,"width":49,"height":55},"region_attributes":{"Type":"1","count":"15"}},{"shape_attributes":{"name":"rect","x":596,"y":157,"width":37,"height":49},"region_attributes":{"Type":"1","count":"16"}},{"shape_attributes":{"name":"rect","x":593,"y":165,"width":58,"height":10},"region_attributes":{"Type":"2","count":"8"}},{"shape_attributes":{"name":"rect","x":595,"y":220,"width":34,"height":38},"region_attributes":{"Type":"1","count":"10"}},{"shape_attributes":{"name":"rect","x":625,"y":230,"width":13,"height":28},"region_attributes":{"Type":"3","count":"1"}},{"shape_attributes":{"name":"rect","x":539,"y":271,"width":46,"height":54},"region_attributes":{"Type":"1","count":"14"}},{"shape_attributes":{"name":"rect","x":527,"y":256,"width":58,"height":71},"region_attributes":{"Type":"2","count":"3"}},{"shape_attributes":{"name":"rect","x":640,"y":272,"width":23,"height":28},"region_attributes":{"Type":"2","count":"7"}},{"shape_attributes":{"name":"rect","x":646,"y":286,"width":30,"height":21},"region_attributes":{"Type":"1","count":"5"}},{"shape_attributes":{"name":"rect","x":594,"y":277,"width":39,"height":49},"region_attributes":{"Type":"1","count":"11"}},{"shape_attributes":{"name":"rect","x":590,"y":287,"width":58,"height":34},"region_attributes":{"Type":"2","count":"5"}}],"file_attributes":{"date":"","temp":"","rain":"2","neighborhood":"East Village South","total_count":""}},"https://drive.google.com/uc?export=view&id=1DN5H9WPniifEgJGxClvw4fnse2OiD1tP\n":{"filename":"https://drive.google.com/uc?export=view&id=1DN5H9WPniifEgJGxClvw4fnse2OiD1tP\n","size":-1,"regions":[{"shape_attributes":{"name":"rect","x":122,"y":208,"width":30,"height":55},"region_attributes":{"Type":"1","count":"3"}},{"shape_attributes":{"name":"rect","x":118,"y":203,"width":46,"height":35},"region_attributes":{"Type":"2","count":"3"}},{"shape_attributes":{"name":"rect","x":161,"y":328,"width":15,"height":18},"region_attributes":{"Type":"1","count":"2"}},{"shape_attributes":{"name":"rect","x":258,"y":151,"width":22,"height":30},"region_attributes":{"Type":"1","count":"2"}},{"shape_attributes":{"name":"rect","x":348,"y":148,"width":17,"height":25},"region_attributes":{"Type":"1","count":"1"}},{"shape_attributes":{"name":"rect","x":243,"y":437,"width":34,"height":40},"region_attributes":{"Type":"2","count":"1"}},{"shape_attributes":{"name":"rect","x":287,"y":437,"width":17,"height":20},"region_attributes":{"Type":"1","count":"2"}},{"shape_attributes":{"name":"rect","x":397,"y":316,"width":42,"height":32},"region_attributes":{"Type":"2","count":"4"}},{"shape_attributes":{"name":"rect","x":397,"y":327,"width":16,"height":76},"region_attributes":{"Type":"1","count":"13"}},{"shape_attributes":{"name":"rect","x":452,"y":338,"width":34,"height":51},"region_attributes":{"Type":"1","count":"16"}},{"shape_attributes":{"name":"rect","x":483,"y":343,"width":16,"height":11},"region_attributes":{"Type":"3","count":"1"}},{"shape_attributes":{"name":"rect","x":402,"y":155,"width":35,"height":51},"region_attributes":{"Type":"1","count":"6"}},{"shape_attributes":{"name":"rect","x":407,"y":218,"width":26,"height":24},"region_attributes":{"Type":"1","count":"6"}},{"shape_attributes":{"name":"rect","x":402,"y":239,"width":14,"height":21},"region_attributes":{"Type":"2","count":"3"}},{"shape_attributes":{"name":"rect","x":445,"y":411,"width":30,"height":72},"region_attributes":{"Type":"1","count":"4"}},{"shape_attributes":{"name":"rect","x":491,"y":437,"width":80,"height":25},"region_attributes":{"Type":"1","count":"22"}},{"shape_attributes":{"name":"rect","x":533,"y":459,"width":27,"height":23},"region_attributes":{"Type":"2","count":"3"}},{"shape_attributes":{"name":"rect","x":583,"y":451,"width":79,"height":35},"region_attributes":{"Type":"1","count":"3"}},{"shape_attributes":{"name":"rect","x":623,"y":491,"width":36,"height":11},"region_attributes":{"Type":"3","count":"2"}},{"shape_attributes":{"name":"rect","x":619,"y":394,"width":40,"height":40},"region_attributes":{"Type":"1","count":"39"}},{"shape_attributes":{"name":"rect","x":650,"y":355,"width":15,"height":15},"region_attributes":{"Type":"2","count":"8"}},{"shape_attributes":{"name":"rect","x":599,"y":337,"width":44,"height":17},"region_attributes":{"Type":"1","count":"16"}},{"shape_attributes":{"name":"rect","x":449,"y":167,"width":21,"height":37},"region_attributes":{"Type":"1","count":"4"}},{"shape_attributes":{"name":"rect","x":448,"y":227,"width":16,"height":21},"region_attributes":{"Type":"2","count":"3"}},{"shape_attributes":{"name":"rect","x":554,"y":191,"width":58,"height":13},"region_attributes":{"Type":"1","count":"16"}},{"shape_attributes":{"name":"rect","x":573,"y":167,"width":26,"height":24},"region_attributes":{"Type":"2","count":"4"}},{"shape_attributes":{"name":"rect","x":606,"y":176,"width":5,"height":12},"region_attributes":{"Type":"1","count":"8"}},{"shape_attributes":{"name":"rect","x":619,"y":161,"width":5,"height":21},"region_attributes":{"Type":"3","count":"3"}},{"shape_attributes":{"name":"rect","x":629,"y":161,"width":13,"height":23},"region_attributes":{"Type":"2","count":"4"}},{"shape_attributes":{"name":"rect","x":631,"y":150,"width":28,"height":48},"region_attributes":{"Type":"1","count":"5"}},{"shape_attributes":{"name":"rect","x":603,"y":217,"width":49,"height":41},"region_attributes":{"Type":"1","count":"4"}},{"shape_attributes":{"name":"rect","x":667,"y":224,"width":7,"height":11},"region_attributes":{"Type":"3","count":"1"}},{"shape_attributes":{"name":"rect","x":500,"y":292,"width":13,"height":23},"region_attributes":{"Type":"1","count":"4"}},{"shape_attributes":{"name":"rect","x":528,"y":301,"width":19,"height":15},"region_attributes":{"Type":"2","count":"4"}},{"shape_attributes":{"name":"rect","x":575,"y":275,"width":45,"height":47},"region_attributes":{"Type":"1","count":"11"}},{"shape_attributes":{"name":"rect","x":566,"y":287,"width":49,"height":24},"region_attributes":{"Type":"2","count":"5"}},{"shape_attributes":{"name":"rect","x":675,"y":274,"width":19,"height":16},"region_attributes":{"Type":"2","count":"6"}},{"shape_attributes":{"name":"rect","x":651,"y":282,"width":13,"height":35},"region_attributes":{"Type":"1","count":"10"}},{"shape_attributes":{"name":"rect","x":626,"y":297,"width":20,"height":18},"region_attributes":{"Type":"2","count":"5"}},{"shape_attributes":{"name":"rect","x":637,"y":314,"width":41,"height":14},"region_attributes":{"Type":"3","count":"4"}},{"shape_attributes":{"name":"rect","x":366,"y":298,"width":13,"height":23},"region_attributes":{"Type":"1","count":"9"}}],"file_attributes":{"date":"","temp":"","rain":"2","neighborhood":"East Village South","total_count":""}},"https://drive.google.com/uc?export=view&id=1Dzv5TYimConjzgzlXWpSUt8NnYSJkJty\n":{"filename":"https://drive.google.com/uc?export=view&id=1Dzv5TYimConjzgzlXWpSUt8NnYSJkJty\n","size":-1,"regions":[{"shape_attributes":{"name":"rect","x":124,"y":177,"width":79,"height":35},"region_attributes":{"Type":"2","count":"2"}},{"shape_attributes":{"name":"rect","x":115,"y":214,"width":32,"height":12},"region_attributes":{"Type":"1","count":"3"}},{"shape_attributes":{"name":"rect","x":131,"y":352,"width":16,"height":20},"region_attributes":{"Type":"1","count":"1"}},{"shape_attributes":{"name":"rect","x":168,"y":244,"width":119,"height":63},"region_attributes":{"Type":"1","count":"4"}},{"shape_attributes":{"name":"rect","x":125,"y":235,"width":27,"height":6},"region_attributes":{"Type":"2","count":"2"}},{"shape_attributes":{"name":"rect","x":351,"y":151,"width":136,"height":53},"region_attributes":{"Type":"1","count":"12"}},{"shape_attributes":{"name":"rect","x":406,"y":227,"width":61,"height":34},"region_attributes":{"Type":"1","count":"5"}},{"shape_attributes":{"name":"rect","x":396,"y":274,"width":23,"height":21},"region_attributes":{"Type":"1","count":"3"}},{"shape_attributes":{"name":"rect","x":350,"y":327,"width":139,"height":108},"region_attributes":{"Type":"1","count":"15"}},{"shape_attributes":{"name":"rect","x":443,"y":446,"width":58,"height":37},"region_attributes":{"Type":"1","count":"14"}},{"shape_attributes":{"name":"rect","x":505,"y":438,"width":17,"height":21},"region_attributes":{"Type":"1","count":"11"}},{"shape_attributes":{"name":"rect","x":504,"y":241,"width":52,"height":71},"region_attributes":{"Type":"1","count":"9"}},{"shape_attributes":{"name":"rect","x":573,"y":151,"width":13,"height":24},"region_attributes":{"Type":"2","count":"11"}},{"shape_attributes":{"name":"rect","x":573,"y":186,"width":16,"height":16},"region_attributes":{"Type":"1","count":"15"}},{"shape_attributes":{"name":"rect","x":600,"y":174,"width":10,"height":19},"region_attributes":{"Type":"2","count":"6"}},{"shape_attributes":{"name":"rect","x":611,"y":167,"width":7,"height":24},"region_attributes":{"Type":"3","count":"3"}},{"shape_attributes":{"name":"rect","x":626,"y":159,"width":25,"height":24},"region_attributes":{"Type":"2","count":"2"}},{"shape_attributes":{"name":"rect","x":619,"y":182,"width":26,"height":18},"region_attributes":{"Type":"1","count":"7"}},{"shape_attributes":{"name":"rect","x":633,"y":212,"width":13,"height":12},"region_attributes":{"Type":"2","count":"1"}},{"shape_attributes":{"name":"rect","x":660,"y":222,"width":21,"height":16},"region_attributes":{"Type":"3","count":"1"}},{"shape_attributes":{"name":"rect","x":622,"y":234,"width":36,"height":19},"region_attributes":{"Type":"1","count":"5"}},{"shape_attributes":{"name":"rect","x":679,"y":260,"width":18,"height":4},"region_attributes":{"Type":"3","count":"1"}},{"shape_attributes":{"name":"rect","x":633,"y":271,"width":24,"height":34},"region_attributes":{"Type":"1","count":"9"}},{"shape_attributes":{"name":"rect","x":623,"y":304,"width":13,"height":9},"region_attributes":{"Type":"2","count":"2"}},{"shape_attributes":{"name":"rect","x":670,"y":271,"width":13,"height":14},"region_attributes":{"Type":"2","count":"1"}},{"shape_attributes":{"name":"rect","x":682,"y":284,"width":11,"height":15},"region_attributes":{"Type":"1","count":"1"}},{"shape_attributes":{"name":"rect","x":627,"y":325,"width":11,"height":26},"region_attributes":{"Type":"1","count":"9"}},{"shape_attributes":{"name":"rect","x":638,"y":328,"width":21,"height":16},"region_attributes":{"Type":"2","count":"1"}},{"shape_attributes":{"name":"rect","x":670,"y":347,"width":12,"height":27},"region_attributes":{"Type":"1","count":"25"}},{"shape_attributes":{"name":"rect","x":619,"y":373,"width":26,"height":22},"region_attributes":{"Type":"1","count":"13"}},{"shape_attributes":{"name":"rect","x":647,"y":389,"width":13,"height":41},"region_attributes":{"Type":"2","count":"11"}},{"shape_attributes":{"name":"rect","x":619,"y":392,"width":33,"height":17},"region_attributes":{"Type":"2","count":"1"}},{"shape_attributes":{"name":"rect","x":633,"y":407,"width":14,"height":23},"region_attributes":{"Type":"1","count":"5"}},{"shape_attributes":{"name":"rect","x":659,"y":448,"width":13,"height":29},"region_attributes":{"Type":"3","count":"1"}},{"shape_attributes":{"name":"rect","x":639,"y":468,"width":10,"height":15},"region_attributes":{"Type":"1","count":"2"}},{"shape_attributes":{"name":"rect","x":632,"y":491,"width":10,"height":15},"region_attributes":{"Type":"3","count":"1"}},{"shape_attributes":{"name":"rect","x":613,"y":450,"width":12,"height":24},"region_attributes":{"Type":"3","count":"1"}},{"shape_attributes":{"name":"rect","x":598,"y":468,"width":12,"height":16},"region_attributes":{"Type":"1","count":"1"}},{"shape_attributes":{"name":"rect","x":554,"y":436,"width":35,"height":15},"region_attributes":{"Type":"1","count":"28"}},{"shape_attributes":{"name":"rect","x":549,"y":454,"width":26,"height":11},"region_attributes":{"Type":"2","count":"1"}},{"shape_attributes":{"name":"rect","x":529,"y":473,"width":15,"height":16},"region_attributes":{"Type":"1","count":"2"}}],"file_attributes":{"date":"","temp":"","rain":"2","neighborhood":"East Village South","total_count":""}},"https://drive.google.com/uc?export=view&id=1jVNf9p7bFEiASOk06ATNhnlspe4MFl8r\n":{"filename":"https://drive.google.com/uc?export=view&id=1jVNf9p7bFEiASOk06ATNhnlspe4MFl8r\n","size":-1,"regions":[{"shape_attributes":{"name":"rect","x":128,"y":186,"width":21,"height":24},"region_attributes":{"Type":"2","count":"1"}},{"shape_attributes":{"name":"rect","x":123,"y":224,"width":32,"height":15},"region_attributes":{"Type":"1","count":"11"}},{"shape_attributes":{"name":"rect","x":142,"y":252,"width":12,"height":9},"region_attributes":{"Type":"2","count":"4"}},{"shape_attributes":{"name":"rect","x":165,"y":172,"width":29,"height":35},"region_attributes":{"Type":"1","count":"2"}},{"shape_attributes":{"name":"rect","x":186,"y":197,"width":18,"height":14},"region_attributes":{"Type":"2","count":"2"}},{"shape_attributes":{"name":"rect","x":193,"y":238,"width":44,"height":25},"region_attributes":{"Type":"1","count":"3"}},{"shape_attributes":{"name":"rect","x":308,"y":175,"width":23,"height":23},"region_attributes":{"Type":"1","count":"2"}},{"shape_attributes":{"name":"rect","x":332,"y":280,"width":53,"height":56},"region_attributes":{"Type":"1","count":"2"}},{"shape_attributes":{"name":"rect","x":414,"y":243,"width":25,"height":18},"region_attributes":{"Type":"1","count":"30"}},{"shape_attributes":{"name":"rect","x":404,"y":223,"width":10,"height":11},"region_attributes":{"Type":"2","count":"2"}},{"shape_attributes":{"name":"rect","x":411,"y":158,"width":81,"height":49},"region_attributes":{"Type":"1","count":"10"}},{"shape_attributes":{"name":"rect","x":398,"y":384,"width":17,"height":31},"region_attributes":{"Type":"1","count":"6"}},{"shape_attributes":{"name":"rect","x":463,"y":244,"width":13,"height":23},"region_attributes":{"Type":"1","count":"6"}},{"shape_attributes":{"name":"rect","x":451,"y":363,"width":36,"height":24},"region_attributes":{"Type":"1","count":"2"}},{"shape_attributes":{"name":"rect","x":471,"y":397,"width":17,"height":12},"region_attributes":{"Type":"2","count":"1"}},{"shape_attributes":{"name":"rect","x":478,"y":428,"width":13,"height":11},"region_attributes":{"Type":"1","count":"9"}},{"shape_attributes":{"name":"rect","x":501,"y":285,"width":74,"height":40},"region_attributes":{"Type":"1","count":"6"}},{"shape_attributes":{"name":"rect","x":514,"y":447,"width":24,"height":24},"region_attributes":{"Type":"1","count":"14"}},{"shape_attributes":{"name":"rect","x":500,"y":451,"width":14,"height":19},"region_attributes":{"Type":"2","count":"1"}},{"shape_attributes":{"name":"rect","x":558,"y":460,"width":18,"height":12},"region_attributes":{"Type":"1","count":"24"}},{"shape_attributes":{"name":"rect","x":578,"y":452,"width":8,"height":22},"region_attributes":{"Type":"3","count":"1"}},{"shape_attributes":{"name":"rect","x":593,"y":447,"width":25,"height":43},"region_attributes":{"Type":"1","count":"4"}},{"shape_attributes":{"name":"rect","x":614,"y":465,"width":18,"height":16},"region_attributes":{"Type":"3","count":"4"}},{"shape_attributes":{"name":"rect","x":687,"y":459,"width":21,"height":25},"region_attributes":{"Type":"1","count":"3"}},{"shape_attributes":{"name":"rect","x":641,"y":381,"width":25,"height":49},"region_attributes":{"Type":"1","count":"44"}},{"shape_attributes":{"name":"rect","x":593,"y":343,"width":21,"height":86},"region_attributes":{"Type":"1","count":"7"}},{"shape_attributes":{"name":"rect","x":622,"y":393,"width":6,"height":32},"region_attributes":{"Type":"3","count":"1"}},{"shape_attributes":{"name":"rect","x":660,"y":352,"width":10,"height":10},"region_attributes":{"Type":"2","count":"4"}},{"shape_attributes":{"name":"rect","x":586,"y":305,"width":15,"height":21},"region_attributes":{"Type":"2","count":"7"}},{"shape_attributes":{"name":"rect","x":609,"y":299,"width":8,"height":20},"region_attributes":{"Type":"1","count":"13"}},{"shape_attributes":{"name":"rect","x":651,"y":279,"width":19,"height":44},"region_attributes":{"Type":"1","count":"14"}},{"shape_attributes":{"name":"rect","x":636,"y":308,"width":11,"height":15},"region_attributes":{"Type":"2","count":"3"}},{"shape_attributes":{"name":"rect","x":634,"y":336,"width":21,"height":9},"region_attributes":{"Type":"1","count":"5"}},{"shape_attributes":{"name":"rect","x":558,"y":164,"width":63,"height":46},"region_attributes":{"Type":"1","count":"14"}},{"shape_attributes":{"name":"rect","x":618,"y":176,"width":8,"height":20},"region_attributes":{"Type":"3","count":"1"}},{"shape_attributes":{"name":"rect","x":617,"y":167,"width":27,"height":17},"region_attributes":{"Type":"2","count":"6"}},{"shape_attributes":{"name":"rect","x":627,"y":187,"width":14,"height":22},"region_attributes":{"Type":"1","count":"18"}},{"shape_attributes":{"name":"rect","x":644,"y":221,"width":18,"height":12},"region_attributes":{"Type":"2","count":"1"}},{"shape_attributes":{"name":"rect","x":632,"y":234,"width":38,"height":17},"region_attributes":{"Type":"1","count":"5"}}],"file_attributes":{"date":"","temp":"","rain":"2","neighborhood":"East Village South","total_count":""}},"https://drive.google.com/uc?export=view&id=11pKEmV4VB1R6phes4dRALaXnnzWL9TqI\n":{"filename":"https://drive.google.com/uc?export=view&id=11pKEmV4VB1R6phes4dRALaXnnzWL9TqI\n","size":-1,"regions":[{"shape_attributes":{"name":"rect","x":139,"y":162,"width":56,"height":28},"region_attributes":{"Type":"1","count":"3"}},{"shape_attributes":{"name":"rect","x":121,"y":196,"width":74,"height":17},"region_attributes":{"Type":"2","count":"2"}},{"shape_attributes":{"name":"rect","x":125,"y":222,"width":25,"height":23},"region_attributes":{"Type":"1","count":"6"}},{"shape_attributes":{"name":"rect","x":127,"y":253,"width":25,"height":11},"region_attributes":{"Type":"2","count":"4"}},{"shape_attributes":{"name":"rect","x":221,"y":241,"width":60,"height":25},"region_attributes":{"Type":"1","count":"5"}},{"shape_attributes":{"name":"rect","x":303,"y":168,"width":32,"height":33},"region_attributes":{"Type":"1","count":"2"}},{"shape_attributes":{"name":"rect","x":327,"y":453,"width":27,"height":46},"region_attributes":{"Type":"1","count":"3"}},{"shape_attributes":{"name":"rect","x":399,"y":162,"width":128,"height":53},"region_attributes":{"Type":"1","count":"16"}},{"shape_attributes":{"name":"rect","x":466,"y":224,"width":20,"height":43},"region_attributes":{"Type":"1","count":"13"}},{"shape_attributes":{"name":"rect","x":450,"y":247,"width":8,"height":12},"region_attributes":{"Type":"2","count":"2"}},{"shape_attributes":{"name":"rect","x":416,"y":284,"width":18,"height":37},"region_attributes":{"Type":"1","count":"16"}},{"shape_attributes":{"name":"rect","x":401,"y":285,"width":13,"height":23},"region_attributes":{"Type":"2","count":"2"}},{"shape_attributes":{"name":"rect","x":386,"y":378,"width":95,"height":43},"region_attributes":{"Type":"1","count":"22"}},{"shape_attributes":{"name":"rect","x":464,"y":350,"width":19,"height":18},"region_attributes":{"Type":"2","count":"2"}},{"shape_attributes":{"name":"rect","x":456,"y":302,"width":67,"height":18},"region_attributes":{"Type":"1","count":"6"}},{"shape_attributes":{"name":"rect","x":598,"y":163,"width":18,"height":24},"region_attributes":{"Type":"2","count":"1"}},{"shape_attributes":{"name":"rect","x":579,"y":185,"width":36,"height":23},"region_attributes":{"Type":"1","count":"8"}},{"shape_attributes":{"name":"rect","x":624,"y":192,"width":16,"height":18},"region_attributes":{"Type":"2","count":"11"}},{"shape_attributes":{"name":"rect","x":626,"y":159,"width":38,"height":58},"region_attributes":{"Type":"1","count":"4"}},{"shape_attributes":{"name":"rect","x":592,"y":210,"width":25,"height":17},"region_attributes":{"Type":"3","count":"1"}},{"shape_attributes":{"name":"rect","x":633,"y":226,"width":26,"height":39},"region_attributes":{"Type":"1","count":"15"}},{"shape_attributes":{"name":"rect","x":531,"y":305,"width":13,"height":17},"region_attributes":{"Type":"2","count":"2"}},{"shape_attributes":{"name":"rect","x":551,"y":274,"width":14,"height":17},"region_attributes":{"Type":"1","count":"2"}},{"shape_attributes":{"name":"rect","x":583,"y":276,"width":28,"height":33},"region_attributes":{"Type":"1","count":"11"}},{"shape_attributes":{"name":"rect","x":582,"y":309,"width":19,"height":15},"region_attributes":{"Type":"2","count":"2"}},{"shape_attributes":{"name":"rect","x":627,"y":277,"width":35,"height":30},"region_attributes":{"Type":"1","count":"21"}},{"shape_attributes":{"name":"rect","x":639,"y":309,"width":13,"height":12},"region_attributes":{"Type":"2","count":"2"}},{"shape_attributes":{"name":"rect","x":673,"y":277,"width":19,"height":28},"region_attributes":{"Type":"2","count":"3"}},{"shape_attributes":{"name":"rect","x":601,"y":335,"width":45,"height":16},"region_attributes":{"Type":"1","count":"9"}},{"shape_attributes":{"name":"rect","x":652,"y":349,"width":13,"height":15},"region_attributes":{"Type":"2","count":"7"}},{"shape_attributes":{"name":"rect","x":629,"y":375,"width":30,"height":61},"region_attributes":{"Type":"1","count":"64"}},{"shape_attributes":{"name":"rect","x":614,"y":415,"width":14,"height":23},"region_attributes":{"Type":"3","count":"1"}},{"shape_attributes":{"name":"rect","x":585,"y":495,"width":65,"height":10},"region_attributes":{"Type":"3","count":"7"}},{"shape_attributes":{"name":"rect","x":668,"y":463,"width":17,"height":18},"region_attributes":{"Type":"1","count":"1"}},{"shape_attributes":{"name":"rect","x":492,"y":447,"width":97,"height":48},"region_attributes":{"Type":"1","count":"33"}}],"file_attributes":{"date":"","temp":"","rain":"2","neighborhood":"East Village South","total_count":""}},"https://drive.google.com/uc?export=view&id=1nAIkVB1Ro6nuJOy7kozmsgdVRDlD9uWo\n":{"filename":"https://drive.google.com/uc?export=view&id=1nAIkVB1Ro6nuJOy7kozmsgdVRDlD9uWo\n","size":-1,"regions":[{"shape_attributes":{"name":"rect","x":153,"y":173,"width":13,"height":49},"region_attributes":{"Type":"2","count":"7"}},{"shape_attributes":{"name":"rect","x":189,"y":158,"width":20,"height":28},"region_attributes":{"Type":"1","count":"1"}},{"shape_attributes":{"name":"rect","x":169,"y":267,"width":15,"height":14},"region_attributes":{"Type":"1","count":"1"}},{"shape_attributes":{"name":"rect","x":172,"y":213,"width":14,"height":12},"region_attributes":{"Type":"1","count":"3"}},{"shape_attributes":{"name":"rect","x":231,"y":207,"width":99,"height":41},"region_attributes":{"Type":"1","count":"3"}},{"shape_attributes":{"name":"rect","x":400,"y":136,"width":66,"height":44},"region_attributes":{"Type":"1","count":"5"}},{"shape_attributes":{"name":"rect","x":481,"y":144,"width":11,"height":44},"region_attributes":{"Type":"1","count":"3"}},{"shape_attributes":{"name":"rect","x":494,"y":175,"width":13,"height":19},"region_attributes":{"Type":"3","count":"1"}},{"shape_attributes":{"name":"rect","x":430,"y":226,"width":85,"height":20},"region_attributes":{"Type":"1","count":"5"}},{"shape_attributes":{"name":"rect","x":502,"y":334,"width":18,"height":18},"region_attributes":{"Type":"2","count":"5"}},{"shape_attributes":{"name":"rect","x":425,"y":290,"width":93,"height":114},"region_attributes":{"Type":"1","count":"18"}},{"shape_attributes":{"name":"rect","x":507,"y":425,"width":9,"height":24},"region_attributes":{"Type":"1","count":"5"}},{"shape_attributes":{"name":"rect","x":495,"y":432,"width":9,"height":12},"region_attributes":{"Type":"2","count":"2"}},{"shape_attributes":{"name":"rect","x":529,"y":398,"width":33,"height":48},"region_attributes":{"Type":"1","count":"22"}},{"shape_attributes":{"name":"rect","x":528,"y":449,"width":13,"height":17},"region_attributes":{"Type":"2","count":"1"}},{"shape_attributes":{"name":"rect","x":568,"y":423,"width":66,"height":52},"region_attributes":{"Type":"1","count":"14"}},{"shape_attributes":{"name":"rect","x":660,"y":434,"width":37,"height":34},"region_attributes":{"Type":"1","count":"6"}},{"shape_attributes":{"name":"rect","x":672,"y":477,"width":19,"height":7},"region_attributes":{"Type":"3","count":"5"}},{"shape_attributes":{"name":"rect","x":651,"y":148,"width":5,"height":19},"region_attributes":{"Type":"3","count":"1"}},{"shape_attributes":{"name":"rect","x":638,"y":150,"width":29,"height":20},"region_attributes":{"Type":"2","count":"7"}},{"shape_attributes":{"name":"rect","x":596,"y":136,"width":98,"height":49},"region_attributes":{"Type":"1","count":"15"}},{"shape_attributes":{"name":"rect","x":659,"y":187,"width":36,"height":6},"region_attributes":{"Type":"3","count":"1"}},{"shape_attributes":{"name":"rect","x":662,"y":201,"width":26,"height":30},"region_attributes":{"Type":"1","count":"22"}},{"shape_attributes":{"name":"rect","x":711,"y":249,"width":14,"height":23},"region_attributes":{"Type":"2","count":"1"}},{"shape_attributes":{"name":"rect","x":688,"y":252,"width":15,"height":36},"region_attributes":{"Type":"1","count":"5"}},{"shape_attributes":{"name":"rect","x":613,"y":254,"width":41,"height":26},"region_attributes":{"Type":"1","count":"15"}},{"shape_attributes":{"name":"rect","x":609,"y":288,"width":23,"height":9},"region_attributes":{"Type":"2","count":"3"}},{"shape_attributes":{"name":"rect","x":661,"y":279,"width":11,"height":17},"region_attributes":{"Type":"1","count":"7"}},{"shape_attributes":{"name":"rect","x":622,"y":302,"width":19,"height":8},"region_attributes":{"Type":"3","count":"1"}},{"shape_attributes":{"name":"rect","x":667,"y":309,"width":18,"height":33},"region_attributes":{"Type":"1","count":"32"}},{"shape_attributes":{"name":"rect","x":705,"y":311,"width":14,"height":21},"region_attributes":{"Type":"2","count":"1"}},{"shape_attributes":{"name":"rect","x":712,"y":336,"width":12,"height":14},"region_attributes":{"Type":"1","count":"1"}},{"shape_attributes":{"name":"rect","x":692,"y":338,"width":9,"height":28},"region_attributes":{"Type":"2","count":"6"}},{"shape_attributes":{"name":"rect","x":651,"y":325,"width":14,"height":28},"region_attributes":{"Type":"3","count":"1"}},{"shape_attributes":{"name":"rect","x":658,"y":362,"width":38,"height":20},"region_attributes":{"Type":"1","count":"38"}},{"shape_attributes":{"name":"rect","x":678,"y":402,"width":22,"height":12},"region_attributes":{"Type":"1","count":"6"}},{"shape_attributes":{"name":"rect","x":659,"y":393,"width":13,"height":17},"region_attributes":{"Type":"2","count":"3"}}],"file_attributes":{"date":"","temp":"","rain":"2","neighborhood":"East Village South","total_count":""}},"https://drive.google.com/uc?export=view&id=1yfSTkXQyf93qtvEiyPdXfCBD7YFBANBQ\n":{"filename":"https://drive.google.com/uc?export=view&id=1yfSTkXQyf93qtvEiyPdXfCBD7YFBANBQ\n","size":-1,"regions":[{"shape_attributes":{"name":"rect","x":111,"y":171,"width":23,"height":14},"region_attributes":{"Type":"1","count":"1"}},{"shape_attributes":{"name":"rect","x":111,"y":322,"width":34,"height":50},"region_attributes":{"Type":"1","count":"4"}},{"shape_attributes":{"name":"rect","x":139,"y":192,"width":15,"height":21},"region_attributes":{"Type":"2","count":"2"}},{"shape_attributes":{"name":"rect","x":115,"y":220,"width":17,"height":19},"region_attributes":{"Type":"1","count":"1"}},{"shape_attributes":{"name":"rect","x":167,"y":199,"width":17,"height":41},"region_attributes":{"Type":"1","count":"4"}},{"shape_attributes":{"name":"rect","x":212,"y":245,"width":15,"height":24},"region_attributes":{"Type":"1","count":"1"}},{"shape_attributes":{"name":"rect","x":260,"y":191,"width":69,"height":23},"region_attributes":{"Type":"1","count":"4"}},{"shape_attributes":{"name":"rect","x":288,"y":221,"width":10,"height":16},"region_attributes":{"Type":"1","count":"1"}},{"shape_attributes":{"name":"rect","x":357,"y":162,"width":87,"height":47},"region_attributes":{"Type":"1","count":"15"}},{"shape_attributes":{"name":"rect","x":466,"y":169,"width":25,"height":48},"region_attributes":{"Type":"1","count":"4"}},{"shape_attributes":{"name":"rect","x":432,"y":224,"width":10,"height":18},"region_attributes":{"Type":"3","count":"1"}},{"shape_attributes":{"name":"rect","x":403,"y":237,"width":71,"height":27},"region_attributes":{"Type":"1","count":"8"}},{"shape_attributes":{"name":"rect","x":299,"y":365,"width":55,"height":20},"region_attributes":{"Type":"1","count":"2"}},{"shape_attributes":{"name":"rect","x":247,"y":476,"width":15,"height":18},"region_attributes":{"Type":"1","count":"1"}},{"shape_attributes":{"name":"rect","x":385,"y":285,"width":44,"height":68},"region_attributes":{"Type":"1","count":"14"}},{"shape_attributes":{"name":"rect","x":464,"y":279,"width":23,"height":30},"region_attributes":{"Type":"1","count":"8"}},{"shape_attributes":{"name":"rect","x":399,"y":368,"width":59,"height":33},"region_attributes":{"Type":"1","count":"6"}},{"shape_attributes":{"name":"rect","x":403,"y":419,"width":35,"height":20},"region_attributes":{"Type":"1","count":"2"}},{"shape_attributes":{"name":"rect","x":460,"y":327,"width":19,"height":20},"region_attributes":{"Type":"1","count":"2"}},{"shape_attributes":{"name":"rect","x":473,"y":348,"width":20,"height":19},"region_attributes":{"Type":"2","count":"1"}},{"shape_attributes":{"name":"rect","x":475,"y":383,"width":9,"height":30},"region_attributes":{"Type":"1","count":"11"}},{"shape_attributes":{"name":"rect","x":485,"y":393,"width":13,"height":22},"region_attributes":{"Type":"3","count":"1"}},{"shape_attributes":{"name":"rect","x":470,"y":421,"width":19,"height":15},"region_attributes":{"Type":"2","count":"5"}},{"shape_attributes":{"name":"rect","x":456,"y":449,"width":76,"height":48},"region_attributes":{"Type":"1","count":"31"}},{"shape_attributes":{"name":"rect","x":540,"y":446,"width":33,"height":36},"region_attributes":{"Type":"1","count":"9"}},{"shape_attributes":{"name":"rect","x":503,"y":310,"width":20,"height":25},"region_attributes":{"Type":"1","count":"3"}},{"shape_attributes":{"name":"rect","x":525,"y":302,"width":18,"height":23},"region_attributes":{"Type":"2","count":"1"}},{"shape_attributes":{"name":"rect","x":554,"y":281,"width":19,"height":14},"region_attributes":{"Type":"1","count":"1"}},{"shape_attributes":{"name":"rect","x":583,"y":159,"width":33,"height":26},"region_attributes":{"Type":"1","count":"3"}},{"shape_attributes":{"name":"rect","x":635,"y":165,"width":23,"height":41},"region_attributes":{"Type":"1","count":"9"}},{"shape_attributes":{"name":"rect","x":672,"y":176,"width":12,"height":14},"region_attributes":{"Type":"3","count":"1"}},{"shape_attributes":{"name":"rect","x":640,"y":211,"width":30,"height":4},"region_attributes":{"Type":"3","count":"1"}},{"shape_attributes":{"name":"rect","x":621,"y":178,"width":6,"height":26},"region_attributes":{"Type":"3","count":"1"}},{"shape_attributes":{"name":"rect","x":611,"y":183,"width":8,"height":19},"region_attributes":{"Type":"2","count":"2"}},{"shape_attributes":{"name":"rect","x":630,"y":222,"width":35,"height":32},"region_attributes":{"Type":"1","count":"24"}},{"shape_attributes":{"name":"rect","x":597,"y":236,"width":26,"height":29},"region_attributes":{"Type":"1","count":"2"}},{"shape_attributes":{"name":"rect","x":578,"y":293,"width":18,"height":15},"region_attributes":{"Type":"1","count":"13"}},{"shape_attributes":{"name":"rect","x":601,"y":281,"width":13,"height":42},"region_attributes":{"Type":"2","count":"3"}},{"shape_attributes":{"name":"rect","x":635,"y":277,"width":29,"height":28},"region_attributes":{"Type":"1","count":"20"}},{"shape_attributes":{"name":"rect","x":675,"y":276,"width":18,"height":21},"region_attributes":{"Type":"3","count":"1"}},{"shape_attributes":{"name":"rect","x":636,"y":306,"width":17,"height":15},"region_attributes":{"Type":"2","count":"4"}},{"shape_attributes":{"name":"rect","x":640,"y":334,"width":13,"height":16},"region_attributes":{"Type":"1","count":"19"}},{"shape_attributes":{"name":"rect","x":595,"y":351,"width":19,"height":69},"region_attributes":{"Type":"1","count":"3"}},{"shape_attributes":{"name":"rect","x":678,"y":337,"width":11,"height":16},"region_attributes":{"Type":"2","count":"1"}},{"shape_attributes":{"name":"rect","x":677,"y":357,"width":7,"height":15},"region_attributes":{"Type":"1","count":"1"}},{"shape_attributes":{"name":"rect","x":620,"y":363,"width":7,"height":62},"region_attributes":{"Type":"3","count":"3"}},{"shape_attributes":{"name":"rect","x":632,"y":356,"width":31,"height":14},"region_attributes":{"Type":"2","count":"9"}},{"shape_attributes":{"name":"rect","x":631,"y":383,"width":36,"height":15},"region_attributes":{"Type":"1","count":"65"}},{"shape_attributes":{"name":"rect","x":633,"y":407,"width":28,"height":11},"region_attributes":{"Type":"2","count":"7"}},{"shape_attributes":{"name":"rect","x":635,"y":421,"width":25,"height":13},"region_attributes":{"Type":"1","count":"12"}},{"shape_attributes":{"name":"rect","x":683,"y":396,"width":15,"height":20},"region_attributes":{"Type":"1","count":"8"}},{"shape_attributes":{"name":"rect","x":675,"y":418,"width":16,"height":16},"region_attributes":{"Type":"2","count":"1"}},{"shape_attributes":{"name":"rect","x":601,"y":445,"width":42,"height":15},"region_attributes":{"Type":"1","count":"10"}},{"shape_attributes":{"name":"rect","x":647,"y":459,"width":14,"height":31},"region_attributes":{"Type":"1","count":"2"}},{"shape_attributes":{"name":"rect","x":683,"y":458,"width":7,"height":19},"region_attributes":{"Type":"1","count":"1"}},{"shape_attributes":{"name":"rect","x":643,"y":495,"width":26,"height":12},"region_attributes":{"Type":"2","count":"5"}},{"shape_attributes":{"name":"rect","x":586,"y":470,"width":28,"height":26},"region_attributes":{"Type":"1","count":"3"}}],"file_attributes":{"date":"","temp":"","rain":"2","neighborhood":"East Village South","total_count":""}},"https://drive.google.com/uc?export=view&id=1EOFIpk5WmL98YgxODPxbJ7tHkHU-IIkY\n":{"filename":"https://drive.google.com/uc?export=view&id=1EOFIpk5WmL98YgxODPxbJ7tHkHU-IIkY\n","size":-1,"regions":[{"shape_attributes":{"name":"rect","x":141,"y":232,"width":20,"height":25},"region_attributes":{"Type":"2","count":"1"}},{"shape_attributes":{"name":"rect","x":131,"y":260,"width":20,"height":37},"region_attributes":{"Type":"1","count":"2"}},{"shape_attributes":{"name":"rect","x":136,"y":394,"width":15,"height":15},"region_attributes":{"Type":"1","count":"1"}},{"shape_attributes":{"name":"rect","x":170,"y":181,"width":15,"height":23},"region_attributes":{"Type":"1","count":"1"}},{"shape_attributes":{"name":"rect","x":216,"y":204,"width":28,"height":67},"region_attributes":{"Type":"1","count":"6"}},{"shape_attributes":{"name":"rect","x":290,"y":177,"width":43,"height":24},"region_attributes":{"Type":"1","count":"3"}},{"shape_attributes":{"name":"rect","x":302,"y":296,"width":16,"height":17},"region_attributes":{"Type":"1","count":"1"}},{"shape_attributes":{"name":"rect","x":282,"y":466,"width":19,"height":23},"region_attributes":{"Type":"1","count":"1"}},{"shape_attributes":{"name":"rect","x":337,"y":320,"width":27,"height":36},"region_attributes":{"Type":"1","count":"3"}},{"shape_attributes":{"name":"rect","x":375,"y":375,"width":20,"height":28},"region_attributes":{"Type":"2","count":"3"}},{"shape_attributes":{"name":"rect","x":399,"y":357,"width":17,"height":20},"region_attributes":{"Type":"1","count":"14"}},{"shape_attributes":{"name":"rect","x":399,"y":280,"width":15,"height":20},"region_attributes":{"Type":"1","count":"2"}},{"shape_attributes":{"name":"rect","x":405,"y":170,"width":77,"height":46},"region_attributes":{"Type":"1","count":"11"}},{"shape_attributes":{"name":"rect","x":463,"y":239,"width":43,"height":21},"region_attributes":{"Type":"1","count":"4"}},{"shape_attributes":{"name":"rect","x":489,"y":311,"width":13,"height":14},"region_attributes":{"Type":"1","count":"2"}},{"shape_attributes":{"name":"rect","x":463,"y":335,"width":13,"height":20},"region_attributes":{"Type":"2","count":"2"}},{"shape_attributes":{"name":"rect","x":442,"y":334,"width":25,"height":29},"region_attributes":{"Type":"1","count":"2"}},{"shape_attributes":{"name":"rect","x":461,"y":377,"width":12,"height":53},"region_attributes":{"Type":"1","count":"6"}},{"shape_attributes":{"name":"rect","x":463,"y":455,"width":10,"height":17},"region_attributes":{"Type":"1","count":"5"}},{"shape_attributes":{"name":"rect","x":485,"y":446,"width":69,"height":38},"region_attributes":{"Type":"1","count":"37"}},{"shape_attributes":{"name":"rect","x":570,"y":184,"width":18,"height":32},"region_attributes":{"Type":"1","count":"12"}},{"shape_attributes":{"name":"rect","x":594,"y":183,"width":12,"height":16},"region_attributes":{"Type":"2","count":"2"}},{"shape_attributes":{"name":"rect","x":639,"y":174,"width":19,"height":23},"region_attributes":{"Type":"2","count":"1"}},{"shape_attributes":{"name":"rect","x":613,"y":173,"width":20,"height":27},"region_attributes":{"Type":"1","count":"13"}},{"shape_attributes":{"name":"rect","x":610,"y":206,"width":19,"height":9},"region_attributes":{"Type":"2","count":"4"}},{"shape_attributes":{"name":"rect","x":612,"y":234,"width":25,"height":26},"region_attributes":{"Type":"1","count":"13"}},{"shape_attributes":{"name":"rect","x":569,"y":287,"width":31,"height":31},"region_attributes":{"Type":"1","count":"27"}},{"shape_attributes":{"name":"rect","x":570,"y":317,"width":13,"height":11},"region_attributes":{"Type":"2","count":"1"}},{"shape_attributes":{"name":"rect","x":572,"y":323,"width":12,"height":17},"region_attributes":{"Type":"3","count":"1"}},{"shape_attributes":{"name":"rect","x":618,"y":298,"width":26,"height":25},"region_attributes":{"Type":"1","count":"14"}},{"shape_attributes":{"name":"rect","x":613,"y":341,"width":35,"height":42},"region_attributes":{"Type":"1","count":"55"}},{"shape_attributes":{"name":"rect","x":650,"y":348,"width":23,"height":23},"region_attributes":{"Type":"1","count":"8"}},{"shape_attributes":{"name":"rect","x":616,"y":393,"width":15,"height":44},"region_attributes":{"Type":"1","count":"43"}},{"shape_attributes":{"name":"rect","x":638,"y":401,"width":10,"height":22},"region_attributes":{"Type":"2","count":"4"}},{"shape_attributes":{"name":"rect","x":656,"y":398,"width":10,"height":30},"region_attributes":{"Type":"2","count":"1"}},{"shape_attributes":{"name":"rect","x":597,"y":463,"width":12,"height":21},"region_attributes":{"Type":"3","count":"1"}},{"shape_attributes":{"name":"rect","x":651,"y":452,"width":15,"height":23},"region_attributes":{"Type":"3","count":"1"}},{"shape_attributes":{"name":"rect","x":624,"y":491,"width":23,"height":14},"region_attributes":{"Type":"3","count":"1"}},{"shape_attributes":{"name":"rect","x":614,"y":448,"width":34,"height":26},"region_attributes":{"Type":"1","count":"4"}}],"file_attributes":{"date":"","temp":"","rain":"2","neighborhood":"East Village South","total_count":""}},"https://drive.google.com/uc?export=view&id=1-YRcw04UbM55V_9hp2otRaexIt8_9CEl\n":{"filename":"https://drive.google.com/uc?export=view&id=1-YRcw04UbM55V_9hp2otRaexIt8_9CEl\n","size":-1,"regions":[{"shape_attributes":{"name":"rect","x":125,"y":205,"width":26,"height":28},"region_attributes":{"Type":"2","count":"1"}},{"shape_attributes":{"name":"rect","x":126,"y":238,"width":12,"height":20},"region_attributes":{"Type":"1","count":"3"}},{"shape_attributes":{"name":"rect","x":101,"y":274,"width":12,"height":13},"region_attributes":{"Type":"1","count":"1"}},{"shape_attributes":{"name":"rect","x":153,"y":269,"width":13,"height":21},"region_attributes":{"Type":"1","count":"1"}},{"shape_attributes":{"name":"rect","x":150,"y":392,"width":23,"height":27},"region_attributes":{"Type":"1","count":"5"}},{"shape_attributes":{"name":"rect","x":206,"y":228,"width":63,"height":28},"region_attributes":{"Type":"1","count":"8"}},{"shape_attributes":{"name":"rect","x":237,"y":459,"width":14,"height":20},"region_attributes":{"Type":"1","count":"2"}},{"shape_attributes":{"name":"rect","x":341,"y":261,"width":29,"height":58},"region_attributes":{"Type":"1","count":"32"}},{"shape_attributes":{"name":"rect","x":309,"y":324,"width":28,"height":24},"region_attributes":{"Type":"1","count":"1"}},{"shape_attributes":{"name":"rect","x":289,"y":358,"width":22,"height":27},"region_attributes":{"Type":"1","count":"1"}},{"shape_attributes":{"name":"rect","x":351,"y":158,"width":18,"height":21},"region_attributes":{"Type":"1","count":"2"}},{"shape_attributes":{"name":"rect","x":362,"y":226,"width":16,"height":20},"region_attributes":{"Type":"1","count":"1"}},{"shape_attributes":{"name":"rect","x":396,"y":158,"width":83,"height":42},"region_attributes":{"Type":"1","count":"15"}},{"shape_attributes":{"name":"rect","x":413,"y":219,"width":63,"height":38},"region_attributes":{"Type":"1","count":"14"}},{"shape_attributes":{"name":"rect","x":396,"y":241,"width":14,"height":15},"region_attributes":{"Type":"2","count":"1"}},{"shape_attributes":{"name":"rect","x":390,"y":288,"width":13,"height":25},"region_attributes":{"Type":"1","count":"1"}},{"shape_attributes":{"name":"rect","x":384,"y":332,"width":14,"height":16},"region_attributes":{"Type":"1","count":"7"}},{"shape_attributes":{"name":"rect","x":405,"y":325,"width":13,"height":18},"region_attributes":{"Type":"2","count":"1"}},{"shape_attributes":{"name":"rect","x":430,"y":325,"width":19,"height":16},"region_attributes":{"Type":"1","count":"1"}},{"shape_attributes":{"name":"rect","x":383,"y":359,"width":11,"height":17},"region_attributes":{"Type":"2","count":"2"}},{"shape_attributes":{"name":"rect","x":383,"y":385,"width":14,"height":22},"region_attributes":{"Type":"1","count":"2"}},{"shape_attributes":{"name":"rect","x":418,"y":370,"width":51,"height":26},"region_attributes":{"Type":"1","count":"5"}},{"shape_attributes":{"name":"rect","x":456,"y":404,"width":14,"height":20},"region_attributes":{"Type":"2","count":"3"}},{"shape_attributes":{"name":"rect","x":488,"y":270,"width":19,"height":27},"region_attributes":{"Type":"1","count":"1"}},{"shape_attributes":{"name":"rect","x":481,"y":437,"width":31,"height":43},"region_attributes":{"Type":"1","count":"28"}},{"shape_attributes":{"name":"rect","x":525,"y":439,"width":52,"height":30},"region_attributes":{"Type":"1","count":"14"}},{"shape_attributes":{"name":"rect","x":546,"y":160,"width":20,"height":21},"region_attributes":{"Type":"1","count":"1"}},{"shape_attributes":{"name":"rect","x":592,"y":158,"width":34,"height":13},"region_attributes":{"Type":"2","count":"7"}},{"shape_attributes":{"name":"rect","x":609,"y":151,"width":4,"height":33},"region_attributes":{"Type":"3","count":"1"}},{"shape_attributes":{"name":"rect","x":582,"y":183,"width":71,"height":20},"region_attributes":{"Type":"1","count":"13"}},{"shape_attributes":{"name":"rect","x":621,"y":215,"width":26,"height":24},"region_attributes":{"Type":"1","count":"16"}},{"shape_attributes":{"name":"rect","x":620,"y":248,"width":16,"height":7},"region_attributes":{"Type":"2","count":"1"}},{"shape_attributes":{"name":"rect","x":580,"y":242,"width":13,"height":14},"region_attributes":{"Type":"1","count":"1"}},{"shape_attributes":{"name":"rect","x":580,"y":270,"width":23,"height":9},"region_attributes":{"Type":"1","count":"6"}},{"shape_attributes":{"name":"rect","x":557,"y":285,"width":7,"height":17},"region_attributes":{"Type":"3","count":"1"}},{"shape_attributes":{"name":"rect","x":572,"y":290,"width":23,"height":19},"region_attributes":{"Type":"2","count":"1"}},{"shape_attributes":{"name":"rect","x":573,"y":317,"width":24,"height":10},"region_attributes":{"Type":"3","count":"1"}},{"shape_attributes":{"name":"rect","x":642,"y":269,"width":39,"height":24},"region_attributes":{"Type":"1","count":"9"}},{"shape_attributes":{"name":"rect","x":626,"y":270,"width":8,"height":10},"region_attributes":{"Type":"2","count":"1"}},{"shape_attributes":{"name":"rect","x":618,"y":297,"width":41,"height":17},"region_attributes":{"Type":"2","count":"5"}},{"shape_attributes":{"name":"rect","x":608,"y":288,"width":32,"height":35},"region_attributes":{"Type":"1","count":"12"}},{"shape_attributes":{"name":"rect","x":620,"y":330,"width":35,"height":38},"region_attributes":{"Type":"1","count":"49"}},{"shape_attributes":{"name":"rect","x":664,"y":335,"width":17,"height":27},"region_attributes":{"Type":"1","count":"8"}},{"shape_attributes":{"name":"rect","x":612,"y":370,"width":14,"height":13},"region_attributes":{"Type":"2","count":"5"}},{"shape_attributes":{"name":"rect","x":613,"y":391,"width":16,"height":18},"region_attributes":{"Type":"1","count":"17"}},{"shape_attributes":{"name":"rect","x":638,"y":394,"width":16,"height":19},"region_attributes":{"Type":"2","count":"4"}},{"shape_attributes":{"name":"rect","x":632,"y":424,"width":5,"height":6},"region_attributes":{"Type":"1","count":"5"}},{"shape_attributes":{"name":"rect","x":614,"y":415,"width":8,"height":14},"region_attributes":{"Type":"2","count":"3"}},{"shape_attributes":{"name":"rect","x":601,"y":392,"width":12,"height":33},"region_attributes":{"Type":"3","count":"1"}},{"shape_attributes":{"name":"rect","x":618,"y":445,"width":29,"height":23},"region_attributes":{"Type":"1","count":"5"}},{"shape_attributes":{"name":"rect","x":634,"y":490,"width":19,"height":9},"region_attributes":{"Type":"3","count":"3"}},{"shape_attributes":{"name":"rect","x":601,"y":444,"width":19,"height":31},"region_attributes":{"Type":"3","count":"3"}},{"shape_attributes":{"name":"rect","x":592,"y":465,"width":15,"height":24},"region_attributes":{"Type":"1","count":"1"}},{"shape_attributes":{"name":"rect","x":567,"y":483,"width":28,"height":14},"region_attributes":{"Type":"3","count":"2"}}],"file_attributes":{"date":"","temp":"","rain":"2","neighborhood":"East Village South","total_count":""}},"https://drive.google.com/uc?export=view&id=1kT2DMR5UFiUOl8O0I2L-2MmXSoM663v7\n":{"filename":"https://drive.google.com/uc?export=view&id=1kT2DMR5UFiUOl8O0I2L-2MmXSoM663v7\n","size":-1,"regions":[{"shape_attributes":{"name":"rect","x":128,"y":164,"width":72,"height":60},"region_attributes":{"Type":"1","count":"9"}},{"shape_attributes":{"name":"rect","x":131,"y":229,"width":21,"height":27},"region_attributes":{"Type":"2","count":"1"}},{"shape_attributes":{"name":"rect","x":203,"y":229,"width":32,"height":31},"region_attributes":{"Type":"1","count":"1"}},{"shape_attributes":{"name":"rect","x":310,"y":154,"width":21,"height":19},"region_attributes":{"Type":"1","count":"1"}},{"shape_attributes":{"name":"rect","x":292,"y":349,"width":22,"height":20},"region_attributes":{"Type":"1","count":"1"}},{"shape_attributes":{"name":"rect","x":350,"y":458,"width":15,"height":21},"region_attributes":{"Type":"1","count":"1"}},{"shape_attributes":{"name":"rect","x":372,"y":364,"width":13,"height":17},"region_attributes":{"Type":"1","count":"1"}},{"shape_attributes":{"name":"rect","x":355,"y":280,"width":61,"height":32},"region_attributes":{"Type":"1","count":"9"}},{"shape_attributes":{"name":"rect","x":400,"y":150,"width":27,"height":35},"region_attributes":{"Type":"1","count":"4"}},{"shape_attributes":{"name":"rect","x":410,"y":200,"width":27,"height":14},"region_attributes":{"Type":"3","count":"1"}},{"shape_attributes":{"name":"rect","x":434,"y":169,"width":13,"height":17},"region_attributes":{"Type":"3","count":"1"}},{"shape_attributes":{"name":"rect","x":453,"y":167,"width":34,"height":54},"region_attributes":{"Type":"1","count":"9"}},{"shape_attributes":{"name":"rect","x":451,"y":237,"width":15,"height":20},"region_attributes":{"Type":"2","count":"1"}},{"shape_attributes":{"name":"rect","x":468,"y":236,"width":56,"height":6},"region_attributes":{"Type":"1","count":"5"}},{"shape_attributes":{"name":"rect","x":508,"y":180,"width":53,"height":25},"region_attributes":{"Type":"1","count":"3"}},{"shape_attributes":{"name":"rect","x":447,"y":323,"width":14,"height":16},"region_attributes":{"Type":"2","count":"1"}},{"shape_attributes":{"name":"rect","x":396,"y":322,"width":90,"height":101},"region_attributes":{"Type":"1","count":"26"}},{"shape_attributes":{"name":"rect","x":499,"y":445,"width":27,"height":38},"region_attributes":{"Type":"1","count":"16"}},{"shape_attributes":{"name":"rect","x":472,"y":435,"width":15,"height":12},"region_attributes":{"Type":"1","count":"1"}},{"shape_attributes":{"name":"rect","x":469,"y":452,"width":13,"height":13},"region_attributes":{"Type":"2","count":"1"}},{"shape_attributes":{"name":"rect","x":498,"y":274,"width":69,"height":41},"region_attributes":{"Type":"1","count":"6"}},{"shape_attributes":{"name":"rect","x":498,"y":331,"width":22,"height":85},"region_attributes":{"Type":"1","count":"6"}},{"shape_attributes":{"name":"rect","x":580,"y":269,"width":34,"height":44},"region_attributes":{"Type":"1","count":"11"}},{"shape_attributes":{"name":"rect","x":578,"y":153,"width":30,"height":43},"region_attributes":{"Type":"1","count":"26"}},{"shape_attributes":{"name":"rect","x":598,"y":177,"width":17,"height":18},"region_attributes":{"Type":"2","count":"1"}},{"shape_attributes":{"name":"rect","x":629,"y":153,"width":19,"height":22},"region_attributes":{"Type":"1","count":"8"}},{"shape_attributes":{"name":"rect","x":629,"y":185,"width":13,"height":12},"region_attributes":{"Type":"2","count":"2"}},{"shape_attributes":{"name":"rect","x":675,"y":179,"width":13,"height":26},"region_attributes":{"Type":"1","count":"1"}},{"shape_attributes":{"name":"rect","x":628,"y":213,"width":30,"height":32},"region_attributes":{"Type":"1","count":"7"}},{"shape_attributes":{"name":"rect","x":638,"y":261,"width":11,"height":49},"region_attributes":{"Type":"1","count":"7"}},{"shape_attributes":{"name":"rect","x":677,"y":270,"width":15,"height":18},"region_attributes":{"Type":"2","count":"1"}},{"shape_attributes":{"name":"rect","x":625,"y":324,"width":36,"height":40},"region_attributes":{"Type":"1","count":"70"}},{"shape_attributes":{"name":"rect","x":631,"y":366,"width":34,"height":17},"region_attributes":{"Type":"2","count":"12"}},{"shape_attributes":{"name":"rect","x":592,"y":351,"width":21,"height":22},"region_attributes":{"Type":"1","count":"12"}},{"shape_attributes":{"name":"rect","x":636,"y":390,"width":16,"height":34},"region_attributes":{"Type":"1","count":"35"}},{"shape_attributes":{"name":"rect","x":613,"y":382,"width":16,"height":24},"region_attributes":{"Type":"3","count":"1"}},{"shape_attributes":{"name":"rect","x":552,"y":435,"width":61,"height":45},"region_attributes":{"Type":"1","count":"8"}},{"shape_attributes":{"name":"rect","x":618,"y":439,"width":6,"height":17},"region_attributes":{"Type":"3","count":"3"}},{"shape_attributes":{"name":"rect","x":662,"y":440,"width":14,"height":25},"region_attributes":{"Type":"3","count":"3"}},{"shape_attributes":{"name":"rect","x":624,"y":443,"width":16,"height":22},"region_attributes":{"Type":"2","count":"1"}},{"shape_attributes":{"name":"rect","x":631,"y":478,"width":26,"height":13},"region_attributes":{"Type":"3","count":"1"}}],"file_attributes":{"date":"","temp":"","rain":"2","neighborhood":"East Village South","total_count":""}},"https://drive.google.com/uc?export=view&id=1dpvNrQwfnn_-Lp-nREwCxaqaENCFt0aa\n":{"filename":"https://drive.google.com/uc?export=view&id=1dpvNrQwfnn_-Lp-nREwCxaqaENCFt0aa\n","size":-1,"regions":[{"shape_attributes":{"name":"rect","x":137,"y":174,"width":63,"height":37},"region_attributes":{"Type":"1","count":"5"}},{"shape_attributes":{"name":"rect","x":132,"y":240,"width":20,"height":52},"region_attributes":{"Type":"1","count":"7"}},{"shape_attributes":{"name":"rect","x":167,"y":334,"width":18,"height":27},"region_attributes":{"Type":"1","count":"1"}},{"shape_attributes":{"name":"rect","x":215,"y":247,"width":17,"height":23},"region_attributes":{"Type":"1","count":"3"}},{"shape_attributes":{"name":"rect","x":277,"y":212,"width":17,"height":30},"region_attributes":{"Type":"1","count":"1"}},{"shape_attributes":{"name":"rect","x":304,"y":164,"width":20,"height":19},"region_attributes":{"Type":"1","count":"1"}},{"shape_attributes":{"name":"rect","x":351,"y":234,"width":17,"height":23},"region_attributes":{"Type":"2","count":"1"}},{"shape_attributes":{"name":"rect","x":380,"y":225,"width":16,"height":18},"region_attributes":{"Type":"1","count":"1"}},{"shape_attributes":{"name":"rect","x":419,"y":160,"width":64,"height":62},"region_attributes":{"Type":"1","count":"3"}},{"shape_attributes":{"name":"rect","x":467,"y":237,"width":18,"height":33},"region_attributes":{"Type":"1","count":"6"}},{"shape_attributes":{"name":"rect","x":374,"y":297,"width":24,"height":43},"region_attributes":{"Type":"1","count":"6"}},{"shape_attributes":{"name":"rect","x":319,"y":318,"width":21,"height":20},"region_attributes":{"Type":"1","count":"5"}},{"shape_attributes":{"name":"rect","x":405,"y":341,"width":36,"height":26},"region_attributes":{"Type":"1","count":"10"}},{"shape_attributes":{"name":"rect","x":405,"y":375,"width":14,"height":23},"region_attributes":{"Type":"2","count":"1"}},{"shape_attributes":{"name":"rect","x":375,"y":391,"width":22,"height":25},"region_attributes":{"Type":"1","count":"1"}},{"shape_attributes":{"name":"rect","x":418,"y":403,"width":61,"height":34},"region_attributes":{"Type":"1","count":"11"}},{"shape_attributes":{"name":"rect","x":432,"y":372,"width":19,"height":15},"region_attributes":{"Type":"1","count":"2"}},{"shape_attributes":{"name":"rect","x":456,"y":336,"width":8,"height":20},"region_attributes":{"Type":"1","count":"1"}},{"shape_attributes":{"name":"rect","x":475,"y":338,"width":10,"height":46},"region_attributes":{"Type":"2","count":"1"}},{"shape_attributes":{"name":"rect","x":529,"y":186,"width":17,"height":15},"region_attributes":{"Type":"1","count":"7"}},{"shape_attributes":{"name":"rect","x":500,"y":256,"width":71,"height":70},"region_attributes":{"Type":"1","count":"5"}},{"shape_attributes":{"name":"rect","x":602,"y":170,"width":15,"height":42},"region_attributes":{"Type":"1","count":"24"}},{"shape_attributes":{"name":"rect","x":586,"y":179,"width":9,"height":9},"region_attributes":{"Type":"1","count":"6"}},{"shape_attributes":{"name":"rect","x":576,"y":183,"width":7,"height":13},"region_attributes":{"Type":"3","count":"1"}},{"shape_attributes":{"name":"rect","x":586,"y":200,"width":15,"height":13},"region_attributes":{"Type":"2","count":"1"}},{"shape_attributes":{"name":"rect","x":635,"y":170,"width":28,"height":42},"region_attributes":{"Type":"1","count":"14"}},{"shape_attributes":{"name":"rect","x":628,"y":193,"width":12,"height":13},"region_attributes":{"Type":"2","count":"1"}},{"shape_attributes":{"name":"rect","x":632,"y":222,"width":20,"height":22},"region_attributes":{"Type":"1","count":"13"}},{"shape_attributes":{"name":"rect","x":628,"y":251,"width":15,"height":16},"region_attributes":{"Type":"2","count":"1"}},{"shape_attributes":{"name":"rect","x":606,"y":298,"width":10,"height":16},"region_attributes":{"Type":"1","count":"2"}},{"shape_attributes":{"name":"rect","x":626,"y":307,"width":12,"height":11},"region_attributes":{"Type":"2","count":"1"}},{"shape_attributes":{"name":"rect","x":631,"y":283,"width":32,"height":41},"region_attributes":{"Type":"1","count":"4"}},{"shape_attributes":{"name":"rect","x":630,"y":339,"width":32,"height":21},"region_attributes":{"Type":"1","count":"29"}},{"shape_attributes":{"name":"rect","x":678,"y":349,"width":8,"height":16},"region_attributes":{"Type":"1","count":"29"}},{"shape_attributes":{"name":"rect","x":606,"y":367,"width":62,"height":16},"region_attributes":{"Type":"2","count":"10"}},{"shape_attributes":{"name":"rect","x":604,"y":395,"width":64,"height":13},"region_attributes":{"Type":"1","count":"58"}},{"shape_attributes":{"name":"rect","x":632,"y":417,"width":3,"height":2},"region_attributes":{"Type":"2","count":"1"}},{"shape_attributes":{"name":"rect","x":649,"y":422,"width":12,"height":17},"region_attributes":{"Type":"2","count":"1"}},{"shape_attributes":{"name":"rect","x":639,"y":425,"width":11,"height":14},"region_attributes":{"Type":"1","count":"5"}},{"shape_attributes":{"name":"rect","x":634,"y":451,"width":14,"height":24},"region_attributes":{"Type":"1","count":"2"}},{"shape_attributes":{"name":"rect","x":667,"y":460,"width":12,"height":22},"region_attributes":{"Type":"3","count":"1"}},{"shape_attributes":{"name":"rect","x":650,"y":496,"width":17,"height":18},"region_attributes":{"Type":"3","count":"1"}},{"shape_attributes":{"name":"rect","x":603,"y":496,"width":16,"height":11},"region_attributes":{"Type":"3","count":"1"}},{"shape_attributes":{"name":"rect","x":559,"y":438,"width":11,"height":19},"region_attributes":{"Type":"1","count":"19"}},{"shape_attributes":{"name":"rect","x":558,"y":461,"width":10,"height":12},"region_attributes":{"Type":"2","count":"1"}},{"shape_attributes":{"name":"rect","x":541,"y":485,"width":20,"height":16},"region_attributes":{"Type":"1","count":"1"}},{"shape_attributes":{"name":"rect","x":502,"y":449,"width":39,"height":13},"region_attributes":{"Type":"1","count":"14"}},{"shape_attributes":{"name":"rect","x":514,"y":445,"width":8,"height":16},"region_attributes":{"Type":"2","count":"1"}},{"shape_attributes":{"name":"rect","x":501,"y":474,"width":18,"height":18},"region_attributes":{"Type":"2","count":"3"}}],"file_attributes":{"date":"","temp":"","rain":"2","neighborhood":"East Village South","total_count":""}}},"_via_attributes":{"region":{"Type":{"type":"dropdown","description":"","options":{"1":"Individual","2":"Structure","3":"Vehicle"},"default_options":{}},"count":{"type":"text","description":"","default_value":""}},"file":{"date":{"type":"text","description":"","default_value":""},"temp":{"type":"text","description":"","default_value":""},"rain":{"type":"dropdown","description":"","options":{"1":"rain","2":"clear"},"default_options":{"2":true}},"neighborhood":{"type":"text","description":"","default_value":"East Village South"},"total_count":{"type":"text","description":"","default_value":""}}},"_via_data_format_version":"2.0.10","_via_image_id_list":["https://drive.google.com/uc?export=view&id=1wHGZOjlTowBNVs-a0EQctuy6pqKaZjZX\n","https://drive.google.com/uc?export=view&id=1DN5H9WPniifEgJGxClvw4fnse2OiD1tP\n","https://drive.google.com/uc?export=view&id=1Dzv5TYimConjzgzlXWpSUt8NnYSJkJty\n","https://drive.google.com/uc?export=view&id=1jVNf9p7bFEiASOk06ATNhnlspe4MFl8r\n","https://drive.google.com/uc?export=view&id=11pKEmV4VB1R6phes4dRALaXnnzWL9TqI\n","https://drive.google.com/uc?export=view&id=1nAIkVB1Ro6nuJOy7kozmsgdVRDlD9uWo\n","https://drive.google.com/uc?export=view&id=1yfSTkXQyf93qtvEiyPdXfCBD7YFBANBQ\n","https://drive.google.com/uc?export=view&id=1EOFIpk5WmL98YgxODPxbJ7tHkHU-IIkY\n","https://drive.google.com/uc?export=view&id=1-YRcw04UbM55V_9hp2otRaexIt8_9CEl\n","https://drive.google.com/uc?export=view&id=1kT2DMR5UFiUOl8O0I2L-2MmXSoM663v7\n","https://drive.google.com/uc?export=view&id=1dpvNrQwfnn_-Lp-nREwCxaqaENCFt0aa\n"]}