{"_via_settings":{"ui":{"annotation_editor_height":25,"annotation_editor_fontsize":0.8,"leftsidebar_width":18,"image_grid":{"img_height":80,"rshape_fill":"none","rshape_fill_opacity":0.3,"rshape_stroke":"yellow","rshape_stroke_width":2,"show_region_shape":true,"show_image_policy":"all"},"image":{"region_label":"__via_region_id__","region_color":"__via_default_region_color__","region_label_font":"10px Sans","on_image_annotation_editor_placement":"NEAR_REGION"}},"core":{"buffer_size":18,"filepath":{},"default_filepath":""},"project":{"name":"East Village South_2021_count"}},"_via_img_metadata":{"https://drive.google.com/uc?export=view&id=1GJU8_CQSkS1pLmiqma3wW8t27uE-TyrD\n":{"filename":"https://drive.google.com/uc?export=view&id=1GJU8_CQSkS1pLmiqma3wW8t27uE-TyrD\n","size":-1,"regions":[{"shape_attributes":{"name":"rect","x":118,"y":353,"width":24,"height":21},"region_attributes":{"Type":"1","count":"1"}},{"shape_attributes":{"name":"rect","x":122,"y":192,"width":36,"height":105},"region_attributes":{"Type":"1","count":"4"}},{"shape_attributes":{"name":"rect","x":182,"y":174,"width":26,"height":28},"region_attributes":{"Type":"1","count":"4"}},{"shape_attributes":{"name":"rect","x":339,"y":180,"width":55,"height":33},"region_attributes":{"Type":"1","count":"5"}},{"shape_attributes":{"name":"rect","x":362,"y":313,"width":26,"height":23},"region_attributes":{"Type":"1","count":"8"}},{"shape_attributes":{"name":"rect","x":290,"y":446,"width":69,"height":53},"region_attributes":{"Type":"1","count":"2"}},{"shape_attributes":{"name":"rect","x":414,"y":258,"width":11,"height":51},"region_attributes":{"Type":"1","count":"3"}},{"shape_attributes":{"name":"rect","x":464,"y":190,"width":32,"height":22},"region_attributes":{"Type":"1","count":"5"}},{"shape_attributes":{"name":"rect","x":560,"y":170,"width":17,"height":38},"region_attributes":{"Type":"1","count":"10"}},{"shape_attributes":{"name":"rect","x":530,"y":192,"width":23,"height":16},"region_attributes":{"Type":"2","count":"3"}},{"shape_attributes":{"name":"rect","x":602,"y":161,"width":27,"height":29},"region_attributes":{"Type":"2","count":"2"}},{"shape_attributes":{"name":"rect","x":691,"y":163,"width":21,"height":22},"region_attributes":{"Type":"2","count":"1"}},{"shape_attributes":{"name":"rect","x":584,"y":177,"width":44,"height":42},"region_attributes":{"Type":"1","count":"3"}},{"shape_attributes":{"name":"rect","x":567,"y":236,"width":13,"height":18},"region_attributes":{"Type":"1","count":"1"}},{"shape_attributes":{"name":"rect","x":530,"y":253,"width":15,"height":15},"region_attributes":{"Type":"1","count":"2"}},{"shape_attributes":{"name":"rect","x":544,"y":245,"width":25,"height":16},"region_attributes":{"Type":"2","count":"1"}},{"shape_attributes":{"name":"rect","x":651,"y":222,"width":20,"height":19},"region_attributes":{"Type":"2","count":"2"}},{"shape_attributes":{"name":"rect","x":634,"y":231,"width":24,"height":43},"region_attributes":{"Type":"1","count":"3"}},{"shape_attributes":{"name":"rect","x":509,"y":277,"width":29,"height":19},"region_attributes":{"Type":"1","count":"6"}},{"shape_attributes":{"name":"rect","x":496,"y":303,"width":54,"height":25},"region_attributes":{"Type":"2","count":"5"}},{"shape_attributes":{"name":"rect","x":495,"y":353,"width":8,"height":15},"region_attributes":{"Type":"3","count":"1"}},{"shape_attributes":{"name":"rect","x":470,"y":339,"width":18,"height":19},"region_attributes":{"Type":"2","count":"1"}},{"shape_attributes":{"name":"rect","x":468,"y":371,"width":24,"height":62},"region_attributes":{"Type":"1","count":"7"}},{"shape_attributes":{"name":"rect","x":477,"y":455,"width":23,"height":18},"region_attributes":{"Type":"2","count":"15"}},{"shape_attributes":{"name":"rect","x":454,"y":442,"width":18,"height":28},"region_attributes":{"Type":"1","count":"12"}},{"shape_attributes":{"name":"rect","x":451,"y":479,"width":14,"height":9},"region_attributes":{"Type":"1","count":"7"}},{"shape_attributes":{"name":"rect","x":470,"y":484,"width":16,"height":13},"region_attributes":{"Type":"2","count":"9"}},{"shape_attributes":{"name":"rect","x":636,"y":282,"width":33,"height":46},"region_attributes":{"Type":"1","count":"5"}},{"shape_attributes":{"name":"rect","x":650,"y":301,"width":35,"height":16},"region_attributes":{"Type":"2","count":"3"}},{"shape_attributes":{"name":"rect","x":595,"y":297,"width":31,"height":28},"region_attributes":{"Type":"1","count":"2"}},{"shape_attributes":{"name":"rect","x":602,"y":306,"width":32,"height":17},"region_attributes":{"Type":"2","count":"1"}},{"shape_attributes":{"name":"rect","x":643,"y":335,"width":12,"height":15},"region_attributes":{"Type":"2","count":"10"}},{"shape_attributes":{"name":"rect","x":686,"y":341,"width":20,"height":17},"region_attributes":{"Type":"2","count":"3"}},{"shape_attributes":{"name":"rect","x":680,"y":359,"width":20,"height":10},"region_attributes":{"Type":"1","count":"1"}},{"shape_attributes":{"name":"rect","x":661,"y":337,"width":18,"height":20},"region_attributes":{"Type":"1","count":"4"}},{"shape_attributes":{"name":"rect","x":658,"y":348,"width":23,"height":19},"region_attributes":{"Type":"2","count":"9"}},{"shape_attributes":{"name":"rect","x":635,"y":360,"width":12,"height":27},"region_attributes":{"Type":"1","count":"15"}},{"shape_attributes":{"name":"rect","x":638,"y":386,"width":36,"height":18},"region_attributes":{"Type":"2","count":"9"}},{"shape_attributes":{"name":"rect","x":629,"y":415,"width":38,"height":19},"region_attributes":{"Type":"1","count":"14"}},{"shape_attributes":{"name":"rect","x":601,"y":422,"width":23,"height":23},"region_attributes":{"Type":"1","count":"2"}},{"shape_attributes":{"name":"rect","x":560,"y":445,"width":17,"height":25},"region_attributes":{"Type":"1","count":"11"}},{"shape_attributes":{"name":"rect","x":682,"y":450,"width":12,"height":46},"region_attributes":{"Type":"2","count":"2"}},{"shape_attributes":{"name":"rect","x":653,"y":480,"width":16,"height":18},"region_attributes":{"Type":"1","count":"1"}},{"shape_attributes":{"name":"rect","x":619,"y":460,"width":15,"height":29},"region_attributes":{"Type":"3","count":"1"}},{"shape_attributes":{"name":"rect","x":542,"y":465,"width":19,"height":19},"region_attributes":{"Type":"2","count":"2"}}],"file_attributes":{"date":"","temp":"","rain":"2","neighborhood":"East Village South","total_count":""}},"https://drive.google.com/uc?export=view&id=1f72GIIt86gCwWh3HN6ckb2xu4mjckjdX\n":{"filename":"https://drive.google.com/uc?export=view&id=1f72GIIt86gCwWh3HN6ckb2xu4mjckjdX\n","size":-1,"regions":[{"shape_attributes":{"name":"rect","x":104,"y":220,"width":39,"height":120},"region_attributes":{"Type":"1","count":"3"}},{"shape_attributes":{"name":"rect","x":159,"y":167,"width":29,"height":14},"region_attributes":{"Type":"1","count":"2"}},{"shape_attributes":{"name":"rect","x":244,"y":216,"width":65,"height":40},"region_attributes":{"Type":"1","count":"4"}},{"shape_attributes":{"name":"rect","x":352,"y":149,"width":109,"height":46},"region_attributes":{"Type":"1","count":"9"}},{"shape_attributes":{"name":"rect","x":400,"y":230,"width":69,"height":21},"region_attributes":{"Type":"1","count":"4"}},{"shape_attributes":{"name":"rect","x":347,"y":296,"width":28,"height":16},"region_attributes":{"Type":"1","count":"7"}},{"shape_attributes":{"name":"rect","x":352,"y":318,"width":21,"height":15},"region_attributes":{"Type":"2","count":"2"}},{"shape_attributes":{"name":"rect","x":372,"y":350,"width":20,"height":27},"region_attributes":{"Type":"2","count":"1"}},{"shape_attributes":{"name":"rect","x":386,"y":392,"width":85,"height":29},"region_attributes":{"Type":"1","count":"8"}},{"shape_attributes":{"name":"rect","x":454,"y":300,"width":49,"height":29},"region_attributes":{"Type":"1","count":"2"}},{"shape_attributes":{"name":"rect","x":456,"y":353,"width":27,"height":26},"region_attributes":{"Type":"2","count":"1"}},{"shape_attributes":{"name":"rect","x":378,"y":454,"width":12,"height":19},"region_attributes":{"Type":"1","count":"1"}},{"shape_attributes":{"name":"rect","x":428,"y":434,"width":25,"height":49},"region_attributes":{"Type":"2","count":"21"}},{"shape_attributes":{"name":"rect","x":480,"y":435,"width":11,"height":21},"region_attributes":{"Type":"3","count":"1"}},{"shape_attributes":{"name":"rect","x":474,"y":475,"width":31,"height":8},"region_attributes":{"Type":"1","count":"5"}},{"shape_attributes":{"name":"rect","x":516,"y":423,"width":21,"height":14},"region_attributes":{"Type":"3","count":"1"}},{"shape_attributes":{"name":"rect","x":526,"y":442,"width":48,"height":8},"region_attributes":{"Type":"1","count":"12"}},{"shape_attributes":{"name":"rect","x":572,"y":483,"width":60,"height":13},"region_attributes":{"Type":"3","count":"5"}},{"shape_attributes":{"name":"rect","x":595,"y":432,"width":12,"height":45},"region_attributes":{"Type":"3","count":"3"}},{"shape_attributes":{"name":"rect","x":535,"y":153,"width":60,"height":18},"region_attributes":{"Type":"2","count":"3"}},{"shape_attributes":{"name":"rect","x":482,"y":213,"width":17,"height":22},"region_attributes":{"Type":"2","count":"2"}},{"shape_attributes":{"name":"rect","x":479,"y":239,"width":36,"height":11},"region_attributes":{"Type":"1","count":"3"}},{"shape_attributes":{"name":"rect","x":563,"y":238,"width":12,"height":12},"region_attributes":{"Type":"1","count":"1"}},{"shape_attributes":{"name":"rect","x":523,"y":293,"width":25,"height":13},"region_attributes":{"Type":"2","count":"1"}},{"shape_attributes":{"name":"rect","x":573,"y":284,"width":20,"height":26},"region_attributes":{"Type":"1","count":"8"}},{"shape_attributes":{"name":"rect","x":585,"y":148,"width":50,"height":51},"region_attributes":{"Type":"1","count":"3"}},{"shape_attributes":{"name":"rect","x":602,"y":172,"width":44,"height":11},"region_attributes":{"Type":"2","count":"1"}},{"shape_attributes":{"name":"rect","x":608,"y":209,"width":40,"height":26},"region_attributes":{"Type":"2","count":"7"}},{"shape_attributes":{"name":"rect","x":613,"y":239,"width":19,"height":12},"region_attributes":{"Type":"1","count":"3"}},{"shape_attributes":{"name":"rect","x":658,"y":263,"width":16,"height":15},"region_attributes":{"Type":"2","count":"2"}},{"shape_attributes":{"name":"rect","x":606,"y":266,"width":37,"height":43},"region_attributes":{"Type":"1","count":"8"}},{"shape_attributes":{"name":"rect","x":598,"y":274,"width":40,"height":28},"region_attributes":{"Type":"2","count":"2"}},{"shape_attributes":{"name":"rect","x":657,"y":304,"width":21,"height":17},"region_attributes":{"Type":"2","count":"5"}},{"shape_attributes":{"name":"rect","x":625,"y":320,"width":4,"height":10},"region_attributes":{"Type":"2","count":"6"}},{"shape_attributes":{"name":"rect","x":605,"y":319,"width":42,"height":23},"region_attributes":{"Type":"1","count":"4"}},{"shape_attributes":{"name":"rect","x":607,"y":349,"width":63,"height":13},"region_attributes":{"Type":"2","count":"13"}},{"shape_attributes":{"name":"rect","x":585,"y":355,"width":40,"height":21},"region_attributes":{"Type":"1","count":"4"}},{"shape_attributes":{"name":"rect","x":610,"y":379,"width":35,"height":22},"region_attributes":{"Type":"2","count":"8"}},{"shape_attributes":{"name":"rect","x":615,"y":406,"width":51,"height":6},"region_attributes":{"Type":"1","count":"14"}},{"shape_attributes":{"name":"rect","x":614,"y":415,"width":25,"height":11},"region_attributes":{"Type":"2","count":"1"}},{"shape_attributes":{"name":"rect","x":612,"y":437,"width":19,"height":18},"region_attributes":{"Type":"1","count":"3"}},{"shape_attributes":{"name":"rect","x":664,"y":442,"width":11,"height":18},"region_attributes":{"Type":"2","count":"5"}},{"shape_attributes":{"name":"rect","x":656,"y":464,"width":12,"height":16},"region_attributes":{"Type":"1","count":"3"}}],"file_attributes":{"date":"","temp":"","rain":"2","neighborhood":"East Village South","total_count":""}},"https://drive.google.com/uc?export=view&id=1p4HQrmbdbdqN7vAxKdsqbWUgLKD9KM0C\n":{"filename":"https://drive.google.com/uc?export=view&id=1p4HQrmbdbdqN7vAxKdsqbWUgLKD9KM0C\n","size":-1,"regions":[{"shape_attributes":{"name":"rect","x":130,"y":227,"width":20,"height":46},"region_attributes":{"Type":"1","count":"2"}},{"shape_attributes":{"name":"rect","x":168,"y":171,"width":28,"height":32},"region_attributes":{"Type":"1","count":"2"}},{"shape_attributes":{"name":"rect","x":162,"y":314,"width":31,"height":27},"region_attributes":{"Type":"1","count":"1"}},{"shape_attributes":{"name":"rect","x":237,"y":258,"width":20,"height":17},"region_attributes":{"Type":"1","count":"3"}},{"shape_attributes":{"name":"rect","x":286,"y":183,"width":17,"height":21},"region_attributes":{"Type":"1","count":"1"}},{"shape_attributes":{"name":"rect","x":304,"y":253,"width":89,"height":58},"region_attributes":{"Type":"1","count":"12"}},{"shape_attributes":{"name":"rect","x":367,"y":333,"width":27,"height":7},"region_attributes":{"Type":"2","count":"7"}},{"shape_attributes":{"name":"rect","x":354,"y":315,"width":49,"height":9},"region_attributes":{"Type":"1","count":"13"}},{"shape_attributes":{"name":"rect","x":402,"y":307,"width":22,"height":32},"region_attributes":{"Type":"1","count":"2"}},{"shape_attributes":{"name":"rect","x":247,"y":478,"width":113,"height":15},"region_attributes":{"Type":"1","count":"5"}},{"shape_attributes":{"name":"rect","x":398,"y":378,"width":12,"height":18},"region_attributes":{"Type":"1","count":"3"}},{"shape_attributes":{"name":"rect","x":401,"y":169,"width":68,"height":71},"region_attributes":{"Type":"1","count":"9"}},{"shape_attributes":{"name":"rect","x":458,"y":253,"width":13,"height":13},"region_attributes":{"Type":"1","count":"4"}},{"shape_attributes":{"name":"rect","x":471,"y":193,"width":24,"height":23},"region_attributes":{"Type":"2","count":"1"}},{"shape_attributes":{"name":"rect","x":551,"y":172,"width":28,"height":25},"region_attributes":{"Type":"1","count":"6"}},{"shape_attributes":{"name":"rect","x":544,"y":193,"width":22,"height":14},"region_attributes":{"Type":"2","count":"3"}},{"shape_attributes":{"name":"rect","x":613,"y":177,"width":9,"height":29},"region_attributes":{"Type":"3","count":"2"}},{"shape_attributes":{"name":"rect","x":622,"y":177,"width":11,"height":19},"region_attributes":{"Type":"2","count":"4"}},{"shape_attributes":{"name":"rect","x":594,"y":169,"width":100,"height":44},"region_attributes":{"Type":"1","count":"10"}},{"shape_attributes":{"name":"rect","x":647,"y":221,"width":15,"height":14},"region_attributes":{"Type":"1","count":"2"}},{"shape_attributes":{"name":"rect","x":623,"y":226,"width":37,"height":31},"region_attributes":{"Type":"2","count":"10"}},{"shape_attributes":{"name":"rect","x":476,"y":292,"width":32,"height":19},"region_attributes":{"Type":"1","count":"3"}},{"shape_attributes":{"name":"rect","x":649,"y":280,"width":10,"height":18},"region_attributes":{"Type":"1","count":"1"}},{"shape_attributes":{"name":"rect","x":544,"y":284,"width":42,"height":43},"region_attributes":{"Type":"1","count":"7"}},{"shape_attributes":{"name":"rect","x":513,"y":281,"width":26,"height":42},"region_attributes":{"Type":"2","count":"3"}},{"shape_attributes":{"name":"rect","x":604,"y":294,"width":9,"height":13},"region_attributes":{"Type":"1","count":"3"}},{"shape_attributes":{"name":"rect","x":589,"y":279,"width":101,"height":49},"region_attributes":{"Type":"2","count":"6"}},{"shape_attributes":{"name":"rect","x":643,"y":308,"width":15,"height":21},"region_attributes":{"Type":"2","count":"2"}},{"shape_attributes":{"name":"rect","x":465,"y":331,"width":23,"height":22},"region_attributes":{"Type":"2","count":"1"}},{"shape_attributes":{"name":"rect","x":397,"y":403,"width":47,"height":32},"region_attributes":{"Type":"2","count":"3"}},{"shape_attributes":{"name":"rect","x":467,"y":368,"width":36,"height":63},"region_attributes":{"Type":"1","count":"15"}},{"shape_attributes":{"name":"rect","x":498,"y":450,"width":65,"height":21},"region_attributes":{"Type":"1","count":"6"}},{"shape_attributes":{"name":"rect","x":470,"y":446,"width":11,"height":10},"region_attributes":{"Type":"1","count":"2"}},{"shape_attributes":{"name":"rect","x":458,"y":444,"width":25,"height":28},"region_attributes":{"Type":"2","count":"15"}},{"shape_attributes":{"name":"rect","x":444,"y":468,"width":36,"height":28},"region_attributes":{"Type":"2","count":"5"}},{"shape_attributes":{"name":"rect","x":456,"y":484,"width":11,"height":17},"region_attributes":{"Type":"1","count":"4"}},{"shape_attributes":{"name":"rect","x":670,"y":345,"width":17,"height":27},"region_attributes":{"Type":"2","count":"7"}},{"shape_attributes":{"name":"rect","x":628,"y":335,"width":16,"height":12},"region_attributes":{"Type":"2","count":"5"}},{"shape_attributes":{"name":"rect","x":650,"y":336,"width":9,"height":21},"region_attributes":{"Type":"1","count":"3"}},{"shape_attributes":{"name":"rect","x":621,"y":351,"width":12,"height":10},"region_attributes":{"Type":"1","count":"6"}},{"shape_attributes":{"name":"rect","x":617,"y":366,"width":46,"height":6},"region_attributes":{"Type":"2","count":"13"}},{"shape_attributes":{"name":"rect","x":610,"y":380,"width":12,"height":18},"region_attributes":{"Type":"3","count":"1"}},{"shape_attributes":{"name":"rect","x":619,"y":378,"width":41,"height":9},"region_attributes":{"Type":"1","count":"14"}},{"shape_attributes":{"name":"rect","x":622,"y":394,"width":36,"height":20},"region_attributes":{"Type":"2","count":"12"}},{"shape_attributes":{"name":"rect","x":673,"y":398,"width":11,"height":15},"region_attributes":{"Type":"1","count":"2"}},{"shape_attributes":{"name":"rect","x":632,"y":421,"width":12,"height":16},"region_attributes":{"Type":"2","count":"9"}},{"shape_attributes":{"name":"rect","x":618,"y":420,"width":43,"height":18},"region_attributes":{"Type":"1","count":"12"}},{"shape_attributes":{"name":"rect","x":633,"y":476,"width":34,"height":22},"region_attributes":{"Type":"3","count":"2"}},{"shape_attributes":{"name":"rect","x":669,"y":449,"width":16,"height":22},"region_attributes":{"Type":"2","count":"5"}},{"shape_attributes":{"name":"rect","x":671,"y":480,"width":15,"height":10},"region_attributes":{"Type":"1","count":"1"}},{"shape_attributes":{"name":"rect","x":629,"y":468,"width":21,"height":32},"region_attributes":{"Type":"1","count":"1"}}],"file_attributes":{"date":"","temp":"","rain":"2","neighborhood":"East Village South","total_count":""}},"https://drive.google.com/uc?export=view&id=1hxD3hCJqt-xJHgATgLoe1KCV7DgXHaHn\n":{"filename":"https://drive.google.com/uc?export=view&id=1hxD3hCJqt-xJHgATgLoe1KCV7DgXHaHn\n","size":-1,"regions":[{"shape_attributes":{"name":"rect","x":167,"y":198,"width":82,"height":80},"region_attributes":{"Type":"1","count":"4"}},{"shape_attributes":{"name":"rect","x":350,"y":188,"width":32,"height":18},"region_attributes":{"Type":"1","count":"5"}},{"shape_attributes":{"name":"rect","x":284,"y":177,"width":25,"height":32},"region_attributes":{"Type":"1","count":"1"}},{"shape_attributes":{"name":"rect","x":298,"y":255,"width":29,"height":20},"region_attributes":{"Type":"1","count":"2"}},{"shape_attributes":{"name":"rect","x":363,"y":297,"width":24,"height":44},"region_attributes":{"Type":"1","count":"12"}},{"shape_attributes":{"name":"rect","x":410,"y":177,"width":47,"height":44},"region_attributes":{"Type":"1","count":"5"}},{"shape_attributes":{"name":"rect","x":463,"y":203,"width":14,"height":17},"region_attributes":{"Type":"2","count":"2"}},{"shape_attributes":{"name":"rect","x":500,"y":194,"width":26,"height":30},"region_attributes":{"Type":"1","count":"1"}},{"shape_attributes":{"name":"rect","x":491,"y":246,"width":15,"height":13},"region_attributes":{"Type":"1","count":"2"}},{"shape_attributes":{"name":"rect","x":455,"y":248,"width":78,"height":27},"region_attributes":{"Type":"2","count":"7"}},{"shape_attributes":{"name":"rect","x":416,"y":336,"width":44,"height":19},"region_attributes":{"Type":"2","count":"2"}},{"shape_attributes":{"name":"rect","x":469,"y":342,"width":11,"height":13},"region_attributes":{"Type":"1","count":"1"}},{"shape_attributes":{"name":"rect","x":462,"y":387,"width":19,"height":10},"region_attributes":{"Type":"1","count":"1"}},{"shape_attributes":{"name":"rect","x":394,"y":382,"width":15,"height":21},"region_attributes":{"Type":"2","count":"2"}},{"shape_attributes":{"name":"rect","x":396,"y":417,"width":85,"height":19},"region_attributes":{"Type":"1","count":"8"}},{"shape_attributes":{"name":"rect","x":450,"y":452,"width":10,"height":12},"region_attributes":{"Type":"1","count":"10"}},{"shape_attributes":{"name":"rect","x":468,"y":455,"width":15,"height":18},"region_attributes":{"Type":"2","count":"23"}},{"shape_attributes":{"name":"rect","x":442,"y":481,"width":13,"height":16},"region_attributes":{"Type":"2","count":"8"}},{"shape_attributes":{"name":"rect","x":461,"y":485,"width":9,"height":13},"region_attributes":{"Type":"1","count":"4"}},{"shape_attributes":{"name":"rect","x":545,"y":179,"width":12,"height":12},"region_attributes":{"Type":"1","count":"2"}},{"shape_attributes":{"name":"rect","x":614,"y":179,"width":35,"height":7},"region_attributes":{"Type":"1","count":"4"}},{"shape_attributes":{"name":"rect","x":576,"y":207,"width":29,"height":16},"region_attributes":{"Type":"1","count":"6"}},{"shape_attributes":{"name":"rect","x":627,"y":219,"width":5,"height":4},"region_attributes":{"Type":"1","count":"2"}},{"shape_attributes":{"name":"rect","x":538,"y":173,"width":116,"height":51},"region_attributes":{"Type":"2","count":"8"}},{"shape_attributes":{"name":"rect","x":627,"y":234,"width":13,"height":12},"region_attributes":{"Type":"1","count":"3"}},{"shape_attributes":{"name":"rect","x":608,"y":248,"width":15,"height":15},"region_attributes":{"Type":"3","count":"1"}},{"shape_attributes":{"name":"rect","x":618,"y":236,"width":33,"height":20},"region_attributes":{"Type":"2","count":"7"}},{"shape_attributes":{"name":"rect","x":619,"y":264,"width":32,"height":12},"region_attributes":{"Type":"1","count":"3"}},{"shape_attributes":{"name":"rect","x":583,"y":295,"width":19,"height":36},"region_attributes":{"Type":"1","count":"4"}},{"shape_attributes":{"name":"rect","x":666,"y":289,"width":46,"height":26},"region_attributes":{"Type":"2","count":"8"}},{"shape_attributes":{"name":"rect","x":627,"y":289,"width":18,"height":38},"region_attributes":{"Type":"1","count":"3"}},{"shape_attributes":{"name":"rect","x":612,"y":294,"width":20,"height":41},"region_attributes":{"Type":"2","count":"3"}},{"shape_attributes":{"name":"rect","x":615,"y":343,"width":11,"height":11},"region_attributes":{"Type":"1","count":"8"}},{"shape_attributes":{"name":"rect","x":639,"y":342,"width":32,"height":12},"region_attributes":{"Type":"2","count":"12"}},{"shape_attributes":{"name":"rect","x":641,"y":361,"width":7,"height":8},"region_attributes":{"Type":"1","count":"1"}},{"shape_attributes":{"name":"rect","x":614,"y":359,"width":30,"height":23},"region_attributes":{"Type":"2","count":"22"}},{"shape_attributes":{"name":"rect","x":603,"y":381,"width":8,"height":33},"region_attributes":{"Type":"3","count":"2"}},{"shape_attributes":{"name":"rect","x":615,"y":381,"width":37,"height":29},"region_attributes":{"Type":"1","count":"20"}},{"shape_attributes":{"name":"rect","x":610,"y":415,"width":17,"height":9},"region_attributes":{"Type":"2","count":"17"}},{"shape_attributes":{"name":"rect","x":623,"y":438,"width":20,"height":7},"region_attributes":{"Type":"1","count":"3"}},{"shape_attributes":{"name":"rect","x":661,"y":468,"width":11,"height":17},"region_attributes":{"Type":"2","count":"7"}},{"shape_attributes":{"name":"rect","x":636,"y":483,"width":8,"height":16},"region_attributes":{"Type":"1","count":"2"}},{"shape_attributes":{"name":"rect","x":647,"y":476,"width":8,"height":26},"region_attributes":{"Type":"3","count":"1"}}],"file_attributes":{"date":"","temp":"","rain":"2","neighborhood":"East Village South","total_count":""}},"https://drive.google.com/uc?export=view&id=1PhQ_os09wqCzj9bMfes6YKOhzjIKv6vS\n":{"filename":"https://drive.google.com/uc?export=view&id=1PhQ_os09wqCzj9bMfes6YKOhzjIKv6vS\n","size":-1,"regions":[{"shape_attributes":{"name":"rect","x":130,"y":250,"width":25,"height":25},"region_attributes":{"Type":"1","count":"2"}},{"shape_attributes":{"name":"rect","x":183,"y":168,"width":38,"height":40},"region_attributes":{"Type":"1","count":"2"}},{"shape_attributes":{"name":"rect","x":163,"y":202,"width":14,"height":19},"region_attributes":{"Type":"2","count":"1"}},{"shape_attributes":{"name":"rect","x":312,"y":251,"width":14,"height":24},"region_attributes":{"Type":"2","count":"1"}},{"shape_attributes":{"name":"rect","x":384,"y":177,"width":34,"height":32},"region_attributes":{"Type":"1","count":"4"}},{"shape_attributes":{"name":"rect","x":376,"y":314,"width":10,"height":9},"region_attributes":{"Type":"2","count":"1"}},{"shape_attributes":{"name":"rect","x":360,"y":326,"width":17,"height":18},"region_attributes":{"Type":"1","count":"3"}},{"shape_attributes":{"name":"rect","x":440,"y":204,"width":15,"height":20},"region_attributes":{"Type":"2","count":"1"}},{"shape_attributes":{"name":"rect","x":467,"y":209,"width":13,"height":12},"region_attributes":{"Type":"1","count":"1"}},{"shape_attributes":{"name":"rect","x":457,"y":262,"width":15,"height":14},"region_attributes":{"Type":"1","count":"2"}},{"shape_attributes":{"name":"rect","x":542,"y":170,"width":56,"height":34},"region_attributes":{"Type":"1","count":"13"}},{"shape_attributes":{"name":"rect","x":587,"y":212,"width":16,"height":12},"region_attributes":{"Type":"2","count":"2"}},{"shape_attributes":{"name":"rect","x":629,"y":180,"width":17,"height":24},"region_attributes":{"Type":"1","count":"9"}},{"shape_attributes":{"name":"rect","x":614,"y":199,"width":31,"height":28},"region_attributes":{"Type":"2","count":"3"}},{"shape_attributes":{"name":"rect","x":532,"y":242,"width":70,"height":36},"region_attributes":{"Type":"1","count":"2"}},{"shape_attributes":{"name":"rect","x":617,"y":232,"width":27,"height":13},"region_attributes":{"Type":"2","count":"12"}},{"shape_attributes":{"name":"rect","x":662,"y":233,"width":13,"height":17},"region_attributes":{"Type":"2","count":"1"}},{"shape_attributes":{"name":"rect","x":649,"y":234,"width":5,"height":20},"region_attributes":{"Type":"3","count":"1"}},{"shape_attributes":{"name":"rect","x":613,"y":251,"width":62,"height":27},"region_attributes":{"Type":"1","count":"17"}},{"shape_attributes":{"name":"rect","x":491,"y":298,"width":30,"height":31},"region_attributes":{"Type":"2","count":"6"}},{"shape_attributes":{"name":"rect","x":532,"y":314,"width":15,"height":13},"region_attributes":{"Type":"1","count":"1"}},{"shape_attributes":{"name":"rect","x":568,"y":314,"width":15,"height":21},"region_attributes":{"Type":"2","count":"1"}},{"shape_attributes":{"name":"rect","x":593,"y":294,"width":31,"height":32},"region_attributes":{"Type":"1","count":"5"}},{"shape_attributes":{"name":"rect","x":666,"y":290,"width":17,"height":24},"region_attributes":{"Type":"2","count":"4"}},{"shape_attributes":{"name":"rect","x":646,"y":301,"width":16,"height":23},"region_attributes":{"Type":"3","count":"1"}},{"shape_attributes":{"name":"rect","x":393,"y":380,"width":88,"height":7},"region_attributes":{"Type":"2","count":"5"}},{"shape_attributes":{"name":"rect","x":379,"y":352,"width":97,"height":60},"region_attributes":{"Type":"1","count":"16"}},{"shape_attributes":{"name":"rect","x":399,"y":420,"width":50,"height":26},"region_attributes":{"Type":"1","count":"3"}},{"shape_attributes":{"name":"rect","x":456,"y":424,"width":16,"height":18},"region_attributes":{"Type":"2","count":"1"}},{"shape_attributes":{"name":"rect","x":479,"y":402,"width":10,"height":24},"region_attributes":{"Type":"3","count":"1"}},{"shape_attributes":{"name":"rect","x":488,"y":428,"width":78,"height":70},"region_attributes":{"Type":"1","count":"11"}},{"shape_attributes":{"name":"rect","x":466,"y":447,"width":10,"height":16},"region_attributes":{"Type":"1","count":"11"}},{"shape_attributes":{"name":"rect","x":449,"y":453,"width":23,"height":21},"region_attributes":{"Type":"2","count":"17"}},{"shape_attributes":{"name":"rect","x":442,"y":468,"width":17,"height":15},"region_attributes":{"Type":"1","count":"3"}},{"shape_attributes":{"name":"rect","x":434,"y":486,"width":40,"height":15},"region_attributes":{"Type":"2","count":"12"}},{"shape_attributes":{"name":"rect","x":614,"y":336,"width":27,"height":26},"region_attributes":{"Type":"2","count":"17"}},{"shape_attributes":{"name":"rect","x":612,"y":370,"width":34,"height":17},"region_attributes":{"Type":"1","count":"28"}},{"shape_attributes":{"name":"rect","x":596,"y":382,"width":26,"height":28},"region_attributes":{"Type":"1","count":"16"}},{"shape_attributes":{"name":"rect","x":608,"y":402,"width":46,"height":40},"region_attributes":{"Type":"2","count":"25"}},{"shape_attributes":{"name":"rect","x":660,"y":423,"width":12,"height":13},"region_attributes":{"Type":"2","count":"2"}},{"shape_attributes":{"name":"rect","x":659,"y":464,"width":18,"height":19},"region_attributes":{"Type":"2","count":"7"}},{"shape_attributes":{"name":"rect","x":578,"y":499,"width":68,"height":11},"region_attributes":{"Type":"3","count":"2"}}],"file_attributes":{"date":"","temp":"","rain":"2","neighborhood":"East Village South","total_count":""}},"https://drive.google.com/uc?export=view&id=116a87DIYudQwdOL5tzlRvlPxslfSHBsC\n":{"filename":"https://drive.google.com/uc?export=view&id=116a87DIYudQwdOL5tzlRvlPxslfSHBsC\n","size":-1,"regions":[{"shape_attributes":{"name":"rect","x":129,"y":194,"width":30,"height":43},"region_attributes":{"Type":"1","count":"5"}},{"shape_attributes":{"name":"rect","x":169,"y":189,"width":8,"height":8},"region_attributes":{"Type":"2","count":"1"}},{"shape_attributes":{"name":"rect","x":173,"y":166,"width":64,"height":48},"region_attributes":{"Type":"1","count":"3"}},{"shape_attributes":{"name":"rect","x":281,"y":185,"width":20,"height":16},"region_attributes":{"Type":"1","count":"1"}},{"shape_attributes":{"name":"rect","x":233,"y":254,"width":13,"height":15},"region_attributes":{"Type":"1","count":"1"}},{"shape_attributes":{"name":"rect","x":317,"y":240,"width":74,"height":29},"region_attributes":{"Type":"1","count":"2"}},{"shape_attributes":{"name":"rect","x":380,"y":293,"width":9,"height":9},"region_attributes":{"Type":"2","count":"1"}},{"shape_attributes":{"name":"rect","x":354,"y":306,"width":32,"height":34},"region_attributes":{"Type":"1","count":"7"}},{"shape_attributes":{"name":"rect","x":331,"y":466,"width":18,"height":16},"region_attributes":{"Type":"1","count":"6"}},{"shape_attributes":{"name":"rect","x":401,"y":351,"width":11,"height":51},"region_attributes":{"Type":"1","count":"7"}},{"shape_attributes":{"name":"rect","x":376,"y":367,"width":17,"height":23},"region_attributes":{"Type":"2","count":"8"}},{"shape_attributes":{"name":"rect","x":404,"y":172,"width":79,"height":46},"region_attributes":{"Type":"1","count":"7"}},{"shape_attributes":{"name":"rect","x":467,"y":237,"width":43,"height":31},"region_attributes":{"Type":"1","count":"3"}},{"shape_attributes":{"name":"rect","x":497,"y":310,"width":21,"height":16},"region_attributes":{"Type":"1","count":"3"}},{"shape_attributes":{"name":"rect","x":498,"y":286,"width":45,"height":44},"region_attributes":{"Type":"2","count":"4"}},{"shape_attributes":{"name":"rect","x":555,"y":304,"width":13,"height":16},"region_attributes":{"Type":"1","count":"1"}},{"shape_attributes":{"name":"rect","x":464,"y":364,"width":14,"height":15},"region_attributes":{"Type":"1","count":"10"}},{"shape_attributes":{"name":"rect","x":466,"y":413,"width":15,"height":23},"region_attributes":{"Type":"2","count":"1"}},{"shape_attributes":{"name":"rect","x":445,"y":418,"width":18,"height":19},"region_attributes":{"Type":"1","count":"1"}},{"shape_attributes":{"name":"rect","x":446,"y":456,"width":29,"height":21},"region_attributes":{"Type":"1","count":"13"}},{"shape_attributes":{"name":"rect","x":452,"y":488,"width":11,"height":9},"region_attributes":{"Type":"2","count":"13"}},{"shape_attributes":{"name":"rect","x":490,"y":447,"width":89,"height":40},"region_attributes":{"Type":"1","count":"11"}},{"shape_attributes":{"name":"rect","x":590,"y":173,"width":17,"height":27},"region_attributes":{"Type":"1","count":"8"}},{"shape_attributes":{"name":"rect","x":574,"y":192,"width":37,"height":27},"region_attributes":{"Type":"2","count":"2"}},{"shape_attributes":{"name":"rect","x":626,"y":172,"width":55,"height":19},"region_attributes":{"Type":"1","count":"8"}},{"shape_attributes":{"name":"rect","x":623,"y":199,"width":12,"height":17},"region_attributes":{"Type":"2","count":"5"}},{"shape_attributes":{"name":"rect","x":636,"y":202,"width":18,"height":10},"region_attributes":{"Type":"1","count":"2"}},{"shape_attributes":{"name":"rect","x":623,"y":231,"width":16,"height":11},"region_attributes":{"Type":"1","count":"8"}},{"shape_attributes":{"name":"rect","x":614,"y":230,"width":46,"height":33},"region_attributes":{"Type":"2","count":"5"}},{"shape_attributes":{"name":"rect","x":632,"y":270,"width":22,"height":44},"region_attributes":{"Type":"1","count":"3"}},{"shape_attributes":{"name":"rect","x":676,"y":284,"width":38,"height":47},"region_attributes":{"Type":"2","count":"10"}},{"shape_attributes":{"name":"rect","x":623,"y":329,"width":14,"height":10},"region_attributes":{"Type":"3","count":"1"}},{"shape_attributes":{"name":"rect","x":670,"y":344,"width":15,"height":20},"region_attributes":{"Type":"2","count":"3"}},{"shape_attributes":{"name":"rect","x":623,"y":344,"width":15,"height":9},"region_attributes":{"Type":"1","count":"22"}},{"shape_attributes":{"name":"rect","x":643,"y":344,"width":10,"height":9},"region_attributes":{"Type":"2","count":"4"}},{"shape_attributes":{"name":"rect","x":659,"y":347,"width":6,"height":14},"region_attributes":{"Type":"3","count":"1"}},{"shape_attributes":{"name":"rect","x":643,"y":358,"width":11,"height":13},"region_attributes":{"Type":"1","count":"12"}},{"shape_attributes":{"name":"rect","x":622,"y":358,"width":31,"height":40},"region_attributes":{"Type":"2","count":"24"}},{"shape_attributes":{"name":"rect","x":611,"y":371,"width":14,"height":18},"region_attributes":{"Type":"3","count":"1"}},{"shape_attributes":{"name":"rect","x":618,"y":406,"width":17,"height":34},"region_attributes":{"Type":"1","count":"18"}},{"shape_attributes":{"name":"rect","x":641,"y":404,"width":42,"height":34},"region_attributes":{"Type":"2","count":"21"}},{"shape_attributes":{"name":"rect","x":602,"y":455,"width":13,"height":25},"region_attributes":{"Type":"3","count":"1"}},{"shape_attributes":{"name":"rect","x":667,"y":451,"width":15,"height":11},"region_attributes":{"Type":"2","count":"7"}},{"shape_attributes":{"name":"rect","x":664,"y":469,"width":15,"height":17},"region_attributes":{"Type":"1","count":"4"}}],"file_attributes":{"date":"","temp":"","rain":"2","neighborhood":"East Village South","total_count":""}},"https://drive.google.com/uc?export=view&id=16YrxlswBcZwAepgOUIZ4T5DWuNlQaMnd\n":{"filename":"https://drive.google.com/uc?export=view&id=16YrxlswBcZwAepgOUIZ4T5DWuNlQaMnd\n","size":-1,"regions":[{"shape_attributes":{"name":"rect","x":116,"y":337,"width":21,"height":30},"region_attributes":{"Type":"1","count":"1"}},{"shape_attributes":{"name":"rect","x":151,"y":182,"width":17,"height":10},"region_attributes":{"Type":"2","count":"4"}},{"shape_attributes":{"name":"rect","x":124,"y":181,"width":39,"height":88},"region_attributes":{"Type":"1","count":"3"}},{"shape_attributes":{"name":"rect","x":273,"y":171,"width":87,"height":37},"region_attributes":{"Type":"1","count":"3"}},{"shape_attributes":{"name":"rect","x":292,"y":475,"width":46,"height":22},"region_attributes":{"Type":"1","count":"5"}},{"shape_attributes":{"name":"rect","x":403,"y":167,"width":80,"height":46},"region_attributes":{"Type":"1","count":"11"}},{"shape_attributes":{"name":"rect","x":447,"y":242,"width":39,"height":26},"region_attributes":{"Type":"1","count":"6"}},{"shape_attributes":{"name":"rect","x":371,"y":278,"width":15,"height":15},"region_attributes":{"Type":"1","count":"4"}},{"shape_attributes":{"name":"rect","x":378,"y":302,"width":12,"height":15},"region_attributes":{"Type":"2","count":"4"}},{"shape_attributes":{"name":"rect","x":355,"y":307,"width":27,"height":23},"region_attributes":{"Type":"1","count":"5"}},{"shape_attributes":{"name":"rect","x":395,"y":334,"width":55,"height":45},"region_attributes":{"Type":"1","count":"12"}},{"shape_attributes":{"name":"rect","x":386,"y":349,"width":76,"height":18},"region_attributes":{"Type":"2","count":"2"}},{"shape_attributes":{"name":"rect","x":461,"y":372,"width":30,"height":23},"region_attributes":{"Type":"1","count":"20"}},{"shape_attributes":{"name":"rect","x":461,"y":413,"width":12,"height":8},"region_attributes":{"Type":"2","count":"1"}},{"shape_attributes":{"name":"rect","x":442,"y":452,"width":7,"height":11},"region_attributes":{"Type":"3","count":"1"}},{"shape_attributes":{"name":"rect","x":457,"y":450,"width":20,"height":19},"region_attributes":{"Type":"1","count":"5"}},{"shape_attributes":{"name":"rect","x":444,"y":470,"width":25,"height":8},"region_attributes":{"Type":"2","count":"6"}},{"shape_attributes":{"name":"rect","x":445,"y":484,"width":65,"height":10},"region_attributes":{"Type":"1","count":"16"}},{"shape_attributes":{"name":"rect","x":493,"y":281,"width":16,"height":12},"region_attributes":{"Type":"1","count":"2"}},{"shape_attributes":{"name":"rect","x":495,"y":301,"width":28,"height":22},"region_attributes":{"Type":"2","count":"7"}},{"shape_attributes":{"name":"rect","x":537,"y":311,"width":16,"height":19},"region_attributes":{"Type":"1","count":"1"}},{"shape_attributes":{"name":"rect","x":576,"y":188,"width":26,"height":11},"region_attributes":{"Type":"2","count":"3"}},{"shape_attributes":{"name":"rect","x":552,"y":157,"width":57,"height":51},"region_attributes":{"Type":"1","count":"4"}},{"shape_attributes":{"name":"rect","x":631,"y":183,"width":10,"height":10},"region_attributes":{"Type":"2","count":"3"}},{"shape_attributes":{"name":"rect","x":619,"y":168,"width":70,"height":46},"region_attributes":{"Type":"1","count":"8"}},{"shape_attributes":{"name":"rect","x":589,"y":254,"width":17,"height":50},"region_attributes":{"Type":"1","count":"6"}},{"shape_attributes":{"name":"rect","x":580,"y":307,"width":12,"height":17},"region_attributes":{"Type":"2","count":"2"}},{"shape_attributes":{"name":"rect","x":627,"y":235,"width":30,"height":10},"region_attributes":{"Type":"2","count":"9"}},{"shape_attributes":{"name":"rect","x":621,"y":219,"width":61,"height":47},"region_attributes":{"Type":"1","count":"14"}},{"shape_attributes":{"name":"rect","x":677,"y":277,"width":10,"height":15},"region_attributes":{"Type":"2","count":"1"}},{"shape_attributes":{"name":"rect","x":633,"y":307,"width":25,"height":15},"region_attributes":{"Type":"1","count":"2"}},{"shape_attributes":{"name":"rect","x":621,"y":335,"width":26,"height":15},"region_attributes":{"Type":"2","count":"11"}},{"shape_attributes":{"name":"rect","x":670,"y":336,"width":10,"height":18},"region_attributes":{"Type":"2","count":"1"}},{"shape_attributes":{"name":"rect","x":661,"y":338,"width":9,"height":19},"region_attributes":{"Type":"3","count":"1"}},{"shape_attributes":{"name":"rect","x":614,"y":328,"width":37,"height":39},"region_attributes":{"Type":"1","count":"31"}},{"shape_attributes":{"name":"rect","x":624,"y":375,"width":31,"height":16},"region_attributes":{"Type":"2","count":"17"}},{"shape_attributes":{"name":"rect","x":619,"y":399,"width":40,"height":4},"region_attributes":{"Type":"1","count":"24"}},{"shape_attributes":{"name":"rect","x":647,"y":404,"width":10,"height":13},"region_attributes":{"Type":"2","count":"8"}},{"shape_attributes":{"name":"rect","x":622,"y":423,"width":29,"height":12},"region_attributes":{"Type":"1","count":"11"}},{"shape_attributes":{"name":"rect","x":565,"y":455,"width":9,"height":13},"region_attributes":{"Type":"3","count":"1"}},{"shape_attributes":{"name":"rect","x":563,"y":475,"width":22,"height":19},"region_attributes":{"Type":"1","count":"1"}},{"shape_attributes":{"name":"rect","x":608,"y":459,"width":61,"height":23},"region_attributes":{"Type":"3","count":"2"}},{"shape_attributes":{"name":"rect","x":665,"y":446,"width":22,"height":27},"region_attributes":{"Type":"2","count":"7"}}],"file_attributes":{"date":"","temp":"","rain":"2","neighborhood":"East Village South","total_count":""}},"https://drive.google.com/uc?export=view&id=1AKiMSrFGzm8Tdl60jY9XwHNFFpbqiCnC\n":{"filename":"https://drive.google.com/uc?export=view&id=1AKiMSrFGzm8Tdl60jY9XwHNFFpbqiCnC\n","size":-1,"regions":[{"shape_attributes":{"name":"rect","x":115,"y":233,"width":20,"height":22},"region_attributes":{"Type":"1","count":"2"}},{"shape_attributes":{"name":"rect","x":142,"y":143,"width":46,"height":18},"region_attributes":{"Type":"1","count":"2"}},{"shape_attributes":{"name":"rect","x":143,"y":171,"width":41,"height":15},"region_attributes":{"Type":"2","count":"5"}},{"shape_attributes":{"name":"rect","x":260,"y":143,"width":20,"height":14},"region_attributes":{"Type":"1","count":"1"}},{"shape_attributes":{"name":"rect","x":323,"y":159,"width":17,"height":21},"region_attributes":{"Type":"1","count":"2"}},{"shape_attributes":{"name":"rect","x":317,"y":241,"width":16,"height":13},"region_attributes":{"Type":"1","count":"1"}},{"shape_attributes":{"name":"rect","x":316,"y":292,"width":25,"height":40},"region_attributes":{"Type":"1","count":"4"}},{"shape_attributes":{"name":"rect","x":189,"y":446,"width":33,"height":27},"region_attributes":{"Type":"1","count":"1"}},{"shape_attributes":{"name":"rect","x":301,"y":361,"width":14,"height":22},"region_attributes":{"Type":"1","count":"1"}},{"shape_attributes":{"name":"rect","x":315,"y":451,"width":32,"height":41},"region_attributes":{"Type":"1","count":"5"}},{"shape_attributes":{"name":"rect","x":222,"y":481,"width":24,"height":16},"region_attributes":{"Type":"1","count":"3"}},{"shape_attributes":{"name":"rect","x":409,"y":146,"width":69,"height":48},"region_attributes":{"Type":"1","count":"9"}},{"shape_attributes":{"name":"rect","x":567,"y":166,"width":12,"height":24},"region_attributes":{"Type":"1","count":"2"}},{"shape_attributes":{"name":"rect","x":592,"y":149,"width":16,"height":17},"region_attributes":{"Type":"1","count":"4"}},{"shape_attributes":{"name":"rect","x":646,"y":146,"width":39,"height":21},"region_attributes":{"Type":"1","count":"4"}},{"shape_attributes":{"name":"rect","x":653,"y":175,"width":14,"height":19},"region_attributes":{"Type":"2","count":"4"}},{"shape_attributes":{"name":"rect","x":582,"y":148,"width":35,"height":42},"region_attributes":{"Type":"2","count":"5"}},{"shape_attributes":{"name":"rect","x":623,"y":177,"width":16,"height":20},"region_attributes":{"Type":"1","count":"4"}},{"shape_attributes":{"name":"rect","x":658,"y":207,"width":7,"height":12},"region_attributes":{"Type":"1","count":"5"}},{"shape_attributes":{"name":"rect","x":638,"y":204,"width":39,"height":17},"region_attributes":{"Type":"2","count":"4"}},{"shape_attributes":{"name":"rect","x":639,"y":227,"width":41,"height":28},"region_attributes":{"Type":"1","count":"8"}},{"shape_attributes":{"name":"rect","x":463,"y":219,"width":24,"height":34},"region_attributes":{"Type":"1","count":"5"}},{"shape_attributes":{"name":"rect","x":417,"y":366,"width":35,"height":18},"region_attributes":{"Type":"1","count":"7"}},{"shape_attributes":{"name":"rect","x":493,"y":356,"width":11,"height":47},"region_attributes":{"Type":"3","count":"2"}},{"shape_attributes":{"name":"rect","x":452,"y":317,"width":33,"height":7},"region_attributes":{"Type":"1","count":"3"}},{"shape_attributes":{"name":"rect","x":460,"y":337,"width":11,"height":7},"region_attributes":{"Type":"2","count":"2"}},{"shape_attributes":{"name":"rect","x":476,"y":335,"width":14,"height":28},"region_attributes":{"Type":"1","count":"1"}},{"shape_attributes":{"name":"rect","x":431,"y":406,"width":57,"height":32},"region_attributes":{"Type":"1","count":"11"}},{"shape_attributes":{"name":"rect","x":465,"y":445,"width":51,"height":21},"region_attributes":{"Type":"1","count":"10"}},{"shape_attributes":{"name":"rect","x":454,"y":465,"width":11,"height":17},"region_attributes":{"Type":"1","count":"10"}},{"shape_attributes":{"name":"rect","x":505,"y":261,"width":5,"height":56},"region_attributes":{"Type":"1","count":"3"}},{"shape_attributes":{"name":"rect","x":506,"y":278,"width":41,"height":30},"region_attributes":{"Type":"2","count":"3"}},{"shape_attributes":{"name":"rect","x":531,"y":482,"width":49,"height":18},"region_attributes":{"Type":"1","count":"7"}},{"shape_attributes":{"name":"rect","x":453,"y":486,"width":13,"height":10},"region_attributes":{"Type":"2","count":"11"}},{"shape_attributes":{"name":"rect","x":461,"y":473,"width":16,"height":23},"region_attributes":{"Type":"1","count":"6"}},{"shape_attributes":{"name":"rect","x":645,"y":259,"width":34,"height":35},"region_attributes":{"Type":"1","count":"15"}},{"shape_attributes":{"name":"rect","x":709,"y":256,"width":8,"height":8},"region_attributes":{"Type":"3","count":"1"}},{"shape_attributes":{"name":"rect","x":694,"y":215,"width":27,"height":26},"region_attributes":{"Type":"1","count":"1"}},{"shape_attributes":{"name":"rect","x":692,"y":268,"width":14,"height":15},"region_attributes":{"Type":"2","count":"1"}},{"shape_attributes":{"name":"rect","x":591,"y":264,"width":41,"height":52},"region_attributes":{"Type":"1","count":"2"}},{"shape_attributes":{"name":"rect","x":587,"y":258,"width":49,"height":61},"region_attributes":{"Type":"2","count":"2"}},{"shape_attributes":{"name":"rect","x":650,"y":303,"width":8,"height":9},"region_attributes":{"Type":"2","count":"1"}},{"shape_attributes":{"name":"rect","x":674,"y":303,"width":12,"height":9},"region_attributes":{"Type":"1","count":"6"}},{"shape_attributes":{"name":"rect","x":667,"y":328,"width":17,"height":10},"region_attributes":{"Type":"2","count":"5"}},{"shape_attributes":{"name":"rect","x":643,"y":325,"width":14,"height":33},"region_attributes":{"Type":"1","count":"16"}},{"shape_attributes":{"name":"rect","x":620,"y":330,"width":10,"height":19},"region_attributes":{"Type":"1","count":"2"}},{"shape_attributes":{"name":"rect","x":698,"y":334,"width":8,"height":11},"region_attributes":{"Type":"2","count":"1"}},{"shape_attributes":{"name":"rect","x":696,"y":351,"width":6,"height":12},"region_attributes":{"Type":"1","count":"5"}},{"shape_attributes":{"name":"rect","x":667,"y":358,"width":14,"height":20},"region_attributes":{"Type":"2","count":"2"}},{"shape_attributes":{"name":"rect","x":639,"y":363,"width":16,"height":12},"region_attributes":{"Type":"2","count":"8"}},{"shape_attributes":{"name":"rect","x":627,"y":373,"width":14,"height":19},"region_attributes":{"Type":"3","count":"1"}},{"shape_attributes":{"name":"rect","x":649,"y":383,"width":18,"height":31},"region_attributes":{"Type":"1","count":"29"}},{"shape_attributes":{"name":"rect","x":673,"y":404,"width":31,"height":24},"region_attributes":{"Type":"2","count":"6"}},{"shape_attributes":{"name":"rect","x":659,"y":422,"width":14,"height":16},"region_attributes":{"Type":"1","count":"5"}},{"shape_attributes":{"name":"rect","x":641,"y":421,"width":11,"height":16},"region_attributes":{"Type":"2","count":"4"}},{"shape_attributes":{"name":"rect","x":590,"y":468,"width":73,"height":37},"region_attributes":{"Type":"3","count":"4"}},{"shape_attributes":{"name":"rect","x":695,"y":444,"width":20,"height":60},"region_attributes":{"Type":"2","count":"4"}},{"shape_attributes":{"name":"rect","x":666,"y":446,"width":16,"height":18},"region_attributes":{"Type":"1","count":"1"}},{"shape_attributes":{"name":"rect","x":683,"y":469,"width":15,"height":17},"region_attributes":{"Type":"3","count":"1"}}],"file_attributes":{"date":"","temp":"","rain":"2","neighborhood":"East Village South","total_count":""}},"https://drive.google.com/uc?export=view&id=1_Ny7ae0ecHg67tc3cbvp7Q701b-wo4Cc\n":{"filename":"https://drive.google.com/uc?export=view&id=1_Ny7ae0ecHg67tc3cbvp7Q701b-wo4Cc\n","size":-1,"regions":[{"shape_attributes":{"name":"rect","x":161,"y":149,"width":20,"height":17},"region_attributes":{"Type":"1","count":"3"}},{"shape_attributes":{"name":"rect","x":161,"y":151,"width":31,"height":30},"region_attributes":{"Type":"2","count":"1"}},{"shape_attributes":{"name":"rect","x":139,"y":205,"width":10,"height":14},"region_attributes":{"Type":"2","count":"2"}},{"shape_attributes":{"name":"rect","x":116,"y":209,"width":33,"height":50},"region_attributes":{"Type":"1","count":"3"}},{"shape_attributes":{"name":"rect","x":107,"y":299,"width":28,"height":14},"region_attributes":{"Type":"1","count":"1"}},{"shape_attributes":{"name":"rect","x":152,"y":404,"width":19,"height":14},"region_attributes":{"Type":"1","count":"1"}},{"shape_attributes":{"name":"rect","x":272,"y":185,"width":23,"height":24},"region_attributes":{"Type":"1","count":"1"}},{"shape_attributes":{"name":"rect","x":244,"y":403,"width":30,"height":25},"region_attributes":{"Type":"1","count":"1"}},{"shape_attributes":{"name":"rect","x":298,"y":356,"width":18,"height":14},"region_attributes":{"Type":"1","count":"1"}},{"shape_attributes":{"name":"rect","x":352,"y":158,"width":71,"height":43},"region_attributes":{"Type":"1","count":"6"}},{"shape_attributes":{"name":"rect","x":303,"y":225,"width":17,"height":17},"region_attributes":{"Type":"1","count":"1"}},{"shape_attributes":{"name":"rect","x":318,"y":267,"width":53,"height":77},"region_attributes":{"Type":"1","count":"12"}},{"shape_attributes":{"name":"rect","x":384,"y":263,"width":27,"height":22},"region_attributes":{"Type":"1","count":"10"}},{"shape_attributes":{"name":"rect","x":373,"y":287,"width":17,"height":24},"region_attributes":{"Type":"2","count":"1"}},{"shape_attributes":{"name":"rect","x":381,"y":385,"width":11,"height":21},"region_attributes":{"Type":"1","count":"3"}},{"shape_attributes":{"name":"rect","x":420,"y":327,"width":13,"height":16},"region_attributes":{"Type":"2","count":"1"}},{"shape_attributes":{"name":"rect","x":393,"y":328,"width":56,"height":34},"region_attributes":{"Type":"1","count":"10"}},{"shape_attributes":{"name":"rect","x":463,"y":324,"width":15,"height":21},"region_attributes":{"Type":"2","count":"3"}},{"shape_attributes":{"name":"rect","x":461,"y":362,"width":23,"height":38},"region_attributes":{"Type":"1","count":"16"}},{"shape_attributes":{"name":"rect","x":482,"y":396,"width":14,"height":24},"region_attributes":{"Type":"3","count":"1"}},{"shape_attributes":{"name":"rect","x":427,"y":188,"width":48,"height":69},"region_attributes":{"Type":"1","count":"5"}},{"shape_attributes":{"name":"rect","x":547,"y":154,"width":66,"height":46},"region_attributes":{"Type":"1","count":"11"}},{"shape_attributes":{"name":"rect","x":582,"y":163,"width":37,"height":32},"region_attributes":{"Type":"2","count":"3"}},{"shape_attributes":{"name":"rect","x":624,"y":160,"width":30,"height":41},"region_attributes":{"Type":"1","count":"7"}},{"shape_attributes":{"name":"rect","x":621,"y":149,"width":68,"height":55},"region_attributes":{"Type":"2","count":"3"}},{"shape_attributes":{"name":"rect","x":494,"y":269,"width":6,"height":42},"region_attributes":{"Type":"1","count":"2"}},{"shape_attributes":{"name":"rect","x":493,"y":280,"width":36,"height":28},"region_attributes":{"Type":"2","count":"2"}},{"shape_attributes":{"name":"rect","x":624,"y":209,"width":40,"height":50},"region_attributes":{"Type":"2","count":"8"}},{"shape_attributes":{"name":"rect","x":627,"y":210,"width":42,"height":37},"region_attributes":{"Type":"1","count":"6"}},{"shape_attributes":{"name":"rect","x":616,"y":228,"width":10,"height":31},"region_attributes":{"Type":"3","count":"1"}},{"shape_attributes":{"name":"rect","x":573,"y":265,"width":36,"height":32},"region_attributes":{"Type":"1","count":"4"}},{"shape_attributes":{"name":"rect","x":584,"y":305,"width":30,"height":13},"region_attributes":{"Type":"2","count":"1"}},{"shape_attributes":{"name":"rect","x":672,"y":268,"width":18,"height":25},"region_attributes":{"Type":"2","count":"1"}},{"shape_attributes":{"name":"rect","x":637,"y":296,"width":10,"height":13},"region_attributes":{"Type":"2","count":"1"}},{"shape_attributes":{"name":"rect","x":623,"y":293,"width":43,"height":22},"region_attributes":{"Type":"1","count":"11"}},{"shape_attributes":{"name":"rect","x":598,"y":371,"width":10,"height":14},"region_attributes":{"Type":"1","count":"2"}},{"shape_attributes":{"name":"rect","x":607,"y":379,"width":9,"height":29},"region_attributes":{"Type":"3","count":"1"}},{"shape_attributes":{"name":"rect","x":444,"y":454,"width":12,"height":18},"region_attributes":{"Type":"1","count":"9"}},{"shape_attributes":{"name":"rect","x":450,"y":475,"width":13,"height":8},"region_attributes":{"Type":"2","count":"3"}},{"shape_attributes":{"name":"rect","x":494,"y":438,"width":71,"height":46},"region_attributes":{"Type":"1","count":"13"}},{"shape_attributes":{"name":"rect","x":590,"y":439,"width":14,"height":15},"region_attributes":{"Type":"1","count":"1"}},{"shape_attributes":{"name":"rect","x":611,"y":447,"width":10,"height":24},"region_attributes":{"Type":"3","count":"1"}},{"shape_attributes":{"name":"rect","x":635,"y":464,"width":34,"height":29},"region_attributes":{"Type":"3","count":"2"}},{"shape_attributes":{"name":"rect","x":649,"y":325,"width":10,"height":43},"region_attributes":{"Type":"1","count":"15"}},{"shape_attributes":{"name":"rect","x":628,"y":325,"width":12,"height":30},"region_attributes":{"Type":"2","count":"7"}},{"shape_attributes":{"name":"rect","x":625,"y":356,"width":11,"height":35},"region_attributes":{"Type":"1","count":"28"}},{"shape_attributes":{"name":"rect","x":651,"y":379,"width":14,"height":19},"region_attributes":{"Type":"2","count":"2"}},{"shape_attributes":{"name":"rect","x":625,"y":398,"width":9,"height":31},"region_attributes":{"Type":"2","count":"13"}},{"shape_attributes":{"name":"rect","x":649,"y":411,"width":29,"height":16},"region_attributes":{"Type":"2","count":"7"}},{"shape_attributes":{"name":"rect","x":639,"y":412,"width":56,"height":13},"region_attributes":{"Type":"1","count":"4"}},{"shape_attributes":{"name":"rect","x":668,"y":437,"width":13,"height":13},"region_attributes":{"Type":"2","count":"1"}}],"file_attributes":{"date":"","temp":"","rain":"2","neighborhood":"East Village South","total_count":""}},"https://drive.google.com/uc?export=view&id=10OjziZvZ4tZjSbMLJyin2yQCFJDP96_X\n":{"filename":"https://drive.google.com/uc?export=view&id=10OjziZvZ4tZjSbMLJyin2yQCFJDP96_X\n","size":-1,"regions":[{"shape_attributes":{"name":"rect","x":149,"y":139,"width":15,"height":11},"region_attributes":{"Type":"1","count":"2"}},{"shape_attributes":{"name":"rect","x":93,"y":180,"width":11,"height":16},"region_attributes":{"Type":"1","count":"1"}},{"shape_attributes":{"name":"rect","x":244,"y":174,"width":16,"height":24},"region_attributes":{"Type":"1","count":"1"}},{"shape_attributes":{"name":"rect","x":101,"y":208,"width":18,"height":20},"region_attributes":{"Type":"2","count":"1"}},{"shape_attributes":{"name":"rect","x":143,"y":212,"width":145,"height":46},"region_attributes":{"Type":"1","count":"4"}},{"shape_attributes":{"name":"rect","x":161,"y":388,"width":16,"height":26},"region_attributes":{"Type":"1","count":"2"}},{"shape_attributes":{"name":"rect","x":234,"y":438,"width":32,"height":26},"region_attributes":{"Type":"1","count":"3"}},{"shape_attributes":{"name":"rect","x":330,"y":121,"width":66,"height":42},"region_attributes":{"Type":"1","count":"9"}},{"shape_attributes":{"name":"rect","x":391,"y":133,"width":5,"height":33},"region_attributes":{"Type":"3","count":"1"}},{"shape_attributes":{"name":"rect","x":366,"y":193,"width":69,"height":33},"region_attributes":{"Type":"1","count":"4"}},{"shape_attributes":{"name":"rect","x":318,"y":237,"width":18,"height":62},"region_attributes":{"Type":"1","count":"21"}},{"shape_attributes":{"name":"rect","x":321,"y":260,"width":29,"height":25},"region_attributes":{"Type":"2","count":"2"}},{"shape_attributes":{"name":"rect","x":346,"y":408,"width":17,"height":17},"region_attributes":{"Type":"1","count":"4"}},{"shape_attributes":{"name":"rect","x":441,"y":304,"width":17,"height":15},"region_attributes":{"Type":"3","count":"2"}},{"shape_attributes":{"name":"rect","x":403,"y":330,"width":38,"height":31},"region_attributes":{"Type":"1","count":"32"}},{"shape_attributes":{"name":"rect","x":361,"y":312,"width":15,"height":15},"region_attributes":{"Type":"1","count":"2"}},{"shape_attributes":{"name":"rect","x":363,"y":290,"width":42,"height":100},"region_attributes":{"Type":"2","count":"5"}},{"shape_attributes":{"name":"rect","x":427,"y":155,"width":9,"height":13},"region_attributes":{"Type":"2","count":"1"}},{"shape_attributes":{"name":"rect","x":414,"y":139,"width":30,"height":30},"region_attributes":{"Type":"1","count":"4"}},{"shape_attributes":{"name":"rect","x":472,"y":120,"width":17,"height":17},"region_attributes":{"Type":"1","count":"1"}},{"shape_attributes":{"name":"rect","x":459,"y":257,"width":15,"height":18},"region_attributes":{"Type":"2","count":"1"}},{"shape_attributes":{"name":"rect","x":513,"y":145,"width":22,"height":54},"region_attributes":{"Type":"1","count":"3"}},{"shape_attributes":{"name":"rect","x":592,"y":148,"width":38,"height":17},"region_attributes":{"Type":"2","count":"7"}},{"shape_attributes":{"name":"rect","x":585,"y":125,"width":38,"height":21},"region_attributes":{"Type":"1","count":"3"}},{"shape_attributes":{"name":"rect","x":541,"y":120,"width":38,"height":49},"region_attributes":{"Type":"1","count":"13"}},{"shape_attributes":{"name":"rect","x":564,"y":145,"width":17,"height":12},"region_attributes":{"Type":"2","count":"1"}},{"shape_attributes":{"name":"rect","x":508,"y":265,"width":20,"height":28},"region_attributes":{"Type":"1","count":"1"}},{"shape_attributes":{"name":"rect","x":540,"y":240,"width":38,"height":42},"region_attributes":{"Type":"1","count":"4"}},{"shape_attributes":{"name":"rect","x":657,"y":175,"width":16,"height":21},"region_attributes":{"Type":"1","count":"2"}},{"shape_attributes":{"name":"rect","x":591,"y":177,"width":34,"height":14},"region_attributes":{"Type":"2","count":"8"}},{"shape_attributes":{"name":"rect","x":593,"y":200,"width":24,"height":17},"region_attributes":{"Type":"1","count":"10"}},{"shape_attributes":{"name":"rect","x":656,"y":202,"width":16,"height":18},"region_attributes":{"Type":"2","count":"3"}},{"shape_attributes":{"name":"rect","x":656,"y":229,"width":18,"height":15},"region_attributes":{"Type":"3","count":"1"}},{"shape_attributes":{"name":"rect","x":637,"y":239,"width":38,"height":20},"region_attributes":{"Type":"2","count":"7"}},{"shape_attributes":{"name":"rect","x":633,"y":265,"width":17,"height":12},"region_attributes":{"Type":"3","count":"1"}},{"shape_attributes":{"name":"rect","x":465,"y":377,"width":54,"height":47},"region_attributes":{"Type":"1","count":"14"}},{"shape_attributes":{"name":"rect","x":377,"y":411,"width":69,"height":54},"region_attributes":{"Type":"1","count":"17"}},{"shape_attributes":{"name":"rect","x":412,"y":445,"width":42,"height":11},"region_attributes":{"Type":"2","count":"8"}},{"shape_attributes":{"name":"rect","x":562,"y":291,"width":41,"height":24},"region_attributes":{"Type":"1","count":"17"}},{"shape_attributes":{"name":"rect","x":616,"y":287,"width":38,"height":20},"region_attributes":{"Type":"2","count":"6"}},{"shape_attributes":{"name":"rect","x":616,"y":315,"width":35,"height":21},"region_attributes":{"Type":"1","count":"8"}},{"shape_attributes":{"name":"rect","x":567,"y":324,"width":20,"height":25},"region_attributes":{"Type":"3","count":"1"}},{"shape_attributes":{"name":"rect","x":592,"y":324,"width":13,"height":9},"region_attributes":{"Type":"2","count":"11"}},{"shape_attributes":{"name":"rect","x":591,"y":340,"width":17,"height":33},"region_attributes":{"Type":"1","count":"20"}},{"shape_attributes":{"name":"rect","x":614,"y":344,"width":18,"height":18},"region_attributes":{"Type":"2","count":"13"}},{"shape_attributes":{"name":"rect","x":592,"y":380,"width":16,"height":16},"region_attributes":{"Type":"2","count":"5"}},{"shape_attributes":{"name":"rect","x":565,"y":370,"width":65,"height":24},"region_attributes":{"Type":"1","count":"9"}},{"shape_attributes":{"name":"rect","x":510,"y":433,"width":93,"height":14},"region_attributes":{"Type":"1","count":"6"}},{"shape_attributes":{"name":"rect","x":604,"y":401,"width":22,"height":18},"region_attributes":{"Type":"3","count":"1"}},{"shape_attributes":{"name":"rect","x":636,"y":405,"width":15,"height":15},"region_attributes":{"Type":"2","count":"2"}},{"shape_attributes":{"name":"rect","x":637,"y":426,"width":15,"height":18},"region_attributes":{"Type":"1","count":"1"}},{"shape_attributes":{"name":"rect","x":555,"y":451,"width":96,"height":13},"region_attributes":{"Type":"3","count":"5"}}],"file_attributes":{"date":"","temp":"","rain":"2","neighborhood":"East Village South","total_count":""}},"https://drive.google.com/uc?export=view&id=1Ndqc9OsEtLjfXPCQCWbxMuArMzJwN5EJ\n":{"filename":"https://drive.google.com/uc?export=view&id=1Ndqc9OsEtLjfXPCQCWbxMuArMzJwN5EJ\n","size":-1,"regions":[{"shape_attributes":{"name":"rect","x":150,"y":131,"width":80,"height":41},"region_attributes":{"Type":"1","count":"4"}},{"shape_attributes":{"name":"rect","x":328,"y":133,"width":21,"height":18},"region_attributes":{"Type":"1","count":"1"}},{"shape_attributes":{"name":"rect","x":101,"y":189,"width":33,"height":35},"region_attributes":{"Type":"2","count":"4"}},{"shape_attributes":{"name":"rect","x":107,"y":197,"width":32,"height":46},"region_attributes":{"Type":"1","count":"4"}},{"shape_attributes":{"name":"rect","x":205,"y":446,"width":46,"height":31},"region_attributes":{"Type":"1","count":"3"}},{"shape_attributes":{"name":"rect","x":320,"y":444,"width":27,"height":17},"region_attributes":{"Type":"1","count":"1"}},{"shape_attributes":{"name":"rect","x":376,"y":419,"width":35,"height":47},"region_attributes":{"Type":"1","count":"4"}},{"shape_attributes":{"name":"rect","x":315,"y":228,"width":13,"height":16},"region_attributes":{"Type":"1","count":"2"}},{"shape_attributes":{"name":"rect","x":406,"y":152,"width":26,"height":90},"region_attributes":{"Type":"1","count":"4"}},{"shape_attributes":{"name":"rect","x":443,"y":148,"width":10,"height":19},"region_attributes":{"Type":"3","count":"1"}},{"shape_attributes":{"name":"rect","x":461,"y":162,"width":41,"height":25},"region_attributes":{"Type":"1","count":"6"}},{"shape_attributes":{"name":"rect","x":473,"y":172,"width":18,"height":22},"region_attributes":{"Type":"2","count":"1"}},{"shape_attributes":{"name":"rect","x":460,"y":232,"width":21,"height":19},"region_attributes":{"Type":"1","count":"1"}},{"shape_attributes":{"name":"rect","x":350,"y":256,"width":74,"height":47},"region_attributes":{"Type":"1","count":"12"}},{"shape_attributes":{"name":"rect","x":362,"y":260,"width":67,"height":56},"region_attributes":{"Type":"2","count":"3"}},{"shape_attributes":{"name":"rect","x":379,"y":318,"width":43,"height":41},"region_attributes":{"Type":"1","count":"8"}},{"shape_attributes":{"name":"rect","x":395,"y":366,"width":36,"height":24},"region_attributes":{"Type":"2","count":"2"}},{"shape_attributes":{"name":"rect","x":430,"y":322,"width":10,"height":10},"region_attributes":{"Type":"2","count":"1"}},{"shape_attributes":{"name":"rect","x":460,"y":309,"width":33,"height":22},"region_attributes":{"Type":"1","count":"7"}},{"shape_attributes":{"name":"rect","x":437,"y":351,"width":15,"height":12},"region_attributes":{"Type":"1","count":"3"}},{"shape_attributes":{"name":"rect","x":465,"y":338,"width":30,"height":31},"region_attributes":{"Type":"2","count":"2"}},{"shape_attributes":{"name":"rect","x":475,"y":386,"width":12,"height":24},"region_attributes":{"Type":"1","count":"13"}},{"shape_attributes":{"name":"rect","x":490,"y":397,"width":15,"height":21},"region_attributes":{"Type":"3","count":"2"}},{"shape_attributes":{"name":"rect","x":461,"y":433,"width":53,"height":18},"region_attributes":{"Type":"1","count":"11"}},{"shape_attributes":{"name":"rect","x":484,"y":461,"width":17,"height":32},"region_attributes":{"Type":"2","count":"6"}},{"shape_attributes":{"name":"rect","x":455,"y":461,"width":27,"height":28},"region_attributes":{"Type":"1","count":"6"}},{"shape_attributes":{"name":"rect","x":532,"y":133,"width":54,"height":26},"region_attributes":{"Type":"1","count":"2"}},{"shape_attributes":{"name":"rect","x":623,"y":134,"width":11,"height":28},"region_attributes":{"Type":"1","count":"5"}},{"shape_attributes":{"name":"rect","x":597,"y":132,"width":20,"height":31},"region_attributes":{"Type":"2","count":"11"}},{"shape_attributes":{"name":"rect","x":596,"y":173,"width":25,"height":12},"region_attributes":{"Type":"1","count":"9"}},{"shape_attributes":{"name":"rect","x":648,"y":134,"width":35,"height":21},"region_attributes":{"Type":"2","count":"6"}},{"shape_attributes":{"name":"rect","x":642,"y":150,"width":9,"height":24},"region_attributes":{"Type":"3","count":"1"}},{"shape_attributes":{"name":"rect","x":645,"y":157,"width":9,"height":25},"region_attributes":{"Type":"1","count":"5"}},{"shape_attributes":{"name":"rect","x":701,"y":169,"width":13,"height":19},"region_attributes":{"Type":"2","count":"1"}},{"shape_attributes":{"name":"rect","x":539,"y":232,"width":18,"height":14},"region_attributes":{"Type":"1","count":"2"}},{"shape_attributes":{"name":"rect","x":639,"y":195,"width":52,"height":50},"region_attributes":{"Type":"2","count":"8"}},{"shape_attributes":{"name":"rect","x":651,"y":196,"width":48,"height":34},"region_attributes":{"Type":"1","count":"7"}},{"shape_attributes":{"name":"rect","x":697,"y":257,"width":17,"height":15},"region_attributes":{"Type":"2","count":"2"}},{"shape_attributes":{"name":"rect","x":505,"y":268,"width":13,"height":23},"region_attributes":{"Type":"1","count":"1"}},{"shape_attributes":{"name":"rect","x":510,"y":289,"width":70,"height":15},"region_attributes":{"Type":"2","count":"2"}},{"shape_attributes":{"name":"rect","x":594,"y":256,"width":43,"height":54},"region_attributes":{"Type":"1","count":"6"}},{"shape_attributes":{"name":"rect","x":600,"y":271,"width":40,"height":35},"region_attributes":{"Type":"2","count":"2"}},{"shape_attributes":{"name":"rect","x":654,"y":290,"width":15,"height":15},"region_attributes":{"Type":"2","count":"2"}},{"shape_attributes":{"name":"rect","x":677,"y":288,"width":13,"height":18},"region_attributes":{"Type":"1","count":"3"}},{"shape_attributes":{"name":"rect","x":688,"y":299,"width":8,"height":17},"region_attributes":{"Type":"3","count":"1"}},{"shape_attributes":{"name":"rect","x":696,"y":325,"width":10,"height":15},"region_attributes":{"Type":"1","count":"1"}},{"shape_attributes":{"name":"rect","x":666,"y":319,"width":23,"height":23},"region_attributes":{"Type":"1","count":"12"}},{"shape_attributes":{"name":"rect","x":648,"y":323,"width":36,"height":42},"region_attributes":{"Type":"2","count":"28"}},{"shape_attributes":{"name":"rect","x":632,"y":342,"width":15,"height":25},"region_attributes":{"Type":"3","count":"1"}},{"shape_attributes":{"name":"rect","x":616,"y":346,"width":18,"height":28},"region_attributes":{"Type":"2","count":"1"}},{"shape_attributes":{"name":"rect","x":610,"y":373,"width":76,"height":8},"region_attributes":{"Type":"1","count":"15"}},{"shape_attributes":{"name":"rect","x":667,"y":406,"width":16,"height":20},"region_attributes":{"Type":"1","count":"7"}},{"shape_attributes":{"name":"rect","x":638,"y":387,"width":48,"height":41},"region_attributes":{"Type":"2","count":"26"}},{"shape_attributes":{"name":"rect","x":551,"y":441,"width":77,"height":43},"region_attributes":{"Type":"1","count":"6"}},{"shape_attributes":{"name":"rect","x":615,"y":445,"width":24,"height":46},"region_attributes":{"Type":"3","count":"2"}},{"shape_attributes":{"name":"rect","x":655,"y":472,"width":11,"height":17},"region_attributes":{"Type":"1","count":"4"}},{"shape_attributes":{"name":"rect","x":700,"y":441,"width":12,"height":11},"region_attributes":{"Type":"2","count":"1"}},{"shape_attributes":{"name":"rect","x":684,"y":455,"width":15,"height":22},"region_attributes":{"Type":"3","count":"3"}}],"file_attributes":{"date":"","temp":"","rain":"2","neighborhood":"East Village South","total_count":""}},"https://drive.google.com/uc?export=view&id=10dDjnVJMllv46jIVJDIfjYoLzOYPYY6g\n":{"filename":"https://drive.google.com/uc?export=view&id=10dDjnVJMllv46jIVJDIfjYoLzOYPYY6g\n","size":-1,"regions":[{"shape_attributes":{"name":"rect","x":130,"y":381,"width":18,"height":31},"region_attributes":{"Type":"1","count":"1"}},{"shape_attributes":{"name":"rect","x":162,"y":158,"width":13,"height":19},"region_attributes":{"Type":"2","count":"2"}},{"shape_attributes":{"name":"rect","x":113,"y":218,"width":25,"height":29},"region_attributes":{"Type":"2","count":"3"}},{"shape_attributes":{"name":"rect","x":108,"y":279,"width":85,"height":18},"region_attributes":{"Type":"1","count":"2"}},{"shape_attributes":{"name":"rect","x":138,"y":176,"width":66,"height":52},"region_attributes":{"Type":"1","count":"4"}},{"shape_attributes":{"name":"rect","x":218,"y":250,"width":66,"height":18},"region_attributes":{"Type":"1","count":"2"}},{"shape_attributes":{"name":"rect","x":304,"y":174,"width":20,"height":13},"region_attributes":{"Type":"1","count":"1"}},{"shape_attributes":{"name":"rect","x":396,"y":153,"width":30,"height":55},"region_attributes":{"Type":"1","count":"6"}},{"shape_attributes":{"name":"rect","x":426,"y":169,"width":8,"height":30},"region_attributes":{"Type":"3","count":"1"}},{"shape_attributes":{"name":"rect","x":451,"y":187,"width":12,"height":16},"region_attributes":{"Type":"1","count":"8"}},{"shape_attributes":{"name":"rect","x":468,"y":183,"width":15,"height":27},"region_attributes":{"Type":"2","count":"1"}},{"shape_attributes":{"name":"rect","x":207,"y":417,"width":154,"height":74},"region_attributes":{"Type":"1","count":"7"}},{"shape_attributes":{"name":"rect","x":324,"y":272,"width":44,"height":34},"region_attributes":{"Type":"1","count":"11"}},{"shape_attributes":{"name":"rect","x":376,"y":281,"width":16,"height":18},"region_attributes":{"Type":"2","count":"2"}},{"shape_attributes":{"name":"rect","x":375,"y":304,"width":15,"height":16},"region_attributes":{"Type":"1","count":"20"}},{"shape_attributes":{"name":"rect","x":353,"y":319,"width":9,"height":15},"region_attributes":{"Type":"1","count":"8"}},{"shape_attributes":{"name":"rect","x":366,"y":320,"width":13,"height":14},"region_attributes":{"Type":"2","count":"2"}},{"shape_attributes":{"name":"rect","x":325,"y":330,"width":49,"height":41},"region_attributes":{"Type":"1","count":"3"}},{"shape_attributes":{"name":"rect","x":417,"y":220,"width":45,"height":41},"region_attributes":{"Type":"1","count":"6"}},{"shape_attributes":{"name":"rect","x":417,"y":271,"width":14,"height":16},"region_attributes":{"Type":"1","count":"1"}},{"shape_attributes":{"name":"rect","x":462,"y":220,"width":44,"height":75},"region_attributes":{"Type":"2","count":"9"}},{"shape_attributes":{"name":"rect","x":546,"y":153,"width":41,"height":30},"region_attributes":{"Type":"2","count":"5"}},{"shape_attributes":{"name":"rect","x":548,"y":182,"width":15,"height":18},"region_attributes":{"Type":"1","count":"2"}},{"shape_attributes":{"name":"rect","x":614,"y":162,"width":9,"height":40},"region_attributes":{"Type":"3","count":"2"}},{"shape_attributes":{"name":"rect","x":600,"y":171,"width":8,"height":14},"region_attributes":{"Type":"1","count":"4"}},{"shape_attributes":{"name":"rect","x":590,"y":193,"width":19,"height":8},"region_attributes":{"Type":"2","count":"4"}},{"shape_attributes":{"name":"rect","x":630,"y":154,"width":52,"height":21},"region_attributes":{"Type":"2","count":"8"}},{"shape_attributes":{"name":"rect","x":627,"y":179,"width":26,"height":22},"region_attributes":{"Type":"1","count":"7"}},{"shape_attributes":{"name":"rect","x":507,"y":303,"width":17,"height":17},"region_attributes":{"Type":"1","count":"5"}},{"shape_attributes":{"name":"rect","x":539,"y":297,"width":11,"height":19},"region_attributes":{"Type":"2","count":"4"}},{"shape_attributes":{"name":"rect","x":398,"y":331,"width":28,"height":39},"region_attributes":{"Type":"1","count":"7"}},{"shape_attributes":{"name":"rect","x":394,"y":370,"width":14,"height":16},"region_attributes":{"Type":"2","count":"3"}},{"shape_attributes":{"name":"rect","x":393,"y":387,"width":15,"height":13},"region_attributes":{"Type":"1","count":"4"}},{"shape_attributes":{"name":"rect","x":432,"y":400,"width":11,"height":25},"region_attributes":{"Type":"1","count":"3"}},{"shape_attributes":{"name":"rect","x":435,"y":453,"width":12,"height":9},"region_attributes":{"Type":"2","count":"5"}},{"shape_attributes":{"name":"rect","x":442,"y":446,"width":22,"height":33},"region_attributes":{"Type":"1","count":"8"}},{"shape_attributes":{"name":"rect","x":445,"y":453,"width":29,"height":30},"region_attributes":{"Type":"2","count":"5"}},{"shape_attributes":{"name":"rect","x":463,"y":475,"width":22,"height":16},"region_attributes":{"Type":"1","count":"3"}},{"shape_attributes":{"name":"rect","x":499,"y":445,"width":14,"height":35},"region_attributes":{"Type":"1","count":"9"}},{"shape_attributes":{"name":"rect","x":462,"y":325,"width":17,"height":16},"region_attributes":{"Type":"1","count":"4"}},{"shape_attributes":{"name":"rect","x":460,"y":342,"width":18,"height":15},"region_attributes":{"Type":"2","count":"1"}},{"shape_attributes":{"name":"rect","x":446,"y":345,"width":50,"height":31},"region_attributes":{"Type":"1","count":"2"}},{"shape_attributes":{"name":"rect","x":463,"y":381,"width":22,"height":8},"region_attributes":{"Type":"2","count":"2"}},{"shape_attributes":{"name":"rect","x":452,"y":386,"width":46,"height":20},"region_attributes":{"Type":"1","count":"13"}},{"shape_attributes":{"name":"rect","x":476,"y":405,"width":16,"height":22},"region_attributes":{"Type":"3","count":"3"}},{"shape_attributes":{"name":"rect","x":562,"y":288,"width":28,"height":49},"region_attributes":{"Type":"1","count":"3"}},{"shape_attributes":{"name":"rect","x":538,"y":430,"width":8,"height":11},"region_attributes":{"Type":"3","count":"1"}},{"shape_attributes":{"name":"rect","x":555,"y":435,"width":14,"height":28},"region_attributes":{"Type":"1","count":"6"}},{"shape_attributes":{"name":"rect","x":625,"y":216,"width":26,"height":30},"region_attributes":{"Type":"2","count":"8"}},{"shape_attributes":{"name":"rect","x":629,"y":215,"width":53,"height":32},"region_attributes":{"Type":"1","count":"6"}},{"shape_attributes":{"name":"rect","x":609,"y":244,"width":17,"height":19},"region_attributes":{"Type":"3","count":"1"}},{"shape_attributes":{"name":"rect","x":596,"y":269,"width":56,"height":20},"region_attributes":{"Type":"1","count":"7"}},{"shape_attributes":{"name":"rect","x":666,"y":262,"width":22,"height":18},"region_attributes":{"Type":"3","count":"1"}},{"shape_attributes":{"name":"rect","x":664,"y":283,"width":14,"height":7},"region_attributes":{"Type":"2","count":"1"}},{"shape_attributes":{"name":"rect","x":594,"y":297,"width":42,"height":20},"region_attributes":{"Type":"2","count":"5"}},{"shape_attributes":{"name":"rect","x":644,"y":301,"width":9,"height":16},"region_attributes":{"Type":"1","count":"4"}},{"shape_attributes":{"name":"rect","x":661,"y":308,"width":11,"height":48},"region_attributes":{"Type":"3","count":"3"}},{"shape_attributes":{"name":"rect","x":613,"y":336,"width":8,"height":25},"region_attributes":{"Type":"3","count":"2"}},{"shape_attributes":{"name":"rect","x":631,"y":328,"width":6,"height":6},"region_attributes":{"Type":"1","count":"8"}},{"shape_attributes":{"name":"rect","x":635,"y":331,"width":16,"height":16},"region_attributes":{"Type":"2","count":"4"}},{"shape_attributes":{"name":"rect","x":627,"y":360,"width":22,"height":12},"region_attributes":{"Type":"1","count":"28"}},{"shape_attributes":{"name":"rect","x":643,"y":376,"width":34,"height":15},"region_attributes":{"Type":"2","count":"3"}},{"shape_attributes":{"name":"rect","x":626,"y":424,"width":9,"height":8},"region_attributes":{"Type":"1","count":"3"}},{"shape_attributes":{"name":"rect","x":620,"y":390,"width":35,"height":41},"region_attributes":{"Type":"2","count":"17"}},{"shape_attributes":{"name":"rect","x":671,"y":408,"width":15,"height":16},"region_attributes":{"Type":"1","count":"2"}},{"shape_attributes":{"name":"rect","x":604,"y":446,"width":74,"height":10},"region_attributes":{"Type":"1","count":"9"}},{"shape_attributes":{"name":"rect","x":593,"y":466,"width":44,"height":31},"region_attributes":{"Type":"3","count":"3"}},{"shape_attributes":{"name":"rect","x":653,"y":466,"width":11,"height":14},"region_attributes":{"Type":"3","count":"1"}},{"shape_attributes":{"name":"rect","x":645,"y":473,"width":47,"height":16},"region_attributes":{"Type":"2","count":"3"}}],"file_attributes":{"date":"","temp":"","rain":"2","neighborhood":"East Village South","total_count":""}}},"_via_attributes":{"region":{"Type":{"type":"dropdown","description":"","options":{"1":"Individual","2":"Structure","3":"Vehicle"},"default_options":{}},"count":{"type":"text","description":"","default_value":""}},"file":{"date":{"type":"text","description":"","default_value":""},"temp":{"type":"text","description":"","default_value":""},"rain":{"type":"dropdown","description":"","options":{"1":"rain","2":"clear"},"default_options":{"2":true}},"neighborhood":{"type":"text","description":"","default_value":"East Village South"},"total_count":{"type":"text","description":"","default_value":""}}},"_via_data_format_version":"2.0.10","_via_image_id_list":["https://drive.google.com/uc?export=view&id=1GJU8_CQSkS1pLmiqma3wW8t27uE-TyrD\n","https://drive.google.com/uc?export=view&id=1f72GIIt86gCwWh3HN6ckb2xu4mjckjdX\n","https://drive.google.com/uc?export=view&id=1p4HQrmbdbdqN7vAxKdsqbWUgLKD9KM0C\n","https://drive.google.com/uc?export=view&id=1hxD3hCJqt-xJHgATgLoe1KCV7DgXHaHn\n","https://drive.google.com/uc?export=view&id=1PhQ_os09wqCzj9bMfes6YKOhzjIKv6vS\n","https://drive.google.com/uc?export=view&id=116a87DIYudQwdOL5tzlRvlPxslfSHBsC\n","https://drive.google.com/uc?export=view&id=16YrxlswBcZwAepgOUIZ4T5DWuNlQaMnd\n","https://drive.google.com/uc?export=view&id=1AKiMSrFGzm8Tdl60jY9XwHNFFpbqiCnC\n","https://drive.google.com/uc?export=view&id=1_Ny7ae0ecHg67tc3cbvp7Q701b-wo4Cc\n","https://drive.google.com/uc?export=view&id=10OjziZvZ4tZjSbMLJyin2yQCFJDP96_X\n","https://drive.google.com/uc?export=view&id=1Ndqc9OsEtLjfXPCQCWbxMuArMzJwN5EJ\n","https://drive.google.com/uc?export=view&id=10dDjnVJMllv46jIVJDIfjYoLzOYPYY6g\n"]}