{"_via_settings":{"ui":{"annotation_editor_height":25,"annotation_editor_fontsize":0.8,"leftsidebar_width":18,"image_grid":{"img_height":80,"rshape_fill":"none","rshape_fill_opacity":0.3,"rshape_stroke":"yellow","rshape_stroke_width":2,"show_region_shape":true,"show_image_policy":"all"},"image":{"region_label":"__via_region_id__","region_color":"__via_default_region_color__","region_label_font":"10px Sans","on_image_annotation_editor_placement":"NEAR_REGION"}},"core":{"buffer_size":18,"filepath":{},"default_filepath":""},"project":{"name":"East Village South_2020_count"}},"_via_img_metadata":{"https://drive.google.com/uc?export=view&id=1tpbGnwWhz72qXUuPe0z_UWSoSx8V_pd7\n":{"filename":"https://drive.google.com/uc?export=view&id=1tpbGnwWhz72qXUuPe0z_UWSoSx8V_pd7\n","size":-1,"regions":[{"shape_attributes":{"name":"rect","x":146,"y":220,"width":35,"height":26},"region_attributes":{"Type":"1","count":"3"}},{"shape_attributes":{"name":"rect","x":145,"y":209,"width":16,"height":16},"region_attributes":{"Type":"2","count":"1"}},{"shape_attributes":{"name":"rect","x":252,"y":458,"width":27,"height":22},"region_attributes":{"Type":"1","count":"2"}},{"shape_attributes":{"name":"rect","x":222,"y":206,"width":79,"height":41},"region_attributes":{"Type":"1","count":"6"}},{"shape_attributes":{"name":"rect","x":316,"y":156,"width":58,"height":25},"region_attributes":{"Type":"1","count":"5"}},{"shape_attributes":{"name":"rect","x":416,"y":145,"width":74,"height":48},"region_attributes":{"Type":"1","count":"13"}},{"shape_attributes":{"name":"rect","x":312,"y":342,"width":46,"height":53},"region_attributes":{"Type":"1","count":"7"}},{"shape_attributes":{"name":"rect","x":372,"y":343,"width":15,"height":19},"region_attributes":{"Type":"2","count":"1"}},{"shape_attributes":{"name":"rect","x":396,"y":358,"width":27,"height":55},"region_attributes":{"Type":"1","count":"5"}},{"shape_attributes":{"name":"rect","x":427,"y":204,"width":36,"height":44},"region_attributes":{"Type":"1","count":"5"}},{"shape_attributes":{"name":"rect","x":471,"y":236,"width":9,"height":14},"region_attributes":{"Type":"2","count":"1"}},{"shape_attributes":{"name":"rect","x":485,"y":234,"width":14,"height":14},"region_attributes":{"Type":"1","count":"7"}},{"shape_attributes":{"name":"rect","x":438,"y":299,"width":26,"height":32},"region_attributes":{"Type":"1","count":"13"}},{"shape_attributes":{"name":"rect","x":474,"y":317,"width":11,"height":14},"region_attributes":{"Type":"2","count":"1"}},{"shape_attributes":{"name":"rect","x":485,"y":381,"width":16,"height":35},"region_attributes":{"Type":"1","count":"8"}},{"shape_attributes":{"name":"rect","x":469,"y":436,"width":73,"height":44},"region_attributes":{"Type":"1","count":"16"}},{"shape_attributes":{"name":"rect","x":548,"y":429,"width":29,"height":25},"region_attributes":{"Type":"1","count":"26"}},{"shape_attributes":{"name":"rect","x":549,"y":463,"width":8,"height":14},"region_attributes":{"Type":"2","count":"2"}},{"shape_attributes":{"name":"rect","x":597,"y":437,"width":107,"height":35},"region_attributes":{"Type":"1","count":"5"}},{"shape_attributes":{"name":"rect","x":592,"y":482,"width":76,"height":7},"region_attributes":{"Type":"3","count":"3"}},{"shape_attributes":{"name":"rect","x":627,"y":162,"width":10,"height":24},"region_attributes":{"Type":"3","count":"1"}},{"shape_attributes":{"name":"rect","x":678,"y":151,"width":12,"height":21},"region_attributes":{"Type":"3","count":"1"}},{"shape_attributes":{"name":"rect","x":647,"y":160,"width":34,"height":32},"region_attributes":{"Type":"1","count":"14"}},{"shape_attributes":{"name":"rect","x":634,"y":176,"width":25,"height":18},"region_attributes":{"Type":"2","count":"3"}},{"shape_attributes":{"name":"rect","x":546,"y":150,"width":81,"height":43},"region_attributes":{"Type":"1","count":"37"}},{"shape_attributes":{"name":"rect","x":638,"y":205,"width":63,"height":45},"region_attributes":{"Type":"1","count":"10"}},{"shape_attributes":{"name":"rect","x":601,"y":238,"width":18,"height":17},"region_attributes":{"Type":"1","count":"4"}},{"shape_attributes":{"name":"rect","x":514,"y":285,"width":84,"height":21},"region_attributes":{"Type":"1","count":"7"}},{"shape_attributes":{"name":"rect","x":695,"y":263,"width":10,"height":21},"region_attributes":{"Type":"1","count":"4"}},{"shape_attributes":{"name":"rect","x":677,"y":265,"width":12,"height":17},"region_attributes":{"Type":"3","count":"1"}},{"shape_attributes":{"name":"rect","x":618,"y":265,"width":32,"height":35},"region_attributes":{"Type":"1","count":"17"}},{"shape_attributes":{"name":"rect","x":603,"y":285,"width":13,"height":25},"region_attributes":{"Type":"2","count":"4"}},{"shape_attributes":{"name":"rect","x":658,"y":297,"width":15,"height":17},"region_attributes":{"Type":"2","count":"2"}},{"shape_attributes":{"name":"rect","x":605,"y":399,"width":12,"height":17},"region_attributes":{"Type":"1","count":"4"}},{"shape_attributes":{"name":"rect","x":640,"y":321,"width":20,"height":59},"region_attributes":{"Type":"1","count":"55"}},{"shape_attributes":{"name":"rect","x":626,"y":395,"width":7,"height":24},"region_attributes":{"Type":"3","count":"1"}},{"shape_attributes":{"name":"rect","x":650,"y":403,"width":17,"height":17},"region_attributes":{"Type":"1","count":"3"}}],"file_attributes":{"date":"","temp":"","rain":"2","neighborhood":"East Village South","total_count":""}},"https://drive.google.com/uc?export=view&id=166AZTAzTEvxVS1ygg77s-4GjsBn31Pst\n":{"filename":"https://drive.google.com/uc?export=view&id=166AZTAzTEvxVS1ygg77s-4GjsBn31Pst\n","size":-1,"regions":[{"shape_attributes":{"name":"rect","x":168,"y":165,"width":27,"height":38},"region_attributes":{"Type":"1","count":"4"}},{"shape_attributes":{"name":"rect","x":127,"y":281,"width":90,"height":16},"region_attributes":{"Type":"1","count":"4"}},{"shape_attributes":{"name":"rect","x":310,"y":167,"width":16,"height":23},"region_attributes":{"Type":"1","count":"3"}},{"shape_attributes":{"name":"rect","x":403,"y":166,"width":82,"height":34},"region_attributes":{"Type":"1","count":"9"}},{"shape_attributes":{"name":"rect","x":421,"y":213,"width":63,"height":37},"region_attributes":{"Type":"1","count":"7"}},{"shape_attributes":{"name":"rect","x":336,"y":308,"width":56,"height":89},"region_attributes":{"Type":"1","count":"8"}},{"shape_attributes":{"name":"rect","x":471,"y":362,"width":18,"height":27},"region_attributes":{"Type":"2","count":"1"}},{"shape_attributes":{"name":"rect","x":486,"y":339,"width":11,"height":21},"region_attributes":{"Type":"3","count":"1"}},{"shape_attributes":{"name":"rect","x":396,"y":314,"width":10,"height":9},"region_attributes":{"Type":"1","count":"1"}},{"shape_attributes":{"name":"rect","x":403,"y":331,"width":71,"height":29},"region_attributes":{"Type":"1","count":"17"}},{"shape_attributes":{"name":"rect","x":410,"y":364,"width":79,"height":62},"region_attributes":{"Type":"1","count":"8"}},{"shape_attributes":{"name":"rect","x":446,"y":461,"width":22,"height":24},"region_attributes":{"Type":"1","count":"18"}},{"shape_attributes":{"name":"rect","x":502,"y":402,"width":23,"height":27},"region_attributes":{"Type":"1","count":"1"}},{"shape_attributes":{"name":"rect","x":498,"y":449,"width":11,"height":16},"region_attributes":{"Type":"1","count":"5"}},{"shape_attributes":{"name":"rect","x":505,"y":470,"width":19,"height":8},"region_attributes":{"Type":"2","count":"1"}},{"shape_attributes":{"name":"rect","x":526,"y":440,"width":79,"height":39},"region_attributes":{"Type":"1","count":"31"}},{"shape_attributes":{"name":"rect","x":575,"y":162,"width":11,"height":18},"region_attributes":{"Type":"2","count":"1"}},{"shape_attributes":{"name":"rect","x":626,"y":168,"width":37,"height":17},"region_attributes":{"Type":"2","count":"3"}},{"shape_attributes":{"name":"rect","x":617,"y":195,"width":6,"height":13},"region_attributes":{"Type":"3","count":"2"}},{"shape_attributes":{"name":"rect","x":556,"y":182,"width":11,"height":21},"region_attributes":{"Type":"1","count":"6"}},{"shape_attributes":{"name":"rect","x":576,"y":151,"width":39,"height":47},"region_attributes":{"Type":"1","count":"24"}},{"shape_attributes":{"name":"rect","x":640,"y":192,"width":18,"height":10},"region_attributes":{"Type":"1","count":"1"}},{"shape_attributes":{"name":"rect","x":625,"y":214,"width":26,"height":25},"region_attributes":{"Type":"2","count":"5"}},{"shape_attributes":{"name":"rect","x":627,"y":216,"width":21,"height":39},"region_attributes":{"Type":"1","count":"8"}},{"shape_attributes":{"name":"rect","x":599,"y":236,"width":26,"height":23},"region_attributes":{"Type":"1","count":"1"}},{"shape_attributes":{"name":"rect","x":525,"y":298,"width":7,"height":16},"region_attributes":{"Type":"2","count":"1"}},{"shape_attributes":{"name":"rect","x":492,"y":286,"width":66,"height":25},"region_attributes":{"Type":"1","count":"5"}},{"shape_attributes":{"name":"rect","x":583,"y":272,"width":67,"height":42},"region_attributes":{"Type":"1","count":"18"}},{"shape_attributes":{"name":"rect","x":656,"y":283,"width":18,"height":25},"region_attributes":{"Type":"2","count":"1"}},{"shape_attributes":{"name":"rect","x":621,"y":329,"width":64,"height":30},"region_attributes":{"Type":"1","count":"14"}},{"shape_attributes":{"name":"rect","x":604,"y":375,"width":48,"height":51},"region_attributes":{"Type":"1","count":"30"}},{"shape_attributes":{"name":"rect","x":623,"y":459,"width":22,"height":16},"region_attributes":{"Type":"1","count":"3"}},{"shape_attributes":{"name":"rect","x":583,"y":482,"width":58,"height":9},"region_attributes":{"Type":"3","count":"2"}}],"file_attributes":{"date":"","temp":"","rain":"2","neighborhood":"East Village South","total_count":""}},"https://drive.google.com/uc?export=view&id=1ipRjN1IMO8oMT0lLCy1q4mbSLgN7ARMC\n":{"filename":"https://drive.google.com/uc?export=view&id=1ipRjN1IMO8oMT0lLCy1q4mbSLgN7ARMC\n","size":-1,"regions":[{"shape_attributes":{"name":"rect","x":137,"y":154,"width":17,"height":22},"region_attributes":{"Type":"1","count":"2"}},{"shape_attributes":{"name":"rect","x":160,"y":146,"width":16,"height":28},"region_attributes":{"Type":"2","count":"1"}},{"shape_attributes":{"name":"rect","x":157,"y":223,"width":19,"height":20},"region_attributes":{"Type":"2","count":"3"}},{"shape_attributes":{"name":"rect","x":147,"y":244,"width":13,"height":17},"region_attributes":{"Type":"1","count":"2"}},{"shape_attributes":{"name":"rect","x":204,"y":246,"width":12,"height":10},"region_attributes":{"Type":"1","count":"4"}},{"shape_attributes":{"name":"rect","x":186,"y":275,"width":19,"height":24},"region_attributes":{"Type":"1","count":"2"}},{"shape_attributes":{"name":"rect","x":335,"y":162,"width":58,"height":32},"region_attributes":{"Type":"1","count":"3"}},{"shape_attributes":{"name":"rect","x":429,"y":156,"width":84,"height":48},"region_attributes":{"Type":"1","count":"11"}},{"shape_attributes":{"name":"rect","x":486,"y":216,"width":25,"height":41},"region_attributes":{"Type":"2","count":"3"}},{"shape_attributes":{"name":"rect","x":409,"y":275,"width":12,"height":19},"region_attributes":{"Type":"2","count":"8"}},{"shape_attributes":{"name":"rect","x":386,"y":293,"width":26,"height":35},"region_attributes":{"Type":"1","count":"49"}},{"shape_attributes":{"name":"rect","x":329,"y":288,"width":20,"height":14},"region_attributes":{"Type":"1","count":"1"}},{"shape_attributes":{"name":"rect","x":474,"y":375,"width":9,"height":24},"region_attributes":{"Type":"1","count":"1"}},{"shape_attributes":{"name":"rect","x":387,"y":357,"width":40,"height":31},"region_attributes":{"Type":"2","count":"1"}},{"shape_attributes":{"name":"rect","x":494,"y":333,"width":14,"height":21},"region_attributes":{"Type":"2","count":"5"}},{"shape_attributes":{"name":"rect","x":537,"y":294,"width":20,"height":19},"region_attributes":{"Type":"2","count":"1"}},{"shape_attributes":{"name":"rect","x":470,"y":458,"width":3,"height":16},"region_attributes":{"Type":"1","count":"5"}},{"shape_attributes":{"name":"rect","x":483,"y":465,"width":10,"height":17},"region_attributes":{"Type":"2","count":"1"}},{"shape_attributes":{"name":"rect","x":517,"y":438,"width":84,"height":47},"region_attributes":{"Type":"1","count":"16"}},{"shape_attributes":{"name":"rect","x":646,"y":446,"width":41,"height":20},"region_attributes":{"Type":"1","count":"2"}},{"shape_attributes":{"name":"rect","x":617,"y":482,"width":57,"height":15},"region_attributes":{"Type":"3","count":"1"}},{"shape_attributes":{"name":"rect","x":604,"y":163,"width":30,"height":31},"region_attributes":{"Type":"2","count":"6"}},{"shape_attributes":{"name":"rect","x":580,"y":164,"width":11,"height":10},"region_attributes":{"Type":"1","count":"1"}},{"shape_attributes":{"name":"rect","x":643,"y":174,"width":8,"height":22},"region_attributes":{"Type":"3","count":"1"}},{"shape_attributes":{"name":"rect","x":661,"y":164,"width":12,"height":23},"region_attributes":{"Type":"2","count":"1"}},{"shape_attributes":{"name":"rect","x":583,"y":215,"width":56,"height":18},"region_attributes":{"Type":"1","count":"4"}},{"shape_attributes":{"name":"rect","x":616,"y":246,"width":12,"height":11},"region_attributes":{"Type":"2","count":"1"}},{"shape_attributes":{"name":"rect","x":672,"y":212,"width":19,"height":18},"region_attributes":{"Type":"2","count":"2"}},{"shape_attributes":{"name":"rect","x":653,"y":271,"width":26,"height":43},"region_attributes":{"Type":"2","count":"3"}},{"shape_attributes":{"name":"rect","x":607,"y":281,"width":37,"height":32},"region_attributes":{"Type":"1","count":"9"}},{"shape_attributes":{"name":"rect","x":699,"y":332,"width":16,"height":29},"region_attributes":{"Type":"1","count":"3"}},{"shape_attributes":{"name":"rect","x":652,"y":325,"width":15,"height":20},"region_attributes":{"Type":"1","count":"3"}},{"shape_attributes":{"name":"rect","x":671,"y":331,"width":15,"height":12},"region_attributes":{"Type":"2","count":"1"}},{"shape_attributes":{"name":"rect","x":653,"y":380,"width":17,"height":13},"region_attributes":{"Type":"2","count":"1"}},{"shape_attributes":{"name":"rect","x":655,"y":405,"width":16,"height":15},"region_attributes":{"Type":"1","count":"1"}},{"shape_attributes":{"name":"rect","x":618,"y":350,"width":23,"height":24},"region_attributes":{"Type":"1","count":"1"}}],"file_attributes":{"date":"","temp":"","rain":"2","neighborhood":"East Village South","total_count":""}},"https://drive.google.com/uc?export=view&id=1MA9rrb-kQLwzhqnGMns4HjzaAxrA2cyp\n":{"filename":"https://drive.google.com/uc?export=view&id=1MA9rrb-kQLwzhqnGMns4HjzaAxrA2cyp\n","size":-1,"regions":[{"shape_attributes":{"name":"rect","x":135,"y":228,"width":18,"height":28},"region_attributes":{"Type":"2","count":"2"}},{"shape_attributes":{"name":"rect","x":300,"y":165,"width":128,"height":42},"region_attributes":{"Type":"1","count":"8"}},{"shape_attributes":{"name":"rect","x":318,"y":272,"width":65,"height":26},"region_attributes":{"Type":"1","count":"2"}},{"shape_attributes":{"name":"rect","x":344,"y":365,"width":36,"height":48},"region_attributes":{"Type":"1","count":"3"}},{"shape_attributes":{"name":"rect","x":303,"y":460,"width":16,"height":19},"region_attributes":{"Type":"1","count":"2"}},{"shape_attributes":{"name":"rect","x":442,"y":208,"width":20,"height":29},"region_attributes":{"Type":"1","count":"2"}},{"shape_attributes":{"name":"rect","x":540,"y":187,"width":13,"height":16},"region_attributes":{"Type":"2","count":"1"}},{"shape_attributes":{"name":"rect","x":551,"y":160,"width":15,"height":25},"region_attributes":{"Type":"3","count":"1"}},{"shape_attributes":{"name":"rect","x":571,"y":172,"width":26,"height":33},"region_attributes":{"Type":"1","count":"24"}},{"shape_attributes":{"name":"rect","x":605,"y":190,"width":8,"height":12},"region_attributes":{"Type":"3","count":"1"}},{"shape_attributes":{"name":"rect","x":615,"y":160,"width":26,"height":32},"region_attributes":{"Type":"1","count":"13"}},{"shape_attributes":{"name":"rect","x":608,"y":214,"width":43,"height":49},"region_attributes":{"Type":"2","count":"7"}},{"shape_attributes":{"name":"rect","x":599,"y":210,"width":35,"height":50},"region_attributes":{"Type":"1","count":"14"}},{"shape_attributes":{"name":"rect","x":662,"y":223,"width":13,"height":14},"region_attributes":{"Type":"1","count":"6"}},{"shape_attributes":{"name":"rect","x":488,"y":259,"width":27,"height":17},"region_attributes":{"Type":"3","count":"1"}},{"shape_attributes":{"name":"rect","x":506,"y":297,"width":13,"height":20},"region_attributes":{"Type":"2","count":"1"}},{"shape_attributes":{"name":"rect","x":542,"y":289,"width":63,"height":14},"region_attributes":{"Type":"1","count":"3"}},{"shape_attributes":{"name":"rect","x":634,"y":276,"width":38,"height":13},"region_attributes":{"Type":"2","count":"1"}},{"shape_attributes":{"name":"rect","x":614,"y":331,"width":38,"height":36},"region_attributes":{"Type":"1","count":"22"}},{"shape_attributes":{"name":"rect","x":620,"y":386,"width":26,"height":44},"region_attributes":{"Type":"1","count":"33"}},{"shape_attributes":{"name":"rect","x":586,"y":388,"width":13,"height":18},"region_attributes":{"Type":"1","count":"3"}},{"shape_attributes":{"name":"rect","x":395,"y":326,"width":77,"height":34},"region_attributes":{"Type":"1","count":"8"}},{"shape_attributes":{"name":"rect","x":411,"y":391,"width":97,"height":34},"region_attributes":{"Type":"1","count":"9"}},{"shape_attributes":{"name":"rect","x":474,"y":350,"width":14,"height":16},"region_attributes":{"Type":"3","count":"1"}},{"shape_attributes":{"name":"rect","x":437,"y":434,"width":84,"height":48},"region_attributes":{"Type":"1","count":"25"}},{"shape_attributes":{"name":"rect","x":541,"y":436,"width":37,"height":14},"region_attributes":{"Type":"1","count":"15"}},{"shape_attributes":{"name":"rect","x":627,"y":461,"width":22,"height":15},"region_attributes":{"Type":"1","count":"1"}},{"shape_attributes":{"name":"rect","x":580,"y":473,"width":53,"height":21},"region_attributes":{"Type":"3","count":"2"}}],"file_attributes":{"date":"","temp":"","rain":"2","neighborhood":"East Village South","total_count":""}},"https://drive.google.com/uc?export=view&id=1k_RODyEeldinCz_T-NrtrdUD4LcCJHME\n":{"filename":"https://drive.google.com/uc?export=view&id=1k_RODyEeldinCz_T-NrtrdUD4LcCJHME\n","size":-1,"regions":[{"shape_attributes":{"name":"rect","x":113,"y":220,"width":12,"height":18},"region_attributes":{"Type":"1","count":"6"}},{"shape_attributes":{"name":"rect","x":135,"y":222,"width":15,"height":15},"region_attributes":{"Type":"2","count":"1"}},{"shape_attributes":{"name":"rect","x":161,"y":160,"width":74,"height":56},"region_attributes":{"Type":"1","count":"2"}},{"shape_attributes":{"name":"rect","x":117,"y":296,"width":15,"height":18},"region_attributes":{"Type":"1","count":"2"}},{"shape_attributes":{"name":"rect","x":162,"y":413,"width":47,"height":40},"region_attributes":{"Type":"1","count":"3"}},{"shape_attributes":{"name":"rect","x":238,"y":468,"width":30,"height":33},"region_attributes":{"Type":"1","count":"1"}},{"shape_attributes":{"name":"rect","x":397,"y":172,"width":87,"height":26},"region_attributes":{"Type":"1","count":"13"}},{"shape_attributes":{"name":"rect","x":452,"y":222,"width":58,"height":42},"region_attributes":{"Type":"1","count":"8"}},{"shape_attributes":{"name":"rect","x":397,"y":322,"width":61,"height":33},"region_attributes":{"Type":"1","count":"6"}},{"shape_attributes":{"name":"rect","x":389,"y":384,"width":92,"height":51},"region_attributes":{"Type":"2","count":"3"}},{"shape_attributes":{"name":"rect","x":500,"y":297,"width":37,"height":51},"region_attributes":{"Type":"1","count":"5"}},{"shape_attributes":{"name":"rect","x":455,"y":445,"width":49,"height":28},"region_attributes":{"Type":"2","count":"13"}},{"shape_attributes":{"name":"rect","x":460,"y":481,"width":26,"height":18},"region_attributes":{"Type":"2","count":"1"}},{"shape_attributes":{"name":"rect","x":550,"y":454,"width":24,"height":13},"region_attributes":{"Type":"1","count":"10"}},{"shape_attributes":{"name":"rect","x":672,"y":457,"width":18,"height":21},"region_attributes":{"Type":"1","count":"2"}},{"shape_attributes":{"name":"rect","x":627,"y":489,"width":26,"height":21},"region_attributes":{"Type":"3","count":"1"}},{"shape_attributes":{"name":"rect","x":550,"y":165,"width":61,"height":43},"region_attributes":{"Type":"1","count":"24"}},{"shape_attributes":{"name":"rect","x":610,"y":168,"width":8,"height":36},"region_attributes":{"Type":"3","count":"2"}},{"shape_attributes":{"name":"rect","x":622,"y":162,"width":18,"height":18},"region_attributes":{"Type":"2","count":"2"}},{"shape_attributes":{"name":"rect","x":630,"y":189,"width":19,"height":21},"region_attributes":{"Type":"1","count":"11"}},{"shape_attributes":{"name":"rect","x":645,"y":220,"width":17,"height":22},"region_attributes":{"Type":"1","count":"9"}},{"shape_attributes":{"name":"rect","x":623,"y":238,"width":34,"height":29},"region_attributes":{"Type":"2","count":"5"}},{"shape_attributes":{"name":"rect","x":582,"y":279,"width":32,"height":43},"region_attributes":{"Type":"1","count":"10"}},{"shape_attributes":{"name":"rect","x":648,"y":281,"width":20,"height":19},"region_attributes":{"Type":"2","count":"2"}},{"shape_attributes":{"name":"rect","x":631,"y":284,"width":28,"height":38},"region_attributes":{"Type":"1","count":"12"}},{"shape_attributes":{"name":"rect","x":631,"y":332,"width":14,"height":16},"region_attributes":{"Type":"2","count":"1"}},{"shape_attributes":{"name":"rect","x":668,"y":336,"width":17,"height":21},"region_attributes":{"Type":"2","count":"1"}},{"shape_attributes":{"name":"rect","x":616,"y":328,"width":45,"height":42},"region_attributes":{"Type":"1","count":"17"}},{"shape_attributes":{"name":"rect","x":628,"y":402,"width":27,"height":35},"region_attributes":{"Type":"1","count":"28"}},{"shape_attributes":{"name":"rect","x":624,"y":381,"width":19,"height":14},"region_attributes":{"Type":"2","count":"1"}},{"shape_attributes":{"name":"rect","x":609,"y":409,"width":18,"height":28},"region_attributes":{"Type":"3","count":"1"}}],"file_attributes":{"date":"","temp":"","rain":"2","neighborhood":"East Village South","total_count":""}},"https://drive.google.com/uc?export=view&id=1FHFOrbE1s7OY-7gdemJJZBkRhqQrcExx\n":{"filename":"https://drive.google.com/uc?export=view&id=1FHFOrbE1s7OY-7gdemJJZBkRhqQrcExx\n","size":-1,"regions":[{"shape_attributes":{"name":"rect","x":162,"y":177,"width":14,"height":11},"region_attributes":{"Type":"2","count":"3"}},{"shape_attributes":{"name":"rect","x":122,"y":170,"width":56,"height":37},"region_attributes":{"Type":"1","count":"5"}},{"shape_attributes":{"name":"rect","x":126,"y":224,"width":54,"height":31},"region_attributes":{"Type":"1","count":"4"}},{"shape_attributes":{"name":"rect","x":128,"y":282,"width":53,"height":67},"region_attributes":{"Type":"1","count":"4"}},{"shape_attributes":{"name":"rect","x":320,"y":448,"width":54,"height":47},"region_attributes":{"Type":"1","count":"3"}},{"shape_attributes":{"name":"rect","x":301,"y":368,"width":23,"height":30},"region_attributes":{"Type":"1","count":"1"}},{"shape_attributes":{"name":"rect","x":355,"y":326,"width":56,"height":51},"region_attributes":{"Type":"1","count":"6"}},{"shape_attributes":{"name":"rect","x":401,"y":384,"width":12,"height":16},"region_attributes":{"Type":"2","count":"4"}},{"shape_attributes":{"name":"rect","x":421,"y":349,"width":68,"height":58},"region_attributes":{"Type":"1","count":"13"}},{"shape_attributes":{"name":"rect","x":424,"y":425,"width":17,"height":17},"region_attributes":{"Type":"2","count":"1"}},{"shape_attributes":{"name":"rect","x":446,"y":420,"width":24,"height":22},"region_attributes":{"Type":"1","count":"4"}},{"shape_attributes":{"name":"rect","x":474,"y":415,"width":12,"height":13},"region_attributes":{"Type":"2","count":"2"}},{"shape_attributes":{"name":"rect","x":486,"y":412,"width":12,"height":19},"region_attributes":{"Type":"3","count":"3"}},{"shape_attributes":{"name":"rect","x":360,"y":170,"width":22,"height":22},"region_attributes":{"Type":"1","count":"3"}},{"shape_attributes":{"name":"rect","x":414,"y":225,"width":67,"height":43},"region_attributes":{"Type":"1","count":"8"}},{"shape_attributes":{"name":"rect","x":505,"y":196,"width":15,"height":15},"region_attributes":{"Type":"2","count":"1"}},{"shape_attributes":{"name":"rect","x":526,"y":197,"width":18,"height":20},"region_attributes":{"Type":"1","count":"2"}},{"shape_attributes":{"name":"rect","x":511,"y":264,"width":24,"height":19},"region_attributes":{"Type":"3","count":"1"}},{"shape_attributes":{"name":"rect","x":574,"y":168,"width":16,"height":24},"region_attributes":{"Type":"2","count":"2"}},{"shape_attributes":{"name":"rect","x":617,"y":187,"width":8,"height":20},"region_attributes":{"Type":"3","count":"1"}},{"shape_attributes":{"name":"rect","x":586,"y":179,"width":18,"height":21},"region_attributes":{"Type":"1","count":"23"}},{"shape_attributes":{"name":"rect","x":602,"y":206,"width":12,"height":13},"region_attributes":{"Type":"2","count":"1"}},{"shape_attributes":{"name":"rect","x":631,"y":176,"width":19,"height":32},"region_attributes":{"Type":"1","count":"15"}},{"shape_attributes":{"name":"rect","x":651,"y":168,"width":14,"height":19},"region_attributes":{"Type":"2","count":"2"}},{"shape_attributes":{"name":"rect","x":640,"y":215,"width":18,"height":9},"region_attributes":{"Type":"3","count":"1"}},{"shape_attributes":{"name":"rect","x":630,"y":230,"width":34,"height":26},"region_attributes":{"Type":"1","count":"12"}},{"shape_attributes":{"name":"rect","x":637,"y":261,"width":10,"height":9},"region_attributes":{"Type":"2","count":"1"}},{"shape_attributes":{"name":"rect","x":504,"y":311,"width":10,"height":18},"region_attributes":{"Type":"2","count":"2"}},{"shape_attributes":{"name":"rect","x":522,"y":315,"width":14,"height":13},"region_attributes":{"Type":"1","count":"8"}},{"shape_attributes":{"name":"rect","x":554,"y":284,"width":11,"height":11},"region_attributes":{"Type":"1","count":"1"}},{"shape_attributes":{"name":"rect","x":575,"y":279,"width":28,"height":43},"region_attributes":{"Type":"2","count":"3"}},{"shape_attributes":{"name":"rect","x":592,"y":330,"width":14,"height":8},"region_attributes":{"Type":"3","count":"1"}},{"shape_attributes":{"name":"rect","x":609,"y":288,"width":37,"height":41},"region_attributes":{"Type":"1","count":"21"}},{"shape_attributes":{"name":"rect","x":650,"y":281,"width":12,"height":12},"region_attributes":{"Type":"2","count":"1"}},{"shape_attributes":{"name":"rect","x":599,"y":340,"width":78,"height":44},"region_attributes":{"Type":"1","count":"15"}},{"shape_attributes":{"name":"rect","x":675,"y":369,"width":14,"height":21},"region_attributes":{"Type":"2","count":"1"}},{"shape_attributes":{"name":"rect","x":628,"y":390,"width":14,"height":16},"region_attributes":{"Type":"1","count":"14"}},{"shape_attributes":{"name":"rect","x":628,"y":416,"width":13,"height":17},"region_attributes":{"Type":"2","count":"3"}},{"shape_attributes":{"name":"rect","x":637,"y":418,"width":35,"height":18},"region_attributes":{"Type":"1","count":"3"}},{"shape_attributes":{"name":"rect","x":407,"y":452,"width":22,"height":18},"region_attributes":{"Type":"1","count":"5"}},{"shape_attributes":{"name":"rect","x":421,"y":476,"width":17,"height":14},"region_attributes":{"Type":"2","count":"3"}},{"shape_attributes":{"name":"rect","x":476,"y":452,"width":95,"height":20},"region_attributes":{"Type":"1","count":"14"}},{"shape_attributes":{"name":"rect","x":445,"y":476,"width":12,"height":26},"region_attributes":{"Type":"2","count":"4"}},{"shape_attributes":{"name":"rect","x":468,"y":486,"width":59,"height":14},"region_attributes":{"Type":"1","count":"4"}},{"shape_attributes":{"name":"rect","x":548,"y":496,"width":20,"height":7},"region_attributes":{"Type":"3","count":"1"}},{"shape_attributes":{"name":"rect","x":615,"y":460,"width":17,"height":36},"region_attributes":{"Type":"3","count":"3"}},{"shape_attributes":{"name":"rect","x":638,"y":470,"width":9,"height":22},"region_attributes":{"Type":"1","count":"4"}},{"shape_attributes":{"name":"rect","x":653,"y":502,"width":16,"height":7},"region_attributes":{"Type":"2","count":"1"}}],"file_attributes":{"date":"","temp":"","rain":"2","neighborhood":"East Village South","total_count":""}},"https://drive.google.com/uc?export=view&id=1_Ku4FaybtgRAlG4WE6P57v_gOxdufK-B\n":{"filename":"https://drive.google.com/uc?export=view&id=1_Ku4FaybtgRAlG4WE6P57v_gOxdufK-B\n","size":-1,"regions":[{"shape_attributes":{"name":"rect","x":131,"y":312,"width":38,"height":38},"region_attributes":{"Type":"1","count":"1"}},{"shape_attributes":{"name":"rect","x":132,"y":191,"width":73,"height":19},"region_attributes":{"Type":"1","count":"8"}},{"shape_attributes":{"name":"rect","x":147,"y":174,"width":24,"height":16},"region_attributes":{"Type":"2","count":"1"}},{"shape_attributes":{"name":"rect","x":221,"y":259,"width":22,"height":25},"region_attributes":{"Type":"1","count":"1"}},{"shape_attributes":{"name":"rect","x":236,"y":478,"width":9,"height":20},"region_attributes":{"Type":"1","count":"1"}},{"shape_attributes":{"name":"rect","x":315,"y":202,"width":19,"height":26},"region_attributes":{"Type":"1","count":"2"}},{"shape_attributes":{"name":"rect","x":363,"y":172,"width":64,"height":13},"region_attributes":{"Type":"1","count":"4"}},{"shape_attributes":{"name":"rect","x":326,"y":261,"width":18,"height":18},"region_attributes":{"Type":"1","count":"1"}},{"shape_attributes":{"name":"rect","x":455,"y":208,"width":27,"height":15},"region_attributes":{"Type":"1","count":"4"}},{"shape_attributes":{"name":"rect","x":414,"y":237,"width":60,"height":38},"region_attributes":{"Type":"1","count":"7"}},{"shape_attributes":{"name":"rect","x":356,"y":452,"width":44,"height":19},"region_attributes":{"Type":"1","count":"2"}},{"shape_attributes":{"name":"rect","x":321,"y":356,"width":27,"height":26},"region_attributes":{"Type":"1","count":"3"}},{"shape_attributes":{"name":"rect","x":392,"y":317,"width":42,"height":52},"region_attributes":{"Type":"1","count":"6"}},{"shape_attributes":{"name":"rect","x":389,"y":375,"width":25,"height":21},"region_attributes":{"Type":"2","count":"2"}},{"shape_attributes":{"name":"rect","x":394,"y":407,"width":19,"height":15},"region_attributes":{"Type":"1","count":"2"}},{"shape_attributes":{"name":"rect","x":429,"y":386,"width":54,"height":38},"region_attributes":{"Type":"1","count":"14"}},{"shape_attributes":{"name":"rect","x":465,"y":350,"width":47,"height":11},"region_attributes":{"Type":"1","count":"7"}},{"shape_attributes":{"name":"rect","x":470,"y":454,"width":51,"height":17},"region_attributes":{"Type":"1","count":"14"}},{"shape_attributes":{"name":"rect","x":468,"y":432,"width":17,"height":9},"region_attributes":{"Type":"2","count":"1"}},{"shape_attributes":{"name":"rect","x":449,"y":484,"width":27,"height":18},"region_attributes":{"Type":"1","count":"3"}},{"shape_attributes":{"name":"rect","x":494,"y":485,"width":27,"height":23},"region_attributes":{"Type":"2","count":"1"}},{"shape_attributes":{"name":"rect","x":498,"y":300,"width":46,"height":30},"region_attributes":{"Type":"1","count":"4"}},{"shape_attributes":{"name":"rect","x":535,"y":329,"width":24,"height":13},"region_attributes":{"Type":"3","count":"1"}},{"shape_attributes":{"name":"rect","x":578,"y":170,"width":37,"height":50},"region_attributes":{"Type":"2","count":"6"}},{"shape_attributes":{"name":"rect","x":569,"y":177,"width":42,"height":42},"region_attributes":{"Type":"1","count":"17"}},{"shape_attributes":{"name":"rect","x":546,"y":198,"width":49,"height":40},"region_attributes":{"Type":"1","count":"4"}},{"shape_attributes":{"name":"rect","x":627,"y":181,"width":18,"height":19},"region_attributes":{"Type":"2","count":"2"}},{"shape_attributes":{"name":"rect","x":629,"y":207,"width":13,"height":35},"region_attributes":{"Type":"1","count":"17"}},{"shape_attributes":{"name":"rect","x":620,"y":224,"width":40,"height":38},"region_attributes":{"Type":"2","count":"3"}},{"shape_attributes":{"name":"rect","x":636,"y":257,"width":24,"height":15},"region_attributes":{"Type":"1","count":"1"}},{"shape_attributes":{"name":"rect","x":665,"y":290,"width":25,"height":20},"region_attributes":{"Type":"2","count":"3"}},{"shape_attributes":{"name":"rect","x":627,"y":281,"width":30,"height":36},"region_attributes":{"Type":"1","count":"8"}},{"shape_attributes":{"name":"rect","x":627,"y":341,"width":45,"height":24},"region_attributes":{"Type":"1","count":"15"}},{"shape_attributes":{"name":"rect","x":629,"y":323,"width":19,"height":9},"region_attributes":{"Type":"2","count":"1"}},{"shape_attributes":{"name":"rect","x":632,"y":373,"width":28,"height":39},"region_attributes":{"Type":"1","count":"21"}},{"shape_attributes":{"name":"rect","x":614,"y":397,"width":12,"height":39},"region_attributes":{"Type":"3","count":"2"}},{"shape_attributes":{"name":"rect","x":633,"y":418,"width":13,"height":25},"region_attributes":{"Type":"1","count":"20"}},{"shape_attributes":{"name":"rect","x":650,"y":418,"width":9,"height":10},"region_attributes":{"Type":"2","count":"1"}},{"shape_attributes":{"name":"rect","x":593,"y":422,"width":44,"height":77},"region_attributes":{"Type":"1","count":"12"}},{"shape_attributes":{"name":"rect","x":542,"y":451,"width":29,"height":25},"region_attributes":{"Type":"1","count":"4"}},{"shape_attributes":{"name":"rect","x":628,"y":498,"width":31,"height":6},"region_attributes":{"Type":"3","count":"1"}}],"file_attributes":{"date":"","temp":"","rain":"2","neighborhood":"East Village South","total_count":""}},"https://drive.google.com/uc?export=view&id=1lgU5SFxtVA2LwMnBXX0czjAnUZmWlcZv\n":{"filename":"https://drive.google.com/uc?export=view&id=1lgU5SFxtVA2LwMnBXX0czjAnUZmWlcZv\n","size":-1,"regions":[{"shape_attributes":{"name":"rect","x":109,"y":157,"width":18,"height":17},"region_attributes":{"Type":"1","count":"1"}},{"shape_attributes":{"name":"rect","x":120,"y":243,"width":18,"height":18},"region_attributes":{"Type":"1","count":"1"}},{"shape_attributes":{"name":"rect","x":224,"y":468,"width":17,"height":19},"region_attributes":{"Type":"1","count":"5"}},{"shape_attributes":{"name":"rect","x":291,"y":424,"width":45,"height":37},"region_attributes":{"Type":"1","count":"2"}},{"shape_attributes":{"name":"rect","x":254,"y":268,"width":13,"height":17},"region_attributes":{"Type":"1","count":"1"}},{"shape_attributes":{"name":"rect","x":352,"y":162,"width":33,"height":39},"region_attributes":{"Type":"1","count":"2"}},{"shape_attributes":{"name":"rect","x":300,"y":234,"width":86,"height":32},"region_attributes":{"Type":"1","count":"4"}},{"shape_attributes":{"name":"rect","x":420,"y":159,"width":59,"height":42},"region_attributes":{"Type":"1","count":"9"}},{"shape_attributes":{"name":"rect","x":415,"y":221,"width":64,"height":66},"region_attributes":{"Type":"1","count":"6"}},{"shape_attributes":{"name":"rect","x":421,"y":351,"width":11,"height":14},"region_attributes":{"Type":"2","count":"1"}},{"shape_attributes":{"name":"rect","x":388,"y":380,"width":14,"height":13},"region_attributes":{"Type":"2","count":"1"}},{"shape_attributes":{"name":"rect","x":477,"y":371,"width":11,"height":24},"region_attributes":{"Type":"3","count":"1"}},{"shape_attributes":{"name":"rect","x":451,"y":386,"width":36,"height":8},"region_attributes":{"Type":"2","count":"2"}},{"shape_attributes":{"name":"rect","x":389,"y":332,"width":89,"height":103},"region_attributes":{"Type":"1","count":"23"}},{"shape_attributes":{"name":"rect","x":454,"y":440,"width":45,"height":10},"region_attributes":{"Type":"1","count":"12"}},{"shape_attributes":{"name":"rect","x":432,"y":454,"width":33,"height":25},"region_attributes":{"Type":"2","count":"4"}},{"shape_attributes":{"name":"rect","x":445,"y":487,"width":34,"height":15},"region_attributes":{"Type":"1","count":"6"}},{"shape_attributes":{"name":"rect","x":532,"y":162,"width":30,"height":43},"region_attributes":{"Type":"1","count":"3"}},{"shape_attributes":{"name":"rect","x":577,"y":159,"width":29,"height":26},"region_attributes":{"Type":"1","count":"15"}},{"shape_attributes":{"name":"rect","x":572,"y":189,"width":34,"height":4},"region_attributes":{"Type":"2","count":"3"}},{"shape_attributes":{"name":"rect","x":581,"y":189,"width":17,"height":15},"region_attributes":{"Type":"1","count":"2"}},{"shape_attributes":{"name":"rect","x":620,"y":174,"width":12,"height":18},"region_attributes":{"Type":"1","count":"4"}},{"shape_attributes":{"name":"rect","x":672,"y":150,"width":24,"height":28},"region_attributes":{"Type":"1","count":"5"}},{"shape_attributes":{"name":"rect","x":653,"y":174,"width":29,"height":30},"region_attributes":{"Type":"2","count":"1"}},{"shape_attributes":{"name":"rect","x":635,"y":211,"width":22,"height":47},"region_attributes":{"Type":"1","count":"8"}},{"shape_attributes":{"name":"rect","x":620,"y":229,"width":11,"height":17},"region_attributes":{"Type":"2","count":"1"}},{"shape_attributes":{"name":"rect","x":602,"y":283,"width":34,"height":29},"region_attributes":{"Type":"1","count":"6"}},{"shape_attributes":{"name":"rect","x":562,"y":287,"width":21,"height":22},"region_attributes":{"Type":"1","count":"1"}},{"shape_attributes":{"name":"rect","x":587,"y":268,"width":12,"height":16},"region_attributes":{"Type":"2","count":"1"}},{"shape_attributes":{"name":"rect","x":589,"y":325,"width":67,"height":61},"region_attributes":{"Type":"1","count":"29"}},{"shape_attributes":{"name":"rect","x":617,"y":395,"width":44,"height":12},"region_attributes":{"Type":"2","count":"2"}},{"shape_attributes":{"name":"rect","x":616,"y":408,"width":40,"height":23},"region_attributes":{"Type":"1","count":"24"}},{"shape_attributes":{"name":"rect","x":612,"y":459,"width":27,"height":27},"region_attributes":{"Type":"1","count":"4"}}],"file_attributes":{"date":"","temp":"","rain":"2","neighborhood":"East Village South","total_count":""}},"https://drive.google.com/uc?export=view&id=1N5wkOxHJNZae5yRTbZA7H5KFBYfpgHrW\n":{"filename":"https://drive.google.com/uc?export=view&id=1N5wkOxHJNZae5yRTbZA7H5KFBYfpgHrW\n","size":-1,"regions":[{"shape_attributes":{"name":"rect","x":139,"y":253,"width":15,"height":16},"region_attributes":{"Type":"1","count":"1"}},{"shape_attributes":{"name":"rect","x":132,"y":335,"width":21,"height":21},"region_attributes":{"Type":"1","count":"1"}},{"shape_attributes":{"name":"rect","x":177,"y":164,"width":15,"height":19},"region_attributes":{"Type":"1","count":"1"}},{"shape_attributes":{"name":"rect","x":176,"y":188,"width":32,"height":8},"region_attributes":{"Type":"2","count":"1"}},{"shape_attributes":{"name":"rect","x":267,"y":173,"width":11,"height":20},"region_attributes":{"Type":"2","count":"1"}},{"shape_attributes":{"name":"rect","x":281,"y":162,"width":50,"height":52},"region_attributes":{"Type":"1","count":"3"}},{"shape_attributes":{"name":"rect","x":292,"y":224,"width":48,"height":42},"region_attributes":{"Type":"1","count":"4"}},{"shape_attributes":{"name":"rect","x":238,"y":385,"width":99,"height":80},"region_attributes":{"Type":"1","count":"5"}},{"shape_attributes":{"name":"rect","x":365,"y":302,"width":52,"height":51},"region_attributes":{"Type":"1","count":"9"}},{"shape_attributes":{"name":"rect","x":452,"y":167,"width":33,"height":50},"region_attributes":{"Type":"1","count":"9"}},{"shape_attributes":{"name":"rect","x":400,"y":167,"width":18,"height":16},"region_attributes":{"Type":"1","count":"1"}},{"shape_attributes":{"name":"rect","x":396,"y":244,"width":87,"height":27},"region_attributes":{"Type":"1","count":"8"}},{"shape_attributes":{"name":"rect","x":414,"y":281,"width":15,"height":12},"region_attributes":{"Type":"1","count":"1"}},{"shape_attributes":{"name":"rect","x":458,"y":337,"width":33,"height":61},"region_attributes":{"Type":"1","count":"12"}},{"shape_attributes":{"name":"rect","x":473,"y":424,"width":18,"height":14},"region_attributes":{"Type":"1","count":"11"}},{"shape_attributes":{"name":"rect","x":468,"y":451,"width":15,"height":20},"region_attributes":{"Type":"2","count":"4"}},{"shape_attributes":{"name":"rect","x":446,"y":482,"width":12,"height":18},"region_attributes":{"Type":"2","count":"6"}},{"shape_attributes":{"name":"rect","x":406,"y":446,"width":69,"height":51},"region_attributes":{"Type":"1","count":"15"}},{"shape_attributes":{"name":"rect","x":494,"y":455,"width":101,"height":30},"region_attributes":{"Type":"1","count":"18"}},{"shape_attributes":{"name":"rect","x":525,"y":206,"width":7,"height":36},"region_attributes":{"Type":"1","count":"4"}},{"shape_attributes":{"name":"rect","x":550,"y":160,"width":21,"height":24},"region_attributes":{"Type":"1","count":"2"}},{"shape_attributes":{"name":"rect","x":553,"y":196,"width":19,"height":15},"region_attributes":{"Type":"2","count":"3"}},{"shape_attributes":{"name":"rect","x":580,"y":165,"width":36,"height":51},"region_attributes":{"Type":"1","count":"16"}},{"shape_attributes":{"name":"rect","x":605,"y":193,"width":19,"height":9},"region_attributes":{"Type":"2","count":"1"}},{"shape_attributes":{"name":"rect","x":629,"y":159,"width":25,"height":23},"region_attributes":{"Type":"1","count":"7"}},{"shape_attributes":{"name":"rect","x":629,"y":187,"width":60,"height":27},"region_attributes":{"Type":"2","count":"7"}},{"shape_attributes":{"name":"rect","x":629,"y":224,"width":38,"height":49},"region_attributes":{"Type":"1","count":"14"}},{"shape_attributes":{"name":"rect","x":640,"y":218,"width":29,"height":56},"region_attributes":{"Type":"2","count":"13"}},{"shape_attributes":{"name":"rect","x":506,"y":315,"width":10,"height":15},"region_attributes":{"Type":"2","count":"1"}},{"shape_attributes":{"name":"rect","x":521,"y":294,"width":92,"height":38},"region_attributes":{"Type":"1","count":"20"}},{"shape_attributes":{"name":"rect","x":616,"y":297,"width":9,"height":23},"region_attributes":{"Type":"3","count":"1"}},{"shape_attributes":{"name":"rect","x":632,"y":293,"width":28,"height":35},"region_attributes":{"Type":"1","count":"13"}},{"shape_attributes":{"name":"rect","x":631,"y":341,"width":29,"height":21},"region_attributes":{"Type":"1","count":"23"}},{"shape_attributes":{"name":"rect","x":654,"y":370,"width":14,"height":13},"region_attributes":{"Type":"2","count":"2"}},{"shape_attributes":{"name":"rect","x":602,"y":370,"width":12,"height":14},"region_attributes":{"Type":"1","count":"2"}},{"shape_attributes":{"name":"rect","x":630,"y":376,"width":32,"height":28},"region_attributes":{"Type":"1","count":"11"}},{"shape_attributes":{"name":"rect","x":622,"y":406,"width":4,"height":20},"region_attributes":{"Type":"3","count":"1"}},{"shape_attributes":{"name":"rect","x":626,"y":412,"width":8,"height":10},"region_attributes":{"Type":"2","count":"1"}},{"shape_attributes":{"name":"rect","x":628,"y":409,"width":34,"height":29},"region_attributes":{"Type":"1","count":"16"}},{"shape_attributes":{"name":"rect","x":630,"y":499,"width":38,"height":11},"region_attributes":{"Type":"3","count":"2"}},{"shape_attributes":{"name":"rect","x":669,"y":467,"width":12,"height":20},"region_attributes":{"Type":"2","count":"1"}}],"file_attributes":{"date":"","temp":"","rain":"2","neighborhood":"East Village South","total_count":""}},"https://drive.google.com/uc?export=view&id=1L0qzDwghqgL1VNpUklkLKvNq_NlhdV53\n":{"filename":"https://drive.google.com/uc?export=view&id=1L0qzDwghqgL1VNpUklkLKvNq_NlhdV53\n","size":-1,"regions":[{"shape_attributes":{"name":"rect","x":110,"y":292,"width":43,"height":29},"region_attributes":{"Type":"1","count":"2"}},{"shape_attributes":{"name":"rect","x":117,"y":394,"width":12,"height":20},"region_attributes":{"Type":"1","count":"1"}},{"shape_attributes":{"name":"rect","x":262,"y":170,"width":49,"height":34},"region_attributes":{"Type":"1","count":"1"}},{"shape_attributes":{"name":"rect","x":234,"y":477,"width":15,"height":17},"region_attributes":{"Type":"2","count":"2"}},{"shape_attributes":{"name":"rect","x":320,"y":253,"width":18,"height":20},"region_attributes":{"Type":"2","count":"2"}},{"shape_attributes":{"name":"rect","x":374,"y":291,"width":38,"height":60},"region_attributes":{"Type":"1","count":"11"}},{"shape_attributes":{"name":"rect","x":369,"y":356,"width":16,"height":20},"region_attributes":{"Type":"1","count":"2"}},{"shape_attributes":{"name":"rect","x":465,"y":192,"width":17,"height":58},"region_attributes":{"Type":"1","count":"7"}},{"shape_attributes":{"name":"rect","x":404,"y":222,"width":62,"height":42},"region_attributes":{"Type":"2","count":"2"}},{"shape_attributes":{"name":"rect","x":470,"y":364,"width":7,"height":5},"region_attributes":{"Type":"2","count":"4"}},{"shape_attributes":{"name":"rect","x":425,"y":346,"width":53,"height":48},"region_attributes":{"Type":"1","count":"25"}},{"shape_attributes":{"name":"rect","x":390,"y":393,"width":52,"height":24},"region_attributes":{"Type":"2","count":"3"}},{"shape_attributes":{"name":"rect","x":465,"y":400,"width":20,"height":18},"region_attributes":{"Type":"1","count":"4"}},{"shape_attributes":{"name":"rect","x":470,"y":462,"width":10,"height":31},"region_attributes":{"Type":"2","count":"13"}},{"shape_attributes":{"name":"rect","x":441,"y":456,"width":33,"height":36},"region_attributes":{"Type":"1","count":"4"}},{"shape_attributes":{"name":"rect","x":499,"y":310,"width":10,"height":12},"region_attributes":{"Type":"1","count":"2"}},{"shape_attributes":{"name":"rect","x":494,"y":301,"width":43,"height":25},"region_attributes":{"Type":"2","count":"2"}},{"shape_attributes":{"name":"rect","x":578,"y":163,"width":38,"height":51},"region_attributes":{"Type":"1","count":"19"}},{"shape_attributes":{"name":"rect","x":568,"y":169,"width":42,"height":41},"region_attributes":{"Type":"2","count":"6"}},{"shape_attributes":{"name":"rect","x":558,"y":187,"width":14,"height":20},"region_attributes":{"Type":"1","count":"2"}},{"shape_attributes":{"name":"rect","x":547,"y":196,"width":19,"height":18},"region_attributes":{"Type":"2","count":"13"}},{"shape_attributes":{"name":"rect","x":625,"y":161,"width":63,"height":47},"region_attributes":{"Type":"1","count":"12"}},{"shape_attributes":{"name":"rect","x":626,"y":220,"width":13,"height":16},"region_attributes":{"Type":"1","count":"4"}},{"shape_attributes":{"name":"rect","x":628,"y":222,"width":33,"height":30},"region_attributes":{"Type":"2","count":"15"}},{"shape_attributes":{"name":"rect","x":580,"y":281,"width":32,"height":41},"region_attributes":{"Type":"1","count":"9"}},{"shape_attributes":{"name":"rect","x":625,"y":277,"width":37,"height":49},"region_attributes":{"Type":"1","count":"13"}},{"shape_attributes":{"name":"rect","x":642,"y":293,"width":35,"height":23},"region_attributes":{"Type":"2","count":"3"}},{"shape_attributes":{"name":"rect","x":627,"y":337,"width":25,"height":34},"region_attributes":{"Type":"1","count":"14"}},{"shape_attributes":{"name":"rect","x":655,"y":369,"width":8,"height":15},"region_attributes":{"Type":"2","count":"1"}},{"shape_attributes":{"name":"rect","x":620,"y":384,"width":64,"height":55},"region_attributes":{"Type":"1","count":"33"}},{"shape_attributes":{"name":"rect","x":502,"y":450,"width":12,"height":41},"region_attributes":{"Type":"1","count":"5"}},{"shape_attributes":{"name":"rect","x":551,"y":451,"width":42,"height":30},"region_attributes":{"Type":"1","count":"13"}},{"shape_attributes":{"name":"rect","x":543,"y":463,"width":25,"height":12},"region_attributes":{"Type":"2","count":"1"}},{"shape_attributes":{"name":"rect","x":609,"y":462,"width":7,"height":31},"region_attributes":{"Type":"3","count":"3"}},{"shape_attributes":{"name":"rect","x":623,"y":477,"width":6,"height":6},"region_attributes":{"Type":"2","count":"5"}},{"shape_attributes":{"name":"rect","x":620,"y":455,"width":37,"height":37},"region_attributes":{"Type":"1","count":"5"}}],"file_attributes":{"date":"","temp":"","rain":"2","neighborhood":"East Village South","total_count":""}},"https://drive.google.com/uc?export=view&id=15n8926qbueHx58Qenj93VlvSAmQND8vb\n":{"filename":"https://drive.google.com/uc?export=view&id=15n8926qbueHx58Qenj93VlvSAmQND8vb\n","size":-1,"regions":[{"shape_attributes":{"name":"rect","x":112,"y":223,"width":39,"height":49},"region_attributes":{"Type":"1","count":"3"}},{"shape_attributes":{"name":"rect","x":116,"y":213,"width":23,"height":23},"region_attributes":{"Type":"2","count":"1"}},{"shape_attributes":{"name":"rect","x":162,"y":182,"width":19,"height":24},"region_attributes":{"Type":"1","count":"2"}},{"shape_attributes":{"name":"rect","x":281,"y":178,"width":21,"height":22},"region_attributes":{"Type":"1","count":"2"}},{"shape_attributes":{"name":"rect","x":190,"y":484,"width":62,"height":15},"region_attributes":{"Type":"1","count":"4"}},{"shape_attributes":{"name":"rect","x":312,"y":276,"width":63,"height":58},"region_attributes":{"Type":"1","count":"11"}},{"shape_attributes":{"name":"rect","x":448,"y":362,"width":11,"height":10},"region_attributes":{"Type":"2","count":"1"}},{"shape_attributes":{"name":"rect","x":394,"y":345,"width":94,"height":72},"region_attributes":{"Type":"1","count":"15"}},{"shape_attributes":{"name":"rect","x":372,"y":421,"width":20,"height":18},"region_attributes":{"Type":"1","count":"1"}},{"shape_attributes":{"name":"rect","x":403,"y":168,"width":83,"height":43},"region_attributes":{"Type":"1","count":"7"}},{"shape_attributes":{"name":"rect","x":461,"y":210,"width":19,"height":15},"region_attributes":{"Type":"3","count":"1"}},{"shape_attributes":{"name":"rect","x":459,"y":276,"width":47,"height":38},"region_attributes":{"Type":"1","count":"6"}},{"shape_attributes":{"name":"rect","x":495,"y":189,"width":53,"height":20},"region_attributes":{"Type":"1","count":"6"}},{"shape_attributes":{"name":"rect","x":545,"y":190,"width":17,"height":17},"region_attributes":{"Type":"2","count":"4"}},{"shape_attributes":{"name":"rect","x":591,"y":167,"width":22,"height":16},"region_attributes":{"Type":"2","count":"5"}},{"shape_attributes":{"name":"rect","x":572,"y":169,"width":42,"height":41},"region_attributes":{"Type":"1","count":"36"}},{"shape_attributes":{"name":"rect","x":611,"y":194,"width":11,"height":14},"region_attributes":{"Type":"3","count":"1"}},{"shape_attributes":{"name":"rect","x":631,"y":166,"width":33,"height":21},"region_attributes":{"Type":"1","count":"12"}},{"shape_attributes":{"name":"rect","x":626,"y":184,"width":37,"height":28},"region_attributes":{"Type":"2","count":"4"}},{"shape_attributes":{"name":"rect","x":626,"y":220,"width":13,"height":44},"region_attributes":{"Type":"1","count":"12"}},{"shape_attributes":{"name":"rect","x":621,"y":224,"width":43,"height":32},"region_attributes":{"Type":"2","count":"8"}},{"shape_attributes":{"name":"rect","x":603,"y":254,"width":15,"height":16},"region_attributes":{"Type":"1","count":"1"}},{"shape_attributes":{"name":"rect","x":569,"y":276,"width":95,"height":34},"region_attributes":{"Type":"1","count":"10"}},{"shape_attributes":{"name":"rect","x":628,"y":313,"width":11,"height":35},"region_attributes":{"Type":"2","count":"3"}},{"shape_attributes":{"name":"rect","x":614,"y":356,"width":10,"height":44},"region_attributes":{"Type":"3","count":"11"}},{"shape_attributes":{"name":"rect","x":652,"y":370,"width":9,"height":14},"region_attributes":{"Type":"2","count":"2"}},{"shape_attributes":{"name":"rect","x":671,"y":352,"width":17,"height":20},"region_attributes":{"Type":"1","count":"1"}},{"shape_attributes":{"name":"rect","x":637,"y":395,"width":14,"height":39},"region_attributes":{"Type":"1","count":"28"}},{"shape_attributes":{"name":"rect","x":622,"y":411,"width":17,"height":23},"region_attributes":{"Type":"2","count":"3"}},{"shape_attributes":{"name":"rect","x":620,"y":454,"width":54,"height":32},"region_attributes":{"Type":"1","count":"5"}},{"shape_attributes":{"name":"rect","x":673,"y":454,"width":25,"height":13},"region_attributes":{"Type":"2","count":"1"}},{"shape_attributes":{"name":"rect","x":533,"y":442,"width":15,"height":19},"region_attributes":{"Type":"1","count":"19"}},{"shape_attributes":{"name":"rect","x":556,"y":447,"width":16,"height":20},"region_attributes":{"Type":"2","count":"2"}},{"shape_attributes":{"name":"rect","x":446,"y":446,"width":13,"height":42},"region_attributes":{"Type":"2","count":"12"}},{"shape_attributes":{"name":"rect","x":459,"y":465,"width":24,"height":30},"region_attributes":{"Type":"1","count":"15"}}],"file_attributes":{"date":"","temp":"","rain":"2","neighborhood":"East Village South","total_count":""}},"https://drive.google.com/uc?export=view&id=18OC-wEsjejglo6IfQOcsQnl27ifgS4KJ\n":{"filename":"https://drive.google.com/uc?export=view&id=18OC-wEsjejglo6IfQOcsQnl27ifgS4KJ\n","size":-1,"regions":[{"shape_attributes":{"name":"rect","x":128,"y":162,"width":15,"height":15},"region_attributes":{"Type":"1","count":"1"}},{"shape_attributes":{"name":"rect","x":249,"y":131,"width":96,"height":57},"region_attributes":{"Type":"1","count":"3"}},{"shape_attributes":{"name":"rect","x":388,"y":144,"width":81,"height":46},"region_attributes":{"Type":"1","count":"7"}},{"shape_attributes":{"name":"rect","x":332,"y":275,"width":42,"height":48},"region_attributes":{"Type":"1","count":"42"}},{"shape_attributes":{"name":"rect","x":398,"y":335,"width":60,"height":49},"region_attributes":{"Type":"1","count":"7"}},{"shape_attributes":{"name":"rect","x":459,"y":317,"width":15,"height":21},"region_attributes":{"Type":"2","count":"1"}},{"shape_attributes":{"name":"rect","x":462,"y":398,"width":11,"height":16},"region_attributes":{"Type":"1","count":"4"}},{"shape_attributes":{"name":"rect","x":427,"y":394,"width":47,"height":38},"region_attributes":{"Type":"2","count":"4"}},{"shape_attributes":{"name":"rect","x":430,"y":442,"width":38,"height":9},"region_attributes":{"Type":"2","count":"14"}},{"shape_attributes":{"name":"rect","x":444,"y":454,"width":16,"height":8},"region_attributes":{"Type":"1","count":"4"}},{"shape_attributes":{"name":"rect","x":384,"y":451,"width":59,"height":25},"region_attributes":{"Type":"1","count":"6"}},{"shape_attributes":{"name":"rect","x":433,"y":481,"width":30,"height":16},"region_attributes":{"Type":"2","count":"10"}},{"shape_attributes":{"name":"rect","x":413,"y":217,"width":11,"height":16},"region_attributes":{"Type":"1","count":"1"}},{"shape_attributes":{"name":"rect","x":451,"y":206,"width":53,"height":42},"region_attributes":{"Type":"2","count":"1"}},{"shape_attributes":{"name":"rect","x":578,"y":141,"width":33,"height":35},"region_attributes":{"Type":"2","count":"7"}},{"shape_attributes":{"name":"rect","x":542,"y":174,"width":49,"height":14},"region_attributes":{"Type":"1","count":"6"}},{"shape_attributes":{"name":"rect","x":631,"y":180,"width":7,"height":12},"region_attributes":{"Type":"1","count":"1"}},{"shape_attributes":{"name":"rect","x":640,"y":171,"width":13,"height":18},"region_attributes":{"Type":"2","count":"1"}},{"shape_attributes":{"name":"rect","x":646,"y":186,"width":17,"height":10},"region_attributes":{"Type":"3","count":"1"}},{"shape_attributes":{"name":"rect","x":589,"y":202,"width":34,"height":70},"region_attributes":{"Type":"1","count":"4"}},{"shape_attributes":{"name":"rect","x":634,"y":205,"width":26,"height":59},"region_attributes":{"Type":"2","count":"7"}},{"shape_attributes":{"name":"rect","x":481,"y":298,"width":16,"height":16},"region_attributes":{"Type":"2","count":"1"}},{"shape_attributes":{"name":"rect","x":495,"y":445,"width":10,"height":10},"region_attributes":{"Type":"2","count":"1"}},{"shape_attributes":{"name":"rect","x":548,"y":301,"width":103,"height":11},"region_attributes":{"Type":"1","count":"4"}},{"shape_attributes":{"name":"rect","x":625,"y":328,"width":10,"height":42},"region_attributes":{"Type":"2","count":"6"}},{"shape_attributes":{"name":"rect","x":643,"y":324,"width":22,"height":24},"region_attributes":{"Type":"1","count":"10"}},{"shape_attributes":{"name":"rect","x":646,"y":353,"width":12,"height":16},"region_attributes":{"Type":"2","count":"3"}},{"shape_attributes":{"name":"rect","x":622,"y":393,"width":9,"height":14},"region_attributes":{"Type":"2","count":"1"}},{"shape_attributes":{"name":"rect","x":626,"y":413,"width":27,"height":15},"region_attributes":{"Type":"1","count":"5"}},{"shape_attributes":{"name":"rect","x":569,"y":406,"width":38,"height":31},"region_attributes":{"Type":"1","count":"4"}},{"shape_attributes":{"name":"rect","x":550,"y":448,"width":51,"height":50},"region_attributes":{"Type":"1","count":"21"}},{"shape_attributes":{"name":"rect","x":651,"y":461,"width":13,"height":18},"region_attributes":{"Type":"1","count":"2"}},{"shape_attributes":{"name":"rect","x":638,"y":489,"width":19,"height":15},"region_attributes":{"Type":"3","count":"1"}},{"shape_attributes":{"name":"rect","x":673,"y":446,"width":16,"height":29},"region_attributes":{"Type":"2","count":"4"}},{"shape_attributes":{"name":"rect","x":305,"y":470,"width":18,"height":27},"region_attributes":{"Type":"1","count":"1"}}],"file_attributes":{"date":"","temp":"","rain":"2","neighborhood":"East Village South","total_count":""}}},"_via_attributes":{"region":{"Type":{"type":"dropdown","description":"","options":{"1":"Individual","2":"Structure","3":"Vehicle"},"default_options":{}},"count":{"type":"text","description":"","default_value":""}},"file":{"date":{"type":"text","description":"","default_value":""},"temp":{"type":"text","description":"","default_value":""},"rain":{"type":"dropdown","description":"","options":{"1":"rain","2":"clear"},"default_options":{"2":true}},"neighborhood":{"type":"text","description":"","default_value":"East Village South"},"total_count":{"type":"text","description":"","default_value":""}}},"_via_data_format_version":"2.0.10","_via_image_id_list":["https://drive.google.com/uc?export=view&id=1tpbGnwWhz72qXUuPe0z_UWSoSx8V_pd7\n","https://drive.google.com/uc?export=view&id=166AZTAzTEvxVS1ygg77s-4GjsBn31Pst\n","https://drive.google.com/uc?export=view&id=1ipRjN1IMO8oMT0lLCy1q4mbSLgN7ARMC\n","https://drive.google.com/uc?export=view&id=1MA9rrb-kQLwzhqnGMns4HjzaAxrA2cyp\n","https://drive.google.com/uc?export=view&id=1k_RODyEeldinCz_T-NrtrdUD4LcCJHME\n","https://drive.google.com/uc?export=view&id=1FHFOrbE1s7OY-7gdemJJZBkRhqQrcExx\n","https://drive.google.com/uc?export=view&id=1_Ku4FaybtgRAlG4WE6P57v_gOxdufK-B\n","https://drive.google.com/uc?export=view&id=1lgU5SFxtVA2LwMnBXX0czjAnUZmWlcZv\n","https://drive.google.com/uc?export=view&id=1N5wkOxHJNZae5yRTbZA7H5KFBYfpgHrW\n","https://drive.google.com/uc?export=view&id=1L0qzDwghqgL1VNpUklkLKvNq_NlhdV53\n","https://drive.google.com/uc?export=view&id=15n8926qbueHx58Qenj93VlvSAmQND8vb\n","https://drive.google.com/uc?export=view&id=18OC-wEsjejglo6IfQOcsQnl27ifgS4KJ\n"]}