{"_via_settings":{"ui":{"annotation_editor_height":25,"annotation_editor_fontsize":0.8,"leftsidebar_width":18,"image_grid":{"img_height":80,"rshape_fill":"none","rshape_fill_opacity":0.3,"rshape_stroke":"yellow","rshape_stroke_width":2,"show_region_shape":true,"show_image_policy":"all"},"image":{"region_label":"__via_region_id__","region_color":"__via_default_region_color__","region_label_font":"10px Sans","on_image_annotation_editor_placement":"NEAR_REGION"}},"core":{"buffer_size":18,"filepath":{},"default_filepath":""},"project":{"name":"East Village South_2022_count"}},"_via_img_metadata":{"https://drive.google.com/uc?export=view&id=17t2YDy4VwYw35yfGHiDyXSFhRt9ln7z4\n":{"filename":"https://drive.google.com/uc?export=view&id=17t2YDy4VwYw35yfGHiDyXSFhRt9ln7z4\n","size":-1,"regions":[{"shape_attributes":{"name":"rect","x":105,"y":210,"width":21,"height":19},"region_attributes":{"Type":"1","count":"1"}},{"shape_attributes":{"name":"rect","x":121,"y":227,"width":20,"height":22},"region_attributes":{"Type":"2","count":"3"}},{"shape_attributes":{"name":"rect","x":181,"y":176,"width":15,"height":18},"region_attributes":{"Type":"2","count":"1"}},{"shape_attributes":{"name":"rect","x":151,"y":163,"width":54,"height":27},"region_attributes":{"Type":"1","count":"4"}},{"shape_attributes":{"name":"rect","x":284,"y":153,"width":59,"height":44},"region_attributes":{"Type":"1","count":"5"}},{"shape_attributes":{"name":"rect","x":262,"y":209,"width":64,"height":54},"region_attributes":{"Type":"1","count":"3"}},{"shape_attributes":{"name":"rect","x":407,"y":160,"width":24,"height":22},"region_attributes":{"Type":"1","count":"4"}},{"shape_attributes":{"name":"rect","x":439,"y":153,"width":9,"height":35},"region_attributes":{"Type":"3","count":"1"}},{"shape_attributes":{"name":"rect","x":408,"y":247,"width":30,"height":42},"region_attributes":{"Type":"1","count":"3"}},{"shape_attributes":{"name":"rect","x":305,"y":291,"width":41,"height":24},"region_attributes":{"Type":"1","count":"2"}},{"shape_attributes":{"name":"rect","x":251,"y":468,"width":23,"height":17},"region_attributes":{"Type":"1","count":"2"}},{"shape_attributes":{"name":"rect","x":348,"y":461,"width":20,"height":20},"region_attributes":{"Type":"1","count":"1"}},{"shape_attributes":{"name":"rect","x":305,"y":377,"width":26,"height":17},"region_attributes":{"Type":"1","count":"1"}},{"shape_attributes":{"name":"rect","x":342,"y":346,"width":14,"height":10},"region_attributes":{"Type":"1","count":"1"}},{"shape_attributes":{"name":"rect","x":403,"y":389,"width":13,"height":15},"region_attributes":{"Type":"2","count":"2"}},{"shape_attributes":{"name":"rect","x":353,"y":275,"width":37,"height":17},"region_attributes":{"Type":"2","count":"5"}},{"shape_attributes":{"name":"rect","x":384,"y":265,"width":11,"height":18},"region_attributes":{"Type":"1","count":"3"}},{"shape_attributes":{"name":"rect","x":352,"y":300,"width":42,"height":47},"region_attributes":{"Type":"1","count":"34"}},{"shape_attributes":{"name":"rect","x":348,"y":321,"width":25,"height":14},"region_attributes":{"Type":"2","count":"2"}},{"shape_attributes":{"name":"rect","x":464,"y":233,"width":30,"height":30},"region_attributes":{"Type":"1","count":"3"}},{"shape_attributes":{"name":"rect","x":555,"y":171,"width":27,"height":31},"region_attributes":{"Type":"2","count":"22"}},{"shape_attributes":{"name":"rect","x":612,"y":150,"width":51,"height":22},"region_attributes":{"Type":"1","count":"6"}},{"shape_attributes":{"name":"rect","x":698,"y":149,"width":7,"height":20},"region_attributes":{"Type":"1","count":"1"}},{"shape_attributes":{"name":"rect","x":704,"y":151,"width":22,"height":16},"region_attributes":{"Type":"2","count":"1"}},{"shape_attributes":{"name":"rect","x":616,"y":195,"width":7,"height":5},"region_attributes":{"Type":"1","count":"2"}},{"shape_attributes":{"name":"rect","x":585,"y":154,"width":72,"height":48},"region_attributes":{"Type":"2","count":"8"}},{"shape_attributes":{"name":"rect","x":506,"y":280,"width":18,"height":10},"region_attributes":{"Type":"1","count":"1"}},{"shape_attributes":{"name":"rect","x":650,"y":212,"width":38,"height":51},"region_attributes":{"Type":"2","count":"16"}},{"shape_attributes":{"name":"rect","x":637,"y":227,"width":47,"height":18},"region_attributes":{"Type":"1","count":"4"}},{"shape_attributes":{"name":"rect","x":613,"y":245,"width":27,"height":24},"region_attributes":{"Type":"1","count":"3"}},{"shape_attributes":{"name":"rect","x":507,"y":297,"width":47,"height":29},"region_attributes":{"Type":"2","count":"10"}},{"shape_attributes":{"name":"rect","x":510,"y":316,"width":69,"height":11},"region_attributes":{"Type":"1","count":"10"}},{"shape_attributes":{"name":"rect","x":410,"y":334,"width":84,"height":42},"region_attributes":{"Type":"1","count":"20"}},{"shape_attributes":{"name":"rect","x":445,"y":380,"width":48,"height":12},"region_attributes":{"Type":"2","count":"4"}},{"shape_attributes":{"name":"rect","x":496,"y":388,"width":10,"height":16},"region_attributes":{"Type":"3","count":"1"}},{"shape_attributes":{"name":"rect","x":487,"y":393,"width":5,"height":16},"region_attributes":{"Type":"1","count":"9"}},{"shape_attributes":{"name":"rect","x":385,"y":398,"width":29,"height":25},"region_attributes":{"Type":"1","count":"3"}},{"shape_attributes":{"name":"rect","x":416,"y":457,"width":49,"height":10},"region_attributes":{"Type":"1","count":"7"}},{"shape_attributes":{"name":"rect","x":507,"y":456,"width":13,"height":37},"region_attributes":{"Type":"1","count":"5"}},{"shape_attributes":{"name":"rect","x":473,"y":465,"width":9,"height":15},"region_attributes":{"Type":"2","count":"14"}},{"shape_attributes":{"name":"rect","x":444,"y":481,"width":18,"height":20},"region_attributes":{"Type":"2","count":"3"}},{"shape_attributes":{"name":"rect","x":483,"y":495,"width":8,"height":13},"region_attributes":{"Type":"2","count":"3"}},{"shape_attributes":{"name":"rect","x":462,"y":487,"width":12,"height":22},"region_attributes":{"Type":"1","count":"4"}},{"shape_attributes":{"name":"rect","x":588,"y":459,"width":10,"height":17},"region_attributes":{"Type":"3","count":"1"}},{"shape_attributes":{"name":"rect","x":568,"y":460,"width":36,"height":30},"region_attributes":{"Type":"1","count":"3"}},{"shape_attributes":{"name":"rect","x":605,"y":504,"width":15,"height":5},"region_attributes":{"Type":"3","count":"1"}},{"shape_attributes":{"name":"rect","x":633,"y":474,"width":11,"height":26},"region_attributes":{"Type":"3","count":"2"}},{"shape_attributes":{"name":"rect","x":606,"y":273,"width":38,"height":16},"region_attributes":{"Type":"1","count":"5"}},{"shape_attributes":{"name":"rect","x":626,"y":285,"width":25,"height":18},"region_attributes":{"Type":"2","count":"4"}},{"shape_attributes":{"name":"rect","x":594,"y":314,"width":9,"height":11},"region_attributes":{"Type":"2","count":"1"}},{"shape_attributes":{"name":"rect","x":614,"y":313,"width":9,"height":7},"region_attributes":{"Type":"1","count":"1"}},{"shape_attributes":{"name":"rect","x":678,"y":306,"width":2,"height":0},"region_attributes":{"Type":"1","count":"1"}},{"shape_attributes":{"name":"rect","x":659,"y":310,"width":12,"height":13},"region_attributes":{"Type":"2","count":"3"}},{"shape_attributes":{"name":"rect","x":665,"y":319,"width":13,"height":11},"region_attributes":{"Type":"3","count":"1"}},{"shape_attributes":{"name":"rect","x":693,"y":316,"width":15,"height":16},"region_attributes":{"Type":"2","count":"5"}},{"shape_attributes":{"name":"rect","x":653,"y":336,"width":5,"height":24},"region_attributes":{"Type":"2","count":"10"}},{"shape_attributes":{"name":"rect","x":613,"y":369,"width":23,"height":22},"region_attributes":{"Type":"1","count":"4"}},{"shape_attributes":{"name":"rect","x":690,"y":341,"width":9,"height":15},"region_attributes":{"Type":"3","count":"2"}},{"shape_attributes":{"name":"rect","x":667,"y":329,"width":18,"height":20},"region_attributes":{"Type":"1","count":"15"}},{"shape_attributes":{"name":"rect","x":648,"y":368,"width":10,"height":14},"region_attributes":{"Type":"1","count":"10"}},{"shape_attributes":{"name":"rect","x":675,"y":358,"width":27,"height":18},"region_attributes":{"Type":"2","count":"7"}},{"shape_attributes":{"name":"rect","x":672,"y":379,"width":14,"height":13},"region_attributes":{"Type":"1","count":"5"}},{"shape_attributes":{"name":"rect","x":645,"y":392,"width":34,"height":11},"region_attributes":{"Type":"2","count":"43"}},{"shape_attributes":{"name":"rect","x":672,"y":413,"width":13,"height":29},"region_attributes":{"Type":"1","count":"11"}},{"shape_attributes":{"name":"rect","x":642,"y":430,"width":16,"height":16},"region_attributes":{"Type":"2","count":"7"}},{"shape_attributes":{"name":"rect","x":695,"y":466,"width":15,"height":20},"region_attributes":{"Type":"2","count":"3"}},{"shape_attributes":{"name":"rect","x":683,"y":451,"width":11,"height":22},"region_attributes":{"Type":"3","count":"2"}},{"shape_attributes":{"name":"rect","x":667,"y":471,"width":19,"height":20},"region_attributes":{"Type":"1","count":"1"}}],"file_attributes":{"date":"","temp":"","rain":"2","neighborhood":"East Village South","total_count":""}},"https://drive.google.com/uc?export=view&id=1MG2VAO_3135Qm4lteKZJeBlmXrbfAPrJ\n":{"filename":"https://drive.google.com/uc?export=view&id=1MG2VAO_3135Qm4lteKZJeBlmXrbfAPrJ\n","size":-1,"regions":[{"shape_attributes":{"name":"rect","x":95,"y":185,"width":15,"height":17},"region_attributes":{"Type":"1","count":"3"}},{"shape_attributes":{"name":"rect","x":83,"y":212,"width":30,"height":16},"region_attributes":{"Type":"2","count":"3"}},{"shape_attributes":{"name":"rect","x":86,"y":287,"width":26,"height":21},"region_attributes":{"Type":"1","count":"2"}},{"shape_attributes":{"name":"rect","x":133,"y":242,"width":44,"height":52},"region_attributes":{"Type":"1","count":"1"}},{"shape_attributes":{"name":"rect","x":136,"y":366,"width":23,"height":22},"region_attributes":{"Type":"1","count":"1"}},{"shape_attributes":{"name":"rect","x":117,"y":180,"width":12,"height":22},"region_attributes":{"Type":"2","count":"2"}},{"shape_attributes":{"name":"rect","x":141,"y":158,"width":35,"height":12},"region_attributes":{"Type":"1","count":"3"}},{"shape_attributes":{"name":"rect","x":141,"y":176,"width":48,"height":14},"region_attributes":{"Type":"2","count":"3"}},{"shape_attributes":{"name":"rect","x":273,"y":149,"width":17,"height":25},"region_attributes":{"Type":"1","count":"1"}},{"shape_attributes":{"name":"rect","x":260,"y":177,"width":23,"height":17},"region_attributes":{"Type":"3","count":"1"}},{"shape_attributes":{"name":"rect","x":228,"y":471,"width":18,"height":24},"region_attributes":{"Type":"1","count":"2"}},{"shape_attributes":{"name":"rect","x":278,"y":343,"width":17,"height":23},"region_attributes":{"Type":"1","count":"1"}},{"shape_attributes":{"name":"rect","x":291,"y":248,"width":35,"height":51},"region_attributes":{"Type":"1","count":"3"}},{"shape_attributes":{"name":"rect","x":367,"y":262,"width":15,"height":17},"region_attributes":{"Type":"2","count":"6"}},{"shape_attributes":{"name":"rect","x":345,"y":282,"width":39,"height":22},"region_attributes":{"Type":"1","count":"40"}},{"shape_attributes":{"name":"rect","x":367,"y":143,"width":46,"height":36},"region_attributes":{"Type":"1","count":"7"}},{"shape_attributes":{"name":"rect","x":431,"y":156,"width":14,"height":16},"region_attributes":{"Type":"3","count":"1"}},{"shape_attributes":{"name":"rect","x":397,"y":209,"width":39,"height":53},"region_attributes":{"Type":"1","count":"2"}},{"shape_attributes":{"name":"rect","x":444,"y":221,"width":13,"height":17},"region_attributes":{"Type":"3","count":"1"}},{"shape_attributes":{"name":"rect","x":476,"y":187,"width":14,"height":77},"region_attributes":{"Type":"1","count":"10"}},{"shape_attributes":{"name":"rect","x":447,"y":247,"width":24,"height":24},"region_attributes":{"Type":"2","count":"3"}},{"shape_attributes":{"name":"rect","x":392,"y":333,"width":62,"height":34},"region_attributes":{"Type":"1","count":"7"}},{"shape_attributes":{"name":"rect","x":457,"y":321,"width":12,"height":20},"region_attributes":{"Type":"2","count":"1"}},{"shape_attributes":{"name":"rect","x":398,"y":374,"width":51,"height":20},"region_attributes":{"Type":"2","count":"2"}},{"shape_attributes":{"name":"rect","x":481,"y":344,"width":22,"height":20},"region_attributes":{"Type":"1","count":"18"}},{"shape_attributes":{"name":"rect","x":485,"y":373,"width":16,"height":19},"region_attributes":{"Type":"3","count":"4"}},{"shape_attributes":{"name":"rect","x":478,"y":407,"width":28,"height":18},"region_attributes":{"Type":"1","count":"5"}},{"shape_attributes":{"name":"rect","x":414,"y":421,"width":52,"height":23},"region_attributes":{"Type":"1","count":"3"}},{"shape_attributes":{"name":"rect","x":458,"y":415,"width":21,"height":21},"region_attributes":{"Type":"2","count":"1"}},{"shape_attributes":{"name":"rect","x":451,"y":451,"width":9,"height":14},"region_attributes":{"Type":"2","count":"8"}},{"shape_attributes":{"name":"rect","x":447,"y":463,"width":35,"height":19},"region_attributes":{"Type":"1","count":"9"}},{"shape_attributes":{"name":"rect","x":449,"y":491,"width":26,"height":7},"region_attributes":{"Type":"2","count":"6"}},{"shape_attributes":{"name":"rect","x":538,"y":151,"width":35,"height":45},"region_attributes":{"Type":"1","count":"5"}},{"shape_attributes":{"name":"rect","x":497,"y":267,"width":49,"height":52},"region_attributes":{"Type":"2","count":"16"}},{"shape_attributes":{"name":"rect","x":487,"y":277,"width":52,"height":37},"region_attributes":{"Type":"1","count":"6"}},{"shape_attributes":{"name":"rect","x":585,"y":143,"width":67,"height":25},"region_attributes":{"Type":"2","count":"9"}},{"shape_attributes":{"name":"rect","x":586,"y":176,"width":42,"height":18},"region_attributes":{"Type":"1","count":"13"}},{"shape_attributes":{"name":"rect","x":642,"y":149,"width":25,"height":28},"region_attributes":{"Type":"1","count":"2"}},{"shape_attributes":{"name":"rect","x":638,"y":180,"width":11,"height":15},"region_attributes":{"Type":"2","count":"1"}},{"shape_attributes":{"name":"rect","x":668,"y":185,"width":22,"height":15},"region_attributes":{"Type":"3","count":"2"}},{"shape_attributes":{"name":"rect","x":509,"y":452,"width":48,"height":44},"region_attributes":{"Type":"1","count":"14"}},{"shape_attributes":{"name":"rect","x":525,"y":499,"width":24,"height":18},"region_attributes":{"Type":"3","count":"1"}},{"shape_attributes":{"name":"rect","x":567,"y":425,"width":16,"height":15},"region_attributes":{"Type":"1","count":"1"}},{"shape_attributes":{"name":"rect","x":556,"y":432,"width":13,"height":18},"region_attributes":{"Type":"3","count":"3"}},{"shape_attributes":{"name":"rect","x":568,"y":464,"width":37,"height":35},"region_attributes":{"Type":"1","count":"11"}},{"shape_attributes":{"name":"rect","x":589,"y":502,"width":75,"height":8},"region_attributes":{"Type":"3","count":"3"}},{"shape_attributes":{"name":"rect","x":637,"y":206,"width":46,"height":53},"region_attributes":{"Type":"1","count":"7"}},{"shape_attributes":{"name":"rect","x":634,"y":212,"width":60,"height":33},"region_attributes":{"Type":"2","count":"16"}},{"shape_attributes":{"name":"rect","x":561,"y":268,"width":67,"height":50},"region_attributes":{"Type":"1","count":"9"}},{"shape_attributes":{"name":"rect","x":602,"y":292,"width":23,"height":28},"region_attributes":{"Type":"2","count":"5"}},{"shape_attributes":{"name":"rect","x":654,"y":285,"width":31,"height":31},"region_attributes":{"Type":"1","count":"7"}},{"shape_attributes":{"name":"rect","x":639,"y":298,"width":18,"height":17},"region_attributes":{"Type":"2","count":"2"}},{"shape_attributes":{"name":"rect","x":697,"y":270,"width":12,"height":12},"region_attributes":{"Type":"2","count":"11"}},{"shape_attributes":{"name":"rect","x":573,"y":329,"width":11,"height":10},"region_attributes":{"Type":"3","count":"11"}},{"shape_attributes":{"name":"rect","x":602,"y":329,"width":24,"height":53},"region_attributes":{"Type":"1","count":"2"}},{"shape_attributes":{"name":"rect","x":640,"y":331,"width":13,"height":42},"region_attributes":{"Type":"2","count":"13"}},{"shape_attributes":{"name":"rect","x":645,"y":317,"width":26,"height":25},"region_attributes":{"Type":"1","count":"13"}},{"shape_attributes":{"name":"rect","x":691,"y":332,"width":19,"height":22},"region_attributes":{"Type":"2","count":"2"}},{"shape_attributes":{"name":"rect","x":681,"y":357,"width":23,"height":19},"region_attributes":{"Type":"1","count":"3"}},{"shape_attributes":{"name":"rect","x":661,"y":370,"width":13,"height":17},"region_attributes":{"Type":"2","count":"36"}},{"shape_attributes":{"name":"rect","x":640,"y":384,"width":20,"height":25},"region_attributes":{"Type":"2","count":"20"}},{"shape_attributes":{"name":"rect","x":645,"y":407,"width":22,"height":27},"region_attributes":{"Type":"1","count":"16"}},{"shape_attributes":{"name":"rect","x":661,"y":425,"width":10,"height":19},"region_attributes":{"Type":"2","count":"2"}},{"shape_attributes":{"name":"rect","x":688,"y":448,"width":12,"height":9},"region_attributes":{"Type":"1","count":"1"}},{"shape_attributes":{"name":"rect","x":672,"y":487,"width":10,"height":15},"region_attributes":{"Type":"1","count":"2"}},{"shape_attributes":{"name":"rect","x":693,"y":469,"width":16,"height":33},"region_attributes":{"Type":"2","count":"5"}}],"file_attributes":{"date":"","temp":"","rain":"2","neighborhood":"East Village South","total_count":""}},"https://drive.google.com/uc?export=view&id=13VnDPxFccuyacazTWbUVlSEGj4hBi1JQ\n":{"filename":"https://drive.google.com/uc?export=view&id=13VnDPxFccuyacazTWbUVlSEGj4hBi1JQ\n","size":-1,"regions":[{"shape_attributes":{"name":"rect","x":91,"y":293,"width":17,"height":27},"region_attributes":{"Type":"1","count":"1"}},{"shape_attributes":{"name":"rect","x":91,"y":218,"width":13,"height":13},"region_attributes":{"Type":"1","count":"1"}},{"shape_attributes":{"name":"rect","x":110,"y":212,"width":14,"height":18},"region_attributes":{"Type":"2","count":"2"}},{"shape_attributes":{"name":"rect","x":140,"y":154,"width":43,"height":50},"region_attributes":{"Type":"2","count":"3"}},{"shape_attributes":{"name":"rect","x":115,"y":159,"width":38,"height":28},"region_attributes":{"Type":"1","count":"4"}},{"shape_attributes":{"name":"rect","x":268,"y":152,"width":16,"height":13},"region_attributes":{"Type":"1","count":"1"}},{"shape_attributes":{"name":"rect","x":269,"y":218,"width":12,"height":11},"region_attributes":{"Type":"1","count":"1"}},{"shape_attributes":{"name":"rect","x":220,"y":259,"width":67,"height":20},"region_attributes":{"Type":"1","count":"2"}},{"shape_attributes":{"name":"rect","x":224,"y":484,"width":21,"height":14},"region_attributes":{"Type":"1","count":"2"}},{"shape_attributes":{"name":"rect","x":330,"y":488,"width":12,"height":11},"region_attributes":{"Type":"1","count":"4"}},{"shape_attributes":{"name":"rect","x":367,"y":270,"width":23,"height":48},"region_attributes":{"Type":"2","count":"4"}},{"shape_attributes":{"name":"rect","x":344,"y":274,"width":44,"height":26},"region_attributes":{"Type":"1","count":"23"}},{"shape_attributes":{"name":"rect","x":469,"y":227,"width":21,"height":15},"region_attributes":{"Type":"2","count":"2"}},{"shape_attributes":{"name":"rect","x":463,"y":267,"width":71,"height":52},"region_attributes":{"Type":"1","count":"9"}},{"shape_attributes":{"name":"rect","x":545,"y":304,"width":12,"height":16},"region_attributes":{"Type":"2","count":"1"}},{"shape_attributes":{"name":"rect","x":399,"y":330,"width":49,"height":28},"region_attributes":{"Type":"2","count":"6"}},{"shape_attributes":{"name":"rect","x":431,"y":377,"width":17,"height":18},"region_attributes":{"Type":"2","count":"1"}},{"shape_attributes":{"name":"rect","x":460,"y":330,"width":29,"height":23},"region_attributes":{"Type":"1","count":"3"}},{"shape_attributes":{"name":"rect","x":386,"y":377,"width":15,"height":15},"region_attributes":{"Type":"1","count":"1"}},{"shape_attributes":{"name":"rect","x":488,"y":346,"width":4,"height":17},"region_attributes":{"Type":"3","count":"1"}},{"shape_attributes":{"name":"rect","x":480,"y":374,"width":37,"height":25},"region_attributes":{"Type":"1","count":"20"}},{"shape_attributes":{"name":"rect","x":476,"y":406,"width":19,"height":11},"region_attributes":{"Type":"2","count":"4"}},{"shape_attributes":{"name":"rect","x":476,"y":429,"width":11,"height":12},"region_attributes":{"Type":"1","count":"1"}},{"shape_attributes":{"name":"rect","x":501,"y":332,"width":26,"height":24},"region_attributes":{"Type":"1","count":"5"}},{"shape_attributes":{"name":"rect","x":529,"y":330,"width":17,"height":21},"region_attributes":{"Type":"2","count":"2"}},{"shape_attributes":{"name":"rect","x":468,"y":459,"width":20,"height":17},"region_attributes":{"Type":"2","count":"10"}},{"shape_attributes":{"name":"rect","x":452,"y":460,"width":12,"height":29},"region_attributes":{"Type":"1","count":"12"}},{"shape_attributes":{"name":"rect","x":436,"y":497,"width":34,"height":18},"region_attributes":{"Type":"2","count":"17"}},{"shape_attributes":{"name":"rect","x":462,"y":503,"width":22,"height":15},"region_attributes":{"Type":"1","count":"4"}},{"shape_attributes":{"name":"rect","x":514,"y":455,"width":57,"height":54},"region_attributes":{"Type":"1","count":"10"}},{"shape_attributes":{"name":"rect","x":586,"y":501,"width":14,"height":13},"region_attributes":{"Type":"3","count":"1"}},{"shape_attributes":{"name":"rect","x":564,"y":266,"width":62,"height":84},"region_attributes":{"Type":"1","count":"9"}},{"shape_attributes":{"name":"rect","x":588,"y":144,"width":34,"height":31},"region_attributes":{"Type":"2","count":"10"}},{"shape_attributes":{"name":"rect","x":604,"y":184,"width":6,"height":15},"region_attributes":{"Type":"2","count":"1"}},{"shape_attributes":{"name":"rect","x":586,"y":186,"width":40,"height":30},"region_attributes":{"Type":"1","count":"7"}},{"shape_attributes":{"name":"rect","x":664,"y":155,"width":17,"height":21},"region_attributes":{"Type":"2","count":"5"}},{"shape_attributes":{"name":"rect","x":660,"y":166,"width":13,"height":21},"region_attributes":{"Type":"1","count":"1"}},{"shape_attributes":{"name":"rect","x":631,"y":207,"width":48,"height":56},"region_attributes":{"Type":"2","count":"11"}},{"shape_attributes":{"name":"rect","x":644,"y":200,"width":29,"height":35},"region_attributes":{"Type":"1","count":"4"}},{"shape_attributes":{"name":"rect","x":686,"y":205,"width":8,"height":17},"region_attributes":{"Type":"1","count":"1"}},{"shape_attributes":{"name":"rect","x":685,"y":230,"width":13,"height":18},"region_attributes":{"Type":"3","count":"1"}},{"shape_attributes":{"name":"rect","x":687,"y":244,"width":11,"height":13},"region_attributes":{"Type":"1","count":"2"}},{"shape_attributes":{"name":"rect","x":685,"y":270,"width":16,"height":13},"region_attributes":{"Type":"2","count":"3"}},{"shape_attributes":{"name":"rect","x":689,"y":288,"width":11,"height":13},"region_attributes":{"Type":"1","count":"2"}},{"shape_attributes":{"name":"rect","x":667,"y":330,"width":21,"height":56},"region_attributes":{"Type":"1","count":"21"}},{"shape_attributes":{"name":"rect","x":637,"y":329,"width":25,"height":48},"region_attributes":{"Type":"2","count":"24"}},{"shape_attributes":{"name":"rect","x":639,"y":388,"width":22,"height":20},"region_attributes":{"Type":"1","count":"11"}},{"shape_attributes":{"name":"rect","x":669,"y":394,"width":12,"height":21},"region_attributes":{"Type":"2","count":"32"}},{"shape_attributes":{"name":"rect","x":637,"y":415,"width":15,"height":16},"region_attributes":{"Type":"2","count":"5"}},{"shape_attributes":{"name":"rect","x":642,"y":431,"width":29,"height":13},"region_attributes":{"Type":"1","count":"5"}},{"shape_attributes":{"name":"rect","x":622,"y":461,"width":16,"height":19},"region_attributes":{"Type":"3","count":"1"}},{"shape_attributes":{"name":"rect","x":646,"y":453,"width":53,"height":19},"region_attributes":{"Type":"1","count":"6"}},{"shape_attributes":{"name":"rect","x":681,"y":476,"width":16,"height":13},"region_attributes":{"Type":"2","count":"1"}},{"shape_attributes":{"name":"rect","x":646,"y":504,"width":6,"height":9},"region_attributes":{"Type":"1","count":"1"}},{"shape_attributes":{"name":"rect","x":665,"y":501,"width":30,"height":14},"region_attributes":{"Type":"3","count":"2"}}],"file_attributes":{"date":"","temp":"","rain":"2","neighborhood":"East Village South","total_count":""}},"https://drive.google.com/uc?export=view&id=1BcQDPzWGhFnWJHcc0ZtsY7WZGBfRu8w-\n":{"filename":"https://drive.google.com/uc?export=view&id=1BcQDPzWGhFnWJHcc0ZtsY7WZGBfRu8w-\n","size":-1,"regions":[{"shape_attributes":{"name":"rect","x":144,"y":164,"width":9,"height":43},"region_attributes":{"Type":"1","count":"4"}},{"shape_attributes":{"name":"rect","x":124,"y":179,"width":51,"height":23},"region_attributes":{"Type":"2","count":"4"}},{"shape_attributes":{"name":"rect","x":183,"y":180,"width":27,"height":23},"region_attributes":{"Type":"1","count":"2"}},{"shape_attributes":{"name":"rect","x":120,"y":227,"width":58,"height":35},"region_attributes":{"Type":"1","count":"2"}},{"shape_attributes":{"name":"rect","x":120,"y":292,"width":26,"height":47},"region_attributes":{"Type":"1","count":"1"}},{"shape_attributes":{"name":"rect","x":223,"y":251,"width":14,"height":16},"region_attributes":{"Type":"1","count":"1"}},{"shape_attributes":{"name":"rect","x":271,"y":174,"width":34,"height":48},"region_attributes":{"Type":"1","count":"4"}},{"shape_attributes":{"name":"rect","x":360,"y":156,"width":50,"height":37},"region_attributes":{"Type":"1","count":"14"}},{"shape_attributes":{"name":"rect","x":236,"y":439,"width":68,"height":49},"region_attributes":{"Type":"1","count":"3"}},{"shape_attributes":{"name":"rect","x":311,"y":402,"width":77,"height":17},"region_attributes":{"Type":"1","count":"2"}},{"shape_attributes":{"name":"rect","x":397,"y":325,"width":89,"height":57},"region_attributes":{"Type":"1","count":"14"}},{"shape_attributes":{"name":"rect","x":364,"y":272,"width":29,"height":26},"region_attributes":{"Type":"1","count":"14"}},{"shape_attributes":{"name":"rect","x":375,"y":299,"width":10,"height":11},"region_attributes":{"Type":"2","count":"3"}},{"shape_attributes":{"name":"rect","x":351,"y":294,"width":29,"height":30},"region_attributes":{"Type":"1","count":"2"}},{"shape_attributes":{"name":"rect","x":352,"y":320,"width":14,"height":16},"region_attributes":{"Type":"2","count":"2"}},{"shape_attributes":{"name":"rect","x":340,"y":346,"width":15,"height":17},"region_attributes":{"Type":"1","count":"2"}},{"shape_attributes":{"name":"rect","x":405,"y":198,"width":8,"height":9},"region_attributes":{"Type":"2","count":"2"}},{"shape_attributes":{"name":"rect","x":422,"y":198,"width":38,"height":11},"region_attributes":{"Type":"1","count":"8"}},{"shape_attributes":{"name":"rect","x":435,"y":166,"width":20,"height":27},"region_attributes":{"Type":"3","count":"2"}},{"shape_attributes":{"name":"rect","x":429,"y":289,"width":21,"height":23},"region_attributes":{"Type":"1","count":"1"}},{"shape_attributes":{"name":"rect","x":455,"y":250,"width":16,"height":15},"region_attributes":{"Type":"1","count":"2"}},{"shape_attributes":{"name":"rect","x":475,"y":195,"width":25,"height":21},"region_attributes":{"Type":"3","count":"2"}},{"shape_attributes":{"name":"rect","x":499,"y":158,"width":14,"height":18},"region_attributes":{"Type":"1","count":"3"}},{"shape_attributes":{"name":"rect","x":506,"y":192,"width":13,"height":15},"region_attributes":{"Type":"2","count":"4"}},{"shape_attributes":{"name":"rect","x":527,"y":189,"width":35,"height":19},"region_attributes":{"Type":"1","count":"4"}},{"shape_attributes":{"name":"rect","x":551,"y":162,"width":13,"height":21},"region_attributes":{"Type":"2","count":"1"}},{"shape_attributes":{"name":"rect","x":500,"y":297,"width":10,"height":26},"region_attributes":{"Type":"2","count":"2"}},{"shape_attributes":{"name":"rect","x":521,"y":283,"width":41,"height":29},"region_attributes":{"Type":"1","count":"3"}},{"shape_attributes":{"name":"rect","x":544,"y":218,"width":54,"height":33},"region_attributes":{"Type":"1","count":"5"}},{"shape_attributes":{"name":"rect","x":576,"y":163,"width":13,"height":9},"region_attributes":{"Type":"1","count":"2"}},{"shape_attributes":{"name":"rect","x":577,"y":161,"width":30,"height":23},"region_attributes":{"Type":"2","count":"13"}},{"shape_attributes":{"name":"rect","x":568,"y":191,"width":42,"height":4},"region_attributes":{"Type":"1","count":"5"}},{"shape_attributes":{"name":"rect","x":581,"y":198,"width":10,"height":9},"region_attributes":{"Type":"2","count":"5"}},{"shape_attributes":{"name":"rect","x":616,"y":175,"width":35,"height":7},"region_attributes":{"Type":"1","count":"3"}},{"shape_attributes":{"name":"rect","x":617,"y":190,"width":11,"height":13},"region_attributes":{"Type":"2","count":"1"}},{"shape_attributes":{"name":"rect","x":472,"y":388,"width":12,"height":15},"region_attributes":{"Type":"2","count":"1"}},{"shape_attributes":{"name":"rect","x":439,"y":392,"width":67,"height":32},"region_attributes":{"Type":"1","count":"11"}},{"shape_attributes":{"name":"rect","x":472,"y":444,"width":12,"height":17},"region_attributes":{"Type":"1","count":"5"}},{"shape_attributes":{"name":"rect","x":458,"y":463,"width":8,"height":16},"region_attributes":{"Type":"1","count":"6"}},{"shape_attributes":{"name":"rect","x":463,"y":474,"width":18,"height":15},"region_attributes":{"Type":"2","count":"4"}},{"shape_attributes":{"name":"rect","x":497,"y":437,"width":7,"height":6},"region_attributes":{"Type":"1","count":"13"}},{"shape_attributes":{"name":"rect","x":495,"y":455,"width":11,"height":7},"region_attributes":{"Type":"2","count":"1"}},{"shape_attributes":{"name":"rect","x":623,"y":217,"width":6,"height":10},"region_attributes":{"Type":"1","count":"5"}},{"shape_attributes":{"name":"rect","x":633,"y":218,"width":19,"height":22},"region_attributes":{"Type":"2","count":"11"}},{"shape_attributes":{"name":"rect","x":619,"y":235,"width":7,"height":13},"region_attributes":{"Type":"2","count":"7"}},{"shape_attributes":{"name":"rect","x":616,"y":244,"width":39,"height":15},"region_attributes":{"Type":"1","count":"4"}},{"shape_attributes":{"name":"rect","x":616,"y":274,"width":37,"height":45},"region_attributes":{"Type":"1","count":"10"}},{"shape_attributes":{"name":"rect","x":592,"y":276,"width":17,"height":16},"region_attributes":{"Type":"1","count":"2"}},{"shape_attributes":{"name":"rect","x":669,"y":264,"width":11,"height":23},"region_attributes":{"Type":"2","count":"7"}},{"shape_attributes":{"name":"rect","x":595,"y":297,"width":11,"height":16},"region_attributes":{"Type":"2","count":"6"}},{"shape_attributes":{"name":"rect","x":597,"y":347,"width":9,"height":61},"region_attributes":{"Type":"1","count":"7"}},{"shape_attributes":{"name":"rect","x":625,"y":325,"width":28,"height":22},"region_attributes":{"Type":"1","count":"26"}},{"shape_attributes":{"name":"rect","x":616,"y":343,"width":14,"height":15},"region_attributes":{"Type":"2","count":"6"}},{"shape_attributes":{"name":"rect","x":617,"y":351,"width":37,"height":18},"region_attributes":{"Type":"1","count":"11"}},{"shape_attributes":{"name":"rect","x":661,"y":352,"width":10,"height":20},"region_attributes":{"Type":"2","count":"1"}},{"shape_attributes":{"name":"rect","x":621,"y":380,"width":36,"height":12},"region_attributes":{"Type":"2","count":"40"}},{"shape_attributes":{"name":"rect","x":618,"y":402,"width":7,"height":17},"region_attributes":{"Type":"1","count":"8"}},{"shape_attributes":{"name":"rect","x":636,"y":409,"width":46,"height":20},"region_attributes":{"Type":"2","count":"7"}},{"shape_attributes":{"name":"rect","x":564,"y":436,"width":9,"height":25},"region_attributes":{"Type":"3","count":"2"}},{"shape_attributes":{"name":"rect","x":536,"y":433,"width":51,"height":32},"region_attributes":{"Type":"1","count":"6"}},{"shape_attributes":{"name":"rect","x":601,"y":443,"width":52,"height":35},"region_attributes":{"Type":"1","count":"4"}},{"shape_attributes":{"name":"rect","x":618,"y":479,"width":28,"height":15},"region_attributes":{"Type":"3","count":"1"}}],"file_attributes":{"date":"","temp":"","rain":"2","neighborhood":"East Village South","total_count":""}},"https://drive.google.com/uc?export=view&id=1dHge2A2RJaA3FH2wyDLrtgDr5PS5Ns5_\n":{"filename":"https://drive.google.com/uc?export=view&id=1dHge2A2RJaA3FH2wyDLrtgDr5PS5Ns5_\n","size":-1,"regions":[{"shape_attributes":{"name":"rect","x":161,"y":153,"width":42,"height":55},"region_attributes":{"Type":"1","count":"6"}},{"shape_attributes":{"name":"rect","x":168,"y":136,"width":28,"height":63},"region_attributes":{"Type":"2","count":"5"}},{"shape_attributes":{"name":"rect","x":132,"y":187,"width":19,"height":44},"region_attributes":{"Type":"2","count":"5"}},{"shape_attributes":{"name":"rect","x":131,"y":251,"width":13,"height":19},"region_attributes":{"Type":"1","count":"1"}},{"shape_attributes":{"name":"rect","x":227,"y":474,"width":21,"height":16},"region_attributes":{"Type":"1","count":"1"}},{"shape_attributes":{"name":"rect","x":332,"y":173,"width":12,"height":15},"region_attributes":{"Type":"1","count":"1"}},{"shape_attributes":{"name":"rect","x":322,"y":264,"width":49,"height":105},"region_attributes":{"Type":"1","count":"25"}},{"shape_attributes":{"name":"rect","x":375,"y":293,"width":24,"height":19},"region_attributes":{"Type":"2","count":"10"}},{"shape_attributes":{"name":"rect","x":414,"y":191,"width":11,"height":14},"region_attributes":{"Type":"1","count":"4"}},{"shape_attributes":{"name":"rect","x":451,"y":190,"width":13,"height":20},"region_attributes":{"Type":"2","count":"1"}},{"shape_attributes":{"name":"rect","x":471,"y":189,"width":57,"height":21},"region_attributes":{"Type":"1","count":"5"}},{"shape_attributes":{"name":"rect","x":459,"y":252,"width":18,"height":20},"region_attributes":{"Type":"1","count":"3"}},{"shape_attributes":{"name":"rect","x":450,"y":303,"width":22,"height":14},"region_attributes":{"Type":"2","count":"3"}},{"shape_attributes":{"name":"rect","x":422,"y":331,"width":10,"height":13},"region_attributes":{"Type":"2","count":"1"}},{"shape_attributes":{"name":"rect","x":405,"y":325,"width":81,"height":76},"region_attributes":{"Type":"1","count":"29"}},{"shape_attributes":{"name":"rect","x":426,"y":416,"width":24,"height":19},"region_attributes":{"Type":"3","count":"1"}},{"shape_attributes":{"name":"rect","x":464,"y":401,"width":14,"height":24},"region_attributes":{"Type":"2","count":"1"}},{"shape_attributes":{"name":"rect","x":440,"y":453,"width":28,"height":44},"region_attributes":{"Type":"2","count":"32"}},{"shape_attributes":{"name":"rect","x":484,"y":448,"width":6,"height":9},"region_attributes":{"Type":"2","count":"2"}},{"shape_attributes":{"name":"rect","x":467,"y":438,"width":47,"height":39},"region_attributes":{"Type":"1","count":"9"}},{"shape_attributes":{"name":"rect","x":571,"y":421,"width":33,"height":40},"region_attributes":{"Type":"1","count":"10"}},{"shape_attributes":{"name":"rect","x":533,"y":184,"width":12,"height":20},"region_attributes":{"Type":"2","count":"1"}},{"shape_attributes":{"name":"rect","x":571,"y":155,"width":49,"height":58},"region_attributes":{"Type":"2","count":"28"}},{"shape_attributes":{"name":"rect","x":562,"y":169,"width":49,"height":24},"region_attributes":{"Type":"1","count":"4"}},{"shape_attributes":{"name":"rect","x":623,"y":164,"width":20,"height":30},"region_attributes":{"Type":"2","count":"8"}},{"shape_attributes":{"name":"rect","x":671,"y":219,"width":12,"height":22},"region_attributes":{"Type":"3","count":"1"}},{"shape_attributes":{"name":"rect","x":629,"y":213,"width":24,"height":31},"region_attributes":{"Type":"2","count":"14"}},{"shape_attributes":{"name":"rect","x":571,"y":285,"width":21,"height":22},"region_attributes":{"Type":"2","count":"1"}},{"shape_attributes":{"name":"rect","x":628,"y":276,"width":12,"height":12},"region_attributes":{"Type":"2","count":"8"}},{"shape_attributes":{"name":"rect","x":667,"y":289,"width":19,"height":23},"region_attributes":{"Type":"2","count":"3"}},{"shape_attributes":{"name":"rect","x":604,"y":285,"width":61,"height":21},"region_attributes":{"Type":"1","count":"5"}},{"shape_attributes":{"name":"rect","x":631,"y":312,"width":10,"height":5},"region_attributes":{"Type":"2","count":"3"}},{"shape_attributes":{"name":"rect","x":653,"y":327,"width":6,"height":17},"region_attributes":{"Type":"1","count":"13"}},{"shape_attributes":{"name":"rect","x":622,"y":330,"width":55,"height":24},"region_attributes":{"Type":"2","count":"13"}},{"shape_attributes":{"name":"rect","x":601,"y":341,"width":13,"height":14},"region_attributes":{"Type":"1","count":"3"}},{"shape_attributes":{"name":"rect","x":649,"y":344,"width":49,"height":44},"region_attributes":{"Type":"2","count":"33"}},{"shape_attributes":{"name":"rect","x":627,"y":376,"width":15,"height":19},"region_attributes":{"Type":"1","count":"5"}},{"shape_attributes":{"name":"rect","x":626,"y":394,"width":22,"height":35},"region_attributes":{"Type":"2","count":"28"}},{"shape_attributes":{"name":"rect","x":624,"y":451,"width":33,"height":37},"region_attributes":{"Type":"1","count":"8"}},{"shape_attributes":{"name":"rect","x":671,"y":441,"width":14,"height":18},"region_attributes":{"Type":"2","count":"8"}},{"shape_attributes":{"name":"rect","x":660,"y":439,"width":22,"height":58},"region_attributes":{"Type":"3","count":"3"}}],"file_attributes":{"date":"","temp":"","rain":"2","neighborhood":"East Village South","total_count":""}},"https://drive.google.com/uc?export=view&id=1WXVznBYZmcfHR88fmY9WGDJPyJgBmBIj\n":{"filename":"https://drive.google.com/uc?export=view&id=1WXVznBYZmcfHR88fmY9WGDJPyJgBmBIj\n","size":-1,"regions":[{"shape_attributes":{"name":"rect","x":130,"y":164,"width":7,"height":12},"region_attributes":{"Type":"1","count":"2"}},{"shape_attributes":{"name":"rect","x":134,"y":188,"width":42,"height":26},"region_attributes":{"Type":"2","count":"9"}},{"shape_attributes":{"name":"rect","x":121,"y":241,"width":64,"height":86},"region_attributes":{"Type":"1","count":"5"}},{"shape_attributes":{"name":"rect","x":197,"y":177,"width":7,"height":12},"region_attributes":{"Type":"3","count":"1"}},{"shape_attributes":{"name":"rect","x":181,"y":179,"width":41,"height":33},"region_attributes":{"Type":"1","count":"3"}},{"shape_attributes":{"name":"rect","x":223,"y":255,"width":70,"height":48},"region_attributes":{"Type":"1","count":"5"}},{"shape_attributes":{"name":"rect","x":302,"y":196,"width":13,"height":12},"region_attributes":{"Type":"1","count":"4"}},{"shape_attributes":{"name":"rect","x":308,"y":246,"width":8,"height":18},"region_attributes":{"Type":"1","count":"1"}},{"shape_attributes":{"name":"rect","x":341,"y":172,"width":10,"height":15},"region_attributes":{"Type":"3","count":"1"}},{"shape_attributes":{"name":"rect","x":373,"y":154,"width":65,"height":51},"region_attributes":{"Type":"1","count":"7"}},{"shape_attributes":{"name":"rect","x":364,"y":268,"width":8,"height":18},"region_attributes":{"Type":"2","count":"1"}},{"shape_attributes":{"name":"rect","x":333,"y":273,"width":42,"height":34},"region_attributes":{"Type":"1","count":"22"}},{"shape_attributes":{"name":"rect","x":366,"y":301,"width":24,"height":17},"region_attributes":{"Type":"2","count":"4"}},{"shape_attributes":{"name":"rect","x":283,"y":324,"width":102,"height":56},"region_attributes":{"Type":"1","count":"11"}},{"shape_attributes":{"name":"rect","x":402,"y":354,"width":12,"height":16},"region_attributes":{"Type":"2","count":"1"}},{"shape_attributes":{"name":"rect","x":398,"y":379,"width":64,"height":51},"region_attributes":{"Type":"1","count":"6"}},{"shape_attributes":{"name":"rect","x":358,"y":448,"width":86,"height":43},"region_attributes":{"Type":"1","count":"5"}},{"shape_attributes":{"name":"rect","x":452,"y":192,"width":10,"height":14},"region_attributes":{"Type":"1","count":"6"}},{"shape_attributes":{"name":"rect","x":473,"y":184,"width":12,"height":23},"region_attributes":{"Type":"2","count":"1"}},{"shape_attributes":{"name":"rect","x":458,"y":233,"width":53,"height":31},"region_attributes":{"Type":"1","count":"5"}},{"shape_attributes":{"name":"rect","x":481,"y":353,"width":13,"height":70},"region_attributes":{"Type":"3","count":"2"}},{"shape_attributes":{"name":"rect","x":496,"y":288,"width":31,"height":39},"region_attributes":{"Type":"2","count":"3"}},{"shape_attributes":{"name":"rect","x":533,"y":279,"width":77,"height":41},"region_attributes":{"Type":"1","count":"8"}},{"shape_attributes":{"name":"rect","x":568,"y":156,"width":49,"height":56},"region_attributes":{"Type":"1","count":"9"}},{"shape_attributes":{"name":"rect","x":568,"y":158,"width":75,"height":45},"region_attributes":{"Type":"2","count":"19"}},{"shape_attributes":{"name":"rect","x":623,"y":214,"width":21,"height":18},"region_attributes":{"Type":"1","count":"2"}},{"shape_attributes":{"name":"rect","x":630,"y":222,"width":32,"height":31},"region_attributes":{"Type":"2","count":"9"}},{"shape_attributes":{"name":"rect","x":672,"y":273,"width":13,"height":18},"region_attributes":{"Type":"2","count":"1"}},{"shape_attributes":{"name":"rect","x":475,"y":446,"width":7,"height":7},"region_attributes":{"Type":"3","count":"2"}},{"shape_attributes":{"name":"rect","x":452,"y":457,"width":13,"height":21},"region_attributes":{"Type":"1","count":"7"}},{"shape_attributes":{"name":"rect","x":461,"y":453,"width":22,"height":41},"region_attributes":{"Type":"2","count":"8"}},{"shape_attributes":{"name":"rect","x":495,"y":444,"width":49,"height":27},"region_attributes":{"Type":"1","count":"24"}},{"shape_attributes":{"name":"rect","x":531,"y":418,"width":14,"height":17},"region_attributes":{"Type":"3","count":"1"}},{"shape_attributes":{"name":"rect","x":641,"y":305,"width":22,"height":14},"region_attributes":{"Type":"2","count":"2"}},{"shape_attributes":{"name":"rect","x":631,"y":288,"width":36,"height":29},"region_attributes":{"Type":"1","count":"6"}},{"shape_attributes":{"name":"rect","x":620,"y":330,"width":18,"height":36},"region_attributes":{"Type":"1","count":"29"}},{"shape_attributes":{"name":"rect","x":597,"y":344,"width":17,"height":23},"region_attributes":{"Type":"2","count":"1"}},{"shape_attributes":{"name":"rect","x":653,"y":330,"width":23,"height":10},"region_attributes":{"Type":"2","count":"3"}},{"shape_attributes":{"name":"rect","x":657,"y":349,"width":26,"height":14},"region_attributes":{"Type":"1","count":"16"}},{"shape_attributes":{"name":"rect","x":624,"y":375,"width":19,"height":14},"region_attributes":{"Type":"2","count":"14"}},{"shape_attributes":{"name":"rect","x":595,"y":398,"width":13,"height":22},"region_attributes":{"Type":"1","count":"19"}},{"shape_attributes":{"name":"rect","x":617,"y":381,"width":7,"height":18},"region_attributes":{"Type":"3","count":"1"}},{"shape_attributes":{"name":"rect","x":629,"y":401,"width":6,"height":24},"region_attributes":{"Type":"1","count":"19"}},{"shape_attributes":{"name":"rect","x":656,"y":419,"width":29,"height":8},"region_attributes":{"Type":"1","count":"11"}},{"shape_attributes":{"name":"rect","x":642,"y":397,"width":18,"height":31},"region_attributes":{"Type":"2","count":"20"}},{"shape_attributes":{"name":"rect","x":630,"y":427,"width":47,"height":10},"region_attributes":{"Type":"3","count":"2"}},{"shape_attributes":{"name":"rect","x":568,"y":444,"width":6,"height":14},"region_attributes":{"Type":"3","count":"1"}},{"shape_attributes":{"name":"rect","x":552,"y":446,"width":62,"height":43},"region_attributes":{"Type":"1","count":"9"}},{"shape_attributes":{"name":"rect","x":672,"y":448,"width":10,"height":11},"region_attributes":{"Type":"2","count":"4"}},{"shape_attributes":{"name":"rect","x":641,"y":444,"width":44,"height":41},"region_attributes":{"Type":"1","count":"7"}},{"shape_attributes":{"name":"rect","x":638,"y":477,"width":43,"height":20},"region_attributes":{"Type":"3","count":"3"}}],"file_attributes":{"date":"","temp":"","rain":"2","neighborhood":"East Village South","total_count":""}},"https://drive.google.com/uc?export=view&id=1s64grHT85OJZblAugXjzHdwg-MlDmPmi\n":{"filename":"https://drive.google.com/uc?export=view&id=1s64grHT85OJZblAugXjzHdwg-MlDmPmi\n","size":-1,"regions":[{"shape_attributes":{"name":"rect","x":138,"y":162,"width":41,"height":36},"region_attributes":{"Type":"1","count":"4"}},{"shape_attributes":{"name":"rect","x":159,"y":165,"width":41,"height":29},"region_attributes":{"Type":"2","count":"2"}},{"shape_attributes":{"name":"rect","x":120,"y":219,"width":37,"height":28},"region_attributes":{"Type":"2","count":"5"}},{"shape_attributes":{"name":"rect","x":142,"y":221,"width":13,"height":40},"region_attributes":{"Type":"1","count":"2"}},{"shape_attributes":{"name":"rect","x":224,"y":247,"width":56,"height":16},"region_attributes":{"Type":"1","count":"3"}},{"shape_attributes":{"name":"rect","x":352,"y":217,"width":23,"height":25},"region_attributes":{"Type":"1","count":"2"}},{"shape_attributes":{"name":"rect","x":280,"y":174,"width":16,"height":17},"region_attributes":{"Type":"1","count":"1"}},{"shape_attributes":{"name":"rect","x":351,"y":266,"width":43,"height":66},"region_attributes":{"Type":"2","count":"14"}},{"shape_attributes":{"name":"rect","x":337,"y":263,"width":44,"height":47},"region_attributes":{"Type":"1","count":"2"}},{"shape_attributes":{"name":"rect","x":405,"y":165,"width":32,"height":39},"region_attributes":{"Type":"1","count":"7"}},{"shape_attributes":{"name":"rect","x":408,"y":239,"width":12,"height":19},"region_attributes":{"Type":"1","count":"1"}},{"shape_attributes":{"name":"rect","x":408,"y":318,"width":13,"height":26},"region_attributes":{"Type":"1","count":"1"}},{"shape_attributes":{"name":"rect","x":443,"y":191,"width":14,"height":17},"region_attributes":{"Type":"1","count":"9"}},{"shape_attributes":{"name":"rect","x":468,"y":187,"width":50,"height":22},"region_attributes":{"Type":"2","count":"3"}},{"shape_attributes":{"name":"rect","x":531,"y":186,"width":14,"height":20},"region_attributes":{"Type":"1","count":"3"}},{"shape_attributes":{"name":"rect","x":447,"y":248,"width":8,"height":14},"region_attributes":{"Type":"1","count":"2"}},{"shape_attributes":{"name":"rect","x":465,"y":248,"width":14,"height":10},"region_attributes":{"Type":"2","count":"2"}},{"shape_attributes":{"name":"rect","x":490,"y":273,"width":40,"height":45},"region_attributes":{"Type":"2","count":"12"}},{"shape_attributes":{"name":"rect","x":482,"y":299,"width":95,"height":21},"region_attributes":{"Type":"1","count":"15"}},{"shape_attributes":{"name":"rect","x":483,"y":349,"width":8,"height":69},"region_attributes":{"Type":"3","count":"2"}},{"shape_attributes":{"name":"rect","x":451,"y":322,"width":34,"height":78},"region_attributes":{"Type":"1","count":"19"}},{"shape_attributes":{"name":"rect","x":440,"y":345,"width":39,"height":16},"region_attributes":{"Type":"2","count":"9"}},{"shape_attributes":{"name":"rect","x":472,"y":434,"width":7,"height":14},"region_attributes":{"Type":"3","count":"1"}},{"shape_attributes":{"name":"rect","x":458,"y":437,"width":60,"height":17},"region_attributes":{"Type":"1","count":"11"}},{"shape_attributes":{"name":"rect","x":445,"y":460,"width":27,"height":31},"region_attributes":{"Type":"2","count":"15"}},{"shape_attributes":{"name":"rect","x":502,"y":444,"width":44,"height":39},"region_attributes":{"Type":"1","count":"9"}},{"shape_attributes":{"name":"rect","x":583,"y":418,"width":19,"height":32},"region_attributes":{"Type":"1","count":"3"}},{"shape_attributes":{"name":"rect","x":567,"y":158,"width":96,"height":52},"region_attributes":{"Type":"2","count":"23"}},{"shape_attributes":{"name":"rect","x":558,"y":148,"width":113,"height":62},"region_attributes":{"Type":"1","count":"14"}},{"shape_attributes":{"name":"rect","x":627,"y":206,"width":6,"height":10},"region_attributes":{"Type":"3","count":"1"}},{"shape_attributes":{"name":"rect","x":618,"y":226,"width":39,"height":17},"region_attributes":{"Type":"2","count":"13"}},{"shape_attributes":{"name":"rect","x":616,"y":253,"width":38,"height":36},"region_attributes":{"Type":"1","count":"9"}},{"shape_attributes":{"name":"rect","x":580,"y":269,"width":25,"height":31},"region_attributes":{"Type":"1","count":"3"}},{"shape_attributes":{"name":"rect","x":581,"y":299,"width":54,"height":19},"region_attributes":{"Type":"2","count":"9"}},{"shape_attributes":{"name":"rect","x":645,"y":302,"width":13,"height":15},"region_attributes":{"Type":"1","count":"8"}},{"shape_attributes":{"name":"rect","x":620,"y":331,"width":8,"height":10},"region_attributes":{"Type":"1","count":"10"}},{"shape_attributes":{"name":"rect","x":637,"y":326,"width":14,"height":13},"region_attributes":{"Type":"2","count":"2"}},{"shape_attributes":{"name":"rect","x":656,"y":329,"width":7,"height":21},"region_attributes":{"Type":"3","count":"1"}},{"shape_attributes":{"name":"rect","x":608,"y":356,"width":7,"height":13},"region_attributes":{"Type":"3","count":"1"}},{"shape_attributes":{"name":"rect","x":623,"y":365,"width":19,"height":58},"region_attributes":{"Type":"2","count":"51"}},{"shape_attributes":{"name":"rect","x":636,"y":419,"width":14,"height":14},"region_attributes":{"Type":"1","count":"6"}},{"shape_attributes":{"name":"rect","x":656,"y":407,"width":17,"height":16},"region_attributes":{"Type":"3","count":"1"}},{"shape_attributes":{"name":"rect","x":635,"y":468,"width":8,"height":14},"region_attributes":{"Type":"1","count":"3"}},{"shape_attributes":{"name":"rect","x":669,"y":445,"width":10,"height":11},"region_attributes":{"Type":"2","count":"4"}},{"shape_attributes":{"name":"rect","x":646,"y":452,"width":17,"height":40},"region_attributes":{"Type":"3","count":"4"}}],"file_attributes":{"date":"","temp":"","rain":"2","neighborhood":"East Village South","total_count":""}},"https://drive.google.com/uc?export=view&id=1DJM-aYOV6fayWjWJrUhnV3SBGYlY7WVY\n":{"filename":"https://drive.google.com/uc?export=view&id=1DJM-aYOV6fayWjWJrUhnV3SBGYlY7WVY\n","size":-1,"regions":[{"shape_attributes":{"name":"rect","x":111,"y":296,"width":41,"height":68},"region_attributes":{"Type":"1","count":"5"}},{"shape_attributes":{"name":"rect","x":117,"y":209,"width":12,"height":16},"region_attributes":{"Type":"2","count":"2"}},{"shape_attributes":{"name":"rect","x":105,"y":150,"width":45,"height":110},"region_attributes":{"Type":"1","count":"9"}}],"file_attributes":{"date":"","temp":"","rain":"2","neighborhood":"East Village South","total_count":""}},"https://drive.google.com/uc?export=view&id=1Q_al-1u42wkGFVsZtnWS2l0Ol7QjR3zb\n":{"filename":"https://drive.google.com/uc?export=view&id=1Q_al-1u42wkGFVsZtnWS2l0Ol7QjR3zb\n","size":-1,"regions":[{"shape_attributes":{"name":"rect","x":122,"y":226,"width":10,"height":11},"region_attributes":{"Type":"2","count":"3"}},{"shape_attributes":{"name":"rect","x":128,"y":221,"width":22,"height":43},"region_attributes":{"Type":"1","count":"4"}},{"shape_attributes":{"name":"rect","x":117,"y":297,"width":16,"height":17},"region_attributes":{"Type":"1","count":"2"}},{"shape_attributes":{"name":"rect","x":172,"y":261,"width":18,"height":40},"region_attributes":{"Type":"1","count":"4"}},{"shape_attributes":{"name":"rect","x":166,"y":183,"width":34,"height":22},"region_attributes":{"Type":"1","count":"6"}},{"shape_attributes":{"name":"rect","x":353,"y":161,"width":85,"height":49},"region_attributes":{"Type":"1","count":"6"}},{"shape_attributes":{"name":"rect","x":448,"y":165,"width":64,"height":68},"region_attributes":{"Type":"1","count":"12"}},{"shape_attributes":{"name":"rect","x":313,"y":256,"width":56,"height":16},"region_attributes":{"Type":"1","count":"2"}},{"shape_attributes":{"name":"rect","x":288,"y":308,"width":12,"height":16},"region_attributes":{"Type":"1","count":"1"}},{"shape_attributes":{"name":"rect","x":243,"y":456,"width":73,"height":38},"region_attributes":{"Type":"1","count":"5"}},{"shape_attributes":{"name":"rect","x":377,"y":279,"width":17,"height":24},"region_attributes":{"Type":"1","count":"25"}},{"shape_attributes":{"name":"rect","x":351,"y":283,"width":36,"height":36},"region_attributes":{"Type":"2","count":"7"}},{"shape_attributes":{"name":"rect","x":354,"y":319,"width":26,"height":19},"region_attributes":{"Type":"1","count":"4"}},{"shape_attributes":{"name":"rect","x":348,"y":477,"width":53,"height":11},"region_attributes":{"Type":"1","count":"3"}},{"shape_attributes":{"name":"rect","x":395,"y":349,"width":25,"height":117},"region_attributes":{"Type":"1","count":"12"}},{"shape_attributes":{"name":"rect","x":499,"y":299,"width":12,"height":12},"region_attributes":{"Type":"1","count":"2"}},{"shape_attributes":{"name":"rect","x":505,"y":309,"width":38,"height":18},"region_attributes":{"Type":"2","count":"7"}},{"shape_attributes":{"name":"rect","x":542,"y":315,"width":47,"height":28},"region_attributes":{"Type":"1","count":"8"}},{"shape_attributes":{"name":"rect","x":475,"y":342,"width":7,"height":16},"region_attributes":{"Type":"1","count":"8"}},{"shape_attributes":{"name":"rect","x":445,"y":338,"width":12,"height":16},"region_attributes":{"Type":"2","count":"4"}},{"shape_attributes":{"name":"rect","x":479,"y":348,"width":21,"height":18},"region_attributes":{"Type":"3","count":"1"}},{"shape_attributes":{"name":"rect","x":483,"y":401,"width":7,"height":9},"region_attributes":{"Type":"3","count":"1"}},{"shape_attributes":{"name":"rect","x":453,"y":386,"width":27,"height":23},"region_attributes":{"Type":"1","count":"9"}},{"shape_attributes":{"name":"rect","x":467,"y":405,"width":9,"height":16},"region_attributes":{"Type":"2","count":"10"}},{"shape_attributes":{"name":"rect","x":432,"y":443,"width":15,"height":16},"region_attributes":{"Type":"1","count":"2"}},{"shape_attributes":{"name":"rect","x":511,"y":442,"width":22,"height":10},"region_attributes":{"Type":"3","count":"2"}},{"shape_attributes":{"name":"rect","x":457,"y":445,"width":27,"height":19},"region_attributes":{"Type":"2","count":"9"}},{"shape_attributes":{"name":"rect","x":474,"y":459,"width":39,"height":20},"region_attributes":{"Type":"1","count":"11"}},{"shape_attributes":{"name":"rect","x":457,"y":489,"width":33,"height":9},"region_attributes":{"Type":"2","count":"9"}},{"shape_attributes":{"name":"rect","x":543,"y":450,"width":27,"height":23},"region_attributes":{"Type":"1","count":"10"}},{"shape_attributes":{"name":"rect","x":568,"y":443,"width":6,"height":21},"region_attributes":{"Type":"3","count":"1"}},{"shape_attributes":{"name":"rect","x":581,"y":448,"width":27,"height":32},"region_attributes":{"Type":"1","count":"8"}},{"shape_attributes":{"name":"rect","x":577,"y":167,"width":42,"height":48},"region_attributes":{"Type":"2","count":"38"}},{"shape_attributes":{"name":"rect","x":566,"y":197,"width":42,"height":25},"region_attributes":{"Type":"3","count":"2"}},{"shape_attributes":{"name":"rect","x":566,"y":159,"width":55,"height":55},"region_attributes":{"Type":"1","count":"5"}},{"shape_attributes":{"name":"rect","x":663,"y":176,"width":10,"height":38},"region_attributes":{"Type":"3","count":"1"}},{"shape_attributes":{"name":"rect","x":633,"y":167,"width":29,"height":29},"region_attributes":{"Type":"2","count":"13"}},{"shape_attributes":{"name":"rect","x":623,"y":191,"width":19,"height":15},"region_attributes":{"Type":"1","count":"4"}},{"shape_attributes":{"name":"rect","x":591,"y":379,"width":20,"height":21},"region_attributes":{"Type":"1","count":"16"}},{"shape_attributes":{"name":"rect","x":624,"y":225,"width":7,"height":13},"region_attributes":{"Type":"1","count":"2"}},{"shape_attributes":{"name":"rect","x":621,"y":224,"width":42,"height":46},"region_attributes":{"Type":"2","count":"12"}},{"shape_attributes":{"name":"rect","x":665,"y":283,"width":6,"height":40},"region_attributes":{"Type":"3","count":"2"}},{"shape_attributes":{"name":"rect","x":680,"y":287,"width":13,"height":10},"region_attributes":{"Type":"2","count":"6"}},{"shape_attributes":{"name":"rect","x":589,"y":280,"width":10,"height":14},"region_attributes":{"Type":"2","count":"1"}},{"shape_attributes":{"name":"rect","x":602,"y":284,"width":13,"height":11},"region_attributes":{"Type":"1","count":"3"}},{"shape_attributes":{"name":"rect","x":625,"y":288,"width":18,"height":37},"region_attributes":{"Type":"2","count":"8"}},{"shape_attributes":{"name":"rect","x":646,"y":298,"width":9,"height":33},"region_attributes":{"Type":"1","count":"4"}},{"shape_attributes":{"name":"rect","x":641,"y":337,"width":12,"height":16},"region_attributes":{"Type":"1","count":"17"}},{"shape_attributes":{"name":"rect","x":623,"y":343,"width":55,"height":18},"region_attributes":{"Type":"2","count":"13"}},{"shape_attributes":{"name":"rect","x":627,"y":369,"width":50,"height":18},"region_attributes":{"Type":"1","count":"26"}},{"shape_attributes":{"name":"rect","x":623,"y":393,"width":38,"height":29},"region_attributes":{"Type":"2","count":"32"}},{"shape_attributes":{"name":"rect","x":645,"y":414,"width":31,"height":16},"region_attributes":{"Type":"2","count":"8"}},{"shape_attributes":{"name":"rect","x":622,"y":427,"width":60,"height":13},"region_attributes":{"Type":"1","count":"9"}},{"shape_attributes":{"name":"rect","x":640,"y":438,"width":13,"height":13},"region_attributes":{"Type":"3","count":"2"}},{"shape_attributes":{"name":"rect","x":628,"y":471,"width":6,"height":12},"region_attributes":{"Type":"1","count":"3"}},{"shape_attributes":{"name":"rect","x":611,"y":473,"width":56,"height":17},"region_attributes":{"Type":"3","count":"1"}},{"shape_attributes":{"name":"rect","x":675,"y":483,"width":15,"height":13},"region_attributes":{"Type":"2","count":"6"}}],"file_attributes":{"date":"","temp":"","rain":"2","neighborhood":"East Village South","total_count":""}},"https://drive.google.com/uc?export=view&id=1DkAPadlZe5TuiCLbquZdwWg_ZoWoeKyh\n":{"filename":"https://drive.google.com/uc?export=view&id=1DkAPadlZe5TuiCLbquZdwWg_ZoWoeKyh\n","size":-1,"regions":[{"shape_attributes":{"name":"rect","x":117,"y":171,"width":60,"height":20},"region_attributes":{"Type":"1","count":"3"}},{"shape_attributes":{"name":"rect","x":116,"y":293,"width":22,"height":87},"region_attributes":{"Type":"1","count":"4"}},{"shape_attributes":{"name":"rect","x":119,"y":210,"width":25,"height":17},"region_attributes":{"Type":"2","count":"6"}},{"shape_attributes":{"name":"rect","x":127,"y":223,"width":18,"height":13},"region_attributes":{"Type":"1","count":"2"}},{"shape_attributes":{"name":"rect","x":230,"y":152,"width":153,"height":47},"region_attributes":{"Type":"1","count":"8"}},{"shape_attributes":{"name":"rect","x":227,"y":213,"width":163,"height":39},"region_attributes":{"Type":"1","count":"6"}},{"shape_attributes":{"name":"rect","x":351,"y":265,"width":33,"height":21},"region_attributes":{"Type":"2","count":"6"}},{"shape_attributes":{"name":"rect","x":307,"y":260,"width":76,"height":74},"region_attributes":{"Type":"1","count":"41"}},{"shape_attributes":{"name":"rect","x":328,"y":386,"width":11,"height":16},"region_attributes":{"Type":"1","count":"1"}},{"shape_attributes":{"name":"rect","x":203,"y":458,"width":59,"height":35},"region_attributes":{"Type":"1","count":"3"}},{"shape_attributes":{"name":"rect","x":307,"y":434,"width":29,"height":24},"region_attributes":{"Type":"2","count":"3"}},{"shape_attributes":{"name":"rect","x":345,"y":437,"width":79,"height":31},"region_attributes":{"Type":"1","count":"13"}},{"shape_attributes":{"name":"rect","x":402,"y":168,"width":58,"height":18},"region_attributes":{"Type":"1","count":"3"}},{"shape_attributes":{"name":"rect","x":447,"y":195,"width":14,"height":8},"region_attributes":{"Type":"2","count":"1"}},{"shape_attributes":{"name":"rect","x":455,"y":186,"width":31,"height":50},"region_attributes":{"Type":"1","count":"5"}},{"shape_attributes":{"name":"rect","x":498,"y":199,"width":25,"height":14},"region_attributes":{"Type":"3","count":"2"}},{"shape_attributes":{"name":"rect","x":545,"y":155,"width":66,"height":51},"region_attributes":{"Type":"1","count":"10"}},{"shape_attributes":{"name":"rect","x":563,"y":136,"width":36,"height":69},"region_attributes":{"Type":"2","count":"9"}},{"shape_attributes":{"name":"rect","x":635,"y":153,"width":20,"height":24},"region_attributes":{"Type":"2","count":"3"}},{"shape_attributes":{"name":"rect","x":634,"y":191,"width":44,"height":12},"region_attributes":{"Type":"1","count":"2"}},{"shape_attributes":{"name":"rect","x":495,"y":249,"width":69,"height":43},"region_attributes":{"Type":"1","count":"4"}},{"shape_attributes":{"name":"rect","x":413,"y":329,"width":8,"height":11},"region_attributes":{"Type":"1","count":"3"}},{"shape_attributes":{"name":"rect","x":461,"y":323,"width":16,"height":18},"region_attributes":{"Type":"1","count":"2"}},{"shape_attributes":{"name":"rect","x":427,"y":325,"width":7,"height":17},"region_attributes":{"Type":"2","count":"1"}},{"shape_attributes":{"name":"rect","x":394,"y":360,"width":29,"height":31},"region_attributes":{"Type":"1","count":"4"}},{"shape_attributes":{"name":"rect","x":403,"y":405,"width":17,"height":8},"region_attributes":{"Type":"2","count":"1"}},{"shape_attributes":{"name":"rect","x":452,"y":345,"width":9,"height":11},"region_attributes":{"Type":"3","count":"1"}},{"shape_attributes":{"name":"rect","x":486,"y":343,"width":7,"height":53},"region_attributes":{"Type":"3","count":"2"}},{"shape_attributes":{"name":"rect","x":470,"y":351,"width":8,"height":60},"region_attributes":{"Type":"2","count":"7"}},{"shape_attributes":{"name":"rect","x":473,"y":417,"width":14,"height":7},"region_attributes":{"Type":"1","count":"6"}},{"shape_attributes":{"name":"rect","x":435,"y":435,"width":17,"height":14},"region_attributes":{"Type":"1","count":"2"}},{"shape_attributes":{"name":"rect","x":461,"y":445,"width":8,"height":16},"region_attributes":{"Type":"2","count":"6"}},{"shape_attributes":{"name":"rect","x":475,"y":434,"width":26,"height":34},"region_attributes":{"Type":"1","count":"20"}},{"shape_attributes":{"name":"rect","x":444,"y":465,"width":32,"height":24},"region_attributes":{"Type":"1","count":"10"}},{"shape_attributes":{"name":"rect","x":536,"y":433,"width":65,"height":28},"region_attributes":{"Type":"1","count":"17"}},{"shape_attributes":{"name":"rect","x":513,"y":439,"width":15,"height":13},"region_attributes":{"Type":"2","count":"2"}},{"shape_attributes":{"name":"rect","x":515,"y":482,"width":11,"height":14},"region_attributes":{"Type":"3","count":"1"}},{"shape_attributes":{"name":"rect","x":543,"y":476,"width":15,"height":22},"region_attributes":{"Type":"1","count":"7"}},{"shape_attributes":{"name":"rect","x":592,"y":489,"width":56,"height":7},"region_attributes":{"Type":"3","count":"2"}},{"shape_attributes":{"name":"rect","x":635,"y":472,"width":15,"height":11},"region_attributes":{"Type":"1","count":"2"}},{"shape_attributes":{"name":"rect","x":671,"y":474,"width":20,"height":21},"region_attributes":{"Type":"2","count":"3"}},{"shape_attributes":{"name":"rect","x":654,"y":213,"width":10,"height":13},"region_attributes":{"Type":"1","count":"6"}},{"shape_attributes":{"name":"rect","x":619,"y":209,"width":74,"height":33},"region_attributes":{"Type":"2","count":"18"}},{"shape_attributes":{"name":"rect","x":616,"y":254,"width":73,"height":6},"region_attributes":{"Type":"1","count":"11"}},{"shape_attributes":{"name":"rect","x":625,"y":263,"width":11,"height":6},"region_attributes":{"Type":"3","count":"1"}},{"shape_attributes":{"name":"rect","x":622,"y":288,"width":13,"height":19},"region_attributes":{"Type":"3","count":"1"}},{"shape_attributes":{"name":"rect","x":641,"y":264,"width":39,"height":15},"region_attributes":{"Type":"2","count":"7"}},{"shape_attributes":{"name":"rect","x":651,"y":287,"width":32,"height":16},"region_attributes":{"Type":"1","count":"7"}},{"shape_attributes":{"name":"rect","x":583,"y":288,"width":26,"height":27},"region_attributes":{"Type":"1","count":"7"}},{"shape_attributes":{"name":"rect","x":569,"y":274,"width":45,"height":52},"region_attributes":{"Type":"2","count":"3"}},{"shape_attributes":{"name":"rect","x":583,"y":338,"width":30,"height":39},"region_attributes":{"Type":"1","count":"3"}},{"shape_attributes":{"name":"rect","x":629,"y":322,"width":10,"height":12},"region_attributes":{"Type":"2","count":"4"}},{"shape_attributes":{"name":"rect","x":628,"y":332,"width":55,"height":31},"region_attributes":{"Type":"1","count":"32"}},{"shape_attributes":{"name":"rect","x":628,"y":370,"width":42,"height":22},"region_attributes":{"Type":"2","count":"8"}},{"shape_attributes":{"name":"rect","x":612,"y":389,"width":12,"height":20},"region_attributes":{"Type":"3","count":"1"}},{"shape_attributes":{"name":"rect","x":635,"y":411,"width":44,"height":15},"region_attributes":{"Type":"1","count":"4"}},{"shape_attributes":{"name":"rect","x":615,"y":428,"width":46,"height":10},"region_attributes":{"Type":"3","count":"1"}},{"shape_attributes":{"name":"rect","x":666,"y":453,"width":16,"height":23},"region_attributes":{"Type":"1","count":"2"}}],"file_attributes":{"date":"","temp":"","rain":"2","neighborhood":"East Village South","total_count":""}},"https://drive.google.com/uc?export=view&id=1HBGN6jb_1H3tC2eBYnHRbO_WjGBiL9Zu\n":{"filename":"https://drive.google.com/uc?export=view&id=1HBGN6jb_1H3tC2eBYnHRbO_WjGBiL9Zu\n","size":-1,"regions":[{"shape_attributes":{"name":"rect","x":113,"y":164,"width":61,"height":32},"region_attributes":{"Type":"1","count":"2"}},{"shape_attributes":{"name":"rect","x":123,"y":214,"width":75,"height":11},"region_attributes":{"Type":"2","count":"3"}},{"shape_attributes":{"name":"rect","x":106,"y":237,"width":59,"height":107},"region_attributes":{"Type":"1","count":"8"}},{"shape_attributes":{"name":"rect","x":170,"y":242,"width":62,"height":23},"region_attributes":{"Type":"1","count":"2"}},{"shape_attributes":{"name":"rect","x":234,"y":473,"width":23,"height":19},"region_attributes":{"Type":"1","count":"2"}},{"shape_attributes":{"name":"rect","x":305,"y":155,"width":124,"height":109},"region_attributes":{"Type":"1","count":"8"}},{"shape_attributes":{"name":"rect","x":352,"y":275,"width":34,"height":17},"region_attributes":{"Type":"1","count":"34"}},{"shape_attributes":{"name":"rect","x":349,"y":289,"width":41,"height":10},"region_attributes":{"Type":"2","count":"7"}},{"shape_attributes":{"name":"rect","x":405,"y":273,"width":13,"height":17},"region_attributes":{"Type":"1","count":"2"}},{"shape_attributes":{"name":"rect","x":347,"y":311,"width":23,"height":20},"region_attributes":{"Type":"1","count":"3"}},{"shape_attributes":{"name":"rect","x":288,"y":346,"width":22,"height":13},"region_attributes":{"Type":"1","count":"1"}},{"shape_attributes":{"name":"rect","x":318,"y":389,"width":14,"height":15},"region_attributes":{"Type":"1","count":"1"}},{"shape_attributes":{"name":"rect","x":313,"y":443,"width":25,"height":19},"region_attributes":{"Type":"2","count":"2"}},{"shape_attributes":{"name":"rect","x":382,"y":345,"width":27,"height":77},"region_attributes":{"Type":"1","count":"8"}},{"shape_attributes":{"name":"rect","x":409,"y":322,"width":58,"height":21},"region_attributes":{"Type":"2","count":"3"}},{"shape_attributes":{"name":"rect","x":448,"y":197,"width":10,"height":11},"region_attributes":{"Type":"2","count":"2"}},{"shape_attributes":{"name":"rect","x":458,"y":187,"width":15,"height":21},"region_attributes":{"Type":"1","count":"5"}},{"shape_attributes":{"name":"rect","x":492,"y":215,"width":13,"height":15},"region_attributes":{"Type":"1","count":"3"}},{"shape_attributes":{"name":"rect","x":494,"y":282,"width":13,"height":16},"region_attributes":{"Type":"2","count":"2"}},{"shape_attributes":{"name":"rect","x":487,"y":300,"width":17,"height":18},"region_attributes":{"Type":"1","count":"1"}},{"shape_attributes":{"name":"rect","x":475,"y":328,"width":9,"height":43},"region_attributes":{"Type":"1","count":"4"}},{"shape_attributes":{"name":"rect","x":463,"y":350,"width":28,"height":11},"region_attributes":{"Type":"2","count":"4"}},{"shape_attributes":{"name":"rect","x":430,"y":377,"width":15,"height":11},"region_attributes":{"Type":"1","count":"2"}},{"shape_attributes":{"name":"rect","x":479,"y":393,"width":16,"height":16},"region_attributes":{"Type":"3","count":"1"}},{"shape_attributes":{"name":"rect","x":468,"y":395,"width":18,"height":18},"region_attributes":{"Type":"2","count":"6"}},{"shape_attributes":{"name":"rect","x":449,"y":412,"width":33,"height":21},"region_attributes":{"Type":"1","count":"6"}},{"shape_attributes":{"name":"rect","x":379,"y":436,"width":45,"height":36},"region_attributes":{"Type":"1","count":"7"}},{"shape_attributes":{"name":"rect","x":450,"y":437,"width":10,"height":11},"region_attributes":{"Type":"1","count":"3"}},{"shape_attributes":{"name":"rect","x":477,"y":445,"width":9,"height":11},"region_attributes":{"Type":"3","count":"1"}},{"shape_attributes":{"name":"rect","x":477,"y":457,"width":6,"height":9},"region_attributes":{"Type":"1","count":"1"}},{"shape_attributes":{"name":"rect","x":459,"y":454,"width":8,"height":7},"region_attributes":{"Type":"2","count":"12"}},{"shape_attributes":{"name":"rect","x":452,"y":469,"width":8,"height":8},"region_attributes":{"Type":"1","count":"11"}},{"shape_attributes":{"name":"rect","x":442,"y":474,"width":34,"height":22},"region_attributes":{"Type":"2","count":"14"}},{"shape_attributes":{"name":"rect","x":509,"y":438,"width":59,"height":27},"region_attributes":{"Type":"1","count":"26"}},{"shape_attributes":{"name":"rect","x":492,"y":441,"width":15,"height":16},"region_attributes":{"Type":"2","count":"3"}},{"shape_attributes":{"name":"rect","x":491,"y":461,"width":24,"height":24},"region_attributes":{"Type":"1","count":"11"}},{"shape_attributes":{"name":"rect","x":510,"y":489,"width":87,"height":13},"region_attributes":{"Type":"3","count":"2"}},{"shape_attributes":{"name":"rect","x":534,"y":193,"width":10,"height":11},"region_attributes":{"Type":"1","count":"1"}},{"shape_attributes":{"name":"rect","x":554,"y":172,"width":18,"height":26},"region_attributes":{"Type":"3","count":"2"}},{"shape_attributes":{"name":"rect","x":609,"y":165,"width":9,"height":13},"region_attributes":{"Type":"3","count":"1"}},{"shape_attributes":{"name":"rect","x":576,"y":155,"width":38,"height":54},"region_attributes":{"Type":"1","count":"15"}},{"shape_attributes":{"name":"rect","x":563,"y":141,"width":41,"height":50},"region_attributes":{"Type":"2","count":"16"}},{"shape_attributes":{"name":"rect","x":633,"y":144,"width":46,"height":33},"region_attributes":{"Type":"2","count":"4"}},{"shape_attributes":{"name":"rect","x":660,"y":189,"width":12,"height":5},"region_attributes":{"Type":"3","count":"1"}},{"shape_attributes":{"name":"rect","x":639,"y":194,"width":12,"height":14},"region_attributes":{"Type":"2","count":"4"}},{"shape_attributes":{"name":"rect","x":627,"y":180,"width":20,"height":23},"region_attributes":{"Type":"1","count":"2"}},{"shape_attributes":{"name":"rect","x":622,"y":214,"width":39,"height":49},"region_attributes":{"Type":"2","count":"14"}},{"shape_attributes":{"name":"rect","x":610,"y":222,"width":28,"height":29},"region_attributes":{"Type":"1","count":"6"}},{"shape_attributes":{"name":"rect","x":666,"y":271,"width":17,"height":29},"region_attributes":{"Type":"2","count":"11"}},{"shape_attributes":{"name":"rect","x":664,"y":304,"width":6,"height":13},"region_attributes":{"Type":"3","count":"1"}},{"shape_attributes":{"name":"rect","x":652,"y":274,"width":4,"height":37},"region_attributes":{"Type":"1","count":"3"}},{"shape_attributes":{"name":"rect","x":632,"y":272,"width":11,"height":15},"region_attributes":{"Type":"2","count":"2"}},{"shape_attributes":{"name":"rect","x":628,"y":298,"width":13,"height":10},"region_attributes":{"Type":"1","count":"1"}},{"shape_attributes":{"name":"rect","x":615,"y":284,"width":13,"height":14},"region_attributes":{"Type":"3","count":"1"}},{"shape_attributes":{"name":"rect","x":576,"y":274,"width":8,"height":47},"region_attributes":{"Type":"1","count":"2"}},{"shape_attributes":{"name":"rect","x":590,"y":270,"width":32,"height":50},"region_attributes":{"Type":"2","count":"13"}},{"shape_attributes":{"name":"rect","x":587,"y":253,"width":26,"height":46},"region_attributes":{"Type":"1","count":"7"}},{"shape_attributes":{"name":"rect","x":545,"y":331,"width":85,"height":18},"region_attributes":{"Type":"1","count":"9"}},{"shape_attributes":{"name":"rect","x":651,"y":332,"width":29,"height":27},"region_attributes":{"Type":"1","count":"8"}},{"shape_attributes":{"name":"rect","x":633,"y":325,"width":14,"height":21},"region_attributes":{"Type":"2","count":"6"}},{"shape_attributes":{"name":"rect","x":595,"y":355,"width":24,"height":21},"region_attributes":{"Type":"1","count":"12"}},{"shape_attributes":{"name":"rect","x":627,"y":363,"width":56,"height":15},"region_attributes":{"Type":"2","count":"6"}},{"shape_attributes":{"name":"rect","x":627,"y":384,"width":31,"height":10},"region_attributes":{"Type":"1","count":"7"}},{"shape_attributes":{"name":"rect","x":620,"y":396,"width":29,"height":11},"region_attributes":{"Type":"2","count":"5"}},{"shape_attributes":{"name":"rect","x":632,"y":414,"width":34,"height":19},"region_attributes":{"Type":"1","count":"8"}},{"shape_attributes":{"name":"rect","x":623,"y":441,"width":18,"height":9},"region_attributes":{"Type":"3","count":"1"}},{"shape_attributes":{"name":"rect","x":601,"y":461,"width":49,"height":32},"region_attributes":{"Type":"1","count":"3"}},{"shape_attributes":{"name":"rect","x":675,"y":440,"width":13,"height":16},"region_attributes":{"Type":"2","count":"5"}},{"shape_attributes":{"name":"rect","x":654,"y":445,"width":17,"height":42},"region_attributes":{"Type":"3","count":"3"}}],"file_attributes":{"date":"","temp":"","rain":"2","neighborhood":"East Village South","total_count":""}},"https://drive.google.com/uc?export=view&id=1Q6FrnqKT2ILGjcnYnNtozfDL9jgy2Iww\n":{"filename":"https://drive.google.com/uc?export=view&id=1Q6FrnqKT2ILGjcnYnNtozfDL9jgy2Iww\n","size":-1,"regions":[{"shape_attributes":{"name":"rect","x":113,"y":314,"width":32,"height":58},"region_attributes":{"Type":"1","count":"3"}},{"shape_attributes":{"name":"rect","x":155,"y":187,"width":17,"height":45},"region_attributes":{"Type":"1","count":"2"}},{"shape_attributes":{"name":"rect","x":179,"y":212,"width":17,"height":23},"region_attributes":{"Type":"2","count":"2"}},{"shape_attributes":{"name":"rect","x":221,"y":167,"width":164,"height":30},"region_attributes":{"Type":"1","count":"8"}},{"shape_attributes":{"name":"rect","x":281,"y":273,"width":15,"height":24},"region_attributes":{"Type":"1","count":"1"}},{"shape_attributes":{"name":"rect","x":228,"y":470,"width":18,"height":23},"region_attributes":{"Type":"1","count":"1"}},{"shape_attributes":{"name":"rect","x":277,"y":441,"width":11,"height":15},"region_attributes":{"Type":"1","count":"2"}},{"shape_attributes":{"name":"rect","x":331,"y":445,"width":20,"height":23},"region_attributes":{"Type":"2","count":"2"}},{"shape_attributes":{"name":"rect","x":352,"y":268,"width":11,"height":14},"region_attributes":{"Type":"1","count":"2"}},{"shape_attributes":{"name":"rect","x":400,"y":247,"width":22,"height":53},"region_attributes":{"Type":"1","count":"1"}},{"shape_attributes":{"name":"rect","x":354,"y":279,"width":26,"height":10},"region_attributes":{"Type":"2","count":"13"}},{"shape_attributes":{"name":"rect","x":349,"y":296,"width":24,"height":38},"region_attributes":{"Type":"1","count":"49"}},{"shape_attributes":{"name":"rect","x":453,"y":156,"width":36,"height":58},"region_attributes":{"Type":"1","count":"14"}},{"shape_attributes":{"name":"rect","x":464,"y":198,"width":15,"height":26},"region_attributes":{"Type":"2","count":"3"}},{"shape_attributes":{"name":"rect","x":495,"y":216,"width":12,"height":12},"region_attributes":{"Type":"1","count":"1"}},{"shape_attributes":{"name":"rect","x":489,"y":297,"width":10,"height":12},"region_attributes":{"Type":"1","count":"1"}},{"shape_attributes":{"name":"rect","x":495,"y":309,"width":24,"height":16},"region_attributes":{"Type":"2","count":"1"}},{"shape_attributes":{"name":"rect","x":545,"y":307,"width":20,"height":29},"region_attributes":{"Type":"1","count":"1"}},{"shape_attributes":{"name":"rect","x":486,"y":359,"width":10,"height":59},"region_attributes":{"Type":"3","count":"2"}},{"shape_attributes":{"name":"rect","x":468,"y":330,"width":18,"height":36},"region_attributes":{"Type":"1","count":"14"}},{"shape_attributes":{"name":"rect","x":466,"y":380,"width":16,"height":16},"region_attributes":{"Type":"2","count":"19"}},{"shape_attributes":{"name":"rect","x":423,"y":320,"width":15,"height":14},"region_attributes":{"Type":"3","count":"1"}},{"shape_attributes":{"name":"rect","x":402,"y":318,"width":64,"height":33},"region_attributes":{"Type":"3","count":"29"}},{"shape_attributes":{"name":"rect","x":426,"y":327,"width":16,"height":32},"region_attributes":{"Type":"1","count":"16"}},{"shape_attributes":{"name":"rect","x":390,"y":365,"width":21,"height":19},"region_attributes":{"Type":"1","count":"4"}},{"shape_attributes":{"name":"rect","x":392,"y":391,"width":17,"height":8},"region_attributes":{"Type":"2","count":"1"}},{"shape_attributes":{"name":"rect","x":386,"y":408,"width":17,"height":11},"region_attributes":{"Type":"1","count":"3"}},{"shape_attributes":{"name":"rect","x":397,"y":417,"width":12,"height":22},"region_attributes":{"Type":"2","count":"4"}},{"shape_attributes":{"name":"rect","x":409,"y":446,"width":15,"height":16},"region_attributes":{"Type":"1","count":"9"}},{"shape_attributes":{"name":"rect","x":514,"y":487,"width":28,"height":17},"region_attributes":{"Type":"3","count":"2"}},{"shape_attributes":{"name":"rect","x":492,"y":446,"width":10,"height":12},"region_attributes":{"Type":"2","count":"4"}},{"shape_attributes":{"name":"rect","x":494,"y":447,"width":20,"height":25},"region_attributes":{"Type":"1","count":"7"}},{"shape_attributes":{"name":"rect","x":456,"y":451,"width":10,"height":12},"region_attributes":{"Type":"2","count":"17"}},{"shape_attributes":{"name":"rect","x":457,"y":454,"width":37,"height":20},"region_attributes":{"Type":"1","count":"12"}},{"shape_attributes":{"name":"rect","x":441,"y":471,"width":34,"height":15},"region_attributes":{"Type":"2","count":"17"}},{"shape_attributes":{"name":"rect","x":440,"y":483,"width":18,"height":11},"region_attributes":{"Type":"1","count":"9"}},{"shape_attributes":{"name":"rect","x":555,"y":451,"width":59,"height":44},"region_attributes":{"Type":"1","count":"14"}},{"shape_attributes":{"name":"rect","x":408,"y":326,"width":55,"height":24},"region_attributes":{"Type":"2","count":"29"}},{"shape_attributes":{"name":"rect","x":551,"y":161,"width":64,"height":50},"region_attributes":{"Type":"2","count":"15"}},{"shape_attributes":{"name":"rect","x":566,"y":147,"width":27,"height":45},"region_attributes":{"Type":"1","count":"6"}},{"shape_attributes":{"name":"rect","x":637,"y":160,"width":7,"height":12},"region_attributes":{"Type":"1","count":"1"}},{"shape_attributes":{"name":"rect","x":621,"y":161,"width":38,"height":45},"region_attributes":{"Type":"2","count":"4"}},{"shape_attributes":{"name":"rect","x":631,"y":208,"width":30,"height":8},"region_attributes":{"Type":"3","count":"2"}},{"shape_attributes":{"name":"rect","x":671,"y":192,"width":26,"height":20},"region_attributes":{"Type":"1","count":"2"}},{"shape_attributes":{"name":"rect","x":628,"y":222,"width":32,"height":40},"region_attributes":{"Type":"2","count":"14"}},{"shape_attributes":{"name":"rect","x":600,"y":243,"width":14,"height":12},"region_attributes":{"Type":"1","count":"1"}},{"shape_attributes":{"name":"rect","x":630,"y":257,"width":25,"height":12},"region_attributes":{"Type":"3","count":"1"}},{"shape_attributes":{"name":"rect","x":599,"y":274,"width":30,"height":15},"region_attributes":{"Type":"1","count":"2"}},{"shape_attributes":{"name":"rect","x":607,"y":272,"width":42,"height":26},"region_attributes":{"Type":"2","count":"5"}},{"shape_attributes":{"name":"rect","x":665,"y":279,"width":21,"height":21},"region_attributes":{"Type":"2","count":"5"}},{"shape_attributes":{"name":"rect","x":584,"y":308,"width":10,"height":12},"region_attributes":{"Type":"2","count":"3"}},{"shape_attributes":{"name":"rect","x":600,"y":306,"width":53,"height":14},"region_attributes":{"Type":"1","count":"12"}},{"shape_attributes":{"name":"rect","x":628,"y":309,"width":39,"height":17},"region_attributes":{"Type":"3","count":"3"}},{"shape_attributes":{"name":"rect","x":628,"y":335,"width":12,"height":11},"region_attributes":{"Type":"2","count":"18"}},{"shape_attributes":{"name":"rect","x":636,"y":321,"width":25,"height":21},"region_attributes":{"Type":"1","count":"11"}},{"shape_attributes":{"name":"rect","x":667,"y":337,"width":19,"height":17},"region_attributes":{"Type":"2","count":"3"}},{"shape_attributes":{"name":"rect","x":672,"y":359,"width":14,"height":10},"region_attributes":{"Type":"1","count":"2"}},{"shape_attributes":{"name":"rect","x":609,"y":353,"width":7,"height":31},"region_attributes":{"Type":"3","count":"2"}},{"shape_attributes":{"name":"rect","x":590,"y":352,"width":24,"height":51},"region_attributes":{"Type":"1","count":"4"}},{"shape_attributes":{"name":"rect","x":612,"y":341,"width":25,"height":24},"region_attributes":{"Type":"1","count":"2"}},{"shape_attributes":{"name":"rect","x":625,"y":369,"width":36,"height":10},"region_attributes":{"Type":"2","count":"25"}},{"shape_attributes":{"name":"rect","x":633,"y":379,"width":36,"height":24},"region_attributes":{"Type":"1","count":"8"}},{"shape_attributes":{"name":"rect","x":630,"y":423,"width":7,"height":11},"region_attributes":{"Type":"1","count":"5"}},{"shape_attributes":{"name":"rect","x":651,"y":401,"width":19,"height":29},"region_attributes":{"Type":"2","count":"4"}},{"shape_attributes":{"name":"rect","x":624,"y":434,"width":60,"height":18},"region_attributes":{"Type":"1","count":"3"}},{"shape_attributes":{"name":"rect","x":669,"y":461,"width":15,"height":12},"region_attributes":{"Type":"2","count":"3"}},{"shape_attributes":{"name":"rect","x":637,"y":471,"width":32,"height":29},"region_attributes":{"Type":"3","count":"3"}}],"file_attributes":{"date":"","temp":"","rain":"2","neighborhood":"East Village South","total_count":""}}},"_via_attributes":{"region":{"Type":{"type":"dropdown","description":"","options":{"1":"Individual","2":"Structure","3":"Vehicle"},"default_options":{}},"count":{"type":"text","description":"","default_value":""}},"file":{"date":{"type":"text","description":"","default_value":""},"temp":{"type":"text","description":"","default_value":""},"rain":{"type":"dropdown","description":"","options":{"1":"rain","2":"clear"},"default_options":{"2":true}},"neighborhood":{"type":"text","description":"","default_value":"East Village South"},"total_count":{"type":"text","description":"","default_value":""}}},"_via_data_format_version":"2.0.10","_via_image_id_list":["https://drive.google.com/uc?export=view&id=17t2YDy4VwYw35yfGHiDyXSFhRt9ln7z4\n","https://drive.google.com/uc?export=view&id=1MG2VAO_3135Qm4lteKZJeBlmXrbfAPrJ\n","https://drive.google.com/uc?export=view&id=13VnDPxFccuyacazTWbUVlSEGj4hBi1JQ\n","https://drive.google.com/uc?export=view&id=1BcQDPzWGhFnWJHcc0ZtsY7WZGBfRu8w-\n","https://drive.google.com/uc?export=view&id=1dHge2A2RJaA3FH2wyDLrtgDr5PS5Ns5_\n","https://drive.google.com/uc?export=view&id=1WXVznBYZmcfHR88fmY9WGDJPyJgBmBIj\n","https://drive.google.com/uc?export=view&id=1s64grHT85OJZblAugXjzHdwg-MlDmPmi\n","https://drive.google.com/uc?export=view&id=1DJM-aYOV6fayWjWJrUhnV3SBGYlY7WVY\n","https://drive.google.com/uc?export=view&id=1Q_al-1u42wkGFVsZtnWS2l0Ol7QjR3zb\n","https://drive.google.com/uc?export=view&id=1DkAPadlZe5TuiCLbquZdwWg_ZoWoeKyh\n","https://drive.google.com/uc?export=view&id=1HBGN6jb_1H3tC2eBYnHRbO_WjGBiL9Zu\n","https://drive.google.com/uc?export=view&id=1Q6FrnqKT2ILGjcnYnNtozfDL9jgy2Iww\n"]}