{"_via_settings":{"ui":{"annotation_editor_height":20,"annotation_editor_fontsize":0.9,"leftsidebar_width":18,"image_grid":{"img_height":80,"rshape_fill":"none","rshape_fill_opacity":0.3,"rshape_stroke":"yellow","rshape_stroke_width":2,"show_region_shape":true,"show_image_policy":"all"},"image":{"region_label":"__via_region_id__","region_color":"__via_default_region_color__","region_label_font":"10px Sans","on_image_annotation_editor_placement":"DISABLE"}},"core":{"buffer_size":18,"filepath":{},"default_filepath":""},"project":{"name":"East Village_2020_count"}},"_via_img_metadata":{"https://drive.google.com/uc?export=view&id=18q86Dlz0PDofx2_r8Fh3UN7yE5cWGZd-\n":{"filename":"https://drive.google.com/uc?export=view&id=18q86Dlz0PDofx2_r8Fh3UN7yE5cWGZd-\n","size":-1,"regions":[{"shape_attributes":{"name":"circle","cx":129,"cy":304,"r":11},"region_attributes":{"Type":"1","count":"9"}},{"shape_attributes":{"name":"circle","cx":154,"cy":290,"r":11},"region_attributes":{"Type":"2","count":"2"}},{"shape_attributes":{"name":"circle","cx":155,"cy":306,"r":11},"region_attributes":{"Type":"1","count":"9"}},{"shape_attributes":{"name":"circle","cx":172,"cy":326,"r":11},"region_attributes":{"Type":"2","count":"1"}},{"shape_attributes":{"name":"circle","cx":205,"cy":285,"r":11.353},"region_attributes":{"Type":"1","count":"6"}},{"shape_attributes":{"name":"circle","cx":206,"cy":300,"r":12.824},"region_attributes":{"Type":"2","count":"1"}},{"shape_attributes":{"name":"circle","cx":205,"cy":320,"r":9.068},"region_attributes":{"Type":"1","count":"4"}},{"shape_attributes":{"name":"circle","cx":229,"cy":293,"r":11},"region_attributes":{"Type":"1","count":"10"}},{"shape_attributes":{"name":"circle","cx":223,"cy":326,"r":11},"region_attributes":{"Type":"2","count":"2"}},{"shape_attributes":{"name":"circle","cx":331,"cy":326,"r":11},"region_attributes":{"Type":"1","count":"1"}},{"shape_attributes":{"name":"circle","cx":357,"cy":295,"r":11},"region_attributes":{"Type":"2","count":"2"}},{"shape_attributes":{"name":"circle","cx":206,"cy":354,"r":11},"region_attributes":{"Type":"1","count":"2"}},{"shape_attributes":{"name":"circle","cx":223,"cy":351,"r":11},"region_attributes":{"Type":"2","count":"1"}},{"shape_attributes":{"name":"circle","cx":207,"cy":380,"r":11},"region_attributes":{"Type":"1","count":"5"}},{"shape_attributes":{"name":"circle","cx":221,"cy":395,"r":11},"region_attributes":{"Type":"1","count":"1"}},{"shape_attributes":{"name":"circle","cx":269,"cy":354,"r":11},"region_attributes":{"Type":"2","count":"1"}},{"shape_attributes":{"name":"circle","cx":282,"cy":371,"r":11},"region_attributes":{"Type":"2","count":"1"}},{"shape_attributes":{"name":"circle","cx":257,"cy":392,"r":11},"region_attributes":{"Type":"1","count":"1"}},{"shape_attributes":{"name":"circle","cx":278,"cy":392,"r":11},"region_attributes":{"Type":"1","count":"2"}},{"shape_attributes":{"name":"circle","cx":315,"cy":353,"r":11},"region_attributes":{"Type":"1","count":"1"}},{"shape_attributes":{"name":"circle","cx":305,"cy":381,"r":11},"region_attributes":{"Type":"1","count":"2"}},{"shape_attributes":{"name":"circle","cx":381,"cy":394,"r":11},"region_attributes":{"Type":"1","count":"1"}},{"shape_attributes":{"name":"circle","cx":129,"cy":444,"r":11},"region_attributes":{"Type":"1","count":"1"}},{"shape_attributes":{"name":"circle","cx":261,"cy":425,"r":11},"region_attributes":{"Type":"1","count":"1"}},{"shape_attributes":{"name":"circle","cx":275,"cy":423,"r":11},"region_attributes":{"Type":"2","count":"2"}},{"shape_attributes":{"name":"circle","cx":256,"cy":448,"r":11},"region_attributes":{"Type":"2","count":"1"}},{"shape_attributes":{"name":"circle","cx":259,"cy":465,"r":11},"region_attributes":{"Type":"1","count":"5"}},{"shape_attributes":{"name":"circle","cx":406,"cy":225,"r":11},"region_attributes":{"Type":"2","count":"2"}},{"shape_attributes":{"name":"circle","cx":408,"cy":247,"r":11},"region_attributes":{"Type":"1","count":"3"}},{"shape_attributes":{"name":"circle","cx":430,"cy":302,"r":11},"region_attributes":{"Type":"1","count":"3"}},{"shape_attributes":{"name":"circle","cx":408,"cy":396,"r":11},"region_attributes":{"Type":"1","count":"3"}},{"shape_attributes":{"name":"circle","cx":425,"cy":397,"r":11},"region_attributes":{"Type":"2","count":"1"}},{"shape_attributes":{"name":"circle","cx":409,"cy":444,"r":8.138},"region_attributes":{"Type":"1","count":"2"}},{"shape_attributes":{"name":"circle","cx":421,"cy":466,"r":11},"region_attributes":{"Type":"1","count":"1"}},{"shape_attributes":{"name":"circle","cx":456,"cy":359,"r":11},"region_attributes":{"Type":"2","count":"1"}},{"shape_attributes":{"name":"circle","cx":459,"cy":380,"r":11},"region_attributes":{"Type":"1","count":"7"}},{"shape_attributes":{"name":"circle","cx":483,"cy":379,"r":11},"region_attributes":{"Type":"1","count":"1"}},{"shape_attributes":{"name":"circle","cx":471,"cy":400,"r":11},"region_attributes":{"Type":"1","count":"6"}},{"shape_attributes":{"name":"circle","cx":539,"cy":326,"r":11},"region_attributes":{"Type":"1","count":"1"}},{"shape_attributes":{"name":"circle","cx":559,"cy":382,"r":11},"region_attributes":{"Type":"2","count":"1"}},{"shape_attributes":{"name":"circle","cx":545,"cy":396,"r":11},"region_attributes":{"Type":"1","count":"2"}},{"shape_attributes":{"name":"circle","cx":592,"cy":228,"r":11},"region_attributes":{"Type":"1","count":"4"}},{"shape_attributes":{"name":"circle","cx":606,"cy":254,"r":11},"region_attributes":{"Type":"2","count":"1"}},{"shape_attributes":{"name":"circle","cx":605,"cy":324,"r":11},"region_attributes":{"Type":"1","count":"1"}},{"shape_attributes":{"name":"circle","cx":593,"cy":391,"r":11},"region_attributes":{"Type":"2","count":"3"}},{"shape_attributes":{"name":"circle","cx":595,"cy":445,"r":11},"region_attributes":{"Type":"1","count":"5"}},{"shape_attributes":{"name":"circle","cx":608,"cy":470,"r":11},"region_attributes":{"Type":"1","count":"2"}},{"shape_attributes":{"name":"circle","cx":684,"cy":165,"r":11},"region_attributes":{"Type":"3","count":"3"}},{"shape_attributes":{"name":"circle","cx":659,"cy":324,"r":11},"region_attributes":{"Type":"1","count":"1"}},{"shape_attributes":{"name":"circle","cx":671,"cy":378,"r":11},"region_attributes":{"Type":"1","count":"1"}},{"shape_attributes":{"name":"circle","cx":644,"cy":396,"r":11},"region_attributes":{"Type":"1","count":"1"}}],"file_attributes":{"date":"","temp":"48","rain":"2","neighborhood":"East Village","total_count":""}},"https://drive.google.com/uc?export=view&id=1qKUg90iPjMaS8gfRQrBiXIfKq7RAbGkV\n":{"filename":"https://drive.google.com/uc?export=view&id=1qKUg90iPjMaS8gfRQrBiXIfKq7RAbGkV\n","size":-1,"regions":[{"shape_attributes":{"name":"circle","cx":93,"cy":290,"r":11},"region_attributes":{"Type":"1","count":"1"}},{"shape_attributes":{"name":"circle","cx":91,"cy":314,"r":8.769},"region_attributes":{"Type":"2","count":"2"}},{"shape_attributes":{"name":"circle","cx":118,"cy":302,"r":11},"region_attributes":{"Type":"1","count":"2"}},{"shape_attributes":{"name":"circle","cx":143,"cy":284,"r":11},"region_attributes":{"Type":"2","count":"1"}},{"shape_attributes":{"name":"circle","cx":147,"cy":302,"r":11},"region_attributes":{"Type":"1","count":"23"}},{"shape_attributes":{"name":"circle","cx":154,"cy":324,"r":11},"region_attributes":{"Type":"1","count":"1"}},{"shape_attributes":{"name":"circle","cx":169,"cy":285,"r":11},"region_attributes":{"Type":"1","count":"5"}},{"shape_attributes":{"name":"circle","cx":170,"cy":312,"r":10.414},"region_attributes":{"Type":"2","count":"2"}},{"shape_attributes":{"name":"circle","cx":194,"cy":298,"r":10},"region_attributes":{"Type":"1","count":"8"}},{"shape_attributes":{"name":"circle","cx":220,"cy":293,"r":10.414},"region_attributes":{"Type":"2","count":"2"}},{"shape_attributes":{"name":"circle","cx":219,"cy":320,"r":10.414},"region_attributes":{"Type":"1","count":"4"}},{"shape_attributes":{"name":"circle","cx":318,"cy":295,"r":10.414},"region_attributes":{"Type":"1","count":"1"}},{"shape_attributes":{"name":"circle","cx":161,"cy":352,"r":12},"region_attributes":{"Type":"2","count":"2"}},{"shape_attributes":{"name":"circle","cx":196,"cy":376,"r":12},"region_attributes":{"Type":"1","count":"3"}},{"shape_attributes":{"name":"circle","cx":208,"cy":354,"r":12},"region_attributes":{"Type":"1","count":"1"}},{"shape_attributes":{"name":"circle","cx":115,"cy":439,"r":12},"region_attributes":{"Type":"1","count":"1"}},{"shape_attributes":{"name":"circle","cx":154,"cy":465,"r":12},"region_attributes":{"Type":"1","count":"2"}},{"shape_attributes":{"name":"circle","cx":194,"cy":437,"r":12},"region_attributes":{"Type":"2","count":"3"}},{"shape_attributes":{"name":"circle","cx":195,"cy":463,"r":12},"region_attributes":{"Type":"1","count":"1"}},{"shape_attributes":{"name":"circle","cx":246,"cy":422,"r":12},"region_attributes":{"Type":"1","count":"3"}},{"shape_attributes":{"name":"circle","cx":265,"cy":424,"r":12},"region_attributes":{"Type":"2","count":"3"}},{"shape_attributes":{"name":"circle","cx":246,"cy":442,"r":12},"region_attributes":{"Type":"2","count":"3"}},{"shape_attributes":{"name":"circle","cx":246,"cy":460,"r":12},"region_attributes":{"Type":"1","count":"2"}},{"shape_attributes":{"name":"circle","cx":271,"cy":434,"r":12},"region_attributes":{"Type":"1","count":"1"}},{"shape_attributes":{"name":"circle","cx":270,"cy":459,"r":12},"region_attributes":{"Type":"2","count":"1"}},{"shape_attributes":{"name":"circle","cx":398,"cy":156,"r":12},"region_attributes":{"Type":"1","count":"1"}},{"shape_attributes":{"name":"circle","cx":420,"cy":154,"r":12},"region_attributes":{"Type":"1","count":"1"}},{"shape_attributes":{"name":"circle","cx":450,"cy":169,"r":12},"region_attributes":{"Type":"1","count":"1"}},{"shape_attributes":{"name":"circle","cx":399,"cy":233,"r":12},"region_attributes":{"Type":"1","count":"5"}},{"shape_attributes":{"name":"circle","cx":419,"cy":360,"r":12},"region_attributes":{"Type":"2","count":"2"}},{"shape_attributes":{"name":"circle","cx":420,"cy":389,"r":12},"region_attributes":{"Type":"1","count":"5"}},{"shape_attributes":{"name":"circle","cx":456,"cy":389,"r":12},"region_attributes":{"Type":"1","count":"12"}},{"shape_attributes":{"name":"circle","cx":447,"cy":454,"r":12},"region_attributes":{"Type":"1","count":"3"}},{"shape_attributes":{"name":"circle","cx":556,"cy":219,"r":12},"region_attributes":{"Type":"1","count":"1"}},{"shape_attributes":{"name":"circle","cx":607,"cy":223,"r":12},"region_attributes":{"Type":"1","count":"7"}},{"shape_attributes":{"name":"circle","cx":636,"cy":298,"r":12},"region_attributes":{"Type":"1","count":"2"}},{"shape_attributes":{"name":"circle","cx":660,"cy":367,"r":12},"region_attributes":{"Type":"1","count":"1"}},{"shape_attributes":{"name":"circle","cx":644,"cy":426,"r":12},"region_attributes":{"Type":"1","count":"1"}},{"shape_attributes":{"name":"circle","cx":678,"cy":157,"r":12},"region_attributes":{"Type":"3","count":"1"}},{"shape_attributes":{"name":"circle","cx":678,"cy":177,"r":12},"region_attributes":{"Type":"1","count":"1"}}],"file_attributes":{"date":"2020-02-26","temp":"55","rain":"2","neighborhood":"East Village","total_count":""}},"https://drive.google.com/uc?export=view&id=1S27xheT7IzTCnVEMMkQhDQuhQ2y4qJGs\n":{"filename":"https://drive.google.com/uc?export=view&id=1S27xheT7IzTCnVEMMkQhDQuhQ2y4qJGs\n","size":-1,"regions":[{"shape_attributes":{"name":"circle","cx":166,"cy":300,"r":10},"region_attributes":{"Type":"2","count":"1"}},{"shape_attributes":{"name":"circle","cx":217,"cy":288,"r":10},"region_attributes":{"Type":"2","count":"4"}},{"shape_attributes":{"name":"circle","cx":218,"cy":310,"r":10},"region_attributes":{"Type":"1","count":"2"}},{"shape_attributes":{"name":"circle","cx":241,"cy":308,"r":10},"region_attributes":{"Type":"2","count":"1"}},{"shape_attributes":{"name":"circle","cx":276,"cy":282,"r":10},"region_attributes":{"Type":"1","count":"1"}},{"shape_attributes":{"name":"circle","cx":382,"cy":278,"r":10},"region_attributes":{"Type":"2","count":"1"}},{"shape_attributes":{"name":"circle","cx":142,"cy":377,"r":10},"region_attributes":{"Type":"1","count":"1"}},{"shape_attributes":{"name":"circle","cx":189,"cy":356,"r":10},"region_attributes":{"Type":"1","count":"1"}},{"shape_attributes":{"name":"circle","cx":218,"cy":369,"r":10},"region_attributes":{"Type":"1","count":"2"}},{"shape_attributes":{"name":"circle","cx":279,"cy":391,"r":10},"region_attributes":{"Type":"1","count":"1"}},{"shape_attributes":{"name":"circle","cx":139,"cy":459,"r":10},"region_attributes":{"Type":"1","count":"2"}},{"shape_attributes":{"name":"circle","cx":167,"cy":444,"r":10},"region_attributes":{"Type":"1","count":"1"}},{"shape_attributes":{"name":"circle","cx":282,"cy":423,"r":10},"region_attributes":{"Type":"2","count":"1"}},{"shape_attributes":{"name":"circle","cx":268,"cy":443,"r":10},"region_attributes":{"Type":"2","count":"3"}},{"shape_attributes":{"name":"circle","cx":292,"cy":449,"r":10},"region_attributes":{"Type":"1","count":"3"}},{"shape_attributes":{"name":"circle","cx":470,"cy":142,"r":10},"region_attributes":{"Type":"1","count":"2"}},{"shape_attributes":{"name":"circle","cx":469,"cy":171,"r":8.894},"region_attributes":{"Type":"2","count":"1"}},{"shape_attributes":{"name":"circle","cx":419,"cy":231,"r":10},"region_attributes":{"Type":"1","count":"3"}},{"shape_attributes":{"name":"circle","cx":444,"cy":226,"r":10},"region_attributes":{"Type":"1","count":"1"}},{"shape_attributes":{"name":"circle","cx":444,"cy":373,"r":10},"region_attributes":{"Type":"1","count":"1"}},{"shape_attributes":{"name":"circle","cx":428,"cy":423,"r":12.684},"region_attributes":{"Type":"1","count":"3"}},{"shape_attributes":{"name":"circle","cx":419,"cy":450,"r":10},"region_attributes":{"Type":"1","count":"1"}},{"shape_attributes":{"name":"circle","cx":562,"cy":461,"r":10},"region_attributes":{"Type":"1","count":"7"}},{"shape_attributes":{"name":"circle","cx":524,"cy":444,"r":10},"region_attributes":{"Type":"1","count":"4"}},{"shape_attributes":{"name":"circle","cx":520,"cy":371,"r":10},"region_attributes":{"Type":"2","count":"1"}},{"shape_attributes":{"name":"circle","cx":618,"cy":320,"r":10},"region_attributes":{"Type":"1","count":"1"}},{"shape_attributes":{"name":"circle","cx":628,"cy":371,"r":10},"region_attributes":{"Type":"1","count":"2"}},{"shape_attributes":{"name":"circle","cx":630,"cy":426,"r":10},"region_attributes":{"Type":"1","count":"1"}},{"shape_attributes":{"name":"circle","cx":604,"cy":449,"r":10},"region_attributes":{"Type":"2","count":"1"}},{"shape_attributes":{"name":"circle","cx":622,"cy":466,"r":10},"region_attributes":{"Type":"2","count":"1"}},{"shape_attributes":{"name":"circle","cx":630,"cy":456,"r":10},"region_attributes":{"Type":"1","count":"1"}}],"file_attributes":{"date":"2020-03-26","temp":"55","rain":"2","neighborhood":"East Village","total_count":""}},"https://drive.google.com/uc?export=view&id=14ovzd-93h0WYJKZ0yyo1O14P8N5yzK84\n":{"filename":"https://drive.google.com/uc?export=view&id=14ovzd-93h0WYJKZ0yyo1O14P8N5yzK84\n","size":-1,"regions":[{"shape_attributes":{"name":"circle","cx":96,"cy":303,"r":10},"region_attributes":{"Type":"1","count":"2"}},{"shape_attributes":{"name":"circle","cx":140,"cy":315,"r":10},"region_attributes":{"Type":"1","count":"7"}},{"shape_attributes":{"name":"circle","cx":166,"cy":290,"r":10},"region_attributes":{"Type":"2","count":"1"}},{"shape_attributes":{"name":"circle","cx":165,"cy":306,"r":10},"region_attributes":{"Type":"1","count":"3"}},{"shape_attributes":{"name":"circle","cx":160,"cy":325,"r":10},"region_attributes":{"Type":"2","count":"2"}},{"shape_attributes":{"name":"circle","cx":192,"cy":288,"r":10},"region_attributes":{"Type":"1","count":"3"}},{"shape_attributes":{"name":"circle","cx":239,"cy":317,"r":10},"region_attributes":{"Type":"2","count":"2"}},{"shape_attributes":{"name":"circle","cx":260,"cy":323,"r":10},"region_attributes":{"Type":"2","count":"4"}},{"shape_attributes":{"name":"circle","cx":301,"cy":285,"r":10},"region_attributes":{"Type":"1","count":"1"}},{"shape_attributes":{"name":"circle","cx":363,"cy":303,"r":10},"region_attributes":{"Type":"1","count":"1"}},{"shape_attributes":{"name":"circle","cx":96,"cy":375,"r":10},"region_attributes":{"Type":"1","count":"6"}},{"shape_attributes":{"name":"circle","cx":203,"cy":350,"r":10},"region_attributes":{"Type":"1","count":"2"}},{"shape_attributes":{"name":"circle","cx":246,"cy":355,"r":10},"region_attributes":{"Type":"1","count":"4"}},{"shape_attributes":{"name":"circle","cx":242,"cy":380,"r":10},"region_attributes":{"Type":"2","count":"1"}},{"shape_attributes":{"name":"circle","cx":106,"cy":424,"r":10},"region_attributes":{"Type":"1","count":"1"}},{"shape_attributes":{"name":"circle","cx":153,"cy":421,"r":10},"region_attributes":{"Type":"2","count":"6"}},{"shape_attributes":{"name":"circle","cx":244,"cy":428,"r":10},"region_attributes":{"Type":"1","count":"1"}},{"shape_attributes":{"name":"circle","cx":402,"cy":213,"r":10},"region_attributes":{"Type":"1","count":"1"}},{"shape_attributes":{"name":"circle","cx":387,"cy":231,"r":10},"region_attributes":{"Type":"1","count":"3"}},{"shape_attributes":{"name":"circle","cx":409,"cy":315,"r":10},"region_attributes":{"Type":"2","count":"4"}},{"shape_attributes":{"name":"circle","cx":389,"cy":442,"r":10},"region_attributes":{"Type":"1","count":"6"}},{"shape_attributes":{"name":"circle","cx":449,"cy":215,"r":10},"region_attributes":{"Type":"1","count":"1"}},{"shape_attributes":{"name":"circle","cx":435,"cy":232,"r":10},"region_attributes":{"Type":"2","count":"3"}},{"shape_attributes":{"name":"circle","cx":458,"cy":380,"r":12.875},"region_attributes":{"Type":"2","count":"2"}},{"shape_attributes":{"name":"circle","cx":516,"cy":323,"r":10},"region_attributes":{"Type":"1","count":"2"}},{"shape_attributes":{"name":"circle","cx":493,"cy":390,"r":10},"region_attributes":{"Type":"2","count":"2"}},{"shape_attributes":{"name":"circle","cx":534,"cy":391,"r":10},"region_attributes":{"Type":"1","count":"3"}},{"shape_attributes":{"name":"circle","cx":570,"cy":432,"r":10},"region_attributes":{"Type":"1","count":"4"}},{"shape_attributes":{"name":"circle","cx":658,"cy":319,"r":10},"region_attributes":{"Type":"1","count":"4"}}],"file_attributes":{"date":"2020-04-30","temp":"63","rain":"2","neighborhood":"East Village","total_count":""}},"https://drive.google.com/uc?export=view&id=1jw6Heel-FKZ4YSefI_B2New5PWd1RWBB\n":{"filename":"https://drive.google.com/uc?export=view&id=1jw6Heel-FKZ4YSefI_B2New5PWd1RWBB\n","size":-1,"regions":[{"shape_attributes":{"name":"circle","cx":101,"cy":333,"r":11.045},"region_attributes":{"Type":"1","count":"2"}},{"shape_attributes":{"name":"circle","cx":164,"cy":296,"r":11.045},"region_attributes":{"Type":"1","count":"3"}},{"shape_attributes":{"name":"circle","cx":167,"cy":323,"r":11.045},"region_attributes":{"Type":"2","count":"3"}},{"shape_attributes":{"name":"circle","cx":193,"cy":301,"r":11.045},"region_attributes":{"Type":"1","count":"5"}},{"shape_attributes":{"name":"circle","cx":195,"cy":335,"r":11.045},"region_attributes":{"Type":"1","count":"2"}},{"shape_attributes":{"name":"circle","cx":218,"cy":295,"r":11.045},"region_attributes":{"Type":"2","count":"3"}},{"shape_attributes":{"name":"circle","cx":217,"cy":314,"r":11.045},"region_attributes":{"Type":"1","count":"9"}},{"shape_attributes":{"name":"circle","cx":217,"cy":329,"r":11.045},"region_attributes":{"Type":"2","count":"1"}},{"shape_attributes":{"name":"circle","cx":161,"cy":366,"r":11.045},"region_attributes":{"Type":"1","count":"2"}},{"shape_attributes":{"name":"circle","cx":165,"cy":393,"r":11.045},"region_attributes":{"Type":"2","count":"1"}},{"shape_attributes":{"name":"circle","cx":149,"cy":436,"r":11.045},"region_attributes":{"Type":"1","count":"1"}},{"shape_attributes":{"name":"circle","cx":165,"cy":447,"r":11.045},"region_attributes":{"Type":"1","count":"2"}},{"shape_attributes":{"name":"circle","cx":166,"cy":471,"r":11.045},"region_attributes":{"Type":"2","count":"1"}},{"shape_attributes":{"name":"circle","cx":194,"cy":364,"r":11.045},"region_attributes":{"Type":"1","count":"2"}},{"shape_attributes":{"name":"circle","cx":193,"cy":383,"r":11.045},"region_attributes":{"Type":"1","count":"4"}},{"shape_attributes":{"name":"circle","cx":195,"cy":405,"r":11.045},"region_attributes":{"Type":"2","count":"1"}},{"shape_attributes":{"name":"circle","cx":215,"cy":362,"r":11.045},"region_attributes":{"Type":"2","count":"1"}},{"shape_attributes":{"name":"circle","cx":255,"cy":435,"r":11.045},"region_attributes":{"Type":"2","count":"3"}},{"shape_attributes":{"name":"circle","cx":265,"cy":470,"r":11.045},"region_attributes":{"Type":"1","count":"2"}},{"shape_attributes":{"name":"circle","cx":398,"cy":239,"r":11.045},"region_attributes":{"Type":"1","count":"6"}},{"shape_attributes":{"name":"circle","cx":406,"cy":404,"r":11.045},"region_attributes":{"Type":"2","count":"2"}},{"shape_attributes":{"name":"circle","cx":393,"cy":437,"r":11.045},"region_attributes":{"Type":"1","count":"2"}},{"shape_attributes":{"name":"circle","cx":395,"cy":470,"r":11.045},"region_attributes":{"Type":"1","count":"2"}},{"shape_attributes":{"name":"circle","cx":417,"cy":469,"r":11.045},"region_attributes":{"Type":"1","count":"1"}},{"shape_attributes":{"name":"circle","cx":447,"cy":174,"r":11.045},"region_attributes":{"Type":"2","count":"3"}},{"shape_attributes":{"name":"circle","cx":446,"cy":368,"r":11.045},"region_attributes":{"Type":"1","count":"7"}},{"shape_attributes":{"name":"circle","cx":447,"cy":394,"r":11.045},"region_attributes":{"Type":"2","count":"1"}},{"shape_attributes":{"name":"circle","cx":466,"cy":408,"r":11.045},"region_attributes":{"Type":"2","count":"2"}},{"shape_attributes":{"name":"circle","cx":497,"cy":316,"r":11.045},"region_attributes":{"Type":"2","count":"1"}},{"shape_attributes":{"name":"circle","cx":556,"cy":455,"r":11.045},"region_attributes":{"Type":"1","count":"1"}},{"shape_attributes":{"name":"circle","cx":663,"cy":169,"r":11.045},"region_attributes":{"Type":"1","count":"1"}},{"shape_attributes":{"name":"circle","cx":582,"cy":439,"r":11.045},"region_attributes":{"Type":"1","count":"5"}},{"shape_attributes":{"name":"circle","cx":585,"cy":463,"r":11.045},"region_attributes":{"Type":"2","count":"1"}},{"shape_attributes":{"name":"circle","cx":684,"cy":361,"r":11.045},"region_attributes":{"Type":"1","count":"2"}}],"file_attributes":{"date":"2020-05-28","temp":"","rain":"2","neighborhood":"East Village","total_count":""}},"https://drive.google.com/uc?export=view&id=1UkZaY2G1ecM6XkydV-Tg2952ICpkP9ZO\n":{"filename":"https://drive.google.com/uc?export=view&id=1UkZaY2G1ecM6XkydV-Tg2952ICpkP9ZO\n","size":-1,"regions":[{"shape_attributes":{"name":"circle","cx":107,"cy":365,"r":11.045},"region_attributes":{"Type":"1","count":"1"}},{"shape_attributes":{"name":"circle","cx":100,"cy":436,"r":11.045},"region_attributes":{"Type":"1","count":"1"}},{"shape_attributes":{"name":"circle","cx":107,"cy":482,"r":11.045},"region_attributes":{"Type":"1","count":"2"}},{"shape_attributes":{"name":"circle","cx":152,"cy":292,"r":11.045},"region_attributes":{"Type":"1","count":"2"}},{"shape_attributes":{"name":"circle","cx":146,"cy":302,"r":11.045},"region_attributes":{"Type":"2","count":"1"}},{"shape_attributes":{"name":"circle","cx":147,"cy":338,"r":11.045},"region_attributes":{"Type":"1","count":"5"}},{"shape_attributes":{"name":"circle","cx":173,"cy":298,"r":11.045},"region_attributes":{"Type":"2","count":"4"}},{"shape_attributes":{"name":"circle","cx":171,"cy":315,"r":11.045},"region_attributes":{"Type":"1","count":"4"}},{"shape_attributes":{"name":"circle","cx":164,"cy":340,"r":11.045},"region_attributes":{"Type":"2","count":"1"}},{"shape_attributes":{"name":"circle","cx":173,"cy":381,"r":11.045},"region_attributes":{"Type":"1","count":"1"}},{"shape_attributes":{"name":"circle","cx":169,"cy":408,"r":11.045},"region_attributes":{"Type":"1","count":"2"}},{"shape_attributes":{"name":"circle","cx":198,"cy":309,"r":11.045},"region_attributes":{"Type":"1","count":"4"}},{"shape_attributes":{"name":"circle","cx":197,"cy":326,"r":11.045},"region_attributes":{"Type":"2","count":"3"}},{"shape_attributes":{"name":"circle","cx":220,"cy":295,"r":11.045},"region_attributes":{"Type":"1","count":"6"}},{"shape_attributes":{"name":"circle","cx":223,"cy":308,"r":11.045},"region_attributes":{"Type":"2","count":"1"}},{"shape_attributes":{"name":"circle","cx":200,"cy":339,"r":11.045},"region_attributes":{"Type":"1","count":"4"}},{"shape_attributes":{"name":"circle","cx":216,"cy":340,"r":11.045},"region_attributes":{"Type":"2","count":"3"}},{"shape_attributes":{"name":"circle","cx":207,"cy":365,"r":9},"region_attributes":{"count":"3"}},{"shape_attributes":{"name":"circle","cx":195,"cy":379,"r":9},"region_attributes":{"count":"1"}},{"shape_attributes":{"name":"circle","cx":197,"cy":398,"r":9},"region_attributes":{"count":"4"}},{"shape_attributes":{"name":"circle","cx":323,"cy":315,"r":9},"region_attributes":{"count":"1"}},{"shape_attributes":{"name":"circle","cx":325,"cy":375,"r":9},"region_attributes":{"count":"1"}},{"shape_attributes":{"name":"circle","cx":252,"cy":433,"r":9},"region_attributes":{"Type":"2","count":"2"}},{"shape_attributes":{"name":"circle","cx":270,"cy":437,"r":9},"region_attributes":{"count":"1"}},{"shape_attributes":{"name":"circle","cx":246,"cy":464,"r":9},"region_attributes":{"Type":"2","count":"1"}},{"shape_attributes":{"name":"circle","cx":247,"cy":483,"r":9},"region_attributes":{"count":"1"}},{"shape_attributes":{"name":"circle","cx":299,"cy":436,"r":9},"region_attributes":{"count":"1"}},{"shape_attributes":{"name":"circle","cx":448,"cy":153,"r":9},"region_attributes":{"Type":"2","count":"1"}},{"shape_attributes":{"name":"circle","cx":449,"cy":180,"r":9},"region_attributes":{"Type":"2","count":"1"}},{"shape_attributes":{"name":"circle","cx":399,"cy":239,"r":9},"region_attributes":{"count":"4"}},{"shape_attributes":{"name":"circle","cx":423,"cy":236,"r":9},"region_attributes":{"Type":"2","count":"3"}},{"shape_attributes":{"name":"circle","cx":403,"cy":266,"r":9},"region_attributes":{"Type":"2","count":"2"}},{"shape_attributes":{"name":"circle","cx":423,"cy":263,"r":9},"region_attributes":{"count":"8"}},{"shape_attributes":{"name":"circle","cx":449,"cy":250,"r":9},"region_attributes":{"count":"2"}},{"shape_attributes":{"name":"circle","cx":409,"cy":339,"r":9},"region_attributes":{"count":"1"}},{"shape_attributes":{"name":"circle","cx":450,"cy":314,"r":8.969},"region_attributes":{"count":"3"}},{"shape_attributes":{"name":"circle","cx":449,"cy":375,"r":9},"region_attributes":{"count":"2"}},{"shape_attributes":{"name":"circle","cx":447,"cy":391,"r":9},"region_attributes":{"count":"5"}},{"shape_attributes":{"name":"circle","cx":463,"cy":361,"r":9},"region_attributes":{"Type":"2","count":"2"}},{"shape_attributes":{"name":"circle","cx":475,"cy":367,"r":9},"region_attributes":{"count":"3"}},{"shape_attributes":{"name":"circle","cx":475,"cy":397,"r":9},"region_attributes":{"count":"1"}},{"shape_attributes":{"name":"circle","cx":459,"cy":411,"r":9},"region_attributes":{"count":"1"}},{"shape_attributes":{"name":"circle","cx":421,"cy":480,"r":9},"region_attributes":{"count":"1"}},{"shape_attributes":{"name":"circle","cx":529,"cy":338,"r":9},"region_attributes":{"count":"1"}},{"shape_attributes":{"name":"circle","cx":552,"cy":409,"r":9},"region_attributes":{"count":"2"}},{"shape_attributes":{"name":"circle","cx":501,"cy":446,"r":9},"region_attributes":{"count":"3"}},{"shape_attributes":{"name":"circle","cx":497,"cy":465,"r":9},"region_attributes":{"Type":"2","count":"1"}},{"shape_attributes":{"name":"circle","cx":514,"cy":479,"r":9},"region_attributes":{"count":"2"}},{"shape_attributes":{"name":"circle","cx":613,"cy":322,"r":9},"region_attributes":{"count":"1"}},{"shape_attributes":{"name":"circle","cx":585,"cy":374,"r":9},"region_attributes":{"Type":"2","count":"1"}},{"shape_attributes":{"name":"circle","cx":603,"cy":362,"r":9},"region_attributes":{"Type":"2","count":"2"}},{"shape_attributes":{"name":"circle","cx":612,"cy":392,"r":9},"region_attributes":{"Type":"2","count":"1"}},{"shape_attributes":{"name":"circle","cx":637,"cy":388,"r":9},"region_attributes":{"count":"2"}},{"shape_attributes":{"name":"circle","cx":678,"cy":174,"r":9},"region_attributes":{"Type":"3","count":"1"}},{"shape_attributes":{"name":"circle","cx":686,"cy":460,"r":9},"region_attributes":{"Type":"2","count":"1"}}],"file_attributes":{"date":"2020-06-25","temp":"60","rain":"2","neighborhood":"East Village","total_count":""}},"https://drive.google.com/uc?export=view&id=1irIUw_dNa0bHFzBhxVqCPh4U7ISpxC7j\n":{"filename":"https://drive.google.com/uc?export=view&id=1irIUw_dNa0bHFzBhxVqCPh4U7ISpxC7j\n","size":-1,"regions":[{"shape_attributes":{"name":"circle","cx":146,"cy":295,"r":9},"region_attributes":{"Type":"2","count":"1"}},{"shape_attributes":{"name":"circle","cx":146,"cy":307,"r":9},"region_attributes":{"count":"2"}},{"shape_attributes":{"name":"circle","cx":149,"cy":333,"r":9},"region_attributes":{"count":"13"}},{"shape_attributes":{"name":"circle","cx":172,"cy":299,"r":9},"region_attributes":{"count":"4"}},{"shape_attributes":{"name":"circle","cx":171,"cy":316,"r":9},"region_attributes":{"Type":"2","count":"1"}},{"shape_attributes":{"name":"circle","cx":197,"cy":294,"r":9},"region_attributes":{"count":"3"}},{"shape_attributes":{"name":"circle","cx":195,"cy":310,"r":9},"region_attributes":{"Type":"2","count":"2"}},{"shape_attributes":{"name":"circle","cx":223,"cy":312,"r":9},"region_attributes":{"count":"2"}},{"shape_attributes":{"name":"circle","cx":205,"cy":336,"r":9},"region_attributes":{"Type":"2","count":"5"}},{"shape_attributes":{"name":"circle","cx":219,"cy":336,"r":9},"region_attributes":{"count":"3"}},{"shape_attributes":{"name":"circle","cx":196,"cy":361,"r":9},"region_attributes":{"Type":"2","count":"1"}},{"shape_attributes":{"name":"circle","cx":213,"cy":363,"r":9},"region_attributes":{"count":"2"}},{"shape_attributes":{"name":"circle","cx":197,"cy":394,"r":9},"region_attributes":{"count":"4"}},{"shape_attributes":{"name":"circle","cx":104,"cy":432,"r":9},"region_attributes":{"count":"1"}},{"shape_attributes":{"name":"circle","cx":246,"cy":439,"r":9},"region_attributes":{"count":"4"}},{"shape_attributes":{"name":"circle","cx":263,"cy":433,"r":9},"region_attributes":{"Type":"2","count":"5"}},{"shape_attributes":{"name":"circle","cx":247,"cy":465,"r":9},"region_attributes":{"Type":"2","count":"2"}},{"shape_attributes":{"name":"circle","cx":273,"cy":463,"r":9},"region_attributes":{"count":"2"}},{"shape_attributes":{"name":"circle","cx":263,"cy":479,"r":9},"region_attributes":{"count":"1"}},{"shape_attributes":{"name":"circle","cx":402,"cy":167,"r":9},"region_attributes":{"count":"6"}},{"shape_attributes":{"name":"circle","cx":400,"cy":187,"r":9},"region_attributes":{"Type":"2","count":"1"}},{"shape_attributes":{"name":"circle","cx":451,"cy":175,"r":9},"region_attributes":{"count":"2"}},{"shape_attributes":{"name":"circle","cx":423,"cy":242,"r":9},"region_attributes":{"count":"2"}},{"shape_attributes":{"name":"circle","cx":408,"cy":288,"r":9},"region_attributes":{"Type":"2","count":"1"}},{"shape_attributes":{"name":"circle","cx":399,"cy":311,"r":9},"region_attributes":{"Type":"2","count":"1"}},{"shape_attributes":{"name":"circle","cx":399,"cy":449,"r":9},"region_attributes":{"count":"2"}},{"shape_attributes":{"name":"circle","cx":411,"cy":479,"r":9},"region_attributes":{"count":"1"}},{"shape_attributes":{"name":"circle","cx":472,"cy":263,"r":9},"region_attributes":{"count":"1"}},{"shape_attributes":{"name":"circle","cx":453,"cy":334,"r":9},"region_attributes":{"count":"1"}},{"shape_attributes":{"name":"circle","cx":450,"cy":365,"r":9},"region_attributes":{"count":"4"}},{"shape_attributes":{"name":"circle","cx":449,"cy":391,"r":9},"region_attributes":{"Type":"2","count":"3"}},{"shape_attributes":{"name":"circle","cx":473,"cy":364,"r":9},"region_attributes":{"count":"1"}},{"shape_attributes":{"name":"circle","cx":471,"cy":406,"r":9},"region_attributes":{"count":"8"}},{"shape_attributes":{"name":"circle","cx":463,"cy":433,"r":9},"region_attributes":{"count":"3"}},{"shape_attributes":{"name":"circle","cx":475,"cy":448,"r":9},"region_attributes":{"count":"1"}},{"shape_attributes":{"name":"circle","cx":509,"cy":337,"r":9},"region_attributes":{"count":"1"}},{"shape_attributes":{"name":"circle","cx":587,"cy":241,"r":9},"region_attributes":{"count":"1"}},{"shape_attributes":{"name":"circle","cx":612,"cy":291,"r":9},"region_attributes":{"count":"1"}},{"shape_attributes":{"name":"circle","cx":589,"cy":337,"r":9},"region_attributes":{"count":"1"}},{"shape_attributes":{"name":"circle","cx":520,"cy":361,"r":9},"region_attributes":{"Type":"2","count":"1"}},{"shape_attributes":{"name":"circle","cx":499,"cy":395,"r":9},"region_attributes":{"Type":"2","count":"1"}},{"shape_attributes":{"name":"circle","cx":523,"cy":480,"r":9},"region_attributes":{"count":"2"}},{"shape_attributes":{"name":"circle","cx":609,"cy":380,"r":9},"region_attributes":{"Type":"2","count":"3"}},{"shape_attributes":{"name":"circle","cx":611,"cy":401,"r":9},"region_attributes":{"count":"2"}},{"shape_attributes":{"name":"circle","cx":586,"cy":406,"r":9},"region_attributes":{"count":"1"}},{"shape_attributes":{"name":"circle","cx":576,"cy":471,"r":9},"region_attributes":{"Type":"3","count":"1"}},{"shape_attributes":{"name":"circle","cx":587,"cy":451,"r":9},"region_attributes":{"count":"5"}},{"shape_attributes":{"name":"circle","cx":595,"cy":481,"r":9},"region_attributes":{"count":"2"}},{"shape_attributes":{"name":"circle","cx":611,"cy":473,"r":9},"region_attributes":{"count":"1"}},{"shape_attributes":{"name":"circle","cx":680,"cy":145,"r":9},"region_attributes":{"Type":"3","count":"1"}},{"shape_attributes":{"name":"circle","cx":679,"cy":170,"r":9},"region_attributes":{"Type":"3","count":"1"}},{"shape_attributes":{"name":"circle","cx":635,"cy":371,"r":9},"region_attributes":{"count":"1"}},{"shape_attributes":{"name":"circle","cx":634,"cy":399,"r":9},"region_attributes":{"count":"1"}},{"shape_attributes":{"name":"circle","cx":686,"cy":435,"r":9},"region_attributes":{"count":"1"}},{"shape_attributes":{"name":"circle","cx":686,"cy":452,"r":9},"region_attributes":{"Type":"2","count":"1"}}],"file_attributes":{"date":"2020-07-29","temp":"67","rain":"2","neighborhood":"East Village","total_count":""}},"https://drive.google.com/uc?export=view&id=1IW0F5qtMzp03xeK1ugJBUny-ivdZh98q\n":{"filename":"https://drive.google.com/uc?export=view&id=1IW0F5qtMzp03xeK1ugJBUny-ivdZh98q\n","size":-1,"regions":[{"shape_attributes":{"name":"circle","cx":97,"cy":279,"r":9},"region_attributes":{"count":"1"}},{"shape_attributes":{"name":"circle","cx":93,"cy":399,"r":9},"region_attributes":{"count":"1"}},{"shape_attributes":{"name":"circle","cx":109,"cy":432,"r":9},"region_attributes":{"count":"1"}},{"shape_attributes":{"name":"circle","cx":131,"cy":311,"r":9},"region_attributes":{"count":"1"}},{"shape_attributes":{"name":"circle","cx":147,"cy":327,"r":9},"region_attributes":{"count":"1"}},{"shape_attributes":{"name":"circle","cx":159,"cy":304,"r":9},"region_attributes":{"Type":"2","count":"2"}},{"shape_attributes":{"name":"circle","cx":159,"cy":292,"r":9},"region_attributes":{"count":"3"}},{"shape_attributes":{"name":"circle","cx":161,"cy":391,"r":9},"region_attributes":{"count":"1"}},{"shape_attributes":{"name":"circle","cx":131,"cy":439,"r":9},"region_attributes":{"count":"1"}},{"shape_attributes":{"name":"circle","cx":184,"cy":291,"r":9},"region_attributes":{"count":"3"}},{"shape_attributes":{"name":"circle","cx":183,"cy":305,"r":9},"region_attributes":{"Type":"2","count":"1"}},{"shape_attributes":{"name":"circle","cx":213,"cy":290,"r":9},"region_attributes":{"Type":"2","count":"1"}},{"shape_attributes":{"name":"circle","cx":179,"cy":327,"r":9},"region_attributes":{"count":"1"}},{"shape_attributes":{"name":"circle","cx":197,"cy":328,"r":9},"region_attributes":{"Type":"2","count":"3"}},{"shape_attributes":{"name":"circle","cx":207,"cy":329,"r":9},"region_attributes":{"count":"1"}},{"shape_attributes":{"name":"circle","cx":201,"cy":349,"r":9},"region_attributes":{"count":"1"}},{"shape_attributes":{"name":"circle","cx":183,"cy":441,"r":9},"region_attributes":{"count":"1"}},{"shape_attributes":{"name":"circle","cx":285,"cy":303,"r":9},"region_attributes":{"count":"1"}},{"shape_attributes":{"name":"circle","cx":241,"cy":394,"r":9},"region_attributes":{"count":"7"}},{"shape_attributes":{"name":"circle","cx":257,"cy":398,"r":9},"region_attributes":{"Type":"2","count":"1"}},{"shape_attributes":{"name":"circle","cx":231,"cy":443,"r":9},"region_attributes":{"Type":"2","count":"2"}},{"shape_attributes":{"name":"circle","cx":234,"cy":460,"r":9},"region_attributes":{"count":"1"}},{"shape_attributes":{"name":"circle","cx":258,"cy":447,"r":9},"region_attributes":{"count":"1"}},{"shape_attributes":{"name":"circle","cx":414,"cy":232,"r":9},"region_attributes":{"count":"5"}},{"shape_attributes":{"name":"circle","cx":391,"cy":280,"r":9},"region_attributes":{"count":"1"}},{"shape_attributes":{"name":"circle","cx":386,"cy":311,"r":9},"region_attributes":{"count":"3"}},{"shape_attributes":{"name":"circle","cx":396,"cy":420,"r":9},"region_attributes":{"count":"1"}},{"shape_attributes":{"name":"circle","cx":385,"cy":446,"r":9},"region_attributes":{"count":"3"}},{"shape_attributes":{"name":"circle","cx":435,"cy":358,"r":9},"region_attributes":{"Type":"2","count":"4"}},{"shape_attributes":{"name":"circle","cx":439,"cy":373,"r":9},"region_attributes":{"count":"11"}},{"shape_attributes":{"name":"circle","cx":465,"cy":369,"r":9},"region_attributes":{"Type":"2","count":"1"}},{"shape_attributes":{"name":"circle","cx":448,"cy":395,"r":9},"region_attributes":{"count":"3"}},{"shape_attributes":{"name":"circle","cx":511,"cy":393,"r":9},"region_attributes":{"count":"3"}},{"shape_attributes":{"name":"circle","cx":492,"cy":425,"r":9},"region_attributes":{"count":"6"}},{"shape_attributes":{"name":"circle","cx":492,"cy":461,"r":9},"region_attributes":{"count":"3"}},{"shape_attributes":{"name":"circle","cx":525,"cy":468,"r":9},"region_attributes":{"count":"3"}},{"shape_attributes":{"name":"circle","cx":577,"cy":324,"r":9},"region_attributes":{"count":"1"}},{"shape_attributes":{"name":"circle","cx":627,"cy":353,"r":9},"region_attributes":{"count":"1"}},{"shape_attributes":{"name":"circle","cx":626,"cy":394,"r":9},"region_attributes":{"count":"1"}},{"shape_attributes":{"name":"circle","cx":672,"cy":132,"r":9},"region_attributes":{"Type":"3","count":"2"}},{"shape_attributes":{"name":"circle","cx":670,"cy":173,"r":9},"region_attributes":{"Type":"3","count":"1"}}],"file_attributes":{"date":"2020-08-27","temp":"76","rain":"2","neighborhood":"East Village","total_count":""}},"https://drive.google.com/uc?export=view&id=1OjHN8Y3Sq-6TDhPb-yoNZLxO7kKCSe48\n":{"filename":"https://drive.google.com/uc?export=view&id=1OjHN8Y3Sq-6TDhPb-yoNZLxO7kKCSe48\n","size":-1,"regions":[{"shape_attributes":{"name":"circle","cx":100,"cy":291,"r":9},"region_attributes":{"count":"1"}},{"shape_attributes":{"name":"circle","cx":116,"cy":335,"r":9},"region_attributes":{"count":"1"}},{"shape_attributes":{"name":"circle","cx":113,"cy":439,"r":9},"region_attributes":{"count":"1"}},{"shape_attributes":{"name":"circle","cx":141,"cy":301,"r":9},"region_attributes":{"Type":"2","count":"1"}},{"shape_attributes":{"name":"circle","cx":143,"cy":317,"r":9},"region_attributes":{"count":"9"}},{"shape_attributes":{"name":"circle","cx":169,"cy":311,"r":9},"region_attributes":{"count":"3"}},{"shape_attributes":{"name":"circle","cx":169,"cy":323,"r":9},"region_attributes":{"Type":"2","count":"1"}},{"shape_attributes":{"name":"circle","cx":144,"cy":386,"r":9},"region_attributes":{"Type":"2","count":"1"}},{"shape_attributes":{"name":"circle","cx":195,"cy":293,"r":9},"region_attributes":{"count":"4"}},{"shape_attributes":{"name":"circle","cx":195,"cy":315,"r":9},"region_attributes":{"Type":"2","count":"2"}},{"shape_attributes":{"name":"circle","cx":219,"cy":311,"r":9},"region_attributes":{"Type":"2","count":"3"}},{"shape_attributes":{"name":"circle","cx":200,"cy":339,"r":9},"region_attributes":{"Type":"2","count":"2"}},{"shape_attributes":{"name":"circle","cx":214,"cy":335,"r":9},"region_attributes":{"count":"2"}},{"shape_attributes":{"name":"circle","cx":194,"cy":367,"r":9},"region_attributes":{"count":"1"}},{"shape_attributes":{"name":"circle","cx":193,"cy":393,"r":9},"region_attributes":{"count":"1"}},{"shape_attributes":{"name":"circle","cx":206,"cy":407,"r":9},"region_attributes":{"count":"1"}},{"shape_attributes":{"name":"circle","cx":219,"cy":387,"r":9},"region_attributes":{"count":"1"}},{"shape_attributes":{"name":"circle","cx":321,"cy":291,"r":9},"region_attributes":{"count":"3"}},{"shape_attributes":{"name":"circle","cx":318,"cy":317,"r":9},"region_attributes":{"count":"1"}},{"shape_attributes":{"name":"circle","cx":269,"cy":408,"r":9},"region_attributes":{"count":"1"}},{"shape_attributes":{"name":"circle","cx":255,"cy":435,"r":9},"region_attributes":{"Type":"2","count":"2"}},{"shape_attributes":{"name":"circle","cx":244,"cy":455,"r":9},"region_attributes":{"Type":"2","count":"1"}},{"shape_attributes":{"name":"circle","cx":272,"cy":441,"r":9},"region_attributes":{"Type":"2","count":"1"}},{"shape_attributes":{"name":"circle","cx":307,"cy":408,"r":9},"region_attributes":{"count":"1"}},{"shape_attributes":{"name":"circle","cx":346,"cy":389,"r":9},"region_attributes":{"count":"2"}},{"shape_attributes":{"name":"circle","cx":397,"cy":220,"r":9},"region_attributes":{"count":"3"}},{"shape_attributes":{"name":"circle","cx":407,"cy":237,"r":9},"region_attributes":{"count":"2"}},{"shape_attributes":{"name":"circle","cx":415,"cy":257,"r":9},"region_attributes":{"count":"3"}},{"shape_attributes":{"name":"circle","cx":432,"cy":257,"r":9},"region_attributes":{"Type":"3","count":"1"}},{"shape_attributes":{"name":"circle","cx":445,"cy":226,"r":9},"region_attributes":{"count":"1"}},{"shape_attributes":{"name":"circle","cx":448,"cy":259,"r":9},"region_attributes":{"count":"1"}},{"shape_attributes":{"name":"circle","cx":447,"cy":329,"r":9},"region_attributes":{"count":"1"}},{"shape_attributes":{"name":"circle","cx":395,"cy":384,"r":9},"region_attributes":{"count":"3"}},{"shape_attributes":{"name":"circle","cx":407,"cy":477,"r":9},"region_attributes":{"count":"1"}},{"shape_attributes":{"name":"circle","cx":448,"cy":363,"r":9},"region_attributes":{"count":"6"}},{"shape_attributes":{"name":"circle","cx":447,"cy":377,"r":9},"region_attributes":{"Type":"2","count":"2"}},{"shape_attributes":{"name":"circle","cx":447,"cy":393,"r":9},"region_attributes":{"Type":"2","count":"2"}},{"shape_attributes":{"name":"circle","cx":451,"cy":407,"r":9},"region_attributes":{"count":"6"}},{"shape_attributes":{"name":"circle","cx":468,"cy":405,"r":9},"region_attributes":{"count":"4"}},{"shape_attributes":{"name":"circle","cx":466,"cy":362,"r":9},"region_attributes":{"count":"1"}},{"shape_attributes":{"name":"circle","cx":467,"cy":476,"r":9},"region_attributes":{"count":"3"}},{"shape_attributes":{"name":"circle","cx":556,"cy":297,"r":9},"region_attributes":{"count":"1"}},{"shape_attributes":{"name":"circle","cx":496,"cy":377,"r":9},"region_attributes":{"Type":"2","count":"1"}},{"shape_attributes":{"name":"circle","cx":546,"cy":363,"r":9},"region_attributes":{"count":"1"}},{"shape_attributes":{"name":"circle","cx":513,"cy":407,"r":9},"region_attributes":{"count":"1"}},{"shape_attributes":{"name":"circle","cx":608,"cy":303,"r":9},"region_attributes":{"count":"1"}},{"shape_attributes":{"name":"circle","cx":607,"cy":383,"r":9},"region_attributes":{"count":"3"}},{"shape_attributes":{"name":"circle","cx":583,"cy":436,"r":9},"region_attributes":{"count":"1"}},{"shape_attributes":{"name":"circle","cx":587,"cy":457,"r":9},"region_attributes":{"Type":"2","count":"1"}},{"shape_attributes":{"name":"circle","cx":585,"cy":478,"r":9},"region_attributes":{"count":"3"}},{"shape_attributes":{"name":"circle","cx":645,"cy":362,"r":9},"region_attributes":{"count":"1"}},{"shape_attributes":{"name":"circle","cx":637,"cy":389,"r":9},"region_attributes":{"count":"1"}},{"shape_attributes":{"name":"circle","cx":653,"cy":435,"r":9},"region_attributes":{"count":"2"}},{"shape_attributes":{"name":"circle","cx":693,"cy":117,"r":9},"region_attributes":{"Type":"3","count":"2"}},{"shape_attributes":{"name":"circle","cx":679,"cy":143,"r":9},"region_attributes":{"count":"1"}}],"file_attributes":{"date":"2020-09-29","temp":"70","rain":"2","neighborhood":"East Village","total_count":""}},"https://drive.google.com/uc?export=view&id=1ZxcmgbSXcuf7j0P40jNKSfhRQP5uq5NN\n":{"filename":"https://drive.google.com/uc?export=view&id=1ZxcmgbSXcuf7j0P40jNKSfhRQP5uq5NN\n","size":-1,"regions":[{"shape_attributes":{"name":"circle","cx":87,"cy":382,"r":9},"region_attributes":{"count":"1"}},{"shape_attributes":{"name":"circle","cx":86,"cy":403,"r":9},"region_attributes":{"count":"1"}},{"shape_attributes":{"name":"circle","cx":113,"cy":379,"r":9},"region_attributes":{"count":"5"}},{"shape_attributes":{"name":"circle","cx":114,"cy":401,"r":9},"region_attributes":{"count":"4"}},{"shape_attributes":{"name":"circle","cx":107,"cy":468,"r":9},"region_attributes":{"count":"1"}},{"shape_attributes":{"name":"circle","cx":159,"cy":472,"r":9},"region_attributes":{"count":"1"}},{"shape_attributes":{"name":"circle","cx":158,"cy":379,"r":9},"region_attributes":{"count":"2"}},{"shape_attributes":{"name":"circle","cx":162,"cy":299,"r":9},"region_attributes":{"count":"8"}},{"shape_attributes":{"name":"circle","cx":160,"cy":319,"r":9},"region_attributes":{"Type":"2","count":"2"}},{"shape_attributes":{"name":"circle","cx":157,"cy":337,"r":9},"region_attributes":{"count":"9"}},{"shape_attributes":{"name":"circle","cx":191,"cy":304,"r":9},"region_attributes":{"Type":"2","count":"4"}},{"shape_attributes":{"name":"circle","cx":189,"cy":321,"r":9},"region_attributes":{"count":"2"}},{"shape_attributes":{"name":"circle","cx":199,"cy":337,"r":9},"region_attributes":{"Type":"2","count":"1"}},{"shape_attributes":{"name":"circle","cx":213,"cy":309,"r":9},"region_attributes":{"Type":"2","count":"1"}},{"shape_attributes":{"name":"circle","cx":216,"cy":335,"r":9},"region_attributes":{"count":"5"}},{"shape_attributes":{"name":"circle","cx":188,"cy":380,"r":9},"region_attributes":{"count":"2"}},{"shape_attributes":{"name":"circle","cx":186,"cy":399,"r":9},"region_attributes":{"count":"1"}},{"shape_attributes":{"name":"circle","cx":266,"cy":382,"r":9},"region_attributes":{"count":"1"}},{"shape_attributes":{"name":"circle","cx":256,"cy":434,"r":9},"region_attributes":{"Type":"2","count":"4"}},{"shape_attributes":{"name":"circle","cx":233,"cy":451,"r":9},"region_attributes":{"count":"3"}},{"shape_attributes":{"name":"circle","cx":247,"cy":479,"r":9},"region_attributes":{"Type":"2","count":"1"}},{"shape_attributes":{"name":"circle","cx":398,"cy":193,"r":9},"region_attributes":{"count":"2"}},{"shape_attributes":{"name":"circle","cx":399,"cy":262,"r":9},"region_attributes":{"count":"3"}},{"shape_attributes":{"name":"circle","cx":401,"cy":291,"r":9},"region_attributes":{"count":"2"}},{"shape_attributes":{"name":"circle","cx":391,"cy":318,"r":9},"region_attributes":{"Type":"2","count":"1"}},{"shape_attributes":{"name":"circle","cx":389,"cy":390,"r":9},"region_attributes":{"count":"1"}},{"shape_attributes":{"name":"circle","cx":441,"cy":171,"r":9},"region_attributes":{"count":"1"}},{"shape_attributes":{"name":"circle","cx":441,"cy":241,"r":9},"region_attributes":{"count":"1"}},{"shape_attributes":{"name":"circle","cx":441,"cy":387,"r":9},"region_attributes":{"count":"3"}},{"shape_attributes":{"name":"circle","cx":449,"cy":407,"r":9},"region_attributes":{"Type":"2","count":"1"}},{"shape_attributes":{"name":"circle","cx":467,"cy":404,"r":9},"region_attributes":{"count":"5"}},{"shape_attributes":{"name":"circle","cx":578,"cy":433,"r":9},"region_attributes":{"count":"5"}},{"shape_attributes":{"name":"circle","cx":578,"cy":458,"r":9},"region_attributes":{"Type":"2","count":"2"}},{"shape_attributes":{"name":"circle","cx":577,"cy":481,"r":9},"region_attributes":{"count":"4"}},{"shape_attributes":{"name":"circle","cx":666,"cy":142,"r":9},"region_attributes":{"Type":"3","count":"1"}},{"shape_attributes":{"name":"circle","cx":681,"cy":297,"r":9},"region_attributes":{"Type":"3","count":"1"}},{"shape_attributes":{"name":"circle","cx":656,"cy":359,"r":9},"region_attributes":{"count":"2"}},{"shape_attributes":{"name":"circle","cx":628,"cy":378,"r":9},"region_attributes":{"count":"2"}},{"shape_attributes":{"name":"circle","cx":627,"cy":407,"r":9},"region_attributes":{"count":"1"}},{"shape_attributes":{"name":"circle","cx":607,"cy":432,"r":9},"region_attributes":{"count":"1"}}],"file_attributes":{"date":"2020-10-29","temp":"61","rain":"2","neighborhood":"East Village","total_count":""}},"https://drive.google.com/uc?export=view&id=176jKcwppmVbzfLgh6TvgM9EmJdOJcNna\n":{"filename":"https://drive.google.com/uc?export=view&id=176jKcwppmVbzfLgh6TvgM9EmJdOJcNna\n","size":-1,"regions":[{"shape_attributes":{"name":"circle","cx":141,"cy":305,"r":9},"region_attributes":{"count":"3"}},{"shape_attributes":{"name":"circle","cx":149,"cy":333,"r":9},"region_attributes":{"Type":"2","count":"5"}},{"shape_attributes":{"name":"circle","cx":167,"cy":308,"r":9},"region_attributes":{"count":"7"}},{"shape_attributes":{"name":"circle","cx":165,"cy":336,"r":9},"region_attributes":{"count":"4"}},{"shape_attributes":{"name":"circle","cx":193,"cy":299,"r":9},"region_attributes":{"Type":"2","count":"5"}},{"shape_attributes":{"name":"circle","cx":195,"cy":315,"r":9},"region_attributes":{"count":"2"}},{"shape_attributes":{"name":"circle","cx":206,"cy":336,"r":9},"region_attributes":{"Type":"2","count":"2"}},{"shape_attributes":{"name":"circle","cx":155,"cy":359,"r":9},"region_attributes":{"Type":"2","count":"1"}},{"shape_attributes":{"name":"circle","cx":115,"cy":455,"r":9},"region_attributes":{"count":"1"}},{"shape_attributes":{"name":"circle","cx":193,"cy":371,"r":9},"region_attributes":{"count":"3"}},{"shape_attributes":{"name":"circle","cx":193,"cy":395,"r":9},"region_attributes":{"count":"3"}},{"shape_attributes":{"name":"circle","cx":191,"cy":407,"r":9},"region_attributes":{"count":"1"}},{"shape_attributes":{"name":"circle","cx":371,"cy":297,"r":9},"region_attributes":{"count":"1"}},{"shape_attributes":{"name":"circle","cx":255,"cy":432,"r":9},"region_attributes":{"count":"5"}},{"shape_attributes":{"name":"circle","cx":239,"cy":453,"r":9},"region_attributes":{"Type":"2","count":"1"}},{"shape_attributes":{"name":"circle","cx":244,"cy":465,"r":9},"region_attributes":{"count":"4"}},{"shape_attributes":{"name":"circle","cx":290,"cy":447,"r":9},"region_attributes":{"count":"1"}},{"shape_attributes":{"name":"circle","cx":319,"cy":458,"r":9},"region_attributes":{"Type":"2","count":"2"}},{"shape_attributes":{"name":"circle","cx":305,"cy":481,"r":9},"region_attributes":{"count":"1"}},{"shape_attributes":{"name":"circle","cx":388,"cy":190,"r":9},"region_attributes":{"count":"2"}},{"shape_attributes":{"name":"circle","cx":394,"cy":262,"r":9},"region_attributes":{"count":"3"}},{"shape_attributes":{"name":"circle","cx":396,"cy":451,"r":9},"region_attributes":{"count":"2"}},{"shape_attributes":{"name":"circle","cx":446,"cy":150,"r":9},"region_attributes":{"count":"1"}},{"shape_attributes":{"name":"circle","cx":461,"cy":195,"r":9},"region_attributes":{"count":"1"}},{"shape_attributes":{"name":"circle","cx":445,"cy":241,"r":9},"region_attributes":{"count":"1"}},{"shape_attributes":{"name":"circle","cx":445,"cy":311,"r":9},"region_attributes":{"Type":"2","count":"1"}},{"shape_attributes":{"name":"circle","cx":441,"cy":383,"r":9},"region_attributes":{"Type":"2","count":"1"}},{"shape_attributes":{"name":"circle","cx":472,"cy":379,"r":9},"region_attributes":{"Type":"2","count":"1"}},{"shape_attributes":{"name":"circle","cx":456,"cy":431,"r":9},"region_attributes":{"Type":"2","count":"1"}},{"shape_attributes":{"name":"circle","cx":495,"cy":373,"r":9},"region_attributes":{"Type":"2","count":"1"}},{"shape_attributes":{"name":"circle","cx":496,"cy":387,"r":9},"region_attributes":{"count":"1"}},{"shape_attributes":{"name":"circle","cx":537,"cy":359,"r":9},"region_attributes":{"Type":"2","count":"1"}},{"shape_attributes":{"name":"circle","cx":527,"cy":477,"r":9},"region_attributes":{"count":"4"}},{"shape_attributes":{"name":"circle","cx":691,"cy":105,"r":9},"region_attributes":{"Type":"3","count":"1"}},{"shape_attributes":{"name":"circle","cx":678,"cy":165,"r":9},"region_attributes":{"Type":"3","count":"1"}},{"shape_attributes":{"name":"circle","cx":606,"cy":335,"r":9},"region_attributes":{"count":"1"}},{"shape_attributes":{"name":"circle","cx":595,"cy":361,"r":9},"region_attributes":{"count":"2"}},{"shape_attributes":{"name":"circle","cx":580,"cy":377,"r":9},"region_attributes":{"Type":"2","count":"1"}},{"shape_attributes":{"name":"circle","cx":581,"cy":401,"r":9},"region_attributes":{"count":"1"}},{"shape_attributes":{"name":"circle","cx":607,"cy":405,"r":9},"region_attributes":{"count":"1"}},{"shape_attributes":{"name":"circle","cx":580,"cy":442,"r":9},"region_attributes":{"count":"1"}},{"shape_attributes":{"name":"circle","cx":581,"cy":475,"r":9},"region_attributes":{"count":"1"}},{"shape_attributes":{"name":"circle","cx":651,"cy":361,"r":9},"region_attributes":{"Type":"2","count":"1"}},{"shape_attributes":{"name":"circle","cx":633,"cy":371,"r":9},"region_attributes":{"count":"3"}},{"shape_attributes":{"name":"circle","cx":631,"cy":391,"r":9},"region_attributes":{"Type":"2","count":"1"}}],"file_attributes":{"date":"2020-11-24","temp":"59","rain":"2","neighborhood":"East Village","total_count":""}},"https://drive.google.com/uc?export=view&id=1breARWx_qF7WYkesvJLWH2W05H1_xW14\n":{"filename":"https://drive.google.com/uc?export=view&id=1breARWx_qF7WYkesvJLWH2W05H1_xW14\n","size":-1,"regions":[{"shape_attributes":{"name":"circle","cx":164,"cy":275,"r":9},"region_attributes":{"count":"1"}},{"shape_attributes":{"name":"circle","cx":183,"cy":298,"r":9},"region_attributes":{"Type":"2","count":"1"}},{"shape_attributes":{"name":"circle","cx":185,"cy":316,"r":9},"region_attributes":{"count":"1"}},{"shape_attributes":{"name":"circle","cx":104,"cy":374,"r":9},"region_attributes":{"count":"2"}},{"shape_attributes":{"name":"circle","cx":129,"cy":361,"r":9},"region_attributes":{"count":"4"}},{"shape_attributes":{"name":"circle","cx":129,"cy":377,"r":9},"region_attributes":{"Type":"2","count":"1"}},{"shape_attributes":{"name":"circle","cx":105,"cy":400,"r":9},"region_attributes":{"count":"2"}},{"shape_attributes":{"name":"circle","cx":123,"cy":400,"r":9},"region_attributes":{"Type":"2","count":"3"}},{"shape_attributes":{"name":"circle","cx":162,"cy":351,"r":9},"region_attributes":{"count":"2"}},{"shape_attributes":{"name":"circle","cx":157,"cy":367,"r":9},"region_attributes":{"Type":"2","count":"5"}},{"shape_attributes":{"name":"circle","cx":187,"cy":384,"r":9},"region_attributes":{"count":"2"}},{"shape_attributes":{"name":"circle","cx":75,"cy":451,"r":9},"region_attributes":{"count":"1"}},{"shape_attributes":{"name":"circle","cx":347,"cy":277,"r":9},"region_attributes":{"count":"2"}},{"shape_attributes":{"name":"circle","cx":345,"cy":323,"r":9},"region_attributes":{"count":"1"}},{"shape_attributes":{"name":"circle","cx":347,"cy":355,"r":9},"region_attributes":{"count":"1"}},{"shape_attributes":{"name":"circle","cx":277,"cy":426,"r":9},"region_attributes":{"Type":"2","count":"1"}},{"shape_attributes":{"name":"circle","cx":277,"cy":475,"r":9},"region_attributes":{"count":"3"}},{"shape_attributes":{"name":"circle","cx":337,"cy":477,"r":9},"region_attributes":{"count":"1"}},{"shape_attributes":{"name":"circle","cx":371,"cy":475,"r":9},"region_attributes":{"count":"1"}},{"shape_attributes":{"name":"circle","cx":375,"cy":277,"r":9},"region_attributes":{"count":"4"}},{"shape_attributes":{"name":"circle","cx":427,"cy":216,"r":9},"region_attributes":{"Type":"2","count":"3"}},{"shape_attributes":{"name":"circle","cx":427,"cy":233,"r":9},"region_attributes":{"count":"2"}},{"shape_attributes":{"name":"circle","cx":439,"cy":247,"r":9},"region_attributes":{"count":"1"}},{"shape_attributes":{"name":"circle","cx":456,"cy":235,"r":9},"region_attributes":{"count":"1"}},{"shape_attributes":{"name":"circle","cx":478,"cy":370,"r":9},"region_attributes":{"count":"1"}},{"shape_attributes":{"name":"circle","cx":586,"cy":398,"r":9},"region_attributes":{"Type":"2","count":"1"}},{"shape_attributes":{"name":"circle","cx":586,"cy":475,"r":9},"region_attributes":{"Type":"2","count":"2"}},{"shape_attributes":{"name":"circle","cx":674,"cy":92,"r":9},"region_attributes":{"Type":"3","count":"1"}},{"shape_attributes":{"name":"circle","cx":673,"cy":155,"r":9},"region_attributes":{"Type":"3","count":"1"}},{"shape_attributes":{"name":"circle","cx":625,"cy":360,"r":9},"region_attributes":{"Type":"2","count":"1"}},{"shape_attributes":{"name":"circle","cx":627,"cy":396,"r":9},"region_attributes":{"Type":"2","count":"1"}},{"shape_attributes":{"name":"circle","cx":649,"cy":398,"r":9},"region_attributes":{"Type":"2","count":"1"}},{"shape_attributes":{"name":"circle","cx":627,"cy":425,"r":9},"region_attributes":{"count":"1"}},{"shape_attributes":{"name":"circle","cx":630,"cy":439,"r":9},"region_attributes":{"Type":"2","count":"1"}},{"shape_attributes":{"name":"circle","cx":629,"cy":469,"r":9},"region_attributes":{"Type":"2","count":"7"}},{"shape_attributes":{"name":"circle","cx":636,"cy":477,"r":6.667},"region_attributes":{"count":"1"}},{"shape_attributes":{"name":"circle","cx":683,"cy":469,"r":9},"region_attributes":{"count":"1"}}],"file_attributes":{"date":"2020-12-29","temp":"53","rain":"1","neighborhood":"East Village","total_count":""}}},"_via_attributes":{"region":{"Type":{"type":"dropdown","description":"","options":{"1":"Individual","2":"Structure","3":"Vehicle"},"default_options":{}},"count":{"type":"text","description":"","default_value":""}},"file":{"date":{"type":"text","description":"","default_value":""},"temp":{"type":"text","description":"","default_value":""},"rain":{"type":"dropdown","description":"","options":{"1":"rain","2":"clear"},"default_options":{"2":true}},"neighborhood":{"type":"text","description":"","default_value":"East Village"},"total_count":{"type":"text","description":"","default_value":""}}},"_via_data_format_version":"2.0.10","_via_image_id_list":["https://drive.google.com/uc?export=view&id=18q86Dlz0PDofx2_r8Fh3UN7yE5cWGZd-\n","https://drive.google.com/uc?export=view&id=1qKUg90iPjMaS8gfRQrBiXIfKq7RAbGkV\n","https://drive.google.com/uc?export=view&id=1S27xheT7IzTCnVEMMkQhDQuhQ2y4qJGs\n","https://drive.google.com/uc?export=view&id=14ovzd-93h0WYJKZ0yyo1O14P8N5yzK84\n","https://drive.google.com/uc?export=view&id=1jw6Heel-FKZ4YSefI_B2New5PWd1RWBB\n","https://drive.google.com/uc?export=view&id=1UkZaY2G1ecM6XkydV-Tg2952ICpkP9ZO\n","https://drive.google.com/uc?export=view&id=1irIUw_dNa0bHFzBhxVqCPh4U7ISpxC7j\n","https://drive.google.com/uc?export=view&id=1IW0F5qtMzp03xeK1ugJBUny-ivdZh98q\n","https://drive.google.com/uc?export=view&id=1OjHN8Y3Sq-6TDhPb-yoNZLxO7kKCSe48\n","https://drive.google.com/uc?export=view&id=1ZxcmgbSXcuf7j0P40jNKSfhRQP5uq5NN\n","https://drive.google.com/uc?export=view&id=176jKcwppmVbzfLgh6TvgM9EmJdOJcNna\n","https://drive.google.com/uc?export=view&id=1breARWx_qF7WYkesvJLWH2W05H1_xW14\n"]}