{"_via_settings":{"ui":{"annotation_editor_height":25,"annotation_editor_fontsize":0.8,"leftsidebar_width":18,"image_grid":{"img_height":80,"rshape_fill":"none","rshape_fill_opacity":0.3,"rshape_stroke":"yellow","rshape_stroke_width":2,"show_region_shape":true,"show_image_policy":"all"},"image":{"region_label":"__via_region_id__","region_color":"__via_default_region_color__","region_label_font":"10px Sans","on_image_annotation_editor_placement":"NEAR_REGION"}},"core":{"buffer_size":18,"filepath":{},"default_filepath":""},"project":{"name":"Sherman Height_2022_count"}},"_via_img_metadata":{"https://drive.google.com/uc?export=view&id=1K4RA6AdwysD-MDFQjIKGTOveFjotYx2o\n":{"filename":"https://drive.google.com/uc?export=view&id=1K4RA6AdwysD-MDFQjIKGTOveFjotYx2o\n","size":-1,"regions":[{"shape_attributes":{"name":"circle","cx":23,"cy":85,"r":12},"region_attributes":{"Type":"2","count":"1"}},{"shape_attributes":{"name":"circle","cx":65,"cy":154,"r":13},"region_attributes":{"Type":"2","count":"5"}},{"shape_attributes":{"name":"circle","cx":26,"cy":208,"r":17},"region_attributes":{"Type":"2","count":"2"}},{"shape_attributes":{"name":"circle","cx":65,"cy":210,"r":10},"region_attributes":{"Type":"3","count":"1"}},{"shape_attributes":{"name":"circle","cx":63,"cy":227,"r":11},"region_attributes":{"Type":"2","count":"1"}},{"shape_attributes":{"name":"circle","cx":78,"cy":223,"r":9},"region_attributes":{"Type":"3","count":"1"}},{"shape_attributes":{"name":"circle","cx":48,"cy":246,"r":13},"region_attributes":{"Type":"2","count":"1"}},{"shape_attributes":{"name":"circle","cx":68,"cy":283,"r":8},"region_attributes":{"Type":"1","count":"1"}},{"shape_attributes":{"name":"circle","cx":72,"cy":297,"r":9},"region_attributes":{"Type":"3","count":"1"}},{"shape_attributes":{"name":"circle","cx":84,"cy":344,"r":12},"region_attributes":{"Type":"3","count":"1"}},{"shape_attributes":{"name":"circle","cx":84,"cy":361,"r":9},"region_attributes":{"Type":"2","count":"2"}},{"shape_attributes":{"name":"circle","cx":78,"cy":381,"r":11},"region_attributes":{"Type":"1","count":"1"}},{"shape_attributes":{"name":"circle","cx":46,"cy":392,"r":11},"region_attributes":{"Type":"2","count":"1"}},{"shape_attributes":{"name":"circle","cx":64,"cy":414,"r":10},"region_attributes":{"Type":"2","count":"1"}}],"file_attributes":{"date":"2022-01-27","temp":"","rain":"2","neighborhood":"Sherman Height","total_count":""}},"https://drive.google.com/uc?export=view&id=1gFJlbxzUqtf_ztQv_r19OEHab77K33xA\n":{"filename":"https://drive.google.com/uc?export=view&id=1gFJlbxzUqtf_ztQv_r19OEHab77K33xA\n","size":-1,"regions":[{"shape_attributes":{"name":"circle","cx":41,"cy":130,"r":7.694},"region_attributes":{"Type":"2","count":"13"}},{"shape_attributes":{"name":"circle","cx":40,"cy":204,"r":10},"region_attributes":{"Type":"1","count":"1"}},{"shape_attributes":{"name":"circle","cx":19,"cy":210,"r":13},"region_attributes":{"Type":"2","count":"3"}},{"shape_attributes":{"name":"circle","cx":17,"cy":288,"r":11},"region_attributes":{"Type":"2","count":"1"}},{"shape_attributes":{"name":"circle","cx":20,"cy":302,"r":10},"region_attributes":{"Type":"2","count":"1"}},{"shape_attributes":{"name":"circle","cx":40,"cy":280,"r":10},"region_attributes":{"Type":"1","count":"1"}},{"shape_attributes":{"name":"circle","cx":69,"cy":406,"r":8},"region_attributes":{"Type":"2","count":"1"}},{"shape_attributes":{"name":"circle","cx":73,"cy":399,"r":11},"region_attributes":{"Type":"1","count":"1"}},{"shape_attributes":{"name":"circle","cx":15,"cy":516,"r":16},"region_attributes":{"Type":"2","count":"2"}},{"shape_attributes":{"name":"circle","cx":38,"cy":300,"r":11},"region_attributes":{"Type":"3","count":"1"}},{"shape_attributes":{"name":"circle","cx":21,"cy":133,"r":8},"region_attributes":{"Type":"1","count":"1"}},{"shape_attributes":{"name":"circle","cx":20,"cy":144,"r":8},"region_attributes":{"Type":"1","count":"1"}},{"shape_attributes":{"name":"circle","cx":40,"cy":221,"r":8},"region_attributes":{"Type":"1","count":"1"}},{"shape_attributes":{"name":"circle","cx":22,"cy":226,"r":7},"region_attributes":{"Type":"1","count":"1"}},{"shape_attributes":{"name":"circle","cx":37,"cy":141,"r":12},"region_attributes":{"Type":"1","count":"1"}}],"file_attributes":{"date":"2022-03-01","temp":"","rain":"2","neighborhood":"Sherman Height","total_count":""}},"https://drive.google.com/uc?export=view&id=1tT4NwcMv2icpplVzFa7uuru-mUFOmvB3\n":{"filename":"https://drive.google.com/uc?export=view&id=1tT4NwcMv2icpplVzFa7uuru-mUFOmvB3\n","size":-1,"regions":[{"shape_attributes":{"name":"circle","cx":40,"cy":104,"r":13},"region_attributes":{"Type":"2","count":"4"}},{"shape_attributes":{"name":"circle","cx":74,"cy":98,"r":12},"region_attributes":{"Type":"2","count":"1"}},{"shape_attributes":{"name":"circle","cx":72,"cy":135,"r":9},"region_attributes":{"Type":"1","count":"1"}},{"shape_attributes":{"name":"circle","cx":93,"cy":133,"r":15},"region_attributes":{"Type":"2","count":"1"}},{"shape_attributes":{"name":"circle","cx":70,"cy":166,"r":11},"region_attributes":{"Type":"2","count":"4"}},{"shape_attributes":{"name":"circle","cx":88,"cy":158,"r":7.6},"region_attributes":{"Type":"1","count":"1"}},{"shape_attributes":{"name":"circle","cx":79,"cy":206,"r":11},"region_attributes":{"Type":"2","count":"4"}},{"shape_attributes":{"name":"circle","cx":75,"cy":232,"r":9},"region_attributes":{"Type":"1","count":"1"}},{"shape_attributes":{"name":"circle","cx":91,"cy":232,"r":11},"region_attributes":{"Type":"2","count":"8"}},{"shape_attributes":{"name":"circle","cx":104,"cy":254,"r":9},"region_attributes":{"Type":"1","count":"3"}},{"shape_attributes":{"name":"circle","cx":100,"cy":270,"r":13},"region_attributes":{"Type":"2","count":"1"}},{"shape_attributes":{"name":"circle","cx":90,"cy":279,"r":11},"region_attributes":{"Type":"1","count":"2"}},{"shape_attributes":{"name":"circle","cx":73,"cy":278,"r":9},"region_attributes":{"Type":"2","count":"1"}},{"shape_attributes":{"name":"circle","cx":84,"cy":297,"r":11},"region_attributes":{"Type":"3","count":"1"}},{"shape_attributes":{"name":"circle","cx":78,"cy":307,"r":9},"region_attributes":{"Type":"1","count":"1"}},{"shape_attributes":{"name":"circle","cx":91,"cy":310,"r":10},"region_attributes":{"Type":"2","count":"4"}},{"shape_attributes":{"name":"circle","cx":95,"cy":346,"r":8},"region_attributes":{"Type":"1","count":"3"}},{"shape_attributes":{"name":"circle","cx":41,"cy":466,"r":12},"region_attributes":{"Type":"2","count":"5"}},{"shape_attributes":{"name":"circle","cx":43,"cy":485,"r":13},"region_attributes":{"Type":"1","count":"1"}},{"shape_attributes":{"name":"circle","cx":39,"cy":546,"r":14},"region_attributes":{"Type":"2","count":"5"}},{"shape_attributes":{"name":"circle","cx":43,"cy":526,"r":12},"region_attributes":{"Type":"1","count":"1"}},{"shape_attributes":{"name":"circle","cx":93,"cy":380,"r":12},"region_attributes":{"Type":"2","count":"7"}}],"file_attributes":{"date":"2022-03-29","temp":"","rain":"2","neighborhood":"Sherman Height","total_count":""}},"https://drive.google.com/uc?export=view&id=1K1Wngbe5L0nXLf0Tep4XYNsMUcrGS1NG\n":{"filename":"https://drive.google.com/uc?export=view&id=1K1Wngbe5L0nXLf0Tep4XYNsMUcrGS1NG\n","size":-1,"regions":[{"shape_attributes":{"name":"circle","cx":63,"cy":93,"r":11},"region_attributes":{"Type":"2","count":"1"}},{"shape_attributes":{"name":"circle","cx":79,"cy":106,"r":12},"region_attributes":{"Type":"2","count":"1"}},{"shape_attributes":{"name":"circle","cx":86,"cy":142,"r":13},"region_attributes":{"Type":"2","count":"5"}},{"shape_attributes":{"name":"circle","cx":106,"cy":141,"r":11},"region_attributes":{"Type":"1","count":"2"}},{"shape_attributes":{"name":"circle","cx":86,"cy":167,"r":13},"region_attributes":{"Type":"2","count":"2"}},{"shape_attributes":{"name":"circle","cx":90,"cy":217,"r":11},"region_attributes":{"Type":"2","count":"6"}},{"shape_attributes":{"name":"circle","cx":104,"cy":217,"r":10},"region_attributes":{"Type":"1","count":"1"}},{"shape_attributes":{"name":"circle","cx":75,"cy":247,"r":8.515},"region_attributes":{"Type":"2","count":"4"}},{"shape_attributes":{"name":"circle","cx":90,"cy":238,"r":11},"region_attributes":{"Type":"2","count":"8"}},{"shape_attributes":{"name":"circle","cx":102,"cy":236,"r":10},"region_attributes":{"Type":"1","count":"1"}},{"shape_attributes":{"name":"circle","cx":56,"cy":281,"r":13},"region_attributes":{"Type":"2","count":"1"}},{"shape_attributes":{"name":"circle","cx":99,"cy":279,"r":9},"region_attributes":{"Type":"1","count":"2"}},{"shape_attributes":{"name":"circle","cx":83,"cy":291,"r":8},"region_attributes":{"Type":"3","count":"1"}},{"shape_attributes":{"name":"circle","cx":82,"cy":302,"r":10},"region_attributes":{"Type":"3","count":"1"}},{"shape_attributes":{"name":"circle","cx":100,"cy":306,"r":11},"region_attributes":{"Type":"1","count":"5"}},{"shape_attributes":{"name":"circle","cx":108,"cy":394,"r":9},"region_attributes":{"Type":"3","count":"1"}},{"shape_attributes":{"name":"circle","cx":50,"cy":484,"r":13},"region_attributes":{"Type":"2","count":"6"}},{"shape_attributes":{"name":"circle","cx":54,"cy":309,"r":16},"region_attributes":{"Type":"2","count":"1"}}],"file_attributes":{"date":"2022-04-29","temp":"","rain":"2","neighborhood":"Sherman Height","total_count":""}},"https://drive.google.com/uc?export=view&id=1DNNomGWc0g_xN1YAHTJnBuktX7hmlHHo\n":{"filename":"https://drive.google.com/uc?export=view&id=1DNNomGWc0g_xN1YAHTJnBuktX7hmlHHo\n","size":-1,"regions":[{"shape_attributes":{"name":"circle","cx":105,"cy":47,"r":12},"region_attributes":{"Type":"2","count":"1"}},{"shape_attributes":{"name":"circle","cx":47,"cy":72,"r":18},"region_attributes":{"Type":"2","count":"5"}},{"shape_attributes":{"name":"circle","cx":75,"cy":78,"r":10},"region_attributes":{"Type":"2","count":"1"}},{"shape_attributes":{"name":"circle","cx":90,"cy":73,"r":13},"region_attributes":{"Type":"2","count":"3"}},{"shape_attributes":{"name":"circle","cx":51,"cy":140,"r":15},"region_attributes":{"Type":"2","count":"4"}},{"shape_attributes":{"name":"circle","cx":46,"cy":218,"r":15},"region_attributes":{"Type":"2","count":"7"}},{"shape_attributes":{"name":"circle","cx":86,"cy":213,"r":12},"region_attributes":{"Type":"2","count":"6"}},{"shape_attributes":{"name":"circle","cx":73,"cy":212,"r":9},"region_attributes":{"Type":"3","count":"1"}},{"shape_attributes":{"name":"circle","cx":79,"cy":237,"r":15},"region_attributes":{"Type":"2","count":"9"}},{"shape_attributes":{"name":"circle","cx":84,"cy":284,"r":11.045},"region_attributes":{"Type":"2","count":"2"}},{"shape_attributes":{"name":"circle","cx":97,"cy":285,"r":11},"region_attributes":{"Type":"3","count":"1"}},{"shape_attributes":{"name":"circle","cx":84,"cy":309,"r":15},"region_attributes":{"Type":"2","count":"8"}},{"shape_attributes":{"name":"circle","cx":106,"cy":449,"r":10},"region_attributes":{"Type":"3","count":"1"}},{"shape_attributes":{"name":"circle","cx":49,"cy":493,"r":16},"region_attributes":{"Type":"2","count":"5"}},{"shape_attributes":{"name":"circle","cx":93,"cy":494,"r":14},"region_attributes":{"Type":"1","count":"2"}}],"file_attributes":{"date":"2022-05-27","temp":"","rain":"2","neighborhood":"Sherman Height","total_count":""}},"https://drive.google.com/uc?export=view&id=15t2vGr61LBNvX3-5fSPna4EsAP-C7JkN\n":{"filename":"https://drive.google.com/uc?export=view&id=15t2vGr61LBNvX3-5fSPna4EsAP-C7JkN\n","size":-1,"regions":[{"shape_attributes":{"name":"circle","cx":25,"cy":142,"r":7},"region_attributes":{"Type":"1","count":"1"}},{"shape_attributes":{"name":"circle","cx":40,"cy":143,"r":9},"region_attributes":{"Type":"2","count":"3"}},{"shape_attributes":{"name":"circle","cx":37,"cy":159,"r":8},"region_attributes":{"Type":"1","count":"3"}},{"shape_attributes":{"name":"circle","cx":24,"cy":209,"r":9.552},"region_attributes":{"Type":"2","count":"2"}},{"shape_attributes":{"name":"circle","cx":35,"cy":209,"r":8},"region_attributes":{"Type":"1","count":"1"}},{"shape_attributes":{"name":"circle","cx":27,"cy":233,"r":12},"region_attributes":{"Type":"2","count":"5"}},{"shape_attributes":{"name":"circle","cx":42,"cy":233,"r":9},"region_attributes":{"Type":"1","count":"4"}},{"shape_attributes":{"name":"circle","cx":46,"cy":259,"r":13},"region_attributes":{"Type":"2","count":"3"}},{"shape_attributes":{"name":"circle","cx":66,"cy":237,"r":11},"region_attributes":{"Type":"2","count":"1"}},{"shape_attributes":{"name":"circle","cx":38,"cy":290,"r":11},"region_attributes":{"Type":"2","count":"7"}},{"shape_attributes":{"name":"circle","cx":69,"cy":284,"r":10},"region_attributes":{"Type":"2","count":"1"}},{"shape_attributes":{"name":"circle","cx":35,"cy":308,"r":12},"region_attributes":{"Type":"2","count":"7"}},{"shape_attributes":{"name":"circle","cx":51,"cy":307,"r":11},"region_attributes":{"Type":"1","count":"2"}},{"shape_attributes":{"name":"circle","cx":102,"cy":310,"r":11},"region_attributes":{"Type":"2","count":"4"}},{"shape_attributes":{"name":"circle","cx":103,"cy":326,"r":10},"region_attributes":{"Type":"3","count":"1"}},{"shape_attributes":{"name":"circle","cx":103,"cy":342,"r":8},"region_attributes":{"Type":"1","count":"1"}}],"file_attributes":{"date":"2022-06-30","temp":"","rain":"2","neighborhood":"Sherman Height","total_count":""}},"https://drive.google.com/uc?export=view&id=1iVSivlVd2RVq8IMKKc5N6V242wYxbFcs\n":{"filename":"https://drive.google.com/uc?export=view&id=1iVSivlVd2RVq8IMKKc5N6V242wYxbFcs\n","size":-1,"regions":[{"shape_attributes":{"name":"circle","cx":89,"cy":67,"r":11},"region_attributes":{"Type":"2","count":"1"}},{"shape_attributes":{"name":"circle","cx":82,"cy":135,"r":12},"region_attributes":{"Type":"2","count":"2"}},{"shape_attributes":{"name":"circle","cx":82,"cy":160,"r":7},"region_attributes":{"Type":"1","count":"1"}},{"shape_attributes":{"name":"circle","cx":69,"cy":210,"r":7},"region_attributes":{"Type":"1","count":"2"}},{"shape_attributes":{"name":"circle","cx":90,"cy":210,"r":8},"region_attributes":{"Type":"2","count":"1"}},{"shape_attributes":{"name":"circle","cx":71,"cy":233,"r":7},"region_attributes":{"Type":"1","count":"1"}},{"shape_attributes":{"name":"circle","cx":89,"cy":235,"r":11},"region_attributes":{"Type":"2","count":"8"}},{"shape_attributes":{"name":"circle","cx":72,"cy":279,"r":9},"region_attributes":{"Type":"1","count":"4"}},{"shape_attributes":{"name":"circle","cx":86,"cy":278,"r":9},"region_attributes":{"Type":"2","count":"7"}},{"shape_attributes":{"name":"circle","cx":84,"cy":305,"r":10},"region_attributes":{"Type":"2","count":"6"}},{"shape_attributes":{"name":"circle","cx":95,"cy":297,"r":9},"region_attributes":{"Type":"3","count":"1"}}],"file_attributes":{"date":"2022=07-29","temp":"","rain":"2","neighborhood":"Sherman Height","total_count":""}},"https://drive.google.com/uc?export=view&id=1HChBmN5GQYlkhg-TBUTL7Y1a06Z_OKny\n":{"filename":"https://drive.google.com/uc?export=view&id=1HChBmN5GQYlkhg-TBUTL7Y1a06Z_OKny\n","size":-1,"regions":[{"shape_attributes":{"name":"circle","cx":68,"cy":108,"r":8},"region_attributes":{"Type":"1","count":"1"}},{"shape_attributes":{"name":"circle","cx":42,"cy":140,"r":9},"region_attributes":{"Type":"2","count":"1"}},{"shape_attributes":{"name":"circle","cx":45,"cy":155,"r":8},"region_attributes":{"Type":"2","count":"1"}},{"shape_attributes":{"name":"circle","cx":32,"cy":209,"r":10},"region_attributes":{"Type":"2","count":"4"}},{"shape_attributes":{"name":"circle","cx":41,"cy":205,"r":9},"region_attributes":{"Type":"1","count":"1"}},{"shape_attributes":{"name":"circle","cx":34,"cy":230,"r":12},"region_attributes":{"Type":"2","count":"5"}},{"shape_attributes":{"name":"circle","cx":46,"cy":225,"r":10},"region_attributes":{"Type":"1","count":"2"}},{"shape_attributes":{"name":"circle","cx":18,"cy":288,"r":11},"region_attributes":{"Type":"1","count":"2"}},{"shape_attributes":{"name":"circle","cx":35,"cy":283,"r":10},"region_attributes":{"Type":"3","count":"2"}},{"shape_attributes":{"name":"circle","cx":46,"cy":279,"r":11},"region_attributes":{"Type":"2","count":"8"}},{"shape_attributes":{"name":"circle","cx":24,"cy":310,"r":13},"region_attributes":{"Type":"2","count":"12"}},{"shape_attributes":{"name":"circle","cx":38,"cy":314,"r":9},"region_attributes":{"Type":"1","count":"4"}},{"shape_attributes":{"name":"circle","cx":44,"cy":310,"r":10},"region_attributes":{"Type":"3","count":"1"}},{"shape_attributes":{"name":"circle","cx":94,"cy":331,"r":12},"region_attributes":{"Type":"2","count":"1"}},{"shape_attributes":{"name":"circle","cx":93,"cy":374,"r":12},"region_attributes":{"Type":"2","count":"2"}},{"shape_attributes":{"name":"circle","cx":101,"cy":395,"r":13},"region_attributes":{"Type":"3","count":"1"}},{"shape_attributes":{"name":"circle","cx":97,"cy":432,"r":12},"region_attributes":{"Type":"2","count":"1"}},{"shape_attributes":{"name":"circle","cx":85,"cy":454,"r":11},"region_attributes":{"Type":"2","count":"1"}},{"shape_attributes":{"name":"circle","cx":82,"cy":481,"r":9},"region_attributes":{"Type":"2","count":"2"}},{"shape_attributes":{"name":"circle","cx":80,"cy":495,"r":8},"region_attributes":{"Type":"1","count":"2\n"}}],"file_attributes":{"date":"2022-08-25","temp":"","rain":"2","neighborhood":"Sherman Height","total_count":""}},"https://drive.google.com/uc?export=view&id=1i9a3WESGIPDGNUt0sl8pB0ELlIwD4CbM\n":{"filename":"https://drive.google.com/uc?export=view&id=1i9a3WESGIPDGNUt0sl8pB0ELlIwD4CbM\n","size":-1,"regions":[{"shape_attributes":{"name":"circle","cx":71,"cy":209,"r":9},"region_attributes":{"Type":"2","count":"6"}},{"shape_attributes":{"name":"circle","cx":86,"cy":208,"r":9},"region_attributes":{"Type":"1","count":"2"}},{"shape_attributes":{"name":"circle","cx":75,"cy":234,"r":11},"region_attributes":{"Type":"2","count":"10"}},{"shape_attributes":{"name":"circle","cx":92,"cy":234,"r":8},"region_attributes":{"Type":"1","count":"2"}},{"shape_attributes":{"name":"circle","cx":71,"cy":280,"r":14},"region_attributes":{"Type":"2","count":"11"}},{"shape_attributes":{"name":"circle","cx":90,"cy":279,"r":10},"region_attributes":{"Type":"1","count":"2"}},{"shape_attributes":{"name":"circle","cx":76,"cy":303,"r":13},"region_attributes":{"Type":"2","count":"10"}},{"shape_attributes":{"name":"circle","cx":92,"cy":298,"r":9},"region_attributes":{"Type":"3","count":"1"}},{"shape_attributes":{"name":"circle","cx":99,"cy":376,"r":6},"region_attributes":{"Type":"3","count":"1"}},{"shape_attributes":{"name":"circle","cx":100,"cy":393,"r":8},"region_attributes":{"Type":"3","count":"1"}},{"shape_attributes":{"name":"circle","cx":90,"cy":382,"r":9},"region_attributes":{"Type":"1","count":"3"}},{"shape_attributes":{"name":"circle","cx":100,"cy":414,"r":13},"region_attributes":{"Type":"2","count":"2"}},{"shape_attributes":{"name":"circle","cx":78,"cy":438,"r":13},"region_attributes":{"Type":"2","count":"1"}}],"file_attributes":{"date":"2022-09-30","temp":"","rain":"2","neighborhood":"Sherman Height","total_count":""}},"https://drive.google.com/uc?export=view&id=1OXlHkKrTLbAyXv9FOIHHflR6e-CIE40m\n":{"filename":"https://drive.google.com/uc?export=view&id=1OXlHkKrTLbAyXv9FOIHHflR6e-CIE40m\n","size":-1,"regions":[{"shape_attributes":{"name":"circle","cx":46,"cy":79,"r":20},"region_attributes":{"Type":"2","count":"5"}},{"shape_attributes":{"name":"circle","cx":75,"cy":140,"r":11},"region_attributes":{"Type":"2","count":"1"}},{"shape_attributes":{"name":"circle","cx":68,"cy":159,"r":9},"region_attributes":{"Type":"1","count":"1"}},{"shape_attributes":{"name":"circle","cx":99,"cy":167,"r":11},"region_attributes":{"Type":"1","count":"2"}},{"shape_attributes":{"name":"circle","cx":72,"cy":207,"r":11},"region_attributes":{"Type":"2","count":"7"}},{"shape_attributes":{"name":"circle","cx":85,"cy":206,"r":12},"region_attributes":{"Type":"1","count":"4"}},{"shape_attributes":{"name":"circle","cx":79,"cy":235,"r":13},"region_attributes":{"Type":"2","count":"10"}},{"shape_attributes":{"name":"circle","cx":73,"cy":279,"r":9},"region_attributes":{"Type":"2","count":"1"}},{"shape_attributes":{"name":"circle","cx":48,"cy":300,"r":7},"region_attributes":{"Type":"3","count":"1"}},{"shape_attributes":{"name":"circle","cx":70,"cy":301,"r":7.81},"region_attributes":{"Type":"2","count":"6"}},{"shape_attributes":{"name":"circle","cx":82,"cy":300,"r":9},"region_attributes":{"Type":"1","count":"5"}},{"shape_attributes":{"name":"circle","cx":92,"cy":299,"r":10},"region_attributes":{"Type":"3","count":"1"}},{"shape_attributes":{"name":"circle","cx":69,"cy":351,"r":13},"region_attributes":{"Type":"2","count":"1"}},{"shape_attributes":{"name":"circle","cx":99,"cy":409,"r":15},"region_attributes":{"Type":"2","count":"3"}},{"shape_attributes":{"name":"circle","cx":36,"cy":471,"r":21},"region_attributes":{"Type":"2","count":"3"}},{"shape_attributes":{"name":"circle","cx":54,"cy":507,"r":9},"region_attributes":{"Type":"1","count":"4"}}],"file_attributes":{"date":"2022-10-28","temp":"","rain":"2","neighborhood":"Sherman Height","total_count":""}},"https://drive.google.com/uc?export=view&id=19L17TkUjHlEg3KWkNwNXQRiITLznjoMp\n":{"filename":"https://drive.google.com/uc?export=view&id=19L17TkUjHlEg3KWkNwNXQRiITLznjoMp\n","size":-1,"regions":[{"shape_attributes":{"name":"circle","cx":44,"cy":32,"r":14},"region_attributes":{"Type":"2","count":"2"}},{"shape_attributes":{"name":"circle","cx":44,"cy":147,"r":15},"region_attributes":{"Type":"2","count":"3"}},{"shape_attributes":{"name":"circle","cx":82,"cy":143,"r":10},"region_attributes":{"Type":"3","count":"1"}},{"shape_attributes":{"name":"circle","cx":74,"cy":157,"r":10},"region_attributes":{"Type":"3","count":"1"}},{"shape_attributes":{"name":"circle","cx":84,"cy":159,"r":9},"region_attributes":{"Type":"1","count":"1"}},{"shape_attributes":{"name":"circle","cx":96,"cy":158,"r":11},"region_attributes":{"Type":"2","count":"1"}},{"shape_attributes":{"name":"circle","cx":69,"cy":203,"r":8},"region_attributes":{"Type":"3","count":"1"}},{"shape_attributes":{"name":"circle","cx":80,"cy":212,"r":13},"region_attributes":{"Type":"2","count":"8"}},{"shape_attributes":{"name":"circle","cx":95,"cy":205,"r":9},"region_attributes":{"Type":"2","count":"2"}},{"shape_attributes":{"name":"circle","cx":81,"cy":236,"r":13},"region_attributes":{"Type":"2","count":"8"}},{"shape_attributes":{"name":"circle","cx":93,"cy":280,"r":10},"region_attributes":{"Type":"2","count":"1"}},{"shape_attributes":{"name":"circle","cx":77,"cy":281,"r":13},"region_attributes":{"Type":"2","count":"8"}},{"shape_attributes":{"name":"circle","cx":75,"cy":306,"r":11},"region_attributes":{"Type":"2","count":"12"}},{"shape_attributes":{"name":"circle","cx":94,"cy":304,"r":11},"region_attributes":{"Type":"3","count":"3"}},{"shape_attributes":{"name":"circle","cx":41,"cy":366,"r":11},"region_attributes":{"Type":"2","count":"3"}},{"shape_attributes":{"name":"circle","cx":94,"cy":382,"r":11},"region_attributes":{"Type":"2","count":"7"}},{"shape_attributes":{"name":"circle","cx":101,"cy":404,"r":11},"region_attributes":{"Type":"3","count":"1"}},{"shape_attributes":{"name":"circle","cx":80,"cy":428,"r":10},"region_attributes":{"Type":"2","count":"2"}}],"file_attributes":{"date":"2022-11-23","temp":"","rain":"2","neighborhood":"Sherman Height","total_count":""}},"https://drive.google.com/uc?export=view&id=1ALAvHKbwA3_VX4g_OXoe1sUFmieYBM4y\n":{"filename":"https://drive.google.com/uc?export=view&id=1ALAvHKbwA3_VX4g_OXoe1sUFmieYBM4y\n","size":-1,"regions":[{"shape_attributes":{"name":"circle","cx":71,"cy":82,"r":14},"region_attributes":{"Type":"2","count":"2"}},{"shape_attributes":{"name":"circle","cx":70,"cy":125,"r":13.01},"region_attributes":{"Type":"2","count":"3"}},{"shape_attributes":{"name":"circle","cx":78,"cy":141,"r":12},"region_attributes":{"Type":"3","count":"4"}},{"shape_attributes":{"name":"circle","cx":66,"cy":186,"r":12},"region_attributes":{"Type":"2","count":"1"}},{"shape_attributes":{"name":"circle","cx":80,"cy":212,"r":14},"region_attributes":{"Type":"2","count":"10"}},{"shape_attributes":{"name":"circle","cx":72,"cy":236,"r":10},"region_attributes":{"Type":"2","count":"9"}},{"shape_attributes":{"name":"circle","cx":91,"cy":233,"r":10.05},"region_attributes":{"Type":"3","count":"4"}},{"shape_attributes":{"name":"circle","cx":73,"cy":281,"r":13},"region_attributes":{"Type":"2","count":"10"}},{"shape_attributes":{"name":"circle","cx":94,"cy":286,"r":13},"region_attributes":{"Type":"3","count":"2"}},{"shape_attributes":{"name":"circle","cx":73,"cy":303,"r":16},"region_attributes":{"Type":"2","count":"15"}},{"shape_attributes":{"name":"circle","cx":92,"cy":303,"r":14},"region_attributes":{"Type":"1","count":"3"}},{"shape_attributes":{"name":"circle","cx":97,"cy":399,"r":13},"region_attributes":{"Type":"2","count":"2"}},{"shape_attributes":{"name":"circle","cx":102,"cy":413,"r":9},"region_attributes":{"Type":"3","count":"1"}}],"file_attributes":{"date":"2022-12-29","temp":"","rain":"2","neighborhood":"Sherman Height","total_count":""}}},"_via_attributes":{"region":{"Type":{"type":"dropdown","description":"","options":{"1":"Individual","2":"Structure","3":"Vehicle"},"default_options":{}},"count":{"type":"text","description":"","default_value":""}},"file":{"date":{"type":"text","description":"","default_value":""},"temp":{"type":"text","description":"","default_value":""},"rain":{"type":"dropdown","description":"","options":{"1":"rain","2":"clear"},"default_options":{"2":true}},"neighborhood":{"type":"text","description":"","default_value":"Sherman Height"},"total_count":{"type":"text","description":"","default_value":""}}},"_via_data_format_version":"2.0.10","_via_image_id_list":["https://drive.google.com/uc?export=view&id=1K4RA6AdwysD-MDFQjIKGTOveFjotYx2o\n","https://drive.google.com/uc?export=view&id=1gFJlbxzUqtf_ztQv_r19OEHab77K33xA\n","https://drive.google.com/uc?export=view&id=1tT4NwcMv2icpplVzFa7uuru-mUFOmvB3\n","https://drive.google.com/uc?export=view&id=1K1Wngbe5L0nXLf0Tep4XYNsMUcrGS1NG\n","https://drive.google.com/uc?export=view&id=1DNNomGWc0g_xN1YAHTJnBuktX7hmlHHo\n","https://drive.google.com/uc?export=view&id=15t2vGr61LBNvX3-5fSPna4EsAP-C7JkN\n","https://drive.google.com/uc?export=view&id=1iVSivlVd2RVq8IMKKc5N6V242wYxbFcs\n","https://drive.google.com/uc?export=view&id=1HChBmN5GQYlkhg-TBUTL7Y1a06Z_OKny\n","https://drive.google.com/uc?export=view&id=1i9a3WESGIPDGNUt0sl8pB0ELlIwD4CbM\n","https://drive.google.com/uc?export=view&id=1OXlHkKrTLbAyXv9FOIHHflR6e-CIE40m\n","https://drive.google.com/uc?export=view&id=19L17TkUjHlEg3KWkNwNXQRiITLznjoMp\n","https://drive.google.com/uc?export=view&id=1ALAvHKbwA3_VX4g_OXoe1sUFmieYBM4y\n"]}