{"_via_settings": {"ui": {"annotation_editor_height": 25, "annotation_editor_fontsize": 0.8, "leftsidebar_width": 18, "image_grid": {"img_height": 80, "rshape_fill": "none", "rshape_fill_opacity": 0.3, "rshape_stroke": "yellow", "rshape_stroke_width": 2, "show_region_shape": true, "show_image_policy": "all"}, "image": {"region_label": "__via_region_id__", "region_color": "__via_default_region_color__", "region_label_font": "10px Sans", "on_image_annotation_editor_placement": "NEAR_REGION"}}, "core": {"buffer_size": 18, "filepath": {}, "default_filepath": ""}, "project": {"name": "City Center_2020_gcp"}}, "_via_img_metadata": {"https://drive.google.com/uc?export=view&id=1VQoYwiKybUFrwUwpZoCyl4aWLGMquMu0\n": {"filename": "https://drive.google.com/uc?export=view&id=1VQoYwiKybUFrwUwpZoCyl4aWLGMquMu0\n", "size": -1, "regions": [{"shape_attributes": {"name": "rect", "x": 207, "y": 287, "width": 10, "height": 14}, "region_attributes": {"Intersection": "1"}}, {"shape_attributes": {"name": "rect", "x": 206, "y": 168, "width": 14, "height": 14}, "region_attributes": {"Intersection": "2"}}, {"shape_attributes": {"name": "rect", "x": 682, "y": 291, "width": 12, "height": 11}, "region_attributes": {"Intersection": "3"}}, {"shape_attributes": {"name": "rect", "x": 682, "y": 171, "width": 13, "height": 12}, "region_attributes": {"Intersection": "4"}}], "file_attributes": {"neighborhood": "City Center"}}, "https://drive.google.com/uc?export=view&id=1vahe3W6EHX2oIWsVxup8J6xzZ_g3qHlj\n": {"filename": "https://drive.google.com/uc?export=view&id=1vahe3W6EHX2oIWsVxup8J6xzZ_g3qHlj\n", "size": -1, "regions": [{"shape_attributes": {"name": "rect", "x": 195, "y": 288, "width": 21, "height": 18}, "region_attributes": {"Intersection": "1"}}, {"shape_attributes": {"name": "rect", "x": 195, "y": 170, "width": 14, "height": 14}, "region_attributes": {"Intersection": "2"}}, {"shape_attributes": {"name": "rect", "x": 676, "y": 291, "width": 15, "height": 11}, "region_attributes": {"Intersection": "3"}}, {"shape_attributes": {"name": "rect", "x": 677, "y": 172, "width": 13, "height": 12}, "region_attributes": {"Intersection": "4"}}], "file_attributes": {"neighborhood": "City Center"}}, "https://drive.google.com/uc?export=view&id=1rhdIPN_lp8T-TpTY47zR6uUOsgBwpqKr\n": {"filename": "https://drive.google.com/uc?export=view&id=1rhdIPN_lp8T-TpTY47zR6uUOsgBwpqKr\n", "size": -1, "regions": [{"shape_attributes": {"name": "rect", "x": 227, "y": 294, "width": 10, "height": 14}, "region_attributes": {"Intersection": "1"}}, {"shape_attributes": {"name": "rect", "x": 223, "y": 174, "width": 14, "height": 14}, "region_attributes": {"Intersection": "2"}}, {"shape_attributes": {"name": "rect", "x": 698, "y": 298, "width": 12, "height": 11}, "region_attributes": {"Intersection": "3"}}, {"shape_attributes": {"name": "rect", "x": 699, "y": 174, "width": 13, "height": 12}, "region_attributes": {"Intersection": "4"}}], "file_attributes": {"neighborhood": "City Center"}}, "https://drive.google.com/uc?export=view&id=1NjWQ9Eb0LGKdJhRg91r_7bcgEiTefBQv\n": {"filename": "https://drive.google.com/uc?export=view&id=1NjWQ9Eb0LGKdJhRg91r_7bcgEiTefBQv\n", "size": -1, "regions": [{"shape_attributes": {"name": "rect", "x": 197, "y": 293, "width": 14, "height": 18}, "region_attributes": {"Intersection": "1"}}, {"shape_attributes": {"name": "rect", "x": 201, "y": 176, "width": 14, "height": 14}, "region_attributes": {"Intersection": "2"}}, {"shape_attributes": {"name": "rect", "x": 662, "y": 296, "width": 12, "height": 11}, "region_attributes": {"Intersection": "3"}}, {"shape_attributes": {"name": "rect", "x": 660, "y": 179, "width": 13, "height": 12}, "region_attributes": {"Intersection": "4"}}], "file_attributes": {"neighborhood": "City Center"}}, "https://drive.google.com/uc?export=view&id=1pS89hc01A9ig48s-30kbMVxxv6BwjdDI\n": {"filename": "https://drive.google.com/uc?export=view&id=1pS89hc01A9ig48s-30kbMVxxv6BwjdDI\n", "size": -1, "regions": [{"shape_attributes": {"name": "rect", "x": 198, "y": 304, "width": 10, "height": 14}, "region_attributes": {"Intersection": "1"}}, {"shape_attributes": {"name": "rect", "x": 198, "y": 185, "width": 14, "height": 14}, "region_attributes": {"Intersection": "2"}}, {"shape_attributes": {"name": "rect", "x": 676, "y": 306, "width": 12, "height": 11}, "region_attributes": {"Intersection": "3"}}, {"shape_attributes": {"name": "rect", "x": 677, "y": 182, "width": 13, "height": 12}, "region_attributes": {"Intersection": "4"}}], "file_attributes": {"neighborhood": "City Center"}}, "https://drive.google.com/uc?export=view&id=1irFT6-ILEpGxt3p2HY_3szZnhn7EajD9\n": {"filename": "https://drive.google.com/uc?export=view&id=1irFT6-ILEpGxt3p2HY_3szZnhn7EajD9\n", "size": -1, "regions": [{"shape_attributes": {"name": "rect", "x": 202, "y": 308, "width": 12, "height": 16}, "region_attributes": {"Intersection": "1"}}, {"shape_attributes": {"name": "rect", "x": 202, "y": 185, "width": 14, "height": 14}, "region_attributes": {"Intersection": "2"}}, {"shape_attributes": {"name": "rect", "x": 679, "y": 308, "width": 12, "height": 11}, "region_attributes": {"Intersection": "3"}}, {"shape_attributes": {"name": "rect", "x": 677, "y": 186, "width": 13, "height": 12}, "region_attributes": {"Intersection": "4"}}], "file_attributes": {"neighborhood": "City Center"}}, "https://drive.google.com/uc?export=view&id=17y76zB0DgP5JZcDxELmh7w4G7kFvzTCT\n": {"filename": "https://drive.google.com/uc?export=view&id=17y76zB0DgP5JZcDxELmh7w4G7kFvzTCT\n", "size": -1, "regions": [{"shape_attributes": {"name": "rect", "x": 202, "y": 308, "width": 12, "height": 16}, "region_attributes": {"Intersection": "1"}}, {"shape_attributes": {"name": "rect", "x": 202, "y": 185, "width": 14, "height": 14}, "region_attributes": {"Intersection": "2"}}, {"shape_attributes": {"name": "rect", "x": 679, "y": 308, "width": 12, "height": 11}, "region_attributes": {"Intersection": "3"}}, {"shape_attributes": {"name": "rect", "x": 677, "y": 186, "width": 13, "height": 12}, "region_attributes": {"Intersection": "4"}}], "file_attributes": {"neighborhood": "City Center"}}, "https://drive.google.com/uc?export=view&id=1pei5OsQgZLURJJrujrOGnChYRMV9tiKr\n": {"filename": "https://drive.google.com/uc?export=view&id=1pei5OsQgZLURJJrujrOGnChYRMV9tiKr\n", "size": -1, "regions": [{"shape_attributes": {"name": "rect", "x": 192, "y": 296, "width": 12, "height": 16}, "region_attributes": {"Intersection": "1"}}, {"shape_attributes": {"name": "rect", "x": 190, "y": 179, "width": 14, "height": 14}, "region_attributes": {"Intersection": "2"}}, {"shape_attributes": {"name": "rect", "x": 671, "y": 298, "width": 12, "height": 11}, "region_attributes": {"Intersection": "3"}}, {"shape_attributes": {"name": "rect", "x": 670, "y": 176, "width": 13, "height": 12}, "region_attributes": {"Intersection": "4"}}], "file_attributes": {"neighborhood": "City Center"}}, "https://drive.google.com/uc?export=view&id=1vGwRRJSL7D08wUlDlWuVlI0Ws1gob5t1\n": {"filename": "https://drive.google.com/uc?export=view&id=1vGwRRJSL7D08wUlDlWuVlI0Ws1gob5t1\n", "size": -1, "regions": [{"shape_attributes": {"name": "rect", "x": 202, "y": 308, "width": 12, "height": 16}, "region_attributes": {"Intersection": "1"}}, {"shape_attributes": {"name": "rect", "x": 202, "y": 185, "width": 14, "height": 14}, "region_attributes": {"Intersection": "2"}}, {"shape_attributes": {"name": "rect", "x": 679, "y": 308, "width": 12, "height": 11}, "region_attributes": {"Intersection": "3"}}, {"shape_attributes": {"name": "rect", "x": 677, "y": 186, "width": 13, "height": 12}, "region_attributes": {"Intersection": "4"}}], "file_attributes": {"neighborhood": "City Center"}}, "https://drive.google.com/uc?export=view&id=1uCPpe66iuKJOD8QG8PVm7YNvuss4iXE5\n": {"filename": "https://drive.google.com/uc?export=view&id=1uCPpe66iuKJOD8QG8PVm7YNvuss4iXE5\n", "size": -1, "regions": [{"shape_attributes": {"name": "rect", "x": 196, "y": 305, "width": 12, "height": 16}, "region_attributes": {"Intersection": "1"}}, {"shape_attributes": {"name": "rect", "x": 193, "y": 185, "width": 14, "height": 14}, "region_attributes": {"Intersection": "2"}}, {"shape_attributes": {"name": "rect", "x": 670, "y": 306, "width": 12, "height": 11}, "region_attributes": {"Intersection": "3"}}, {"shape_attributes": {"name": "rect", "x": 673, "y": 186, "width": 13, "height": 12}, "region_attributes": {"Intersection": "4"}}], "file_attributes": {"neighborhood": "City Center"}}, "https://drive.google.com/uc?export=view&id=1c0o6ijZ5NBnwvenETHcVlxvEcFn9dRze\n": {"filename": "https://drive.google.com/uc?export=view&id=1c0o6ijZ5NBnwvenETHcVlxvEcFn9dRze\n", "size": -1, "regions": [{"shape_attributes": {"name": "rect", "x": 202, "y": 308, "width": 12, "height": 16}, "region_attributes": {"Intersection": "1"}}, {"shape_attributes": {"name": "rect", "x": 202, "y": 185, "width": 14, "height": 14}, "region_attributes": {"Intersection": "2"}}, {"shape_attributes": {"name": "rect", "x": 679, "y": 308, "width": 12, "height": 11}, "region_attributes": {"Intersection": "3"}}, {"shape_attributes": {"name": "rect", "x": 677, "y": 186, "width": 13, "height": 12}, "region_attributes": {"Intersection": "4"}}], "file_attributes": {"neighborhood": "City Center"}}, "https://drive.google.com/uc?export=view&id=1RX4768ySWOtRKYPoGwOzqaHhrnakaqgz\n": {"filename": "https://drive.google.com/uc?export=view&id=1RX4768ySWOtRKYPoGwOzqaHhrnakaqgz\n", "size": -1, "regions": [{"shape_attributes": {"name": "rect", "x": 165, "y": 292, "width": 14, "height": 16}, "region_attributes": {"Intersection": "1"}}, {"shape_attributes": {"name": "rect", "x": 163, "y": 166, "width": 14, "height": 14}, "region_attributes": {"Intersection": "2"}}, {"shape_attributes": {"name": "rect", "x": 673, "y": 291, "width": 15, "height": 11}, "region_attributes": {"Intersection": "3"}}, {"shape_attributes": {"name": "rect", "x": 672, "y": 165, "width": 13, "height": 12}, "region_attributes": {"Intersection": "4"}}], "file_attributes": {"neighborhood": "City Center"}}}, "_via_attributes": {"region": {"Intersection": {"type": "dropdown", "description": "", "options": {"1": "Front_Broadway", "2": "Front_B", "3": "11th_Broadway", "4": "11th_B"}, "default_options": {}}}, "file": {"neighborhood": {"type": "text", "description": "", "default_value": "City Center"}}}, "_via_data_format_version": "2.0.10", "_via_image_id_list": ["https://drive.google.com/uc?export=view&id=1VQoYwiKybUFrwUwpZoCyl4aWLGMquMu0\n", "https://drive.google.com/uc?export=view&id=1vahe3W6EHX2oIWsVxup8J6xzZ_g3qHlj\n", "https://drive.google.com/uc?export=view&id=1rhdIPN_lp8T-TpTY47zR6uUOsgBwpqKr\n", "https://drive.google.com/uc?export=view&id=1NjWQ9Eb0LGKdJhRg91r_7bcgEiTefBQv\n", "https://drive.google.com/uc?export=view&id=1pS89hc01A9ig48s-30kbMVxxv6BwjdDI\n", "https://drive.google.com/uc?export=view&id=1irFT6-ILEpGxt3p2HY_3szZnhn7EajD9\n", "https://drive.google.com/uc?export=view&id=17y76zB0DgP5JZcDxELmh7w4G7kFvzTCT\n", "https://drive.google.com/uc?export=view&id=1pei5OsQgZLURJJrujrOGnChYRMV9tiKr\n", "https://drive.google.com/uc?export=view&id=1vGwRRJSL7D08wUlDlWuVlI0Ws1gob5t1\n", "https://drive.google.com/uc?export=view&id=1uCPpe66iuKJOD8QG8PVm7YNvuss4iXE5\n", "https://drive.google.com/uc?export=view&id=1c0o6ijZ5NBnwvenETHcVlxvEcFn9dRze\n", "https://drive.google.com/uc?export=view&id=1RX4768ySWOtRKYPoGwOzqaHhrnakaqgz\n"]}