{"_via_settings": {"ui": {"annotation_editor_height": 25, "annotation_editor_fontsize": 0.8, "leftsidebar_width": 18, "image_grid": {"img_height": 80, "rshape_fill": "none", "rshape_fill_opacity": 0.3, "rshape_stroke": "yellow", "rshape_stroke_width": 2, "show_region_shape": true, "show_image_policy": "all"}, "image": {"region_label": "__via_region_id__", "region_color": "__via_default_region_color__", "region_label_font": "10px Sans", "on_image_annotation_editor_placement": "NEAR_REGION"}}, "core": {"buffer_size": 18, "filepath": {}, "default_filepath": ""}, "project": {"name": "East Village South_2020_gcp"}}, "_via_img_metadata": {"https://drive.google.com/uc?export=view&id=1tpbGnwWhz72qXUuPe0z_UWSoSx8V_pd7\n": {"filename": "https://drive.google.com/uc?export=view&id=1tpbGnwWhz72qXUuPe0z_UWSoSx8V_pd7\n", "size": -1, "regions": [{"shape_attributes": {"name": "rect", "x": 161, "y": 136, "width": 11, "height": 11}, "region_attributes": {"Intersection": "1"}}, {"shape_attributes": {"name": "rect", "x": 627, "y": 420, "width": 12, "height": 11}, "region_attributes": {"Intersection": "2"}}, {"shape_attributes": {"name": "rect", "x": 158, "y": 410, "width": 14, "height": 11}, "region_attributes": {"Intersection": "3"}}, {"shape_attributes": {"name": "rect", "x": 625, "y": 136, "width": 12, "height": 10}, "region_attributes": {"Intersection": "4"}}], "file_attributes": {"neighborhood": "East Village South"}}, "https://drive.google.com/uc?export=view&id=166AZTAzTEvxVS1ygg77s-4GjsBn31Pst\n": {"filename": "https://drive.google.com/uc?export=view&id=166AZTAzTEvxVS1ygg77s-4GjsBn31Pst\n", "size": -1, "regions": [{"shape_attributes": {"name": "rect", "x": 151, "y": 145, "width": 11, "height": 11}, "region_attributes": {"Intersection": "1"}}, {"shape_attributes": {"name": "rect", "x": 616, "y": 427, "width": 12, "height": 11}, "region_attributes": {"Intersection": "2"}}, {"shape_attributes": {"name": "rect", "x": 148, "y": 419, "width": 14, "height": 11}, "region_attributes": {"Intersection": "3"}}, {"shape_attributes": {"name": "rect", "x": 615, "y": 145, "width": 12, "height": 10}, "region_attributes": {"Intersection": "4"}}], "file_attributes": {"neighborhood": "East Village South"}}, "https://drive.google.com/uc?export=view&id=1ipRjN1IMO8oMT0lLCy1q4mbSLgN7ARMC\n": {"filename": "https://drive.google.com/uc?export=view&id=1ipRjN1IMO8oMT0lLCy1q4mbSLgN7ARMC\n", "size": -1, "regions": [{"shape_attributes": {"name": "rect", "x": 178, "y": 147, "width": 11, "height": 11}, "region_attributes": {"Intersection": "1"}}, {"shape_attributes": {"name": "rect", "x": 640, "y": 428, "width": 12, "height": 11}, "region_attributes": {"Intersection": "2"}}, {"shape_attributes": {"name": "rect", "x": 175, "y": 419, "width": 14, "height": 11}, "region_attributes": {"Intersection": "3"}}, {"shape_attributes": {"name": "rect", "x": 640, "y": 148, "width": 12, "height": 10}, "region_attributes": {"Intersection": "4"}}], "file_attributes": {"neighborhood": "East Village South"}}, "https://drive.google.com/uc?export=view&id=1MA9rrb-kQLwzhqnGMns4HjzaAxrA2cyp\n": {"filename": "https://drive.google.com/uc?export=view&id=1MA9rrb-kQLwzhqnGMns4HjzaAxrA2cyp\n", "size": -1, "regions": [{"shape_attributes": {"name": "rect", "x": 152, "y": 149, "width": 11, "height": 11}, "region_attributes": {"Intersection": "1"}}, {"shape_attributes": {"name": "rect", "x": 602, "y": 426, "width": 12, "height": 11}, "region_attributes": {"Intersection": "2"}}, {"shape_attributes": {"name": "rect", "x": 149, "y": 415, "width": 14, "height": 11}, "region_attributes": {"Intersection": "3"}}, {"shape_attributes": {"name": "rect", "x": 603, "y": 152, "width": 12, "height": 10}, "region_attributes": {"Intersection": "4"}}], "file_attributes": {"neighborhood": "East Village South"}}, "https://drive.google.com/uc?export=view&id=1k_RODyEeldinCz_T-NrtrdUD4LcCJHME\n": {"filename": "https://drive.google.com/uc?export=view&id=1k_RODyEeldinCz_T-NrtrdUD4LcCJHME\n", "size": -1, "regions": [{"shape_attributes": {"name": "rect", "x": 151, "y": 151, "width": 11, "height": 11}, "region_attributes": {"Intersection": "1"}}, {"shape_attributes": {"name": "rect", "x": 615, "y": 437, "width": 12, "height": 11}, "region_attributes": {"Intersection": "2"}}, {"shape_attributes": {"name": "rect", "x": 147, "y": 428, "width": 14, "height": 11}, "region_attributes": {"Intersection": "3"}}, {"shape_attributes": {"name": "rect", "x": 615, "y": 152, "width": 12, "height": 10}, "region_attributes": {"Intersection": "4"}}], "file_attributes": {"neighborhood": "East Village South"}}, "https://drive.google.com/uc?export=view&id=1FHFOrbE1s7OY-7gdemJJZBkRhqQrcExx\n": {"filename": "https://drive.google.com/uc?export=view&id=1FHFOrbE1s7OY-7gdemJJZBkRhqQrcExx\n", "size": -1, "regions": [{"shape_attributes": {"name": "rect", "x": 154, "y": 156, "width": 11, "height": 11}, "region_attributes": {"Intersection": "1"}}, {"shape_attributes": {"name": "rect", "x": 617, "y": 440, "width": 12, "height": 11}, "region_attributes": {"Intersection": "2"}}, {"shape_attributes": {"name": "rect", "x": 150, "y": 431, "width": 14, "height": 11}, "region_attributes": {"Intersection": "3"}}, {"shape_attributes": {"name": "rect", "x": 617, "y": 156, "width": 12, "height": 10}, "region_attributes": {"Intersection": "4"}}], "file_attributes": {"neighborhood": "East Village South"}}, "https://drive.google.com/uc?export=view&id=1_Ku4FaybtgRAlG4WE6P57v_gOxdufK-B\n": {"filename": "https://drive.google.com/uc?export=view&id=1_Ku4FaybtgRAlG4WE6P57v_gOxdufK-B\n", "size": -1, "regions": [{"shape_attributes": {"name": "rect", "x": 151, "y": 160, "width": 11, "height": 11}, "region_attributes": {"Intersection": "1"}}, {"shape_attributes": {"name": "rect", "x": 615, "y": 444, "width": 12, "height": 11}, "region_attributes": {"Intersection": "2"}}, {"shape_attributes": {"name": "rect", "x": 148, "y": 434, "width": 14, "height": 11}, "region_attributes": {"Intersection": "3"}}, {"shape_attributes": {"name": "rect", "x": 616, "y": 161, "width": 12, "height": 10}, "region_attributes": {"Intersection": "4"}}], "file_attributes": {"neighborhood": "East Village South"}}, "https://drive.google.com/uc?export=view&id=1lgU5SFxtVA2LwMnBXX0czjAnUZmWlcZv\n": {"filename": "https://drive.google.com/uc?export=view&id=1lgU5SFxtVA2LwMnBXX0czjAnUZmWlcZv\n", "size": -1, "regions": [{"shape_attributes": {"name": "rect", "x": 143, "y": 147, "width": 11, "height": 11}, "region_attributes": {"Intersection": "1"}}, {"shape_attributes": {"name": "rect", "x": 606, "y": 430, "width": 13, "height": 11}, "region_attributes": {"Intersection": "2"}}, {"shape_attributes": {"name": "rect", "x": 138, "y": 420, "width": 14, "height": 11}, "region_attributes": {"Intersection": "3"}}, {"shape_attributes": {"name": "rect", "x": 610, "y": 146, "width": 12, "height": 10}, "region_attributes": {"Intersection": "4"}}], "file_attributes": {"neighborhood": "East Village South"}}, "https://drive.google.com/uc?export=view&id=1N5wkOxHJNZae5yRTbZA7H5KFBYfpgHrW\n": {"filename": "https://drive.google.com/uc?export=view&id=1N5wkOxHJNZae5yRTbZA7H5KFBYfpgHrW\n", "size": -1, "regions": [{"shape_attributes": {"name": "rect", "x": 153, "y": 156, "width": 11, "height": 11}, "region_attributes": {"Intersection": "1"}}, {"shape_attributes": {"name": "rect", "x": 615, "y": 441, "width": 12, "height": 11}, "region_attributes": {"Intersection": "2"}}, {"shape_attributes": {"name": "rect", "x": 147, "y": 429, "width": 14, "height": 11}, "region_attributes": {"Intersection": "3"}}, {"shape_attributes": {"name": "rect", "x": 618, "y": 157, "width": 12, "height": 10}, "region_attributes": {"Intersection": "4"}}], "file_attributes": {"neighborhood": "East Village South"}}, "https://drive.google.com/uc?export=view&id=1L0qzDwghqgL1VNpUklkLKvNq_NlhdV53\n": {"filename": "https://drive.google.com/uc?export=view&id=1L0qzDwghqgL1VNpUklkLKvNq_NlhdV53\n", "size": -1, "regions": [{"shape_attributes": {"name": "rect", "x": 149, "y": 155, "width": 11, "height": 11}, "region_attributes": {"Intersection": "1"}}, {"shape_attributes": {"name": "rect", "x": 613, "y": 437, "width": 12, "height": 11}, "region_attributes": {"Intersection": "2"}}, {"shape_attributes": {"name": "rect", "x": 145, "y": 428, "width": 14, "height": 11}, "region_attributes": {"Intersection": "3"}}, {"shape_attributes": {"name": "rect", "x": 615, "y": 152, "width": 12, "height": 10}, "region_attributes": {"Intersection": "4"}}], "file_attributes": {"neighborhood": "East Village South"}}, "https://drive.google.com/uc?export=view&id=15n8926qbueHx58Qenj93VlvSAmQND8vb\n": {"filename": "https://drive.google.com/uc?export=view&id=15n8926qbueHx58Qenj93VlvSAmQND8vb\n", "size": -1, "regions": [{"shape_attributes": {"name": "rect", "x": 151, "y": 154, "width": 11, "height": 11}, "region_attributes": {"Intersection": "1"}}, {"shape_attributes": {"name": "rect", "x": 614, "y": 439, "width": 12, "height": 11}, "region_attributes": {"Intersection": "2"}}, {"shape_attributes": {"name": "rect", "x": 147, "y": 429, "width": 14, "height": 11}, "region_attributes": {"Intersection": "3"}}, {"shape_attributes": {"name": "rect", "x": 614, "y": 155, "width": 12, "height": 10}, "region_attributes": {"Intersection": "4"}}], "file_attributes": {"neighborhood": "East Village South"}}, "https://drive.google.com/uc?export=view&id=18OC-wEsjejglo6IfQOcsQnl27ifgS4KJ\n": {"filename": "https://drive.google.com/uc?export=view&id=18OC-wEsjejglo6IfQOcsQnl27ifgS4KJ\n", "size": -1, "regions": [{"shape_attributes": {"name": "rect", "x": 115, "y": 133, "width": 11, "height": 11}, "region_attributes": {"Intersection": "1"}}, {"shape_attributes": {"name": "rect", "x": 611, "y": 433, "width": 12, "height": 11}, "region_attributes": {"Intersection": "2"}}, {"shape_attributes": {"name": "rect", "x": 111, "y": 426, "width": 14, "height": 11}, "region_attributes": {"Intersection": "3"}}, {"shape_attributes": {"name": "rect", "x": 611, "y": 131, "width": 12, "height": 10}, "region_attributes": {"Intersection": "4"}}], "file_attributes": {"neighborhood": "East Village South"}}}, "_via_attributes": {"region": {"Intersection": {"type": "dropdown", "description": "", "options": {"1": "7th_Market", "2": "16th_Imperial", "3": "7th_Imperial", "4": "16th_Market"}, "default_options": {}}}, "file": {"neighborhood": {"type": "text", "description": "", "default_value": "East Village South"}}}, "_via_data_format_version": "2.0.10", "_via_image_id_list": ["https://drive.google.com/uc?export=view&id=1tpbGnwWhz72qXUuPe0z_UWSoSx8V_pd7\n", "https://drive.google.com/uc?export=view&id=166AZTAzTEvxVS1ygg77s-4GjsBn31Pst\n", "https://drive.google.com/uc?export=view&id=1ipRjN1IMO8oMT0lLCy1q4mbSLgN7ARMC\n", "https://drive.google.com/uc?export=view&id=1MA9rrb-kQLwzhqnGMns4HjzaAxrA2cyp\n", "https://drive.google.com/uc?export=view&id=1k_RODyEeldinCz_T-NrtrdUD4LcCJHME\n", "https://drive.google.com/uc?export=view&id=1FHFOrbE1s7OY-7gdemJJZBkRhqQrcExx\n", "https://drive.google.com/uc?export=view&id=1_Ku4FaybtgRAlG4WE6P57v_gOxdufK-B\n", "https://drive.google.com/uc?export=view&id=1lgU5SFxtVA2LwMnBXX0czjAnUZmWlcZv\n", "https://drive.google.com/uc?export=view&id=1N5wkOxHJNZae5yRTbZA7H5KFBYfpgHrW\n", "https://drive.google.com/uc?export=view&id=1L0qzDwghqgL1VNpUklkLKvNq_NlhdV53\n", "https://drive.google.com/uc?export=view&id=15n8926qbueHx58Qenj93VlvSAmQND8vb\n", "https://drive.google.com/uc?export=view&id=18OC-wEsjejglo6IfQOcsQnl27ifgS4KJ\n"]}