{"_via_settings": {"ui": {"annotation_editor_height": 25, "annotation_editor_fontsize": 0.8, "leftsidebar_width": 18, "image_grid": {"img_height": 80, "rshape_fill": "none", "rshape_fill_opacity": 0.3, "rshape_stroke": "yellow", "rshape_stroke_width": 2, "show_region_shape": true, "show_image_policy": "all"}, "image": {"region_label": "__via_region_id__", "region_color": "__via_default_region_color__", "region_label_font": "10px Sans", "on_image_annotation_editor_placement": "NEAR_REGION"}}, "core": {"buffer_size": 18, "filepath": {}, "default_filepath": ""}, "project": {"name": "Marina_2021_gcp"}}, "_via_img_metadata": {"https://drive.google.com/uc?export=view&id=1ZJZBsqYXXCkWhViNcxxLfp000eYUbi9t\n": {"filename": "https://drive.google.com/uc?export=view&id=1ZJZBsqYXXCkWhViNcxxLfp000eYUbi9t\n", "size": -1, "regions": [{"shape_attributes": {"name": "rect", "x": 173, "y": 186, "width": 15, "height": 13}, "region_attributes": {"Intersection": "2"}}, {"shape_attributes": {"name": "rect", "x": 172, "y": 253, "width": 14, "height": 12}, "region_attributes": {"Intersection": "1"}}, {"shape_attributes": {"name": "rect", "x": 590, "y": 187, "width": 15, "height": 14}, "region_attributes": {"Intersection": "4"}}, {"shape_attributes": {"name": "rect", "x": 589, "y": 462, "width": 12, "height": 11}, "region_attributes": {"Intersection": "3"}}], "file_attributes": {"neighborhood": "Marina"}}, "https://drive.google.com/uc?export=view&id=1A5ypoK7ytblIQRCwc5_-gk5WaPBzC9Tt\n": {"filename": "https://drive.google.com/uc?export=view&id=1A5ypoK7ytblIQRCwc5_-gk5WaPBzC9Tt\n", "size": -1, "regions": [{"shape_attributes": {"name": "rect", "x": 155, "y": 172, "width": 15, "height": 13}, "region_attributes": {"Intersection": "2"}}, {"shape_attributes": {"name": "rect", "x": 156, "y": 238, "width": 15, "height": 14}, "region_attributes": {"Intersection": "1"}}, {"shape_attributes": {"name": "rect", "x": 561, "y": 165, "width": 15, "height": 13}, "region_attributes": {"Intersection": "4"}}, {"shape_attributes": {"name": "rect", "x": 567, "y": 440, "width": 12, "height": 14}, "region_attributes": {"Intersection": "3"}}], "file_attributes": {"neighborhood": "Marina"}}, "https://drive.google.com/uc?export=view&id=11urDxx-zJnq7TilbYY5rz4PYjkv3vkvz\n": {"filename": "https://drive.google.com/uc?export=view&id=11urDxx-zJnq7TilbYY5rz4PYjkv3vkvz\n", "size": -1, "regions": [{"shape_attributes": {"name": "rect", "x": 170, "y": 192, "width": 15, "height": 12}, "region_attributes": {"Intersection": "2"}}, {"shape_attributes": {"name": "rect", "x": 171, "y": 257, "width": 15, "height": 14}, "region_attributes": {"Intersection": "1"}}, {"shape_attributes": {"name": "rect", "x": 576, "y": 191, "width": 14, "height": 14}, "region_attributes": {"Intersection": "4"}}, {"shape_attributes": {"name": "rect", "x": 579, "y": 460, "width": 11, "height": 12}, "region_attributes": {"Intersection": "3"}}], "file_attributes": {"neighborhood": "Marina"}}, "https://drive.google.com/uc?export=view&id=1nhCiddcwPWsMQ9wlvlaSqxFnYmGOOw_a\n": {"filename": "https://drive.google.com/uc?export=view&id=1nhCiddcwPWsMQ9wlvlaSqxFnYmGOOw_a\n", "size": -1, "regions": [{"shape_attributes": {"name": "rect", "x": 167, "y": 196, "width": 14, "height": 13}, "region_attributes": {"Intersection": "2"}}, {"shape_attributes": {"name": "rect", "x": 166, "y": 261, "width": 16, "height": 14}, "region_attributes": {"Intersection": "1"}}, {"shape_attributes": {"name": "rect", "x": 570, "y": 195, "width": 17, "height": 13}, "region_attributes": {"Intersection": "4"}}, {"shape_attributes": {"name": "rect", "x": 570, "y": 463, "width": 13, "height": 13}, "region_attributes": {"Intersection": "3"}}], "file_attributes": {"neighborhood": "Marina"}}, "https://drive.google.com/uc?export=view&id=1ncGrzQ9ktyt_05zQ2kUsmf0k9CaDA4PF\n": {"filename": "https://drive.google.com/uc?export=view&id=1ncGrzQ9ktyt_05zQ2kUsmf0k9CaDA4PF\n", "size": -1, "regions": [{"shape_attributes": {"name": "rect", "x": 168, "y": 186, "width": 14, "height": 13}, "region_attributes": {"Intersection": "2"}}, {"shape_attributes": {"name": "rect", "x": 168, "y": 251, "width": 13, "height": 13}, "region_attributes": {"Intersection": "1"}}, {"shape_attributes": {"name": "rect", "x": 570, "y": 185, "width": 15, "height": 15}, "region_attributes": {"Intersection": "4"}}, {"shape_attributes": {"name": "rect", "x": 573, "y": 454, "width": 13, "height": 14}, "region_attributes": {"Intersection": "3"}}], "file_attributes": {"neighborhood": "Marina"}}, "https://drive.google.com/uc?export=view&id=1ybuqENnGg7urJU50_GJmbqebERFqArmv\n": {"filename": "https://drive.google.com/uc?export=view&id=1ybuqENnGg7urJU50_GJmbqebERFqArmv\n", "size": -1, "regions": [{"shape_attributes": {"name": "rect", "x": 168, "y": 185, "width": 16, "height": 15}, "region_attributes": {"Intersection": "2"}}, {"shape_attributes": {"name": "rect", "x": 168, "y": 250, "width": 15, "height": 14}, "region_attributes": {"Intersection": "1"}}, {"shape_attributes": {"name": "rect", "x": 572, "y": 186, "width": 17, "height": 15}, "region_attributes": {"Intersection": "4"}}, {"shape_attributes": {"name": "rect", "x": 574, "y": 454, "width": 14, "height": 14}, "region_attributes": {"Intersection": "3"}}], "file_attributes": {"neighborhood": "Marina"}}, "https://drive.google.com/uc?export=view&id=1fKQxP70f99-ep0GiociB-BTwosIbNr6-\n": {"filename": "https://drive.google.com/uc?export=view&id=1fKQxP70f99-ep0GiociB-BTwosIbNr6-\n", "size": -1, "regions": [{"shape_attributes": {"name": "rect", "x": 157, "y": 186, "width": 17, "height": 13}, "region_attributes": {"Intersection": "2"}}, {"shape_attributes": {"name": "rect", "x": 157, "y": 254, "width": 16, "height": 13}, "region_attributes": {"Intersection": "1"}}, {"shape_attributes": {"name": "rect", "x": 573, "y": 182, "width": 16, "height": 13}, "region_attributes": {"Intersection": "4"}}, {"shape_attributes": {"name": "rect", "x": 576, "y": 457, "width": 14, "height": 14}, "region_attributes": {"Intersection": "3"}}], "file_attributes": {"neighborhood": "Marina"}}, "https://drive.google.com/uc?export=view&id=1Dsibyd9ZKHiEv92sqrhif-a3HiPJ6FIb\n": {"filename": "https://drive.google.com/uc?export=view&id=1Dsibyd9ZKHiEv92sqrhif-a3HiPJ6FIb\n", "size": -1, "regions": [{"shape_attributes": {"name": "rect", "x": 149, "y": 166, "width": 16, "height": 15}, "region_attributes": {"Intersection": "2"}}, {"shape_attributes": {"name": "rect", "x": 149, "y": 239, "width": 15, "height": 14}, "region_attributes": {"Intersection": "1"}}, {"shape_attributes": {"name": "rect", "x": 593, "y": 166, "width": 17, "height": 13}, "region_attributes": {"Intersection": "4"}}, {"shape_attributes": {"name": "rect", "x": 595, "y": 459, "width": 15, "height": 15}, "region_attributes": {"Intersection": "3"}}], "file_attributes": {"neighborhood": "Marina"}}, "https://drive.google.com/uc?export=view&id=1yaK-JzrwBepwiRskKBL5zna4WIQaGwBS\n": {"filename": "https://drive.google.com/uc?export=view&id=1yaK-JzrwBepwiRskKBL5zna4WIQaGwBS\n", "size": -1, "regions": [{"shape_attributes": {"name": "rect", "x": 161, "y": 173, "width": 16, "height": 15}, "region_attributes": {"Intersection": "2"}}, {"shape_attributes": {"name": "rect", "x": 159, "y": 239, "width": 16, "height": 16}, "region_attributes": {"Intersection": "1"}}, {"shape_attributes": {"name": "rect", "x": 576, "y": 172, "width": 17, "height": 16}, "region_attributes": {"Intersection": "4"}}, {"shape_attributes": {"name": "rect", "x": 577, "y": 449, "width": 13, "height": 14}, "region_attributes": {"Intersection": "3"}}], "file_attributes": {"neighborhood": "Marina"}}, "https://drive.google.com/uc?export=view&id=1nXqJBd4MlYdACVWd295T7tUmaFT9cqae\n": {"filename": "https://drive.google.com/uc?export=view&id=1nXqJBd4MlYdACVWd295T7tUmaFT9cqae\n", "size": -1, "regions": [{"shape_attributes": {"name": "rect", "x": 128, "y": 141, "width": 15, "height": 14}, "region_attributes": {"Intersection": "2"}}, {"shape_attributes": {"name": "rect", "x": 127, "y": 207, "width": 15, "height": 13}, "region_attributes": {"Intersection": "1"}}, {"shape_attributes": {"name": "rect", "x": 542, "y": 139, "width": 15, "height": 16}, "region_attributes": {"Intersection": "4"}}, {"shape_attributes": {"name": "rect", "x": 544, "y": 416, "width": 12, "height": 13}, "region_attributes": {"Intersection": "3"}}], "file_attributes": {"neighborhood": "Marina"}}, "https://drive.google.com/uc?export=view&id=10vWkdxy3baNkkM08f48P5_BkeOlFIg0D\n": {"filename": "https://drive.google.com/uc?export=view&id=10vWkdxy3baNkkM08f48P5_BkeOlFIg0D\n", "size": -1, "regions": [{"shape_attributes": {"name": "rect", "x": 153, "y": 153, "width": 15, "height": 16}, "region_attributes": {"Intersection": "2"}}, {"shape_attributes": {"name": "rect", "x": 152, "y": 224, "width": 16, "height": 15}, "region_attributes": {"Intersection": "1"}}, {"shape_attributes": {"name": "rect", "x": 597, "y": 157, "width": 16, "height": 14}, "region_attributes": {"Intersection": "4"}}, {"shape_attributes": {"name": "rect", "x": 596, "y": 450, "width": 14, "height": 14}, "region_attributes": {"Intersection": "3"}}], "file_attributes": {"neighborhood": "Marina"}}, "https://drive.google.com/uc?export=view&id=1LjbEqZEVmSgOlSndlZ_ch6H9aVrkQeWd\n": {"filename": "https://drive.google.com/uc?export=view&id=1LjbEqZEVmSgOlSndlZ_ch6H9aVrkQeWd\n", "size": -1, "regions": [{"shape_attributes": {"name": "rect", "x": 162, "y": 174, "width": 15, "height": 15}, "region_attributes": {"Intersection": "2"}}, {"shape_attributes": {"name": "rect", "x": 162, "y": 240, "width": 16, "height": 14}, "region_attributes": {"Intersection": "1"}}, {"shape_attributes": {"name": "rect", "x": 576, "y": 173, "width": 15, "height": 14}, "region_attributes": {"Intersection": "4"}}, {"shape_attributes": {"name": "rect", "x": 578, "y": 447, "width": 13, "height": 14}, "region_attributes": {"Intersection": "3"}}], "file_attributes": {"neighborhood": "Marina"}}}, "_via_attributes": {"region": {"Intersection": {"type": "dropdown", "description": "", "options": {"1": "Ketner_Market", "2": "Ketner_G", "3": "3rd_K", "4": "3rd_G"}, "default_options": {}}}, "file": {"neighborhood": {"type": "text", "description": "", "default_value": "Marina"}}}, "_via_data_format_version": "2.0.10", "_via_image_id_list": ["https://drive.google.com/uc?export=view&id=1ZJZBsqYXXCkWhViNcxxLfp000eYUbi9t\n", "https://drive.google.com/uc?export=view&id=1A5ypoK7ytblIQRCwc5_-gk5WaPBzC9Tt\n", "https://drive.google.com/uc?export=view&id=11urDxx-zJnq7TilbYY5rz4PYjkv3vkvz\n", "https://drive.google.com/uc?export=view&id=1nhCiddcwPWsMQ9wlvlaSqxFnYmGOOw_a\n", "https://drive.google.com/uc?export=view&id=1ncGrzQ9ktyt_05zQ2kUsmf0k9CaDA4PF\n", "https://drive.google.com/uc?export=view&id=1ybuqENnGg7urJU50_GJmbqebERFqArmv\n", "https://drive.google.com/uc?export=view&id=1fKQxP70f99-ep0GiociB-BTwosIbNr6-\n", "https://drive.google.com/uc?export=view&id=1Dsibyd9ZKHiEv92sqrhif-a3HiPJ6FIb\n", "https://drive.google.com/uc?export=view&id=1yaK-JzrwBepwiRskKBL5zna4WIQaGwBS\n", "https://drive.google.com/uc?export=view&id=1nXqJBd4MlYdACVWd295T7tUmaFT9cqae\n", "https://drive.google.com/uc?export=view&id=10vWkdxy3baNkkM08f48P5_BkeOlFIg0D\n", "https://drive.google.com/uc?export=view&id=1LjbEqZEVmSgOlSndlZ_ch6H9aVrkQeWd\n"]}