{"_via_settings":{"ui":{"annotation_editor_height":25,"annotation_editor_fontsize":0.8,"leftsidebar_width":18,"image_grid":{"img_height":80,"rshape_fill":"none","rshape_fill_opacity":0.3,"rshape_stroke":"yellow","rshape_stroke_width":2,"show_region_shape":true,"show_image_policy":"all"},"image":{"region_label":"__via_region_id__","region_color":"__via_default_region_color__","region_label_font":"0px Sans","on_image_annotation_editor_placement":"NEAR_REGION"}},"core":{"buffer_size":"18","filepath":{},"default_filepath":""},"project":{"name":"East Village South_2018_count"}},"_via_img_metadata":{"https://drive.google.com/uc?export=view&id=1lEWWwRjmjRlvrZOX7-vz16cCKCEGQ33t\n":{"filename":"https://drive.google.com/uc?export=view&id=1lEWWwRjmjRlvrZOX7-vz16cCKCEGQ33t\n","size":-1,"regions":[{"shape_attributes":{"name":"circle","cx":930,"cy":2157,"r":94},"region_attributes":{"Type":"1","count":"1"}},{"shape_attributes":{"name":"circle","cx":1630,"cy":2027,"r":94},"region_attributes":{"Type":"1","count":"1"}},{"shape_attributes":{"name":"circle","cx":1285,"cy":1075,"r":94},"region_attributes":{"Type":"1","count":"1"}},{"shape_attributes":{"name":"circle","cx":1468,"cy":1231,"r":94},"region_attributes":{"Type":"1","count":"1"}},{"shape_attributes":{"name":"circle","cx":1834,"cy":1334,"r":94},"region_attributes":{"Type":"1","count":"1"}},{"shape_attributes":{"name":"circle","cx":1974,"cy":1215,"r":94},"region_attributes":{"Type":"1","count":"1"}},{"shape_attributes":{"name":"circle","cx":2071,"cy":1032,"r":94},"region_attributes":{"Type":"1","count":"1"}},{"shape_attributes":{"name":"circle","cx":2017,"cy":1404,"r":94},"region_attributes":{"Type":"1","count":"1"}},{"shape_attributes":{"name":"circle","cx":2350,"cy":1861,"r":94},"region_attributes":{"Type":"1","count":"1"}},{"shape_attributes":{"name":"circle","cx":2135,"cy":1936,"r":94},"region_attributes":{"Type":"1","count":"1"}},{"shape_attributes":{"name":"circle","cx":2662,"cy":1957,"r":94},"region_attributes":{"Type":"1","count":"1"}},{"shape_attributes":{"name":"circle","cx":742,"cy":2248,"r":94},"region_attributes":{"Type":"1","count":"1"}},{"shape_attributes":{"name":"circle","cx":742,"cy":2248,"r":94},"region_attributes":{"Type":"1","count":"1"}},{"shape_attributes":{"name":"circle","cx":2565,"cy":2065,"r":94},"region_attributes":{"Type":"1","count":"1"}},{"shape_attributes":{"name":"circle","cx":2861,"cy":2054,"r":94},"region_attributes":{"Type":"1","count":"1"}},{"shape_attributes":{"name":"circle","cx":2339,"cy":2060,"r":58.182},"region_attributes":{"Type":"1","count":"1"}},{"shape_attributes":{"name":"circle","cx":2237,"cy":2312,"r":94},"region_attributes":{"Type":"1","count":"1"}},{"shape_attributes":{"name":"circle","cx":3281,"cy":1855,"r":94},"region_attributes":{"Type":"1","count":"1"}},{"shape_attributes":{"name":"circle","cx":2872,"cy":1414,"r":94},"region_attributes":{"Type":"1","count":"1"}},{"shape_attributes":{"name":"circle","cx":3792,"cy":1328,"r":94},"region_attributes":{"Type":"1","count":"1"}},{"shape_attributes":{"name":"circle","cx":2813,"cy":2614,"r":94},"region_attributes":{"Type":"1","count":"1"}},{"shape_attributes":{"name":"circle","cx":2571,"cy":2710,"r":94},"region_attributes":{"Type":"1","count":"1"}},{"shape_attributes":{"name":"circle","cx":3803,"cy":2398,"r":94},"region_attributes":{"Type":"1","count":"1"}},{"shape_attributes":{"name":"circle","cx":2603,"cy":1839,"r":94},"region_attributes":{"Type":"1","count":"1"}},{"shape_attributes":{"name":"circle","cx":3685,"cy":2608,"r":94},"region_attributes":{"Type":"1","count":"1"}},{"shape_attributes":{"name":"circle","cx":3620,"cy":2522,"r":94},"region_attributes":{"Type":"1","count":"1"}},{"shape_attributes":{"name":"circle","cx":3550,"cy":2560,"r":94},"region_attributes":{"Type":"1","count":"1"}},{"shape_attributes":{"name":"circle","cx":3335,"cy":2581,"r":81.93},"region_attributes":{"Type":"1","count":"1"}},{"shape_attributes":{"name":"circle","cx":3776,"cy":2237,"r":94},"region_attributes":{"Type":"1","count":"1"}},{"shape_attributes":{"name":"circle","cx":678,"cy":1237,"r":101},"region_attributes":{"Type":"1","count":"3"}},{"shape_attributes":{"name":"circle","cx":796,"cy":1334,"r":84},"region_attributes":{"Type":"1","count":"4"}},{"shape_attributes":{"name":"circle","cx":1167,"cy":1259,"r":89},"region_attributes":{"Type":"1","count":"3"}},{"shape_attributes":{"name":"circle","cx":1216,"cy":1409,"r":89},"region_attributes":{"Type":"1","count":"3"}},{"shape_attributes":{"name":"circle","cx":1458,"cy":1415,"r":87},"region_attributes":{"Type":"1","count":"2"}},{"shape_attributes":{"name":"circle","cx":1296,"cy":1248,"r":58},"region_attributes":{"Type":"2","count":"1"}},{"shape_attributes":{"name":"circle","cx":1953,"cy":1022,"r":89},"region_attributes":{"Type":"1","count":"2"}},{"shape_attributes":{"name":"circle","cx":2577,"cy":920,"r":64.771},"region_attributes":{"Type":"1","count":"3"}},{"shape_attributes":{"name":"circle","cx":2238,"cy":957,"r":61},"region_attributes":{"Type":"1","count":"5"}},{"shape_attributes":{"name":"circle","cx":2248,"cy":1076,"r":84},"region_attributes":{"Type":"1","count":"1"}},{"shape_attributes":{"name":"circle","cx":2082,"cy":1614,"r":67},"region_attributes":{"Type":"1","count":"4"}},{"shape_attributes":{"name":"circle","cx":2442,"cy":1302,"r":67},"region_attributes":{"Type":"3","count":"1"}},{"shape_attributes":{"name":"circle","cx":2512,"cy":1103,"r":58},"region_attributes":{"Type":"1","count":"2"}},{"shape_attributes":{"name":"circle","cx":2555,"cy":1087,"r":60},"region_attributes":{"Type":"1","count":"6"}},{"shape_attributes":{"name":"circle","cx":2614,"cy":1097,"r":66},"region_attributes":{"Type":"2","count":"1"}},{"shape_attributes":{"name":"circle","cx":2991,"cy":963,"r":75},"region_attributes":{"Type":"1","count":"4"}},{"shape_attributes":{"name":"circle","cx":2856,"cy":1087,"r":87},"region_attributes":{"Type":"2","count":"1"}},{"shape_attributes":{"name":"circle","cx":2630,"cy":1221,"r":57},"region_attributes":{"Type":"1","count":"2"}},{"shape_attributes":{"name":"circle","cx":2636,"cy":1366,"r":60},"region_attributes":{"Type":"2","count":"1"}},{"shape_attributes":{"name":"circle","cx":2528,"cy":1630,"r":72},"region_attributes":{"Type":"1","count":"2"}},{"shape_attributes":{"name":"circle","cx":2480,"cy":1888,"r":91},"region_attributes":{"Type":"1","count":"2"}},{"shape_attributes":{"name":"circle","cx":3039,"cy":1716,"r":72},"region_attributes":{"Type":"1","count":"1"}},{"shape_attributes":{"name":"circle","cx":2835,"cy":1732,"r":75},"region_attributes":{"Type":"2","count":"1"}},{"shape_attributes":{"name":"circle","cx":2770,"cy":1920,"r":78},"region_attributes":{"Type":"1","count":"6"}},{"shape_attributes":{"name":"circle","cx":2431,"cy":2066,"r":92},"region_attributes":{"Type":"1","count":"2"}},{"shape_attributes":{"name":"circle","cx":2211,"cy":2082,"r":60},"region_attributes":{"Type":"2","count":"2"}},{"shape_attributes":{"name":"circle","cx":2211,"cy":2173,"r":118},"region_attributes":{"Type":"1","count":"4"}},{"shape_attributes":{"name":"circle","cx":2609,"cy":2238,"r":73},"region_attributes":{"Type":"2","count":"1"}},{"shape_attributes":{"name":"circle","cx":2587,"cy":2345,"r":99},"region_attributes":{"Type":"1","count":"2"}},{"shape_attributes":{"name":"circle","cx":2383,"cy":2367,"r":84},"region_attributes":{"Type":"3","count":"1"}},{"shape_attributes":{"name":"circle","cx":2382,"cy":1401,"r":46},"region_attributes":{"Type":"1","count":"11"}},{"shape_attributes":{"name":"circle","cx":2225,"cy":1358,"r":53},"region_attributes":{"Type":"1","count":"5"}},{"shape_attributes":{"name":"circle","cx":2296,"cy":1394,"r":67},"region_attributes":{"Type":"2","count":"3"}},{"shape_attributes":{"name":"circle","cx":2395,"cy":1525,"r":54},"region_attributes":{"Type":"2","count":"1"}},{"shape_attributes":{"name":"circle","cx":2373,"cy":1644,"r":79},"region_attributes":{"Type":"1","count":"1"}},{"shape_attributes":{"name":"circle","cx":2315,"cy":1519,"r":44},"region_attributes":{"Type":"1","count":"5"}},{"shape_attributes":{"name":"circle","cx":2225,"cy":1541,"r":47},"region_attributes":{"Type":"2","count":"3"}},{"shape_attributes":{"name":"circle","cx":2214,"cy":1629,"r":53},"region_attributes":{"Type":"1","count":"20"}},{"shape_attributes":{"name":"circle","cx":2136,"cy":1777,"r":57},"region_attributes":{"Type":"3","count":"1"}},{"shape_attributes":{"name":"circle","cx":2220,"cy":1801,"r":57},"region_attributes":{"Type":"3","count":"1"}},{"shape_attributes":{"name":"circle","cx":2259,"cy":1706,"r":57},"region_attributes":{"Type":"3","count":"1"}},{"shape_attributes":{"name":"circle","cx":2801,"cy":2470,"r":68},"region_attributes":{"Type":"1","count":"8"}},{"shape_attributes":{"name":"circle","cx":2956,"cy":2496,"r":67},"region_attributes":{"Type":"1","count":"2"}},{"shape_attributes":{"name":"circle","cx":2700,"cy":2545,"r":70},"region_attributes":{"Type":"3","count":"1"}},{"shape_attributes":{"name":"circle","cx":3055,"cy":2511,"r":51},"region_attributes":{"Type":"1","count":"5"}},{"shape_attributes":{"name":"circle","cx":3268,"cy":2485,"r":65},"region_attributes":{"Type":"1","count":"5"}},{"shape_attributes":{"name":"circle","cx":3165,"cy":2526,"r":63},"region_attributes":{"Type":"3","count":"1"}},{"shape_attributes":{"name":"circle","cx":3417,"cy":2500,"r":56},"region_attributes":{"Type":"3","count":"1"}},{"shape_attributes":{"name":"circle","cx":3236,"cy":2662,"r":69},"region_attributes":{"Type":"1","count":"5"}},{"shape_attributes":{"name":"circle","cx":3550,"cy":2724,"r":55},"region_attributes":{"Type":"3","count":"1"}},{"shape_attributes":{"name":"circle","cx":3303,"cy":2739,"r":58},"region_attributes":{"Type":"3","count":"1"}},{"shape_attributes":{"name":"circle","cx":3122,"cy":1024,"r":60},"region_attributes":{"Type":"3","count":"1"}},{"shape_attributes":{"name":"circle","cx":3279,"cy":895,"r":73},"region_attributes":{"Type":"1","count":"2"}},{"shape_attributes":{"name":"circle","cx":3236,"cy":1013,"r":65},"region_attributes":{"Type":"1","count":"3"}},{"shape_attributes":{"name":"circle","cx":3268,"cy":1104,"r":49},"region_attributes":{"Type":"1","count":"7"}},{"shape_attributes":{"name":"circle","cx":3348,"cy":979,"r":48},"region_attributes":{"Type":"1","count":"12"}},{"shape_attributes":{"name":"circle","cx":3759,"cy":1003,"r":53},"region_attributes":{"Type":"1","count":"3"}},{"shape_attributes":{"name":"circle","cx":3632,"cy":925,"r":48},"region_attributes":{"Type":"1","count":"3"}},{"shape_attributes":{"name":"circle","cx":3628,"cy":1059,"r":63},"region_attributes":{"Type":"1","count":"2"}},{"shape_attributes":{"name":"circle","cx":3496,"cy":1071,"r":42},"region_attributes":{"Type":"1","count":"12"}},{"shape_attributes":{"name":"circle","cx":3516,"cy":914,"r":44},"region_attributes":{"Type":"2","count":"4"}},{"shape_attributes":{"name":"circle","cx":3419,"cy":1000,"r":35},"region_attributes":{"Type":"3","count":"2"}},{"shape_attributes":{"name":"circle","cx":3369,"cy":1076,"r":48},"region_attributes":{"Type":"2","count":"4"}},{"shape_attributes":{"name":"circle","cx":3481,"cy":985,"r":51},"region_attributes":{"Type":"2","count":"2"}},{"shape_attributes":{"name":"circle","cx":3690,"cy":1325,"r":60},"region_attributes":{"Type":"3","count":"1"}},{"shape_attributes":{"name":"circle","cx":3610,"cy":1297,"r":44},"region_attributes":{"Type":"1","count":"2"}},{"shape_attributes":{"name":"circle","cx":3593,"cy":1233,"r":65},"region_attributes":{"Type":"1","count":"5"}},{"shape_attributes":{"name":"circle","cx":3486,"cy":1207,"r":63},"region_attributes":{"Type":"2","count":"1"}},{"shape_attributes":{"name":"circle","cx":3468,"cy":1349,"r":47},"region_attributes":{"Type":"2","count":"1"}},{"shape_attributes":{"name":"circle","cx":3522,"cy":1396,"r":66},"region_attributes":{"Type":"1","count":"5"}},{"shape_attributes":{"name":"circle","cx":3318,"cy":1476,"r":48},"region_attributes":{"Type":"2","count":"2"}},{"shape_attributes":{"name":"circle","cx":3281,"cy":1551,"r":47},"region_attributes":{"Type":"1","count":"11"}},{"shape_attributes":{"name":"circle","cx":3589,"cy":1534,"r":51},"region_attributes":{"Type":"1","count":"3"}},{"shape_attributes":{"name":"circle","cx":3468,"cy":1627,"r":64},"region_attributes":{"Type":"1","count":"1"}},{"shape_attributes":{"name":"circle","cx":3202,"cy":1627,"r":58},"region_attributes":{"Type":"1","count":"4"}},{"shape_attributes":{"name":"circle","cx":3365,"cy":1631,"r":57},"region_attributes":{"Type":"1","count":"3"}},{"shape_attributes":{"name":"circle","cx":3279,"cy":1704,"r":51},"region_attributes":{"Type":"1","count":"5"}},{"shape_attributes":{"name":"circle","cx":3606,"cy":1719,"r":50},"region_attributes":{"Type":"1","count":"5"}},{"shape_attributes":{"name":"circle","cx":3507,"cy":1717,"r":57},"region_attributes":{"Type":"2","count":"1"}},{"shape_attributes":{"name":"circle","cx":3496,"cy":1801,"r":40},"region_attributes":{"Type":"3","count":"1"}},{"shape_attributes":{"name":"circle","cx":3600,"cy":1876,"r":64},"region_attributes":{"Type":"1","count":"10"}},{"shape_attributes":{"name":"circle","cx":3488,"cy":1898,"r":44},"region_attributes":{"Type":"2","count":"1"}},{"shape_attributes":{"name":"circle","cx":3410,"cy":2001,"r":41},"region_attributes":{"Type":"3","count":"1"}},{"shape_attributes":{"name":"circle","cx":3623,"cy":2016,"r":47},"region_attributes":{"Type":"1","count":"5"}},{"shape_attributes":{"name":"circle","cx":3494,"cy":1997,"r":40},"region_attributes":{"Type":"1","count":"8"}},{"shape_attributes":{"name":"circle","cx":3630,"cy":2180,"r":52},"region_attributes":{"Type":"1","count":"6"}},{"shape_attributes":{"name":"circle","cx":3505,"cy":2102,"r":64},"region_attributes":{"Type":"2","count":"2"}},{"shape_attributes":{"name":"circle","cx":3507,"cy":2220,"r":63},"region_attributes":{"Type":"1","count":"27"}},{"shape_attributes":{"name":"circle","cx":3636,"cy":2339,"r":87},"region_attributes":{"Type":"2","count":"1"}},{"shape_attributes":{"name":"circle","cx":3511,"cy":2358,"r":49},"region_attributes":{"Type":"1","count":"13"}},{"shape_attributes":{"name":"circle","cx":3397,"cy":2324,"r":66},"region_attributes":{"Type":"3","count":"3"}}],"file_attributes":{"date":"7-25-18","temp":"70","rain":"2","neighborhood":"East Village South","total_count":""}},"https://drive.google.com/uc?export=view&id=1ucKDy0FS-OeoOL8jOBU6Ghsfo2GBysZ7\n":{"filename":"https://drive.google.com/uc?export=view&id=1ucKDy0FS-OeoOL8jOBU6Ghsfo2GBysZ7\n","size":-1,"regions":[{"shape_attributes":{"name":"circle","cx":1029,"cy":938,"r":78},"region_attributes":{"Type":"1","count":"1"}},{"shape_attributes":{"name":"circle","cx":1132,"cy":1015,"r":78},"region_attributes":{"Type":"1","count":"1"}},{"shape_attributes":{"name":"circle","cx":1481,"cy":1322,"r":78},"region_attributes":{"Type":"1","count":"1"}},{"shape_attributes":{"name":"circle","cx":1774,"cy":1558,"r":78},"region_attributes":{"Type":"1","count":"1"}},{"shape_attributes":{"name":"circle","cx":748,"cy":954,"r":78},"region_attributes":{"Type":"1","count":"1"}},{"shape_attributes":{"name":"circle","cx":748,"cy":954,"r":78},"region_attributes":{"Type":"1","count":"1"}},{"shape_attributes":{"name":"circle","cx":1293,"cy":1420,"r":50},"region_attributes":{"Type":"1","count":"2"}},{"shape_attributes":{"name":"circle","cx":1006,"cy":1266,"r":45},"region_attributes":{"Type":"1","count":"5"}},{"shape_attributes":{"name":"circle","cx":735,"cy":1286,"r":62},"region_attributes":{"Type":"1","count":"4"}},{"shape_attributes":{"name":"circle","cx":823,"cy":1339,"r":65},"region_attributes":{"Type":"1","count":"6"}},{"shape_attributes":{"name":"circle","cx":810,"cy":1608,"r":31},"region_attributes":{"Type":"1","count":"3"}},{"shape_attributes":{"name":"circle","cx":819,"cy":2014,"r":64},"region_attributes":{"Type":"1","count":"1"}},{"shape_attributes":{"name":"circle","cx":1813,"cy":940,"r":66},"region_attributes":{"Type":"1","count":"7"}},{"shape_attributes":{"name":"circle","cx":2345,"cy":932,"r":52},"region_attributes":{"Type":"1","count":"3"}},{"shape_attributes":{"name":"circle","cx":2299,"cy":999,"r":39},"region_attributes":{"Type":"1","count":"4"}},{"shape_attributes":{"name":"circle","cx":2670,"cy":954,"r":76},"region_attributes":{"Type":"1","count":"4"}},{"shape_attributes":{"name":"circle","cx":2915,"cy":957,"r":66},"region_attributes":{"Type":"1","count":"3"}},{"shape_attributes":{"name":"circle","cx":1942,"cy":1949,"r":66},"region_attributes":{"Type":"1","count":"1"}},{"shape_attributes":{"name":"circle","cx":2046,"cy":1806,"r":66},"region_attributes":{"Type":"1","count":"1"}},{"shape_attributes":{"name":"circle","cx":1852,"cy":1783,"r":66},"region_attributes":{"Type":"1","count":"1"}},{"shape_attributes":{"name":"circle","cx":1879,"cy":2396,"r":66},"region_attributes":{"Type":"1","count":"1"}},{"shape_attributes":{"name":"circle","cx":2284,"cy":2218,"r":66},"region_attributes":{"Type":"1","count":"1"}},{"shape_attributes":{"name":"circle","cx":2399,"cy":2295,"r":66},"region_attributes":{"Type":"1","count":"1"}},{"shape_attributes":{"name":"circle","cx":2596,"cy":2367,"r":66},"region_attributes":{"Type":"1","count":"1"}},{"shape_attributes":{"name":"circle","cx":2672,"cy":2586,"r":66},"region_attributes":{"Type":"1","count":"1"}},{"shape_attributes":{"name":"circle","cx":2851,"cy":2346,"r":66},"region_attributes":{"Type":"1","count":"1"}},{"shape_attributes":{"name":"circle","cx":2688,"cy":1942,"r":66},"region_attributes":{"Type":"1","count":"1"}},{"shape_attributes":{"name":"circle","cx":2835,"cy":1770,"r":66},"region_attributes":{"Type":"1","count":"1"}},{"shape_attributes":{"name":"circle","cx":2150,"cy":1650,"r":66},"region_attributes":{"Type":"1","count":"1"}},{"shape_attributes":{"name":"circle","cx":3380,"cy":2512,"r":66},"region_attributes":{"Type":"1","count":"1"}},{"shape_attributes":{"name":"circle","cx":1845,"cy":2238,"r":66},"region_attributes":{"Type":"1","count":"1"}},{"shape_attributes":{"name":"circle","cx":1956,"cy":1678,"r":49},"region_attributes":{"Type":"3","count":"1"}},{"shape_attributes":{"name":"circle","cx":2304,"cy":1648,"r":59},"region_attributes":{"Type":"2","count":"1"}},{"shape_attributes":{"name":"circle","cx":1845,"cy":2238,"r":66},"region_attributes":{"Type":"1","count":"1"}},{"shape_attributes":{"name":"circle","cx":1874,"cy":1657,"r":59},"region_attributes":{"Type":"2","count":"1"}},{"shape_attributes":{"name":"circle","cx":2668,"cy":1094,"r":44},"region_attributes":{"Type":"1","count":"5"}},{"shape_attributes":{"name":"circle","cx":2293,"cy":1103,"r":44},"region_attributes":{"Type":"1","count":"5"}},{"shape_attributes":{"name":"circle","cx":2914,"cy":1117,"r":52},"region_attributes":{"Type":"1","count":"2"}},{"shape_attributes":{"name":"circle","cx":2433,"cy":1390,"r":69},"region_attributes":{"Type":"1","count":"1"}},{"shape_attributes":{"name":"circle","cx":2410,"cy":1252,"r":54},"region_attributes":{"Type":"1","count":"1"}},{"shape_attributes":{"name":"circle","cx":2842,"cy":1268,"r":69},"region_attributes":{"Type":"1","count":"1"}},{"shape_attributes":{"name":"circle","cx":2494,"cy":1320,"r":66},"region_attributes":{"Type":"3","count":"1"}},{"shape_attributes":{"name":"circle","cx":2263,"cy":1334,"r":42},"region_attributes":{"Type":"1","count":"3"}},{"shape_attributes":{"name":"circle","cx":2270,"cy":1413,"r":65},"region_attributes":{"Type":"1","count":"16"}},{"shape_attributes":{"name":"circle","cx":2354,"cy":1452,"r":66},"region_attributes":{"Type":"2","count":"2"}},{"shape_attributes":{"name":"circle","cx":2277,"cy":1940,"r":87},"region_attributes":{"Type":"1","count":"2"}},{"shape_attributes":{"name":"circle","cx":2281,"cy":1752,"r":68},"region_attributes":{"Type":"1","count":"5"}},{"shape_attributes":{"name":"circle","cx":2485,"cy":2096,"r":51},"region_attributes":{"Type":"1","count":"4"}},{"shape_attributes":{"name":"circle","cx":2681,"cy":2302,"r":49},"region_attributes":{"Type":"1","count":"5"}},{"shape_attributes":{"name":"circle","cx":2880,"cy":2073,"r":53},"region_attributes":{"Type":"1","count":"1"}},{"shape_attributes":{"name":"circle","cx":3118,"cy":1904,"r":44},"region_attributes":{"Type":"1","count":"2"}},{"shape_attributes":{"name":"circle","cx":2810,"cy":1945,"r":59},"region_attributes":{"Type":"1","count":"4"}},{"shape_attributes":{"name":"circle","cx":2819,"cy":2241,"r":39},"region_attributes":{"Type":"1","count":"2"}},{"shape_attributes":{"name":"circle","cx":3643,"cy":929,"r":61},"region_attributes":{"Type":"1","count":"2"}},{"shape_attributes":{"name":"circle","cx":3631,"cy":1133,"r":50},"region_attributes":{"Type":"1","count":"1"}},{"shape_attributes":{"name":"circle","cx":3545,"cy":918,"r":47},"region_attributes":{"Type":"2","count":"3"}},{"shape_attributes":{"name":"circle","cx":3534,"cy":1017,"r":55},"region_attributes":{"Type":"1","count":"16"}},{"shape_attributes":{"name":"circle","cx":3466,"cy":965,"r":56},"region_attributes":{"Type":"3","count":"2"}},{"shape_attributes":{"name":"circle","cx":3369,"cy":923,"r":46},"region_attributes":{"Type":"3","count":"1"}},{"shape_attributes":{"name":"circle","cx":3279,"cy":913,"r":57},"region_attributes":{"Type":"1","count":"3"}},{"shape_attributes":{"name":"circle","cx":3265,"cy":1017,"r":65},"region_attributes":{"Type":"2","count":"1"}},{"shape_attributes":{"name":"circle","cx":3400,"cy":1051,"r":42},"region_attributes":{"Type":"2","count":"2"}},{"shape_attributes":{"name":"circle","cx":3279,"cy":1117,"r":42},"region_attributes":{"Type":"1","count":"17"}},{"shape_attributes":{"name":"circle","cx":3380,"cy":1119,"r":42},"region_attributes":{"Type":"1","count":"8"}},{"shape_attributes":{"name":"circle","cx":3543,"cy":1115,"r":42},"region_attributes":{"Type":"2","count":"2"}},{"shape_attributes":{"name":"circle","cx":3477,"cy":1122,"r":56},"region_attributes":{"Type":"3","count":"3"}},{"shape_attributes":{"name":"circle","cx":3819,"cy":1427,"r":51},"region_attributes":{"Type":"1","count":"1"}},{"shape_attributes":{"name":"circle","cx":3684,"cy":1308,"r":51},"region_attributes":{"Type":"1","count":"1"}},{"shape_attributes":{"name":"circle","cx":3600,"cy":1441,"r":51},"region_attributes":{"Type":"1","count":"1"}},{"shape_attributes":{"name":"circle","cx":3792,"cy":1260,"r":51},"region_attributes":{"Type":"1","count":"1"}},{"shape_attributes":{"name":"circle","cx":3642,"cy":1226,"r":47},"region_attributes":{"Type":"1","count":"3"}},{"shape_attributes":{"name":"circle","cx":3570,"cy":1252,"r":40},"region_attributes":{"Type":"2","count":"1"}},{"shape_attributes":{"name":"circle","cx":3529,"cy":1352,"r":63},"region_attributes":{"Type":"1","count":"5"}},{"shape_attributes":{"name":"circle","cx":3728,"cy":1440,"r":57},"region_attributes":{"Type":"3","count":"1"}},{"shape_attributes":{"name":"circle","cx":3640,"cy":1556,"r":62},"region_attributes":{"Type":"1","count":"5"}},{"shape_attributes":{"name":"circle","cx":3701,"cy":1736,"r":53},"region_attributes":{"Type":"1","count":"4"}},{"shape_attributes":{"name":"circle","cx":3600,"cy":1736,"r":44},"region_attributes":{"Type":"2","count":"2"}},{"shape_attributes":{"name":"circle","cx":3532,"cy":1666,"r":45},"region_attributes":{"Type":"1","count":"8"}},{"shape_attributes":{"name":"circle","cx":3398,"cy":1549,"r":54},"region_attributes":{"Type":"2","count":"1"}},{"shape_attributes":{"name":"circle","cx":3279,"cy":1555,"r":57},"region_attributes":{"Type":"1","count":"5"}},{"shape_attributes":{"name":"circle","cx":3098,"cy":1745,"r":48.444},"region_attributes":{"Type":"2","count":"1"}},{"shape_attributes":{"name":"circle","cx":3412,"cy":1651,"r":67},"region_attributes":{"Type":"1","count":"3"}},{"shape_attributes":{"name":"circle","cx":3274,"cy":1653,"r":52},"region_attributes":{"Type":"1","count":"13"}},{"shape_attributes":{"name":"circle","cx":3274,"cy":1743,"r":47},"region_attributes":{"Type":"1","count":"14"}},{"shape_attributes":{"name":"circle","cx":3385,"cy":1754,"r":56},"region_attributes":{"Type":"2","count":"1"}},{"shape_attributes":{"name":"circle","cx":3373,"cy":2055,"r":62},"region_attributes":{"Type":"1","count":"2"}},{"shape_attributes":{"name":"circle","cx":3564,"cy":1908,"r":52},"region_attributes":{"Type":"1","count":"17"}},{"shape_attributes":{"name":"circle","cx":3554,"cy":2028,"r":56},"region_attributes":{"Type":"2","count":"1"}},{"shape_attributes":{"name":"circle","cx":3471,"cy":2073,"r":74},"region_attributes":{"Type":"3","count":"1"}},{"shape_attributes":{"name":"circle","cx":3690,"cy":2101,"r":64},"region_attributes":{"Type":"1","count":"7"}},{"shape_attributes":{"name":"circle","cx":3572,"cy":2191,"r":77},"region_attributes":{"Type":"1","count":"20"}},{"shape_attributes":{"name":"circle","cx":3452,"cy":2297,"r":59},"region_attributes":{"Type":"3","count":"1"}},{"shape_attributes":{"name":"circle","cx":3582,"cy":2343,"r":64},"region_attributes":{"Type":"1","count":"8"}},{"shape_attributes":{"name":"circle","cx":2813,"cy":2528,"r":55},"region_attributes":{"Type":"1","count":"5"}},{"shape_attributes":{"name":"circle","cx":2962,"cy":2530,"r":60},"region_attributes":{"Type":"1","count":"6"}},{"shape_attributes":{"name":"circle","cx":3061,"cy":2498,"r":56},"region_attributes":{"Type":"1","count":"2"}},{"shape_attributes":{"name":"circle","cx":2942,"cy":2689,"r":78},"region_attributes":{"Type":"1","count":"2"}},{"shape_attributes":{"name":"circle","cx":2828,"cy":2654,"r":49},"region_attributes":{"Type":"1","count":"3"}},{"shape_attributes":{"name":"circle","cx":3136,"cy":2533,"r":57},"region_attributes":{"Type":"1","count":"21"}},{"shape_attributes":{"name":"circle","cx":3209,"cy":2568,"r":51},"region_attributes":{"Type":"3","count":"1"}},{"shape_attributes":{"name":"circle","cx":3272,"cy":2519,"r":55},"region_attributes":{"Type":"1","count":"4"}},{"shape_attributes":{"name":"circle","cx":3597,"cy":2514,"r":46},"region_attributes":{"Type":"1","count":"2"}},{"shape_attributes":{"name":"circle","cx":3452,"cy":2625,"r":49},"region_attributes":{"Type":"3","count":"2"}},{"shape_attributes":{"name":"circle","cx":3534,"cy":2600,"r":46},"region_attributes":{"Type":"1","count":"5"}},{"shape_attributes":{"name":"circle","cx":3658,"cy":2584,"r":53},"region_attributes":{"Type":"1","count":"3"}},{"shape_attributes":{"name":"circle","cx":3832,"cy":2697,"r":70},"region_attributes":{"Type":"1","count":"1"}},{"shape_attributes":{"name":"circle","cx":3738,"cy":2562,"r":70},"region_attributes":{"Type":"3","count":"1"}}],"file_attributes":{"date":"8-29-18","temp":"70","rain":"2","neighborhood":"East Village South","total_count":""}},"https://drive.google.com/uc?export=view&id=1APCQlbC3LocAh9MKy25cTzXEJP-fFMZU\n":{"filename":"https://drive.google.com/uc?export=view&id=1APCQlbC3LocAh9MKy25cTzXEJP-fFMZU\n","size":-1,"regions":[{"shape_attributes":{"name":"circle","cx":690,"cy":1208,"r":49},"region_attributes":{"Type":"1","count":"3"}},{"shape_attributes":{"name":"circle","cx":1246,"cy":1088,"r":48},"region_attributes":{"Type":"1","count":"1"}},{"shape_attributes":{"name":"circle","cx":1956,"cy":1067,"r":48},"region_attributes":{"Type":"1","count":"1"}},{"shape_attributes":{"name":"circle","cx":1317,"cy":1289,"r":48},"region_attributes":{"Type":"1","count":"1"}},{"shape_attributes":{"name":"circle","cx":905,"cy":1219,"r":48},"region_attributes":{"Type":"1","count":"1"}},{"shape_attributes":{"name":"circle","cx":1321,"cy":1031,"r":48},"region_attributes":{"Type":"1","count":"1"}},{"shape_attributes":{"name":"circle","cx":995,"cy":1201,"r":60},"region_attributes":{"Type":"2","count":"1"}},{"shape_attributes":{"name":"circle","cx":800,"cy":1327,"r":73},"region_attributes":{"Type":"2","count":"1"}},{"shape_attributes":{"name":"circle","cx":1461,"cy":1395,"r":57},"region_attributes":{"Type":"1","count":"4"}},{"shape_attributes":{"name":"circle","cx":947,"cy":1813,"r":50},"region_attributes":{"Type":"1","count":"1"}},{"shape_attributes":{"name":"circle","cx":1495,"cy":1538,"r":49},"region_attributes":{"Type":"1","count":"3"}},{"shape_attributes":{"name":"circle","cx":1696,"cy":1855,"r":69},"region_attributes":{"Type":"1","count":"1"}},{"shape_attributes":{"name":"circle","cx":1658,"cy":2004,"r":69},"region_attributes":{"Type":"1","count":"1"}},{"shape_attributes":{"name":"circle","cx":2117,"cy":1907,"r":69},"region_attributes":{"Type":"1","count":"1"}},{"shape_attributes":{"name":"circle","cx":2617,"cy":2096,"r":69},"region_attributes":{"Type":"1","count":"1"}},{"shape_attributes":{"name":"circle","cx":1893,"cy":1850,"r":69},"region_attributes":{"Type":"1","count":"1"}},{"shape_attributes":{"name":"circle","cx":1893,"cy":1850,"r":69},"region_attributes":{"Type":"1","count":"1"}},{"shape_attributes":{"name":"circle","cx":1770,"cy":2483,"r":62},"region_attributes":{"Type":"1","count":"2"}},{"shape_attributes":{"name":"circle","cx":2571,"cy":2318,"r":53},"region_attributes":{"Type":"1","count":"2"}},{"shape_attributes":{"name":"circle","cx":2560,"cy":2646,"r":44},"region_attributes":{"Type":"1","count":"2"}},{"shape_attributes":{"name":"circle","cx":2636,"cy":2505,"r":72},"region_attributes":{"Type":"1","count":"1"}},{"shape_attributes":{"name":"circle","cx":2239,"cy":993,"r":62},"region_attributes":{"Type":"1","count":"3"}},{"shape_attributes":{"name":"circle","cx":2256,"cy":1287,"r":70},"region_attributes":{"Type":"1","count":"2"}},{"shape_attributes":{"name":"circle","cx":2248,"cy":1517,"r":39},"region_attributes":{"Type":"2","count":"5"}},{"shape_attributes":{"name":"circle","cx":2230,"cy":1633,"r":56},"region_attributes":{"Type":"1","count":"14"}},{"shape_attributes":{"name":"circle","cx":2580,"cy":1388,"r":49},"region_attributes":{"Type":"1","count":"8"}},{"shape_attributes":{"name":"circle","cx":2648,"cy":981,"r":57},"region_attributes":{"Type":"1","count":"2"}},{"shape_attributes":{"name":"circle","cx":2589,"cy":1060,"r":31},"region_attributes":{"Type":"1","count":"7"}},{"shape_attributes":{"name":"circle","cx":2650,"cy":1291,"r":45},"region_attributes":{"Type":"2","count":"1"}},{"shape_attributes":{"name":"circle","cx":2637,"cy":1210,"r":45},"region_attributes":{"Type":"1","count":"4"}},{"shape_attributes":{"name":"circle","cx":2806,"cy":1083,"r":47},"region_attributes":{"Type":"2","count":"1"}},{"shape_attributes":{"name":"circle","cx":2975,"cy":1079,"r":46},"region_attributes":{"Type":"1","count":"3"}},{"shape_attributes":{"name":"circle","cx":3091,"cy":898,"r":49},"region_attributes":{"Type":"1","count":"4"}},{"shape_attributes":{"name":"circle","cx":3233,"cy":889,"r":57},"region_attributes":{"Type":"1","count":"4"}},{"shape_attributes":{"name":"circle","cx":3566,"cy":879,"r":55},"region_attributes":{"Type":"1","count":"2"}},{"shape_attributes":{"name":"circle","cx":3629,"cy":948,"r":58},"region_attributes":{"Type":"1","count":"2"}},{"shape_attributes":{"name":"circle","cx":3505,"cy":956,"r":52},"region_attributes":{"Type":"1","count":"12"}},{"shape_attributes":{"name":"circle","cx":3376,"cy":966,"r":41},"region_attributes":{"Type":"1","count":"7"}},{"shape_attributes":{"name":"circle","cx":3222,"cy":986,"r":37},"region_attributes":{"Type":"2","count":"4"}},{"shape_attributes":{"name":"circle","cx":3504,"cy":1031,"r":47},"region_attributes":{"Type":"2","count":"12"}},{"shape_attributes":{"name":"circle","cx":3303,"cy":1069,"r":51},"region_attributes":{"Type":"1","count":"3"}},{"shape_attributes":{"name":"circle","cx":3426,"cy":1042,"r":54},"region_attributes":{"Type":"3","count":"1"}},{"shape_attributes":{"name":"circle","cx":3568,"cy":1067,"r":60},"region_attributes":{"Type":"1","count":"6"}},{"shape_attributes":{"name":"circle","cx":3778,"cy":1065,"r":48},"region_attributes":{"Type":"1","count":"2"}},{"shape_attributes":{"name":"circle","cx":3563,"cy":1191,"r":38},"region_attributes":{"Type":"1","count":"4"}},{"shape_attributes":{"name":"circle","cx":3486,"cy":1275,"r":35},"region_attributes":{"Type":"1","count":"3"}},{"shape_attributes":{"name":"circle","cx":3695,"cy":1259,"r":54},"region_attributes":{"Type":"3","count":"1"}},{"shape_attributes":{"name":"circle","cx":3618,"cy":1286,"r":37},"region_attributes":{"Type":"1","count":"1"}},{"shape_attributes":{"name":"circle","cx":3564,"cy":1379,"r":47},"region_attributes":{"Type":"1","count":"1"}},{"shape_attributes":{"name":"circle","cx":2763,"cy":1596,"r":54},"region_attributes":{"Type":"1","count":"1"}},{"shape_attributes":{"name":"circle","cx":3362,"cy":1497,"r":40},"region_attributes":{"Type":"2","count":"1"}},{"shape_attributes":{"name":"circle","cx":3638,"cy":1511,"r":56},"region_attributes":{"Type":"1","count":"2"}},{"shape_attributes":{"name":"circle","cx":3498,"cy":1667,"r":47},"region_attributes":{"Type":"1","count":"13"}},{"shape_attributes":{"name":"circle","cx":3362,"cy":1592,"r":31},"region_attributes":{"Type":"2","count":"2"}},{"shape_attributes":{"name":"circle","cx":2826,"cy":1684,"r":49},"region_attributes":{"Type":"1","count":"1"}},{"shape_attributes":{"name":"circle","cx":2937,"cy":1700,"r":47},"region_attributes":{"Type":"2","count":"1"}},{"shape_attributes":{"name":"circle","cx":3256,"cy":1703,"r":62},"region_attributes":{"Type":"2","count":"2"}},{"shape_attributes":{"name":"circle","cx":3360,"cy":1689,"r":58},"region_attributes":{"Type":"1","count":"10"}},{"shape_attributes":{"name":"circle","cx":3604,"cy":1703,"r":40},"region_attributes":{"Type":"2","count":"1"}},{"shape_attributes":{"name":"circle","cx":3023,"cy":1829,"r":68},"region_attributes":{"Type":"1","count":"1"}},{"shape_attributes":{"name":"circle","cx":3310,"cy":1845,"r":43},"region_attributes":{"Type":"1","count":"1"}},{"shape_attributes":{"name":"circle","cx":3351,"cy":2042,"r":66},"region_attributes":{"Type":"1","count":"1"}},{"shape_attributes":{"name":"circle","cx":2779,"cy":1978,"r":46},"region_attributes":{"Type":"1","count":"3"}},{"shape_attributes":{"name":"circle","cx":2869,"cy":2003,"r":43},"region_attributes":{"Type":"1","count":"2"}},{"shape_attributes":{"name":"circle","cx":2793,"cy":2144,"r":47},"region_attributes":{"Type":"2","count":"1"}},{"shape_attributes":{"name":"circle","cx":2885,"cy":2153,"r":51},"region_attributes":{"Type":"1","count":"2"}},{"shape_attributes":{"name":"circle","cx":2801,"cy":2485,"r":49},"region_attributes":{"Type":"1","count":"19"}},{"shape_attributes":{"name":"circle","cx":2975,"cy":2456,"r":34},"region_attributes":{"Type":"1","count":"4"}},{"shape_attributes":{"name":"circle","cx":2980,"cy":2645,"r":39},"region_attributes":{"Type":"1","count":"1"}},{"shape_attributes":{"name":"circle","cx":3088,"cy":2525,"r":51},"region_attributes":{"Type":"1","count":"6"}},{"shape_attributes":{"name":"circle","cx":3287,"cy":2455,"r":35},"region_attributes":{"Type":"1","count":"2"}},{"shape_attributes":{"name":"circle","cx":3188,"cy":2618,"r":57},"region_attributes":{"Type":"1","count":"2"}},{"shape_attributes":{"name":"circle","cx":3493,"cy":1856,"r":44},"region_attributes":{"Type":"1","count":"2"}},{"shape_attributes":{"name":"circle","cx":3486,"cy":1979,"r":38},"region_attributes":{"Type":"1","count":"5"}},{"shape_attributes":{"name":"circle","cx":3622,"cy":2010,"r":66},"region_attributes":{"Type":"1","count":"4"}},{"shape_attributes":{"name":"circle","cx":3529,"cy":2103,"r":51},"region_attributes":{"Type":"1","count":"24"}},{"shape_attributes":{"name":"circle","cx":3435,"cy":2288,"r":47},"region_attributes":{"Type":"3","count":"1"}},{"shape_attributes":{"name":"circle","cx":3532,"cy":2295,"r":48},"region_attributes":{"Type":"1","count":"18"}},{"shape_attributes":{"name":"circle","cx":3633,"cy":2250,"r":42},"region_attributes":{"Type":"1","count":"3"}},{"shape_attributes":{"name":"circle","cx":3634,"cy":2568,"r":52},"region_attributes":{"Type":"1","count":"2"}},{"shape_attributes":{"name":"circle","cx":3495,"cy":2637,"r":50},"region_attributes":{"Type":"1","count":"2"}},{"shape_attributes":{"name":"circle","cx":3495,"cy":2525,"r":48},"region_attributes":{"Type":"2","count":"1"}},{"shape_attributes":{"name":"circle","cx":3416,"cy":2566,"r":44},"region_attributes":{"Type":"3","count":"1"}},{"shape_attributes":{"name":"circle","cx":3339,"cy":2611,"r":48},"region_attributes":{"Type":"1","count":"4"}}],"file_attributes":{"date":"9-27-18","temp":"68","rain":"2","neighborhood":"East Village South","total_count":""}},"https://drive.google.com/uc?export=view&id=1LhzAVWYLi3g5tWu4hTAa5kHvU_jln8uj\n":{"filename":"https://drive.google.com/uc?export=view&id=1LhzAVWYLi3g5tWu4hTAa5kHvU_jln8uj\n","size":-1,"regions":[{"shape_attributes":{"name":"circle","cx":672,"cy":1592,"r":68},"region_attributes":{"Type":"1","count":"1"}},{"shape_attributes":{"name":"circle","cx":1004,"cy":1546,"r":68},"region_attributes":{"Type":"1","count":"1"}},{"shape_attributes":{"name":"circle","cx":1241,"cy":1571,"r":68},"region_attributes":{"Type":"1","count":"1"}},{"shape_attributes":{"name":"circle","cx":1472,"cy":1282,"r":68},"region_attributes":{"Type":"1","count":"1"}},{"shape_attributes":{"name":"circle","cx":2076,"cy":1004,"r":68},"region_attributes":{"Type":"1","count":"1"}},{"shape_attributes":{"name":"circle","cx":1983,"cy":1678,"r":68},"region_attributes":{"Type":"1","count":"1"}},{"shape_attributes":{"name":"circle","cx":2006,"cy":1811,"r":68},"region_attributes":{"Type":"1","count":"1"}},{"shape_attributes":{"name":"circle","cx":1675,"cy":1983,"r":68},"region_attributes":{"Type":"1","count":"1"}},{"shape_attributes":{"name":"circle","cx":1934,"cy":2636,"r":68},"region_attributes":{"Type":"1","count":"1"}},{"shape_attributes":{"name":"circle","cx":1759,"cy":2157,"r":68},"region_attributes":{"Type":"1","count":"1"}},{"shape_attributes":{"name":"circle","cx":728,"cy":1076,"r":68},"region_attributes":{"Type":"1","count":"1"}},{"shape_attributes":{"name":"circle","cx":715,"cy":1228,"r":76},"region_attributes":{"Type":"1","count":"4"}},{"shape_attributes":{"name":"circle","cx":1058,"cy":1243,"r":45},"region_attributes":{"Type":"1","count":"3"}},{"shape_attributes":{"name":"circle","cx":796,"cy":1348,"r":86},"region_attributes":{"Type":"1","count":"3"}},{"shape_attributes":{"name":"circle","cx":956,"cy":1216,"r":72},"region_attributes":{"Type":"2","count":"3"}},{"shape_attributes":{"name":"circle","cx":1266,"cy":1384,"r":65},"region_attributes":{"Type":"1","count":"2"}},{"shape_attributes":{"name":"circle","cx":2619,"cy":2216,"r":68},"region_attributes":{"Type":"1","count":"1"}},{"shape_attributes":{"name":"circle","cx":2861,"cy":2046,"r":68},"region_attributes":{"Type":"1","count":"1"}},{"shape_attributes":{"name":"circle","cx":3367,"cy":2491,"r":68},"region_attributes":{"Type":"1","count":"1"}},{"shape_attributes":{"name":"circle","cx":1626,"cy":2134,"r":68},"region_attributes":{"Type":"1","count":"1"}},{"shape_attributes":{"name":"circle","cx":2356,"cy":904,"r":62},"region_attributes":{"Type":"1","count":"5"}},{"shape_attributes":{"name":"circle","cx":2254,"cy":1004,"r":82},"region_attributes":{"Type":"1","count":"2"}},{"shape_attributes":{"name":"circle","cx":2514,"cy":1079,"r":60},"region_attributes":{"Type":"1","count":"2"}},{"shape_attributes":{"name":"circle","cx":2643,"cy":1040,"r":69},"region_attributes":{"Type":"1","count":"5"}},{"shape_attributes":{"name":"circle","cx":2378,"cy":1250,"r":53},"region_attributes":{"Type":"2","count":"1"}},{"shape_attributes":{"name":"circle","cx":2256,"cy":1384,"r":53},"region_attributes":{"Type":"2","count":"7"}},{"shape_attributes":{"name":"circle","cx":2419,"cy":1341,"r":51},"region_attributes":{"Type":"1","count":"6"}},{"shape_attributes":{"name":"circle","cx":2358,"cy":1397,"r":58},"region_attributes":{"Type":"1","count":"11"}},{"shape_attributes":{"name":"circle","cx":1992,"cy":1576,"r":53},"region_attributes":{"Type":"1","count":"2"}},{"shape_attributes":{"name":"circle","cx":2568,"cy":1535,"r":56},"region_attributes":{"Type":"1","count":"1"}},{"shape_attributes":{"name":"circle","cx":2248,"cy":1569,"r":43},"region_attributes":{"Type":"2","count":"3"}},{"shape_attributes":{"name":"circle","cx":2225,"cy":1673,"r":69},"region_attributes":{"Type":"1","count":"6"}},{"shape_attributes":{"name":"circle","cx":2327,"cy":1728,"r":80},"region_attributes":{"Type":"1","count":"3"}},{"shape_attributes":{"name":"circle","cx":2126,"cy":2277,"r":63},"region_attributes":{"Type":"1","count":"2"}},{"shape_attributes":{"name":"circle","cx":1933,"cy":1904,"r":90},"region_attributes":{"Type":"1","count":"2"}},{"shape_attributes":{"name":"circle","cx":2306,"cy":1863,"r":71},"region_attributes":{"Type":"1","count":"6"}},{"shape_attributes":{"name":"circle","cx":2456,"cy":1958,"r":58},"region_attributes":{"Type":"1","count":"2"}},{"shape_attributes":{"name":"circle","cx":2789,"cy":1947,"r":73},"region_attributes":{"Type":"1","count":"3"}},{"shape_attributes":{"name":"circle","cx":2895,"cy":1732,"r":73},"region_attributes":{"Type":"1","count":"3"}},{"shape_attributes":{"name":"circle","cx":2637,"cy":2040,"r":73},"region_attributes":{"Type":"1","count":"3"}},{"shape_attributes":{"name":"circle","cx":2899,"cy":1852,"r":49},"region_attributes":{"Type":"1","count":"2"}},{"shape_attributes":{"name":"circle","cx":2654,"cy":1904,"r":73},"region_attributes":{"Type":"2","count":"1"}},{"shape_attributes":{"name":"circle","cx":2941,"cy":1079,"r":71},"region_attributes":{"Type":"2","count":"1"}},{"shape_attributes":{"name":"circle","cx":3104,"cy":1060,"r":68},"region_attributes":{"Type":"1","count":"1"}},{"shape_attributes":{"name":"circle","cx":3095,"cy":1311,"r":73},"region_attributes":{"Type":"1","count":"1"}},{"shape_attributes":{"name":"circle","cx":2826,"cy":1096,"r":62},"region_attributes":{"Type":"1","count":"3"}},{"shape_attributes":{"name":"circle","cx":3227,"cy":995,"r":55},"region_attributes":{"Type":"1","count":"7"}},{"shape_attributes":{"name":"circle","cx":3353,"cy":992,"r":49},"region_attributes":{"Type":"1","count":"5"}},{"shape_attributes":{"name":"circle","cx":3303,"cy":1072,"r":52},"region_attributes":{"Type":"1","count":"1"}},{"shape_attributes":{"name":"circle","cx":3611,"cy":904,"r":59},"region_attributes":{"Type":"1","count":"4"}},{"shape_attributes":{"name":"circle","cx":3512,"cy":898,"r":58},"region_attributes":{"Type":"1","count":"4"}},{"shape_attributes":{"name":"circle","cx":3491,"cy":1011,"r":42},"region_attributes":{"Type":"2","count":"3"}},{"shape_attributes":{"name":"circle","cx":3425,"cy":954,"r":51},"region_attributes":{"Type":"3","count":"1"}},{"shape_attributes":{"name":"circle","cx":3495,"cy":1217,"r":59},"region_attributes":{"Type":"1","count":"12"}},{"shape_attributes":{"name":"circle","cx":3654,"cy":1239,"r":47},"region_attributes":{"Type":"1","count":"11"}},{"shape_attributes":{"name":"circle","cx":3772,"cy":1316,"r":66},"region_attributes":{"Type":"1","count":"2"}},{"shape_attributes":{"name":"circle","cx":3584,"cy":1214,"r":58},"region_attributes":{"Type":"1","count":"8"}},{"shape_attributes":{"name":"circle","cx":3478,"cy":1336,"r":49},"region_attributes":{"Type":"2","count":"1"}},{"shape_attributes":{"name":"circle","cx":3676,"cy":1357,"r":67},"region_attributes":{"Type":"1","count":"7"}},{"shape_attributes":{"name":"circle","cx":3577,"cy":1393,"r":54},"region_attributes":{"Type":"2","count":"1"}},{"shape_attributes":{"name":"circle","cx":3308,"cy":1546,"r":56},"region_attributes":{"Type":"1","count":"2"}},{"shape_attributes":{"name":"circle","cx":3224,"cy":1549,"r":52},"region_attributes":{"Type":"1","count":"5"}},{"shape_attributes":{"name":"circle","cx":3236,"cy":1657,"r":89},"region_attributes":{"Type":"1","count":"4"}},{"shape_attributes":{"name":"circle","cx":3373,"cy":1684,"r":53},"region_attributes":{"Type":"1","count":"2"}},{"shape_attributes":{"name":"circle","cx":3502,"cy":1621,"r":42},"region_attributes":{"Type":"1","count":"2"}},{"shape_attributes":{"name":"circle","cx":3622,"cy":1703,"r":63},"region_attributes":{"Type":"2","count":"3"}},{"shape_attributes":{"name":"circle","cx":3504,"cy":1714,"r":57},"region_attributes":{"Type":"1","count":"4"}},{"shape_attributes":{"name":"circle","cx":3780,"cy":1877,"r":53},"region_attributes":{"Type":"1","count":"2"}},{"shape_attributes":{"name":"circle","cx":3713,"cy":1823,"r":80},"region_attributes":{"Type":"3","count":"1"}},{"shape_attributes":{"name":"circle","cx":3505,"cy":1845,"r":44},"region_attributes":{"Type":"1","count":"8"}},{"shape_attributes":{"name":"circle","cx":3573,"cy":1836,"r":65},"region_attributes":{"Type":"2","count":"1"}},{"shape_attributes":{"name":"circle","cx":3496,"cy":1949,"r":51},"region_attributes":{"Type":"1","count":"5"}},{"shape_attributes":{"name":"circle","cx":3634,"cy":1904,"r":42},"region_attributes":{"Type":"1","count":"3"}},{"shape_attributes":{"name":"circle","cx":3620,"cy":1976,"r":57},"region_attributes":{"Type":"1","count":"9"}},{"shape_attributes":{"name":"circle","cx":3496,"cy":2071,"r":51},"region_attributes":{"Type":"1","count":"16"}},{"shape_attributes":{"name":"circle","cx":3634,"cy":2080,"r":61},"region_attributes":{"Type":"2","count":"3"}},{"shape_attributes":{"name":"circle","cx":3473,"cy":2205,"r":62},"region_attributes":{"Type":"2","count":"1"}},{"shape_attributes":{"name":"circle","cx":3618,"cy":2196,"r":48},"region_attributes":{"Type":"1","count":"4"}},{"shape_attributes":{"name":"circle","cx":3527,"cy":2333,"r":65},"region_attributes":{"Type":"1","count":"8"}},{"shape_attributes":{"name":"circle","cx":3633,"cy":2295,"r":47},"region_attributes":{"Type":"2","count":"1"}},{"shape_attributes":{"name":"circle","cx":3265,"cy":2487,"r":45},"region_attributes":{"Type":"1","count":"5"}},{"shape_attributes":{"name":"circle","cx":3195,"cy":2535,"r":59},"region_attributes":{"Type":"3","count":"1"}},{"shape_attributes":{"name":"circle","cx":2808,"cy":2519,"r":60},"region_attributes":{"Type":"1","count":"14"}},{"shape_attributes":{"name":"circle","cx":2975,"cy":2483,"r":38},"region_attributes":{"Type":"1","count":"4"}},{"shape_attributes":{"name":"circle","cx":3039,"cy":2523,"r":55},"region_attributes":{"Type":"1","count":"22"}},{"shape_attributes":{"name":"circle","cx":3028,"cy":2629,"r":53},"region_attributes":{"Type":"1","count":"2"}}],"file_attributes":{"date":"","temp":"","rain":"2","neighborhood":"East Village South","total_count":""}},"https://drive.google.com/uc?export=view&id=1dvcSgHl_JeVCVHFil4_JOqV3IG9WmVQR\n":{"filename":"https://drive.google.com/uc?export=view&id=1dvcSgHl_JeVCVHFil4_JOqV3IG9WmVQR\n","size":-1,"regions":[{"shape_attributes":{"name":"circle","cx":1881,"cy":1131,"r":67},"region_attributes":{"Type":"1","count":"1"}},{"shape_attributes":{"name":"circle","cx":2044,"cy":1061,"r":67},"region_attributes":{"Type":"1","count":"1"}},{"shape_attributes":{"name":"circle","cx":830,"cy":1251,"r":67},"region_attributes":{"Type":"1","count":"1"}},{"shape_attributes":{"name":"circle","cx":1004,"cy":1450,"r":67},"region_attributes":{"Type":"1","count":"1"}},{"shape_attributes":{"name":"circle","cx":1474,"cy":1416,"r":67},"region_attributes":{"Type":"1","count":"1"}},{"shape_attributes":{"name":"circle","cx":2037,"cy":1608,"r":67},"region_attributes":{"Type":"1","count":"1"}},{"shape_attributes":{"name":"circle","cx":2084,"cy":1857,"r":67},"region_attributes":{"Type":"1","count":"1"}},{"shape_attributes":{"name":"circle","cx":2432,"cy":1025,"r":67},"region_attributes":{"Type":"1","count":"1"}},{"shape_attributes":{"name":"circle","cx":2541,"cy":1032,"r":67},"region_attributes":{"Type":"1","count":"1"}},{"shape_attributes":{"name":"circle","cx":2360,"cy":1258,"r":67},"region_attributes":{"Type":"1","count":"1"}},{"shape_attributes":{"name":"circle","cx":1606,"cy":2200,"r":67},"region_attributes":{"Type":"1","count":"1"}},{"shape_attributes":{"name":"circle","cx":952,"cy":2080,"r":67},"region_attributes":{"Type":"1","count":"1"}},{"shape_attributes":{"name":"circle","cx":721,"cy":984,"r":67},"region_attributes":{"Type":"1","count":"1"}},{"shape_attributes":{"name":"circle","cx":701,"cy":1275,"r":67},"region_attributes":{"Type":"2","count":"1"}},{"shape_attributes":{"name":"circle","cx":1296,"cy":1454,"r":60},"region_attributes":{"Type":"1","count":"5"}},{"shape_attributes":{"name":"circle","cx":841,"cy":1354,"r":56},"region_attributes":{"Type":"2","count":"4"}},{"shape_attributes":{"name":"circle","cx":805,"cy":1442,"r":41},"region_attributes":{"Type":"1","count":"3"}},{"shape_attributes":{"name":"circle","cx":2643,"cy":2135,"r":67},"region_attributes":{"Type":"1","count":"1"}},{"shape_attributes":{"name":"circle","cx":2854,"cy":2264,"r":67},"region_attributes":{"Type":"1","count":"1"}},{"shape_attributes":{"name":"circle","cx":1931,"cy":1938,"r":67},"region_attributes":{"Type":"1","count":"1"}},{"shape_attributes":{"name":"circle","cx":1883,"cy":1700,"r":59},"region_attributes":{"Type":"1","count":"2"}},{"shape_attributes":{"name":"circle","cx":2614,"cy":961,"r":78},"region_attributes":{"Type":"1","count":"2"}},{"shape_attributes":{"name":"circle","cx":2390,"cy":1115,"r":64},"region_attributes":{"Type":"1","count":"11"}},{"shape_attributes":{"name":"circle","cx":2282,"cy":1139,"r":50},"region_attributes":{"Type":"2","count":"1"}},{"shape_attributes":{"name":"circle","cx":2632,"cy":1115,"r":83},"region_attributes":{"Type":"1","count":"8"}},{"shape_attributes":{"name":"circle","cx":2621,"cy":1433,"r":57},"region_attributes":{"Type":"1","count":"9"}},{"shape_attributes":{"name":"circle","cx":2308,"cy":1364,"r":55},"region_attributes":{"Type":"1","count":"8"}},{"shape_attributes":{"name":"circle","cx":2168,"cy":1827,"r":50},"region_attributes":{"Type":"1","count":"2"}},{"shape_attributes":{"name":"circle","cx":2890,"cy":1761,"r":57},"region_attributes":{"Type":"2","count":"1"}},{"shape_attributes":{"name":"circle","cx":3030,"cy":1761,"r":76},"region_attributes":{"Type":"1","count":"2"}},{"shape_attributes":{"name":"circle","cx":2616,"cy":1906,"r":42},"region_attributes":{"Type":"1","count":"3"}},{"shape_attributes":{"name":"circle","cx":2403,"cy":1904,"r":49},"region_attributes":{"Type":"2","count":"2"}},{"shape_attributes":{"name":"circle","cx":2291,"cy":1974,"r":57},"region_attributes":{"Type":"1","count":"13"}},{"shape_attributes":{"name":"circle","cx":1700,"cy":2053,"r":42},"region_attributes":{"Type":"1","count":"2"}},{"shape_attributes":{"name":"circle","cx":2265,"cy":2130,"r":84},"region_attributes":{"Type":"1","count":"2"}},{"shape_attributes":{"name":"circle","cx":2487,"cy":2094,"r":57},"region_attributes":{"Type":"1","count":"2"}},{"shape_attributes":{"name":"circle","cx":2672,"cy":2026,"r":60},"region_attributes":{"Type":"1","count":"6"}},{"shape_attributes":{"name":"circle","cx":2503,"cy":2189,"r":54},"region_attributes":{"Type":"1","count":"3"}},{"shape_attributes":{"name":"circle","cx":2672,"cy":2324,"r":73},"region_attributes":{"Type":"1","count":"4"}},{"shape_attributes":{"name":"circle","cx":2948,"cy":2535,"r":79},"region_attributes":{"Type":"1","count":"1"}},{"shape_attributes":{"name":"circle","cx":2837,"cy":2594,"r":51},"region_attributes":{"Type":"1","count":"13"}},{"shape_attributes":{"name":"circle","cx":3136,"cy":2526,"r":53},"region_attributes":{"Type":"1","count":"20"}},{"shape_attributes":{"name":"circle","cx":3136,"cy":2600,"r":62},"region_attributes":{"Type":"2","count":"1"}},{"shape_attributes":{"name":"circle","cx":3278,"cy":2566,"r":75},"region_attributes":{"Type":"1","count":"1"}},{"shape_attributes":{"name":"circle","cx":3218,"cy":2668,"r":58},"region_attributes":{"Type":"1","count":"3"}},{"shape_attributes":{"name":"circle","cx":3272,"cy":1020,"r":64},"region_attributes":{"Type":"2","count":"4"}},{"shape_attributes":{"name":"circle","cx":3392,"cy":1047,"r":56},"region_attributes":{"Type":"1","count":"6"}},{"shape_attributes":{"name":"circle","cx":3297,"cy":1124,"r":67},"region_attributes":{"Type":"1","count":"2"}},{"shape_attributes":{"name":"circle","cx":3453,"cy":1106,"r":54},"region_attributes":{"Type":"3","count":"2"}},{"shape_attributes":{"name":"circle","cx":3808,"cy":1067,"r":78},"region_attributes":{"Type":"1","count":"1"}},{"shape_attributes":{"name":"circle","cx":3554,"cy":981,"r":56},"region_attributes":{"Type":"1","count":"14"}},{"shape_attributes":{"name":"circle","cx":3550,"cy":1113,"r":59},"region_attributes":{"Type":"2","count":"6"}},{"shape_attributes":{"name":"circle","cx":3462,"cy":1364,"r":51},"region_attributes":{"Type":"3","count":"1"}},{"shape_attributes":{"name":"circle","cx":3631,"cy":1289,"r":54},"region_attributes":{"Type":"1","count":"1"}},{"shape_attributes":{"name":"circle","cx":3839,"cy":1307,"r":62},"region_attributes":{"Type":"2","count":"1"}},{"shape_attributes":{"name":"circle","cx":3823,"cy":1438,"r":67},"region_attributes":{"Type":"1","count":"2"}},{"shape_attributes":{"name":"circle","cx":3746,"cy":1352,"r":52},"region_attributes":{"Type":"3","count":"1"}},{"shape_attributes":{"name":"circle","cx":3667,"cy":1357,"r":59},"region_attributes":{"Type":"1","count":"3"}},{"shape_attributes":{"name":"circle","cx":3633,"cy":1451,"r":63},"region_attributes":{"Type":"1","count":"3"}},{"shape_attributes":{"name":"circle","cx":3527,"cy":1433,"r":61},"region_attributes":{"Type":"1","count":"4"}},{"shape_attributes":{"name":"circle","cx":3532,"cy":1305,"r":58},"region_attributes":{"Type":"2","count":"1"}},{"shape_attributes":{"name":"circle","cx":3279,"cy":1754,"r":76},"region_attributes":{"Type":"1","count":"3"}},{"shape_attributes":{"name":"circle","cx":3400,"cy":1768,"r":65},"region_attributes":{"Type":"1","count":"4"}},{"shape_attributes":{"name":"circle","cx":3387,"cy":1628,"r":51},"region_attributes":{"Type":"3","count":"1"}},{"shape_attributes":{"name":"circle","cx":3539,"cy":1594,"r":52},"region_attributes":{"Type":"1","count":"2"}},{"shape_attributes":{"name":"circle","cx":3817,"cy":1619,"r":74},"region_attributes":{"Type":"2","count":"9"}},{"shape_attributes":{"name":"circle","cx":3855,"cy":1673,"r":83},"region_attributes":{"Type":"1","count":"2"}},{"shape_attributes":{"name":"circle","cx":3692,"cy":1635,"r":61},"region_attributes":{"Type":"1","count":"5"}},{"shape_attributes":{"name":"circle","cx":3692,"cy":1763,"r":53},"region_attributes":{"Type":"1","count":"4"}},{"shape_attributes":{"name":"circle","cx":3599,"cy":1771,"r":55},"region_attributes":{"Type":"2","count":"3"}},{"shape_attributes":{"name":"circle","cx":3525,"cy":1685,"r":65},"region_attributes":{"Type":"2","count":"1"}},{"shape_attributes":{"name":"circle","cx":3683,"cy":2012,"r":46},"region_attributes":{"Type":"1","count":"6"}},{"shape_attributes":{"name":"circle","cx":3625,"cy":1919,"r":57},"region_attributes":{"Type":"1","count":"1"}},{"shape_attributes":{"name":"circle","cx":3543,"cy":1929,"r":45},"region_attributes":{"Type":"1","count":"2"}},{"shape_attributes":{"name":"circle","cx":3525,"cy":2035,"r":63},"region_attributes":{"Type":"2","count":"4"}},{"shape_attributes":{"name":"circle","cx":3677,"cy":2135,"r":83},"region_attributes":{"Type":"2","count":"9"}},{"shape_attributes":{"name":"circle","cx":3543,"cy":2213,"r":69},"region_attributes":{"Type":"1","count":"4"}},{"shape_attributes":{"name":"circle","cx":3658,"cy":2291,"r":41},"region_attributes":{"Type":"1","count":"3"}},{"shape_attributes":{"name":"circle","cx":3529,"cy":2352,"r":58},"region_attributes":{"Type":"1","count":"6"}},{"shape_attributes":{"name":"circle","cx":3618,"cy":2394,"r":83},"region_attributes":{"Type":"1","count":"9"}}],"file_attributes":{"date":"12-20-18","temp":"59","rain":"2","neighborhood":"East Village South","total_count":""}}},"_via_attributes":{"region":{"Type":{"type":"dropdown","description":"","options":{"1":"Individual","2":"Structure","3":"Vehicle"},"default_options":{}},"count":{"type":"text","description":"","default_value":""}},"file":{"date":{"type":"text","description":"","default_value":""},"temp":{"type":"text","description":"","default_value":""},"rain":{"type":"dropdown","description":"","options":{"1":"rain","2":"clear"},"default_options":{"2":true}},"neighborhood":{"type":"text","description":"","default_value":"East Village South"},"total_count":{"type":"text","description":"","default_value":""}}},"_via_data_format_version":"2.0.10","_via_image_id_list":["https://drive.google.com/uc?export=view&id=1lEWWwRjmjRlvrZOX7-vz16cCKCEGQ33t\n","https://drive.google.com/uc?export=view&id=1ucKDy0FS-OeoOL8jOBU6Ghsfo2GBysZ7\n","https://drive.google.com/uc?export=view&id=1APCQlbC3LocAh9MKy25cTzXEJP-fFMZU\n","https://drive.google.com/uc?export=view&id=1LhzAVWYLi3g5tWu4hTAa5kHvU_jln8uj\n","https://drive.google.com/uc?export=view&id=1dvcSgHl_JeVCVHFil4_JOqV3IG9WmVQR\n"]}