{"_via_settings":{"ui":{"annotation_editor_height":25,"annotation_editor_fontsize":0.8,"leftsidebar_width":18,"image_grid":{"img_height":80,"rshape_fill":"none","rshape_fill_opacity":0.3,"rshape_stroke":"yellow","rshape_stroke_width":2,"show_region_shape":true,"show_image_policy":"all"},"image":{"region_label":"__via_region_id__","region_color":"__via_default_region_color__","region_label_font":"0px Sans","on_image_annotation_editor_placement":"NEAR_REGION"}},"core":{"buffer_size":"18","filepath":{},"default_filepath":""},"project":{"name":"East Village_2018_count"}},"_via_img_metadata":{"https://drive.google.com/uc?export=view&id=1enECsaAFJ7ZEBuU2BiofS8Kda-V7L8n4\n":{"filename":"https://drive.google.com/uc?export=view&id=1enECsaAFJ7ZEBuU2BiofS8Kda-V7L8n4\n","size":-1,"regions":[{"shape_attributes":{"name":"circle","cx":624,"cy":1694,"r":75},"region_attributes":{"Type":"1","count":"1"}},{"shape_attributes":{"name":"circle","cx":473,"cy":2060,"r":81},"region_attributes":{"Type":"1","count":"2"}},{"shape_attributes":{"name":"circle","cx":887,"cy":2093,"r":82},"region_attributes":{"Type":"1","count":"1"}},{"shape_attributes":{"name":"circle","cx":747,"cy":2577,"r":82},"region_attributes":{"Type":"1","count":"1"}},{"shape_attributes":{"name":"circle","cx":882,"cy":2609,"r":82},"region_attributes":{"Type":"1","count":"1"}},{"shape_attributes":{"name":"circle","cx":817,"cy":1571,"r":82},"region_attributes":{"Type":"1","count":"1"}},{"shape_attributes":{"name":"circle","cx":1113,"cy":2394,"r":82},"region_attributes":{"Type":"1","count":"1"}},{"shape_attributes":{"name":"circle","cx":1167,"cy":2475,"r":82},"region_attributes":{"Type":"1","count":"1"}},{"shape_attributes":{"name":"circle","cx":1151,"cy":2614,"r":82},"region_attributes":{"Type":"1","count":"1"}},{"shape_attributes":{"name":"circle","cx":1387,"cy":2372,"r":82},"region_attributes":{"Type":"1","count":"1"}},{"shape_attributes":{"name":"circle","cx":1124,"cy":2259,"r":82},"region_attributes":{"Type":"1","count":"1"}},{"shape_attributes":{"name":"circle","cx":1775,"cy":2464,"r":82},"region_attributes":{"Type":"1","count":"1"}},{"shape_attributes":{"name":"circle","cx":1705,"cy":2614,"r":82},"region_attributes":{"Type":"1","count":"1"}},{"shape_attributes":{"name":"circle","cx":1162,"cy":1969,"r":82},"region_attributes":{"Type":"1","count":"1"}},{"shape_attributes":{"name":"circle","cx":1414,"cy":1576,"r":82},"region_attributes":{"Type":"1","count":"1"}},{"shape_attributes":{"name":"circle","cx":1990,"cy":1614,"r":82},"region_attributes":{"Type":"1","count":"1"}},{"shape_attributes":{"name":"circle","cx":2253,"cy":1388,"r":82},"region_attributes":{"Type":"1","count":"1"}},{"shape_attributes":{"name":"circle","cx":2350,"cy":899,"r":82},"region_attributes":{"Type":"1","count":"1"}},{"shape_attributes":{"name":"circle","cx":3044,"cy":861,"r":82},"region_attributes":{"Type":"1","count":"1"}},{"shape_attributes":{"name":"circle","cx":2985,"cy":1576,"r":82},"region_attributes":{"Type":"1","count":"1"}},{"shape_attributes":{"name":"circle","cx":473,"cy":2480,"r":82},"region_attributes":{"Type":"1","count":"1"}},{"shape_attributes":{"name":"circle","cx":3513,"cy":1684,"r":82},"region_attributes":{"Type":"1","count":"1"}},{"shape_attributes":{"name":"circle","cx":2550,"cy":1770,"r":89.524},"region_attributes":{"Type":"1","count":"1"}},{"shape_attributes":{"name":"circle","cx":2926,"cy":1947,"r":82},"region_attributes":{"Type":"1","count":"1"}},{"shape_attributes":{"name":"circle","cx":2996,"cy":2179,"r":82},"region_attributes":{"Type":"1","count":"1"}},{"shape_attributes":{"name":"circle","cx":2329,"cy":2066,"r":82},"region_attributes":{"Type":"1","count":"1"}},{"shape_attributes":{"name":"circle","cx":2227,"cy":2222,"r":82},"region_attributes":{"Type":"1","count":"1"}},{"shape_attributes":{"name":"circle","cx":2308,"cy":2507,"r":82},"region_attributes":{"Type":"1","count":"1"}},{"shape_attributes":{"name":"circle","cx":3211,"cy":1958,"r":82},"region_attributes":{"Type":"1","count":"1"}},{"shape_attributes":{"name":"circle","cx":3486,"cy":2039,"r":82},"region_attributes":{"Type":"1","count":"1"}},{"shape_attributes":{"name":"circle","cx":3459,"cy":2206,"r":82},"region_attributes":{"Type":"1","count":"1"}},{"shape_attributes":{"name":"circle","cx":3303,"cy":2614,"r":82},"region_attributes":{"Type":"1","count":"1"}},{"shape_attributes":{"name":"circle","cx":3292,"cy":1006,"r":82},"region_attributes":{"Type":"1","count":"1"}},{"shape_attributes":{"name":"circle","cx":3292,"cy":1006,"r":82},"region_attributes":{"Type":"1","count":"1"}},{"shape_attributes":{"name":"circle","cx":753,"cy":1673,"r":65},"region_attributes":{"Type":"2","count":"1"}},{"shape_attributes":{"name":"circle","cx":936,"cy":1581,"r":66},"region_attributes":{"Type":"1","count":"4"}},{"shape_attributes":{"name":"circle","cx":898,"cy":1721,"r":75},"region_attributes":{"Type":"2","count":"4"}},{"shape_attributes":{"name":"circle","cx":850,"cy":1829,"r":78},"region_attributes":{"Type":"1","count":"5"}},{"shape_attributes":{"name":"circle","cx":748,"cy":1829,"r":78},"region_attributes":{"Type":"1","count":"5"}},{"shape_attributes":{"name":"circle","cx":1205,"cy":1598,"r":65},"region_attributes":{"Type":"1","count":"10"}},{"shape_attributes":{"name":"circle","cx":1038,"cy":1587,"r":87},"region_attributes":{"Type":"2","count":"6"}},{"shape_attributes":{"name":"circle","cx":1210,"cy":1716,"r":75},"region_attributes":{"Type":"2","count":"3"}},{"shape_attributes":{"name":"circle","cx":1044,"cy":1743,"r":70},"region_attributes":{"Type":"1","count":"17"}},{"shape_attributes":{"name":"circle","cx":1232,"cy":1813,"r":96},"region_attributes":{"Type":"1","count":"5"}},{"shape_attributes":{"name":"circle","cx":1097,"cy":1834,"r":82},"region_attributes":{"Type":"2","count":"1"}},{"shape_attributes":{"name":"circle","cx":1033,"cy":2028,"r":67},"region_attributes":{"Type":"1","count":"2"}},{"shape_attributes":{"name":"circle","cx":1054,"cy":2135,"r":99},"region_attributes":{"Type":"2","count":"4"}},{"shape_attributes":{"name":"circle","cx":1345,"cy":2534,"r":81},"region_attributes":{"Type":"1","count":"3"}},{"shape_attributes":{"name":"circle","cx":1345,"cy":2195,"r":81},"region_attributes":{"Type":"1","count":"3"}},{"shape_attributes":{"name":"circle","cx":3728,"cy":909,"r":73},"region_attributes":{"Type":"3","count":"2"}},{"shape_attributes":{"name":"circle","cx":3722,"cy":1286,"r":104},"region_attributes":{"Type":"3","count":"1"}},{"shape_attributes":{"name":"circle","cx":3351,"cy":1259,"r":89},"region_attributes":{"Type":"2","count":"1"}},{"shape_attributes":{"name":"circle","cx":3190,"cy":1318,"r":75},"region_attributes":{"Type":"1","count":"6"}},{"shape_attributes":{"name":"circle","cx":2550,"cy":1468,"r":70},"region_attributes":{"Type":"3","count":"1"}},{"shape_attributes":{"name":"circle","cx":2168,"cy":2404,"r":91},"region_attributes":{"Type":"1","count":"6"}},{"shape_attributes":{"name":"circle","cx":2178,"cy":2587,"r":77},"region_attributes":{"Type":"1","count":"3"}},{"shape_attributes":{"name":"circle","cx":2238,"cy":2679,"r":70},"region_attributes":{"Type":"3","count":"1"}},{"shape_attributes":{"name":"circle","cx":2507,"cy":1802,"r":85},"region_attributes":{"Type":"3","count":"1"}},{"shape_attributes":{"name":"circle","cx":2453,"cy":2033,"r":72},"region_attributes":{"Type":"2","count":"2"}},{"shape_attributes":{"name":"circle","cx":2566,"cy":1969,"r":91},"region_attributes":{"Type":"2","count":"1"}},{"shape_attributes":{"name":"circle","cx":2437,"cy":2162,"r":85},"region_attributes":{"Type":"1","count":"8"}},{"shape_attributes":{"name":"circle","cx":3593,"cy":2173,"r":80},"region_attributes":{"Type":"2","count":"1"}},{"shape_attributes":{"name":"circle","cx":3658,"cy":2490,"r":90},"region_attributes":{"Type":"1","count":"2"}},{"shape_attributes":{"name":"circle","cx":2813,"cy":2205,"r":70},"region_attributes":{"Type":"2","count":"2"}},{"shape_attributes":{"name":"circle","cx":3066,"cy":1958,"r":72},"region_attributes":{"Type":"2","count":"1"}},{"shape_attributes":{"name":"circle","cx":3330,"cy":1947,"r":113},"region_attributes":{"Type":"2","count":"2"}},{"shape_attributes":{"name":"circle","cx":3217,"cy":2076,"r":70},"region_attributes":{"Type":"2","count":"3"}},{"shape_attributes":{"name":"circle","cx":3351,"cy":2157,"r":53},"region_attributes":{"Type":"2","count":"2"}},{"shape_attributes":{"name":"circle","cx":3297,"cy":2168,"r":58},"region_attributes":{"Type":"1","count":"3"}},{"shape_attributes":{"name":"circle","cx":3217,"cy":2178,"r":77},"region_attributes":{"Type":"1","count":"4"}},{"shape_attributes":{"name":"circle","cx":3346,"cy":2351,"r":63},"region_attributes":{"Type":"2","count":"1"}},{"shape_attributes":{"name":"circle","cx":3227,"cy":2318,"r":63},"region_attributes":{"Type":"1","count":"3"}},{"shape_attributes":{"name":"circle","cx":3244,"cy":2447,"r":63},"region_attributes":{"Type":"1","count":"4"}},{"shape_attributes":{"name":"circle","cx":3206,"cy":2555,"r":79},"region_attributes":{"Type":"2","count":"1"}}],"file_attributes":{"date":"7-25-18","temp":"70","rain":"2","neighborhood":"East Village","total_count":""}},"https://drive.google.com/uc?export=view&id=1XZRp1h6zf41fFUbfVNbYH-uGtPlY5dRE\n":{"filename":"https://drive.google.com/uc?export=view&id=1XZRp1h6zf41fFUbfVNbYH-uGtPlY5dRE\n","size":-1,"regions":[{"shape_attributes":{"name":"circle","cx":2206,"cy":915,"r":82},"region_attributes":{"Type":"1","count":"1"}},{"shape_attributes":{"name":"circle","cx":3308,"cy":802,"r":82},"region_attributes":{"Type":"1","count":"1"}},{"shape_attributes":{"name":"circle","cx":3330,"cy":1178,"r":82},"region_attributes":{"Type":"1","count":"1"}},{"shape_attributes":{"name":"circle","cx":3346,"cy":1565,"r":82},"region_attributes":{"Type":"1","count":"1"}},{"shape_attributes":{"name":"circle","cx":2227,"cy":1603,"r":82},"region_attributes":{"Type":"1","count":"1"}},{"shape_attributes":{"name":"circle","cx":3341,"cy":1947,"r":82},"region_attributes":{"Type":"1","count":"1"}},{"shape_attributes":{"name":"circle","cx":3045,"cy":2195,"r":82},"region_attributes":{"Type":"1","count":"1"}},{"shape_attributes":{"name":"circle","cx":2609,"cy":2200,"r":82},"region_attributes":{"Type":"1","count":"1"}},{"shape_attributes":{"name":"circle","cx":3384,"cy":2222,"r":82},"region_attributes":{"Type":"1","count":"1"}},{"shape_attributes":{"name":"circle","cx":3626,"cy":2630,"r":82},"region_attributes":{"Type":"1","count":"1"}},{"shape_attributes":{"name":"circle","cx":3421,"cy":2491,"r":82},"region_attributes":{"Type":"1","count":"1"}},{"shape_attributes":{"name":"circle","cx":1716,"cy":1990,"r":82},"region_attributes":{"Type":"1","count":"1"}},{"shape_attributes":{"name":"circle","cx":1791,"cy":1721,"r":82},"region_attributes":{"Type":"1","count":"1"}},{"shape_attributes":{"name":"circle","cx":2367,"cy":893,"r":82},"region_attributes":{"Type":"1","count":"1"}},{"shape_attributes":{"name":"circle","cx":2296,"cy":2356,"r":82},"region_attributes":{"Type":"1","count":"1"}},{"shape_attributes":{"name":"circle","cx":1985,"cy":1990,"r":62.729},"region_attributes":{"Type":"1","count":"1"}},{"shape_attributes":{"name":"circle","cx":1425,"cy":1732,"r":82},"region_attributes":{"Type":"1","count":"1"}},{"shape_attributes":{"name":"circle","cx":1199,"cy":1560,"r":82},"region_attributes":{"Type":"1","count":"1"}},{"shape_attributes":{"name":"circle","cx":1694,"cy":2647,"r":82},"region_attributes":{"Type":"1","count":"1"}},{"shape_attributes":{"name":"circle","cx":672,"cy":1727,"r":82},"region_attributes":{"Type":"1","count":"1"}},{"shape_attributes":{"name":"circle","cx":607,"cy":2006,"r":82},"region_attributes":{"Type":"1","count":"1"}},{"shape_attributes":{"name":"circle","cx":1974,"cy":1716,"r":82},"region_attributes":{"Type":"1","count":"1"}},{"shape_attributes":{"name":"circle","cx":823,"cy":2523,"r":82},"region_attributes":{"Type":"1","count":"1"}},{"shape_attributes":{"name":"circle","cx":527,"cy":2469,"r":82},"region_attributes":{"Type":"1","count":"1"}},{"shape_attributes":{"name":"circle","cx":785,"cy":1818,"r":82},"region_attributes":{"Type":"1","count":"1"}},{"shape_attributes":{"name":"circle","cx":785,"cy":1818,"r":82},"region_attributes":{"Type":"1","count":"1"}},{"shape_attributes":{"name":"circle","cx":941,"cy":2523,"r":82},"region_attributes":{"Type":"1","count":"1"}},{"shape_attributes":{"name":"circle","cx":1076,"cy":2098,"r":82},"region_attributes":{"Type":"1","count":"1"}},{"shape_attributes":{"name":"circle","cx":624,"cy":2383,"r":82},"region_attributes":{"Type":"1","count":"1"}},{"shape_attributes":{"name":"circle","cx":796,"cy":1667,"r":101},"region_attributes":{"Type":"1","count":"4"}},{"shape_attributes":{"name":"circle","cx":1409,"cy":2130,"r":85},"region_attributes":{"Type":"1","count":"3"}},{"shape_attributes":{"name":"circle","cx":1259,"cy":2119,"r":79},"region_attributes":{"Type":"1","count":"5"}},{"shape_attributes":{"name":"circle","cx":1189,"cy":2028,"r":94},"region_attributes":{"Type":"1","count":"2"}},{"shape_attributes":{"name":"circle","cx":1366,"cy":2560,"r":96},"region_attributes":{"Type":"1","count":"7"}},{"shape_attributes":{"name":"circle","cx":920,"cy":1700,"r":65},"region_attributes":{"Type":"2","count":"3"}},{"shape_attributes":{"name":"circle","cx":850,"cy":1823,"r":75},"region_attributes":{"Type":"2","count":"2"}},{"shape_attributes":{"name":"circle","cx":936,"cy":1813,"r":70},"region_attributes":{"Type":"1","count":"5"}},{"shape_attributes":{"name":"circle","cx":1070,"cy":1608,"r":103},"region_attributes":{"Type":"2","count":"1"}},{"shape_attributes":{"name":"circle","cx":1259,"cy":1641,"r":58},"region_attributes":{"Type":"1","count":"4"}},{"shape_attributes":{"name":"circle","cx":1269,"cy":1748,"r":63},"region_attributes":{"Type":"2","count":"4"}},{"shape_attributes":{"name":"circle","cx":1237,"cy":1845,"r":46},"region_attributes":{"Type":"1","count":"5"}},{"shape_attributes":{"name":"circle","cx":1092,"cy":1770,"r":54},"region_attributes":{"Type":"1","count":"23"}},{"shape_attributes":{"name":"circle","cx":1135,"cy":1850,"r":69},"region_attributes":{"Type":"2","count":"2"}},{"shape_attributes":{"name":"circle","cx":2351,"cy":1259,"r":73},"region_attributes":{"Type":"1","count":"2"}},{"shape_attributes":{"name":"circle","cx":3281,"cy":1323,"r":84},"region_attributes":{"Type":"1","count":"7"}},{"shape_attributes":{"name":"circle","cx":2582,"cy":1490,"r":88},"region_attributes":{"Type":"2","count":"2"}},{"shape_attributes":{"name":"circle","cx":1721,"cy":2383,"r":79.964},"region_attributes":{"Type":"2","count":"3"}},{"shape_attributes":{"name":"circle","cx":1802,"cy":2533,"r":88},"region_attributes":{"Type":"1","count":"2"}},{"shape_attributes":{"name":"circle","cx":2211,"cy":2501,"r":87},"region_attributes":{"Type":"1","count":"3"}},{"shape_attributes":{"name":"circle","cx":2291,"cy":2620,"r":81},"region_attributes":{"Type":"1","count":"2"}},{"shape_attributes":{"name":"circle","cx":2496,"cy":1974,"r":82},"region_attributes":{"Type":"1","count":"8"}},{"shape_attributes":{"name":"circle","cx":2496,"cy":2103,"r":94},"region_attributes":{"Type":"2","count":"2"}},{"shape_attributes":{"name":"circle","cx":3798,"cy":925,"r":84},"region_attributes":{"Type":"3","count":"2"}},{"shape_attributes":{"name":"circle","cx":3787,"cy":1302,"r":84},"region_attributes":{"Type":"3","count":"1"}},{"shape_attributes":{"name":"circle","cx":3512,"cy":2060,"r":90},"region_attributes":{"Type":"3","count":"1"}},{"shape_attributes":{"name":"circle","cx":3249,"cy":2017,"r":81},"region_attributes":{"Type":"1","count":"3"}},{"shape_attributes":{"name":"circle","cx":3244,"cy":2152,"r":94},"region_attributes":{"Type":"2","count":"1"}},{"shape_attributes":{"name":"circle","cx":3394,"cy":2361,"r":77},"region_attributes":{"Type":"2","count":"3"}},{"shape_attributes":{"name":"circle","cx":3270,"cy":2394,"r":75},"region_attributes":{"Type":"1","count":"10"}},{"shape_attributes":{"name":"circle","cx":3238,"cy":2533,"r":60},"region_attributes":{"Type":"2","count":"4"}},{"shape_attributes":{"name":"circle","cx":3335,"cy":2630,"r":130},"region_attributes":{"Type":"1","count":"2"}}],"file_attributes":{"date":"8-29-18","temp":"70","rain":"2","neighborhood":"East Village","total_count":""}},"https://drive.google.com/uc?export=view&id=1Dwl5Y5l2Rqegc1Mz7mhjHKjeYRv6wFCj\n":{"filename":"https://drive.google.com/uc?export=view&id=1Dwl5Y5l2Rqegc1Mz7mhjHKjeYRv6wFCj\n","size":-1,"regions":[{"shape_attributes":{"name":"circle","cx":570,"cy":1651,"r":97},"region_attributes":{"Type":"1","count":"1"}},{"shape_attributes":{"name":"circle","cx":570,"cy":1953,"r":97},"region_attributes":{"Type":"1","count":"1"}},{"shape_attributes":{"name":"circle","cx":1097,"cy":2582,"r":97},"region_attributes":{"Type":"1","count":"1"}},{"shape_attributes":{"name":"circle","cx":1215,"cy":1990,"r":97},"region_attributes":{"Type":"1","count":"1"}},{"shape_attributes":{"name":"circle","cx":1914,"cy":1711,"r":97},"region_attributes":{"Type":"1","count":"1"}},{"shape_attributes":{"name":"circle","cx":1898,"cy":1899,"r":97},"region_attributes":{"Type":"1","count":"1"}},{"shape_attributes":{"name":"circle","cx":1188,"cy":1528,"r":97},"region_attributes":{"Type":"1","count":"1"}},{"shape_attributes":{"name":"circle","cx":2576,"cy":1727,"r":97},"region_attributes":{"Type":"1","count":"1"}},{"shape_attributes":{"name":"circle","cx":2743,"cy":2162,"r":97},"region_attributes":{"Type":"1","count":"1"}},{"shape_attributes":{"name":"circle","cx":2608,"cy":2157,"r":97},"region_attributes":{"Type":"1","count":"1"}},{"shape_attributes":{"name":"circle","cx":2474,"cy":2222,"r":70.133},"region_attributes":{"Type":"1","count":"1"}},{"shape_attributes":{"name":"circle","cx":2549,"cy":974,"r":97},"region_attributes":{"Type":"1","count":"1"}},{"shape_attributes":{"name":"circle","cx":3157,"cy":1119,"r":97},"region_attributes":{"Type":"1","count":"1"}},{"shape_attributes":{"name":"circle","cx":3361,"cy":2480,"r":97},"region_attributes":{"Type":"1","count":"1"}},{"shape_attributes":{"name":"circle","cx":3281,"cy":2555,"r":97},"region_attributes":{"Type":"1","count":"1"}},{"shape_attributes":{"name":"circle","cx":1667,"cy":2555,"r":97},"region_attributes":{"Type":"1","count":"1"}},{"shape_attributes":{"name":"circle","cx":850,"cy":1533,"r":60},"region_attributes":{"Type":"1","count":"10"}},{"shape_attributes":{"name":"circle","cx":753,"cy":1598,"r":67},"region_attributes":{"Type":"2","count":"1"}},{"shape_attributes":{"name":"circle","cx":1049,"cy":1598,"r":79},"region_attributes":{"Type":"1","count":"15"}},{"shape_attributes":{"name":"circle","cx":898,"cy":1635,"r":81},"region_attributes":{"Type":"2","count":"1"}},{"shape_attributes":{"name":"circle","cx":726,"cy":1727,"r":58},"region_attributes":{"Type":"1","count":"7"}},{"shape_attributes":{"name":"circle","cx":1189,"cy":1678,"r":65},"region_attributes":{"Type":"2","count":"1"}},{"shape_attributes":{"name":"circle","cx":1092,"cy":1791,"r":72},"region_attributes":{"Type":"1","count":"6"}},{"shape_attributes":{"name":"circle","cx":834,"cy":1786,"r":87},"region_attributes":{"Type":"2","count":"1"}},{"shape_attributes":{"name":"circle","cx":1743,"cy":1673,"r":72},"region_attributes":{"Type":"1","count":"2"}},{"shape_attributes":{"name":"circle","cx":1662,"cy":1931,"r":75},"region_attributes":{"Type":"2","count":"2"}},{"shape_attributes":{"name":"circle","cx":1307,"cy":2388,"r":72},"region_attributes":{"Type":"2","count":"2"}},{"shape_attributes":{"name":"circle","cx":1081,"cy":1942,"r":82},"region_attributes":{"Type":"1","count":"3"}},{"shape_attributes":{"name":"circle","cx":1017,"cy":2055,"r":75},"region_attributes":{"Type":"2","count":"3"}},{"shape_attributes":{"name":"circle","cx":1146,"cy":2103,"r":69},"region_attributes":{"Type":"2","count":"1"}},{"shape_attributes":{"name":"circle","cx":1027,"cy":2168,"r":87},"region_attributes":{"Type":"1","count":"3"}},{"shape_attributes":{"name":"circle","cx":1334,"cy":2517,"r":78},"region_attributes":{"Type":"1","count":"9"}},{"shape_attributes":{"name":"circle","cx":2162,"cy":2593,"r":101},"region_attributes":{"Type":"1","count":"2"}},{"shape_attributes":{"name":"circle","cx":2308,"cy":1248,"r":82},"region_attributes":{"Type":"1","count":"2"}},{"shape_attributes":{"name":"circle","cx":3711,"cy":893,"r":72},"region_attributes":{"Type":"3","count":"1"}},{"shape_attributes":{"name":"circle","cx":3174,"cy":1307,"r":99},"region_attributes":{"Type":"1","count":"4"}},{"shape_attributes":{"name":"circle","cx":2550,"cy":1538,"r":61},"region_attributes":{"Type":"1","count":"2"}},{"shape_attributes":{"name":"circle","cx":2517,"cy":1915,"r":63},"region_attributes":{"Type":"2","count":"1"}},{"shape_attributes":{"name":"circle","cx":2404,"cy":1969,"r":84},"region_attributes":{"Type":"1","count":"5"}},{"shape_attributes":{"name":"circle","cx":2985,"cy":1872,"r":80},"region_attributes":{"Type":"3","count":"2"}},{"shape_attributes":{"name":"circle","cx":2415,"cy":2092,"r":84},"region_attributes":{"Type":"2","count":"4"}},{"shape_attributes":{"name":"circle","cx":3335,"cy":2329,"r":67},"region_attributes":{"Type":"1","count":"2"}},{"shape_attributes":{"name":"circle","cx":3276,"cy":2324,"r":70},"region_attributes":{"Type":"2","count":"2"}},{"shape_attributes":{"name":"circle","cx":3184,"cy":2399,"r":104},"region_attributes":{"Type":"2","count":"3"}},{"shape_attributes":{"name":"circle","cx":3260,"cy":1893,"r":63},"region_attributes":{"Type":"1","count":"4"}},{"shape_attributes":{"name":"circle","cx":3174,"cy":1985,"r":51},"region_attributes":{"Type":"2","count":"7"}},{"shape_attributes":{"name":"circle","cx":3367,"cy":1958,"r":84},"region_attributes":{"Type":"2","count":"2"}},{"shape_attributes":{"name":"circle","cx":3254,"cy":2039,"r":72},"region_attributes":{"Type":"2","count":"1"}},{"shape_attributes":{"name":"circle","cx":3195,"cy":2162,"r":77},"region_attributes":{"Type":"1","count":"7"}},{"shape_attributes":{"name":"circle","cx":3351,"cy":2152,"r":88},"region_attributes":{"Type":"1","count":"4"}}],"file_attributes":{"date":"9-27-18","temp":"68","rain":"2","neighborhood":"East Village","total_count":""}},"https://drive.google.com/uc?export=view&id=1egxL--on6H6Ri5402I8c8Tf4BOgO1RCq\n":{"filename":"https://drive.google.com/uc?export=view&id=1egxL--on6H6Ri5402I8c8Tf4BOgO1RCq\n","size":-1,"regions":[{"shape_attributes":{"name":"circle","cx":528,"cy":1636,"r":89},"region_attributes":{"Type":"1","count":"1"}},{"shape_attributes":{"name":"circle","cx":1485,"cy":2077,"r":89},"region_attributes":{"Type":"1","count":"1"}},{"shape_attributes":{"name":"circle","cx":1044,"cy":2093,"r":89},"region_attributes":{"Type":"1","count":"1"}},{"shape_attributes":{"name":"circle","cx":651,"cy":1948,"r":89},"region_attributes":{"Type":"1","count":"1"}},{"shape_attributes":{"name":"circle","cx":640,"cy":2313,"r":89},"region_attributes":{"Type":"1","count":"1"}},{"shape_attributes":{"name":"circle","cx":2297,"cy":2588,"r":89},"region_attributes":{"Type":"1","count":"1"}},{"shape_attributes":{"name":"circle","cx":2948,"cy":1964,"r":89},"region_attributes":{"Type":"1","count":"1"}},{"shape_attributes":{"name":"circle","cx":2754,"cy":2055,"r":89},"region_attributes":{"Type":"1","count":"1"}},{"shape_attributes":{"name":"circle","cx":3351,"cy":2324,"r":89},"region_attributes":{"Type":"1","count":"1"}},{"shape_attributes":{"name":"circle","cx":2550,"cy":2330,"r":89},"region_attributes":{"Type":"1","count":"1"}},{"shape_attributes":{"name":"circle","cx":2195,"cy":1711,"r":89},"region_attributes":{"Type":"1","count":"1"}},{"shape_attributes":{"name":"circle","cx":780,"cy":1549,"r":70},"region_attributes":{"Type":"1","count":"9"}},{"shape_attributes":{"name":"circle","cx":909,"cy":1614,"r":75},"region_attributes":{"Type":"2","count":"2"}},{"shape_attributes":{"name":"circle","cx":758,"cy":1684,"r":84},"region_attributes":{"Type":"2","count":"2"}},{"shape_attributes":{"name":"circle","cx":925,"cy":1743,"r":60},"region_attributes":{"Type":"1","count":"9"}},{"shape_attributes":{"name":"circle","cx":812,"cy":1823,"r":93},"region_attributes":{"Type":"1","count":"2"}},{"shape_attributes":{"name":"circle","cx":543,"cy":2066,"r":100},"region_attributes":{"Type":"1","count":"3"}},{"shape_attributes":{"name":"circle","cx":1232,"cy":1630,"r":84},"region_attributes":{"Type":"2","count":"2"}},{"shape_attributes":{"name":"circle","cx":1049,"cy":1576,"r":97},"region_attributes":{"Type":"2","count":"2"}},{"shape_attributes":{"name":"circle","cx":1243,"cy":1764,"r":77},"region_attributes":{"Type":"1","count":"12"}},{"shape_attributes":{"name":"circle","cx":1038,"cy":1748,"r":69},"region_attributes":{"Type":"1","count":"17"}},{"shape_attributes":{"name":"circle","cx":1146,"cy":1791,"r":73},"region_attributes":{"Type":"2","count":"4"}},{"shape_attributes":{"name":"circle","cx":1215,"cy":2097,"r":82},"region_attributes":{"Type":"1","count":"2"}},{"shape_attributes":{"name":"circle","cx":1640,"cy":2522,"r":82},"region_attributes":{"Type":"1","count":"2"}},{"shape_attributes":{"name":"circle","cx":1764,"cy":2350,"r":82},"region_attributes":{"Type":"1","count":"2"}},{"shape_attributes":{"name":"circle","cx":1689,"cy":1931,"r":82},"region_attributes":{"Type":"1","count":"2"}},{"shape_attributes":{"name":"circle","cx":2232,"cy":1592,"r":82},"region_attributes":{"Type":"1","count":"2"}},{"shape_attributes":{"name":"circle","cx":3238,"cy":1769,"r":82},"region_attributes":{"Type":"1","count":"2"}},{"shape_attributes":{"name":"circle","cx":1807,"cy":2044,"r":82},"region_attributes":{"Type":"1","count":"2"}},{"shape_attributes":{"name":"circle","cx":1124,"cy":1963,"r":82},"region_attributes":{"Type":"1","count":"2"}},{"shape_attributes":{"name":"circle","cx":1700,"cy":2178,"r":152.235},"region_attributes":{"Type":"2","count":"1"}},{"shape_attributes":{"name":"circle","cx":1474,"cy":2318,"r":67},"region_attributes":{"Type":"2","count":"1"}},{"shape_attributes":{"name":"circle","cx":1318,"cy":2528,"r":90},"region_attributes":{"Type":"2","count":"1"}},{"shape_attributes":{"name":"circle","cx":1598,"cy":2351,"r":108},"region_attributes":{"Type":"2","count":"1"}},{"shape_attributes":{"name":"circle","cx":1323,"cy":2361,"r":115},"region_attributes":{"Type":"1","count":"5"}},{"shape_attributes":{"name":"circle","cx":2178,"cy":2426,"r":87},"region_attributes":{"Type":"1","count":"7"}},{"shape_attributes":{"name":"circle","cx":3265,"cy":1189,"r":92},"region_attributes":{"Type":"1","count":"8"}},{"shape_attributes":{"name":"circle","cx":3733,"cy":936,"r":79},"region_attributes":{"Type":"1","count":"4"}},{"shape_attributes":{"name":"circle","cx":3265,"cy":1356,"r":97},"region_attributes":{"Type":"1","count":"1"}},{"shape_attributes":{"name":"circle","cx":3233,"cy":2555,"r":109},"region_attributes":{"Type":"2","count":"2"}},{"shape_attributes":{"name":"circle","cx":2507,"cy":1565,"r":108},"region_attributes":{"Type":"1","count":"4"}},{"shape_attributes":{"name":"circle","cx":2453,"cy":1985,"r":79},"region_attributes":{"Type":"1","count":"10"}},{"shape_attributes":{"name":"circle","cx":2577,"cy":1888,"r":94},"region_attributes":{"Type":"2","count":"1"}},{"shape_attributes":{"name":"circle","cx":2485,"cy":2130,"r":88},"region_attributes":{"Type":"2","count":"4"}},{"shape_attributes":{"name":"circle","cx":2609,"cy":2442,"r":97},"region_attributes":{"Type":"2","count":"2"}}],"file_attributes":{"date":"","temp":"","rain":"2","neighborhood":"East Village","total_count":""}},"https://drive.google.com/uc?export=view&id=13bQQYzWk_wsSpXrD3zNuVd_fWOKnH4Qf\n":{"filename":"https://drive.google.com/uc?export=view&id=13bQQYzWk_wsSpXrD3zNuVd_fWOKnH4Qf\n","size":-1,"regions":[{"shape_attributes":{"name":"circle","cx":2237,"cy":1043,"r":89},"region_attributes":{"Type":"1","count":"1"}},{"shape_attributes":{"name":"circle","cx":3631,"cy":1081,"r":89},"region_attributes":{"Type":"1","count":"1"}},{"shape_attributes":{"name":"circle","cx":3378,"cy":1447,"r":89},"region_attributes":{"Type":"1","count":"1"}},{"shape_attributes":{"name":"circle","cx":2942,"cy":1624,"r":89},"region_attributes":{"Type":"1","count":"1"}},{"shape_attributes":{"name":"circle","cx":3399,"cy":1979,"r":89},"region_attributes":{"Type":"1","count":"1"}},{"shape_attributes":{"name":"circle","cx":3577,"cy":2108,"r":89},"region_attributes":{"Type":"1","count":"1"}},{"shape_attributes":{"name":"circle","cx":3463,"cy":2555,"r":89},"region_attributes":{"Type":"1","count":"1"}},{"shape_attributes":{"name":"circle","cx":3415,"cy":2280,"r":89},"region_attributes":{"Type":"1","count":"1"}},{"shape_attributes":{"name":"circle","cx":2657,"cy":1054,"r":89},"region_attributes":{"Type":"1","count":"1"}},{"shape_attributes":{"name":"circle","cx":1462,"cy":1646,"r":89},"region_attributes":{"Type":"1","count":"1"}},{"shape_attributes":{"name":"circle","cx":1290,"cy":1613,"r":89},"region_attributes":{"Type":"1","count":"1"}},{"shape_attributes":{"name":"circle","cx":817,"cy":1743,"r":89},"region_attributes":{"Type":"1","count":"1"}},{"shape_attributes":{"name":"circle","cx":1081,"cy":2060,"r":89},"region_attributes":{"Type":"1","count":"1"}},{"shape_attributes":{"name":"circle","cx":1376,"cy":2410,"r":89},"region_attributes":{"Type":"1","count":"1"}},{"shape_attributes":{"name":"circle","cx":1995,"cy":1635,"r":89},"region_attributes":{"Type":"1","count":"1"}},{"shape_attributes":{"name":"circle","cx":1995,"cy":1635,"r":89},"region_attributes":{"Type":"1","count":"1"}},{"shape_attributes":{"name":"circle","cx":957,"cy":1630,"r":72},"region_attributes":{"Type":"2","count":"1"}},{"shape_attributes":{"name":"circle","cx":1113,"cy":1619,"r":85},"region_attributes":{"Type":"2","count":"3"}},{"shape_attributes":{"name":"circle","cx":968,"cy":1786,"r":82},"region_attributes":{"Type":"1","count":"5"}},{"shape_attributes":{"name":"circle","cx":898,"cy":1850,"r":84},"region_attributes":{"Type":"1","count":"8"}},{"shape_attributes":{"name":"circle","cx":1286,"cy":1737,"r":78},"region_attributes":{"Type":"2","count":"6"}},{"shape_attributes":{"name":"circle","cx":1269,"cy":1861,"r":63},"region_attributes":{"Type":"2","count":"1"}},{"shape_attributes":{"name":"circle","cx":1108,"cy":1786,"r":77},"region_attributes":{"Type":"1","count":"14"}},{"shape_attributes":{"name":"circle","cx":1183,"cy":1829,"r":84},"region_attributes":{"Type":"1","count":"4"}},{"shape_attributes":{"name":"circle","cx":1216,"cy":2012,"r":106},"region_attributes":{"Type":"1","count":"2"}},{"shape_attributes":{"name":"circle","cx":1377,"cy":2130,"r":77},"region_attributes":{"Type":"2","count":"1"}},{"shape_attributes":{"name":"circle","cx":1501,"cy":2399,"r":92},"region_attributes":{"Type":"2","count":"1"}},{"shape_attributes":{"name":"circle","cx":1630,"cy":2593,"r":101},"region_attributes":{"Type":"1","count":"4"}},{"shape_attributes":{"name":"circle","cx":1797,"cy":2571,"r":101},"region_attributes":{"Type":"1","count":"4"}},{"shape_attributes":{"name":"circle","cx":2668,"cy":2260,"r":101},"region_attributes":{"Type":"1","count":"4"}},{"shape_attributes":{"name":"circle","cx":2539,"cy":2561,"r":101},"region_attributes":{"Type":"1","count":"9"}},{"shape_attributes":{"name":"circle","cx":1415,"cy":2593,"r":101},"region_attributes":{"Type":"1","count":"4"}},{"shape_attributes":{"name":"circle","cx":2571,"cy":2399,"r":84},"region_attributes":{"Type":"1","count":"2"}},{"shape_attributes":{"name":"circle","cx":1818,"cy":2404,"r":84},"region_attributes":{"Type":"2","count":"3"}},{"shape_attributes":{"name":"circle","cx":1689,"cy":2410,"r":89},"region_attributes":{"Type":"1","count":"3"}},{"shape_attributes":{"name":"circle","cx":2227,"cy":855,"r":96},"region_attributes":{"Type":"2","count":"3"}},{"shape_attributes":{"name":"circle","cx":3765,"cy":974,"r":82},"region_attributes":{"Type":"1","count":"2"}},{"shape_attributes":{"name":"circle","cx":2361,"cy":1382,"r":96},"region_attributes":{"Type":"2","count":"1"}},{"shape_attributes":{"name":"circle","cx":3297,"cy":1264,"r":75},"region_attributes":{"Type":"2","count":"1"}},{"shape_attributes":{"name":"circle","cx":3276,"cy":1399,"r":87},"region_attributes":{"Type":"1","count":"4"}},{"shape_attributes":{"name":"circle","cx":2447,"cy":1732,"r":93},"region_attributes":{"Type":"3","count":"1"}},{"shape_attributes":{"name":"circle","cx":2646,"cy":2076,"r":87},"region_attributes":{"Type":"2","count":"1"}},{"shape_attributes":{"name":"circle","cx":2501,"cy":2033,"r":87},"region_attributes":{"Type":"1","count":"6"}},{"shape_attributes":{"name":"circle","cx":2480,"cy":2211,"r":106},"region_attributes":{"Type":"2","count":"4"}},{"shape_attributes":{"name":"circle","cx":3265,"cy":2044,"r":84},"region_attributes":{"Type":"2","count":"3"}},{"shape_attributes":{"name":"circle","cx":3432,"cy":2125,"r":80},"region_attributes":{"Type":"1","count":"5"}},{"shape_attributes":{"name":"circle","cx":3270,"cy":2232,"r":103},"region_attributes":{"Type":"1","count":"7"}},{"shape_attributes":{"name":"circle","cx":3383,"cy":2415,"r":87},"region_attributes":{"Type":"2","count":"2"}},{"shape_attributes":{"name":"circle","cx":3265,"cy":2512,"r":96},"region_attributes":{"Type":"2","count":"1"}}],"file_attributes":{"date":"12-20-18","temp":"59","rain":"2","neighborhood":"East Village","total_count":""}}},"_via_attributes":{"region":{"Type":{"type":"dropdown","description":"","options":{"1":"Individual","2":"Structure","3":"Vehicle"},"default_options":{}},"count":{"type":"text","description":"","default_value":""}},"file":{"date":{"type":"text","description":"","default_value":""},"temp":{"type":"text","description":"","default_value":""},"rain":{"type":"dropdown","description":"","options":{"1":"rain","2":"clear"},"default_options":{"2":true}},"neighborhood":{"type":"text","description":"","default_value":"East Village"},"total_count":{"type":"text","description":"","default_value":""}}},"_via_data_format_version":"2.0.10","_via_image_id_list":["https://drive.google.com/uc?export=view&id=1enECsaAFJ7ZEBuU2BiofS8Kda-V7L8n4\n","https://drive.google.com/uc?export=view&id=1XZRp1h6zf41fFUbfVNbYH-uGtPlY5dRE\n","https://drive.google.com/uc?export=view&id=1Dwl5Y5l2Rqegc1Mz7mhjHKjeYRv6wFCj\n","https://drive.google.com/uc?export=view&id=1egxL--on6H6Ri5402I8c8Tf4BOgO1RCq\n","https://drive.google.com/uc?export=view&id=13bQQYzWk_wsSpXrD3zNuVd_fWOKnH4Qf\n"]}