{"_via_settings":{"ui":{"annotation_editor_height":25,"annotation_editor_fontsize":0.8,"leftsidebar_width":18,"image_grid":{"img_height":80,"rshape_fill":"none","rshape_fill_opacity":0.3,"rshape_stroke":"yellow","rshape_stroke_width":2,"show_region_shape":true,"show_image_policy":"all"},"image":{"region_label":"__via_region_id__","region_color":"__via_default_region_color__","region_label_font":"10px Sans","on_image_annotation_editor_placement":"NEAR_REGION"}},"core":{"buffer_size":18,"filepath":{},"default_filepath":""},"project":{"name":"Gaslamp_2018_count"}},"_via_img_metadata":{"https://drive.google.com/uc?export=view&id=1mynN4bHZGqjO2WD84Lo4ig9-4-atKWtR\n":{"filename":"https://drive.google.com/uc?export=view&id=1mynN4bHZGqjO2WD84Lo4ig9-4-atKWtR\n","size":-1,"regions":[{"shape_attributes":{"name":"circle","cx":3448,"cy":2485,"r":104},"region_attributes":{"Type":"1","count":"1"}},{"shape_attributes":{"name":"circle","cx":3239,"cy":393,"r":104},"region_attributes":{"Type":"1","count":"1"}},{"shape_attributes":{"name":"circle","cx":3432,"cy":640,"r":104},"region_attributes":{"Type":"1","count":"1"}},{"shape_attributes":{"name":"circle","cx":3287,"cy":710,"r":104},"region_attributes":{"Type":"1","count":"1"}},{"shape_attributes":{"name":"circle","cx":3577,"cy":990,"r":104},"region_attributes":{"Type":"1","count":"1"}},{"shape_attributes":{"name":"circle","cx":3481,"cy":1043,"r":104},"region_attributes":{"Type":"1","count":"1"}},{"shape_attributes":{"name":"circle","cx":3303,"cy":898,"r":104},"region_attributes":{"Type":"1","count":"1"}},{"shape_attributes":{"name":"circle","cx":3298,"cy":1070,"r":104},"region_attributes":{"Type":"1","count":"1"}},{"shape_attributes":{"name":"circle","cx":3071,"cy":1081,"r":104},"region_attributes":{"Type":"1","count":"1"}},{"shape_attributes":{"name":"circle","cx":3572,"cy":484,"r":104},"region_attributes":{"Type":"1","count":"1"}},{"shape_attributes":{"name":"circle","cx":2727,"cy":1366,"r":104},"region_attributes":{"Type":"1","count":"1"}},{"shape_attributes":{"name":"circle","cx":2878,"cy":1495,"r":104},"region_attributes":{"Type":"1","count":"1"}},{"shape_attributes":{"name":"circle","cx":3039,"cy":1877,"r":104},"region_attributes":{"Type":"1","count":"1"}},{"shape_attributes":{"name":"circle","cx":2765,"cy":1904,"r":104},"region_attributes":{"Type":"1","count":"1"}},{"shape_attributes":{"name":"circle","cx":3039,"cy":914,"r":104},"region_attributes":{"Type":"1","count":"1"}},{"shape_attributes":{"name":"circle","cx":3276,"cy":2436,"r":104},"region_attributes":{"Type":"1","count":"1"}},{"shape_attributes":{"name":"circle","cx":2835,"cy":1683,"r":104},"region_attributes":{"Type":"1","count":"1"}},{"shape_attributes":{"name":"circle","cx":3599,"cy":2845,"r":104},"region_attributes":{"Type":"1","count":"6"}},{"shape_attributes":{"name":"circle","cx":3453,"cy":1420,"r":123},"region_attributes":{"Type":"1","count":"2"}},{"shape_attributes":{"name":"circle","cx":3426,"cy":1221,"r":123},"region_attributes":{"Type":"1","count":"2"}},{"shape_attributes":{"name":"circle","cx":2888,"cy":898,"r":123},"region_attributes":{"Type":"1","count":"2"}},{"shape_attributes":{"name":"circle","cx":2695,"cy":984,"r":123},"region_attributes":{"Type":"1","count":"2"}},{"shape_attributes":{"name":"circle","cx":3281,"cy":1646,"r":123},"region_attributes":{"Type":"1","count":"2"}},{"shape_attributes":{"name":"circle","cx":3281,"cy":1646,"r":123},"region_attributes":{"Type":"1","count":"2"}},{"shape_attributes":{"name":"circle","cx":2926,"cy":1226,"r":89},"region_attributes":{"Type":"1","count":"3"}},{"shape_attributes":{"name":"circle","cx":2722,"cy":403,"r":124},"region_attributes":{"Type":"1","count":"3"}},{"shape_attributes":{"name":"circle","cx":2926,"cy":645,"r":128},"region_attributes":{"Type":"1","count":"3"}},{"shape_attributes":{"name":"circle","cx":3055,"cy":1603,"r":168},"region_attributes":{"Type":"1","count":"3"}}],"file_attributes":{"date":"7-25-18","temp":"70","rain":"2","neighborhood":"Gaslamp","total_count":""}},"https://drive.google.com/uc?export=view&id=1ddoVOfLgezIZ_bsM-rVGTVkMuVBDyn0O\n":{"filename":"https://drive.google.com/uc?export=view&id=1ddoVOfLgezIZ_bsM-rVGTVkMuVBDyn0O\n","size":-1,"regions":[{"shape_attributes":{"name":"circle","cx":3044,"cy":441,"r":125},"region_attributes":{"Type":"1","count":"1"}},{"shape_attributes":{"name":"circle","cx":3501,"cy":770,"r":125},"region_attributes":{"Type":"1","count":"1"}},{"shape_attributes":{"name":"circle","cx":3490,"cy":931,"r":125},"region_attributes":{"Type":"1","count":"1"}},{"shape_attributes":{"name":"circle","cx":3684,"cy":1318,"r":125},"region_attributes":{"Type":"1","count":"1"}},{"shape_attributes":{"name":"circle","cx":3125,"cy":1356,"r":125},"region_attributes":{"Type":"1","count":"1"}},{"shape_attributes":{"name":"circle","cx":3517,"cy":1517,"r":125},"region_attributes":{"Type":"1","count":"1"}},{"shape_attributes":{"name":"circle","cx":3469,"cy":1684,"r":125},"region_attributes":{"Type":"1","count":"1"}},{"shape_attributes":{"name":"circle","cx":3130,"cy":1883,"r":125},"region_attributes":{"Type":"1","count":"1"}},{"shape_attributes":{"name":"circle","cx":3324,"cy":2227,"r":125},"region_attributes":{"Type":"1","count":"1"}},{"shape_attributes":{"name":"circle","cx":3480,"cy":2238,"r":125},"region_attributes":{"Type":"1","count":"1"}},{"shape_attributes":{"name":"circle","cx":3302,"cy":2491,"r":125},"region_attributes":{"Type":"1","count":"1"}},{"shape_attributes":{"name":"circle","cx":3512,"cy":393,"r":125},"region_attributes":{"Type":"1","count":"1"}},{"shape_attributes":{"name":"circle","cx":3066,"cy":1076,"r":125},"region_attributes":{"Type":"1","count":"2"}},{"shape_attributes":{"name":"circle","cx":3314,"cy":1318,"r":125},"region_attributes":{"Type":"1","count":"2"}},{"shape_attributes":{"name":"circle","cx":2840,"cy":1856,"r":125},"region_attributes":{"Type":"1","count":"2"}},{"shape_attributes":{"name":"circle","cx":3421,"cy":2835,"r":125},"region_attributes":{"Type":"1","count":"2"}},{"shape_attributes":{"name":"circle","cx":3319,"cy":495,"r":125},"region_attributes":{"Type":"1","count":"2"}},{"shape_attributes":{"name":"circle","cx":2915,"cy":355,"r":113},"region_attributes":{"Type":"1","count":"3"}},{"shape_attributes":{"name":"circle","cx":2840,"cy":500,"r":161},"region_attributes":{"Type":"1","count":"4"}},{"shape_attributes":{"name":"circle","cx":2598,"cy":1614,"r":140},"region_attributes":{"Type":"1","count":"3"}},{"shape_attributes":{"name":"circle","cx":3114,"cy":1603,"r":159},"region_attributes":{"Type":"1","count":"3"}},{"shape_attributes":{"name":"circle","cx":3469,"cy":1108,"r":80},"region_attributes":{"Type":"1","count":"6"}},{"shape_attributes":{"name":"circle","cx":3507,"cy":1232,"r":130},"region_attributes":{"Type":"1","count":"3"}},{"shape_attributes":{"name":"circle","cx":3346,"cy":1555,"r":101},"region_attributes":{"Type":"1","count":"3"}},{"shape_attributes":{"name":"circle","cx":3469,"cy":2415,"r":107},"region_attributes":{"Type":"1","count":"4"}},{"shape_attributes":{"name":"circle","cx":3061,"cy":2781,"r":140},"region_attributes":{"Type":"1","count":"3"}},{"shape_attributes":{"name":"circle","cx":3679,"cy":2889,"r":112},"region_attributes":{"Type":"1","count":"11"}}],"file_attributes":{"date":"8-29-18","temp":"70","rain":"2","neighborhood":"Gaslamp","total_count":""}},"https://drive.google.com/uc?export=view&id=1Qn2fzEbQ9PrqnvppJ_DSL3zlvSKGePTj\n":{"filename":"https://drive.google.com/uc?export=view&id=1Qn2fzEbQ9PrqnvppJ_DSL3zlvSKGePTj\n","size":-1,"regions":[{"shape_attributes":{"name":"circle","cx":3287,"cy":1662,"r":82},"region_attributes":{"Type":"2","count":"1"}},{"shape_attributes":{"name":"circle","cx":3109,"cy":468,"r":128},"region_attributes":{"Type":"1","count":"1"}},{"shape_attributes":{"name":"circle","cx":2781,"cy":710,"r":128},"region_attributes":{"Type":"1","count":"1"}},{"shape_attributes":{"name":"circle","cx":3572,"cy":990,"r":128},"region_attributes":{"Type":"1","count":"1"}},{"shape_attributes":{"name":"circle","cx":3265,"cy":963,"r":128},"region_attributes":{"Type":"1","count":"1"}},{"shape_attributes":{"name":"circle","cx":3416,"cy":1232,"r":128},"region_attributes":{"Type":"1","count":"1"}},{"shape_attributes":{"name":"circle","cx":3050,"cy":1296,"r":128},"region_attributes":{"Type":"1","count":"1"}},{"shape_attributes":{"name":"circle","cx":3244,"cy":1291,"r":128},"region_attributes":{"Type":"1","count":"1"}},{"shape_attributes":{"name":"circle","cx":3362,"cy":2754,"r":128},"region_attributes":{"Type":"1","count":"1"}},{"shape_attributes":{"name":"circle","cx":3039,"cy":2544,"r":128},"region_attributes":{"Type":"1","count":"1"}},{"shape_attributes":{"name":"circle","cx":3088,"cy":1866,"r":128},"region_attributes":{"Type":"1","count":"1"}},{"shape_attributes":{"name":"circle","cx":2771,"cy":479,"r":128},"region_attributes":{"Type":"1","count":"3"}},{"shape_attributes":{"name":"circle","cx":2905,"cy":328,"r":128},"region_attributes":{"Type":"1","count":"1"}},{"shape_attributes":{"name":"circle","cx":2905,"cy":328,"r":128},"region_attributes":{"Type":"1","count":"1"}},{"shape_attributes":{"name":"circle","cx":3308,"cy":425,"r":123},"region_attributes":{"Type":"1","count":"3"}},{"shape_attributes":{"name":"circle","cx":3265,"cy":710,"r":122},"region_attributes":{"Type":"1","count":"4"}},{"shape_attributes":{"name":"circle","cx":3066,"cy":1000,"r":113},"region_attributes":{"Type":"1","count":"4"}},{"shape_attributes":{"name":"circle","cx":3066,"cy":1652,"r":100},"region_attributes":{"Type":"1","count":"2"}},{"shape_attributes":{"name":"circle","cx":3410,"cy":2329,"r":100},"region_attributes":{"Type":"1","count":"2"}},{"shape_attributes":{"name":"circle","cx":3523,"cy":2727,"r":100},"region_attributes":{"Type":"1","count":"2"}},{"shape_attributes":{"name":"circle","cx":3620,"cy":2846,"r":100},"region_attributes":{"Type":"1","count":"2"}},{"shape_attributes":{"name":"circle","cx":2883,"cy":1501,"r":100},"region_attributes":{"Type":"1","count":"2"}},{"shape_attributes":{"name":"circle","cx":2765,"cy":1872,"r":103},"region_attributes":{"Type":"1","count":"4"}}],"file_attributes":{"date":"9-27-18","temp":"68","rain":"2","neighborhood":"Gaslamp","total_count":""}},"https://drive.google.com/uc?export=view&id=1u7bRkvwf_JBg4uV-4qMESDSScKCt_mxa\n":{"filename":"https://drive.google.com/uc?export=view&id=1u7bRkvwf_JBg4uV-4qMESDSScKCt_mxa\n","size":-1,"regions":[{"shape_attributes":{"name":"circle","cx":3593,"cy":2802,"r":144},"region_attributes":{"Type":"1","count":"6"}},{"shape_attributes":{"name":"circle","cx":2587,"cy":1630,"r":125},"region_attributes":{"Type":"1","count":"1"}},{"shape_attributes":{"name":"circle","cx":2990,"cy":1985,"r":125},"region_attributes":{"Type":"1","count":"1"}},{"shape_attributes":{"name":"circle","cx":2802,"cy":1480,"r":125},"region_attributes":{"Type":"1","count":"1"}},{"shape_attributes":{"name":"circle","cx":3055,"cy":1270,"r":125},"region_attributes":{"Type":"1","count":"1"}},{"shape_attributes":{"name":"circle","cx":3297,"cy":1340,"r":125},"region_attributes":{"Type":"1","count":"1"}},{"shape_attributes":{"name":"circle","cx":2791,"cy":1001,"r":125},"region_attributes":{"Type":"1","count":"1"}},{"shape_attributes":{"name":"circle","cx":2947,"cy":490,"r":125},"region_attributes":{"Type":"1","count":"1"}},{"shape_attributes":{"name":"circle","cx":3114,"cy":398,"r":125},"region_attributes":{"Type":"1","count":"1"}},{"shape_attributes":{"name":"circle","cx":3082,"cy":780,"r":125},"region_attributes":{"Type":"1","count":"1"}},{"shape_attributes":{"name":"circle","cx":3603,"cy":893,"r":125},"region_attributes":{"Type":"1","count":"1"}},{"shape_attributes":{"name":"circle","cx":3636,"cy":1071,"r":125},"region_attributes":{"Type":"1","count":"1"}},{"shape_attributes":{"name":"circle","cx":3313,"cy":2464,"r":125},"region_attributes":{"Type":"1","count":"1"}},{"shape_attributes":{"name":"circle","cx":2759,"cy":371,"r":96},"region_attributes":{"Type":"1","count":"9"}},{"shape_attributes":{"name":"circle","cx":3061,"cy":1006,"r":118},"region_attributes":{"Type":"1","count":"3"}},{"shape_attributes":{"name":"circle","cx":3475,"cy":1060,"r":132},"region_attributes":{"Type":"1","count":"5"}},{"shape_attributes":{"name":"circle","cx":3475,"cy":2071,"r":132},"region_attributes":{"Type":"1","count":"5"}},{"shape_attributes":{"name":"circle","cx":3341,"cy":1592,"r":118},"region_attributes":{"Type":"1","count":"2"}},{"shape_attributes":{"name":"circle","cx":3126,"cy":1549,"r":118},"region_attributes":{"Type":"1","count":"2"}},{"shape_attributes":{"name":"circle","cx":2830,"cy":1625,"r":118},"region_attributes":{"Type":"1","count":"2"}},{"shape_attributes":{"name":"circle","cx":2803,"cy":1786,"r":118},"region_attributes":{"Type":"1","count":"2"}},{"shape_attributes":{"name":"circle","cx":3287,"cy":990,"r":118},"region_attributes":{"Type":"1","count":"2"}}],"file_attributes":{"date":"","temp":"","rain":"2","neighborhood":"Gaslamp","total_count":""}},"https://drive.google.com/uc?export=view&id=1dZchBcYIokTOieX-4QsvZoHN2blXAwrf\n":{"filename":"https://drive.google.com/uc?export=view&id=1dZchBcYIokTOieX-4QsvZoHN2blXAwrf\n","size":-1,"regions":[{"shape_attributes":{"name":"circle","cx":3088,"cy":1528,"r":99},"region_attributes":{"Type":"1","count":"1"}},{"shape_attributes":{"name":"circle","cx":3098,"cy":1689,"r":164},"region_attributes":{"Type":"2","count":"1"}},{"shape_attributes":{"name":"circle","cx":2792,"cy":489,"r":137},"region_attributes":{"Type":"1","count":"6"}},{"shape_attributes":{"name":"circle","cx":2845,"cy":1947,"r":140},"region_attributes":{"Type":"1","count":"5"}},{"shape_attributes":{"name":"circle","cx":3609,"cy":2824,"r":111},"region_attributes":{"Type":"1","count":"2"}},{"shape_attributes":{"name":"circle","cx":3518,"cy":2421,"r":154},"region_attributes":{"Type":"1","count":"1"}},{"shape_attributes":{"name":"circle","cx":3308,"cy":2232,"r":121},"region_attributes":{"Type":"1","count":"2"}},{"shape_attributes":{"name":"circle","cx":2980,"cy":748,"r":116},"region_attributes":{"Type":"1","count":"1"}},{"shape_attributes":{"name":"circle","cx":3044,"cy":957,"r":116},"region_attributes":{"Type":"1","count":"1"}},{"shape_attributes":{"name":"circle","cx":3469,"cy":1113,"r":116},"region_attributes":{"Type":"1","count":"1"}},{"shape_attributes":{"name":"circle","cx":3292,"cy":748,"r":116},"region_attributes":{"Type":"1","count":"1"}},{"shape_attributes":{"name":"circle","cx":3577,"cy":753,"r":116},"region_attributes":{"Type":"1","count":"1"}},{"shape_attributes":{"name":"circle","cx":3604,"cy":608,"r":116},"region_attributes":{"Type":"1","count":"1"}},{"shape_attributes":{"name":"circle","cx":3066,"cy":484,"r":116},"region_attributes":{"Type":"1","count":"1"}},{"shape_attributes":{"name":"circle","cx":3620,"cy":430,"r":104},"region_attributes":{"Type":"1","count":"2"}},{"shape_attributes":{"name":"circle","cx":3340,"cy":479,"r":152},"region_attributes":{"Type":"1","count":"3"}},{"shape_attributes":{"name":"circle","cx":2808,"cy":1076,"r":108},"region_attributes":{"Type":"1","count":"2"}},{"shape_attributes":{"name":"circle","cx":3625,"cy":1017,"r":119},"region_attributes":{"Type":"1","count":"3"}},{"shape_attributes":{"name":"circle","cx":3340,"cy":2533,"r":121},"region_attributes":{"Type":"1","count":"4"}}],"file_attributes":{"date":"12-20-18","temp":"59","rain":"2","neighborhood":"Gaslamp","total_count":""}}},"_via_attributes":{"region":{"Type":{"type":"dropdown","description":"","options":{"1":"Individual","2":"Structure","3":"Vehicle"},"default_options":{}},"count":{"type":"text","description":"","default_value":""}},"file":{"date":{"type":"text","description":"","default_value":""},"temp":{"type":"text","description":"","default_value":""},"rain":{"type":"dropdown","description":"","options":{"1":"rain","2":"clear"},"default_options":{"2":true}},"neighborhood":{"type":"text","description":"","default_value":"Gaslamp"},"total_count":{"type":"text","description":"","default_value":""}}},"_via_data_format_version":"2.0.10","_via_image_id_list":["https://drive.google.com/uc?export=view&id=1mynN4bHZGqjO2WD84Lo4ig9-4-atKWtR\n","https://drive.google.com/uc?export=view&id=1ddoVOfLgezIZ_bsM-rVGTVkMuVBDyn0O\n","https://drive.google.com/uc?export=view&id=1Qn2fzEbQ9PrqnvppJ_DSL3zlvSKGePTj\n","https://drive.google.com/uc?export=view&id=1u7bRkvwf_JBg4uV-4qMESDSScKCt_mxa\n","https://drive.google.com/uc?export=view&id=1dZchBcYIokTOieX-4QsvZoHN2blXAwrf\n"]}