{"_via_settings":{"ui":{"annotation_editor_height":25,"annotation_editor_fontsize":0.8,"leftsidebar_width":18,"image_grid":{"img_height":80,"rshape_fill":"none","rshape_fill_opacity":0.3,"rshape_stroke":"yellow","rshape_stroke_width":2,"show_region_shape":true,"show_image_policy":"all"},"image":{"region_label":"__via_region_id__","region_color":"__via_default_region_color__","region_label_font":"10px Sans","on_image_annotation_editor_placement":"NEAR_REGION"}},"core":{"buffer_size":18,"filepath":{},"default_filepath":""},"project":{"name":"Core_2018_count"}},"_via_img_metadata":{"https://drive.google.com/uc?export=view&id=1cEDVNW61Y73NpNWq9Fcr0V310QgEDTqK\n":{"filename":"https://drive.google.com/uc?export=view&id=1cEDVNW61Y73NpNWq9Fcr0V310QgEDTqK\n","size":-1,"regions":[{"shape_attributes":{"name":"circle","cx":2657,"cy":679,"r":74},"region_attributes":{"Type":"3","count":"1"}},{"shape_attributes":{"name":"circle","cx":2427,"cy":759,"r":74},"region_attributes":{"Type":"1","count":"1"}},{"shape_attributes":{"name":"circle","cx":2188,"cy":759,"r":60.14},"region_attributes":{"Type":"1","count":"2"}},{"shape_attributes":{"name":"circle","cx":2382,"cy":909,"r":49},"region_attributes":{"Type":"1","count":"2"}},{"shape_attributes":{"name":"circle","cx":2732,"cy":899,"r":60},"region_attributes":{"Type":"1","count":"2"}},{"shape_attributes":{"name":"circle","cx":2652,"cy":964,"r":46},"region_attributes":{"Type":"1","count":"2"}},{"shape_attributes":{"name":"circle","cx":2642,"cy":1079,"r":46},"region_attributes":{"Type":"1","count":"1"}},{"shape_attributes":{"name":"circle","cx":3331,"cy":829,"r":57},"region_attributes":{"Type":"1","count":"1"}},{"shape_attributes":{"name":"circle","cx":3701,"cy":844,"r":56},"region_attributes":{"Type":"1","count":"1"}},{"shape_attributes":{"name":"circle","cx":3681,"cy":954,"r":54},"region_attributes":{"Type":"1","count":"1"}},{"shape_attributes":{"name":"circle","cx":3441,"cy":954,"r":46},"region_attributes":{"Type":"1","count":"1"}},{"shape_attributes":{"name":"circle","cx":3936,"cy":1184,"r":53},"region_attributes":{"Type":"1","count":"1"}},{"shape_attributes":{"name":"circle","cx":3811,"cy":1179,"r":53},"region_attributes":{"Type":"1","count":"1"}},{"shape_attributes":{"name":"circle","cx":3876,"cy":1239,"r":47},"region_attributes":{"Type":"1","count":"5"}},{"shape_attributes":{"name":"circle","cx":3096,"cy":1094,"r":50},"region_attributes":{"Type":"1","count":"2"}},{"shape_attributes":{"name":"circle","cx":3176,"cy":1079,"r":57},"region_attributes":{"Type":"2","count":"1"}},{"shape_attributes":{"name":"circle","cx":3326,"cy":1154,"r":64},"region_attributes":{"Type":"2","count":"1"}},{"shape_attributes":{"name":"circle","cx":1483,"cy":1284,"r":64},"region_attributes":{"Type":"1","count":"2"}},{"shape_attributes":{"name":"circle","cx":1918,"cy":1164,"r":54},"region_attributes":{"Type":"1","count":"5"}},{"shape_attributes":{"name":"circle","cx":1938,"cy":1284,"r":68},"region_attributes":{"Type":"1","count":"16"}},{"shape_attributes":{"name":"circle","cx":2442,"cy":1264,"r":57},"region_attributes":{"Type":"1","count":"3"}},{"shape_attributes":{"name":"circle","cx":2003,"cy":1438,"r":53},"region_attributes":{"Type":"1","count":"1"}},{"shape_attributes":{"name":"circle","cx":2427,"cy":1418,"r":51},"region_attributes":{"Type":"1","count":"7"}},{"shape_attributes":{"name":"circle","cx":3106,"cy":1413,"r":47},"region_attributes":{"Type":"1","count":"2"}},{"shape_attributes":{"name":"circle","cx":3216,"cy":1438,"r":49},"region_attributes":{"Type":"1","count":"2"}},{"shape_attributes":{"name":"circle","cx":3891,"cy":1413,"r":39},"region_attributes":{"Type":"1","count":"2"}},{"shape_attributes":{"name":"circle","cx":3691,"cy":1528,"r":46},"region_attributes":{"Type":"1","count":"3"}},{"shape_attributes":{"name":"circle","cx":3821,"cy":1538,"r":49},"region_attributes":{"Type":"1","count":"5"}},{"shape_attributes":{"name":"circle","cx":3586,"cy":1613,"r":60},"region_attributes":{"Type":"1","count":"2"}},{"shape_attributes":{"name":"circle","cx":3096,"cy":1513,"r":46},"region_attributes":{"Type":"2","count":"1"}},{"shape_attributes":{"name":"circle","cx":3211,"cy":1588,"r":57},"region_attributes":{"Type":"1","count":"1"}},{"shape_attributes":{"name":"circle","cx":3101,"cy":1608,"r":43},"region_attributes":{"Type":"1","count":"7"}},{"shape_attributes":{"name":"circle","cx":3101,"cy":1828,"r":50},"region_attributes":{"Type":"1","count":"7"}},{"shape_attributes":{"name":"circle","cx":3686,"cy":1873,"r":46},"region_attributes":{"Type":"1","count":"2"}},{"shape_attributes":{"name":"circle","cx":3156,"cy":1958,"r":58},"region_attributes":{"Type":"1","count":"2"}},{"shape_attributes":{"name":"circle","cx":2632,"cy":1868,"r":54},"region_attributes":{"Type":"1","count":"3"}},{"shape_attributes":{"name":"circle","cx":2257,"cy":1508,"r":49},"region_attributes":{"Type":"1","count":"2"}},{"shape_attributes":{"name":"circle","cx":2387,"cy":1518,"r":43},"region_attributes":{"Type":"1","count":"2"}},{"shape_attributes":{"name":"circle","cx":2427,"cy":1628,"r":46},"region_attributes":{"Type":"1","count":"1"}},{"shape_attributes":{"name":"circle","cx":1194,"cy":1598,"r":60},"region_attributes":{"Type":"1","count":"1"}},{"shape_attributes":{"name":"circle","cx":1433,"cy":1598,"r":57},"region_attributes":{"Type":"1","count":"1"}},{"shape_attributes":{"name":"circle","cx":1184,"cy":1783,"r":45},"region_attributes":{"Type":"1","count":"1"}},{"shape_attributes":{"name":"circle","cx":1299,"cy":1803,"r":49},"region_attributes":{"Type":"1","count":"1"}},{"shape_attributes":{"name":"circle","cx":1428,"cy":1833,"r":57},"region_attributes":{"Type":"1","count":"1"}},{"shape_attributes":{"name":"circle","cx":1229,"cy":2442,"r":60},"region_attributes":{"Type":"1","count":"1"}},{"shape_attributes":{"name":"circle","cx":1304,"cy":2552,"r":64},"region_attributes":{"Type":"1","count":"2"}},{"shape_attributes":{"name":"circle","cx":1428,"cy":2178,"r":57},"region_attributes":{"Type":"1","count":"5"}},{"shape_attributes":{"name":"circle","cx":1993,"cy":1983,"r":43},"region_attributes":{"Type":"1","count":"4"}},{"shape_attributes":{"name":"circle","cx":1963,"cy":1778,"r":47},"region_attributes":{"Type":"1","count":"9"}},{"shape_attributes":{"name":"circle","cx":1923,"cy":1898,"r":49},"region_attributes":{"Type":"1","count":"6"}}],"file_attributes":{"date":"","temp":"","rain":"2","neighborhood":"Core","total_count":""}},"https://drive.google.com/uc?export=view&id=1r5RAeeX8Fa4YS3GczF1MCOz6du-51cbE\n":{"filename":"https://drive.google.com/uc?export=view&id=1r5RAeeX8Fa4YS3GczF1MCOz6du-51cbE\n","size":-1,"regions":[{"shape_attributes":{"name":"circle","cx":989,"cy":914,"r":57},"region_attributes":{"Type":"1","count":"2"}},{"shape_attributes":{"name":"circle","cx":2677,"cy":784,"r":74},"region_attributes":{"Type":"1","count":"1"}},{"shape_attributes":{"name":"circle","cx":3985,"cy":864,"r":57},"region_attributes":{"Type":"1","count":"3"}},{"shape_attributes":{"name":"circle","cx":3936,"cy":969,"r":54},"region_attributes":{"Type":"1","count":"1"}},{"shape_attributes":{"name":"circle","cx":3411,"cy":894,"r":58},"region_attributes":{"Type":"1","count":"1"}},{"shape_attributes":{"name":"circle","cx":3506,"cy":909,"r":68},"region_attributes":{"Type":"1","count":"1"}},{"shape_attributes":{"name":"circle","cx":3171,"cy":989,"r":67},"region_attributes":{"Type":"1","count":"1"}},{"shape_attributes":{"name":"circle","cx":3891,"cy":1224,"r":60},"region_attributes":{"Type":"1","count":"1"}},{"shape_attributes":{"name":"circle","cx":3861,"cy":1573,"r":54},"region_attributes":{"Type":"1","count":"5"}},{"shape_attributes":{"name":"circle","cx":3921,"cy":1788,"r":57},"region_attributes":{"Type":"1","count":"2"}},{"shape_attributes":{"name":"circle","cx":3751,"cy":1638,"r":53},"region_attributes":{"Type":"1","count":"1"}},{"shape_attributes":{"name":"circle","cx":3741,"cy":1873,"r":76},"region_attributes":{"Type":"2","count":"1"}},{"shape_attributes":{"name":"circle","cx":3491,"cy":1798,"r":61},"region_attributes":{"Type":"1","count":"3"}},{"shape_attributes":{"name":"circle","cx":3641,"cy":1274,"r":78},"region_attributes":{"Type":"1","count":"2"}},{"shape_attributes":{"name":"circle","cx":3396,"cy":1214,"r":72},"region_attributes":{"Type":"2","count":"1"}},{"shape_attributes":{"name":"circle","cx":3231,"cy":1304,"r":67},"region_attributes":{"Type":"1","count":"1"}},{"shape_attributes":{"name":"circle","cx":1963,"cy":909,"r":64},"region_attributes":{"Type":"1","count":"1"}},{"shape_attributes":{"name":"circle","cx":2202,"cy":989,"r":47},"region_attributes":{"Type":"1","count":"1"}},{"shape_attributes":{"name":"circle","cx":1813,"cy":984,"r":64},"region_attributes":{"Type":"1","count":"2"}},{"shape_attributes":{"name":"circle","cx":1818,"cy":1209,"r":56},"region_attributes":{"Type":"1","count":"3"}},{"shape_attributes":{"name":"circle","cx":1738,"cy":1319,"r":64},"region_attributes":{"Type":"1","count":"2"}},{"shape_attributes":{"name":"circle","cx":1518,"cy":1323,"r":57},"region_attributes":{"Type":"1","count":"4"}},{"shape_attributes":{"name":"circle","cx":1229,"cy":1284,"r":57},"region_attributes":{"Type":"1","count":"1"}},{"shape_attributes":{"name":"circle","cx":1109,"cy":1294,"r":57},"region_attributes":{"Type":"1","count":"1"}},{"shape_attributes":{"name":"circle","cx":1054,"cy":1463,"r":57},"region_attributes":{"Type":"1","count":"1"}},{"shape_attributes":{"name":"circle","cx":1558,"cy":1458,"r":57},"region_attributes":{"Type":"1","count":"1"}},{"shape_attributes":{"name":"circle","cx":2013,"cy":1139,"r":40},"region_attributes":{"Type":"1","count":"1"}},{"shape_attributes":{"name":"circle","cx":2078,"cy":1219,"r":36},"region_attributes":{"Type":"1","count":"1"}},{"shape_attributes":{"name":"circle","cx":1938,"cy":1224,"r":43},"region_attributes":{"Type":"1","count":"5"}},{"shape_attributes":{"name":"circle","cx":2013,"cy":1314,"r":60},"region_attributes":{"Type":"1","count":"22"}},{"shape_attributes":{"name":"circle","cx":2777,"cy":1199,"r":53},"region_attributes":{"Type":"1","count":"1"}},{"shape_attributes":{"name":"circle","cx":2237,"cy":1314,"r":65.118},"region_attributes":{"Type":"1","count":"1"}},{"shape_attributes":{"name":"circle","cx":2922,"cy":1319,"r":53},"region_attributes":{"Type":"1","count":"1"}},{"shape_attributes":{"name":"circle","cx":2547,"cy":1458,"r":56},"region_attributes":{"Type":"1","count":"2"}},{"shape_attributes":{"name":"circle","cx":3022,"cy":1468,"r":53},"region_attributes":{"Type":"1","count":"4"}},{"shape_attributes":{"name":"circle","cx":3146,"cy":1523,"r":64},"region_attributes":{"Type":"1","count":"1"}},{"shape_attributes":{"name":"circle","cx":3266,"cy":1578,"r":64},"region_attributes":{"Type":"1","count":"1"}},{"shape_attributes":{"name":"circle","cx":1818,"cy":1463,"r":57},"region_attributes":{"Type":"1","count":"3"}},{"shape_attributes":{"name":"circle","cx":1119,"cy":1568,"r":49},"region_attributes":{"Type":"1","count":"1"}},{"shape_attributes":{"name":"circle","cx":1234,"cy":1558,"r":54},"region_attributes":{"Type":"1","count":"1"}},{"shape_attributes":{"name":"circle","cx":1478,"cy":1523,"r":43},"region_attributes":{"Type":"1","count":"1"}},{"shape_attributes":{"name":"circle","cx":1533,"cy":1648,"r":56},"region_attributes":{"Type":"1","count":"1"}},{"shape_attributes":{"name":"circle","cx":2068,"cy":1558,"r":46},"region_attributes":{"Type":"1","count":"1"}},{"shape_attributes":{"name":"circle","cx":2417,"cy":1508,"r":54},"region_attributes":{"Type":"1","count":"1"}},{"shape_attributes":{"name":"circle","cx":2183,"cy":1608,"r":40},"region_attributes":{"Type":"1","count":"1"}},{"shape_attributes":{"name":"circle","cx":2307,"cy":1603,"r":49},"region_attributes":{"Type":"1","count":"1"}},{"shape_attributes":{"name":"circle","cx":2432,"cy":1653,"r":51},"region_attributes":{"Type":"1","count":"3"}},{"shape_attributes":{"name":"circle","cx":3136,"cy":1838,"r":69.383},"region_attributes":{"Type":"1","count":"3"}},{"shape_attributes":{"name":"circle","cx":3027,"cy":1858,"r":53},"region_attributes":{"Type":"1","count":"1"}},{"shape_attributes":{"name":"circle","cx":3181,"cy":1993,"r":57},"region_attributes":{"Type":"1","count":"2"}},{"shape_attributes":{"name":"circle","cx":1593,"cy":1853,"r":57},"region_attributes":{"Type":"1","count":"1"}},{"shape_attributes":{"name":"circle","cx":1478,"cy":1888,"r":60},"region_attributes":{"Type":"1","count":"1"}},{"shape_attributes":{"name":"circle","cx":1328,"cy":1893,"r":50},"region_attributes":{"Type":"1","count":"1"}},{"shape_attributes":{"name":"circle","cx":1338,"cy":2188,"r":61},"region_attributes":{"Type":"1","count":"1"}},{"shape_attributes":{"name":"circle","cx":1483,"cy":2202,"r":61},"region_attributes":{"Type":"1","count":"6"}},{"shape_attributes":{"name":"circle","cx":1973,"cy":1803,"r":39},"region_attributes":{"Type":"1","count":"9"}},{"shape_attributes":{"name":"circle","cx":2008,"cy":1893,"r":53},"region_attributes":{"Type":"1","count":"9"}},{"shape_attributes":{"name":"circle","cx":1269,"cy":2467,"r":54},"region_attributes":{"Type":"1","count":"1"}},{"shape_attributes":{"name":"circle","cx":2063,"cy":2307,"r":68},"region_attributes":{"Type":"1","count":"2"}},{"shape_attributes":{"name":"circle","cx":1473,"cy":2547,"r":50},"region_attributes":{"Type":"1","count":"1"}},{"shape_attributes":{"name":"circle","cx":1348,"cy":2562,"r":43},"region_attributes":{"Type":"1","count":"4"}},{"shape_attributes":{"name":"circle","cx":1304,"cy":2662,"r":54},"region_attributes":{"Type":"1","count":"2"}},{"shape_attributes":{"name":"circle","cx":1693,"cy":2657,"r":81},"region_attributes":{"Type":"1","count":"2"}}],"file_attributes":{"date":"","temp":"","rain":"2","neighborhood":"Core","total_count":""}},"https://drive.google.com/uc?export=view&id=170c15axsAeeeMC0kvlWtP2sW-7z-jlW_\n":{"filename":"https://drive.google.com/uc?export=view&id=170c15axsAeeeMC0kvlWtP2sW-7z-jlW_\n","size":-1,"regions":[{"shape_attributes":{"name":"circle","cx":3436,"cy":744,"r":81},"region_attributes":{"Type":"1","count":"1"}},{"shape_attributes":{"name":"circle","cx":1918,"cy":844,"r":85.489},"region_attributes":{"Type":"1","count":"1"}},{"shape_attributes":{"name":"circle","cx":2362,"cy":844,"r":45},"region_attributes":{"Type":"1","count":"1"}},{"shape_attributes":{"name":"circle","cx":2482,"cy":834,"r":57},"region_attributes":{"Type":"1","count":"1"}},{"shape_attributes":{"name":"circle","cx":1314,"cy":1174,"r":54},"region_attributes":{"Type":"1","count":"1"}},{"shape_attributes":{"name":"circle","cx":1768,"cy":1149,"r":50},"region_attributes":{"Type":"1","count":"3"}},{"shape_attributes":{"name":"circle","cx":1898,"cy":1124,"r":43},"region_attributes":{"Type":"1","count":"6"}},{"shape_attributes":{"name":"circle","cx":2257,"cy":1174,"r":39},"region_attributes":{"Type":"1","count":"1"}},{"shape_attributes":{"name":"circle","cx":2672,"cy":1079,"r":45},"region_attributes":{"Type":"1","count":"1"}},{"shape_attributes":{"name":"circle","cx":3151,"cy":1084,"r":50},"region_attributes":{"Type":"1","count":"1"}},{"shape_attributes":{"name":"circle","cx":3686,"cy":864,"r":54},"region_attributes":{"Type":"1","count":"1"}},{"shape_attributes":{"name":"circle","cx":3621,"cy":934,"r":46},"region_attributes":{"Type":"1","count":"3"}},{"shape_attributes":{"name":"circle","cx":3561,"cy":1174,"r":58},"region_attributes":{"Type":"2","count":"2"}},{"shape_attributes":{"name":"circle","cx":3666,"cy":1079,"r":43},"region_attributes":{"Type":"1","count":"2"}},{"shape_attributes":{"name":"circle","cx":3796,"cy":1139,"r":57},"region_attributes":{"Type":"1","count":"4"}},{"shape_attributes":{"name":"circle","cx":3936,"cy":1174,"r":46},"region_attributes":{"Type":"1","count":"1"}},{"shape_attributes":{"name":"circle","cx":3866,"cy":1249,"r":58},"region_attributes":{"Type":"1","count":"1"}},{"shape_attributes":{"name":"circle","cx":3816,"cy":1608,"r":46},"region_attributes":{"Type":"1","count":"2"}},{"shape_attributes":{"name":"circle","cx":3691,"cy":1858,"r":50},"region_attributes":{"Type":"1","count":"2"}},{"shape_attributes":{"name":"circle","cx":1918,"cy":1244,"r":57},"region_attributes":{"Type":"1","count":"21"}},{"shape_attributes":{"name":"circle","cx":2742,"cy":1174,"r":46},"region_attributes":{"Type":"1","count":"1"}},{"shape_attributes":{"name":"circle","cx":2637,"cy":1259,"r":43},"region_attributes":{"Type":"1","count":"1"}},{"shape_attributes":{"name":"circle","cx":2003,"cy":1284,"r":50},"region_attributes":{"Type":"2","count":"1"}},{"shape_attributes":{"name":"circle","cx":1713,"cy":1274,"r":60.347},"region_attributes":{"Type":"1","count":"4"}},{"shape_attributes":{"name":"circle","cx":1254,"cy":1423,"r":42},"region_attributes":{"Type":"1","count":"1"}},{"shape_attributes":{"name":"circle","cx":1733,"cy":1408,"r":43},"region_attributes":{"Type":"1","count":"3"}},{"shape_attributes":{"name":"circle","cx":1538,"cy":1498,"r":46},"region_attributes":{"Type":"1","count":"1"}},{"shape_attributes":{"name":"circle","cx":1908,"cy":1533,"r":51},"region_attributes":{"Type":"1","count":"1"}},{"shape_attributes":{"name":"circle","cx":2143,"cy":1513,"r":51},"region_attributes":{"Type":"1","count":"2"}},{"shape_attributes":{"name":"circle","cx":2382,"cy":1518,"r":45},"region_attributes":{"Type":"1","count":"3"}},{"shape_attributes":{"name":"circle","cx":2667,"cy":1418,"r":61},"region_attributes":{"Type":"1","count":"2"}},{"shape_attributes":{"name":"circle","cx":3151,"cy":1423,"r":53},"region_attributes":{"Type":"1","count":"1"}},{"shape_attributes":{"name":"circle","cx":3226,"cy":1558,"r":50},"region_attributes":{"Type":"1","count":"1"}},{"shape_attributes":{"name":"circle","cx":3136,"cy":1608,"r":43},"region_attributes":{"Type":"1","count":"1"}},{"shape_attributes":{"name":"circle","cx":2612,"cy":1533,"r":45},"region_attributes":{"Type":"1","count":"1"}},{"shape_attributes":{"name":"circle","cx":2742,"cy":1573,"r":46},"region_attributes":{"Type":"1","count":"3"}},{"shape_attributes":{"name":"circle","cx":2452,"cy":1618,"r":42},"region_attributes":{"Type":"1","count":"2"}},{"shape_attributes":{"name":"circle","cx":3096,"cy":1863,"r":46},"region_attributes":{"Type":"1","count":"3"}},{"shape_attributes":{"name":"circle","cx":3206,"cy":1868,"r":54},"region_attributes":{"Type":"1","count":"3"}},{"shape_attributes":{"name":"circle","cx":3151,"cy":1953,"r":49},"region_attributes":{"Type":"1","count":"2"}},{"shape_attributes":{"name":"circle","cx":1923,"cy":1763,"r":43},"region_attributes":{"Type":"1","count":"9"}},{"shape_attributes":{"name":"circle","cx":1888,"cy":1893,"r":46},"region_attributes":{"Type":"1","count":"9"}},{"shape_attributes":{"name":"circle","cx":1893,"cy":1988,"r":46},"region_attributes":{"Type":"1","count":"3"}},{"shape_attributes":{"name":"circle","cx":2003,"cy":1943,"r":57},"region_attributes":{"Type":"2","count":"1"}},{"shape_attributes":{"name":"circle","cx":1014,"cy":1778,"r":53},"region_attributes":{"Type":"1","count":"1"}},{"shape_attributes":{"name":"circle","cx":1304,"cy":2178,"r":58},"region_attributes":{"Type":"1","count":"1"}},{"shape_attributes":{"name":"circle","cx":1448,"cy":2133,"r":60},"region_attributes":{"Type":"1","count":"4"}},{"shape_attributes":{"name":"circle","cx":2008,"cy":2232,"r":47},"region_attributes":{"Type":"1","count":"4"}},{"shape_attributes":{"name":"circle","cx":1219,"cy":2607,"r":46},"region_attributes":{"Type":"1","count":"1"}}],"file_attributes":{"date":"","temp":"","rain":"2","neighborhood":"Core","total_count":""}},"https://drive.google.com/uc?export=view&id=1nYzJXpCvb4GePg_tQARCsyu2szLHvmVQ\n":{"filename":"https://drive.google.com/uc?export=view&id=1nYzJXpCvb4GePg_tQARCsyu2szLHvmVQ\n","size":-1,"regions":[{"shape_attributes":{"name":"circle","cx":1029,"cy":1109,"r":64},"region_attributes":{"Type":"1","count":"3"}},{"shape_attributes":{"name":"circle","cx":1928,"cy":1134,"r":50},"region_attributes":{"Type":"1","count":"4"}},{"shape_attributes":{"name":"circle","cx":1908,"cy":1239,"r":64},"region_attributes":{"Type":"2","count":"1"}},{"shape_attributes":{"name":"circle","cx":2452,"cy":934,"r":61},"region_attributes":{"Type":"1","count":"3"}},{"shape_attributes":{"name":"circle","cx":2642,"cy":849,"r":70},"region_attributes":{"Type":"1","count":"5"}},{"shape_attributes":{"name":"circle","cx":3911,"cy":919,"r":61},"region_attributes":{"Type":"1","count":"1"}},{"shape_attributes":{"name":"circle","cx":3896,"cy":1064,"r":54},"region_attributes":{"Type":"1","count":"1"}},{"shape_attributes":{"name":"circle","cx":3716,"cy":1164,"r":57},"region_attributes":{"Type":"1","count":"1"}},{"shape_attributes":{"name":"circle","cx":3846,"cy":1219,"r":58.243},"region_attributes":{"Type":"1","count":"3"}},{"shape_attributes":{"name":"circle","cx":3941,"cy":1259,"r":57},"region_attributes":{"Type":"1","count":"4"}},{"shape_attributes":{"name":"circle","cx":2437,"cy":1079,"r":53},"region_attributes":{"Type":"1","count":"1"}},{"shape_attributes":{"name":"circle","cx":2747,"cy":1119,"r":56},"region_attributes":{"Type":"1","count":"1"}},{"shape_attributes":{"name":"circle","cx":3131,"cy":1119,"r":53},"region_attributes":{"Type":"1","count":"1"}},{"shape_attributes":{"name":"circle","cx":2772,"cy":1229,"r":57},"region_attributes":{"Type":"2","count":"1"}},{"shape_attributes":{"name":"circle","cx":2882,"cy":1279,"r":53},"region_attributes":{"Type":"1","count":"1"}},{"shape_attributes":{"name":"circle","cx":2882,"cy":1588,"r":74},"region_attributes":{"Type":"1","count":"1"}},{"shape_attributes":{"name":"circle","cx":3176,"cy":1583,"r":71},"region_attributes":{"Type":"1","count":"1"}},{"shape_attributes":{"name":"circle","cx":3381,"cy":1598,"r":54},"region_attributes":{"Type":"1","count":"1"}},{"shape_attributes":{"name":"circle","cx":3591,"cy":1493,"r":60},"region_attributes":{"Type":"1","count":"1"}},{"shape_attributes":{"name":"circle","cx":3701,"cy":1588,"r":57},"region_attributes":{"Type":"1","count":"2"}},{"shape_attributes":{"name":"circle","cx":3836,"cy":1578,"r":45},"region_attributes":{"Type":"1","count":"5"}},{"shape_attributes":{"name":"circle","cx":3716,"cy":1838,"r":75},"region_attributes":{"Type":"2","count":"1"}},{"shape_attributes":{"name":"circle","cx":3656,"cy":1933,"r":57},"region_attributes":{"Type":"1","count":"2"}},{"shape_attributes":{"name":"circle","cx":3191,"cy":1753,"r":67},"region_attributes":{"Type":"1","count":"1"}},{"shape_attributes":{"name":"circle","cx":2882,"cy":1788,"r":74},"region_attributes":{"Type":"2","count":"1"}},{"shape_attributes":{"name":"circle","cx":2877,"cy":1913,"r":60},"region_attributes":{"Type":"1","count":"2"}},{"shape_attributes":{"name":"circle","cx":2967,"cy":1943,"r":65},"region_attributes":{"Type":"1","count":"4"}},{"shape_attributes":{"name":"circle","cx":2038,"cy":1393,"r":82},"region_attributes":{"Type":"2","count":"6"}},{"shape_attributes":{"name":"circle","cx":1918,"cy":1418,"r":60},"region_attributes":{"Type":"1","count":"1"}},{"shape_attributes":{"name":"circle","cx":1923,"cy":1563,"r":57},"region_attributes":{"Type":"1","count":"1"}},{"shape_attributes":{"name":"circle","cx":1798,"cy":1558,"r":58},"region_attributes":{"Type":"1","count":"1"}},{"shape_attributes":{"name":"circle","cx":1304,"cy":1858,"r":60},"region_attributes":{"Type":"1","count":"1"}},{"shape_attributes":{"name":"circle","cx":1778,"cy":1838,"r":64},"region_attributes":{"Type":"1","count":"1"}},{"shape_attributes":{"name":"circle","cx":2018,"cy":1768,"r":60},"region_attributes":{"Type":"1","count":"8"}},{"shape_attributes":{"name":"circle","cx":1938,"cy":1833,"r":67},"region_attributes":{"Type":"1","count":"17"}},{"shape_attributes":{"name":"circle","cx":1873,"cy":2038,"r":64},"region_attributes":{"Type":"1","count":"1"}},{"shape_attributes":{"name":"circle","cx":1463,"cy":2083,"r":71},"region_attributes":{"Type":"1","count":"5"}},{"shape_attributes":{"name":"circle","cx":1269,"cy":2452,"r":53},"region_attributes":{"Type":"1","count":"1"}}],"file_attributes":{"date":"","temp":"","rain":"2","neighborhood":"Core","total_count":""}},"https://drive.google.com/uc?export=view&id=1ua2LIeP5Rb7LgL-6Zk_KNbhYD_xVFXnh\n":{"filename":"https://drive.google.com/uc?export=view&id=1ua2LIeP5Rb7LgL-6Zk_KNbhYD_xVFXnh\n","size":-1,"regions":[{"shape_attributes":{"name":"circle","cx":974,"cy":884,"r":69},"region_attributes":{"Type":"1","count":"1"}},{"shape_attributes":{"name":"circle","cx":1024,"cy":999,"r":54},"region_attributes":{"Type":"1","count":"2"}},{"shape_attributes":{"name":"circle","cx":1788,"cy":859,"r":53},"region_attributes":{"Type":"1","count":"2"}},{"shape_attributes":{"name":"circle","cx":1928,"cy":909,"r":78},"region_attributes":{"Type":"1","count":"1"}},{"shape_attributes":{"name":"circle","cx":2207,"cy":884,"r":60},"region_attributes":{"Type":"1","count":"1"}},{"shape_attributes":{"name":"circle","cx":2657,"cy":904,"r":68},"region_attributes":{"Type":"1","count":"8"}},{"shape_attributes":{"name":"circle","cx":1029,"cy":1328,"r":53},"region_attributes":{"Type":"1","count":"1"}},{"shape_attributes":{"name":"circle","cx":1259,"cy":1319,"r":72},"region_attributes":{"Type":"1","count":"2"}},{"shape_attributes":{"name":"circle","cx":1728,"cy":1323,"r":60},"region_attributes":{"Type":"1","count":"5"}},{"shape_attributes":{"name":"circle","cx":1928,"cy":1149,"r":67},"region_attributes":{"Type":"1","count":"4"}},{"shape_attributes":{"name":"circle","cx":1918,"cy":1269,"r":55.838},"region_attributes":{"Type":"2","count":"1"}},{"shape_attributes":{"name":"circle","cx":1953,"cy":1343,"r":60},"region_attributes":{"Type":"2","count":"1"}},{"shape_attributes":{"name":"circle","cx":2033,"cy":1314,"r":61},"region_attributes":{"Type":"1","count":"11"}},{"shape_attributes":{"name":"circle","cx":2277,"cy":1239,"r":61},"region_attributes":{"Type":"1","count":"1"}},{"shape_attributes":{"name":"circle","cx":2682,"cy":1139,"r":58},"region_attributes":{"Type":"1","count":"1"}},{"shape_attributes":{"name":"circle","cx":2777,"cy":1174,"r":71},"region_attributes":{"Type":"2","count":"1"}},{"shape_attributes":{"name":"circle","cx":2652,"cy":1314,"r":57},"region_attributes":{"Type":"1","count":"3"}},{"shape_attributes":{"name":"circle","cx":2762,"cy":1279,"r":53},"region_attributes":{"Type":"1","count":"3"}},{"shape_attributes":{"name":"circle","cx":3706,"cy":1169,"r":61},"region_attributes":{"Type":"1","count":"3"}},{"shape_attributes":{"name":"circle","cx":1079,"cy":1563,"r":46},"region_attributes":{"Type":"1","count":"2"}},{"shape_attributes":{"name":"circle","cx":1264,"cy":1468,"r":57},"region_attributes":{"Type":"1","count":"2"}},{"shape_attributes":{"name":"circle","cx":1748,"cy":1483,"r":67},"region_attributes":{"Type":"1","count":"3"}},{"shape_attributes":{"name":"circle","cx":1323,"cy":1583,"r":67},"region_attributes":{"Type":"1","count":"1"}},{"shape_attributes":{"name":"circle","cx":1918,"cy":1518,"r":57},"region_attributes":{"Type":"1","count":"2"}},{"shape_attributes":{"name":"circle","cx":2227,"cy":1468,"r":53},"region_attributes":{"Type":"1","count":"2"}},{"shape_attributes":{"name":"circle","cx":2168,"cy":1558,"r":49},"region_attributes":{"Type":"1","count":"2"}},{"shape_attributes":{"name":"circle","cx":1913,"cy":1638,"r":60},"region_attributes":{"Type":"1","count":"1"}},{"shape_attributes":{"name":"circle","cx":2462,"cy":1648,"r":46},"region_attributes":{"Type":"1","count":"3"}},{"shape_attributes":{"name":"circle","cx":3121,"cy":1463,"r":50},"region_attributes":{"Type":"1","count":"4"}},{"shape_attributes":{"name":"circle","cx":3131,"cy":1563,"r":50},"region_attributes":{"Type":"1","count":"2"}},{"shape_attributes":{"name":"circle","cx":3376,"cy":1533,"r":76},"region_attributes":{"Type":"1","count":"3"}},{"shape_attributes":{"name":"circle","cx":3721,"cy":1483,"r":51},"region_attributes":{"Type":"1","count":"1"}},{"shape_attributes":{"name":"circle","cx":3606,"cy":1553,"r":68},"region_attributes":{"Type":"1","count":"6"}},{"shape_attributes":{"name":"circle","cx":3116,"cy":1658,"r":53},"region_attributes":{"Type":"2","count":"4"}},{"shape_attributes":{"name":"circle","cx":3886,"cy":1653,"r":60},"region_attributes":{"Type":"1","count":"2"}},{"shape_attributes":{"name":"circle","cx":1458,"cy":1903,"r":64},"region_attributes":{"Type":"1","count":"1"}},{"shape_attributes":{"name":"circle","cx":1993,"cy":1818,"r":58},"region_attributes":{"Type":"1","count":"9"}},{"shape_attributes":{"name":"circle","cx":1938,"cy":1948,"r":64},"region_attributes":{"Type":"1","count":"1"}},{"shape_attributes":{"name":"circle","cx":1468,"cy":2207,"r":81},"region_attributes":{"Type":"1","count":"9"}},{"shape_attributes":{"name":"circle","cx":1458,"cy":2537,"r":64},"region_attributes":{"Type":"1","count":"2"}},{"shape_attributes":{"name":"circle","cx":1319,"cy":2487,"r":57},"region_attributes":{"Type":"1","count":"2"}},{"shape_attributes":{"name":"circle","cx":1204,"cy":2542,"r":72},"region_attributes":{"Type":"1","count":"1"}},{"shape_attributes":{"name":"circle","cx":2727,"cy":1888,"r":74},"region_attributes":{"Type":"1","count":"5"}},{"shape_attributes":{"name":"circle","cx":2897,"cy":1843,"r":58},"region_attributes":{"Type":"1","count":"1"}},{"shape_attributes":{"name":"circle","cx":3111,"cy":1783,"r":46},"region_attributes":{"Type":"1","count":"1"}},{"shape_attributes":{"name":"circle","cx":3116,"cy":1893,"r":54},"region_attributes":{"Type":"2","count":"1"}},{"shape_attributes":{"name":"circle","cx":3241,"cy":1858,"r":46},"region_attributes":{"Type":"2","count":"1"}},{"shape_attributes":{"name":"circle","cx":3156,"cy":2003,"r":46},"region_attributes":{"Type":"2","count":"4"}},{"shape_attributes":{"name":"circle","cx":3241,"cy":2003,"r":43},"region_attributes":{"Type":"1","count":"4"}},{"shape_attributes":{"name":"circle","cx":3726,"cy":1813,"r":53},"region_attributes":{"Type":"1","count":"1"}},{"shape_attributes":{"name":"circle","cx":3726,"cy":1923,"r":60},"region_attributes":{"Type":"2","count":"2"}}],"file_attributes":{"date":"","temp":"","rain":"2","neighborhood":"Core","total_count":""}}},"_via_attributes":{"region":{"Type":{"type":"dropdown","description":"","options":{"1":"Individual","2":"Structure","3":"Vehicle"},"default_options":{}},"count":{"type":"text","description":"","default_value":""}},"file":{"date":{"type":"text","description":"","default_value":""},"temp":{"type":"text","description":"","default_value":""},"rain":{"type":"dropdown","description":"","options":{"1":"rain","2":"clear"},"default_options":{"2":true}},"neighborhood":{"type":"text","description":"","default_value":"Core"},"total_count":{"type":"text","description":"","default_value":""}}},"_via_data_format_version":"2.0.10","_via_image_id_list":["https://drive.google.com/uc?export=view&id=1cEDVNW61Y73NpNWq9Fcr0V310QgEDTqK\n","https://drive.google.com/uc?export=view&id=1r5RAeeX8Fa4YS3GczF1MCOz6du-51cbE\n","https://drive.google.com/uc?export=view&id=170c15axsAeeeMC0kvlWtP2sW-7z-jlW_\n","https://drive.google.com/uc?export=view&id=1nYzJXpCvb4GePg_tQARCsyu2szLHvmVQ\n","https://drive.google.com/uc?export=view&id=1ua2LIeP5Rb7LgL-6Zk_KNbhYD_xVFXnh\n"]}