{"_via_settings":{"ui":{"annotation_editor_height":25,"annotation_editor_fontsize":0.8,"leftsidebar_width":18,"image_grid":{"img_height":80,"rshape_fill":"none","rshape_fill_opacity":0.3,"rshape_stroke":"yellow","rshape_stroke_width":2,"show_region_shape":true,"show_image_policy":"all"},"image":{"region_label":"__via_region_id__","region_color":"__via_default_region_color__","region_label_font":"10px Sans","on_image_annotation_editor_placement":"NEAR_REGION"}},"core":{"buffer_size":18,"filepath":{},"default_filepath":""},"project":{"name":"Marina_2018_count"}},"_via_img_metadata":{"https://drive.google.com/uc?export=view&id=1RqlyA8aq-dlLi3oYZK8WcYnDfU4I-EfW\n":{"filename":"https://drive.google.com/uc?export=view&id=1RqlyA8aq-dlLi3oYZK8WcYnDfU4I-EfW\n","size":-1,"regions":[{"shape_attributes":{"name":"circle","cx":387,"cy":409,"r":101},"region_attributes":{"Type":"2","count":"1"}},{"shape_attributes":{"name":"circle","cx":489,"cy":511,"r":101},"region_attributes":{"Type":"2","count":"1"}},{"shape_attributes":{"name":"circle","cx":721,"cy":705,"r":90},"region_attributes":{"Type":"1","count":"1"}},{"shape_attributes":{"name":"circle","cx":435,"cy":759,"r":90},"region_attributes":{"Type":"1","count":"1"}},{"shape_attributes":{"name":"circle","cx":758,"cy":925,"r":90},"region_attributes":{"Type":"1","count":"1"}},{"shape_attributes":{"name":"circle","cx":2786,"cy":1286,"r":90},"region_attributes":{"Type":"1","count":"1"}},{"shape_attributes":{"name":"circle","cx":2555,"cy":1291,"r":90},"region_attributes":{"Type":"1","count":"1"}},{"shape_attributes":{"name":"circle","cx":1968,"cy":1630,"r":90},"region_attributes":{"Type":"1","count":"1"}},{"shape_attributes":{"name":"circle","cx":3141,"cy":1582,"r":90},"region_attributes":{"Type":"1","count":"1"}},{"shape_attributes":{"name":"circle","cx":855,"cy":538,"r":90},"region_attributes":{"Type":"1","count":"1"}},{"shape_attributes":{"name":"circle","cx":629,"cy":533,"r":96},"region_attributes":{"Type":"1","count":"4"}},{"shape_attributes":{"name":"circle","cx":2502,"cy":1937,"r":88},"region_attributes":{"Type":"1","count":"3"}},{"shape_attributes":{"name":"circle","cx":2410,"cy":2249,"r":88},"region_attributes":{"Type":"1","count":"3"}},{"shape_attributes":{"name":"circle","cx":2728,"cy":2061,"r":88},"region_attributes":{"Type":"1","count":"3"}},{"shape_attributes":{"name":"circle","cx":3131,"cy":1980,"r":88},"region_attributes":{"Type":"1","count":"3"}},{"shape_attributes":{"name":"circle","cx":2195,"cy":1953,"r":88},"region_attributes":{"Type":"1","count":"3"}},{"shape_attributes":{"name":"circle","cx":1259,"cy":866,"r":84},"region_attributes":{"Type":"1","count":"5"}},{"shape_attributes":{"name":"circle","cx":1173,"cy":1087,"r":97},"region_attributes":{"Type":"1","count":"1"}}],"file_attributes":{"date":"7-25-18","temp":"70","rain":"2","neighborhood":"Marina","total_count":""}},"https://drive.google.com/uc?export=view&id=1dgkEOZqXr3xVBv5ulGdadjNM58pZkEFX\n":{"filename":"https://drive.google.com/uc?export=view&id=1dgkEOZqXr3xVBv5ulGdadjNM58pZkEFX\n","size":-1,"regions":[{"shape_attributes":{"name":"circle","cx":506,"cy":576,"r":82},"region_attributes":{"Type":"1","count":"12"}},{"shape_attributes":{"name":"circle","cx":753,"cy":398,"r":85},"region_attributes":{"Type":"1","count":"1"}},{"shape_attributes":{"name":"circle","cx":662,"cy":554,"r":88},"region_attributes":{"Type":"2","count":"1"}},{"shape_attributes":{"name":"circle","cx":909,"cy":457,"r":97},"region_attributes":{"Type":"2","count":"1"}},{"shape_attributes":{"name":"circle","cx":861,"cy":586,"r":101},"region_attributes":{"Type":"1","count":"1"}},{"shape_attributes":{"name":"circle","cx":915,"cy":743,"r":97},"region_attributes":{"Type":"1","count":"1"}},{"shape_attributes":{"name":"circle","cx":1307,"cy":1313,"r":97},"region_attributes":{"Type":"1","count":"1"}},{"shape_attributes":{"name":"circle","cx":2770,"cy":1350,"r":97},"region_attributes":{"Type":"1","count":"1"}},{"shape_attributes":{"name":"circle","cx":3190,"cy":1636,"r":97},"region_attributes":{"Type":"1","count":"1"}},{"shape_attributes":{"name":"circle","cx":3394,"cy":1883,"r":97},"region_attributes":{"Type":"1","count":"1"}},{"shape_attributes":{"name":"circle","cx":3540,"cy":1221,"r":97},"region_attributes":{"Type":"1","count":"1"}},{"shape_attributes":{"name":"circle","cx":3351,"cy":2066,"r":97},"region_attributes":{"Type":"1","count":"1"}},{"shape_attributes":{"name":"circle","cx":3427,"cy":2491,"r":97},"region_attributes":{"Type":"1","count":"1"}},{"shape_attributes":{"name":"circle","cx":807,"cy":1216,"r":97},"region_attributes":{"Type":"1","count":"1"}},{"shape_attributes":{"name":"circle","cx":1286,"cy":710,"r":99},"region_attributes":{"Type":"1","count":"2"}},{"shape_attributes":{"name":"circle","cx":1495,"cy":758,"r":90},"region_attributes":{"Type":"1","count":"2"}},{"shape_attributes":{"name":"circle","cx":2265,"cy":1910,"r":90},"region_attributes":{"Type":"1","count":"3"}},{"shape_attributes":{"name":"circle","cx":2835,"cy":1022,"r":90},"region_attributes":{"Type":"3","count":"1"}},{"shape_attributes":{"name":"circle","cx":3356,"cy":1216,"r":107},"region_attributes":{"Type":"1","count":"2"}},{"shape_attributes":{"name":"circle","cx":3012,"cy":1156,"r":103},"region_attributes":{"Type":"3","count":"2"}},{"shape_attributes":{"name":"circle","cx":3448,"cy":1323,"r":119},"region_attributes":{"Type":"1","count":"3"}},{"shape_attributes":{"name":"circle","cx":3088,"cy":2372,"r":111},"region_attributes":{"Type":"1","count":"4"}},{"shape_attributes":{"name":"circle","cx":2835,"cy":2345,"r":147},"region_attributes":{"Type":"2","count":"2"}},{"shape_attributes":{"name":"circle","cx":2937,"cy":1936,"r":101},"region_attributes":{"Type":"2","count":"1"}},{"shape_attributes":{"name":"circle","cx":2926,"cy":2098,"r":117},"region_attributes":{"Type":"1","count":"5"}},{"shape_attributes":{"name":"circle","cx":2668,"cy":1899,"r":133},"region_attributes":{"Type":"2","count":"2"}},{"shape_attributes":{"name":"circle","cx":2539,"cy":1931,"r":111},"region_attributes":{"Type":"1","count":"11"}}],"file_attributes":{"date":"8-29-18","temp":"70","rain":"2","neighborhood":"Marina","total_count":""}},"https://drive.google.com/uc?export=view&id=1dRM6E5VtaBNfTu-1FyNy6PBfbx2_E551\n":{"filename":"https://drive.google.com/uc?export=view&id=1dRM6E5VtaBNfTu-1FyNy6PBfbx2_E551\n","size":-1,"regions":[{"shape_attributes":{"name":"circle","cx":549,"cy":672,"r":89},"region_attributes":{"Type":"2","count":"2"}},{"shape_attributes":{"name":"circle","cx":597,"cy":818,"r":119},"region_attributes":{"Type":"1","count":"7"}},{"shape_attributes":{"name":"circle","cx":1609,"cy":1410,"r":130},"region_attributes":{"Type":"1","count":"1"}},{"shape_attributes":{"name":"circle","cx":1808,"cy":1415,"r":130},"region_attributes":{"Type":"1","count":"1"}},{"shape_attributes":{"name":"circle","cx":2534,"cy":1453,"r":130},"region_attributes":{"Type":"1","count":"1"}},{"shape_attributes":{"name":"circle","cx":3260,"cy":974,"r":130},"region_attributes":{"Type":"1","count":"1"}},{"shape_attributes":{"name":"circle","cx":3249,"cy":1259,"r":130},"region_attributes":{"Type":"1","count":"1"}},{"shape_attributes":{"name":"circle","cx":3142,"cy":1539,"r":130},"region_attributes":{"Type":"1","count":"1"}},{"shape_attributes":{"name":"circle","cx":3066,"cy":1932,"r":130},"region_attributes":{"Type":"1","count":"1"}},{"shape_attributes":{"name":"circle","cx":3093,"cy":2044,"r":130},"region_attributes":{"Type":"1","count":"1"}},{"shape_attributes":{"name":"circle","cx":3351,"cy":2044,"r":130},"region_attributes":{"Type":"1","count":"1"}},{"shape_attributes":{"name":"circle","cx":3357,"cy":2399,"r":130},"region_attributes":{"Type":"1","count":"1"}},{"shape_attributes":{"name":"circle","cx":990,"cy":1243,"r":130},"region_attributes":{"Type":"1","count":"1"}},{"shape_attributes":{"name":"circle","cx":2426,"cy":1861,"r":104},"region_attributes":{"Type":"2","count":"2"}},{"shape_attributes":{"name":"circle","cx":2544,"cy":1979,"r":90},"region_attributes":{"Type":"1","count":"5"}},{"shape_attributes":{"name":"circle","cx":2862,"cy":1915,"r":82},"region_attributes":{"Type":"2","count":"4"}},{"shape_attributes":{"name":"circle","cx":2829,"cy":2082,"r":87},"region_attributes":{"Type":"1","count":"5"}},{"shape_attributes":{"name":"circle","cx":1425,"cy":1555,"r":85},"region_attributes":{"Type":"2","count":"1"}},{"shape_attributes":{"name":"circle","cx":3426,"cy":1156,"r":110},"region_attributes":{"Type":"1","count":"4"}}],"file_attributes":{"date":"9-27-18","temp":"68","rain":"2","neighborhood":"Marina","total_count":""}},"https://drive.google.com/uc?export=view&id=1khbRaivIl7sZKRQcddNoqflA7wLqx8tj\n":{"filename":"https://drive.google.com/uc?export=view&id=1khbRaivIl7sZKRQcddNoqflA7wLqx8tj\n","size":-1,"regions":[{"shape_attributes":{"name":"circle","cx":872,"cy":484,"r":111},"region_attributes":{"Type":"1","count":"1"}},{"shape_attributes":{"name":"circle","cx":1173,"cy":1075,"r":111},"region_attributes":{"Type":"1","count":"1"}},{"shape_attributes":{"name":"circle","cx":3427,"cy":1898,"r":111},"region_attributes":{"Type":"1","count":"1"}},{"shape_attributes":{"name":"circle","cx":2781,"cy":1845,"r":111},"region_attributes":{"Type":"1","count":"1"}},{"shape_attributes":{"name":"circle","cx":721,"cy":317,"r":111},"region_attributes":{"Type":"1","count":"1"}},{"shape_attributes":{"name":"circle","cx":721,"cy":317,"r":111},"region_attributes":{"Type":"1","count":"1"}},{"shape_attributes":{"name":"circle","cx":446,"cy":489,"r":89},"region_attributes":{"Type":"1","count":"4"}},{"shape_attributes":{"name":"circle","cx":629,"cy":511,"r":128},"region_attributes":{"Type":"2","count":"1"}},{"shape_attributes":{"name":"circle","cx":2243,"cy":1867,"r":142},"region_attributes":{"Type":"1","count":"3"}},{"shape_attributes":{"name":"circle","cx":2550,"cy":1877,"r":146.324},"region_attributes":{"Type":"1","count":"2"}},{"shape_attributes":{"name":"circle","cx":2937,"cy":1931,"r":82},"region_attributes":{"Type":"1","count":"2"}},{"shape_attributes":{"name":"circle","cx":2932,"cy":2098,"r":128},"region_attributes":{"Type":"2","count":"2"}},{"shape_attributes":{"name":"circle","cx":2733,"cy":2211,"r":111},"region_attributes":{"Type":"1","count":"5"}},{"shape_attributes":{"name":"circle","cx":3356,"cy":1070,"r":80},"region_attributes":{"Type":"1","count":"2"}},{"shape_attributes":{"name":"circle","cx":3496,"cy":1243,"r":111},"region_attributes":{"Type":"1","count":"2"}}],"file_attributes":{"date":"","temp":"","rain":"2","neighborhood":"Marina","total_count":""}},"https://drive.google.com/uc?export=view&id=1l_wfzXcQBudCnzPseF0li5xO_r-2PLN3\n":{"filename":"https://drive.google.com/uc?export=view&id=1l_wfzXcQBudCnzPseF0li5xO_r-2PLN3\n","size":-1,"regions":[{"shape_attributes":{"name":"circle","cx":489,"cy":543,"r":89},"region_attributes":{"Type":"2","count":"2"}},{"shape_attributes":{"name":"circle","cx":635,"cy":559,"r":94},"region_attributes":{"Type":"1","count":"7"}},{"shape_attributes":{"name":"circle","cx":1490,"cy":974,"r":90},"region_attributes":{"Type":"1","count":"2"}},{"shape_attributes":{"name":"circle","cx":3373,"cy":1248,"r":116},"region_attributes":{"Type":"1","count":"1"}},{"shape_attributes":{"name":"circle","cx":3255,"cy":1221,"r":116},"region_attributes":{"Type":"1","count":"1"}},{"shape_attributes":{"name":"circle","cx":3244,"cy":1640,"r":116},"region_attributes":{"Type":"1","count":"1"}},{"shape_attributes":{"name":"circle","cx":3427,"cy":2377,"r":116},"region_attributes":{"Type":"1","count":"1"}},{"shape_attributes":{"name":"circle","cx":3136,"cy":2108,"r":116},"region_attributes":{"Type":"1","count":"1"}},{"shape_attributes":{"name":"circle","cx":2674,"cy":2092,"r":116},"region_attributes":{"Type":"1","count":"1"}},{"shape_attributes":{"name":"circle","cx":2340,"cy":1969,"r":116},"region_attributes":{"Type":"1","count":"1"}},{"shape_attributes":{"name":"circle","cx":3572,"cy":1280,"r":116},"region_attributes":{"Type":"1","count":"1"}},{"shape_attributes":{"name":"circle","cx":1275,"cy":1334,"r":75},"region_attributes":{"Type":"2","count":"2"}},{"shape_attributes":{"name":"circle","cx":1388,"cy":1415,"r":104},"region_attributes":{"Type":"1","count":"3"}},{"shape_attributes":{"name":"circle","cx":3088,"cy":1280,"r":101},"region_attributes":{"Type":"1","count":"3"}},{"shape_attributes":{"name":"circle","cx":2905,"cy":1953,"r":82},"region_attributes":{"Type":"1","count":"5"}},{"shape_attributes":{"name":"circle","cx":2948,"cy":2098,"r":106},"region_attributes":{"Type":"2","count":"4"}},{"shape_attributes":{"name":"circle","cx":2819,"cy":2297,"r":106},"region_attributes":{"Type":"1","count":"4"}},{"shape_attributes":{"name":"circle","cx":2426,"cy":2248,"r":82},"region_attributes":{"Type":"1","count":"2"}}],"file_attributes":{"date":"12-20-18","temp":"59","rain":"2","neighborhood":"Marina","total_count":""}}},"_via_attributes":{"region":{"Type":{"type":"dropdown","description":"","options":{"1":"Individual","2":"Structure","3":"Vehicle"},"default_options":{}},"count":{"type":"text","description":"","default_value":""}},"file":{"date":{"type":"text","description":"","default_value":""},"temp":{"type":"text","description":"","default_value":""},"rain":{"type":"dropdown","description":"","options":{"1":"rain","2":"clear"},"default_options":{"2":true}},"neighborhood":{"type":"text","description":"","default_value":"Marina"},"total_count":{"type":"text","description":"","default_value":""}}},"_via_data_format_version":"2.0.10","_via_image_id_list":["https://drive.google.com/uc?export=view&id=1RqlyA8aq-dlLi3oYZK8WcYnDfU4I-EfW\n","https://drive.google.com/uc?export=view&id=1dgkEOZqXr3xVBv5ulGdadjNM58pZkEFX\n","https://drive.google.com/uc?export=view&id=1dRM6E5VtaBNfTu-1FyNy6PBfbx2_E551\n","https://drive.google.com/uc?export=view&id=1khbRaivIl7sZKRQcddNoqflA7wLqx8tj\n","https://drive.google.com/uc?export=view&id=1l_wfzXcQBudCnzPseF0li5xO_r-2PLN3\n"]}