{"_via_settings": {"ui": {"annotation_editor_height": 25, "annotation_editor_fontsize": 0.8, "leftsidebar_width": 18, "image_grid": {"img_height": 80, "rshape_fill": "none", "rshape_fill_opacity": 0.3, "rshape_stroke": "yellow", "rshape_stroke_width": 2, "show_region_shape": true, "show_image_policy": "all"}, "image": {"region_label": "__via_region_id__", "region_color": "__via_default_region_color__", "region_label_font": "10px Sans", "on_image_annotation_editor_placement": "NEAR_REGION"}}, "core": {"buffer_size": 18, "filepath": {}, "default_filepath": ""}, "project": {"name": "City Center_2022_gcp"}}, "_via_img_metadata": {"https://drive.google.com/uc?export=view&id=11oPElPkZMxpE_a1nzmbKjifFcQJn903g\n": {"filename": "https://drive.google.com/uc?export=view&id=11oPElPkZMxpE_a1nzmbKjifFcQJn903g\n", "size": -1, "regions": [{"shape_attributes": {"name": "rect", "x": 188, "y": 299, "width": 14, "height": 21}, "region_attributes": {"Intersection": "1"}}, {"shape_attributes": {"name": "rect", "x": 189, "y": 175, "width": 15, "height": 15}, "region_attributes": {"Intersection": "2"}}, {"shape_attributes": {"name": "rect", "x": 696, "y": 172, "width": 17, "height": 16}, "region_attributes": {"Intersection": "4"}}, {"shape_attributes": {"name": "rect", "x": 694, "y": 295, "width": 18, "height": 23}, "region_attributes": {"Intersection": "3"}}], "file_attributes": {"neighborhood": "City Center"}}, "https://drive.google.com/uc?export=view&id=1qCHQyuZtOaZpGiMrX6sDtlbEEg_4CXhL\n": {"filename": "https://drive.google.com/uc?export=view&id=1qCHQyuZtOaZpGiMrX6sDtlbEEg_4CXhL\n", "size": -1, "regions": [{"shape_attributes": {"name": "rect", "x": 183, "y": 294, "width": 14, "height": 21}, "region_attributes": {"Intersection": "1"}}, {"shape_attributes": {"name": "rect", "x": 184, "y": 169, "width": 15, "height": 15}, "region_attributes": {"Intersection": "2"}}, {"shape_attributes": {"name": "rect", "x": 692, "y": 167, "width": 17, "height": 16}, "region_attributes": {"Intersection": "4"}}, {"shape_attributes": {"name": "rect", "x": 694, "y": 295, "width": 18, "height": 23}, "region_attributes": {"Intersection": "3"}}], "file_attributes": {"neighborhood": "City Center"}}, "https://drive.google.com/uc?export=view&id=1jIb9-NkzCZu7ExwfJrr1zExjKIYfWb5X\n": {"filename": "https://drive.google.com/uc?export=view&id=1jIb9-NkzCZu7ExwfJrr1zExjKIYfWb5X\n", "size": -1, "regions": [{"shape_attributes": {"name": "rect", "x": 196, "y": 294, "width": 14, "height": 21}, "region_attributes": {"Intersection": "1"}}, {"shape_attributes": {"name": "rect", "x": 196, "y": 177, "width": 15, "height": 15}, "region_attributes": {"Intersection": "2"}}, {"shape_attributes": {"name": "rect", "x": 671, "y": 176, "width": 17, "height": 16}, "region_attributes": {"Intersection": "4"}}, {"shape_attributes": {"name": "rect", "x": 673, "y": 295, "width": 18, "height": 23}, "region_attributes": {"Intersection": "3"}}], "file_attributes": {"neighborhood": "City Center"}}, "https://drive.google.com/uc?export=view&id=1CGf7799AUhtTDQTuN4djLD9rttjmaib2\n": {"filename": "https://drive.google.com/uc?export=view&id=1CGf7799AUhtTDQTuN4djLD9rttjmaib2\n", "size": -1, "regions": [{"shape_attributes": {"name": "rect", "x": 202, "y": 294, "width": 14, "height": 21}, "region_attributes": {"Intersection": "1"}}, {"shape_attributes": {"name": "rect", "x": 202, "y": 182, "width": 15, "height": 15}, "region_attributes": {"Intersection": "2"}}, {"shape_attributes": {"name": "rect", "x": 665, "y": 178, "width": 17, "height": 16}, "region_attributes": {"Intersection": "4"}}, {"shape_attributes": {"name": "rect", "x": 663, "y": 294, "width": 18, "height": 23}, "region_attributes": {"Intersection": "3"}}], "file_attributes": {"neighborhood": "City Center"}}, "https://drive.google.com/uc?export=view&id=1hnSZlVz5_MXUS4evvJcwBZGQ--pJSkHy\n": {"filename": "https://drive.google.com/uc?export=view&id=1hnSZlVz5_MXUS4evvJcwBZGQ--pJSkHy\n", "size": -1, "regions": [{"shape_attributes": {"name": "rect", "x": 202, "y": 294, "width": 14, "height": 21}, "region_attributes": {"Intersection": "1"}}, {"shape_attributes": {"name": "rect", "x": 202, "y": 182, "width": 15, "height": 15}, "region_attributes": {"Intersection": "2"}}, {"shape_attributes": {"name": "rect", "x": 665, "y": 178, "width": 17, "height": 16}, "region_attributes": {"Intersection": "4"}}, {"shape_attributes": {"name": "rect", "x": 663, "y": 294, "width": 18, "height": 23}, "region_attributes": {"Intersection": "3"}}], "file_attributes": {"neighborhood": "City Center"}}, "https://drive.google.com/uc?export=view&id=1y3UBdp3zUBvR-YrS-DPdSWQ-f7QA72H8\n": {"filename": "https://drive.google.com/uc?export=view&id=1y3UBdp3zUBvR-YrS-DPdSWQ-f7QA72H8\n", "size": -1, "regions": [{"shape_attributes": {"name": "rect", "x": 202, "y": 294, "width": 14, "height": 21}, "region_attributes": {"Intersection": "1"}}, {"shape_attributes": {"name": "rect", "x": 202, "y": 182, "width": 15, "height": 15}, "region_attributes": {"Intersection": "2"}}, {"shape_attributes": {"name": "rect", "x": 668, "y": 169, "width": 17, "height": 16}, "region_attributes": {"Intersection": "4"}}, {"shape_attributes": {"name": "rect", "x": 672, "y": 283, "width": 18, "height": 23}, "region_attributes": {"Intersection": "3"}}], "file_attributes": {"neighborhood": "City Center"}}, "https://drive.google.com/uc?export=view&id=1MX4gpH6iQaj0XnTDHFzFRLc1Fu8m8Fvd\n": {"filename": "https://drive.google.com/uc?export=view&id=1MX4gpH6iQaj0XnTDHFzFRLc1Fu8m8Fvd\n", "size": -1, "regions": [{"shape_attributes": {"name": "rect", "x": 202, "y": 294, "width": 14, "height": 21}, "region_attributes": {"Intersection": "1"}}, {"shape_attributes": {"name": "rect", "x": 202, "y": 182, "width": 15, "height": 15}, "region_attributes": {"Intersection": "2"}}, {"shape_attributes": {"name": "rect", "x": 665, "y": 178, "width": 17, "height": 16}, "region_attributes": {"Intersection": "4"}}, {"shape_attributes": {"name": "rect", "x": 663, "y": 294, "width": 18, "height": 23}, "region_attributes": {"Intersection": "3"}}], "file_attributes": {"neighborhood": "City Center"}}, "https://drive.google.com/uc?export=view&id=1wDhNd3guGYG7edvPV2H3i4DEKckC87FN\n": {"filename": "https://drive.google.com/uc?export=view&id=1wDhNd3guGYG7edvPV2H3i4DEKckC87FN\n", "size": -1, "regions": [{"shape_attributes": {"name": "rect", "x": 202, "y": 294, "width": 14, "height": 21}, "region_attributes": {"Intersection": "1"}}, {"shape_attributes": {"name": "rect", "x": 196, "y": 178, "width": 15, "height": 17}, "region_attributes": {"Intersection": "2"}}, {"shape_attributes": {"name": "rect", "x": 665, "y": 178, "width": 17, "height": 16}, "region_attributes": {"Intersection": "4"}}, {"shape_attributes": {"name": "rect", "x": 668, "y": 294, "width": 18, "height": 23}, "region_attributes": {"Intersection": "3"}}], "file_attributes": {"neighborhood": "City Center"}}, "https://drive.google.com/uc?export=view&id=1QoKAH71SF15154m6W25UlIoIOvscVUwm\n": {"filename": "https://drive.google.com/uc?export=view&id=1QoKAH71SF15154m6W25UlIoIOvscVUwm\n", "size": -1, "regions": [{"shape_attributes": {"name": "rect", "x": 202, "y": 294, "width": 14, "height": 21}, "region_attributes": {"Intersection": "1"}}, {"shape_attributes": {"name": "rect", "x": 200, "y": 177, "width": 15, "height": 15}, "region_attributes": {"Intersection": "2"}}, {"shape_attributes": {"name": "rect", "x": 669, "y": 175, "width": 17, "height": 16}, "region_attributes": {"Intersection": "4"}}, {"shape_attributes": {"name": "rect", "x": 668, "y": 292, "width": 18, "height": 23}, "region_attributes": {"Intersection": "3"}}], "file_attributes": {"neighborhood": "City Center"}}, "https://drive.google.com/uc?export=view&id=1zJirERdHa2eSD9rrJN4KFvjdWBDnczqd\n": {"filename": "https://drive.google.com/uc?export=view&id=1zJirERdHa2eSD9rrJN4KFvjdWBDnczqd\n", "size": -1, "regions": [{"shape_attributes": {"name": "rect", "x": 202, "y": 294, "width": 14, "height": 21}, "region_attributes": {"Intersection": "1"}}, {"shape_attributes": {"name": "rect", "x": 199, "y": 178, "width": 15, "height": 15}, "region_attributes": {"Intersection": "2"}}, {"shape_attributes": {"name": "rect", "x": 668, "y": 178, "width": 17, "height": 16}, "region_attributes": {"Intersection": "4"}}, {"shape_attributes": {"name": "rect", "x": 666, "y": 294, "width": 18, "height": 23}, "region_attributes": {"Intersection": "3"}}], "file_attributes": {"neighborhood": "City Center"}}, "https://drive.google.com/uc?export=view&id=1xK4Wl99uvPPDa2LuPqnnCILzIlmadZRG\n": {"filename": "https://drive.google.com/uc?export=view&id=1xK4Wl99uvPPDa2LuPqnnCILzIlmadZRG\n", "size": -1, "regions": [{"shape_attributes": {"name": "rect", "x": 202, "y": 294, "width": 14, "height": 21}, "region_attributes": {"Intersection": "1"}}, {"shape_attributes": {"name": "rect", "x": 198, "y": 182, "width": 15, "height": 15}, "region_attributes": {"Intersection": "2"}}, {"shape_attributes": {"name": "rect", "x": 665, "y": 178, "width": 17, "height": 16}, "region_attributes": {"Intersection": "4"}}, {"shape_attributes": {"name": "rect", "x": 667, "y": 294, "width": 18, "height": 23}, "region_attributes": {"Intersection": "3"}}], "file_attributes": {"neighborhood": "City Center"}}, "https://drive.google.com/uc?export=view&id=1cfLIcB6ObIUrCXGqzEk8wBGZP8cpbjiP\n": {"filename": "https://drive.google.com/uc?export=view&id=1cfLIcB6ObIUrCXGqzEk8wBGZP8cpbjiP\n", "size": -1, "regions": [{"shape_attributes": {"name": "rect", "x": 199, "y": 298, "width": 17, "height": 18}, "region_attributes": {"Intersection": "1"}}, {"shape_attributes": {"name": "rect", "x": 198, "y": 182, "width": 15, "height": 15}, "region_attributes": {"Intersection": "2"}}, {"shape_attributes": {"name": "rect", "x": 669, "y": 180, "width": 17, "height": 16}, "region_attributes": {"Intersection": "4"}}, {"shape_attributes": {"name": "rect", "x": 666, "y": 294, "width": 18, "height": 23}, "region_attributes": {"Intersection": "3"}}], "file_attributes": {"neighborhood": "City Center"}}}, "_via_attributes": {"region": {"Intersection": {"type": "dropdown", "description": "", "options": {"1": "Front_Broadway", "2": "Front_B", "3": "11th_Broadway", "4": "11th_B"}, "default_options": {}}}, "file": {"neighborhood": {"type": "text", "description": "", "default_value": "City Center"}}}, "_via_data_format_version": "2.0.10", "_via_image_id_list": ["https://drive.google.com/uc?export=view&id=11oPElPkZMxpE_a1nzmbKjifFcQJn903g\n", "https://drive.google.com/uc?export=view&id=1qCHQyuZtOaZpGiMrX6sDtlbEEg_4CXhL\n", "https://drive.google.com/uc?export=view&id=1jIb9-NkzCZu7ExwfJrr1zExjKIYfWb5X\n", "https://drive.google.com/uc?export=view&id=1CGf7799AUhtTDQTuN4djLD9rttjmaib2\n", "https://drive.google.com/uc?export=view&id=1hnSZlVz5_MXUS4evvJcwBZGQ--pJSkHy\n", "https://drive.google.com/uc?export=view&id=1y3UBdp3zUBvR-YrS-DPdSWQ-f7QA72H8\n", "https://drive.google.com/uc?export=view&id=1MX4gpH6iQaj0XnTDHFzFRLc1Fu8m8Fvd\n", "https://drive.google.com/uc?export=view&id=1wDhNd3guGYG7edvPV2H3i4DEKckC87FN\n", "https://drive.google.com/uc?export=view&id=1QoKAH71SF15154m6W25UlIoIOvscVUwm\n", "https://drive.google.com/uc?export=view&id=1zJirERdHa2eSD9rrJN4KFvjdWBDnczqd\n", "https://drive.google.com/uc?export=view&id=1xK4Wl99uvPPDa2LuPqnnCILzIlmadZRG\n", "https://drive.google.com/uc?export=view&id=1cfLIcB6ObIUrCXGqzEk8wBGZP8cpbjiP\n"]}