{"_via_settings": {"ui": {"annotation_editor_height": 25, "annotation_editor_fontsize": 0.8, "leftsidebar_width": 18, "image_grid": {"img_height": 80, "rshape_fill": "none", "rshape_fill_opacity": 0.3, "rshape_stroke": "yellow", "rshape_stroke_width": 2, "show_region_shape": true, "show_image_policy": "all"}, "image": {"region_label": "__via_region_id__", "region_color": "__via_default_region_color__", "region_label_font": "10px Sans", "on_image_annotation_editor_placement": "NEAR_REGION"}}, "core": {"buffer_size": 18, "filepath": {}, "default_filepath": ""}, "project": {"name": "Columbia_2018_gcp"}}, "_via_img_metadata": {"https://drive.google.com/uc?export=view&id=1Xm-tEFsCdiUeaSCabMS8CIm0vN8rmtna\n": {"filename": "https://drive.google.com/uc?export=view&id=1Xm-tEFsCdiUeaSCabMS8CIm0vN8rmtna\n", "size": -1, "regions": [{"shape_attributes": {"name": "rect", "x": 3466, "y": 1843, "width": 105, "height": 120}, "region_attributes": {"Intersection": "1"}}, {"shape_attributes": {"name": "rect", "x": 3476, "y": 634, "width": 90, "height": 90}, "region_attributes": {"Intersection": "2"}}, {"shape_attributes": {"name": "rect", "x": 2277, "y": 639, "width": 95, "height": 90}, "region_attributes": {"Intersection": "4"}}, {"shape_attributes": {"name": "rect", "x": 2262, "y": 1853, "width": 115, "height": 120}, "region_attributes": {"Intersection": "3"}}], "file_attributes": {"neighborhood": "Columbia"}}, "https://drive.google.com/uc?export=view&id=1CSd-u66C-KNLDcn-O4vIOOtc2UWyjVK6\n": {"filename": "https://drive.google.com/uc?export=view&id=1CSd-u66C-KNLDcn-O4vIOOtc2UWyjVK6\n", "size": -1, "regions": [{"shape_attributes": {"name": "rect", "x": 3516, "y": 1873, "width": 105, "height": 120}, "region_attributes": {"Intersection": "1"}}, {"shape_attributes": {"name": "rect", "x": 3531, "y": 659, "width": 100, "height": 75}, "region_attributes": {"Intersection": "2"}}, {"shape_attributes": {"name": "rect", "x": 2327, "y": 664, "width": 85, "height": 90}, "region_attributes": {"Intersection": "4"}}, {"shape_attributes": {"name": "rect", "x": 2322, "y": 1878, "width": 100, "height": 120}, "region_attributes": {"Intersection": "3"}}], "file_attributes": {"neighborhood": "Columbia"}}, "https://drive.google.com/uc?export=view&id=1euVJ8MQbsqsrhX60SD-MIQ4E4J6Pum2L\n": {"filename": "https://drive.google.com/uc?export=view&id=1euVJ8MQbsqsrhX60SD-MIQ4E4J6Pum2L\n", "size": -1, "regions": [{"shape_attributes": {"name": "rect", "x": 3486, "y": 1823, "width": 105, "height": 120}, "region_attributes": {"Intersection": "1"}}, {"shape_attributes": {"name": "rect", "x": 3501, "y": 609, "width": 90, "height": 90}, "region_attributes": {"Intersection": "2"}}, {"shape_attributes": {"name": "rect", "x": 2292, "y": 614, "width": 95, "height": 90}, "region_attributes": {"Intersection": "4"}}, {"shape_attributes": {"name": "rect", "x": 2267, "y": 1828, "width": 115, "height": 120}, "region_attributes": {"Intersection": "3"}}], "file_attributes": {"neighborhood": "Columbia"}}, "https://drive.google.com/uc?export=view&id=1N8L2lGccx2H0ncBATyA8Q0qMhHfebLOj\n": {"filename": "https://drive.google.com/uc?export=view&id=1N8L2lGccx2H0ncBATyA8Q0qMhHfebLOj\n", "size": -1, "regions": [{"shape_attributes": {"name": "rect", "x": 3491, "y": 1863, "width": 105, "height": 120}, "region_attributes": {"Intersection": "1"}}, {"shape_attributes": {"name": "rect", "x": 3501, "y": 634, "width": 90, "height": 90}, "region_attributes": {"Intersection": "2"}}, {"shape_attributes": {"name": "rect", "x": 2307, "y": 639, "width": 95, "height": 90}, "region_attributes": {"Intersection": "4"}}, {"shape_attributes": {"name": "rect", "x": 2292, "y": 1873, "width": 110, "height": 110}, "region_attributes": {"Intersection": "3"}}], "file_attributes": {"neighborhood": "Columbia"}}, "https://drive.google.com/uc?export=view&id=12nMXXC8eJE4bDtSBAQoMacKRTjdcsVEc\n": {"filename": "https://drive.google.com/uc?export=view&id=12nMXXC8eJE4bDtSBAQoMacKRTjdcsVEc\n", "size": -1, "regions": [{"shape_attributes": {"name": "rect", "x": 3531, "y": 1898, "width": 105, "height": 120}, "region_attributes": {"Intersection": "1"}}, {"shape_attributes": {"name": "rect", "x": 3531, "y": 684, "width": 100, "height": 75}, "region_attributes": {"Intersection": "2"}}, {"shape_attributes": {"name": "rect", "x": 2327, "y": 684, "width": 100, "height": 85}, "region_attributes": {"Intersection": "4"}}, {"shape_attributes": {"name": "rect", "x": 2337, "y": 1898, "width": 100, "height": 120}, "region_attributes": {"Intersection": "3"}}], "file_attributes": {"neighborhood": "Columbia"}}}, "_via_attributes": {"region": {"Intersection": {"type": "dropdown", "description": "", "options": {"1": "State_Broadway", "2": "State_A", "3": "Ketner_Broadway", "4": "Ketner_A"}, "default_options": {}}}, "file": {"neighborhood": {"type": "text", "description": "", "default_value": "Columbia"}}}, "_via_data_format_version": "2.0.10", "_via_image_id_list": ["https://drive.google.com/uc?export=view&id=1Xm-tEFsCdiUeaSCabMS8CIm0vN8rmtna\n", "https://drive.google.com/uc?export=view&id=1CSd-u66C-KNLDcn-O4vIOOtc2UWyjVK6\n", "https://drive.google.com/uc?export=view&id=1euVJ8MQbsqsrhX60SD-MIQ4E4J6Pum2L\n", "https://drive.google.com/uc?export=view&id=1N8L2lGccx2H0ncBATyA8Q0qMhHfebLOj\n", "https://drive.google.com/uc?export=view&id=12nMXXC8eJE4bDtSBAQoMacKRTjdcsVEc\n"]}