{"_via_settings": {"ui": {"annotation_editor_height": 25, "annotation_editor_fontsize": 0.8, "leftsidebar_width": 18, "image_grid": {"img_height": 80, "rshape_fill": "none", "rshape_fill_opacity": 0.3, "rshape_stroke": "yellow", "rshape_stroke_width": 2, "show_region_shape": true, "show_image_policy": "all"}, "image": {"region_label": "__via_region_id__", "region_color": "__via_default_region_color__", "region_label_font": "10px Sans", "on_image_annotation_editor_placement": "NEAR_REGION"}}, "core": {"buffer_size": 18, "filepath": {}, "default_filepath": ""}, "project": {"name": "Core_2018_gcp"}}, "_via_img_metadata": {"https://drive.google.com/uc?export=view&id=1cEDVNW61Y73NpNWq9Fcr0V310QgEDTqK\n": {"filename": "https://drive.google.com/uc?export=view&id=1cEDVNW61Y73NpNWq9Fcr0V310QgEDTqK\n", "size": -1, "regions": [{"shape_attributes": {"name": "rect", "x": 1084, "y": 994, "width": 70, "height": 75}, "region_attributes": {"Intersection": "2"}}, {"shape_attributes": {"name": "rect", "x": 1089, "y": 1643, "width": 60, "height": 100}, "region_attributes": {"Intersection": "1"}}, {"shape_attributes": {"name": "rect", "x": 3721, "y": 979, "width": 70, "height": 80}, "region_attributes": {"Intersection": "4"}}, {"shape_attributes": {"name": "rect", "x": 3721, "y": 1653, "width": 65, "height": 75}, "region_attributes": {"Intersection": "3"}}], "file_attributes": {"neighborhood": "Core"}}, "https://drive.google.com/uc?export=view&id=1r5RAeeX8Fa4YS3GczF1MCOz6du-51cbE\n": {"filename": "https://drive.google.com/uc?export=view&id=1r5RAeeX8Fa4YS3GczF1MCOz6du-51cbE\n", "size": -1, "regions": [{"shape_attributes": {"name": "rect", "x": 1134, "y": 1019, "width": 70, "height": 75}, "region_attributes": {"Intersection": "2"}}, {"shape_attributes": {"name": "rect", "x": 1139, "y": 1683, "width": 60, "height": 100}, "region_attributes": {"Intersection": "1"}}, {"shape_attributes": {"name": "rect", "x": 3771, "y": 999, "width": 70, "height": 80}, "region_attributes": {"Intersection": "4"}}, {"shape_attributes": {"name": "rect", "x": 3776, "y": 1668, "width": 65, "height": 75}, "region_attributes": {"Intersection": "3"}}], "file_attributes": {"neighborhood": "Core"}}, "https://drive.google.com/uc?export=view&id=170c15axsAeeeMC0kvlWtP2sW-7z-jlW_\n": {"filename": "https://drive.google.com/uc?export=view&id=170c15axsAeeeMC0kvlWtP2sW-7z-jlW_\n", "size": -1, "regions": [{"shape_attributes": {"name": "rect", "x": 1089, "y": 984, "width": 70, "height": 75}, "region_attributes": {"Intersection": "2"}}, {"shape_attributes": {"name": "rect", "x": 1094, "y": 1638, "width": 60, "height": 100}, "region_attributes": {"Intersection": "1"}}, {"shape_attributes": {"name": "rect", "x": 3721, "y": 969, "width": 70, "height": 80}, "region_attributes": {"Intersection": "4"}}, {"shape_attributes": {"name": "rect", "x": 3721, "y": 1648, "width": 65, "height": 75}, "region_attributes": {"Intersection": "3"}}], "file_attributes": {"neighborhood": "Core"}}, "https://drive.google.com/uc?export=view&id=1nYzJXpCvb4GePg_tQARCsyu2szLHvmVQ\n": {"filename": "https://drive.google.com/uc?export=view&id=1nYzJXpCvb4GePg_tQARCsyu2szLHvmVQ\n", "size": -1, "regions": [{"shape_attributes": {"name": "rect", "x": 1099, "y": 984, "width": 70, "height": 75}, "region_attributes": {"Intersection": "2"}}, {"shape_attributes": {"name": "rect", "x": 1104, "y": 1633, "width": 60, "height": 100}, "region_attributes": {"Intersection": "1"}}, {"shape_attributes": {"name": "rect", "x": 3746, "y": 964, "width": 65, "height": 80}, "region_attributes": {"Intersection": "4"}}, {"shape_attributes": {"name": "rect", "x": 3746, "y": 1638, "width": 70, "height": 75}, "region_attributes": {"Intersection": "3"}}], "file_attributes": {"neighborhood": "Core"}}, "https://drive.google.com/uc?export=view&id=1ua2LIeP5Rb7LgL-6Zk_KNbhYD_xVFXnh\n": {"filename": "https://drive.google.com/uc?export=view&id=1ua2LIeP5Rb7LgL-6Zk_KNbhYD_xVFXnh\n", "size": -1, "regions": [{"shape_attributes": {"name": "rect", "x": 1109, "y": 1019, "width": 70, "height": 75}, "region_attributes": {"Intersection": "2"}}, {"shape_attributes": {"name": "rect", "x": 1114, "y": 1673, "width": 60, "height": 100}, "region_attributes": {"Intersection": "1"}}, {"shape_attributes": {"name": "rect", "x": 3746, "y": 1019, "width": 80, "height": 85}, "region_attributes": {"Intersection": "4"}}, {"shape_attributes": {"name": "rect", "x": 3746, "y": 1683, "width": 70, "height": 80}, "region_attributes": {"Intersection": "3"}}], "file_attributes": {"neighborhood": "Core"}}}, "_via_attributes": {"region": {"Intersection": {"type": "dropdown", "description": "", "options": {"1": "Front_Broadway", "2": "Front_B", "3": "11th_Broadway", "4": "11th_B"}, "default_options": {}}}, "file": {"neighborhood": {"type": "text", "description": "", "default_value": "Core"}}}, "_via_data_format_version": "2.0.10", "_via_image_id_list": ["https://drive.google.com/uc?export=view&id=1cEDVNW61Y73NpNWq9Fcr0V310QgEDTqK\n", "https://drive.google.com/uc?export=view&id=1r5RAeeX8Fa4YS3GczF1MCOz6du-51cbE\n", "https://drive.google.com/uc?export=view&id=170c15axsAeeeMC0kvlWtP2sW-7z-jlW_\n", "https://drive.google.com/uc?export=view&id=1nYzJXpCvb4GePg_tQARCsyu2szLHvmVQ\n", "https://drive.google.com/uc?export=view&id=1ua2LIeP5Rb7LgL-6Zk_KNbhYD_xVFXnh\n"]}