{"_via_settings": {"ui": {"annotation_editor_height": 25, "annotation_editor_fontsize": 0.8, "leftsidebar_width": 18, "image_grid": {"img_height": 80, "rshape_fill": "none", "rshape_fill_opacity": 0.3, "rshape_stroke": "yellow", "rshape_stroke_width": 2, "show_region_shape": true, "show_image_policy": "all"}, "image": {"region_label": "__via_region_id__", "region_color": "__via_default_region_color__", "region_label_font": "10px Sans", "on_image_annotation_editor_placement": "NEAR_REGION"}}, "core": {"buffer_size": 18, "filepath": {}, "default_filepath": ""}, "project": {"name": "Core_2019_gcp"}}, "_via_img_metadata": {"https://drive.google.com/uc?export=view&id=1SN7akRhgzmSiBwA18GM-1L64ed999gDp\n": {"filename": "https://drive.google.com/uc?export=view&id=1SN7akRhgzmSiBwA18GM-1L64ed999gDp\n", "size": -1, "regions": [{"shape_attributes": {"name": "rect", "x": 167, "y": 301, "width": 12, "height": 12}, "region_attributes": {"Intersection": "1"}}, {"shape_attributes": {"name": "rect", "x": 169, "y": 183, "width": 10, "height": 8}, "region_attributes": {"Intersection": "2"}}, {"shape_attributes": {"name": "rect", "x": 643, "y": 305, "width": 9, "height": 9}, "region_attributes": {"Intersection": "3"}}, {"shape_attributes": {"name": "rect", "x": 643, "y": 183, "width": 13, "height": 9}, "region_attributes": {"Intersection": "4"}}, {"shape_attributes": {"name": "rect", "x": 167, "y": 301, "width": 12, "height": 12}, "region_attributes": {"Intersection": "1"}}, {"shape_attributes": {"name": "rect", "x": 169, "y": 183, "width": 10, "height": 8}, "region_attributes": {"Intersection": "2"}}, {"shape_attributes": {"name": "rect", "x": 643, "y": 305, "width": 9, "height": 9}, "region_attributes": {"Intersection": "3"}}, {"shape_attributes": {"name": "rect", "x": 643, "y": 183, "width": 13, "height": 9}, "region_attributes": {"Intersection": "4"}}], "file_attributes": {"neighborhood": "Core"}}, "https://drive.google.com/uc?export=view&id=1togSan8igrYznfGzXRpAEDR8YP8w8_KC\n": {"filename": "https://drive.google.com/uc?export=view&id=1togSan8igrYznfGzXRpAEDR8YP8w8_KC\n", "size": -1, "regions": [{"shape_attributes": {"name": "rect", "x": 198, "y": 301, "width": 12, "height": 12}, "region_attributes": {"Intersection": "1"}}, {"shape_attributes": {"name": "rect", "x": 199, "y": 183, "width": 10, "height": 8}, "region_attributes": {"Intersection": "2"}}, {"shape_attributes": {"name": "rect", "x": 675, "y": 301, "width": 13, "height": 6}, "region_attributes": {"Intersection": "3"}}, {"shape_attributes": {"name": "rect", "x": 675, "y": 181, "width": 13, "height": 3}, "region_attributes": {"Intersection": "4"}}], "file_attributes": {"neighborhood": "Core"}}, "https://drive.google.com/uc?export=view&id=12XquwoO26jiu6jzbqgLPDKjGY4Z7yi-i\n": {"filename": "https://drive.google.com/uc?export=view&id=12XquwoO26jiu6jzbqgLPDKjGY4Z7yi-i\n", "size": -1, "regions": [{"shape_attributes": {"name": "rect", "x": 197, "y": 303, "width": 11, "height": 5}, "region_attributes": {"Intersection": "1"}}, {"shape_attributes": {"name": "rect", "x": 197, "y": 178, "width": 10, "height": 8}, "region_attributes": {"Intersection": "2"}}, {"shape_attributes": {"name": "rect", "x": 673, "y": 301, "width": 9, "height": 2}, "region_attributes": {"Intersection": "3"}}, {"shape_attributes": {"name": "rect", "x": 673, "y": 178, "width": 13, "height": 6}, "region_attributes": {"Intersection": "4"}}], "file_attributes": {"neighborhood": "Core"}}, "https://drive.google.com/uc?export=view&id=1vy_UojvJq5lLE3accBTqrjAOptliLD2s\n": {"filename": "https://drive.google.com/uc?export=view&id=1vy_UojvJq5lLE3accBTqrjAOptliLD2s\n", "size": -1, "regions": [{"shape_attributes": {"name": "rect", "x": 204, "y": 305, "width": 12, "height": 12}, "region_attributes": {"Intersection": "1"}}, {"shape_attributes": {"name": "rect", "x": 205, "y": 185, "width": 11, "height": 12}, "region_attributes": {"Intersection": "2"}}, {"shape_attributes": {"name": "rect", "x": 682, "y": 305, "width": 13, "height": 12}, "region_attributes": {"Intersection": "3"}}, {"shape_attributes": {"name": "rect", "x": 681, "y": 183, "width": 13, "height": 9}, "region_attributes": {"Intersection": "4"}}], "file_attributes": {"neighborhood": "Core"}}, "https://drive.google.com/uc?export=view&id=1Nnc12BsNS1mcy1lro_SPDcgZ061HeHCx\n": {"filename": "https://drive.google.com/uc?export=view&id=1Nnc12BsNS1mcy1lro_SPDcgZ061HeHCx\n", "size": -1, "regions": [{"shape_attributes": {"name": "rect", "x": 196, "y": 306, "width": 12, "height": 12}, "region_attributes": {"Intersection": "1"}}, {"shape_attributes": {"name": "rect", "x": 200, "y": 190, "width": 10, "height": 8}, "region_attributes": {"Intersection": "2"}}, {"shape_attributes": {"name": "rect", "x": 675, "y": 307, "width": 10, "height": 10}, "region_attributes": {"Intersection": "3"}}, {"shape_attributes": {"name": "rect", "x": 675, "y": 185, "width": 11, "height": 11}, "region_attributes": {"Intersection": "4"}}], "file_attributes": {"neighborhood": "Core"}}, "https://drive.google.com/uc?export=view&id=1svhsf_oHSq6BPtHLQSTThJVBN4CrBnGU\n": {"filename": "https://drive.google.com/uc?export=view&id=1svhsf_oHSq6BPtHLQSTThJVBN4CrBnGU\n", "size": -1, "regions": [{"shape_attributes": {"name": "rect", "x": 232, "y": 283, "width": 12, "height": 12}, "region_attributes": {"Intersection": "1"}}, {"shape_attributes": {"name": "rect", "x": 232, "y": 167, "width": 10, "height": 8}, "region_attributes": {"Intersection": "2"}}, {"shape_attributes": {"name": "rect", "x": 707, "y": 275, "width": 11, "height": 14}, "region_attributes": {"Intersection": "3"}}, {"shape_attributes": {"name": "rect", "x": 707, "y": 158, "width": 13, "height": 10}, "region_attributes": {"Intersection": "4"}}], "file_attributes": {"neighborhood": "Core"}}, "https://drive.google.com/uc?export=view&id=1XgXzKJr2kqJDKutsj20EJVKplhpaIq-3\n": {"filename": "https://drive.google.com/uc?export=view&id=1XgXzKJr2kqJDKutsj20EJVKplhpaIq-3\n", "size": -1, "regions": [{"shape_attributes": {"name": "rect", "x": 202, "y": 306, "width": 12, "height": 12}, "region_attributes": {"Intersection": "1"}}, {"shape_attributes": {"name": "rect", "x": 201, "y": 188, "width": 10, "height": 8}, "region_attributes": {"Intersection": "2"}}, {"shape_attributes": {"name": "rect", "x": 672, "y": 304, "width": 11, "height": 14}, "region_attributes": {"Intersection": "3"}}, {"shape_attributes": {"name": "rect", "x": 670, "y": 185, "width": 16, "height": 13}, "region_attributes": {"Intersection": "4"}}], "file_attributes": {"neighborhood": "Core"}}, "https://drive.google.com/uc?export=view&id=1uUUVSaL1y3kqVlAcam3nHgaR58ATUETZ\n": {"filename": "https://drive.google.com/uc?export=view&id=1uUUVSaL1y3kqVlAcam3nHgaR58ATUETZ\n", "size": -1, "regions": [{"shape_attributes": {"name": "rect", "x": 198, "y": 302, "width": 12, "height": 12}, "region_attributes": {"Intersection": "1"}}, {"shape_attributes": {"name": "rect", "x": 201, "y": 188, "width": 10, "height": 8}, "region_attributes": {"Intersection": "2"}}, {"shape_attributes": {"name": "rect", "x": 659, "y": 299, "width": 11, "height": 14}, "region_attributes": {"Intersection": "3"}}, {"shape_attributes": {"name": "rect", "x": 658, "y": 185, "width": 16, "height": 13}, "region_attributes": {"Intersection": "4"}}], "file_attributes": {"neighborhood": "Core"}}, "https://drive.google.com/uc?export=view&id=1OUTv1MwWdEGhw-n_NRBMc8Ylnz8LbFM7\n": {"filename": "https://drive.google.com/uc?export=view&id=1OUTv1MwWdEGhw-n_NRBMc8Ylnz8LbFM7\n", "size": -1, "regions": [{"shape_attributes": {"name": "rect", "x": 192, "y": 293, "width": 12, "height": 14}, "region_attributes": {"Intersection": "1"}}, {"shape_attributes": {"name": "rect", "x": 195, "y": 178, "width": 10, "height": 8}, "region_attributes": {"Intersection": "2"}}, {"shape_attributes": {"name": "rect", "x": 666, "y": 299, "width": 11, "height": 14}, "region_attributes": {"Intersection": "3"}}, {"shape_attributes": {"name": "rect", "x": 667, "y": 179, "width": 16, "height": 13}, "region_attributes": {"Intersection": "4"}}], "file_attributes": {"neighborhood": "Core"}}, "https://drive.google.com/uc?export=view&id=1LhDtVr39IAZao3T2JU1q4m-vkfkaE8rZ\n": {"filename": "https://drive.google.com/uc?export=view&id=1LhDtVr39IAZao3T2JU1q4m-vkfkaE8rZ\n", "size": -1, "regions": [{"shape_attributes": {"name": "rect", "x": 197, "y": 294, "width": 12, "height": 14}, "region_attributes": {"Intersection": "1"}}, {"shape_attributes": {"name": "rect", "x": 201, "y": 179, "width": 10, "height": 8}, "region_attributes": {"Intersection": "2"}}, {"shape_attributes": {"name": "rect", "x": 675, "y": 294, "width": 11, "height": 14}, "region_attributes": {"Intersection": "3"}}, {"shape_attributes": {"name": "rect", "x": 673, "y": 175, "width": 16, "height": 13}, "region_attributes": {"Intersection": "4"}}], "file_attributes": {"neighborhood": "Core"}}, "https://drive.google.com/uc?export=view&id=1V7-vADUDfhpxK2OkDXzVD1c2p8iw6vaH\n": {"filename": "https://drive.google.com/uc?export=view&id=1V7-vADUDfhpxK2OkDXzVD1c2p8iw6vaH\n", "size": -1, "regions": [{"shape_attributes": {"name": "rect", "x": 202, "y": 306, "width": 12, "height": 14}, "region_attributes": {"Intersection": "1"}}, {"shape_attributes": {"name": "rect", "x": 205, "y": 191, "width": 10, "height": 8}, "region_attributes": {"Intersection": "2"}}, {"shape_attributes": {"name": "rect", "x": 678, "y": 305, "width": 11, "height": 14}, "region_attributes": {"Intersection": "3"}}, {"shape_attributes": {"name": "rect", "x": 677, "y": 186, "width": 16, "height": 13}, "region_attributes": {"Intersection": "4"}}], "file_attributes": {"neighborhood": "Core"}}}, "_via_attributes": {"region": {"Intersection": {"type": "dropdown", "description": "", "options": {"1": "Front_Broadway", "2": "Front_B", "3": "11th_Broadway", "4": "11th_B"}, "default_options": {"2": true}}}, "file": {"neighborhood": {"type": "text", "description": "", "default_value": "Core"}}}, "_via_data_format_version": "2.0.10", "_via_image_id_list": ["https://drive.google.com/uc?export=view&id=1SN7akRhgzmSiBwA18GM-1L64ed999gDp\n", "https://drive.google.com/uc?export=view&id=1togSan8igrYznfGzXRpAEDR8YP8w8_KC\n", "https://drive.google.com/uc?export=view&id=12XquwoO26jiu6jzbqgLPDKjGY4Z7yi-i\n", "https://drive.google.com/uc?export=view&id=1vy_UojvJq5lLE3accBTqrjAOptliLD2s\n", "https://drive.google.com/uc?export=view&id=1Nnc12BsNS1mcy1lro_SPDcgZ061HeHCx\n", "https://drive.google.com/uc?export=view&id=1svhsf_oHSq6BPtHLQSTThJVBN4CrBnGU\n", "https://drive.google.com/uc?export=view&id=1XgXzKJr2kqJDKutsj20EJVKplhpaIq-3\n", "https://drive.google.com/uc?export=view&id=1uUUVSaL1y3kqVlAcam3nHgaR58ATUETZ\n", "https://drive.google.com/uc?export=view&id=1OUTv1MwWdEGhw-n_NRBMc8Ylnz8LbFM7\n", "https://drive.google.com/uc?export=view&id=1LhDtVr39IAZao3T2JU1q4m-vkfkaE8rZ\n", "https://drive.google.com/uc?export=view&id=1V7-vADUDfhpxK2OkDXzVD1c2p8iw6vaH\n"]}