{"_via_settings": {"ui": {"annotation_editor_height": 25, "annotation_editor_fontsize": 0.8, "leftsidebar_width": 18, "image_grid": {"img_height": 80, "rshape_fill": "none", "rshape_fill_opacity": 0.3, "rshape_stroke": "yellow", "rshape_stroke_width": 2, "show_region_shape": true, "show_image_policy": "all"}, "image": {"region_label": "__via_region_id__", "region_color": "__via_default_region_color__", "region_label_font": "10px Sans", "on_image_annotation_editor_placement": "NEAR_REGION"}}, "core": {"buffer_size": 18, "filepath": {}, "default_filepath": ""}, "project": {"name": "East Village_2019_gcp"}}, "_via_img_metadata": {"https://drive.google.com/uc?export=view&id=1LQ_PRKI0k0LimFVuGAI_wEfuiJq6c6Yn\n": {"filename": "https://drive.google.com/uc?export=view&id=1LQ_PRKI0k0LimFVuGAI_wEfuiJq6c6Yn\n", "size": -1, "regions": [{"shape_attributes": {"name": "rect", "x": 91, "y": 477, "width": 12, "height": 13}, "region_attributes": {"Intersection": "1"}}, {"shape_attributes": {"name": "rect", "x": 582, "y": 480, "width": 13, "height": 11}, "region_attributes": {"Intersection": "2"}}, {"shape_attributes": {"name": "rect", "x": 584, "y": 262, "width": 13, "height": 14}, "region_attributes": {"Intersection": "3"}}, {"shape_attributes": {"name": "rect", "x": 92, "y": 265, "width": 13, "height": 13}, "region_attributes": {"Intersection": "4"}}], "file_attributes": {"neighborhood": "East Village"}}, "https://drive.google.com/uc?export=view&id=1MisQCJiDe2LpfZ-LlgGuRVVkAYNMiYjQ\n": {"filename": "https://drive.google.com/uc?export=view&id=1MisQCJiDe2LpfZ-LlgGuRVVkAYNMiYjQ\n", "size": -1, "regions": [{"shape_attributes": {"name": "rect", "x": 123, "y": 473, "width": 12, "height": 13}, "region_attributes": {"Intersection": "1"}}, {"shape_attributes": {"name": "rect", "x": 616, "y": 476, "width": 13, "height": 11}, "region_attributes": {"Intersection": "2"}}, {"shape_attributes": {"name": "rect", "x": 618, "y": 259, "width": 13, "height": 14}, "region_attributes": {"Intersection": "3"}}, {"shape_attributes": {"name": "rect", "x": 125, "y": 259, "width": 13, "height": 13}, "region_attributes": {"Intersection": "4"}}], "file_attributes": {"neighborhood": "East Village"}}, "https://drive.google.com/uc?export=view&id=1Jf_LL8gBgCUjvVw55aLLidO0D7zXIzC7\n": {"filename": "https://drive.google.com/uc?export=view&id=1Jf_LL8gBgCUjvVw55aLLidO0D7zXIzC7\n", "size": -1, "regions": [{"shape_attributes": {"name": "rect", "x": 120, "y": 475, "width": 12, "height": 13}, "region_attributes": {"Intersection": "1"}}, {"shape_attributes": {"name": "rect", "x": 611, "y": 476, "width": 13, "height": 11}, "region_attributes": {"Intersection": "2"}}, {"shape_attributes": {"name": "rect", "x": 612, "y": 259, "width": 13, "height": 14}, "region_attributes": {"Intersection": "3"}}, {"shape_attributes": {"name": "rect", "x": 121, "y": 259, "width": 13, "height": 13}, "region_attributes": {"Intersection": "4"}}], "file_attributes": {"neighborhood": "East Village"}}, "https://drive.google.com/uc?export=view&id=1wol81xePB0Akl-6boE0wPYy5CI2J5rw4\n": {"filename": "https://drive.google.com/uc?export=view&id=1wol81xePB0Akl-6boE0wPYy5CI2J5rw4\n", "size": -1, "regions": [{"shape_attributes": {"name": "rect", "x": 128, "y": 483, "width": 12, "height": 13}, "region_attributes": {"Intersection": "1"}}, {"shape_attributes": {"name": "rect", "x": 619, "y": 483, "width": 13, "height": 11}, "region_attributes": {"Intersection": "2"}}, {"shape_attributes": {"name": "rect", "x": 621, "y": 267, "width": 13, "height": 14}, "region_attributes": {"Intersection": "3"}}, {"shape_attributes": {"name": "rect", "x": 128, "y": 268, "width": 13, "height": 13}, "region_attributes": {"Intersection": "4"}}], "file_attributes": {"neighborhood": "East Village"}}, "https://drive.google.com/uc?export=view&id=1nV2LyKCyUSpAsGk6xkbQ87lVkUlj_OPQ\n": {"filename": "https://drive.google.com/uc?export=view&id=1nV2LyKCyUSpAsGk6xkbQ87lVkUlj_OPQ\n", "size": -1, "regions": [{"shape_attributes": {"name": "rect", "x": 121, "y": 485, "width": 12, "height": 13}, "region_attributes": {"Intersection": "1"}}, {"shape_attributes": {"name": "rect", "x": 612, "y": 485, "width": 13, "height": 11}, "region_attributes": {"Intersection": "2"}}, {"shape_attributes": {"name": "rect", "x": 613, "y": 269, "width": 13, "height": 14}, "region_attributes": {"Intersection": "3"}}, {"shape_attributes": {"name": "rect", "x": 123, "y": 270, "width": 13, "height": 13}, "region_attributes": {"Intersection": "4"}}], "file_attributes": {"neighborhood": "East Village"}}, "https://drive.google.com/uc?export=view&id=1dkMoB5G5SqSuXqrnGEtNwp4g5fkarDYy\n": {"filename": "https://drive.google.com/uc?export=view&id=1dkMoB5G5SqSuXqrnGEtNwp4g5fkarDYy\n", "size": -1, "regions": [{"shape_attributes": {"name": "rect", "x": 157, "y": 467, "width": 12, "height": 13}, "region_attributes": {"Intersection": "1"}}, {"shape_attributes": {"name": "rect", "x": 646, "y": 464, "width": 13, "height": 11}, "region_attributes": {"Intersection": "2"}}, {"shape_attributes": {"name": "rect", "x": 648, "y": 247, "width": 13, "height": 14}, "region_attributes": {"Intersection": "3"}}, {"shape_attributes": {"name": "rect", "x": 159, "y": 250, "width": 13, "height": 13}, "region_attributes": {"Intersection": "4"}}], "file_attributes": {"neighborhood": "East Village"}}, "https://drive.google.com/uc?export=view&id=1aaoQk_9m4bhHQDtv1cJvBlErCTdcQMoi\n": {"filename": "https://drive.google.com/uc?export=view&id=1aaoQk_9m4bhHQDtv1cJvBlErCTdcQMoi\n", "size": -1, "regions": [{"shape_attributes": {"name": "rect", "x": 126, "y": 478, "width": 12, "height": 13}, "region_attributes": {"Intersection": "1"}}, {"shape_attributes": {"name": "rect", "x": 617, "y": 483, "width": 13, "height": 11}, "region_attributes": {"Intersection": "2"}}, {"shape_attributes": {"name": "rect", "x": 618, "y": 265, "width": 13, "height": 14}, "region_attributes": {"Intersection": "3"}}, {"shape_attributes": {"name": "rect", "x": 129, "y": 264, "width": 13, "height": 13}, "region_attributes": {"Intersection": "4"}}], "file_attributes": {"neighborhood": "East Village"}}, "https://drive.google.com/uc?export=view&id=1DNhro3EZhc8FBJSwbevTdi02J2fm4Q_y\n": {"filename": "https://drive.google.com/uc?export=view&id=1DNhro3EZhc8FBJSwbevTdi02J2fm4Q_y\n", "size": -1, "regions": [{"shape_attributes": {"name": "rect", "x": 127, "y": 476, "width": 12, "height": 13}, "region_attributes": {"Intersection": "1"}}, {"shape_attributes": {"name": "rect", "x": 601, "y": 474, "width": 13, "height": 11}, "region_attributes": {"Intersection": "2"}}, {"shape_attributes": {"name": "rect", "x": 605, "y": 262, "width": 13, "height": 14}, "region_attributes": {"Intersection": "3"}}, {"shape_attributes": {"name": "rect", "x": 129, "y": 267, "width": 13, "height": 13}, "region_attributes": {"Intersection": "4"}}], "file_attributes": {"neighborhood": "East Village"}}, "https://drive.google.com/uc?export=view&id=192YWD-z6GXrwxZ6yKa7y3seAU7uevPhL\n": {"filename": "https://drive.google.com/uc?export=view&id=192YWD-z6GXrwxZ6yKa7y3seAU7uevPhL\n", "size": -1, "regions": [{"shape_attributes": {"name": "rect", "x": 109, "y": 471, "width": 12, "height": 13}, "region_attributes": {"Intersection": "1"}}, {"shape_attributes": {"name": "rect", "x": 601, "y": 477, "width": 13, "height": 11}, "region_attributes": {"Intersection": "2"}}, {"shape_attributes": {"name": "rect", "x": 605, "y": 259, "width": 13, "height": 14}, "region_attributes": {"Intersection": "3"}}, {"shape_attributes": {"name": "rect", "x": 112, "y": 255, "width": 13, "height": 13}, "region_attributes": {"Intersection": "4"}}], "file_attributes": {"neighborhood": "East Village"}}, "https://drive.google.com/uc?export=view&id=12kKk06fOSIXauqYt0dX13i26pl_zTJrU\n": {"filename": "https://drive.google.com/uc?export=view&id=12kKk06fOSIXauqYt0dX13i26pl_zTJrU\n", "size": -1, "regions": [{"shape_attributes": {"name": "rect", "x": 126, "y": 474, "width": 12, "height": 13}, "region_attributes": {"Intersection": "1"}}, {"shape_attributes": {"name": "rect", "x": 616, "y": 474, "width": 13, "height": 11}, "region_attributes": {"Intersection": "2"}}, {"shape_attributes": {"name": "rect", "x": 616, "y": 260, "width": 13, "height": 14}, "region_attributes": {"Intersection": "3"}}, {"shape_attributes": {"name": "rect", "x": 124, "y": 259, "width": 13, "height": 13}, "region_attributes": {"Intersection": "4"}}], "file_attributes": {"neighborhood": "East Village"}}, "https://drive.google.com/uc?export=view&id=1DjMrlyK7EPpFi241qQtCAylH6S2QN0eS\n": {"filename": "https://drive.google.com/uc?export=view&id=1DjMrlyK7EPpFi241qQtCAylH6S2QN0eS\n", "size": -1, "regions": [{"shape_attributes": {"name": "rect", "x": 129, "y": 487, "width": 12, "height": 13}, "region_attributes": {"Intersection": "1"}}, {"shape_attributes": {"name": "rect", "x": 620, "y": 487, "width": 13, "height": 11}, "region_attributes": {"Intersection": "2"}}, {"shape_attributes": {"name": "rect", "x": 620, "y": 271, "width": 13, "height": 14}, "region_attributes": {"Intersection": "3"}}, {"shape_attributes": {"name": "rect", "x": 128, "y": 274, "width": 13, "height": 13}, "region_attributes": {"Intersection": "4"}}], "file_attributes": {"neighborhood": "East Village"}}}, "_via_attributes": {"region": {"Intersection": {"type": "dropdown", "description": "", "options": {"1": "7th_Market", "2": "16th_Market", "3": "16th_E", "4": "7th_E"}, "default_options": {}}}, "file": {"neighborhood": {"type": "text", "description": "", "default_value": "East Village"}}}, "_via_data_format_version": "2.0.10", "_via_image_id_list": ["https://drive.google.com/uc?export=view&id=1LQ_PRKI0k0LimFVuGAI_wEfuiJq6c6Yn\n", "https://drive.google.com/uc?export=view&id=1MisQCJiDe2LpfZ-LlgGuRVVkAYNMiYjQ\n", "https://drive.google.com/uc?export=view&id=1Jf_LL8gBgCUjvVw55aLLidO0D7zXIzC7\n", "https://drive.google.com/uc?export=view&id=1wol81xePB0Akl-6boE0wPYy5CI2J5rw4\n", "https://drive.google.com/uc?export=view&id=1nV2LyKCyUSpAsGk6xkbQ87lVkUlj_OPQ\n", "https://drive.google.com/uc?export=view&id=1dkMoB5G5SqSuXqrnGEtNwp4g5fkarDYy\n", "https://drive.google.com/uc?export=view&id=1aaoQk_9m4bhHQDtv1cJvBlErCTdcQMoi\n", "https://drive.google.com/uc?export=view&id=1DNhro3EZhc8FBJSwbevTdi02J2fm4Q_y\n", "https://drive.google.com/uc?export=view&id=192YWD-z6GXrwxZ6yKa7y3seAU7uevPhL\n", "https://drive.google.com/uc?export=view&id=12kKk06fOSIXauqYt0dX13i26pl_zTJrU\n", "https://drive.google.com/uc?export=view&id=1DjMrlyK7EPpFi241qQtCAylH6S2QN0eS\n"]}