{"_via_settings": {"ui": {"annotation_editor_height": 25, "annotation_editor_fontsize": 0.8, "leftsidebar_width": 18, "image_grid": {"img_height": 80, "rshape_fill": "none", "rshape_fill_opacity": 0.3, "rshape_stroke": "yellow", "rshape_stroke_width": 2, "show_region_shape": true, "show_image_policy": "all"}, "image": {"region_label": "__via_region_id__", "region_color": "__via_default_region_color__", "region_label_font": "10px Sans", "on_image_annotation_editor_placement": "NEAR_REGION"}}, "core": {"buffer_size": 18, "filepath": {}, "default_filepath": ""}, "project": {"name": "East Village South_2018_gcp"}}, "_via_img_metadata": {"https://drive.google.com/uc?export=view&id=1lEWWwRjmjRlvrZOX7-vz16cCKCEGQ33t\n": {"filename": "https://drive.google.com/uc?export=view&id=1lEWWwRjmjRlvrZOX7-vz16cCKCEGQ33t\n", "size": -1, "regions": [{"shape_attributes": {"name": "rect", "x": 812, "y": 801, "width": 81, "height": 91}, "region_attributes": {"Intersection": "1"}}, {"shape_attributes": {"name": "rect", "x": 3373, "y": 791, "width": 91, "height": 102}, "region_attributes": {"Intersection": "4"}}, {"shape_attributes": {"name": "rect", "x": 796, "y": 2351, "width": 86, "height": 70}, "region_attributes": {"Intersection": "3"}}, {"shape_attributes": {"name": "rect", "x": 3383, "y": 2383, "width": 86, "height": 86}, "region_attributes": {"Intersection": "2"}}], "file_attributes": {"neighborhood": "East Village South"}}, "https://drive.google.com/uc?export=view&id=1ucKDy0FS-OeoOL8jOBU6Ghsfo2GBysZ7\n": {"filename": "https://drive.google.com/uc?export=view&id=1ucKDy0FS-OeoOL8jOBU6Ghsfo2GBysZ7\n", "size": -1, "regions": [{"shape_attributes": {"name": "rect", "x": 850, "y": 849, "width": 81, "height": 91}, "region_attributes": {"Intersection": "1"}}, {"shape_attributes": {"name": "rect", "x": 3427, "y": 818, "width": 91, "height": 102}, "region_attributes": {"Intersection": "4"}}, {"shape_attributes": {"name": "rect", "x": 845, "y": 2329, "width": 65, "height": 97}, "region_attributes": {"Intersection": "3"}}, {"shape_attributes": {"name": "rect", "x": 3453, "y": 2415, "width": 86, "height": 86}, "region_attributes": {"Intersection": "2"}}], "file_attributes": {"neighborhood": "East Village South"}}, "https://drive.google.com/uc?export=view&id=1APCQlbC3LocAh9MKy25cTzXEJP-fFMZU\n": {"filename": "https://drive.google.com/uc?export=view&id=1APCQlbC3LocAh9MKy25cTzXEJP-fFMZU\n", "size": -1, "regions": [{"shape_attributes": {"name": "rect", "x": 812, "y": 801, "width": 81, "height": 91}, "region_attributes": {"Intersection": "1"}}, {"shape_attributes": {"name": "rect", "x": 3373, "y": 791, "width": 91, "height": 102}, "region_attributes": {"Intersection": "4"}}, {"shape_attributes": {"name": "rect", "x": 796, "y": 2351, "width": 86, "height": 70}, "region_attributes": {"Intersection": "3"}}, {"shape_attributes": {"name": "rect", "x": 3383, "y": 2383, "width": 86, "height": 86}, "region_attributes": {"Intersection": "2"}}], "file_attributes": {"neighborhood": "East Village South"}}, "https://drive.google.com/uc?export=view&id=1LhzAVWYLi3g5tWu4hTAa5kHvU_jln8uj\n": {"filename": "https://drive.google.com/uc?export=view&id=1LhzAVWYLi3g5tWu4hTAa5kHvU_jln8uj\n", "size": -1, "regions": [{"shape_attributes": {"name": "rect", "x": 812, "y": 801, "width": 81, "height": 91}, "region_attributes": {"Intersection": "1"}}, {"shape_attributes": {"name": "rect", "x": 3373, "y": 791, "width": 91, "height": 102}, "region_attributes": {"Intersection": "4"}}, {"shape_attributes": {"name": "rect", "x": 796, "y": 2351, "width": 86, "height": 70}, "region_attributes": {"Intersection": "3"}}, {"shape_attributes": {"name": "rect", "x": 3383, "y": 2383, "width": 86, "height": 86}, "region_attributes": {"Intersection": "2"}}], "file_attributes": {"neighborhood": "East Village South"}}, "https://drive.google.com/uc?export=view&id=1dvcSgHl_JeVCVHFil4_JOqV3IG9WmVQR\n": {"filename": "https://drive.google.com/uc?export=view&id=1dvcSgHl_JeVCVHFil4_JOqV3IG9WmVQR\n", "size": -1, "regions": [{"shape_attributes": {"name": "rect", "x": 850, "y": 844, "width": 81, "height": 91}, "region_attributes": {"Intersection": "1"}}, {"shape_attributes": {"name": "rect", "x": 3421, "y": 834, "width": 91, "height": 102}, "region_attributes": {"Intersection": "4"}}, {"shape_attributes": {"name": "rect", "x": 850, "y": 2405, "width": 86, "height": 70}, "region_attributes": {"Intersection": "3"}}, {"shape_attributes": {"name": "rect", "x": 3426, "y": 2426, "width": 86, "height": 86}, "region_attributes": {"Intersection": "2"}}], "file_attributes": {"neighborhood": "East Village South"}}}, "_via_attributes": {"region": {"Intersection": {"type": "dropdown", "description": "", "options": {"1": "7th_Market", "2": "16th_Imperial", "3": "7th_Imperial", "4": "16th_Market"}, "default_options": {}}}, "file": {"neighborhood": {"type": "text", "description": "", "default_value": "East Village South"}}}, "_via_data_format_version": "2.0.10", "_via_image_id_list": ["https://drive.google.com/uc?export=view&id=1lEWWwRjmjRlvrZOX7-vz16cCKCEGQ33t\n", "https://drive.google.com/uc?export=view&id=1ucKDy0FS-OeoOL8jOBU6Ghsfo2GBysZ7\n", "https://drive.google.com/uc?export=view&id=1APCQlbC3LocAh9MKy25cTzXEJP-fFMZU\n", "https://drive.google.com/uc?export=view&id=1LhzAVWYLi3g5tWu4hTAa5kHvU_jln8uj\n", "https://drive.google.com/uc?export=view&id=1dvcSgHl_JeVCVHFil4_JOqV3IG9WmVQR\n"]}