{"_via_settings": {"ui": {"annotation_editor_height": 25, "annotation_editor_fontsize": 0.8, "leftsidebar_width": 18, "image_grid": {"img_height": 80, "rshape_fill": "none", "rshape_fill_opacity": 0.3, "rshape_stroke": "yellow", "rshape_stroke_width": 2, "show_region_shape": true, "show_image_policy": "all"}, "image": {"region_label": "__via_region_id__", "region_color": "__via_default_region_color__", "region_label_font": "10px Sans", "on_image_annotation_editor_placement": "NEAR_REGION"}}, "core": {"buffer_size": 18, "filepath": {}, "default_filepath": ""}, "project": {"name": "Gaslamp_2019_gcp"}}, "_via_img_metadata": {"https://drive.google.com/uc?export=view&id=19hJ6AujQX1udDQ-XYsoAVRUVPADmUC_n\n": {"filename": "https://drive.google.com/uc?export=view&id=19hJ6AujQX1udDQ-XYsoAVRUVPADmUC_n\n", "size": -1, "regions": [{"shape_attributes": {"name": "rect", "x": 657, "y": 45, "width": 23, "height": 12}, "region_attributes": {"Intersection": "2"}}, {"shape_attributes": {"name": "rect", "x": 656, "y": 415, "width": 18, "height": 11}, "region_attributes": {"Intersection": "1"}}, {"shape_attributes": {"name": "rect", "x": 473, "y": 414, "width": 17, "height": 11}, "region_attributes": {"Intersection": "3"}}, {"shape_attributes": {"name": "rect", "x": 473, "y": 44, "width": 20, "height": 12}, "region_attributes": {"Intersection": "4"}}], "file_attributes": {"neighborhood": "Gaslamp"}}, "https://drive.google.com/uc?export=view&id=12xeUBGjhvEbaoIPcFqleh0AEwMg22Dkn\n": {"filename": "https://drive.google.com/uc?export=view&id=12xeUBGjhvEbaoIPcFqleh0AEwMg22Dkn\n", "size": -1, "regions": [{"shape_attributes": {"name": "rect", "x": 658, "y": 43, "width": 23, "height": 12}, "region_attributes": {"Intersection": "2"}}, {"shape_attributes": {"name": "rect", "x": 658, "y": 412, "width": 18, "height": 11}, "region_attributes": {"Intersection": "1"}}, {"shape_attributes": {"name": "rect", "x": 475, "y": 411, "width": 17, "height": 11}, "region_attributes": {"Intersection": "3"}}, {"shape_attributes": {"name": "rect", "x": 476, "y": 43, "width": 20, "height": 12}, "region_attributes": {"Intersection": "4"}}], "file_attributes": {"neighborhood": "Gaslamp"}}, "https://drive.google.com/uc?export=view&id=1qfexE1s5JaROnLSl6mzMWELGeWw2QPPd\n": {"filename": "https://drive.google.com/uc?export=view&id=1qfexE1s5JaROnLSl6mzMWELGeWw2QPPd\n", "size": -1, "regions": [{"shape_attributes": {"name": "rect", "x": 657, "y": 37, "width": 23, "height": 12}, "region_attributes": {"Intersection": "2"}}, {"shape_attributes": {"name": "rect", "x": 656, "y": 408, "width": 19, "height": 11}, "region_attributes": {"Intersection": "1"}}, {"shape_attributes": {"name": "rect", "x": 473, "y": 409, "width": 17, "height": 11}, "region_attributes": {"Intersection": "3"}}, {"shape_attributes": {"name": "rect", "x": 473, "y": 40, "width": 20, "height": 12}, "region_attributes": {"Intersection": "4"}}], "file_attributes": {"neighborhood": "Gaslamp"}}, "https://drive.google.com/uc?export=view&id=1NHbYSYrGGoNqtQorGAuBLbbUElMlN6b6\n": {"filename": "https://drive.google.com/uc?export=view&id=1NHbYSYrGGoNqtQorGAuBLbbUElMlN6b6\n", "size": -1, "regions": [{"shape_attributes": {"name": "rect", "x": 668, "y": 50, "width": 23, "height": 12}, "region_attributes": {"Intersection": "2"}}, {"shape_attributes": {"name": "rect", "x": 665, "y": 419, "width": 18, "height": 11}, "region_attributes": {"Intersection": "1"}}, {"shape_attributes": {"name": "rect", "x": 481, "y": 421, "width": 17, "height": 11}, "region_attributes": {"Intersection": "3"}}, {"shape_attributes": {"name": "rect", "x": 481, "y": 51, "width": 20, "height": 12}, "region_attributes": {"Intersection": "4"}}], "file_attributes": {"neighborhood": "Gaslamp"}}, "https://drive.google.com/uc?export=view&id=10tL6u70igQTh58xfV1A0ZuQ8KzsW-Yso\n": {"filename": "https://drive.google.com/uc?export=view&id=10tL6u70igQTh58xfV1A0ZuQ8KzsW-Yso\n", "size": -1, "regions": [{"shape_attributes": {"name": "rect", "x": 657, "y": 48, "width": 23, "height": 12}, "region_attributes": {"Intersection": "2"}}, {"shape_attributes": {"name": "rect", "x": 656, "y": 419, "width": 18, "height": 11}, "region_attributes": {"Intersection": "1"}}, {"shape_attributes": {"name": "rect", "x": 473, "y": 419, "width": 17, "height": 11}, "region_attributes": {"Intersection": "3"}}, {"shape_attributes": {"name": "rect", "x": 472, "y": 50, "width": 20, "height": 12}, "region_attributes": {"Intersection": "4"}}], "file_attributes": {"neighborhood": "Gaslamp"}}, "https://drive.google.com/uc?export=view&id=1L3PZRtvOY3D-0zpv8rwjLo45e-4Z1lgw\n": {"filename": "https://drive.google.com/uc?export=view&id=1L3PZRtvOY3D-0zpv8rwjLo45e-4Z1lgw\n", "size": -1, "regions": [{"shape_attributes": {"name": "rect", "x": 690, "y": 30, "width": 23, "height": 12}, "region_attributes": {"Intersection": "2"}}, {"shape_attributes": {"name": "rect", "x": 691, "y": 396, "width": 18, "height": 11}, "region_attributes": {"Intersection": "1"}}, {"shape_attributes": {"name": "rect", "x": 508, "y": 397, "width": 17, "height": 11}, "region_attributes": {"Intersection": "3"}}, {"shape_attributes": {"name": "rect", "x": 506, "y": 32, "width": 20, "height": 12}, "region_attributes": {"Intersection": "4"}}], "file_attributes": {"neighborhood": "Gaslamp"}}, "https://drive.google.com/uc?export=view&id=1NVz66Dpk9dYLNKhPzuXXAaNHnIBLQErA\n": {"filename": "https://drive.google.com/uc?export=view&id=1NVz66Dpk9dYLNKhPzuXXAaNHnIBLQErA\n", "size": -1, "regions": [{"shape_attributes": {"name": "rect", "x": 663, "y": 51, "width": 23, "height": 12}, "region_attributes": {"Intersection": "2"}}, {"shape_attributes": {"name": "rect", "x": 661, "y": 421, "width": 18, "height": 11}, "region_attributes": {"Intersection": "1"}}, {"shape_attributes": {"name": "rect", "x": 480, "y": 421, "width": 17, "height": 11}, "region_attributes": {"Intersection": "3"}}, {"shape_attributes": {"name": "rect", "x": 480, "y": 51, "width": 20, "height": 12}, "region_attributes": {"Intersection": "4"}}], "file_attributes": {"neighborhood": "Gaslamp"}}, "https://drive.google.com/uc?export=view&id=1xpBwB1v7YGYRhdDY9CWfmICC8GjovSKv\n": {"filename": "https://drive.google.com/uc?export=view&id=1xpBwB1v7YGYRhdDY9CWfmICC8GjovSKv\n", "size": -1, "regions": [{"shape_attributes": {"name": "rect", "x": 649, "y": 56, "width": 23, "height": 12}, "region_attributes": {"Intersection": "2"}}, {"shape_attributes": {"name": "rect", "x": 640, "y": 410, "width": 17, "height": 11}, "region_attributes": {"Intersection": "1"}}, {"shape_attributes": {"name": "rect", "x": 463, "y": 410, "width": 17, "height": 11}, "region_attributes": {"Intersection": "3"}}, {"shape_attributes": {"name": "rect", "x": 469, "y": 54, "width": 20, "height": 12}, "region_attributes": {"Intersection": "4"}}], "file_attributes": {"neighborhood": "Gaslamp"}}, "https://drive.google.com/uc?export=view&id=1BByCXYvqWLSzaj7KX8SwT-sd6CPZ7y_4\n": {"filename": "https://drive.google.com/uc?export=view&id=1BByCXYvqWLSzaj7KX8SwT-sd6CPZ7y_4\n", "size": -1, "regions": [{"shape_attributes": {"name": "rect", "x": 652, "y": 43, "width": 23, "height": 12}, "region_attributes": {"Intersection": "2"}}, {"shape_attributes": {"name": "rect", "x": 646, "y": 413, "width": 18, "height": 11}, "region_attributes": {"Intersection": "1"}}, {"shape_attributes": {"name": "rect", "x": 464, "y": 411, "width": 17, "height": 11}, "region_attributes": {"Intersection": "3"}}, {"shape_attributes": {"name": "rect", "x": 469, "y": 44, "width": 20, "height": 12}, "region_attributes": {"Intersection": "4"}}], "file_attributes": {"neighborhood": "Gaslamp"}}, "https://drive.google.com/uc?export=view&id=1PXxMIwP6y-DFQfYUCAop_Uut9PALVuWl\n": {"filename": "https://drive.google.com/uc?export=view&id=1PXxMIwP6y-DFQfYUCAop_Uut9PALVuWl\n", "size": -1, "regions": [{"shape_attributes": {"name": "rect", "x": 659, "y": 43, "width": 23, "height": 12}, "region_attributes": {"Intersection": "2"}}, {"shape_attributes": {"name": "rect", "x": 658, "y": 409, "width": 18, "height": 11}, "region_attributes": {"Intersection": "1"}}, {"shape_attributes": {"name": "rect", "x": 478, "y": 409, "width": 17, "height": 11}, "region_attributes": {"Intersection": "3"}}, {"shape_attributes": {"name": "rect", "x": 476, "y": 43, "width": 20, "height": 12}, "region_attributes": {"Intersection": "4"}}], "file_attributes": {"neighborhood": "Gaslamp"}}, "https://drive.google.com/uc?export=view&id=15iDXSOmiEzCMZ2Rsd8I95KPm0cnlh1bh\n": {"filename": "https://drive.google.com/uc?export=view&id=15iDXSOmiEzCMZ2Rsd8I95KPm0cnlh1bh\n", "size": -1, "regions": [{"shape_attributes": {"name": "rect", "x": 662, "y": 54, "width": 23, "height": 12}, "region_attributes": {"Intersection": "2"}}, {"shape_attributes": {"name": "rect", "x": 663, "y": 421, "width": 18, "height": 11}, "region_attributes": {"Intersection": "1"}}, {"shape_attributes": {"name": "rect", "x": 482, "y": 423, "width": 17, "height": 11}, "region_attributes": {"Intersection": "3"}}, {"shape_attributes": {"name": "rect", "x": 478, "y": 54, "width": 20, "height": 12}, "region_attributes": {"Intersection": "4"}}], "file_attributes": {"neighborhood": "Gaslamp"}}}, "_via_attributes": {"region": {"Intersection": {"type": "dropdown", "description": "", "options": {"1": "6th_K", "2": "6th_Broadway", "3": "4th_K", "4": "4th_Broadway"}, "default_options": {}}}, "file": {"neighborhood": {"type": "text", "description": "", "default_value": "Gaslamp"}}}, "_via_data_format_version": "2.0.10", "_via_image_id_list": ["https://drive.google.com/uc?export=view&id=19hJ6AujQX1udDQ-XYsoAVRUVPADmUC_n\n", "https://drive.google.com/uc?export=view&id=12xeUBGjhvEbaoIPcFqleh0AEwMg22Dkn\n", "https://drive.google.com/uc?export=view&id=1qfexE1s5JaROnLSl6mzMWELGeWw2QPPd\n", "https://drive.google.com/uc?export=view&id=1NHbYSYrGGoNqtQorGAuBLbbUElMlN6b6\n", "https://drive.google.com/uc?export=view&id=10tL6u70igQTh58xfV1A0ZuQ8KzsW-Yso\n", "https://drive.google.com/uc?export=view&id=1L3PZRtvOY3D-0zpv8rwjLo45e-4Z1lgw\n", "https://drive.google.com/uc?export=view&id=1NVz66Dpk9dYLNKhPzuXXAaNHnIBLQErA\n", "https://drive.google.com/uc?export=view&id=1xpBwB1v7YGYRhdDY9CWfmICC8GjovSKv\n", "https://drive.google.com/uc?export=view&id=1BByCXYvqWLSzaj7KX8SwT-sd6CPZ7y_4\n", "https://drive.google.com/uc?export=view&id=1PXxMIwP6y-DFQfYUCAop_Uut9PALVuWl\n", "https://drive.google.com/uc?export=view&id=15iDXSOmiEzCMZ2Rsd8I95KPm0cnlh1bh\n"]}