{"_via_settings": {"ui": {"annotation_editor_height": 25, "annotation_editor_fontsize": 0.8, "leftsidebar_width": 18, "image_grid": {"img_height": 80, "rshape_fill": "none", "rshape_fill_opacity": 0.3, "rshape_stroke": "yellow", "rshape_stroke_width": 2, "show_region_shape": true, "show_image_policy": "all"}, "image": {"region_label": "__via_region_id__", "region_color": "__via_default_region_color__", "region_label_font": "10px Sans", "on_image_annotation_editor_placement": "NEAR_REGION"}}, "core": {"buffer_size": 18, "filepath": {}, "default_filepath": ""}, "project": {"name": "Marina_2018_gcp"}}, "_via_img_metadata": {"https://drive.google.com/uc?export=view&id=1RqlyA8aq-dlLi3oYZK8WcYnDfU4I-EfW\n": {"filename": "https://drive.google.com/uc?export=view&id=1RqlyA8aq-dlLi3oYZK8WcYnDfU4I-EfW\n", "size": -1, "regions": [{"shape_attributes": {"name": "rect", "x": 882, "y": 979, "width": 102, "height": 102}, "region_attributes": {"Intersection": "2"}}, {"shape_attributes": {"name": "rect", "x": 893, "y": 1356, "width": 97, "height": 86}, "region_attributes": {"Intersection": "1"}}, {"shape_attributes": {"name": "rect", "x": 3179, "y": 941, "width": 86, "height": 108}, "region_attributes": {"Intersection": "4"}}, {"shape_attributes": {"name": "rect", "x": 3200, "y": 2501, "width": 81, "height": 86}, "region_attributes": {"Intersection": "3"}}], "file_attributes": {"neighborhood": "Marina"}}, "https://drive.google.com/uc?export=view&id=1dgkEOZqXr3xVBv5ulGdadjNM58pZkEFX\n": {"filename": "https://drive.google.com/uc?export=view&id=1dgkEOZqXr3xVBv5ulGdadjNM58pZkEFX\n", "size": -1, "regions": [{"shape_attributes": {"name": "rect", "x": 930, "y": 1006, "width": 102, "height": 102}, "region_attributes": {"Intersection": "2"}}, {"shape_attributes": {"name": "rect", "x": 893, "y": 1356, "width": 97, "height": 86}, "region_attributes": {"Intersection": "1"}}, {"shape_attributes": {"name": "rect", "x": 3227, "y": 973, "width": 86, "height": 108}, "region_attributes": {"Intersection": "4"}}, {"shape_attributes": {"name": "rect", "x": 3243, "y": 2523, "width": 81, "height": 86}, "region_attributes": {"Intersection": "3"}}], "file_attributes": {"neighborhood": "Marina"}}, "https://drive.google.com/uc?export=view&id=1dRM6E5VtaBNfTu-1FyNy6PBfbx2_E551\n": {"filename": "https://drive.google.com/uc?export=view&id=1dRM6E5VtaBNfTu-1FyNy6PBfbx2_E551\n", "size": -1, "regions": [{"shape_attributes": {"name": "rect", "x": 882, "y": 979, "width": 102, "height": 102}, "region_attributes": {"Intersection": "2"}}, {"shape_attributes": {"name": "rect", "x": 893, "y": 1356, "width": 97, "height": 86}, "region_attributes": {"Intersection": "1"}}, {"shape_attributes": {"name": "rect", "x": 3179, "y": 941, "width": 86, "height": 108}, "region_attributes": {"Intersection": "4"}}, {"shape_attributes": {"name": "rect", "x": 3200, "y": 2501, "width": 81, "height": 86}, "region_attributes": {"Intersection": "3"}}], "file_attributes": {"neighborhood": "Marina"}}, "https://drive.google.com/uc?export=view&id=1khbRaivIl7sZKRQcddNoqflA7wLqx8tj\n": {"filename": "https://drive.google.com/uc?export=view&id=1khbRaivIl7sZKRQcddNoqflA7wLqx8tj\n", "size": -1, "regions": [{"shape_attributes": {"name": "rect", "x": 882, "y": 979, "width": 102, "height": 102}, "region_attributes": {"Intersection": "2"}}, {"shape_attributes": {"name": "rect", "x": 893, "y": 1356, "width": 97, "height": 86}, "region_attributes": {"Intersection": "1"}}, {"shape_attributes": {"name": "rect", "x": 3179, "y": 941, "width": 86, "height": 108}, "region_attributes": {"Intersection": "4"}}, {"shape_attributes": {"name": "rect", "x": 3200, "y": 2501, "width": 81, "height": 86}, "region_attributes": {"Intersection": "3"}}], "file_attributes": {"neighborhood": "Marina"}}, "https://drive.google.com/uc?export=view&id=1l_wfzXcQBudCnzPseF0li5xO_r-2PLN3\n": {"filename": "https://drive.google.com/uc?export=view&id=1l_wfzXcQBudCnzPseF0li5xO_r-2PLN3\n", "size": -1, "regions": [{"shape_attributes": {"name": "rect", "x": 936, "y": 1006, "width": 102, "height": 102}, "region_attributes": {"Intersection": "2"}}, {"shape_attributes": {"name": "rect", "x": 931, "y": 1394, "width": 97, "height": 86}, "region_attributes": {"Intersection": "1"}}, {"shape_attributes": {"name": "rect", "x": 3238, "y": 989, "width": 86, "height": 108}, "region_attributes": {"Intersection": "4"}}, {"shape_attributes": {"name": "rect", "x": 3243, "y": 2544, "width": 81, "height": 86}, "region_attributes": {"Intersection": "3"}}], "file_attributes": {"neighborhood": "Marina"}}}, "_via_attributes": {"region": {"Intersection": {"type": "dropdown", "description": "", "options": {"1": "Ketner_Market", "2": "Ketner_G", "3": "3rd_K", "4": "3rd_G"}, "default_options": {}}}, "file": {"neighborhood": {"type": "text", "description": "", "default_value": "Marina"}}}, "_via_data_format_version": "2.0.10", "_via_image_id_list": ["https://drive.google.com/uc?export=view&id=1RqlyA8aq-dlLi3oYZK8WcYnDfU4I-EfW\n", "https://drive.google.com/uc?export=view&id=1dgkEOZqXr3xVBv5ulGdadjNM58pZkEFX\n", "https://drive.google.com/uc?export=view&id=1dRM6E5VtaBNfTu-1FyNy6PBfbx2_E551\n", "https://drive.google.com/uc?export=view&id=1khbRaivIl7sZKRQcddNoqflA7wLqx8tj\n", "https://drive.google.com/uc?export=view&id=1l_wfzXcQBudCnzPseF0li5xO_r-2PLN3\n"]}