{"_via_settings": {"ui": {"annotation_editor_height": 25, "annotation_editor_fontsize": 0.8, "leftsidebar_width": 18, "image_grid": {"img_height": 80, "rshape_fill": "none", "rshape_fill_opacity": 0.3, "rshape_stroke": "yellow", "rshape_stroke_width": 2, "show_region_shape": true, "show_image_policy": "all"}, "image": {"region_label": "__via_region_id__", "region_color": "__via_default_region_color__", "region_label_font": "10px Sans", "on_image_annotation_editor_placement": "NEAR_REGION"}}, "core": {"buffer_size": 18, "filepath": {}, "default_filepath": ""}, "project": {"name": "Marina_2019_gcp"}}, "_via_img_metadata": {"https://drive.google.com/uc?export=view&id=1w_MIbQSENLw130XMboUkeJAHJ7vx_vqD\n": {"filename": "https://drive.google.com/uc?export=view&id=1w_MIbQSENLw130XMboUkeJAHJ7vx_vqD\n", "size": -1, "regions": [{"shape_attributes": {"name": "rect", "x": 133, "y": 246, "width": 14, "height": 12}, "region_attributes": {"Intersection": "1"}}, {"shape_attributes": {"name": "rect", "x": 134, "y": 177, "width": 13, "height": 17}, "region_attributes": {"Intersection": "2"}}, {"shape_attributes": {"name": "rect", "x": 550, "y": 178, "width": 13, "height": 14}, "region_attributes": {"Intersection": "4"}}, {"shape_attributes": {"name": "rect", "x": 549, "y": 460, "width": 11, "height": 11}, "region_attributes": {"Intersection": "3"}}], "file_attributes": {"neighborhood": "Marina"}}, "https://drive.google.com/uc?export=view&id=18y47noHf-zhJKBLsIz9eZGRwt_yab3wG\n": {"filename": "https://drive.google.com/uc?export=view&id=18y47noHf-zhJKBLsIz9eZGRwt_yab3wG\n", "size": -1, "regions": [{"shape_attributes": {"name": "rect", "x": 165, "y": 175, "width": 14, "height": 11}, "region_attributes": {"Intersection": "2"}}, {"shape_attributes": {"name": "rect", "x": 165, "y": 241, "width": 12, "height": 11}, "region_attributes": {"Intersection": "1"}}, {"shape_attributes": {"name": "rect", "x": 583, "y": 173, "width": 13, "height": 15}, "region_attributes": {"Intersection": "4"}}, {"shape_attributes": {"name": "rect", "x": 581, "y": 453, "width": 13, "height": 12}, "region_attributes": {"Intersection": "3"}}], "file_attributes": {"neighborhood": "Marina"}}, "https://drive.google.com/uc?export=view&id=1CDmmTC4IQ2qXCwO8Om3GOZf7g3sMt4Mk\n": {"filename": "https://drive.google.com/uc?export=view&id=1CDmmTC4IQ2qXCwO8Om3GOZf7g3sMt4Mk\n", "size": -1, "regions": [{"shape_attributes": {"name": "rect", "x": 162, "y": 174, "width": 14, "height": 12}, "region_attributes": {"Intersection": "2"}}, {"shape_attributes": {"name": "rect", "x": 160, "y": 240, "width": 14, "height": 13}, "region_attributes": {"Intersection": "1"}}, {"shape_attributes": {"name": "rect", "x": 578, "y": 171, "width": 14, "height": 14}, "region_attributes": {"Intersection": "4"}}, {"shape_attributes": {"name": "rect", "x": 578, "y": 451, "width": 12, "height": 12}, "region_attributes": {"Intersection": "3"}}], "file_attributes": {"neighborhood": "Marina"}}, "https://drive.google.com/uc?export=view&id=1P_tEKBrXNMdCd-waVE0ETkTbGX_ZKSWI\n": {"filename": "https://drive.google.com/uc?export=view&id=1P_tEKBrXNMdCd-waVE0ETkTbGX_ZKSWI\n", "size": -1, "regions": [{"shape_attributes": {"name": "rect", "x": 169, "y": 184, "width": 16, "height": 15}, "region_attributes": {"Intersection": "2"}}, {"shape_attributes": {"name": "rect", "x": 168, "y": 250, "width": 17, "height": 15}, "region_attributes": {"Intersection": "1"}}, {"shape_attributes": {"name": "rect", "x": 588, "y": 181, "width": 14, "height": 15}, "region_attributes": {"Intersection": "4"}}, {"shape_attributes": {"name": "rect", "x": 587, "y": 461, "width": 13, "height": 12}, "region_attributes": {"Intersection": "3"}}], "file_attributes": {"neighborhood": "Marina"}}, "https://drive.google.com/uc?export=view&id=1_JlHjJXLcS9HBdDojQD-OU5YLcR51SfT\n": {"filename": "https://drive.google.com/uc?export=view&id=1_JlHjJXLcS9HBdDojQD-OU5YLcR51SfT\n", "size": -1, "regions": [{"shape_attributes": {"name": "rect", "x": 163, "y": 184, "width": 14, "height": 14}, "region_attributes": {"Intersection": "2"}}, {"shape_attributes": {"name": "rect", "x": 161, "y": 251, "width": 15, "height": 15}, "region_attributes": {"Intersection": "1"}}, {"shape_attributes": {"name": "rect", "x": 579, "y": 182, "width": 15, "height": 15}, "region_attributes": {"Intersection": "4"}}, {"shape_attributes": {"name": "rect", "x": 579, "y": 459, "width": 13, "height": 14}, "region_attributes": {"Intersection": "3"}}], "file_attributes": {"neighborhood": "Marina"}}, "https://drive.google.com/uc?export=view&id=1hOImT1D1Qk3vBX5AEuwTfJ_87zlwzVvq\n": {"filename": "https://drive.google.com/uc?export=view&id=1hOImT1D1Qk3vBX5AEuwTfJ_87zlwzVvq\n", "size": -1, "regions": [{"shape_attributes": {"name": "rect", "x": 197, "y": 167, "width": 15, "height": 15}, "region_attributes": {"Intersection": "2"}}, {"shape_attributes": {"name": "rect", "x": 197, "y": 234, "width": 15, "height": 15}, "region_attributes": {"Intersection": "1"}}, {"shape_attributes": {"name": "rect", "x": 615, "y": 161, "width": 16, "height": 16}, "region_attributes": {"Intersection": "4"}}, {"shape_attributes": {"name": "rect", "x": 615, "y": 437, "width": 13, "height": 13}, "region_attributes": {"Intersection": "3"}}], "file_attributes": {"neighborhood": "Marina"}}, "https://drive.google.com/uc?export=view&id=15w6ItGIVfcYh2AvuJJGMjTxTeFeIk0wN\n": {"filename": "https://drive.google.com/uc?export=view&id=15w6ItGIVfcYh2AvuJJGMjTxTeFeIk0wN\n", "size": -1, "regions": [{"shape_attributes": {"name": "rect", "x": 167, "y": 186, "width": 14, "height": 14}, "region_attributes": {"Intersection": "2"}}, {"shape_attributes": {"name": "rect", "x": 166, "y": 253, "width": 15, "height": 14}, "region_attributes": {"Intersection": "1"}}, {"shape_attributes": {"name": "rect", "x": 584, "y": 183, "width": 15, "height": 14}, "region_attributes": {"Intersection": "4"}}, {"shape_attributes": {"name": "rect", "x": 584, "y": 460, "width": 13, "height": 14}, "region_attributes": {"Intersection": "3"}}], "file_attributes": {"neighborhood": "Marina"}}, "https://drive.google.com/uc?export=view&id=1KnA6A5RHz3ecQRM6YxTsLE9ogMVCAcQJ\n": {"filename": "https://drive.google.com/uc?export=view&id=1KnA6A5RHz3ecQRM6YxTsLE9ogMVCAcQJ\n", "size": -1, "regions": [{"shape_attributes": {"name": "rect", "x": 168, "y": 185, "width": 15, "height": 14}, "region_attributes": {"Intersection": "2"}}, {"shape_attributes": {"name": "rect", "x": 166, "y": 249, "width": 16, "height": 14}, "region_attributes": {"Intersection": "1"}}, {"shape_attributes": {"name": "rect", "x": 571, "y": 182, "width": 14, "height": 14}, "region_attributes": {"Intersection": "4"}}, {"shape_attributes": {"name": "rect", "x": 568, "y": 449, "width": 12, "height": 14}, "region_attributes": {"Intersection": "3"}}], "file_attributes": {"neighborhood": "Marina"}}, "https://drive.google.com/uc?export=view&id=1DEuUWSBzK06nR06Jj-2O9l4naDRM-pp3\n": {"filename": "https://drive.google.com/uc?export=view&id=1DEuUWSBzK06nR06Jj-2O9l4naDRM-pp3\n", "size": -1, "regions": [{"shape_attributes": {"name": "rect", "x": 155, "y": 172, "width": 15, "height": 14}, "region_attributes": {"Intersection": "2"}}, {"shape_attributes": {"name": "rect", "x": 153, "y": 239, "width": 16, "height": 15}, "region_attributes": {"Intersection": "1"}}, {"shape_attributes": {"name": "rect", "x": 571, "y": 172, "width": 15, "height": 15}, "region_attributes": {"Intersection": "4"}}, {"shape_attributes": {"name": "rect", "x": 570, "y": 451, "width": 13, "height": 13}, "region_attributes": {"Intersection": "3"}}], "file_attributes": {"neighborhood": "Marina"}}, "https://drive.google.com/uc?export=view&id=1wT3lMCoJaFsM6zcyZRySpbMlymKNPGgd\n": {"filename": "https://drive.google.com/uc?export=view&id=1wT3lMCoJaFsM6zcyZRySpbMlymKNPGgd\n", "size": -1, "regions": [{"shape_attributes": {"name": "rect", "x": 165, "y": 173, "width": 16, "height": 12}, "region_attributes": {"Intersection": "2"}}, {"shape_attributes": {"name": "rect", "x": 164, "y": 241, "width": 15, "height": 13}, "region_attributes": {"Intersection": "1"}}, {"shape_attributes": {"name": "rect", "x": 580, "y": 173, "width": 17, "height": 14}, "region_attributes": {"Intersection": "4"}}, {"shape_attributes": {"name": "rect", "x": 582, "y": 448, "width": 13, "height": 13}, "region_attributes": {"Intersection": "3"}}], "file_attributes": {"neighborhood": "Marina"}}, "https://drive.google.com/uc?export=view&id=15wGRdlmbi782SPsMS6mk8nWK7AZ4kiqG\n": {"filename": "https://drive.google.com/uc?export=view&id=15wGRdlmbi782SPsMS6mk8nWK7AZ4kiqG\n", "size": -1, "regions": [{"shape_attributes": {"name": "rect", "x": 168, "y": 189, "width": 14, "height": 12}, "region_attributes": {"Intersection": "2"}}, {"shape_attributes": {"name": "rect", "x": 168, "y": 254, "width": 15, "height": 15}, "region_attributes": {"Intersection": "1"}}, {"shape_attributes": {"name": "rect", "x": 583, "y": 186, "width": 16, "height": 15}, "region_attributes": {"Intersection": "4"}}, {"shape_attributes": {"name": "rect", "x": 584, "y": 463, "width": 15, "height": 13}, "region_attributes": {"Intersection": "3"}}], "file_attributes": {"neighborhood": "Marina"}}}, "_via_attributes": {"region": {"Intersection": {"type": "dropdown", "description": "", "options": {"1": "Ketner_Market", "2": "Ketner_G", "3": "3rd_K", "4": "3rd_G"}, "default_options": {}}}, "file": {"neighborhood": {"type": "text", "description": "", "default_value": "Marina"}}}, "_via_data_format_version": "2.0.10", "_via_image_id_list": ["https://drive.google.com/uc?export=view&id=1w_MIbQSENLw130XMboUkeJAHJ7vx_vqD\n", "https://drive.google.com/uc?export=view&id=18y47noHf-zhJKBLsIz9eZGRwt_yab3wG\n", "https://drive.google.com/uc?export=view&id=1CDmmTC4IQ2qXCwO8Om3GOZf7g3sMt4Mk\n", "https://drive.google.com/uc?export=view&id=1P_tEKBrXNMdCd-waVE0ETkTbGX_ZKSWI\n", "https://drive.google.com/uc?export=view&id=1_JlHjJXLcS9HBdDojQD-OU5YLcR51SfT\n", "https://drive.google.com/uc?export=view&id=1hOImT1D1Qk3vBX5AEuwTfJ_87zlwzVvq\n", "https://drive.google.com/uc?export=view&id=15w6ItGIVfcYh2AvuJJGMjTxTeFeIk0wN\n", "https://drive.google.com/uc?export=view&id=1KnA6A5RHz3ecQRM6YxTsLE9ogMVCAcQJ\n", "https://drive.google.com/uc?export=view&id=1DEuUWSBzK06nR06Jj-2O9l4naDRM-pp3\n", "https://drive.google.com/uc?export=view&id=1wT3lMCoJaFsM6zcyZRySpbMlymKNPGgd\n", "https://drive.google.com/uc?export=view&id=15wGRdlmbi782SPsMS6mk8nWK7AZ4kiqG\n"]}