{"_via_settings": {"ui": {"annotation_editor_height": 25, "annotation_editor_fontsize": 0.8, "leftsidebar_width": 18, "image_grid": {"img_height": 80, "rshape_fill": "none", "rshape_fill_opacity": 0.3, "rshape_stroke": "yellow", "rshape_stroke_width": 2, "show_region_shape": true, "show_image_policy": "all"}, "image": {"region_label": "__via_region_id__", "region_color": "__via_default_region_color__", "region_label_font": "10px Sans", "on_image_annotation_editor_placement": "NEAR_REGION"}}, "core": {"buffer_size": 18, "filepath": {}, "default_filepath": ""}, "project": {"name": "Sherman Height_2021_gcp"}}, "_via_img_metadata": {"https://drive.google.com/uc?export=view&id=1fkcIu-pbR9lz7Ipu76-TIA6SuuEYEm37\n": {"filename": "https://drive.google.com/uc?export=view&id=1fkcIu-pbR9lz7Ipu76-TIA6SuuEYEm37\n", "size": -1, "regions": [{"shape_attributes": {"name": "rect", "x": 524, "y": 113, "width": 10, "height": 10}, "region_attributes": {"Intersection": "1"}}, {"shape_attributes": {"name": "rect", "x": 524, "y": 340, "width": 12, "height": 15}, "region_attributes": {"Intersection": "3"}}, {"shape_attributes": {"name": "rect", "x": 180, "y": 111, "width": 12, "height": 11}, "region_attributes": {"Intersection": "2"}}, {"shape_attributes": {"name": "rect", "x": 181, "y": 343, "width": 16, "height": 14}, "region_attributes": {"Intersection": "4"}}], "file_attributes": {"neighborhood": "Sherman Height"}}, "https://drive.google.com/uc?export=view&id=12SDFZYyZdtZIno3Qmp3226xwEt4aObbz\n": {"filename": "https://drive.google.com/uc?export=view&id=12SDFZYyZdtZIno3Qmp3226xwEt4aObbz\n", "size": -1, "regions": [{"shape_attributes": {"name": "rect", "x": 119, "y": 82, "width": 6, "height": 10}, "region_attributes": {"Intersection": "1"}}, {"shape_attributes": {"name": "rect", "x": 343, "y": 84, "width": 14, "height": 11}, "region_attributes": {"Intersection": "3"}}, {"shape_attributes": {"name": "rect", "x": 112, "y": 423, "width": 10, "height": 13}, "region_attributes": {"Intersection": "2"}}, {"shape_attributes": {"name": "rect", "x": 342, "y": 419, "width": 11, "height": 18}, "region_attributes": {"Intersection": "4"}}], "file_attributes": {"neighborhood": "Sherman Height"}}, "https://drive.google.com/uc?export=view&id=1Zb2WTZlz7sHgCeeAZTcFYmrFFw2Y_gZp\n": {"filename": "https://drive.google.com/uc?export=view&id=1Zb2WTZlz7sHgCeeAZTcFYmrFFw2Y_gZp\n", "size": -1, "regions": [{"shape_attributes": {"name": "rect", "x": 79, "y": 63, "width": 9, "height": 14}, "region_attributes": {"Intersection": "1"}}, {"shape_attributes": {"name": "rect", "x": 328, "y": 61, "width": 15, "height": 15}, "region_attributes": {"Intersection": "3"}}, {"shape_attributes": {"name": "rect", "x": 76, "y": 440, "width": 11, "height": 12}, "region_attributes": {"Intersection": "2"}}, {"shape_attributes": {"name": "rect", "x": 328, "y": 433, "width": 15, "height": 20}, "region_attributes": {"Intersection": "4"}}], "file_attributes": {"neighborhood": "Sherman Height"}}, "https://drive.google.com/uc?export=view&id=1aQedr8rzCfNHYkL2_R-GfU1YeGwRFi67\n": {"filename": "https://drive.google.com/uc?export=view&id=1aQedr8rzCfNHYkL2_R-GfU1YeGwRFi67\n", "size": -1, "regions": [{"shape_attributes": {"name": "rect", "x": 86, "y": 54, "width": 9, "height": 12}, "region_attributes": {"Intersection": "1"}}, {"shape_attributes": {"name": "rect", "x": 333, "y": 51, "width": 17, "height": 15}, "region_attributes": {"Intersection": "3"}}, {"shape_attributes": {"name": "rect", "x": 82, "y": 429, "width": 11, "height": 13}, "region_attributes": {"Intersection": "2"}}, {"shape_attributes": {"name": "rect", "x": 334, "y": 422, "width": 16, "height": 20}, "region_attributes": {"Intersection": "4"}}], "file_attributes": {"neighborhood": "Sherman Height"}}, "https://drive.google.com/uc?export=view&id=1OqB_YymJncu2TjN1q2bI5lwBykbJNCk5\n": {"filename": "https://drive.google.com/uc?export=view&id=1OqB_YymJncu2TjN1q2bI5lwBykbJNCk5\n", "size": -1, "regions": [{"shape_attributes": {"name": "rect", "x": 84, "y": 52, "width": 9, "height": 14}, "region_attributes": {"Intersection": "1"}}, {"shape_attributes": {"name": "rect", "x": 332, "y": 50, "width": 17, "height": 15}, "region_attributes": {"Intersection": "3"}}, {"shape_attributes": {"name": "rect", "x": 79, "y": 428, "width": 12, "height": 13}, "region_attributes": {"Intersection": "2"}}, {"shape_attributes": {"name": "rect", "x": 330, "y": 423, "width": 17, "height": 19}, "region_attributes": {"Intersection": "4"}}], "file_attributes": {"neighborhood": "Sherman Height"}}, "https://drive.google.com/uc?export=view&id=1YSr11zVKNsp4EL-XojZkwd4MYLHY9pfW\n": {"filename": "https://drive.google.com/uc?export=view&id=1YSr11zVKNsp4EL-XojZkwd4MYLHY9pfW\n", "size": -1, "regions": [{"shape_attributes": {"name": "rect", "x": 68, "y": 34, "width": 10, "height": 14}, "region_attributes": {"Intersection": "1"}}, {"shape_attributes": {"name": "rect", "x": 301, "y": 33, "width": 16, "height": 15}, "region_attributes": {"Intersection": "3"}}, {"shape_attributes": {"name": "rect", "x": 66, "y": 385, "width": 10, "height": 15}, "region_attributes": {"Intersection": "2"}}, {"shape_attributes": {"name": "rect", "x": 303, "y": 381, "width": 13, "height": 20}, "region_attributes": {"Intersection": "4"}}], "file_attributes": {"neighborhood": "Sherman Height"}}, "https://drive.google.com/uc?export=view&id=1Mys0HZa10JcA3LcTxCvMQSONGlFgYXQd\n": {"filename": "https://drive.google.com/uc?export=view&id=1Mys0HZa10JcA3LcTxCvMQSONGlFgYXQd\n", "size": -1, "regions": [{"shape_attributes": {"name": "rect", "x": 91, "y": 41, "width": 8, "height": 13}, "region_attributes": {"Intersection": "1"}}, {"shape_attributes": {"name": "rect", "x": 339, "y": 42, "width": 15, "height": 13}, "region_attributes": {"Intersection": "3"}}, {"shape_attributes": {"name": "rect", "x": 85, "y": 414, "width": 12, "height": 17}, "region_attributes": {"Intersection": "2"}}, {"shape_attributes": {"name": "rect", "x": 337, "y": 411, "width": 15, "height": 21}, "region_attributes": {"Intersection": "4"}}], "file_attributes": {"neighborhood": "Sherman Height"}}, "https://drive.google.com/uc?export=view&id=1VfIM7eh6vMEsGvLbBSB6UUzApd3Vsup_\n": {"filename": "https://drive.google.com/uc?export=view&id=1VfIM7eh6vMEsGvLbBSB6UUzApd3Vsup_\n", "size": -1, "regions": [{"shape_attributes": {"name": "rect", "x": 105, "y": 70, "width": 8, "height": 12}, "region_attributes": {"Intersection": "1"}}, {"shape_attributes": {"name": "rect", "x": 335, "y": 69, "width": 17, "height": 13}, "region_attributes": {"Intersection": "3"}}, {"shape_attributes": {"name": "rect", "x": 99, "y": 419, "width": 10, "height": 16}, "region_attributes": {"Intersection": "2"}}, {"shape_attributes": {"name": "rect", "x": 334, "y": 416, "width": 17, "height": 19}, "region_attributes": {"Intersection": "4"}}], "file_attributes": {"neighborhood": "Sherman Height"}}}, "_via_attributes": {"region": {"Intersection": {"type": "dropdown", "description": "", "options": {"1": "G_19th", "2": "L_19th", "3": "G_24th", "4": "L_24th"}, "default_options": {}}}, "file": {"neighborhood": {"type": "text", "description": "", "default_value": "Sherman Height"}}}, "_via_data_format_version": "2.0.10", "_via_image_id_list": ["https://drive.google.com/uc?export=view&id=1fkcIu-pbR9lz7Ipu76-TIA6SuuEYEm37\n", "https://drive.google.com/uc?export=view&id=12SDFZYyZdtZIno3Qmp3226xwEt4aObbz\n", "https://drive.google.com/uc?export=view&id=1Zb2WTZlz7sHgCeeAZTcFYmrFFw2Y_gZp\n", "https://drive.google.com/uc?export=view&id=1aQedr8rzCfNHYkL2_R-GfU1YeGwRFi67\n", "https://drive.google.com/uc?export=view&id=1OqB_YymJncu2TjN1q2bI5lwBykbJNCk5\n", "https://drive.google.com/uc?export=view&id=1YSr11zVKNsp4EL-XojZkwd4MYLHY9pfW\n", "https://drive.google.com/uc?export=view&id=1Mys0HZa10JcA3LcTxCvMQSONGlFgYXQd\n", "https://drive.google.com/uc?export=view&id=1VfIM7eh6vMEsGvLbBSB6UUzApd3Vsup_\n"]}