{"_via_settings": {"ui": {"annotation_editor_height": 25, "annotation_editor_fontsize": 0.8, "leftsidebar_width": 18, "image_grid": {"img_height": 80, "rshape_fill": "none", "rshape_fill_opacity": 0.3, "rshape_stroke": "yellow", "rshape_stroke_width": 2, "show_region_shape": true, "show_image_policy": "all"}, "image": {"region_label": "__via_region_id__", "region_color": "__via_default_region_color__", "region_label_font": "10px Sans", "on_image_annotation_editor_placement": "NEAR_REGION"}}, "core": {"buffer_size": 18, "filepath": {}, "default_filepath": ""}, "project": {"name": "columbia-gcp-2015"}}, "_via_img_metadata": {"http://ds.civicknowledge.org/downtownsandiego.org/homeless-count/columbia/201509-004.png": {"file_attributes": {}, "filename": "http://ds.civicknowledge.org/downtownsandiego.org/homeless-count/columbia/201509-004.png", "regions": [], "size": -1}}, "_via_attributes": {"region": {"N/S Street": {"type": "dropdown", "description": "North/South Street", "options": {"4": "4th street", "6": "6th Street", "17": "17th Street", "PHW": "Pacific Highway", "Ketner": "Ketner", "Union": "Union Street"}, "default_options": {}}, "E/W Street": {"type": "dropdown", "description": "East/West Street", "options": {"Cedar": "", "Ash": "", "A": "", "E": "", "Broadway": "", "G": "", "J": "", "K": "", "L": "", "Market": "", "Imperial": ""}, "default_options": {}}}, "file": {"Neighborhood": {"type": "text", "description": "", "default_value": ""}, "Date": {"type": "text", "description": "", "default_value": ""}}}}