url,neighborhood,source,dest,matrix
" https://lh3.googleusercontent.com/d/1-3MviYlwl2qkSZh7Xoo6VjO7OuDfTcjl
",Barrio Logan,"POLYGON ((431.5 1483.5, 1030.5 994.5, 1234.5 1253.5, 495 1856, 431.5 1483.5))","POLYGON ((6284815.309510723 1836171.631447062, 6284995.965973556 1837498.1724291444, 6287564.770219132 1835343.8962258995, 6286846.508204222 1834458.5886133164, 6284815.309510723 1836171.631447062))","[[3.4203268255392794, -0.02689600965535214, 0.0], [-0.02525816473280429, 3.513847181786332, 0.0], [6283361.927709845, 1830981.126550502, 0.9999999999999998]]"
" https://lh3.googleusercontent.com/d/1-Fu19gfaeZ9jhbV6gRJtT6vGPVAl7YLD
",City Center,"POLYGON ((417.5 1633, 417.5 1393, 1367.5 1391.5, 1366.5 1637, 417.5 1633))","POLYGON ((6280315 1841426.99999984, 6280318 1842176.99899985, 6283399.60100012 1842164.96199983, 6283395.99999989 1841402.99999985, 6280315 1841426.99999984))","[[3.2451543638475875, -0.023075020967012513, 0.0], [0.020367593882838264, 3.1140662101236103, 0.0], [6278930.832369574, 1837100.0504700027, 0.9999999999999998]]"
" https://lh3.googleusercontent.com/d/10G8jwmpzz2kxDX71poLV7HzOu1iYp1bi
",Gaslamp,"POLYGON ((985.5 1891.5, 981.5 1153.5, 1344 1150.5, 1337.5 1893.5, 985.5 1891.5))","POLYGON ((6281435 1838724.99999984, 6281433.0009999 1841407.99999986, 6281993.00000013 1841406.99999985, 6281990 1838723.99999983, 6281435 1838724.99999984))","[[1.5600961019297455, 0.002643519436239246, 0.0], [0.0033579693063074956, 3.6231908984448182, 0.0], [6279894.611898778, 1834547.5255546644, 0.9999999999999997]]"
" https://lh3.googleusercontent.com/d/10UFPcmC-ACZwXJCWh3q41jNmd16rBVvZ
",City Center,"POLYGON ((433.5 1614, 432.5 1381, 1363.5 1376.5, 1365.5 1613, 433.5 1614))","POLYGON ((6280315 1841426.99999984, 6280318 1842176.99899985, 6283399.60100012 1842164.96199983, 6283395.99999989 1841402.99999985, 6280315 1841426.99999984))","[[3.3078692620772836, -0.00983586786865815, 0.0], [-0.00711952563142404, 3.220438210710199, 0.0], [6278894.854450995, 1836983.652118091, 1.0000000000000002]]"
" https://lh3.googleusercontent.com/d/10g4xx5J_vlfrrfu_teIoQ3CARwYf-MRQ
",East Village,"POLYGON ((262.5 1462, 262.5 1035.5, 1245.5 1033.5, 1248.5 1459.5, 262.5 1462))","POLYGON ((6282272 1839874.99999986, 6282274 1841025.99999984, 6284997.99899991 1841020.99999985, 6284995.00099991 1839861.99999983, 6282272 1839874.99999986))","[[2.7663643796717854, -0.002941675342607722, 0.0], [-0.003867294553856482, 2.709681417584761, 0.0], [6281551.661417772, 1837067.5539506963, 0.9999999999999997]]"
" https://lh3.googleusercontent.com/d/112WG1umhrZYZfjg6BOnvg8VTASZXNMKI
",East Village South,"POLYGON ((313.5 1682.5, 322 1127.5, 1253 1108.5, 1247.5 1682.5, 313.5 1682.5))","POLYGON ((6282272.21743156 1837990.84746804, 6282272 1839874.99999986, 6284995.00099991 1839861.99999983, 6284987 1837946.99999986, 6282272.21743156 1837990.84746804))","[[2.9161388202267995, 0.0037655491724212266, 0.0], [0.04303524597798969, 3.364612387252919, 0.0], [6281285.041669628, 1834204.4611810946, 1.0000000000000002]]"
" https://lh3.googleusercontent.com/d/11PTER6xFMBKtD_ctUJ_9urBQ6JlrxaMZ
",East Village,"POLYGON ((272.5 1453, 267.5 1041.5, 1215.5 1034.5, 1221.5 1451.5, 272.5 1453))","POLYGON ((6282272 1839874.99999986, 6282274 1841025.99999984, 6284997.99899991 1841020.99999985, 6284995.00099991 1839861.99999983, 6282272 1839874.99999986))","[[2.871231576488815, 0.0030021258207882586, 0.0], [-0.03210237682014849, 2.788072698205724, 0.0], [6281537.807371095, 1836972.266649349, 1.0000000000000004]]"
" https://lh3.googleusercontent.com/d/12Oj7_g3cd6rPJpP8mh8SlnNL1E-cEwpF
",East Village,"POLYGON ((262.5 1462, 262.5 1035.5, 1245.5 1021.5, 1248.5 1459.5, 262.5 1462))","POLYGON ((6282272 1839874.99999986, 6282274 1841025.99999984, 6284997.99899991 1841020.99999985, 6284995.00099991 1839861.99999983, 6282272 1839874.99999986))","[[2.7663403971951093, 0.013229201745534663, 0.0], [-0.0039303063895204104, 2.6716678348072946, 0.0], [6281551.746342758, 1837110.7906809286, 1.0]]"
" https://lh3.googleusercontent.com/d/12gEhtrKFM4Qdd7-kh7vYAuQZzF30hs6V
",East Village South,"POLYGON ((324.5 1684.5, 318 1154.5, 1216 1128.5, 1224.5 1678.5, 324.5 1684.5))","POLYGON ((6282272.21743156 1837990.84746804, 6282272 1839874.99999986, 6284995.00099991 1839861.99999983, 6284987 1837946.99999986, 6282272.21743156 1837990.84746804))","[[3.0237344993290347, 0.030949196701971788, 0.0], [-0.034740090864033846, 3.516624834478762, 0.0], [6281350.046880761, 1833931.1418196717, 1.0000000000000002]]"
" https://lh3.googleusercontent.com/d/131RB-CWqippuqZwDXLG-3ZM4ENi5hqXb
",Columbia,"POLYGON ((856.5 1749.5, 851.5 1300, 1286.5 1302.5, 1288.5 1747.5, 856.5 1749.5))","POLYGON ((6278946 1841436.99999983, 6278953.17300012 1842563.14399985, 6279780 1842558.99999987, 6279769 1841430.99999986, 6278946 1841436.99999983))","[[1.9028738449318887, -0.013205313720701453, 0.0], [0.005371501961235481, 2.5200338459283103, 0.0], [6277316.350211518, 1838168.9389787102, 1.0]]"
" https://lh3.googleusercontent.com/d/13np40otXfS5Ikvq3VYyLEHSmirdLkzSA
",Marina,"POLYGON ((363 1616, 363 1486, 1164 1083, 1167.5 1618.5, 363 1616))","POLYGON ((6278929 1839874.99999984, 6278933 1840277.99999986, 6281151 1840266.99999984, 6281156.999 1838723.99999984, 6278929 1839874.99999984))","[[2.762758394699198, -0.0019623331673341536, 0.0], [-0.02592411755631474, 2.893577606433837, 0.0], [6277968.328956114, 1835589.280548526, 0.9999999999999998]]"
" https://lh3.googleusercontent.com/d/13qmYe68bXSsPUbBPK_-lhA2KlYWl1zaD
",East Village South,"POLYGON ((316.5 1682.5, 311 1128.5, 1244.5 1111.5, 1251 1687, 316.5 1682.5))","POLYGON ((6282272.21743156 1837990.84746804, 6282272 1839874.99999986, 6284995.00099991 1839861.99999983, 6284987 1837946.99999986, 6282272.21743156 1837990.84746804))","[[2.910860155783272, -0.00793770829537225, 0.0], [-0.023936167814099463, 3.3629558482371067, 0.0], [6281392.468024571, 1834208.7840249755, 1.0]]"
" https://lh3.googleusercontent.com/d/1447m1SItGMB2SODC9aZcnoQlkSQfNEuE
",Gaslamp,"POLYGON ((981.5 1896.5, 977 1155, 1343 1152.5, 1336.5 1896.5, 981.5 1896.5))","POLYGON ((6281435 1838724.99999984, 6281433.0009999 1841407.99999986, 6281993.00000013 1841406.99999985, 6281990 1838723.99999983, 6281435 1838724.99999984))","[[1.5460061510620433, 0.00993995226434716, 0.0], [0.0027798511255241465, 3.6122551968378502, 0.0], [6279915.916497411, 1834545.333918119, 0.9999999999999999]]"
" https://lh3.googleusercontent.com/d/144KSyDkQghF37kPonqe-nz-VVBv8PIFL
",Cortez,"POLYGON ((535.5 1562.5, 531 1295, 1263.5 1291.5, 1265.5 1560.5, 535.5 1562.5))","POLYGON ((6280594 1842941.99999986, 6280598.99400006 1843695.21999986, 6282840 1843687.99999984, 6282836.99999987 1842925.99999983, 6280594 1842941.99999986))","[[3.0658967487025794, -0.005260748236516754, 0.0], [-0.022215249525288527, 2.8243556033773984, 0.0], [6278993.350051786, 1839286.1191755487, 0.9999999999999999]]"
" https://lh3.googleusercontent.com/d/14yIN8g2lOSkm1b5kEkIRTtFfPM2dFjJc
",East Village South,"POLYGON ((316.5 1682.5, 311 1128.5, 1244.5 1101.5, 1248 1673, 316.5 1682.5))","POLYGON ((6282272.21743156 1837990.84746804, 6282272 1839874.99999986, 6284995.00099991 1839861.99999983, 6284987 1837946.99999986, 6282272.21743156 1837990.84746804))","[[2.9153757882355493, 0.035585473953617386, 0.0], [-0.016199461006181082, 3.374851844445857, 0.0], [6281380.182015402, 1834178.396452925, 1.0000000000000007]]"
" https://lh3.googleusercontent.com/d/159d-xqSwdbvcZrOrxYS8WVYV-mpxK0A8
",Golden Hill,"POLYGON ((241.5 1616, 236.5 1299, 1138 1299, 1135.5 1613, 241.5 1616))","POLYGON ((6285851.602057546 1841024.0836843997, 6285845.135206968 1842159.1903380603, 6289136.307430387 1842152.8734215647, 6289139.730979964 1841108.5644865632, 6285851.602057546 1841024.0836843997))","[[3.664206604320797, 0.04949080432210428, 0.0], [-0.03042188948347757, 3.4543171158582027, 0.0], [6285016.994888276, 1836545.0580370978, 0.9999999999999997]]"
" https://lh3.googleusercontent.com/d/15LybyLDB2bmxijNl3Qp9sPQAP-E2xMKV
",Sherman Heights,"POLYGON ((217.5 1846.5, 207.5 1134.5, 688.5 1143.5, 693 1849, 217.5 1846.5))","POLYGON ((6285842.880290225 1838320.4808238894, 6285858.862213641 1840242.7000765651, 6287154.647679806 1840266.7971412241, 6287147.123088554 1838309.2908856422, 6285842.880290225 1838320.4808238894))","[[2.7183702030274817, -0.019728077338108253, 0.0], [-0.01124444430024596, 2.7370519321277698, 0.0], [6285289.986547132, 1835206.2819956196, 1.0000000000000002]]"
" https://lh3.googleusercontent.com/d/15_wB6kw_J5ySfjMQX8NvB__HOXjTAW0c
",City Center,"POLYGON ((411.5 1618, 411.5 1377, 1367.5 1373.5, 1367.5 1615, 411.5 1618))","POLYGON ((6280315 1841426.99999984, 6280318 1842176.99899985, 6283399.60100012 1842164.96199983, 6283395.99999989 1841402.99999985, 6280315 1841426.99999984))","[[3.2231641912640328, -0.008194805622454044, 0.0], [0.013682105573025183, 3.133620255426422, 0.0], [6278969.678982195, 1837112.7753298576, 0.9999999999999999]]"
" https://lh3.googleusercontent.com/d/16cuH0QsJ0wNhOia2FUKpzGm_KXbZDL9H
",Golden Hill,"POLYGON ((236.5 1625, 229.5 1299, 1162 1302, 1160.5 1628, 236.5 1625))","POLYGON ((6285851.602057546 1841024.0836843997, 6285845.135206968 1842159.1903380603, 6289136.307430387 1842152.8734215647, 6289139.730979964 1841108.5644865632, 6285851.602057546 1841024.0836843997))","[[3.5439911996604696, 0.03152386058719983, 0.0], [-0.045062813285767334, 3.3423901732955983, 0.0], [6285088.5384809, 1836697.6138927175, 1.0000000000000002]]"
" https://lh3.googleusercontent.com/d/17N2HimISm9lB6NQYPdmq09Vm-AuySRGj
",Cortez,"POLYGON ((534.5 1572.5, 536 1299, 1298.5 1303.5, 1296.5 1578.5, 534.5 1572.5))","POLYGON ((6280594 1842941.99999986, 6280598.99400006 1843695.21999986, 6282840 1843687.99999984, 6282836.99999987 1842925.99999983, 6280594 1842941.99999986))","[[2.9410666645742616, -0.03425744033336403, 0.0], [0.033338489856760134, 2.762283975124319, 0.0], [6278974.425284884, 1839370.997449014, 0.9999999999999999]]"
" https://lh3.googleusercontent.com/d/17lQP05xNkrw4ye2WWtSQNL0nDUYl0QVR
",Marina,"POLYGON ((347 1630, 347 1494, 1182 1081, 1177.5 1636.5, 347 1630))","POLYGON ((6278929 1839874.99999984, 6278933 1840277.99999986, 6281151 1840266.99999984, 6281156.999 1838723.99999984, 6278929 1839874.99999984))","[[2.672374558784622, -0.017185433652285358, 0.0], [0.01190078901436209, 2.788059235585706, 0.0], [6277985.096206429, 1835727.506924091, 1.0000000000000002]]"
" https://lh3.googleusercontent.com/d/182KCPGx2YhUZHkU4PvNtkYJX4pGpzLWP
",Gaslamp,"POLYGON ((981.5 1896.5, 980 1158, 1349 1157.5, 1337.5 1900.5, 981.5 1896.5))","POLYGON ((6281435 1838724.99999984, 6281433.0009999 1841407.99999986, 6281993.00000013 1841406.99999985, 6281990 1838723.99999983, 6281435 1838724.99999984))","[[1.5372608467193034, -0.019834844753048735, 0.0], [0.011103878711764992, 3.6218364247506543, 0.0], [6279909.4850314725, 1834554.429302879, 0.9999999999999997]]"
" https://lh3.googleusercontent.com/d/18muJnpibDMaSoA44oXS-H9yitxGPlsfG
",Cortez,"POLYGON ((548.5 1555.5, 544 1285, 1278.5 1288.5, 1282.5 1555.5, 548.5 1555.5))","POLYGON ((6280594 1842941.99999986, 6280598.99400006 1843695.21999986, 6282840 1843687.99999984, 6282836.99999987 1842925.99999983, 6280594 1842941.99999986))","[[3.053539739774956, -0.022535001165721547, 0.0], [-0.0334089021635009, 2.8191446237547098, 0.0], [6278975.949866258, 1839327.0310031048, 1.0]]"
" https://lh3.googleusercontent.com/d/19AESclB7D9EYxWqeM755R06jSXysnR73
",Gaslamp,"POLYGON ((981.5 1883.5, 979.5 1143.5, 1346 1142.5, 1334.5 1885.5, 981.5 1883.5))","POLYGON ((6281435 1838724.99999984, 6281433.0009999 1841407.99999986, 6281993.00000013 1841406.99999985, 6281990 1838723.99999983, 6281435 1838724.99999984))","[[1.548997223613789, -0.007523276149564803, 0.0], [0.010633277678607556, 3.6182779679274972, 0.0], [6279899.236472581, 1834597.5615474593, 0.9999999999999997]]"
" https://lh3.googleusercontent.com/d/1A-K9NmIMr0JL7Y5ArTt3OPnKR0S1Oq3A
",Marina,"POLYGON ((345 1620, 345 1484, 1178 1057, 1179.5 1614.5, 345 1620))","POLYGON ((6278929 1839874.99999984, 6278933 1840277.99999986, 6281151 1840266.99999984, 6281156.999 1838723.99999984, 6278929 1839874.99999984))","[[2.662304929993989, 0.023835232250003464, 0.0], [-0.015266738348145736, 2.7786271931308875, 0.0], [6278036.199443293, 1835755.8501937927, 1.0000000000000004]]"
" https://lh3.googleusercontent.com/d/1A3NskWQYpZk8oCZOcB0d_qG6tsSSnHrd
",Marina,"POLYGON ((371 1616, 371 1486, 1180 1077, 1181.5 1614.5, 371 1616))","POLYGON ((6278929 1839874.99999984, 6278933 1840277.99999986, 6281151 1840266.99999984, 6281156.999 1838723.99999984, 6278929 1839874.99999984))","[[2.7412154598110465, 0.013332991381209035, 0.0], [-0.01607268340922019, 2.8833261644585946, 0.0], [6277938.938477955, 1835599.5177317103, 1.0000000000000004]]"
" https://lh3.googleusercontent.com/d/1A60wsD1MRr0ZpILnBiC6PaSdBJUJQ6Vg
",Golden Hill,"POLYGON ((255.5 1612, 250.5 1295, 1163 1296, 1160.5 1610, 255.5 1612))","POLYGON ((6285851.602057546 1841024.0836843997, 6285845.135206968 1842159.1903380603, 6289136.307430387 1842152.8734215647, 6289139.730979964 1841108.5644865632, 6285851.602057546 1841024.0836843997))","[[3.6198882440589615, 0.04508842723607276, 0.0], [-0.030243156476899458, 3.454333119308785, 0.0], [6284976.526339225, 1836559.273950795, 1.0]]"
" https://lh3.googleusercontent.com/d/1APzqM6U3XJt3i4vJIzOsnfGRM1cRwuuT
",Barrio Logan,"POLYGON ((431.5 1483.5, 1030.5 994.5, 1234.5 1253.5, 495 1856, 431.5 1483.5))","POLYGON ((6284815.309510723 1836171.631447062, 6284995.965973556 1837498.1724291444, 6287564.770219132 1835343.8962258995, 6286846.508204222 1834458.5886133164, 6284815.309510723 1836171.631447062))","[[3.4203268255392794, -0.02689600965535214, 0.0], [-0.02525816473280429, 3.513847181786332, 0.0], [6283361.927709845, 1830981.126550502, 0.9999999999999998]]"
" https://lh3.googleusercontent.com/d/1AcYP_CYqi1XCVwCTn5w02noI5jpJXd-U
",Columbia,"POLYGON ((850.5 1739.5, 851.5 1293, 1285.5 1293.5, 1284.5 1740.5, 850.5 1739.5))","POLYGON ((6278946 1841436.99999983, 6278953.17300012 1842563.14399985, 6279780 1842558.99999987, 6279769 1841430.99999986, 6278946 1841436.99999983))","[[1.9006798513845338, -0.016046293883297313, 0.0], [0.024595964636318968, 2.522789300669956, 0.0], [6277294.814313886, 1838188.5481185915, 0.9999999999999999]]"
" https://lh3.googleusercontent.com/d/1CerIW2H3lRs-5f6QNvvvU9OznF38ZPXQ
",Gaslamp,"POLYGON ((985.5 1930.5, 991 1143, 1381 1143.5, 1368.5 1932.5, 985.5 1930.5))","POLYGON ((6281435 1838724.99999984, 6281433.0009999 1841407.99999986, 6281993.00000013 1841406.99999985, 6281990 1838723.99999983, 6281435 1838724.99999984))","[[1.4421993603120093, -0.0135342671169741, 0.0], [0.017110778094775014, 3.403584751599965, 0.0], [6279982.486023333, 1834849.4046289553, 0.9999999999999997]]"
" https://lh3.googleusercontent.com/d/1DDU_HDNIA_nKiWvdt9MBJuWPDNNhl-uR
",East Village,"POLYGON ((276.5 1453, 275.5 1041.5, 1229.5 1039.5, 1231.5 1453.5, 276.5 1453))","POLYGON ((6282272 1839874.99999986, 6282274 1841025.99999984, 6284997.99899991 1841020.99999985, 6284995.00099991 1839861.99999983, 6282272 1839874.99999986))","[[2.8533224514699826, -0.007229949690640284, 0.0], [-0.00432169008126948, 2.798334044551666, 0.0], [6281490.873470702, 1836962.2731976486, 1.0000000000000002]]"
" https://lh3.googleusercontent.com/d/1DEOnlAVa4-eNTqmx8HwdLsBC39VWbxqc
",Columbia,"POLYGON ((854.5 1751.5, 849.5 1305, 1283.5 1303.5, 1285.5 1750.5, 854.5 1751.5))","POLYGON ((6278946 1841436.99999983, 6278953.17300012 1842563.14399985, 6279780 1842558.99999987, 6279769 1841430.99999986, 6278946 1841436.99999983))","[[1.9072917409112657, -0.004437998240507747, 0.0], [0.0054025820736569585, 2.522859972700644, 0.0], [6277316.325728364, 1838148.292925677, 1.0000000000000002]]"
" https://lh3.googleusercontent.com/d/1DKzLl8asQyOne63N2Z-CSFcuPHsnIL6e
",Gaslamp,"POLYGON ((980.5 1878.5, 983.5 1159.5, 1329 1160.5, 1324.5 1871.5, 980.5 1878.5))","POLYGON ((6281435 1838724.99999984, 6281433.0009999 1841407.99999986, 6281993.00000013 1841406.99999985, 6281990 1838723.99999983, 6281435 1838724.99999984))","[[1.6171677232511958, 0.029655800425024994, 0.0], [0.009152266213277471, 3.752485275598019, 0.0], [6279832.043695511, 1834337.3696795122, 1.0000000000000002]]"
" https://lh3.googleusercontent.com/d/1DiOOwLPPQqbBHxB3ee07wlpaiMwXkM8m
",Golden Hill,"POLYGON ((229.5 1620, 222.5 1294, 1160 1293, 1162.5 1619, 229.5 1620))","POLYGON ((6285851.602057546 1841024.0836843997, 6285845.135206968 1842159.1903380603, 6289136.307430387 1842152.8734215647, 6289139.730979964 1841108.5644865632, 6285851.602057546 1841024.0836843997))","[[3.5173070887177333, 0.045477588550419064, 0.0], [-0.06641864532684849, 3.3420003375911165, 0.0], [6285150.240546226, 1836712.010098587, 0.9999999999999997]]"
" https://lh3.googleusercontent.com/d/1F7c_Yf-W4Zn6RbGUrXuM-zkjypQmbQ9H
",Golden Hill,"POLYGON ((268.5 1621, 256.5 1306, 1162 1295, 1168.5 1609, 268.5 1621))","POLYGON ((6285851.602057546 1841024.0836843997, 6285845.135206968 1842159.1903380603, 6289136.307430387 1842152.8734215647, 6289139.730979964 1841108.5644865632, 6285851.602057546 1841024.0836843997))","[[3.6424284396746915, 0.08754671281373055, 0.0], [-0.12291631302286987, 3.462549564091205, 0.0], [6285072.136571656, 1836501.1489459835, 0.9999999999999999]]"
" https://lh3.googleusercontent.com/d/1FFRkB5yObHb-ffhSYAeI4OqVK97ZxcRV
",Gaslamp,"POLYGON ((986.5 1870.5, 985 1161, 1337 1156.5, 1332.5 1873.5, 986.5 1870.5))","POLYGON ((6281435 1838724.99999984, 6281433.0009999 1841407.99999986, 6281993.00000013 1841406.99999985, 6281990 1838723.99999983, 6281435 1838724.99999984))","[[1.5972498774135366, 0.005564367647532418, 0.0], [0.004114353527256753, 3.7615624227460103, 0.0], [6279853.306291267, 1834359.3662859146, 0.9999999999999998]]"
" https://lh3.googleusercontent.com/d/1FpbJfvhJ7cxMTMmKwxIl8lw9is9Fx0gm
",Sherman Heights,"POLYGON ((219.5 1844.5, 211.5 1132.5, 692.5 1141.5, 693 1845, 219.5 1844.5))","POLYGON ((6285842.880290225 1838320.4808238894, 6285858.862213641 1840242.7000765651, 6287154.647679806 1840266.7971412241, 6287147.123088554 1838309.2908856422, 6285842.880290225 1838320.4808238894))","[[2.723868962047004, -0.014233792653113255, 0.0], [0.00019947414875787217, 2.740726535198064, 0.0], [6285263.603934653, 1835205.200479758, 1.0000000000000002]]"
" https://lh3.googleusercontent.com/d/1GFW2GsSpr_9Nbe6_GlxtyOBrP0l_QMhp
",Barrio Logan,"POLYGON ((431.5 1483.5, 1030.5 994.5, 1234.5 1253.5, 495 1856, 431.5 1483.5))","POLYGON ((6284815.309510723 1836171.631447062, 6284995.965973556 1837498.1724291444, 6287564.770219132 1835343.8962258995, 6286846.508204222 1834458.5886133164, 6284815.309510723 1836171.631447062))","[[3.4203268255392794, -0.02689600965535214, 0.0], [-0.02525816473280429, 3.513847181786332, 0.0], [6283361.927709845, 1830981.126550502, 0.9999999999999998]]"
" https://lh3.googleusercontent.com/d/1HL3yhddZzIisnWHZatszRCCryjsxz39v
",Barrio Logan,"POLYGON ((431.5 1483.5, 1030.5 994.5, 1234.5 1253.5, 495 1856, 431.5 1483.5))","POLYGON ((6284815.309510723 1836171.631447062, 6284995.965973556 1837498.1724291444, 6287564.770219132 1835343.8962258995, 6286846.508204222 1834458.5886133164, 6284815.309510723 1836171.631447062))","[[3.4203268255392794, -0.02689600965535214, 0.0], [-0.02525816473280429, 3.513847181786332, 0.0], [6283361.927709845, 1830981.126550502, 0.9999999999999998]]"
" https://lh3.googleusercontent.com/d/1I14LHVmWQHTbyiELTBX18aCuQ9q4_DO0
",City Center,"POLYGON ((433.5 1614, 431.5 1386, 1350.5 1383.5, 1352.5 1617, 433.5 1614))","POLYGON ((6280315 1841426.99999984, 6280318 1842176.99899985, 6283399.60100012 1842164.96199983, 6283395.99999989 1841402.99999985, 6280315 1841426.99999984))","[[3.35288811329402, -0.02049779533517042, 0.0], [-0.01473981265371549, 3.2762097850923055, 0.0], [6278888.485614403, 1836896.5500794193, 0.9999999999999994]]"
" https://lh3.googleusercontent.com/d/1KGQWlOU8bin7O8IT1eN-sT5J0U2jIqLX
",Cortez,"POLYGON ((538.5 1570.5, 535 1294, 1295.5 1293.5, 1298.5 1574.5, 538.5 1570.5))","POLYGON ((6280594 1842941.99999986, 6280598.99400006 1843695.21999986, 6282840 1843687.99999984, 6282836.99999987 1842925.99999983, 6280594 1842941.99999986))","[[2.949080127990205, -0.021527153542568962, 0.0], [-0.020051096421411785, 2.7180842566181127, 0.0], [6279042.296385187, 1839437.1882084855, 0.9999999999999998]]"
" https://lh3.googleusercontent.com/d/1KMra2AYYhbcjH1JymT20skMJOxqxZBcY
",Barrio Logan,"POLYGON ((431.5 1483.5, 1030.5 994.5, 1234.5 1253.5, 495 1856, 431.5 1483.5))","POLYGON ((6284815.309510723 1836171.631447062, 6284995.965973556 1837498.1724291444, 6287564.770219132 1835343.8962258995, 6286846.508204222 1834458.5886133164, 6284815.309510723 1836171.631447062))","[[3.4203268255392794, -0.02689600965535214, 0.0], [-0.02525816473280429, 3.513847181786332, 0.0], [6283361.927709845, 1830981.126550502, 0.9999999999999998]]"
" https://lh3.googleusercontent.com/d/1Lt-iZ98BRY79iZ79NN3QjomrKpSh0sQs
",Cortez,"POLYGON ((538.5 1555.5, 534 1275, 1297.5 1270.5, 1298.5 1550.5, 538.5 1555.5))","POLYGON ((6280594 1842941.99999986, 6280598.99400006 1843695.21999986, 6282840 1843687.99999984, 6282836.99999987 1842925.99999983, 6280594 1842941.99999986))","[[2.9431230471276866, 0.0016003485827218347, 0.0], [-0.01463140593477874, 2.703303766104227, 0.0], [6279038.959123043, 1839491.9069716188, 1.0000000000000002]]"
" https://lh3.googleusercontent.com/d/1N5QfFSIgGy0TYu8IYqJpui5KdwKC6nY3
",City Center,"POLYGON ((416.5 1623, 416.5 1383, 1368.5 1381.5, 1369.5 1622, 416.5 1623))","POLYGON ((6280315 1841426.99999984, 6280318 1842176.99899985, 6283399.60100012 1842164.96199983, 6283395.99999989 1841402.99999985, 6280315 1841426.99999984))","[[3.2349696145984304, -0.014784676199771191, 0.0], [0.00699953987623303, 3.1466943594805343, 0.0], [6278958.615192854, 1837078.6743311966, 1.0000000000000004]]"
" https://lh3.googleusercontent.com/d/1Not8sXySkPX-YDcVZS-djqf_H19eG-r9
",East Village South,"POLYGON ((312.5 1688.5, 311 1144.5, 1248 1114.5, 1249.5 1685.5, 312.5 1688.5))","POLYGON ((6282272.21743156 1837990.84746804, 6282272 1839874.99999986, 6284995.00099991 1839861.99999983, 6284987 1837946.99999986, 6282272.21743156 1837990.84746804))","[[2.901687235069948, 0.029642347148804975, 0.0], [-0.0006475946847785963, 3.4059047835394267, 0.0], [6281368.425117913, 1834099.2180141131, 1.0000000000000002]]"
" https://lh3.googleusercontent.com/d/1Og9_sW8INUPA27QdlndXRluMSvDZk_jE
",Columbia,"POLYGON ((849.5 1784.5, 850.5 1307, 1319.5 1307.5, 1318 1785.5, 849.5 1784.5))","POLYGON ((6278946 1841436.99999983, 6278953.17300012 1842563.14399985, 6279780 1842558.99999987, 6279769 1841430.99999986, 6278946 1841436.99999983))","[[1.7597750006847277, -0.014595185840375146, 0.0], [0.023626267197414563, 2.359087245165938, 0.0], [6277417.258071292, 1838365.918887566, 0.9999999999999999]]"
" https://lh3.googleusercontent.com/d/1P2oj6y2qCGp5mdjYwyIy9PF4cBKgGMHm
",East Village South,"POLYGON ((332.5 1681.5, 327 1141.5, 1244 1120.5, 1243.5 1673.5, 332.5 1681.5))","POLYGON ((6282272.21743156 1837990.84746804, 6282272 1839874.99999986, 6284995.00099991 1839861.99999983, 6284987 1837946.99999986, 6282272.21743156 1837990.84746804))","[[2.9745716617792883, 0.024066120527729516, 0.0], [-0.006203665335306141, 3.4756309783110737, 0.0], [6281300.021850005, 1834019.1230452778, 0.9999999999999997]]"
" https://lh3.googleusercontent.com/d/1PGVkLZVuVc61oYWwxF5z6pGI4UKO69T0
",Marina,"POLYGON ((341 1630, 343 1496, 1178 1069, 1177.5 1626.5, 341 1630))","POLYGON ((6278929 1839874.99999984, 6278933 1840277.99999986, 6281151 1840266.99999984, 6281156.999 1838723.99999984, 6278929 1839874.99999984))","[[2.6588073932182086, 0.020978099717550165, 0.0], [-0.004135268271966197, 2.7807974936270057, 0.0], [6278028.156848143, 1835722.9561140356, 1.0000000000000002]]"
" https://lh3.googleusercontent.com/d/1PKp_xz5ljLlIGIMLiUi-Cc6NP01K5fCh
",Marina,"POLYGON ((347 1634, 345 1500, 1178 1073, 1179.5 1632.5, 347 1634))","POLYGON ((6278929 1839874.99999984, 6278933 1840277.99999986, 6281151 1840266.99999984, 6281156.999 1838723.99999984, 6278929 1839874.99999984))","[[2.6649836168759364, 0.015362463590232234, 0.0], [-0.01743469636858208, 2.7713511061745066, 0.0], [6278036.235342446, 1835728.4618455393, 1.0]]"
" https://lh3.googleusercontent.com/d/1Q6yPC8Qswwe0uygCkNor6faHwulZcssk
",Barrio Logan,"POLYGON ((431.5 1483.5, 1030.5 994.5, 1241.5 1262.5, 488 1859, 431.5 1483.5))","POLYGON ((6284815.309510723 1836171.631447062, 6284995.965973556 1837498.1724291444, 6287564.770219132 1835343.8962258995, 6286846.508204222 1834458.5886133164, 6284815.309510723 1836171.631447062))","[[3.3919027982629126, -0.07995578604458832, 0.0], [-0.01271352826643124, 3.468780670493743, 0.0], [6283367.121382129, 1831076.0075605393, 1.0000000000000002]]"
" https://lh3.googleusercontent.com/d/1QuBdzLXS1MRpu7Lb-txG44kO3ReyJ2IY
",Sherman Heights,"POLYGON ((259.5 1840.5, 241.5 1154.5, 706.5 1159.5, 719 1839, 259.5 1840.5))","POLYGON ((6285842.880290225 1838320.4808238894, 6285858.862213641 1840242.7000765651, 6287154.647679806 1840266.7971412241, 6287147.123088554 1838309.2908856422, 6285842.880290225 1838320.4808238894))","[[2.812492234552146, 0.002868760515555882, 0.0], [-0.045628973069142376, 2.8409980658198037, 0.0], [6285214.681058123, 1835026.5550881773, 1.0]]"
" https://lh3.googleusercontent.com/d/1RWHKW6oOLMRiGXvhMoDq6jd7nJeqVygk
",City Center,"POLYGON ((383.5 1644, 381.5 1386, 1403.5 1386.5, 1404.5 1647, 383.5 1644))","POLYGON ((6280315 1841426.99999984, 6280318 1842176.99899985, 6283399.60100012 1842164.96199983, 6283395.99999989 1841402.99999985, 6280315 1841426.99999984))","[[3.0164540414741445, -0.022636328952427256, 0.0], [-0.004688237789196137, 2.916203171283769, 0.0], [6279169.809459913, 1837392.6106684098, 1.0]]"
" https://lh3.googleusercontent.com/d/1SeWTYj-TCm3BasxQGClmvaZZcnsqeRan
",Gaslamp,"POLYGON ((981.5 1883.5, 979.5 1143.5, 1346 1142.5, 1334.5 1885.5, 981.5 1883.5))","POLYGON ((6281435 1838724.99999984, 6281433.0009999 1841407.99999986, 6281993.00000013 1841406.99999985, 6281990 1838723.99999983, 6281435 1838724.99999984))","[[1.548997223613789, -0.007523276149564803, 0.0], [0.010633277678607556, 3.6182779679274972, 0.0], [6279899.236472581, 1834597.5615474593, 0.9999999999999997]]"
" https://lh3.googleusercontent.com/d/1T2BHMQBBwewdCRciVj-2GNFEqAnuVw5D
",Sherman Heights,"POLYGON ((213.5 1844.5, 211.5 1132.5, 692.5 1141.5, 687 1845, 213.5 1844.5))","POLYGON ((6285842.880290225 1838320.4808238894, 6285858.862213641 1840242.7000765651, 6287154.647679806 1840266.7971412241, 6287147.123088554 1838309.2908856422, 6285842.880290225 1838320.4808238894))","[[2.723636602098487, -0.014237167782793343, 0.0], [0.023289875047339592, 2.7406058840492733, 0.0], [6285237.455463493, 1835205.3391767698, 0.9999999999999999]]"
" https://lh3.googleusercontent.com/d/1TEsZpohGbUeEgXDn8U7HWb-BTUi21jBX
",Sherman Heights,"POLYGON ((217.5 1852.5, 211.5 1138.5, 692.5 1147.5, 693 1851, 217.5 1852.5))","POLYGON ((6285842.880290225 1838320.4808238894, 6285858.862213641 1840242.7000765651, 6287154.647679806 1840266.7971412241, 6287147.123088554 1838309.2908856422, 6285842.880290225 1838320.4808238894))","[[2.718202171947699, -0.008346030740048117, 0.0], [0.004084645374859974, 2.7367250689205775, 0.0], [6285261.717611953, 1835190.6994999535, 0.9999999999999999]]"
" https://lh3.googleusercontent.com/d/1TpSvRn-AZExMVNX0BCGVyfAkjrom1sO2
",City Center,"POLYGON ((418.5 1623, 416.5 1383, 1369.5 1380.5, 1371.5 1623, 418.5 1623))","POLYGON ((6280315 1841426.99999984, 6280318 1842176.99899985, 6283399.60100012 1842164.96199983, 6283395.99999989 1841402.99999985, 6280315 1841426.99999984))","[[3.2332466956515296, -0.01479676420651609, 0.0], [-0.013116482272380381, 3.133764929452127, 0.0], [6278986.333579141, 1837098.1284711554, 1.0000000000000002]]"
" https://lh3.googleusercontent.com/d/1U-QuSW5Bguq6smht-dl_vLWYVDajAhjf
",City Center,"POLYGON ((416.5 1628, 412.5 1388, 1367.5 1387.5, 1365.5 1633, 416.5 1628))","POLYGON ((6280315 1841426.99999984, 6280318 1842176.99899985, 6283399.60100012 1842164.96199983, 6283395.99999989 1841402.99999985, 6280315 1841426.99999984))","[[3.2366252058557614, -0.02627843811485036, 0.0], [0.0007314042122743558, 3.114218538614068, 0.0], [6278973.831723808, 1837116.6461468972, 1.0000000000000002]]"
" https://lh3.googleusercontent.com/d/1ULwLEhIFm_P-4euWIyk5laXbrE5e50UV
",East Village,"POLYGON ((263.5 1457, 263.5 1021.5, 1248.5 1018.5, 1248.5 1455.5, 263.5 1457))","POLYGON ((6282272 1839874.99999986, 6282274 1841025.99999984, 6284997.99899991 1841020.99999985, 6284995.00099991 1839861.99999983, 6282272 1839874.99999986))","[[2.764987708763254, -0.0030893016124659478, 0.0], [0.005730316305744054, 2.6475724080551117, 0.0], [6281537.324444252, 1837170.30992414, 1.0]]"
" https://lh3.googleusercontent.com/d/1U_12eHboQDS7jJ_K0WASVIYnYwelRkE6
",Marina,"POLYGON ((341 1620, 343 1486, 1184 1059, 1179.5 1618.5, 341 1620))","POLYGON ((6278929 1839874.99999984, 6278933 1840277.99999986, 6281151 1840266.99999984, 6281156.999 1838723.99999984, 6278929 1839874.99999984))","[[2.6507274426242544, 0.015206341763414902, 0.0], [0.013782832324068295, 2.7714676454859273, 0.0], [6278003.04852696, 1835767.218886297, 1.0000000000000002]]"
" https://lh3.googleusercontent.com/d/1VRi89o-UiZ2_rhcuC6uNgapqpi7OfLGs
",Columbia,"POLYGON ((871.5 1742.5, 864.5 1311, 1280.5 1310.5, 1286.5 1741.5, 871.5 1742.5))","POLYGON ((6278946 1841436.99999983, 6278953.17300012 1842563.14399985, 6279780 1842558.99999987, 6279769 1841430.99999986, 6278946 1841436.99999983))","[[1.9853270487706656, -0.007493804484854148, 0.0], [-0.008857542701662169, 2.6136111115790754, 0.0], [6277239.847609059, 1838016.246799591, 1.0000000000000002]]"
" https://lh3.googleusercontent.com/d/1VsvdscdmmSY-y5Zhcwy_gyrg6sjUGmeM
",East Village,"POLYGON ((282.5 1452, 280.5 1033.5, 1243.5 1033.5, 1249.5 1448.5, 282.5 1452))","POLYGON ((6282272 1839874.99999986, 6282274 1841025.99999984, 6284997.99899991 1841020.99999985, 6284995.00099991 1839861.99999983, 6282272 1839874.99999986))","[[2.8222304148521413, -0.004281389122116269, 0.0], [-0.021039486303379817, 2.771397732450396, 0.0], [6281504.69437506, 1837007.5414221473, 1.0000000000000002]]"
" https://lh3.googleusercontent.com/d/1YFx1Gz6HcSZOzgL9-Hn8rP7OHsnRtJ6P
",Barrio Logan,"POLYGON ((431.5 1483.5, 1030.5 994.5, 1234.5 1253.5, 495 1856, 431.5 1483.5))","POLYGON ((6284815.309510723 1836171.631447062, 6284995.965973556 1837498.1724291444, 6287564.770219132 1835343.8962258995, 6286846.508204222 1834458.5886133164, 6284815.309510723 1836171.631447062))","[[3.4203268255392794, -0.02689600965535214, 0.0], [-0.02525816473280429, 3.513847181786332, 0.0], [6283361.927709845, 1830981.126550502, 0.9999999999999998]]"
" https://lh3.googleusercontent.com/d/1YHwz2bneHrf8L6uChlDfxCkI1bUsrx1W
",Cortez,"POLYGON ((548.5 1560.5, 543 1290, 1278.5 1286.5, 1285.5 1556.5, 548.5 1560.5))","POLYGON ((6280594 1842941.99999986, 6280598.99400006 1843695.21999986, 6282840 1843687.99999984, 6282836.99999987 1842925.99999983, 6280594 1842941.99999986))","[[3.0448774937050804, -0.0014833033855830042, 0.0], [-0.05561696009590378, 2.8033843950343, 0.0], [6279014.024870999, 1839323.8932904466, 1.0]]"
" https://lh3.googleusercontent.com/d/1YKXkkLPmZNp3rDAX9S14H0OoT3JNwjI1
",Cortez,"POLYGON ((532.5 1564.5, 531 1285, 1293.5 1285.5, 1295.5 1566.5, 532.5 1564.5))","POLYGON ((6280594 1842941.99999986, 6280598.99400006 1843695.21999986, 6282840 1843687.99999984, 6282836.99999987 1842925.99999983, 6280594 1842941.99999986))","[[2.9393740807080615, -0.019650725208616753, 0.0], [-0.004108933261704806, 2.7034816082343696, 0.0], [6279039.339313283, 1839477.2734709666, 0.9999999999999998]]"
" https://lh3.googleusercontent.com/d/1_se1Cs74Tzzp3zOkRlVPmi5BblrkC-jd
",Sherman Heights,"POLYGON ((215.5 1844.5, 213.5 1138.5, 692.5 1149.5, 689 1845, 215.5 1844.5))","POLYGON ((6285842.880290225 1838320.4808238894, 6285858.862213641 1840242.7000765651, 6287154.647679806 1840266.7971412241, 6287147.123088554 1838309.2908856422, 6285842.880290225 1838320.4808238894))","[[2.729410061500619, -0.020257689447177464, 0.0], [0.019657722672491218, 2.767903601705484, 0.0], [6285236.1030796645, 1835157.7004237217, 1.0000000000000002]]"
" https://lh3.googleusercontent.com/d/1aDvSUODpM7VYGqeFeJ3EWaVlJagDWLTP
",Golden Hill,"POLYGON ((235.5 1614, 228.5 1288, 1160 1279, 1162.5 1605, 235.5 1614))","POLYGON ((6285851.602057546 1841024.0836843997, 6285845.135206968 1842159.1903380603, 6289136.307430387 1842152.8734215647, 6289139.730979964 1841108.5644865632, 6285851.602057546 1841024.0836843997))","[[3.5394424783244123, 0.074539372769414, 0.0], [-0.06674290128739813, 3.341585139267181, 0.0], [6285124.07340896, 1836725.6490881392, 0.9999999999999998]]"
" https://lh3.googleusercontent.com/d/1awTo-JiLxdZawqcJC3MZEp64Jh8TqhWJ
",Gaslamp,"POLYGON ((973.5 1891.5, 979 1150, 1343 1146.5, 1338.5 1889.5, 973.5 1891.5))","POLYGON ((6281435 1838724.99999984, 6281433.0009999 1841407.99999986, 6281993.00000013 1841406.99999985, 6281990 1838723.99999983, 6281435 1838724.99999984))","[[1.5295804895745244, 0.02451866721680973, 0.0], [0.010980337769069592, 3.614846517359638, 0.0], [6279924.048002142, 1834545.2876965622, 0.9999999999999997]]"
" https://lh3.googleusercontent.com/d/1b2AFwVZ0eP8DUBVz8Oio31EsTx3W4INb
",Barrio Logan,"POLYGON ((447.5 1481.5, 1027.5 1008.5, 1225.5 1260.5, 505 1842, 447.5 1481.5))","POLYGON ((6284815.309510723 1836171.631447062, 6284995.965973556 1837498.1724291444, 6287564.770219132 1835343.8962258995, 6286846.508204222 1834458.5886133164, 6284815.309510723 1836171.631447062))","[[3.5350732823392588, -0.03698079568506401, 0.0], [-0.006574153967449092, 3.626147467488863, 0.0], [6283231.9106142875, 1830827.9002360145, 1.0]]"
" https://lh3.googleusercontent.com/d/1b4huA-83LQKYhCgm-64wqnhEb1E0hkGu
",Golden Hill,"POLYGON ((232.5 1621, 225.5 1295, 1158 1298, 1156.5 1621, 232.5 1621))","POLYGON ((6285851.602057546 1841024.0836843997, 6285845.135206968 1842159.1903380603, 6289136.307430387 1842152.8734215647, 6289139.730979964 1841108.5644865632, 6285851.602057546 1841024.0836843997))","[[3.5439196811597755, 0.03687359580332134, 0.0], [-0.0455068458131791, 3.3583709989011368, 0.0], [6285103.197701041, 1836686.5962769089, 1.0000000000000002]]"
" https://lh3.googleusercontent.com/d/1bRCI8Hi3FXEVzW4qyL7vtYCDsFFcMV1X
",East Village,"POLYGON ((262.5 1462, 262.5 1035.5, 1245.5 1033.5, 1248.5 1459.5, 262.5 1462))","POLYGON ((6282272 1839874.99999986, 6282274 1841025.99999984, 6284997.99899991 1841020.99999985, 6284995.00099991 1839861.99999983, 6282272 1839874.99999986))","[[2.7663643796717854, -0.002941675342607722, 0.0], [-0.003867294553856482, 2.709681417584761, 0.0], [6281551.661417772, 1837067.5539506963, 0.9999999999999997]]"
" https://lh3.googleusercontent.com/d/1bni78ARoQC9ZfNKaMOgYg3gScxfvMHeh
",Barrio Logan,"POLYGON ((433.5 1495.5, 1030.5 1006.5, 1237.5 1263.5, 490 1861, 433.5 1495.5))","POLYGON ((6284815.309510723 1836171.631447062, 6284995.965973556 1837498.1724291444, 6287564.770219132 1835343.8962258995, 6286846.508204222 1834458.5886133164, 6284815.309510723 1836171.631447062))","[[3.4205231904777476, -0.007870259308098088, 0.0], [-0.0032716960658945027, 3.5551315406012236, 0.0], [6283331.090585789, 1830873.614758704, 1.0000000000000004]]"
" https://lh3.googleusercontent.com/d/1c-tjSdylIZKhj1q0Y9_tpq1ohLtFG4WW
",East Village,"POLYGON ((263.5 1453, 262.5 1018.5, 1255.5 1014.5, 1249.5 1448.5, 263.5 1453))","POLYGON ((6282272 1839874.99999986, 6282274 1841025.99999984, 6284997.99899991 1841020.99999985, 6284995.00099991 1839861.99999983, 6282272 1839874.99999986))","[[2.7524566625268903, 0.002311737881678201, 0.0], [0.02158653781771136, 2.659764944646213, 0.0], [6281522.446271208, 1837163.0957506255, 0.9999999999999993]]"
" https://lh3.googleusercontent.com/d/1c14ZggpQGjPU3HUtf_IOXztYg5-ZLT9F
",Gaslamp,"POLYGON ((964.5 1879.5, 963 1170, 1312 1165.5, 1306.5 1882.5, 964.5 1879.5))","POLYGON ((6281435 1838724.99999984, 6281433.0009999 1841407.99999986, 6281993.00000013 1841406.99999985, 6281990 1838723.99999983, 6281435 1838724.99999984))","[[1.6133759414328832, 0.005682899280773707, 0.0], [0.005285512126647518, 3.7615667109332662, 0.0], [6279871.0913900295, 1834325.5031298369, 1.0000000000000002]]"
" https://lh3.googleusercontent.com/d/1djwCzJ2b-FE1AGoaKom4iTn35d7VgCfU
",Columbia,"POLYGON ((856.5 1737.5, 851.5 1292, 1284.5 1287.5, 1288.5 1735.5, 856.5 1737.5))","POLYGON ((6278946 1841436.99999983, 6278953.17300012 1842563.14399985, 6279780 1842558.99999987, 6279769 1841430.99999986, 6278946 1841436.99999983))","[[1.9073152033684477, 0.007235911853678861, 0.0], [0.00114510384901223, 2.5227380883568458, 0.0], [6277319.006468364, 1838172.5736952457, 0.9999999999999997]]"
" https://lh3.googleusercontent.com/d/1e9zBeIdcLc213gLZljiFT3HIaUapJ83s
",City Center,"POLYGON ((420.5 1618, 416.5 1388, 1336.5 1387.5, 1336.5 1622, 420.5 1618))","POLYGON ((6280315 1841426.99999984, 6280318 1842176.99899985, 6283399.60100012 1842164.96199983, 6283395.99999989 1841402.99999985, 6280315 1841426.99999984))","[[3.3565470576310825, -0.02583008812480053, 0.0], [-0.014399211145246227, 3.255193235193019, 0.0], [6278933.434820592, 1836920.2524255957, 0.9999999999999999]]"
" https://lh3.googleusercontent.com/d/1ezUu44N9sEIeolireFvQC9jeaKSdad4b
",Columbia,"POLYGON ((852.5 1746.5, 851.5 1300, 1286.5 1299.5, 1288.5 1747.5, 852.5 1746.5))","POLYGON ((6278946 1841436.99999983, 6278953.17300012 1842563.14399985, 6279780 1842558.99999987, 6279769 1841430.99999986, 6278946 1841436.99999983))","[[1.8941701497270842, -0.013095528444805393, 0.0], [0.013967238012810412, 2.5200448108082583, 0.0], [6277314.477391146, 1838172.5716777404, 0.9999999999999998]]"
" https://lh3.googleusercontent.com/d/1gNSp-waDvLoo0ho_L3Ok5NTyeyP4eoeD
",Golden Hill,"POLYGON ((231.5 1619, 226.5 1290, 1160 1289, 1159.5 1615, 231.5 1619))","POLYGON ((6285851.602057546 1841024.0836843997, 6285845.135206968 1842159.1903380603, 6289136.307430387 1842152.8734215647, 6289139.730979964 1841108.5644865632, 6285851.602057546 1841024.0836843997))","[[3.5342667898311557, 0.051054940897054084, 0.0], [-0.039538213518426346, 3.327567190801801, 0.0], [6285096.546325318, 1836739.939688028, 1.0000000000000002]]"
" https://lh3.googleusercontent.com/d/1h8CwU7Kdmd3afmj3h9Hs_ZiLkCeptZcH
",East Village,"POLYGON ((296.5 1462, 285.5 1050.5, 1240.5 1031.5, 1249.5 1452.5, 296.5 1462))","POLYGON ((6282272 1839874.99999986, 6282274 1841025.99999984, 6284997.99899991 1841020.99999985, 6284995.00099991 1839861.99999983, 6282272 1839874.99999986))","[[2.853884387844413, 0.03200911645028556, 0.0], [-0.06245848187882075, 2.773756002239452, 0.0], [6281520.985241271, 1836956.649032114, 1.0]]"
" https://lh3.googleusercontent.com/d/1hYilnSwObzq8ahZzkTxA7YIqXoN4xtOG
",East Village,"POLYGON ((261.5 1454, 258.5 1016.5, 1250.5 1018.5, 1249.5 1452.5, 261.5 1454))","POLYGON ((6282272 1839874.99999986, 6282274 1841025.99999984, 6284997.99899991 1841020.99999985, 6284995.00099991 1839861.99999983, 6282272 1839874.99999986))","[[2.7509980420901368, -0.009777791240898465, 0.0], [-0.000633590449069743, 2.6505454359321448, 0.0], [6281558.5291999765, 1837178.964664316, 1.0000000000000002]]"
" https://lh3.googleusercontent.com/d/1iJr2kFcB7PMxL0Ddq80PCT3JGDAsQaM_
",Cortez,"POLYGON ((538.5 1565.5, 534 1288, 1292.5 1285.5, 1295.5 1566.5, 538.5 1565.5))","POLYGON ((6280594 1842941.99999986, 6280598.99400006 1843695.21999986, 6282840 1843687.99999984, 6282836.99999987 1842925.99999983, 6280594 1842941.99999986))","[[2.9587366072600965, -0.012635751916946533, 0.0], [-0.025390613631316228, 2.713178448679173, 0.0], [6279046.10119878, 1839454.3583825855, 0.9999999999999994]]"
" https://lh3.googleusercontent.com/d/1jv2a0l28JMc4frk3WE16jLLRvAb_SGvH
",Sherman Heights,"POLYGON ((219.5 1846.5, 211.5 1134.5, 692.5 1143.5, 693 1847, 219.5 1846.5))","POLYGON ((6285842.880290225 1838320.4808238894, 6285858.862213641 1840242.7000765651, 6287154.647679806 1840266.7971412241, 6287147.123088554 1838309.2908856422, 6285842.880290225 1838320.4808238894))","[[2.723868962043416, -0.014233792652923882, 0.0], [0.00019947415239585098, 2.740726535198746, 0.0], [6285263.603535705, 1835199.7190266878, 1.0000000000000002]]"
" https://lh3.googleusercontent.com/d/1jyudTsZMN5QToO7AHCZvD2DmJGZigvUf
",East Village South,"POLYGON ((312.5 1688.5, 311 1144.5, 1242 1114.5, 1243.5 1685.5, 312.5 1688.5))","POLYGON ((6282272.21743156 1837990.84746804, 6282272 1839874.99999986, 6284995.00099991 1839861.99999983, 6284987 1837946.99999986, 6282272.21743156 1837990.84746804))","[[2.92038679756445, 0.02983338178630243, 0.0], [-0.0006978779811106506, 3.4059042702501756, 0.0], [6281362.666756121, 1834099.1591823234, 1.0000000000000002]]"
" https://lh3.googleusercontent.com/d/1kCMxfov8ZOlPP-gonASdGTJICiw8gcmy
",Cortez,"POLYGON ((547.5 1558.5, 546 1285, 1289.5 1285.5, 1291.5 1556.5, 547.5 1558.5))","POLYGON ((6280594 1842941.99999986, 6280598.99400006 1843695.21999986, 6282840 1843687.99999984, 6282836.99999987 1842925.99999983, 6280594 1842941.99999986))","[[3.01445229080076, -0.012800305249340378, 0.0], [-0.004665669815040019, 2.7827227424513694, 0.0], [6278954.978930778, 1839369.2711422055, 1.0000000000000002]]"
" https://lh3.googleusercontent.com/d/1kIk8VEu5j-KVBYL3xLXr2Xi6934Q5yeK
",East Village,"POLYGON ((261.5 1454, 258.5 1016.5, 1244.5 1004.5, 1246.5 1446.5, 261.5 1454))","POLYGON ((6282272 1839874.99999986, 6282274 1841025.99999984, 6284997.99899991 1841020.99999985, 6284995.00099991 1839861.99999983, 6282272 1839874.99999986))","[[2.763471796076261, 0.01685250121268689, 0.0], [-0.010005601810917142, 2.6263744503783073, 0.0], [6281566.857247779, 1837201.8888151706, 0.9999999999999996]]"
" https://lh3.googleusercontent.com/d/1kpa7UYa3zwjNwZ0Aai9fJPMTwIRCy1Ia
",Marina,"POLYGON ((381 1630, 377 1504, 1172 1087, 1181.5 1624.5, 381 1630))","POLYGON ((6278929 1839874.99999984, 6278933 1840277.99999986, 6281151 1840266.99999984, 6281156.999 1838723.99999984, 6278929 1839874.99999984))","[[2.770718211009268, 0.03629679837589684, 0.0], [-0.05992693365260493, 2.8871600147563186, 0.0], [6277974.80304428, 1835538.5421612444, 1.0]]"
" https://lh3.googleusercontent.com/d/1ku4P4fAyhQWu4ky__WdIJbiZCUQHds2G
",Golden Hill,"POLYGON ((231.5 1627, 226.5 1298, 1160 1297, 1159.5 1623, 231.5 1627))","POLYGON ((6285851.602057546 1841024.0836843997, 6285845.135206968 1842159.1903380603, 6289136.307430387 1842152.8734215647, 6289139.730979964 1841108.5644865632, 6285851.602057546 1841024.0836843997))","[[3.5342667898282487, 0.051054940896172345, 0.0], [-0.03953821351296938, 3.3275671908024833, 0.0], [6285096.862631025, 1836713.319150502, 0.9999999999999996]]"
" https://lh3.googleusercontent.com/d/1lKx2jGJzfhI4LhHpd29tt3tGw0ij251E
",Sherman Heights,"POLYGON ((229.5 1830.5, 219.5 1144.5, 682.5 1151.5, 687 1829, 229.5 1830.5))","POLYGON ((6285842.880290225 1838320.4808238894, 6285858.862213641 1840242.7000765651, 6287154.647679806 1840266.7971412241, 6287147.123088554 1838309.2908856422, 6285842.880290225 1838320.4808238894))","[[2.8246147446119165, -0.0033577246050646853, 0.0], [-0.01282998077567754, 2.8451815033167804, 0.0], [6285235.840077427, 1835050.224126632, 0.9999999999999993]]"
" https://lh3.googleusercontent.com/d/1lLSJKzWOlj86nhUzmiT0WtHH_8v2SmZO
",Cortez,"POLYGON ((534.5 1560.5, 531 1283, 1296.5 1280.5, 1295.5 1560.5, 534.5 1560.5))","POLYGON ((6280594 1842941.99999986, 6280598.99400006 1843695.21999986, 6282840 1843687.99999984, 6282836.99999987 1842925.99999983, 6280594 1842941.99999986))","[[2.9374228496768056, -0.010763744143087799, 0.0], [0.00125670657507726, 2.7179472079578773, 0.0], [6279029.806544675, 1839460.1043724886, 0.9999999999999999]]"
" https://lh3.googleusercontent.com/d/1mq1Xm56BQyiFGDdyY1BAmw4keW3FRI1m
",East Village,"POLYGON ((263.5 1457, 268.5 1034.5, 1251.5 1036.5, 1249.5 1460.5, 263.5 1457))","POLYGON ((6282272 1839874.99999986, 6282274 1841025.99999984, 6284997.99899991 1841020.99999985, 6284995.00099991 1839861.99999983, 6282272 1839874.99999986))","[[2.766292818621674, -0.016760837508988484, 0.0], [0.028764452561517828, 2.7287532745247063, 0.0], [6281501.335602327, 1837055.6124773922, 1.0000000000000002]]"
" https://lh3.googleusercontent.com/d/1nnrFZZsRlDyd_rGZbfNRGH_F9zt8A2d5
",Golden Hill,"POLYGON ((253.5 1608, 246.5 1292, 1147 1295, 1146.5 1609, 253.5 1608))","POLYGON ((6285851.602057546 1841024.0836843997, 6285845.135206968 1842159.1903380603, 6289136.307430387 1842152.8734215647, 6289139.730979964 1841108.5644865632, 6285851.602057546 1841024.0836843997))","[[3.6684633190720777, 0.03606067485648184, 0.0], [-0.053700428830779856, 3.4594355617803103, 0.0], [6285009.15017049, 1836566.3531087004, 0.9999999999999998]]"
" https://lh3.googleusercontent.com/d/1osThmVt7tSihDYGZY7_nC9l9YdlDq0OZ
",Marina,"POLYGON ((347 1630, 345 1496, 1178 1069, 1179.5 1624.5, 347 1630))","POLYGON ((6278929 1839874.99999984, 6278933 1840277.99999986, 6281151 1840266.99999984, 6281156.999 1838723.99999984, 6278929 1839874.99999984))","[[2.6649117923211314, 0.026925711142738545, 0.0], [-0.01755010110719013, 2.7902604927921857, 0.0], [6278036.37082568, 1835705.992276363, 1.0000000000000002]]"
" https://lh3.googleusercontent.com/d/1p5B2J9sRx3ZpVbI0R4LSi9L02eTMQy1c
",East Village South,"POLYGON ((312.5 1688.5, 311 1144.5, 1241 1109.5, 1243.5 1685.5, 312.5 1688.5))","POLYGON ((6282272.21743156 1837990.84746804, 6282272 1839874.99999986, 6284995.00099991 1839861.99999983, 6284987 1837946.99999986, 6282272.21743156 1837990.84746804))","[[2.9219016242719, 0.03865384478396751, 0.0], [-0.003347821991155797, 3.3899799142154734, 0.0], [6281365.947431347, 1834118.9760901981, 1.0]]"
" https://lh3.googleusercontent.com/d/1pEbMNuZh-FL-eGRTu5enuWCcp7ifZqOj
",Cortez,"POLYGON ((529.5 1560.5, 533 1275, 1293.5 1279.5, 1294.5 1559.5, 529.5 1560.5))","POLYGON ((6280594 1842941.99999986, 6280598.99400006 1843695.21999986, 6282840 1843687.99999984, 6282836.99999987 1842925.99999983, 6280594 1842941.99999986))","[[2.939276251037821, -0.02132218712825037, 0.0], [0.027389982015847636, 2.6789330439949026, 0.0], [6278996.185398143, 1839531.8627713372, 0.9999999999999998]]"
" https://lh3.googleusercontent.com/d/1pXz2LR5eQsS0htH7rNV4HfUqX-KLEVYE
",East Village South,"POLYGON ((353.5 1691.5, 338 1155.5, 1240.5 1132.5, 1251 1687, 353.5 1691.5))","POLYGON ((6282272.21743156 1837990.84746804, 6282272 1839874.99999986, 6284995.00099991 1839861.99999983, 6284987 1837946.99999986, 6282272.21743156 1837990.84746804))","[[3.0199645267325512, 0.021684135688000865, 0.0], [-0.06448560428634664, 3.4828274900930865, 0.0], [6281319.769754889, 1833967.5962227692, 1.0]]"
" https://lh3.googleusercontent.com/d/1q8lZK905P2QRm3N_343ujDDVZVKOH0IL
",Sherman Heights,"POLYGON ((243.5 1830.5, 237.5 1142.5, 702.5 1149.5, 707 1827, 243.5 1830.5))","POLYGON ((6285842.880290225 1838320.4808238894, 6285858.862213641 1840242.7000765651, 6287154.647679806 1840266.7971412241, 6287147.123088554 1838309.2908856422, 6285842.880290225 1838320.4808238894))","[[2.8002691115466267, 0.0030851673960640134, 0.0], [-0.004293846972359461, 2.8408587509111385, 0.0], [6285183.787689864, 1835057.9368199564, 1.0000000000000007]]"
" https://lh3.googleusercontent.com/d/1qKqJCMEj5tEjh3lMq8Q3kbkUuE9qCzU7
",Gaslamp,"POLYGON ((981.5 1896.5, 980 1158, 1349 1157.5, 1337.5 1900.5, 981.5 1896.5))","POLYGON ((6281435 1838724.99999984, 6281433.0009999 1841407.99999986, 6281993.00000013 1841406.99999985, 6281990 1838723.99999983, 6281435 1838724.99999984))","[[1.5372608467193034, -0.019834844753048735, 0.0], [0.011103878711764992, 3.6218364247506543, 0.0], [6279909.4850314725, 1834554.429302879, 0.9999999999999997]]"
" https://lh3.googleusercontent.com/d/1qYOo9Z8uDf3nULb338mOrP04pFtUI2Ve
",Golden Hill,"POLYGON ((225.5 1613, 225.5 1285, 1163 1287, 1158.5 1612, 225.5 1613))","POLYGON ((6285851.602057546 1841024.0836843997, 6285845.135206968 1842159.1903380603, 6289136.307430387 1842152.8734215647, 6289139.730979964 1841108.5644865632, 6285851.602057546 1841024.0836843997))","[[3.517373168521426, 0.04010708375380409, 0.0], [0.008960224442489562, 3.3383860225685567, 0.0], [6285042.22903601, 1836745.2228170123, 1.0000000000000002]]"
" https://lh3.googleusercontent.com/d/1qYXD_oaQfzIDvKAUlQ2j5-dNhYIacRmd
",Sherman Heights,"POLYGON ((219.5 1840.5, 207.5 1126.5, 688.5 1131.5, 695 1837, 219.5 1840.5))","POLYGON ((6285842.880290225 1838320.4808238894, 6285858.862213641 1840242.7000765651, 6287154.647679806 1840266.7971412241, 6287147.123088554 1838309.2908856422, 6285842.880290225 1838320.4808238894))","[[2.7182654737699306, 0.008863509860338448, 0.0], [-0.018893468651185685, 2.7328011242502726, 0.0], [6285298.5589538, 1835225.6701174367, 0.9999999999999999]]"
" https://lh3.googleusercontent.com/d/1qee35BarQYSHvkJUhbVgLfDK0rUpEXzH
",Marina,"POLYGON ((347 1632, 345 1498, 1180 1079, 1177.5 1636.5, 347 1632))","POLYGON ((6278929 1839874.99999984, 6278933 1840277.99999986, 6281151 1840266.99999984, 6281156.999 1838723.99999984, 6278929 1839874.99999984))","[[2.669613702498812, -0.005549928189278108, 0.0], [0.0005960402168057044, 2.7808482796729095, 0.0], [6278006.381965278, 1835726.368971639, 0.9999999999999998]]"
" https://lh3.googleusercontent.com/d/1rRG3c_4diWr8j18dzccItLCFP00eifeJ
",Gaslamp,"POLYGON ((994.5 1878.5, 983.5 1171.5, 1332 1169.5, 1340.5 1883.5, 994.5 1878.5))","POLYGON ((6281435 1838724.99999984, 6281433.0009999 1841407.99999986, 6281993.00000013 1841406.99999985, 6281990 1838723.99999983, 6281435 1838724.99999984))","[[1.6055127983448154, -0.019049895949672966, 0.0], [-0.02129577424875606, 3.7763833984602115, 0.0], [6279878.632960399, 1834326.3309149244, 1.0000000000000002]]"
" https://lh3.googleusercontent.com/d/1s2c3bbmjNp31tPhNajdjJHPjZfcPD9Fy
",Columbia,"POLYGON ((852.5 1753.5, 851.5 1304, 1286.5 1307.5, 1285.5 1754.5, 852.5 1753.5))","POLYGON ((6278946 1841436.99999983, 6278953.17300012 1842563.14399985, 6279780 1842558.99999987, 6279769 1841430.99999986, 6278946 1841436.99999983))","[[1.9005969979330974, -0.02474338121850328, 0.0], [0.020247267725608253, 2.514357531427777, 0.0], [6277299.32927053, 1838177.3339459826, 0.9999999999999999]]"
" https://lh3.googleusercontent.com/d/1tG8pemAQ9p0wVLUHRiRFTfUFgjtup9E9
",Marina,"POLYGON ((353 1624, 351 1498, 1146 1085, 1151.5 1622.5, 353 1624))","POLYGON ((6278929 1839874.99999984, 6278933 1840277.99999986, 6281151 1840266.99999984, 6281156.999 1838723.99999984, 6278929 1839874.99999984))","[[2.7801522500487006, 0.021919616839490855, 0.0], [-0.038188859300134936, 2.8875611679923168, 0.0], [6278011.998494193, 1835561.2926101563, 1.0000000000000004]]"
" https://lh3.googleusercontent.com/d/1tMBcsFsnfpBIjyM6pcJA0OyBoD8-J8-t
",Columbia,"POLYGON ((856.5 1734.5, 851.5 1305, 1270.5 1305.5, 1273.5 1735.5, 856.5 1734.5))","POLYGON ((6278946 1841436.99999983, 6278953.17300012 1842563.14399985, 6279780 1842558.99999987, 6279769 1841430.99999986, 6278946 1841436.99999983))","[[1.9734499892105322, -0.016841380889276825, 0.0], [0.0027806331108877202, 2.6227795583577063, 0.0], [6277260.039001591, 1838028.4856115896, 1.0]]"
" https://lh3.googleusercontent.com/d/1uapMwBP10goQ699OV87gpLoW1zFc7Cfd
",Columbia,"POLYGON ((842.5 1743.5, 837.5 1312, 1255.5 1312.5, 1259.5 1742.5, 842.5 1743.5))","POLYGON ((6278946 1841436.99999983, 6278953.17300012 1842563.14399985, 6279780 1842558.99999987, 6279769 1841430.99999986, 6278946 1841436.99999983))","[[1.9758327897823398, -0.01058980326258059, 0.0], [0.00044155100204079645, 2.6166329161046633, 0.0], [6277289.214087398, 1838011.4081975594, 1.0000000000000002]]"
" https://lh3.googleusercontent.com/d/1udsy7Aey5WL57FQKi18qb9mxaxWxr29j
",Sherman Heights,"POLYGON ((211.5 1834.5, 209.5 1122.5, 694.5 1131.5, 685 1837, 211.5 1834.5))","POLYGON ((6285842.880290225 1838320.4808238894, 6285858.862213641 1840242.7000765651, 6287154.647679806 1840266.7971412241, 6287147.123088554 1838309.2908856422, 6285842.880290225 1838320.4808238894))","[[2.711943096638413, -0.02003270599729149, 0.0], [0.030859383983624866, 2.736746452750367, 0.0], [6285234.450611752, 1835239.6866771805, 0.9999999999999999]]"
" https://lh3.googleusercontent.com/d/1ugbbuRIedruV2YL-f2VPvVBwUYjxhdYS
",Sherman Heights,"POLYGON ((239.5 1826.5, 229.5 1140.5, 696.5 1149.5, 697 1827, 239.5 1826.5))","POLYGON ((6285842.880290225 1838320.4808238894, 6285858.862213641 1840242.7000765651, 6287154.647679806 1840266.7971412241, 6287147.123088554 1838309.2908856422, 6285842.880290225 1838320.4808238894))","[[2.812206650931087, -0.01593116677078884, 0.0], [-0.004498676326875284, 2.8452711421491585, 0.0], [6285198.129066925, 1835064.517923022, 1.0]]"
" https://lh3.googleusercontent.com/d/1v4D8-CYvdCx_FwLUq39zyNjvaTShgWgx
",East Village South,"POLYGON ((331.5 1686.5, 328 1155.5, 1222.5 1131.5, 1230 1686, 331.5 1686.5))","POLYGON ((6282272.21743156 1837990.84746804, 6282272 1839874.99999986, 6284995.00099991 1839861.99999983, 6284987 1837946.99999986, 6282272.21743156 1837990.84746804))","[[3.0324582737353047, 0.016041973095294676, 0.0], [-0.02362624565830629, 3.498719560592235, 0.0], [6281305.730255227, 1833955.9803735362, 0.9999999999999999]]"
" https://lh3.googleusercontent.com/d/1vV-0DZiSMBlNX_Gm_1x_Fh4XlvV9ritj
",Cortez,"POLYGON ((538.5 1565.5, 535 1285, 1294.5 1285.5, 1297.5 1566.5, 538.5 1565.5))","POLYGON ((6280594 1842941.99999986, 6280598.99400006 1843695.21999986, 6282840 1843687.99999984, 6282836.99999987 1842925.99999983, 6280594 1842941.99999986))","[[2.9529378269302016, -0.017958896509353027, 0.0], [-0.019947547827541712, 2.698741492807585, 0.0], [6279039.9378216965, 1839481.868742951, 0.9999999999999998]]"
" https://lh3.googleusercontent.com/d/1vxLNSyOZkw_0ZvVAa9ci7TBzeaiZz5Nl
",East Village South,"POLYGON ((317.5 1688.5, 319 1148.5, 1252 1123.5, 1244.5 1694.5, 317.5 1688.5))","POLYGON ((6282272.21743156 1837990.84746804, 6282272 1839874.99999986, 6284995.00099991 1839861.99999983, 6284987 1837946.99999986, 6282272.21743156 1837990.84746804))","[[2.9238182148289638, 0.00447394122801425, 0.0], [0.0313126463070148, 3.4177335301512812, 0.0], [6281297.205737384, 1834083.386874179, 0.9999999999999997]]"
" https://lh3.googleusercontent.com/d/1vzt9x2YrkERF1WGjztNtPYkJlTXQSUym
",Barrio Logan,"POLYGON ((457.5 1492.5, 1027.5 1013.5, 1232.5 1265.5, 528 1853, 457.5 1492.5))","POLYGON ((6284815.309510723 1836171.631447062, 6284995.965973556 1837498.1724291444, 6287564.770219132 1835343.8962258995, 6286846.508204222 1834458.5886133164, 6284815.309510723 1836171.631447062))","[[3.517882818568809, -0.012156243246268805, 0.0], [-0.11429914840937272, 3.61627880161177, 0.0], [6283362.035195047, 1830792.9954208024, 1.0]]"
" https://lh3.googleusercontent.com/d/1w3FSHtbr_d9nL8wo4_FiBdSDhVQ4TrrG
",Columbia,"POLYGON ((852.5 1754.5, 851.5 1304, 1284.5 1306.5, 1285.5 1752.5, 852.5 1754.5))","POLYGON ((6278946 1841436.99999983, 6278953.17300012 1842563.14399985, 6279780 1842558.99999987, 6279769 1841430.99999986, 6278946 1841436.99999983))","[[1.9051028240874195, -0.013165145890895149, 0.0], [0.015999133579498448, 2.514338226997097, 0.0], [6277301.972207574, 1838166.2369323226, 1.0]]"
" https://lh3.googleusercontent.com/d/1wHUi4q42gMyS2yBP39HXXS88ArKtUHbu
",City Center,"POLYGON ((420.5 1618, 416.5 1376, 1370.5 1366.5, 1370.5 1611, 420.5 1618))","POLYGON ((6280315 1841426.99999984, 6280318 1842176.99899985, 6283399.60100012 1842164.96199983, 6283395.99999989 1841402.99999985, 6280315 1841426.99999984))","[[3.2365333304791344, 0.00800051028766627, 0.0], [-0.012900975390039093, 3.107811734805864, 0.0], [6278981.330729524, 1837146.259349793, 1.0000000000000009]]"
" https://lh3.googleusercontent.com/d/1wbEgx-Wy26p765msTw-OADlurCpI9jRj
",Marina,"POLYGON ((345 1630, 345 1496, 1178 1071, 1181.5 1628.5, 345 1630))","POLYGON ((6278929 1839874.99999984, 6278933 1840277.99999986, 6281151 1840266.99999984, 6281156.999 1838723.99999984, 6278929 1839874.99999984))","[[2.656855893142523, 0.014339041893249091, 0.0], [-0.024316021594131598, 2.7807024715177704, 0.0], [6278052.392484412, 1835725.3227108242, 1.0]]"
" https://lh3.googleusercontent.com/d/1wbU5OxnrZE7T0QsBtfb76tifbW0jXLp-
",Barrio Logan,"POLYGON ((452.5 1483.5, 1035.5 1011.5, 1236.5 1260.5, 516 1846, 452.5 1483.5))","POLYGON ((6284815.309510723 1836171.631447062, 6284995.965973556 1837498.1724291444, 6287564.770219132 1835343.8962258995, 6286846.508204222 1834458.5886133164, 6284815.309510723 1836171.631447062))","[[3.49808065880272, -0.0254930781650446, 0.0], [-0.043247559035080485, 3.6282137250116193, 0.0], [6283282.318683675, 1830807.86496364, 1.0000000000000004]]"
" https://lh3.googleusercontent.com/d/1xQ2Up-Tsx26MrZjH_nhKN6g8r6-m6v_y
",Columbia,"POLYGON ((863.5 1731.5, 861.5 1301, 1283.5 1302.5, 1286.5 1732.5, 863.5 1731.5))","POLYGON ((6278946 1841436.99999983, 6278953.17300012 1842563.14399985, 6279780 1842558.99999987, 6279769 1841430.99999986, 6278946 1841436.99999983))","[[1.9524317136215554, -0.019750813159004624, 0.0], [0.009773088779184036, 2.6196872656205414, 0.0], [6277250.795143491, 1838045.0053144442, 0.9999999999999994]]"
" https://lh3.googleusercontent.com/d/1xix96nkh9iuIikTWN4eN5oD74ZlIG5Z0
",East Village South,"POLYGON ((312.5 1694.5, 315 1148.5, 1247 1127.5, 1247.5 1695.5, 312.5 1694.5))","POLYGON ((6282272.21743156 1837990.84746804, 6282272 1839874.99999986, 6284995.00099991 1839861.99999983, 6284987 1837946.99999986, 6282272.21743156 1837990.84746804))","[[2.912708265608815, 0.006037780982686232, 0.0], [0.012202331270600553, 3.4095967553209903, 0.0], [6281340.901204315, 1834084.3055749289, 0.9999999999999999]]"
" https://lh3.googleusercontent.com/d/1xrSNibFCsn5vrRHqYt9AbFMt6-cXyjSN
",Barrio Logan,"POLYGON ((436.5 1488.5, 1011.5 1013.5, 1211.5 1263.5, 504 1842, 436.5 1488.5))","POLYGON ((6284815.309510723 1836171.631447062, 6284995.965973556 1837498.1724291444, 6287564.770219132 1835343.8962258995, 6286846.508204222 1834458.5886133164, 6284815.309510723 1836171.631447062))","[[3.530364156788673, -0.0074731686247981296, 0.0], [-0.07464953069484181, 3.667695539680608, 0.0], [6283368.211035251, 1830732.3318364015, 1.0]]"
" https://lh3.googleusercontent.com/d/1yBHMVCSA9wbc9zYuDAY627_I3GaWRE5L
",Golden Hill,"POLYGON ((231.5 1622, 226.5 1293, 1160 1292, 1159.5 1618, 231.5 1622))","POLYGON ((6285851.602057546 1841024.0836843997, 6285845.135206968 1842159.1903380603, 6289136.307430387 1842152.8734215647, 6289139.730979964 1841108.5644865632, 6285851.602057546 1841024.0836843997))","[[3.5342667898348683, 0.05105494089728397, 0.0], [-0.03953821351933584, 3.3275671908031654, 0.0], [6285096.66493996, 1836729.9569864548, 1.0000000000000002]]"
" https://lh3.googleusercontent.com/d/1ycRt4ppKdhDXPsF9log2WBG7e0dxQb4K
",City Center,"POLYGON ((415.5 1627, 415.5 1388, 1366.5 1385.5, 1367.5 1628, 415.5 1627))","POLYGON ((6280315 1841426.99999984, 6280318 1842176.99899985, 6283399.60100012 1842164.96199983, 6283395.99999989 1841402.99999985, 6280315 1841426.99999984))","[[3.238365752347673, -0.016461508967125598, 0.0], [0.006943473763385555, 3.140155039477122, 0.0], [6278960.492090323, 1837075.0554058359, 1.0000000000000002]]"
" https://lh3.googleusercontent.com/d/1zRkYbe5DIRRRQQF0PU_dl6R-J-RjIa4t
",City Center,"POLYGON ((431.5 1622, 428.5 1392, 1344.5 1381.5, 1349.5 1616, 431.5 1622))","POLYGON ((6280315 1841426.99999984, 6280318 1842176.99899985, 6283399.60100012 1842164.96199983, 6283395.99999989 1841402.99999985, 6280315 1841426.99999984))","[[3.3597995926675788, 0.009631666214492584, 0.0], [-0.043778222689979884, 3.2548065895471154, 0.0], [6278937.761508338, 1836892.8650611443, 0.9999999999999999]]"
"https://lh3.googleusercontent.com/d/10mmmOHFcAh49dPmh3EFJysg3mAc8vc2m
",Golden Hill,"POLYGON ((229.5 1616.5, 228 1291, 1164.5 1290, 1161.5 1615, 229.5 1616.5))","POLYGON ((6285851.602057546 1841024.0836843997, 6285845.135206968 1842159.1903380603, 6289136.307430387 1842152.8734215647, 6289139.730979964 1841108.5644865632, 6285851.602057546 1841024.0836843997))","[[3.521133467561063, 0.046430042287408546, 0.0], [-0.007107441103471501, 3.3505832426160396, 0.0], [6285053.253167328, 1836710.0522025446, 1.0000000000000004]]"
"https://lh3.googleusercontent.com/d/11V_Bt43y1_rRW8HBB9_5uaVNzgDj_TWs
",City Center,"POLYGON ((410.5 1627.5, 409.5 1389, 1366.5 1390, 1364 1629.5, 410.5 1627.5))","POLYGON ((6280315 1841426.99999984, 6280318 1842176.99899985, 6283399.60100012 1842164.96199983, 6283395.99999989 1841402.99999985, 6280315 1841426.99999984))","[[3.225599229592164, -0.02383781194979541, 0.0], [0.02398401870868838, 3.163061880273517, 0.0], [6278957.835849603, 1837041.0889103413, 1.0]]"
"https://lh3.googleusercontent.com/d/148Fa7klb7fld6eKZCtpdjeIKjXDYl8Lk
",East Village,"POLYGON ((263 1458, 266 1035, 1252 1034, 1248.5 1466.5, 263 1458))","POLYGON ((6282272 1839874.99999986, 6282274 1841025.99999984, 6284997.99899991 1841020.99999985, 6284995.00099991 1839861.99999983, 6282272 1839874.99999986))","[[2.762768491696665, -0.019398761667028638, 0.0], [0.026861002583245863, 2.699798704256409, 0.0], [6281508.765609461, 1837090.3309295375, 0.9999999999999997]]"
"https://lh3.googleusercontent.com/d/14Vm6kNGyiUO7IQHwyGC-gxTKhztbX4Ve
",Marina,"POLYGON ((305 1650, 307 1503.5, 1208 1057.5, 1202 1651, 305 1650))","POLYGON ((6278929 1839874.99999984, 6278933 1840277.99999986, 6281151 1840266.99999984, 6281156.999 1838723.99999984, 6278929 1839874.99999984))","[[2.477097067683333, -0.0006861835842610247, 0.0], [0.017584761085345235, 2.608490585869049, 0.0], [6278145.282447995, 1835963.7754579522, 0.9999999999999997]]"
"https://lh3.googleusercontent.com/d/155Ij6Ywh5j088ptvK3OCa-uaK0NYhdXJ
",East Village South,"POLYGON ((317 1694, 320 1147, 1252.5 1123, 1257 1684.5, 317 1694))","POLYGON ((6282272.21743156 1837990.84746804, 6282272 1839874.99999986, 6284995.00099991 1839861.99999983, 6284987 1837946.99999986, 6282272.21743156 1837990.84746804))","[[2.904046663210091, 0.03091138975496509, 0.0], [0.002929995736849378, 3.427022400547912, 0.0], [6281343.021381189, 1834055.012187557, 1.0]]"
"https://lh3.googleusercontent.com/d/15evkHjkJbvqdqIJ8nC33LD-mBgsSWfLk
",Marina,"POLYGON ((341 1630, 343 1493.5, 1184 1079.5, 1180 1633, 341 1630))","POLYGON ((6278929 1839874.99999984, 6278933 1840277.99999986, 6281151 1840266.99999984, 6281156.999 1838723.99999984, 6278929 1839874.99999984))","[[2.649292283878818, -0.007395716462695176, 0.0], [0.011730756717952318, 2.7970822427544135, 0.0], [6278006.623855635, 1835710.6925436116, 0.9999999999999997]]"
"https://lh3.googleusercontent.com/d/15r_81uwdciDo-xsqyFopLn9aausk3ydG
",Sherman Heights,"POLYGON ((214 1864, 208 1157, 694 1163.5, 691.5 1861.5, 214 1864))","POLYGON ((6285842.880290225 1838320.4808238894, 6285858.862213641 1840242.7000765651, 6287154.647679806 1840266.7971412241, 6287147.123088554 1838309.2908856422, 6285842.880290225 1838320.4808238894))","[[2.698350091071361, 0.001384031292021553, 0.0], [0.009942587120349344, 2.7610938627424275, 0.0], [6285266.533150237, 1835110.7984491584, 1.0]]"
"https://lh3.googleusercontent.com/d/16VRROE_LkeQ2EnxRc16Ah-gSr8Zw2iKy
",Columbia,"POLYGON ((853 1783, 853.5 1306, 1321.5 1305, 1319 1781.5, 853 1783))","POLYGON ((6278946 1841436.99999983, 6278953.17300012 1842563.14399985, 6279780 1842558.99999987, 6279769 1841430.99999986, 6278946 1841436.99999983))","[[1.7664590295027052, -0.004539986534091353, 0.0], [0.02461297305444532, 2.364057445924118, 0.0], [6277404.344545938, 1838352.6606408907, 1.0]]"
"https://lh3.googleusercontent.com/d/17vz0hbrFa_synVZRWQGrcrhSvQq54V1k
",Golden Hill,"POLYGON ((231.5 1622.5, 230 1297, 1170.5 1295, 1167.5 1620, 231.5 1622.5))","POLYGON ((6285851.602057546 1841024.0836843997, 6285845.135206968 1842159.1903380603, 6289136.307430387 1842152.8734215647, 6289139.730979964 1841108.5644865632, 6285851.602057546 1841024.0836843997))","[[3.50611450509771, 0.049802712966907435, 0.0], [-0.007142204960473464, 3.3505920040538513, 0.0], [6285049.769828168, 1836689.0650469956, 1.0]]"
"https://lh3.googleusercontent.com/d/184AfkcjaUqYHCYl8MAbWau_9maFg2Fyg
",Gaslamp,"POLYGON ((981.5 1899, 985 1160, 1345 1162, 1337 1897, 981.5 1899))","POLYGON ((6281435 1838724.99999984, 6281433.0009999 1841407.99999986, 6281993.00000013 1841406.99999985, 6281990 1838723.99999983, 6281435 1838724.99999984))","[[1.558242642114104, -0.002924016455156216, 0.0], [0.0128141496270473, 3.6403845955128418, 0.0], [6279882.278277701, 1834501.4298336355, 0.9999999999999998]]"
"https://lh3.googleusercontent.com/d/19MO8O6UfGTjOZ_PoNCIzIQZUwucqGAu1
",City Center,"POLYGON ((414.5 1624.5, 417.5 1388, 1366.5 1394, 1364 1631.5, 414.5 1624.5))","POLYGON ((6280315 1841426.99999984, 6280318 1842176.99899985, 6283399.60100012 1842164.96199983, 6283395.99999989 1841402.99999985, 6280315 1841426.99999984))","[[3.245683508597507, -0.040819733922413164, 0.0], [0.051582284504547715, 3.189356496456867, 0.0], [6278888.599916697, 1837015.0116939652, 0.9999999999999994]]"
"https://lh3.googleusercontent.com/d/1AbVG7EleBghKOgocIzMuXiZj6sGwJJNR
",Gaslamp,"POLYGON ((985 1894, 985 1153, 1344 1154, 1341 1890, 985 1894))","POLYGON ((6281435 1838724.99999984, 6281433.0009999 1841407.99999986, 6281993.00000013 1841406.99999985, 6281990 1838723.99999983, 6281435 1838724.99999984))","[[1.559398107581954, 0.012339073842755711, 0.0], [0.0038228076309678727, 3.6330231841220666, 0.0], [6279892.179521992, 1834519.4543490394, 1.0000000000000002]]"
"https://lh3.googleusercontent.com/d/1AfUw_YuOg4N0kRTvjM6KwvMjjBCaAst2
",City Center,"POLYGON ((416.5 1629.5, 417.5 1393, 1370.5 1390, 1368 1629.5, 416.5 1629.5))","POLYGON ((6280315 1841426.99999984, 6280318 1842176.99899985, 6283399.60100012 1842164.96199983, 6283395.99999989 1841402.99999985, 6280315 1841426.99999984))","[[3.235867707599293, -0.01391962090595438, 0.0], [0.0377314636052688, 3.176318232232461, 0.0], [6278910.122527876, 1837007.5935214772, 0.9999999999999999]]"
"https://lh3.googleusercontent.com/d/1D7z7b8Zr4zeiqSqpLd5BwS4RoUSkbdhU
",Sherman Heights,"POLYGON ((214 1838, 218 1133, 698 1145.5, 687.5 1841.5, 214 1838))","POLYGON ((6285842.880290225 1838320.4808238894, 6285858.862213641 1840242.7000765651, 6287154.647679806 1840266.7971412241, 6287147.123088554 1838309.2908856422, 6285842.880290225 1838320.4808238894))","[[2.7260013317422547, -0.03335689497416844, 0.0], [0.0449480379193119, 2.76863755038994, 0.0], [6285195.301360481, 1835176.0881396825, 0.9999999999999998]]"
"https://lh3.googleusercontent.com/d/1Gk6qM0KqfvjVnR4bKc8bvzBfdjDhVdTz
",Golden Hill,"POLYGON ((230.5 1621.5, 229 1296, 1165.5 1295, 1162.5 1620, 230.5 1621.5))","POLYGON ((6285851.602057546 1841024.0836843997, 6285845.135206968 1842159.1903380603, 6289136.307430387 1842152.8734215647, 6289139.730979964 1841108.5644865632, 6285851.602057546 1841024.0836843997))","[[3.521133467565433, 0.04643004228794239, 0.0], [-0.007107441106199985, 3.350583242619223, 0.0], [6285049.767571075, 1836693.2528562846, 1.0]]"
"https://lh3.googleusercontent.com/d/1I7QHZ4DQnNh_vVZkbkfxoHdJOsn4RDCT
",Cortez,"POLYGON ((535.5 1570.5, 535 1288, 1299.5 1289.5, 1301 1568.5, 535.5 1570.5))","POLYGON ((6280594 1842941.99999986, 6280598.99400006 1843695.21999986, 6282840 1843687.99999984, 6282836.99999987 1842925.99999983, 6280594 1842941.99999986))","[[2.9307220105105127, -0.014286761883878953, 0.0], [0.003852478210319532, 2.6983702540640024, 0.0], [6279022.322701919, 1839469.6082862283, 0.9999999999999999]]"
"https://lh3.googleusercontent.com/d/1Iavcn3qI9SCuaBVdBRa2LxOvq8Ay4_zJ
",Marina,"POLYGON ((345 1630, 347 1493.5, 1184 1079.5, 1180 1631, 345 1630))","POLYGON ((6278929 1839874.99999984, 6278933 1840277.99999986, 6281151 1840266.99999984, 6281156.999 1838723.99999984, 6278929 1839874.99999984))","[[2.6620192801153557, -0.001704460789478779, 0.0], [0.011880286408995744, 2.8067171945886003, 0.0], [6277991.389622263, 1835693.705179581, 1.0000000000000002]]"
"https://lh3.googleusercontent.com/d/1Kifrb1TnWgvj4nMVuWb9TFxoOBPKO3pl
",Barrio Logan,"POLYGON ((432 1483.5, 1033 1000.5, 1239 1260.5, 494 1857.5, 432 1483.5))","POLYGON ((6284815.309510723 1836171.631447062, 6284995.965973556 1837498.1724291444, 6287564.770219132 1835343.8962258995, 6286846.508204222 1834458.5886133164, 6284815.309510723 1836171.631447062))","[[3.404226795640664, -0.05718153981452732, 0.0], [-0.021029271279076056, 3.512798320630509, 0.0], [6283363.410648218, 1830994.1147718935, 0.9999999999999996]]"
"https://lh3.googleusercontent.com/d/1LnQx7kXNWdKlLZuE2F2G3gtOPbz-_QGf
",Gaslamp,"POLYGON ((991 1933, 994 1139.5, 1383 1141, 1379 1937, 991 1933))","POLYGON ((6281435 1838724.99999984, 6281433.0009999 1841407.99999986, 6281993.00000013 1841406.99999985, 6281990 1838723.99999983, 6281435 1838724.99999984))","[[1.4349454032110167, -0.026455613503272402, 0.0], [0.006955481584100198, 3.3757794640034717, 0.0], [6279999.133870385, 1834906.713300835, 0.9999999999999999]]"
"https://lh3.googleusercontent.com/d/1LzYGDHFRYyTEf9eI7H8izny_9QF7khz9
",Sherman Heights,"POLYGON ((220 1844, 216 1139, 696 1145.5, 695.5 1845.5, 220 1844))","POLYGON ((6285842.880290225 1838320.4808238894, 6285858.862213641 1840242.7000765651, 6287154.647679806 1840266.7971412241, 6287147.123088554 1838309.2908856422, 6285842.880290225 1838320.4808238894))","[[2.721015911770133, -0.009851818407418389, 0.0], [0.009942638060238096, 2.7612717078093283, 0.0], [6285242.864843438, 1835165.358985756, 1.0]]"
"https://lh3.googleusercontent.com/d/1MHuucXTNJW_QWBkpbjI2diwvjVXfB3X6
",East Village South,"POLYGON ((317 1694, 320 1147, 1252.5 1123, 1247 1693.5, 317 1694))","POLYGON ((6282272.21743156 1837990.84746804, 6282272 1839874.99999986, 6284995.00099991 1839861.99999983, 6284987 1837946.99999986, 6282272.21743156 1837990.84746804))","[[2.9199928656761305, 0.014220708885586958, 0.0], [0.029454035654453037, 3.3988765276355934, 0.0], [6281300.256150388, 1834100.275064768, 1.0000000000000004]]"
"https://lh3.googleusercontent.com/d/1O2eUOJmmH0KxRuGhgRubyBu3KYB2ujNK
",Gaslamp,"POLYGON ((985 1894, 985 1153, 1344 1154, 1341 1890, 985 1894))","POLYGON ((6281435 1838724.99999984, 6281433.0009999 1841407.99999986, 6281993.00000013 1841406.99999985, 6281990 1838723.99999983, 6281435 1838724.99999984))","[[1.559398107581954, 0.012339073842755711, 0.0], [0.0038228076309678727, 3.6330231841220666, 0.0], [6279892.179521992, 1834519.4543490394, 1.0000000000000002]]"
"https://lh3.googleusercontent.com/d/1OWiWYxIcj3cIajR6lIVgNSaoTU75ZoMn
",Sherman Heights,"POLYGON ((218 1840, 214 1135, 696 1141.5, 693.5 1841.5, 218 1840))","POLYGON ((6285842.880290225 1838320.4808238894, 6285858.862213641 1840242.7000765651, 6287154.647679806 1840266.7971412241, 6287147.123088554 1838309.2908856422, 6285842.880290225 1838320.4808238894))","[[2.71525324353846, -0.009937859765537405, 0.0], [0.01380856598734681, 2.7612582413851214, 0.0], [6285243.852013256, 1835176.4485341823, 1.0]]"
"https://lh3.googleusercontent.com/d/1QTEdKGZsd7HowGSlk6KvzP13jpFUIvah
",Golden Hill,"POLYGON ((228.5 1621.5, 227 1296, 1169.5 1295, 1166.5 1620, 228.5 1621.5))","POLYGON ((6285851.602057546 1841024.0836843997, 6285845.135206968 1842159.1903380603, 6289136.307430387 1842152.8734215647, 6289139.730979964 1841108.5644865632, 6285851.602057546 1841024.0836843997))","[[3.4986643378334605, 0.046133033060960886, 0.0], [-0.00715913042313332, 3.350582551264324, 0.0], [6285062.002450998, 1836693.4147096379, 1.0000000000000002]]"
"https://lh3.googleusercontent.com/d/1RPcE2dTMtF4vuJ0cJ6_RgtqSxPKQ3ZEs
",Columbia,"POLYGON ((851 1745, 851.5 1302, 1287.5 1299, 1288 1745.5, 851 1745))","POLYGON ((6278946 1841436.99999983, 6278953.17300012 1842563.14399985, 6279780 1842558.99999987, 6279769 1841430.99999986, 6278946 1841436.99999983))","[[1.889897175349956, -0.004371915069683773, 0.0], [0.02043883826900128, 2.53413872738588, 0.0], [6277309.672425169, 1838143.0352485524, 1.0000000000000004]]"
"https://lh3.googleusercontent.com/d/1S_2qO2aeC3x_PXbea8kIcWSlCtRfZfeR
",East Village,"POLYGON ((263 1468, 266 1035, 1252 1032, 1251.5 1461.5, 263 1468))","POLYGON ((6282272 1839874.99999986, 6282274 1841025.99999984, 6284997.99899991 1841020.99999985, 6284995.00099991 1839861.99999983, 6282272 1839874.99999986))","[[2.758751233569793, 0.003780557938011962, 0.0], [0.017017094633047236, 2.6781947932720414, 0.0], [6281522.01524267, 1837097.7337932114, 1.0000000000000004]]"
"https://lh3.googleusercontent.com/d/1Wli78y2d8CHOuBlapztraYKsbgpIlb4V
",Barrio Logan,"POLYGON ((437 1492.5, 1038 1005.5, 1242 1265.5, 497 1864.5, 437 1492.5))","POLYGON ((6284815.309510723 1836171.631447062, 6284995.965973556 1837498.1724291444, 6287564.770219132 1835343.8962258995, 6286846.508204222 1834458.5886133164, 6284815.309510723 1836171.631447062))","[[3.417237213144435, -0.03965136382967698, 0.0], [-0.00476165652526106, 3.5159966908579463, 0.0], [6283316.588026879, 1830952.9247056567, 1.0000000000000004]]"
"https://lh3.googleusercontent.com/d/1WmbKrLu1k6ZiyTrNv_36SoAd9hLTAG9Z
",Gaslamp,"POLYGON ((985 1894, 988 1145.5, 1344 1147, 1347 1888, 985 1894))","POLYGON ((6281435 1838724.99999984, 6281433.0009999 1841407.99999986, 6281993.00000013 1841406.99999985, 6281990 1838723.99999983, 6281435 1838724.99999984))","[[1.5528775029012885, 0.02010563529960098, 0.0], [0.0006865448212920455, 3.6024607196218312, 0.0], [6279901.052477498, 1834571.7699187503, 0.9999999999999999]]"
"https://lh3.googleusercontent.com/d/1XBaxK9eAO6r9SZaZh7f7fH-zFeFaFk79
",Barrio Logan,"POLYGON ((437 1492.5, 1038 1005.5, 1242 1265.5, 497 1864.5, 437 1492.5))","POLYGON ((6284815.309510723 1836171.631447062, 6284995.965973556 1837498.1724291444, 6287564.770219132 1835343.8962258995, 6286846.508204222 1834458.5886133164, 6284815.309510723 1836171.631447062))","[[3.417237213144435, -0.03965136382967698, 0.0], [-0.00476165652526106, 3.5159966908579463, 0.0], [6283316.588026879, 1830952.9247056567, 1.0000000000000004]]"
"https://lh3.googleusercontent.com/d/1XdLe07Grb86YH86SSvS-Ab4nB4kB2GBp
",Cortez,"POLYGON ((535.5 1568.5, 537 1290, 1297.5 1293.5, 1295 1570.5, 535.5 1568.5))","POLYGON ((6280594 1842941.99999986, 6280598.99400006 1843695.21999986, 6282840 1843687.99999984, 6282836.99999987 1842925.99999983, 6280594 1842941.99999986))","[[2.949874592317392, -0.025150909180673253, 0.0], [0.035626966297968465, 2.727425370505898, 0.0], [6278963.707076115, 1839433.9265997047, 1.0000000000000007]]"
"https://lh3.googleusercontent.com/d/1ZPmKcrWE57Ll9vwbj523IUjq_skw014h
",Cortez,"POLYGON ((529.5 1570.5, 529 1288, 1295.5 1289.5, 1295 1568.5, 529.5 1570.5))","POLYGON ((6280594 1842941.99999986, 6280598.99400006 1843695.21999986, 6282840 1843687.99999984, 6282836.99999987 1842925.99999983, 6280594 1842941.99999986))","[[2.9269010909497446, -0.014283764062716926, 0.0], [0.01422595582971553, 2.6983196473622684, 0.0], [6279027.102310634, 1839469.5992975757, 0.9999999999999998]]"
"https://lh3.googleusercontent.com/d/1Zaj_pyw3GPZY_meCP57obtyrEoLrgx92
",Columbia,"POLYGON ((849 1751, 851.5 1310, 1287.5 1311, 1284 1753.5, 849 1751))","POLYGON ((6278946 1841436.99999983, 6278953.17300012 1842563.14399985, 6279780 1842558.99999987, 6279769 1841430.99999986, 6278946 1841436.99999983))","[[1.8940338753063255, -0.021895557541486622, 0.0], [0.033442961819673656, 2.5512272036585273, 0.0], [6277288.001355547, 1838114.0348963041, 1.0000000000000002]]"
"https://lh3.googleusercontent.com/d/1aX-4Tv_dkseHyB2-3RxKTfNx2HH921PZ
",Barrio Logan,"POLYGON ((437 1492.5, 1038 1005.5, 1242 1265.5, 497 1864.5, 437 1492.5))","POLYGON ((6284815.309510723 1836171.631447062, 6284995.965973556 1837498.1724291444, 6287564.770219132 1835343.8962258995, 6286846.508204222 1834458.5886133164, 6284815.309510723 1836171.631447062))","[[3.417237213144435, -0.03965136382967698, 0.0], [-0.00476165652526106, 3.5159966908579463, 0.0], [6283316.588026879, 1830952.9247056567, 1.0000000000000004]]"
"https://lh3.googleusercontent.com/d/1adhv9IoylGWPQpKjzXjFHPXHrvZEZZOj
",Columbia,"POLYGON ((855 1752, 853.5 1306, 1292.5 1307, 1290 1752.5, 855 1752))","POLYGON ((6278946 1841436.99999983, 6278953.17300012 1842563.14399985, 6279780 1842558.99999987, 6279769 1841430.99999986, 6278946 1841436.99999983))","[[1.8875756622811655, -0.01596188448222054, 0.0], [0.02249498159835639, 2.5284647756298, 0.0], [6277302.743195834, 1838147.6882952019, 0.9999999999999997]]"
"https://lh3.googleusercontent.com/d/1bb-aO4ywduLAZEey66LyRrtcwBYzUZXY
",Marina,"POLYGON ((347 1628, 349 1491.5, 1186 1071.5, 1186 1623, 347 1628))","POLYGON ((6278929 1839874.99999984, 6278933 1840277.99999986, 6281151 1840266.99999984, 6281156.999 1838723.99999984, 6278929 1839874.99999984))","[[2.6511239065486687, 0.018384655873279802, 0.0], [-0.0063319265473182895, 2.806729930757001, 0.0], [6278018.291168913, 1835692.3170144353, 1.0000000000000002]]"
"https://lh3.googleusercontent.com/d/1eQiUBuIZrRJ7J3XhIvEyBOLtC6G7PKHS
",Sherman Heights,"POLYGON ((220 1846, 216 1141, 696 1149.5, 693.5 1847.5, 220 1846))","POLYGON ((6285842.880290225 1838320.4808238894, 6285858.862213641 1840242.7000765651, 6287154.647679806 1840266.7971412241, 6287147.123088554 1838309.2908856422, 6285842.880290225 1838320.4808238894))","[[2.7266140030579074, -0.015852715781030216, 0.0], [0.013806369322082901, 2.7651317304973873, 0.0], [6285235.8655239185, 1835155.4149461754, 0.9999999999999999]]"
"https://lh3.googleusercontent.com/d/1fHxdzezLlClfF3RKdyt9HI0RoWs6C2wf
",City Center,"POLYGON ((385.5 1651.5, 385.5 1395, 1408.5 1392, 1410 1651.5, 385.5 1651.5))","POLYGON ((6280315 1841426.99999984, 6280318 1842176.99899985, 6283399.60100012 1842164.96199983, 6283395.99999989 1841402.99999985, 6280315 1841426.99999984))","[[3.009821800936387, -0.013305973142109, 0.0], [0.003998889344074996, 2.9302316514385893, 0.0], [6279150.12310236, 1837343.6530081753, 0.9999999999999997]]"
"https://lh3.googleusercontent.com/d/1fgzm3luMydJJVgiP8QSYyF1JFnk5wCm3
",East Village South,"POLYGON ((276 1719, 279 1132, 1281.5 1106, 1280 1716.5, 276 1719))","POLYGON ((6282272.21743156 1837990.84746804, 6282272 1839874.99999986, 6284995.00099991 1839861.99999983, 6284987 1837946.99999986, 6282272.21743156 1837990.84746804))","[[2.7103233581678396, 0.016704470000316662, 0.0], [0.016746446470278897, 3.171915619590891, 0.0], [6281496.121180424, 1834406.7311797715, 1.0]]"
"https://lh3.googleusercontent.com/d/1hp3KZaOUJT6KdrZkTjgE3fxYD9jvAOa_
",Marina,"POLYGON ((341 1630, 343 1493.5, 1182 1079.5, 1178 1631, 341 1630))","POLYGON ((6278929 1839874.99999984, 6278933 1840277.99999986, 6281151 1840266.99999984, 6281156.999 1838723.99999984, 6278929 1839874.99999984))","[[2.6556539880483365, -0.001700341676309243, 0.0], [0.011831419617919892, 2.806717263026485, 0.0], [6278004.2909395825, 1835693.6968317367, 1.0000000000000004]]"
"https://lh3.googleusercontent.com/d/1itXcRNwZ88JL6K_EvwAgN6gSKnC1TuBX
",East Village,"POLYGON ((263 1458, 266 1035, 1258 1029, 1251.5 1461.5, 263 1458))","POLYGON ((6282272 1839874.99999986, 6282274 1841025.99999984, 6284997.99899991 1841020.99999985, 6284995.00099991 1839861.99999983, 6282272 1839874.99999986))","[[2.7503527783480712, -0.005665240129201084, 0.0], [0.036517154454486445, 2.6998831845223776, 0.0], [6281500.017460894, 1837086.586495361, 0.9999999999999996]]"
"https://lh3.googleusercontent.com/d/1j1RDVwHdx-leQ2vLuof_UhAInG4Y3gAI
",Barrio Logan,"POLYGON ((437 1492.5, 1038 1005.5, 1242 1265.5, 497 1864.5, 437 1492.5))","POLYGON ((6284815.309510723 1836171.631447062, 6284995.965973556 1837498.1724291444, 6287564.770219132 1835343.8962258995, 6286846.508204222 1834458.5886133164, 6284815.309510723 1836171.631447062))","[[3.417237213144435, -0.03965136382967698, 0.0], [-0.00476165652526106, 3.5159966908579463, 0.0], [6283316.588026879, 1830952.9247056567, 1.0000000000000004]]"
"https://lh3.googleusercontent.com/d/1lUFNePexJZc4uQ12q-r9TNITL0lB6uCR
",East Village South,"POLYGON ((317 1694, 320 1147, 1252.5 1123, 1253 1692.5, 317 1694))","POLYGON ((6282272.21743156 1837990.84746804, 6282272 1839874.99999986, 6284995.00099991 1839861.99999983, 6284987 1837946.99999986, 6282272.21743156 1837990.84746804))","[[2.910421277319432, 0.01595671384799423, 0.0], [0.013447169885694166, 3.4019421676009642, 0.0], [6281326.038912759, 1834095.404405822, 0.9999999999999996]]"
"https://lh3.googleusercontent.com/d/1nV-Ruhx-mAwhLQ7A9_1HcPIzLb5Ib5l0
",Cortez,"POLYGON ((537.5 1566.5, 535 1288, 1299.5 1285.5, 1299 1564.5, 537.5 1566.5))","POLYGON ((6280594 1842941.99999986, 6280598.99400006 1843695.21999986, 6282840 1843687.99999984, 6282836.99999987 1842925.99999983, 6280594 1842941.99999986))","[[2.938407420415201, -0.007210950786392531, 0.0], [0.0038084180350779206, 2.717920969801753, 0.0], [6279015.343809724, 1839443.327806872, 0.9999999999999998]]"
"https://lh3.googleusercontent.com/d/1nZCxcvLS9gvVcyZCpeuBtMCGbha3t5XQ
",Cortez,"POLYGON ((514.5 1585.5, 514 1285, 1333.5 1284.5, 1335 1582.5, 514.5 1585.5))","POLYGON ((6280594 1842941.99999986, 6280598.99400006 1843695.21999986, 6282840 1843687.99999984, 6282836.99999987 1842925.99999983, 6280594 1842941.99999986))","[[2.734157307616926, -0.008750021887095411, 0.0], [0.004252922693012806, 2.5316197254940107, 0.0], [6279184.3533224305, 1839689.6001638216, 0.9999999999999997]]"
"https://lh3.googleusercontent.com/d/1pSvJ4xj1BjMLaz2uA_0RnOKCrnvOHycS
",East Village,"POLYGON ((263 1468, 266 1035, 1252 1032, 1251.5 1461.5, 263 1468))","POLYGON ((6282272 1839874.99999986, 6282274 1841025.99999984, 6284997.99899991 1841020.99999985, 6284995.00099991 1839861.99999983, 6282272 1839874.99999986))","[[2.758751233569793, 0.003780557938011962, 0.0], [0.017017094633047236, 2.6781947932720414, 0.0], [6281522.01524267, 1837097.7337932114, 1.0000000000000004]]"
"https://lh3.googleusercontent.com/d/1reP3nipQGd7UCs8beYcu21xKCQbXv3BE
",East Village South,"POLYGON ((317 1694, 320 1147, 1252.5 1123, 1253 1692.5, 317 1694))","POLYGON ((6282272.21743156 1837990.84746804, 6282272 1839874.99999986, 6284995.00099991 1839861.99999983, 6284987 1837946.99999986, 6282272.21743156 1837990.84746804))","[[2.910421277319432, 0.01595671384799423, 0.0], [0.013447169885694166, 3.4019421676009642, 0.0], [6281326.038912759, 1834095.404405822, 0.9999999999999996]]"
"https://lh3.googleusercontent.com/d/1rq44Zkqit2Vc6ClIZBU-h1vM8iuQCX6Q
",Columbia,"POLYGON ((855 1749, 856.5 1307, 1294.5 1306, 1293 1750.5, 855 1749))","POLYGON ((6278946 1841436.99999983, 6278953.17300012 1842563.14399985, 6279780 1842558.99999987, 6279769 1841430.99999986, 6278946 1841436.99999983))","[[1.8833488513454086, -0.013031263678467693, 0.0], [0.026885109361501236, 2.5426872124701276, 0.0], [6277296.830264303, 1838125.9974539354, 1.0]]"
"https://lh3.googleusercontent.com/d/1xD95O13kI-8ynF3iyHxeUu_D7V2fN-2D
",Golden Hill,"POLYGON ((230.5 1642.5, 226 1317, 1166.5 1310, 1163.5 1635, 230.5 1642.5))","POLYGON ((6285851.602057546 1841024.0836843997, 6285845.135206968 1842159.1903380603, 6289136.307430387 1842152.8734215647, 6289139.730979964 1841108.5644865632, 6285851.602057546 1841024.0836843997))","[[3.5115266425784286, 0.06784006013153446, 0.0], [-0.02334032859744184, 3.3503302791216356, 0.0], [6285081.429913881, 1836618.4126174892, 1.0000000000000002]]"
"https://lh3.googleusercontent.com/d/1y8J2nAxRfSIaKawaUFb3z4wyAc457isT
",City Center,"POLYGON ((420.5 1622.5, 419.5 1382, 1378.5 1380, 1380 1621.5, 420.5 1622.5))","POLYGON ((6280315 1841426.99999984, 6280318 1842176.99899985, 6283399.60100012 1842164.96199983, 6283395.99999989 1841402.99999985, 6280315 1841426.99999984))","[[3.2121927711244553, -0.013877428265961413, 0.0], [-0.00297004649110022, 3.1369585755680873, 0.0], [6278971.840853087, 1837095.3314300312, 0.9999999999999999]]"
"https://lh3.googleusercontent.com/d/1ziRgE--gVMWsxgpeaQk80mWBUXyO5pYo
",East Village,"POLYGON ((222 1472, 224 1006, 1287 1000, 1287.5 1468.5, 222 1472))","POLYGON ((6282272 1839874.99999986, 6282274 1841025.99999984, 6284997.99899991 1841020.99999985, 6284995.00099991 1839861.99999983, 6282272 1839874.99999986))","[[2.559118301106841, 0.002577105313093486, 0.0], [0.00944045346841449, 2.471919464486973, 0.0], [6281690.62149206, 1837387.2165554238, 1.0]]"
