{"_via_settings":{"ui":{"annotation_editor_height":25,"annotation_editor_fontsize":0.8,"leftsidebar_width":18,"image_grid":{"img_height":80,"rshape_fill":"none","rshape_fill_opacity":0.3,"rshape_stroke":"yellow","rshape_stroke_width":2,"show_region_shape":true,"show_image_policy":"all"},"image":{"region_label":"__via_region_id__","region_color":"__via_default_region_color__","region_label_font":"10px Sans","on_image_annotation_editor_placement":"NEAR_REGION"}},"core":{"buffer_size":18,"filepath":{},"default_filepath":""},"project":{"name":"Cortez_2022_count"}},"_via_img_metadata":{"https://drive.google.com/uc?export=view&id=107JASMcwG6HC3Eo0MWxIiQXyLz6V2sLP\n":{"filename":"https://drive.google.com/uc?export=view&id=107JASMcwG6HC3Eo0MWxIiQXyLz6V2sLP\n","size":-1,"regions":[{"shape_attributes":{"name":"rect","x":190,"y":389,"width":25,"height":30},"region_attributes":{"Type":"1","count":"2"}},{"shape_attributes":{"name":"rect","x":264,"y":336,"width":22,"height":14},"region_attributes":{"Type":"1","count":"1"}},{"shape_attributes":{"name":"rect","x":303,"y":373,"width":17,"height":17},"region_attributes":{"Type":"3","count":"1"}},{"shape_attributes":{"name":"rect","x":331,"y":365,"width":15,"height":12},"region_attributes":{"Type":"1","count":"2"}},{"shape_attributes":{"name":"rect","x":334,"y":411,"width":12,"height":18},"region_attributes":{"Type":"1","count":"1"}},{"shape_attributes":{"name":"rect","x":570,"y":390,"width":11,"height":15},"region_attributes":{"Type":"2","count":"1"}},{"shape_attributes":{"name":"rect","x":468,"y":406,"width":11,"height":19},"region_attributes":{"Type":"1","count":"1"}},{"shape_attributes":{"name":"rect","x":433,"y":377,"width":14,"height":13},"region_attributes":{"Type":"2","count":"1"}},{"shape_attributes":{"name":"rect","x":427,"y":362,"width":31,"height":37},"region_attributes":{"Type":"1","count":"2"}},{"shape_attributes":{"name":"rect","x":482,"y":292,"width":14,"height":13},"region_attributes":{"Type":"1","count":"1"}},{"shape_attributes":{"name":"rect","x":521,"y":287,"width":13,"height":17},"region_attributes":{"Type":"1","count":"1"}},{"shape_attributes":{"name":"rect","x":366,"y":312,"width":14,"height":19},"region_attributes":{"Type":"2","count":"2"}},{"shape_attributes":{"name":"rect","x":385,"y":314,"width":13,"height":14},"region_attributes":{"Type":"1","count":"1"}},{"shape_attributes":{"name":"rect","x":360,"y":335,"width":15,"height":16},"region_attributes":{"Type":"1","count":"1"}},{"shape_attributes":{"name":"rect","x":420,"y":241,"width":36,"height":50},"region_attributes":{"Type":"1","count":"14"}},{"shape_attributes":{"name":"rect","x":422,"y":164,"width":9,"height":15},"region_attributes":{"Type":"2","count":"1"}},{"shape_attributes":{"name":"rect","x":368,"y":241,"width":29,"height":37},"region_attributes":{"Type":"1","count":"3"}},{"shape_attributes":{"name":"rect","x":286,"y":170,"width":12,"height":14},"region_attributes":{"Type":"2","count":"13"}},{"shape_attributes":{"name":"rect","x":289,"y":189,"width":7,"height":12},"region_attributes":{"Type":"1","count":"4"}},{"shape_attributes":{"name":"rect","x":307,"y":165,"width":6,"height":22},"region_attributes":{"Type":"3","count":"2"}},{"shape_attributes":{"name":"rect","x":322,"y":179,"width":13,"height":9},"region_attributes":{"Type":"2","count":"10"}},{"shape_attributes":{"name":"rect","x":315,"y":192,"width":10,"height":11},"region_attributes":{"Type":"1","count":"2"}}],"file_attributes":{"date":"2022-01-27","temp":"50","rain":"2","neighborhood":"Cortez","total_count":""}},"https://drive.google.com/uc?export=view&id=1H4OlqGzVi2pRcFCqv-a8EYE05Nprjiwg\n":{"filename":"https://drive.google.com/uc?export=view&id=1H4OlqGzVi2pRcFCqv-a8EYE05Nprjiwg\n","size":-1,"regions":[{"shape_attributes":{"name":"rect","x":203,"y":314,"width":15,"height":21},"region_attributes":{"Type":"2","count":"3"}},{"shape_attributes":{"name":"rect","x":207,"y":345,"width":9,"height":6},"region_attributes":{"Type":"1","count":"1"}},{"shape_attributes":{"name":"rect","x":275,"y":162,"width":16,"height":9},"region_attributes":{"Type":"1","count":"3"}},{"shape_attributes":{"name":"rect","x":301,"y":161,"width":12,"height":22},"region_attributes":{"Type":"3","count":"2"}},{"shape_attributes":{"name":"rect","x":312,"y":174,"width":32,"height":28},"region_attributes":{"Type":"2","count":"11"}},{"shape_attributes":{"name":"rect","x":274,"y":176,"width":12,"height":13},"region_attributes":{"Type":"2","count":"7"}},{"shape_attributes":{"name":"rect","x":297,"y":189,"width":7,"height":17},"region_attributes":{"Type":"3","count":"1"}},{"shape_attributes":{"name":"rect","x":258,"y":240,"width":13,"height":15},"region_attributes":{"Type":"1","count":"1"}},{"shape_attributes":{"name":"rect","x":256,"y":338,"width":25,"height":36},"region_attributes":{"Type":"1","count":"2"}},{"shape_attributes":{"name":"rect","x":308,"y":315,"width":18,"height":20},"region_attributes":{"Type":"1","count":"2"}},{"shape_attributes":{"name":"rect","x":356,"y":225,"width":43,"height":22},"region_attributes":{"Type":"1","count":"4"}},{"shape_attributes":{"name":"rect","x":412,"y":250,"width":27,"height":30},"region_attributes":{"Type":"1","count":"10"}},{"shape_attributes":{"name":"rect","x":367,"y":261,"width":8,"height":15},"region_attributes":{"Type":"1","count":"2"}},{"shape_attributes":{"name":"rect","x":384,"y":267,"width":13,"height":16},"region_attributes":{"Type":"3","count":"2"}},{"shape_attributes":{"name":"rect","x":359,"y":299,"width":16,"height":18},"region_attributes":{"Type":"2","count":"8"}},{"shape_attributes":{"name":"rect","x":360,"y":323,"width":17,"height":17},"region_attributes":{"Type":"1","count":"2"}},{"shape_attributes":{"name":"rect","x":414,"y":316,"width":15,"height":18},"region_attributes":{"Type":"2","count":"7"}},{"shape_attributes":{"name":"rect","x":414,"y":338,"width":10,"height":5},"region_attributes":{"Type":"1","count":"4"}},{"shape_attributes":{"name":"rect","x":317,"y":408,"width":20,"height":19},"region_attributes":{"Type":"1","count":"1"}},{"shape_attributes":{"name":"rect","x":366,"y":405,"width":20,"height":23},"region_attributes":{"Type":"1","count":"1"}},{"shape_attributes":{"name":"rect","x":422,"y":362,"width":16,"height":21},"region_attributes":{"Type":"1","count":"1"}},{"shape_attributes":{"name":"rect","x":431,"y":364,"width":20,"height":17},"region_attributes":{"Type":"2","count":"1"}},{"shape_attributes":{"name":"rect","x":477,"y":358,"width":17,"height":20},"region_attributes":{"Type":"1","count":"2"}},{"shape_attributes":{"name":"rect","x":519,"y":403,"width":22,"height":24},"region_attributes":{"Type":"1","count":"5"}}],"file_attributes":{"date":"2022-03-01","temp":"55","rain":"2","neighborhood":"Cortez","total_count":""}},"https://drive.google.com/uc?export=view&id=1IKub0XpDRiKVwD4nIKigXc9IlRbAnt7y\n":{"filename":"https://drive.google.com/uc?export=view&id=1IKub0XpDRiKVwD4nIKigXc9IlRbAnt7y\n","size":-1,"regions":[{"shape_attributes":{"name":"rect","x":292,"y":375,"width":19,"height":20},"region_attributes":{"Type":"1","count":"2"}},{"shape_attributes":{"name":"rect","x":332,"y":419,"width":16,"height":12},"region_attributes":{"Type":"1","count":"2"}},{"shape_attributes":{"name":"rect","x":461,"y":379,"width":16,"height":17},"region_attributes":{"Type":"1","count":"1"}},{"shape_attributes":{"name":"rect","x":442,"y":366,"width":7,"height":11},"region_attributes":{"Type":"1","count":"1"}},{"shape_attributes":{"name":"rect","x":415,"y":362,"width":17,"height":18},"region_attributes":{"Type":"2","count":"1"}},{"shape_attributes":{"name":"rect","x":365,"y":304,"width":10,"height":11},"region_attributes":{"Type":"2","count":"1"}},{"shape_attributes":{"name":"rect","x":364,"y":322,"width":14,"height":15},"region_attributes":{"Type":"1","count":"3"}},{"shape_attributes":{"name":"rect","x":420,"y":266,"width":24,"height":40},"region_attributes":{"Type":"1","count":"2"}},{"shape_attributes":{"name":"rect","x":412,"y":235,"width":10,"height":14},"region_attributes":{"Type":"1","count":"7"}},{"shape_attributes":{"name":"rect","x":364,"y":239,"width":33,"height":25},"region_attributes":{"Type":"1","count":"5"}}],"file_attributes":{"date":"2022-03-29","temp":"55","rain":"2","neighborhood":"Cortez","total_count":""}},"https://drive.google.com/uc?export=view&id=1yOrAPFbPOpWADM33XNjHtks7cVoT_3Eg\n":{"filename":"https://drive.google.com/uc?export=view&id=1yOrAPFbPOpWADM33XNjHtks7cVoT_3Eg\n","size":-1,"regions":[{"shape_attributes":{"name":"rect","x":287,"y":318,"width":25,"height":32},"region_attributes":{"Type":"1","count":"4"}},{"shape_attributes":{"name":"rect","x":187,"y":364,"width":30,"height":34},"region_attributes":{"Type":"1","count":"2"}},{"shape_attributes":{"name":"rect","x":392,"y":380,"width":17,"height":19},"region_attributes":{"Type":"1","count":"2"}},{"shape_attributes":{"name":"rect","x":552,"y":380,"width":34,"height":25},"region_attributes":{"Type":"1","count":"2"}},{"shape_attributes":{"name":"rect","x":521,"y":406,"width":12,"height":17},"region_attributes":{"Type":"1","count":"1"}},{"shape_attributes":{"name":"rect","x":472,"y":258,"width":22,"height":27},"region_attributes":{"Type":"1","count":"2"}},{"shape_attributes":{"name":"rect","x":483,"y":186,"width":27,"height":31},"region_attributes":{"Type":"3","count":"3"}},{"shape_attributes":{"name":"rect","x":411,"y":254,"width":39,"height":24},"region_attributes":{"Type":"1","count":"12"}},{"shape_attributes":{"name":"rect","x":432,"y":228,"width":13,"height":20},"region_attributes":{"Type":"2","count":"1"}},{"shape_attributes":{"name":"rect","x":410,"y":193,"width":9,"height":12},"region_attributes":{"Type":"2","count":"1"}},{"shape_attributes":{"name":"rect","x":372,"y":230,"width":29,"height":55},"region_attributes":{"Type":"1","count":"4"}},{"shape_attributes":{"name":"rect","x":370,"y":293,"width":9,"height":12},"region_attributes":{"Type":"1","count":"2"}},{"shape_attributes":{"name":"rect","x":379,"y":301,"width":14,"height":11},"region_attributes":{"Type":"2","count":"4"}},{"shape_attributes":{"name":"rect","x":328,"y":296,"width":19,"height":16},"region_attributes":{"Type":"2","count":"1"}},{"shape_attributes":{"name":"rect","x":319,"y":192,"width":12,"height":12},"region_attributes":{"Type":"2","count":"6"}},{"shape_attributes":{"name":"rect","x":310,"y":168,"width":9,"height":11},"region_attributes":{"Type":"3","count":"1"}},{"shape_attributes":{"name":"rect","x":298,"y":180,"width":14,"height":19},"region_attributes":{"Type":"2","count":"4"}}],"file_attributes":{"date":"2022-04-29","temp":"57","rain":"2","neighborhood":"Cortez","total_count":""}},"https://drive.google.com/uc?export=view&id=16s_t5uyuNkA2jTNU8jWjYv_HqXyJ7f8Z\n":{"filename":"https://drive.google.com/uc?export=view&id=16s_t5uyuNkA2jTNU8jWjYv_HqXyJ7f8Z\n","size":-1,"regions":[{"shape_attributes":{"name":"rect","x":305,"y":166,"width":10,"height":14},"region_attributes":{"Type":"3","count":"1"}},{"shape_attributes":{"name":"rect","x":295,"y":184,"width":38,"height":16},"region_attributes":{"Type":"2","count":"12"}},{"shape_attributes":{"name":"rect","x":319,"y":294,"width":10,"height":16},"region_attributes":{"Type":"2","count":"1"}},{"shape_attributes":{"name":"rect","x":465,"y":266,"width":21,"height":36},"region_attributes":{"Type":"2","count":"1"}},{"shape_attributes":{"name":"rect","x":414,"y":244,"width":36,"height":48},"region_attributes":{"Type":"1","count":"10"}},{"shape_attributes":{"name":"rect","x":367,"y":239,"width":21,"height":41},"region_attributes":{"Type":"1","count":"5"}},{"shape_attributes":{"name":"rect","x":374,"y":288,"width":10,"height":13},"region_attributes":{"Type":"1","count":"1"}},{"shape_attributes":{"name":"rect","x":358,"y":313,"width":27,"height":24},"region_attributes":{"Type":"2","count":"8"}},{"shape_attributes":{"name":"rect","x":337,"y":289,"width":14,"height":19},"region_attributes":{"Type":"1","count":"1"}}],"file_attributes":{"date":"2022-05-27","temp":"61","rain":"2","neighborhood":"Cortez","total_count":""}},"https://drive.google.com/uc?export=view&id=1Kra02z5xmvPMAY66ozBub63RgIsi_fIO\n":{"filename":"https://drive.google.com/uc?export=view&id=1Kra02z5xmvPMAY66ozBub63RgIsi_fIO\n","size":-1,"regions":[{"shape_attributes":{"name":"rect","x":186,"y":363,"width":15,"height":14},"region_attributes":{"Type":"2","count":"1"}},{"shape_attributes":{"name":"rect","x":173,"y":411,"width":27,"height":10},"region_attributes":{"Type":"1","count":"1"}},{"shape_attributes":{"name":"rect","x":294,"y":324,"width":20,"height":17},"region_attributes":{"Type":"3","count":"1"}},{"shape_attributes":{"name":"rect","x":485,"y":312,"width":13,"height":15},"region_attributes":{"Type":"3","count":"1"}},{"shape_attributes":{"name":"rect","x":272,"y":339,"width":17,"height":15},"region_attributes":{"Type":"1","count":"2"}},{"shape_attributes":{"name":"rect","x":242,"y":408,"width":15,"height":18},"region_attributes":{"Type":"1","count":"1"}},{"shape_attributes":{"name":"rect","x":302,"y":363,"width":39,"height":38},"region_attributes":{"Type":"1","count":"3"}},{"shape_attributes":{"name":"rect","x":376,"y":366,"width":12,"height":13},"region_attributes":{"Type":"2","count":"2"}},{"shape_attributes":{"name":"rect","x":390,"y":364,"width":7,"height":18},"region_attributes":{"Type":"1","count":"1"}},{"shape_attributes":{"name":"rect","x":426,"y":359,"width":18,"height":18},"region_attributes":{"Type":"1","count":"1"}},{"shape_attributes":{"name":"rect","x":473,"y":340,"width":10,"height":11},"region_attributes":{"Type":"1","count":"1"}},{"shape_attributes":{"name":"rect","x":467,"y":403,"width":23,"height":19},"region_attributes":{"Type":"1","count":"1"}},{"shape_attributes":{"name":"rect","x":514,"y":405,"width":27,"height":23},"region_attributes":{"Type":"2","count":"1"}},{"shape_attributes":{"name":"rect","x":550,"y":385,"width":28,"height":37},"region_attributes":{"Type":"1","count":"2"}},{"shape_attributes":{"name":"rect","x":412,"y":247,"width":33,"height":39},"region_attributes":{"Type":"1","count":"14"}},{"shape_attributes":{"name":"rect","x":390,"y":244,"width":8,"height":18},"region_attributes":{"Type":"1","count":"1"}},{"shape_attributes":{"name":"rect","x":294,"y":189,"width":13,"height":19},"region_attributes":{"Type":"2","count":"6"}},{"shape_attributes":{"name":"rect","x":316,"y":195,"width":17,"height":18},"region_attributes":{"Type":"2","count":"1"}},{"shape_attributes":{"name":"rect","x":319,"y":180,"width":21,"height":16},"region_attributes":{"Type":"1","count":"1"}}],"file_attributes":{"date":"2022-06-30","temp":"67","rain":"2","neighborhood":"Cortez","total_count":""}},"https://drive.google.com/uc?export=view&id=1WwxA36v23x27hmUYUpXhqvCbHbkWr7zh\n":{"filename":"https://drive.google.com/uc?export=view&id=1WwxA36v23x27hmUYUpXhqvCbHbkWr7zh\n","size":-1,"regions":[{"shape_attributes":{"name":"rect","x":171,"y":393,"width":18,"height":22},"region_attributes":{"Type":"1","count":"1"}},{"shape_attributes":{"name":"rect","x":316,"y":357,"width":10,"height":16},"region_attributes":{"Type":"1","count":"1"}},{"shape_attributes":{"name":"rect","x":318,"y":383,"width":24,"height":30},"region_attributes":{"Type":"2","count":"4"}},{"shape_attributes":{"name":"rect","x":505,"y":400,"width":12,"height":16},"region_attributes":{"Type":"2","count":"1"}},{"shape_attributes":{"name":"rect","x":621,"y":388,"width":18,"height":29},"region_attributes":{"Type":"1","count":"1"}},{"shape_attributes":{"name":"rect","x":510,"y":195,"width":10,"height":10},"region_attributes":{"Type":"1","count":"3"}},{"shape_attributes":{"name":"rect","x":481,"y":222,"width":13,"height":15},"region_attributes":{"Type":"1","count":"1"}},{"shape_attributes":{"name":"rect","x":419,"y":258,"width":20,"height":22},"region_attributes":{"Type":"1","count":"19"}},{"shape_attributes":{"name":"rect","x":367,"y":226,"width":31,"height":31},"region_attributes":{"Type":"1","count":"12"}},{"shape_attributes":{"name":"rect","x":270,"y":289,"width":17,"height":18},"region_attributes":{"Type":"1","count":"1"}},{"shape_attributes":{"name":"rect","x":290,"y":147,"width":14,"height":14},"region_attributes":{"Type":"1","count":"1"}},{"shape_attributes":{"name":"rect","x":290,"y":173,"width":9,"height":11},"region_attributes":{"Type":"2","count":"7"}},{"shape_attributes":{"name":"rect","x":287,"y":193,"width":17,"height":14},"region_attributes":{"Type":"1","count":"6"}},{"shape_attributes":{"name":"rect","x":309,"y":170,"width":10,"height":12},"region_attributes":{"Type":"3","count":"1"}},{"shape_attributes":{"name":"rect","x":328,"y":175,"width":13,"height":19},"region_attributes":{"Type":"1","count":"5"}},{"shape_attributes":{"name":"rect","x":317,"y":198,"width":14,"height":11},"region_attributes":{"Type":"2","count":"7"}},{"shape_attributes":{"name":"rect","x":283,"y":218,"width":14,"height":19},"region_attributes":{"Type":"1","count":"1"}}],"file_attributes":{"date":"2022-07-29","temp":"70","rain":"2","neighborhood":"Cortez","total_count":""}},"https://drive.google.com/uc?export=view&id=1qUZmXUPGPwgYFRs96zR-oUy5-YJmyqlW\n":{"filename":"https://drive.google.com/uc?export=view&id=1qUZmXUPGPwgYFRs96zR-oUy5-YJmyqlW\n","size":-1,"regions":[{"shape_attributes":{"name":"rect","x":217,"y":215,"width":22,"height":24},"region_attributes":{"Type":"1","count":"1"}},{"shape_attributes":{"name":"rect","x":220,"y":352,"width":22,"height":24},"region_attributes":{"Type":"1","count":"1"}},{"shape_attributes":{"name":"rect","x":278,"y":261,"width":22,"height":24},"region_attributes":{"Type":"1","count":"1"}},{"shape_attributes":{"name":"rect","x":274,"y":332,"width":22,"height":24},"region_attributes":{"Type":"1","count":"1"}},{"shape_attributes":{"name":"rect","x":497,"y":259,"width":22,"height":24},"region_attributes":{"Type":"1","count":"1"}},{"shape_attributes":{"name":"rect","x":333,"y":348,"width":22,"height":24},"region_attributes":{"Type":"1","count":"1"}},{"shape_attributes":{"name":"rect","x":471,"y":402,"width":22,"height":24},"region_attributes":{"Type":"1","count":"1"}},{"shape_attributes":{"name":"rect","x":181,"y":356,"width":22,"height":24},"region_attributes":{"Type":"1","count":"1"}},{"shape_attributes":{"name":"rect","x":513,"y":405,"width":21,"height":25},"region_attributes":{"Type":"1","count":"4"}},{"shape_attributes":{"name":"rect","x":577,"y":303,"width":23,"height":17},"region_attributes":{"Type":"3","count":"1"}},{"shape_attributes":{"name":"rect","x":454,"y":383,"width":15,"height":14},"region_attributes":{"Type":"1","count":"2"}},{"shape_attributes":{"name":"rect","x":434,"y":372,"width":11,"height":20},"region_attributes":{"Type":"2","count":"1"}},{"shape_attributes":{"name":"rect","x":362,"y":362,"width":11,"height":13},"region_attributes":{"Type":"1","count":"1"}},{"shape_attributes":{"name":"rect","x":358,"y":378,"width":8,"height":10},"region_attributes":{"Type":"2","count":"1"}},{"shape_attributes":{"name":"rect","x":310,"y":356,"width":20,"height":25},"region_attributes":{"Type":"2","count":"1"}},{"shape_attributes":{"name":"rect","x":308,"y":387,"width":11,"height":18},"region_attributes":{"Type":"1","count":"2"}},{"shape_attributes":{"name":"rect","x":410,"y":245,"width":33,"height":31},"region_attributes":{"Type":"1","count":"16"}},{"shape_attributes":{"name":"rect","x":464,"y":196,"width":15,"height":15},"region_attributes":{"Type":"1","count":"2"}},{"shape_attributes":{"name":"rect","x":408,"y":195,"width":18,"height":15},"region_attributes":{"Type":"1","count":"2"}},{"shape_attributes":{"name":"rect","x":366,"y":249,"width":33,"height":26},"region_attributes":{"Type":"1","count":"5"}},{"shape_attributes":{"name":"rect","x":311,"y":258,"width":33,"height":22},"region_attributes":{"Type":"1","count":"2"}},{"shape_attributes":{"name":"rect","x":298,"y":189,"width":34,"height":17},"region_attributes":{"Type":"2","count":"13"}},{"shape_attributes":{"name":"rect","x":291,"y":171,"width":22,"height":25},"region_attributes":{"Type":"1","count":"8"}}],"file_attributes":{"date":"2022-08-25","temp":"68","rain":"2","neighborhood":"Cortez","total_count":""}},"https://drive.google.com/uc?export=view&id=1oXq2RPUaetSuA9VGcQ7lwqam3ECmkPgV\n":{"filename":"https://drive.google.com/uc?export=view&id=1oXq2RPUaetSuA9VGcQ7lwqam3ECmkPgV\n","size":-1,"regions":[{"shape_attributes":{"name":"rect","x":669,"y":298,"width":18,"height":17},"region_attributes":{"Type":"1","count":"1"}},{"shape_attributes":{"name":"rect","x":519,"y":403,"width":12,"height":22},"region_attributes":{"Type":"1","count":"3"}},{"shape_attributes":{"name":"rect","x":197,"y":365,"width":54,"height":18},"region_attributes":{"Type":"1","count":"2"}},{"shape_attributes":{"name":"rect","x":434,"y":369,"width":23,"height":15},"region_attributes":{"Type":"1","count":"2"}},{"shape_attributes":{"name":"rect","x":414,"y":368,"width":15,"height":55},"region_attributes":{"Type":"2","count":"2"}},{"shape_attributes":{"name":"rect","x":334,"y":340,"width":17,"height":44},"region_attributes":{"Type":"2","count":"2"}},{"shape_attributes":{"name":"rect","x":316,"y":368,"width":10,"height":13},"region_attributes":{"Type":"1","count":"1"}},{"shape_attributes":{"name":"rect","x":317,"y":400,"width":9,"height":7},"region_attributes":{"Type":"2","count":"2"}},{"shape_attributes":{"name":"rect","x":320,"y":410,"width":13,"height":13},"region_attributes":{"Type":"1","count":"5"}},{"shape_attributes":{"name":"rect","x":353,"y":270,"width":21,"height":20},"region_attributes":{"Type":"1","count":"1"}},{"shape_attributes":{"name":"rect","x":377,"y":245,"width":21,"height":20},"region_attributes":{"Type":"1","count":"1"}},{"shape_attributes":{"name":"rect","x":316,"y":231,"width":21,"height":20},"region_attributes":{"Type":"1","count":"1"}},{"shape_attributes":{"name":"rect","x":275,"y":340,"width":21,"height":20},"region_attributes":{"Type":"1","count":"1"}},{"shape_attributes":{"name":"rect","x":245,"y":175,"width":12,"height":17},"region_attributes":{"Type":"1","count":"3"}},{"shape_attributes":{"name":"rect","x":295,"y":189,"width":12,"height":21},"region_attributes":{"Type":"1","count":"1"}},{"shape_attributes":{"name":"rect","x":272,"y":252,"width":10,"height":11},"region_attributes":{"Type":"1","count":"2"}},{"shape_attributes":{"name":"rect","x":289,"y":302,"width":12,"height":13},"region_attributes":{"Type":"2","count":"1"}},{"shape_attributes":{"name":"rect","x":414,"y":242,"width":13,"height":14},"region_attributes":{"Type":"2","count":"1"}},{"shape_attributes":{"name":"rect","x":414,"y":263,"width":39,"height":28},"region_attributes":{"Type":"1","count":"14"}},{"shape_attributes":{"name":"rect","x":302,"y":152,"width":34,"height":32},"region_attributes":{"Type":"2","count":"14"}}],"file_attributes":{"date":"2022-09-30","temp":"67","rain":"2","neighborhood":"Cortez","total_count":""}},"https://drive.google.com/uc?export=view&id=1sptrg9XROE1fVyPKO8WhdP-k16as-Nok\n":{"filename":"https://drive.google.com/uc?export=view&id=1sptrg9XROE1fVyPKO8WhdP-k16as-Nok\n","size":-1,"regions":[{"shape_attributes":{"name":"rect","x":186,"y":356,"width":13,"height":22},"region_attributes":{"Type":"1","count":"2"}},{"shape_attributes":{"name":"rect","x":231,"y":360,"width":28,"height":47},"region_attributes":{"Type":"1","count":"2"}},{"shape_attributes":{"name":"rect","x":244,"y":264,"width":15,"height":15},"region_attributes":{"Type":"1","count":"1"}},{"shape_attributes":{"name":"rect","x":286,"y":236,"width":24,"height":38},"region_attributes":{"Type":"1","count":"3"}},{"shape_attributes":{"name":"rect","x":319,"y":359,"width":15,"height":14},"region_attributes":{"Type":"2","count":"1"}},{"shape_attributes":{"name":"rect","x":316,"y":389,"width":9,"height":8},"region_attributes":{"Type":"2","count":"1"}},{"shape_attributes":{"name":"rect","x":313,"y":404,"width":12,"height":16},"region_attributes":{"Type":"1","count":"1"}},{"shape_attributes":{"name":"rect","x":385,"y":388,"width":13,"height":14},"region_attributes":{"Type":"1","count":"4"}},{"shape_attributes":{"name":"rect","x":425,"y":390,"width":15,"height":28},"region_attributes":{"Type":"1","count":"3"}},{"shape_attributes":{"name":"rect","x":524,"y":396,"width":9,"height":11},"region_attributes":{"Type":"2","count":"1"}},{"shape_attributes":{"name":"rect","x":507,"y":363,"width":14,"height":52},"region_attributes":{"Type":"1","count":"2"}},{"shape_attributes":{"name":"rect","x":627,"y":388,"width":8,"height":9},"region_attributes":{"Type":"1","count":"1"}},{"shape_attributes":{"name":"rect","x":409,"y":241,"width":27,"height":35},"region_attributes":{"Type":"1","count":"20"}},{"shape_attributes":{"name":"rect","x":365,"y":292,"width":26,"height":29},"region_attributes":{"count":"2"}},{"shape_attributes":{"name":"rect","x":364,"y":243,"width":35,"height":36},"region_attributes":{"Type":"1","count":"3"}},{"shape_attributes":{"name":"rect","x":406,"y":181,"width":18,"height":22},"region_attributes":{"Type":"2","count":"1"}},{"shape_attributes":{"name":"rect","x":313,"y":162,"width":8,"height":12},"region_attributes":{"Type":"3","count":"1"}},{"shape_attributes":{"name":"rect","x":285,"y":168,"width":20,"height":19},"region_attributes":{"Type":"2","count":"13"}},{"shape_attributes":{"name":"rect","x":294,"y":197,"width":11,"height":14},"region_attributes":{"Type":"1","count":"4"}},{"shape_attributes":{"name":"rect","x":317,"y":184,"width":19,"height":8},"region_attributes":{"Type":"2","count":"4"}},{"shape_attributes":{"name":"rect","x":315,"y":197,"width":14,"height":12},"region_attributes":{"Type":"1","count":"1"}}],"file_attributes":{"date":"2022-10-28","temp":"57","rain":"2","neighborhood":"Cortez","total_count":""}},"https://drive.google.com/uc?export=view&id=1Z8d_6se08ypzSrLyzrToyWIUdj_jZhfp\n":{"filename":"https://drive.google.com/uc?export=view&id=1Z8d_6se08ypzSrLyzrToyWIUdj_jZhfp\n","size":-1,"regions":[{"shape_attributes":{"name":"rect","x":181,"y":357,"width":26,"height":26},"region_attributes":{"Type":"1","count":"1"}},{"shape_attributes":{"name":"rect","x":255,"y":309,"width":26,"height":22},"region_attributes":{"Type":"1","count":"1"}},{"shape_attributes":{"name":"rect","x":280,"y":323,"width":26,"height":26},"region_attributes":{"Type":"1","count":"1"}},{"shape_attributes":{"name":"rect","x":277,"y":263,"width":26,"height":26},"region_attributes":{"Type":"1","count":"1"}},{"shape_attributes":{"name":"rect","x":331,"y":255,"width":26,"height":26},"region_attributes":{"Type":"1","count":"1"}},{"shape_attributes":{"name":"rect","x":352,"y":246,"width":26,"height":26},"region_attributes":{"Type":"1","count":"1"}},{"shape_attributes":{"name":"rect","x":300,"y":385,"width":26,"height":26},"region_attributes":{"Type":"1","count":"1"}},{"shape_attributes":{"name":"rect","x":321,"y":285,"width":26,"height":26},"region_attributes":{"Type":"1","count":"1"}},{"shape_attributes":{"name":"rect","x":328,"y":323,"width":26,"height":26},"region_attributes":{"Type":"1","count":"1"}},{"shape_attributes":{"name":"rect","x":178,"y":395,"width":26,"height":26},"region_attributes":{"Type":"1","count":"1"}},{"shape_attributes":{"name":"rect","x":208,"y":370,"width":26,"height":26},"region_attributes":{"Type":"1","count":"1"}},{"shape_attributes":{"name":"rect","x":376,"y":337,"width":13,"height":15},"region_attributes":{"Type":"1","count":"2"}},{"shape_attributes":{"name":"rect","x":369,"y":359,"width":8,"height":14},"region_attributes":{"Type":"1","count":"1"}},{"shape_attributes":{"name":"rect","x":383,"y":361,"width":11,"height":16},"region_attributes":{"Type":"2","count":"1"}},{"shape_attributes":{"name":"rect","x":478,"y":358,"width":14,"height":35},"region_attributes":{"Type":"2","count":"3"}},{"shape_attributes":{"name":"rect","x":473,"y":403,"width":13,"height":18},"region_attributes":{"Type":"1","count":"1"}},{"shape_attributes":{"name":"rect","x":507,"y":397,"width":25,"height":23},"region_attributes":{"Type":"1","count":"1"}},{"shape_attributes":{"name":"rect","x":551,"y":378,"width":17,"height":18},"region_attributes":{"Type":"1","count":"3"}},{"shape_attributes":{"name":"rect","x":601,"y":291,"width":15,"height":19},"region_attributes":{"Type":"1","count":"1"}},{"shape_attributes":{"name":"rect","x":447,"y":300,"width":11,"height":16},"region_attributes":{"Type":"3","count":"1"}},{"shape_attributes":{"name":"rect","x":409,"y":244,"width":14,"height":31},"region_attributes":{"Type":"1","count":"14"}},{"shape_attributes":{"name":"rect","x":429,"y":262,"width":6,"height":17},"region_attributes":{"Type":"2","count":"1"}},{"shape_attributes":{"name":"rect","x":431,"y":264,"width":19,"height":6},"region_attributes":{"Type":"1","count":"1"}},{"shape_attributes":{"name":"rect","x":422,"y":293,"width":12,"height":13},"region_attributes":{"Type":"1","count":"1"}},{"shape_attributes":{"name":"rect","x":457,"y":187,"width":16,"height":18},"region_attributes":{"Type":"2","count":"1"}},{"shape_attributes":{"name":"rect","x":352,"y":184,"width":18,"height":19},"region_attributes":{"Type":"3","count":"1"}},{"shape_attributes":{"name":"rect","x":305,"y":169,"width":11,"height":41},"region_attributes":{"Type":"3","count":"4"}},{"shape_attributes":{"name":"rect","x":324,"y":181,"width":12,"height":20},"region_attributes":{"Type":"2","count":"11"}},{"shape_attributes":{"name":"rect","x":285,"y":163,"width":16,"height":23},"region_attributes":{"Type":"2","count":"17"}},{"shape_attributes":{"name":"rect","x":297,"y":194,"width":10,"height":14},"region_attributes":{"Type":"1","count":"6"}}],"file_attributes":{"date":"2022-11-23","temp":"50","rain":"2","neighborhood":"Cortez","total_count":""}},"https://drive.google.com/uc?export=view&id=1r15acW-XodD2srfYZ6QT82c9c4_v17ZW\n":{"filename":"https://drive.google.com/uc?export=view&id=1r15acW-XodD2srfYZ6QT82c9c4_v17ZW\n","size":-1,"regions":[{"shape_attributes":{"name":"rect","x":282,"y":256,"width":27,"height":31},"region_attributes":{"Type":"1","count":"1"}},{"shape_attributes":{"name":"rect","x":292,"y":324,"width":27,"height":31},"region_attributes":{"Type":"1","count":"1"}},{"shape_attributes":{"name":"rect","x":178,"y":381,"width":12,"height":31},"region_attributes":{"Type":"1","count":"1"}},{"shape_attributes":{"name":"rect","x":260,"y":391,"width":27,"height":31},"region_attributes":{"Type":"1","count":"1"}},{"shape_attributes":{"name":"rect","x":306,"y":334,"width":27,"height":31},"region_attributes":{"Type":"1","count":"1"}},{"shape_attributes":{"name":"rect","x":324,"y":245,"width":27,"height":31},"region_attributes":{"Type":"1","count":"1"}},{"shape_attributes":{"name":"rect","x":362,"y":395,"width":27,"height":31},"region_attributes":{"Type":"1","count":"1"}},{"shape_attributes":{"name":"rect","x":381,"y":380,"width":27,"height":31},"region_attributes":{"Type":"1","count":"1"}},{"shape_attributes":{"name":"rect","x":405,"y":347,"width":27,"height":31},"region_attributes":{"Type":"1","count":"1"}},{"shape_attributes":{"name":"rect","x":469,"y":308,"width":27,"height":31},"region_attributes":{"Type":"1","count":"1"}},{"shape_attributes":{"name":"rect","x":409,"y":285,"width":27,"height":31},"region_attributes":{"Type":"1","count":"1"}},{"shape_attributes":{"name":"rect","x":490,"y":230,"width":27,"height":31},"region_attributes":{"Type":"1","count":"1"}},{"shape_attributes":{"name":"rect","x":461,"y":188,"width":27,"height":31},"region_attributes":{"Type":"1","count":"1"}},{"shape_attributes":{"name":"rect","x":493,"y":170,"width":27,"height":31},"region_attributes":{"Type":"1","count":"1"}},{"shape_attributes":{"name":"rect","x":406,"y":190,"width":27,"height":31},"region_attributes":{"Type":"2","count":"1"}},{"shape_attributes":{"name":"rect","x":360,"y":324,"width":32,"height":34},"region_attributes":{"Type":"1","count":"14"}},{"shape_attributes":{"name":"rect","x":346,"y":316,"width":12,"height":18},"region_attributes":{"Type":"1","count":"2"}},{"shape_attributes":{"name":"rect","x":436,"y":384,"width":14,"height":19},"region_attributes":{"Type":"2","count":"2"}},{"shape_attributes":{"name":"rect","x":421,"y":405,"width":18,"height":21},"region_attributes":{"Type":"2","count":"1"}},{"shape_attributes":{"name":"rect","x":511,"y":403,"width":17,"height":15},"region_attributes":{"Type":"1","count":"4"}},{"shape_attributes":{"name":"rect","x":380,"y":189,"width":18,"height":18},"region_attributes":{"Type":"2","count":"1"}},{"shape_attributes":{"name":"rect","x":290,"y":118,"width":8,"height":16},"region_attributes":{"Type":"2","count":"9"}},{"shape_attributes":{"name":"rect","x":316,"y":128,"width":8,"height":14},"region_attributes":{"Type":"2","count":"6"}},{"shape_attributes":{"name":"rect","x":304,"y":156,"width":9,"height":37},"region_attributes":{"Type":"3","count":"3"}},{"shape_attributes":{"name":"rect","x":291,"y":180,"width":10,"height":10},"region_attributes":{"Type":"2","count":"9"}},{"shape_attributes":{"name":"rect","x":285,"y":194,"width":20,"height":11},"region_attributes":{"Type":"1","count":"2"}},{"shape_attributes":{"name":"rect","x":317,"y":179,"width":10,"height":15},"region_attributes":{"Type":"2","count":"7"}},{"shape_attributes":{"name":"rect","x":312,"y":192,"width":14,"height":12},"region_attributes":{"Type":"1","count":"2"}}],"file_attributes":{"date":"2022-12-29","temp":"59","rain":"2","neighborhood":"Cortez","total_count":""}}},"_via_attributes":{"region":{"Type":{"type":"dropdown","description":"","options":{"1":"Individual","2":"Structure","3":"Vehicle"},"default_options":{}},"count":{"type":"text","description":"","default_value":""}},"file":{"date":{"type":"text","description":"","default_value":""},"temp":{"type":"text","description":"","default_value":""},"rain":{"type":"dropdown","description":"","options":{"1":"rain","2":"clear"},"default_options":{"2":true}},"neighborhood":{"type":"text","description":"","default_value":"Cortez"},"total_count":{"type":"text","description":"","default_value":""}}},"_via_data_format_version":"2.0.10","_via_image_id_list":["https://drive.google.com/uc?export=view&id=107JASMcwG6HC3Eo0MWxIiQXyLz6V2sLP\n","https://drive.google.com/uc?export=view&id=1H4OlqGzVi2pRcFCqv-a8EYE05Nprjiwg\n","https://drive.google.com/uc?export=view&id=1IKub0XpDRiKVwD4nIKigXc9IlRbAnt7y\n","https://drive.google.com/uc?export=view&id=1yOrAPFbPOpWADM33XNjHtks7cVoT_3Eg\n","https://drive.google.com/uc?export=view&id=16s_t5uyuNkA2jTNU8jWjYv_HqXyJ7f8Z\n","https://drive.google.com/uc?export=view&id=1Kra02z5xmvPMAY66ozBub63RgIsi_fIO\n","https://drive.google.com/uc?export=view&id=1WwxA36v23x27hmUYUpXhqvCbHbkWr7zh\n","https://drive.google.com/uc?export=view&id=1qUZmXUPGPwgYFRs96zR-oUy5-YJmyqlW\n","https://drive.google.com/uc?export=view&id=1oXq2RPUaetSuA9VGcQ7lwqam3ECmkPgV\n","https://drive.google.com/uc?export=view&id=1sptrg9XROE1fVyPKO8WhdP-k16as-Nok\n","https://drive.google.com/uc?export=view&id=1Z8d_6se08ypzSrLyzrToyWIUdj_jZhfp\n","https://drive.google.com/uc?export=view&id=1r15acW-XodD2srfYZ6QT82c9c4_v17ZW\n"]}