{"_via_settings":{"ui":{"annotation_editor_height":25,"annotation_editor_fontsize":0.8,"leftsidebar_width":18,"image_grid":{"img_height":80,"rshape_fill":"none","rshape_fill_opacity":0.3,"rshape_stroke":"yellow","rshape_stroke_width":2,"show_region_shape":true,"show_image_policy":"all"},"image":{"region_label":"__via_region_id__","region_color":"__via_default_region_color__","region_label_font":"10px Sans","on_image_annotation_editor_placement":"NEAR_REGION"}},"core":{"buffer_size":18,"filepath":{},"default_filepath":""},"project":{"name":"Cortez_2019_count"}},"_via_img_metadata":{"https://drive.google.com/uc?export=view&id=1IeJxzMWWHFFrQXwXTqDNR1AvMYR4D-jv\n":{"filename":"https://drive.google.com/uc?export=view&id=1IeJxzMWWHFFrQXwXTqDNR1AvMYR4D-jv\n","size":-1,"regions":[{"shape_attributes":{"name":"rect","x":140,"y":359,"width":42,"height":49},"region_attributes":{"Type":"1","count":"11"}},{"shape_attributes":{"name":"rect","x":254,"y":281,"width":29,"height":37},"region_attributes":{"Type":"1","count":"1"}},{"shape_attributes":{"name":"rect","x":255,"y":168,"width":29,"height":37},"region_attributes":{"Type":"2","count":"2"}},{"shape_attributes":{"name":"rect","x":284,"y":371,"width":37,"height":30},"region_attributes":{"Type":"1","count":"4"}},{"shape_attributes":{"name":"rect","x":330,"y":369,"width":22,"height":22},"region_attributes":{"Type":"2","count":"1"}},{"shape_attributes":{"name":"rect","x":379,"y":226,"width":22,"height":28},"region_attributes":{"Type":"1","count":"4"}},{"shape_attributes":{"name":"rect","x":388,"y":259,"width":31,"height":25},"region_attributes":{"Type":"1","count":"3"}},{"shape_attributes":{"name":"rect","x":332,"y":401,"width":19,"height":15},"region_attributes":{"Type":"1","count":"2"}},{"shape_attributes":{"name":"rect","x":351,"y":329,"width":22,"height":24},"region_attributes":{"Type":"1","count":"1"}},{"shape_attributes":{"name":"rect","x":429,"y":309,"width":23,"height":28},"region_attributes":{"Type":"1","count":"2"}},{"shape_attributes":{"name":"rect","x":381,"y":377,"width":24,"height":26},"region_attributes":{"Type":"1","count":"3"}},{"shape_attributes":{"name":"rect","x":430,"y":361,"width":18,"height":21},"region_attributes":{"Type":"1","count":"3"}},{"shape_attributes":{"name":"rect","x":425,"y":397,"width":18,"height":18},"region_attributes":{"Type":"1","count":"3"}},{"shape_attributes":{"name":"rect","x":427,"y":234,"width":18,"height":46},"region_attributes":{"Type":"1","count":"4"}},{"shape_attributes":{"name":"rect","x":476,"y":172,"width":23,"height":33},"region_attributes":{"Type":"1","count":"1"}},{"shape_attributes":{"name":"rect","x":451,"y":257,"width":14,"height":25},"region_attributes":{"Type":"2","count":"1"}},{"shape_attributes":{"name":"rect","x":585,"y":134,"width":22,"height":21},"region_attributes":{"Type":"1","count":"2"}},{"shape_attributes":{"name":"rect","x":547,"y":301,"width":14,"height":18},"region_attributes":{"Type":"1","count":"2"}},{"shape_attributes":{"name":"rect","x":496,"y":336,"width":24,"height":22},"region_attributes":{"Type":"1","count":"1"}}],"file_attributes":{"date":"2019-01-31","temp":"55","rain":"2","neighborhood":"Cortez","total_count":""}},"https://drive.google.com/uc?export=view&id=1JMJ7yyUq7bi3xlyfdwf-y3o1y-Oq3vqV\n":{"filename":"https://drive.google.com/uc?export=view&id=1JMJ7yyUq7bi3xlyfdwf-y3o1y-Oq3vqV\n","size":-1,"regions":[{"shape_attributes":{"name":"rect","x":172,"y":360,"width":37,"height":53},"region_attributes":{"Type":"1","count":"10"}},{"shape_attributes":{"name":"rect","x":321,"y":309,"width":33,"height":36},"region_attributes":{"Type":"1","count":"3"}},{"shape_attributes":{"name":"rect","x":385,"y":287,"width":17,"height":25},"region_attributes":{"Type":"1","count":"2"}},{"shape_attributes":{"name":"rect","x":419,"y":282,"width":20,"height":23},"region_attributes":{"Type":"1","count":"8"}},{"shape_attributes":{"name":"rect","x":412,"y":311,"width":19,"height":24},"region_attributes":{"Type":"2","count":"1"}},{"shape_attributes":{"name":"rect","x":554,"y":301,"width":21,"height":33},"region_attributes":{"Type":"1","count":"1"}},{"shape_attributes":{"name":"rect","x":459,"y":359,"width":46,"height":34},"region_attributes":{"Type":"1","count":"6"}},{"shape_attributes":{"name":"rect","x":540,"y":150,"width":20,"height":37},"region_attributes":{"Type":"1","count":"1"}}],"file_attributes":{"date":"2019-02-27","temp":"55","rain":"2","neighborhood":"Cortez","total_count":""}},"https://drive.google.com/uc?export=view&id=16LhByfOiu8yxCyqgbgLo-kYjo74P9Lpf\n":{"filename":"https://drive.google.com/uc?export=view&id=16LhByfOiu8yxCyqgbgLo-kYjo74P9Lpf\n","size":-1,"regions":[{"shape_attributes":{"name":"rect","x":172,"y":355,"width":36,"height":53},"region_attributes":{"Type":"1","count":"7"}},{"shape_attributes":{"name":"rect","x":323,"y":229,"width":27,"height":43},"region_attributes":{"Type":"1","count":"2"}},{"shape_attributes":{"name":"rect","x":307,"y":295,"width":20,"height":24},"region_attributes":{"Type":"1","count":"1"}},{"shape_attributes":{"name":"rect","x":304,"y":344,"width":46,"height":47},"region_attributes":{"Type":"1","count":"6"}},{"shape_attributes":{"name":"rect","x":408,"y":239,"width":31,"height":37},"region_attributes":{"Type":"1","count":"1"}},{"shape_attributes":{"name":"rect","x":362,"y":289,"width":18,"height":21},"region_attributes":{"Type":"1","count":"1"}},{"shape_attributes":{"name":"rect","x":355,"y":314,"width":19,"height":22},"region_attributes":{"Type":"2","count":"1"}},{"shape_attributes":{"name":"rect","x":462,"y":182,"width":25,"height":23},"region_attributes":{"Type":"1","count":"1"}},{"shape_attributes":{"name":"rect","x":454,"y":230,"width":21,"height":41},"region_attributes":{"Type":"1","count":"3"}},{"shape_attributes":{"name":"rect","x":452,"y":303,"width":28,"height":28},"region_attributes":{"Type":"1","count":"1"}},{"shape_attributes":{"name":"rect","x":405,"y":375,"width":16,"height":17},"region_attributes":{"Type":"2","count":"1"}},{"shape_attributes":{"name":"rect","x":404,"y":350,"width":22,"height":21},"region_attributes":{"Type":"1","count":"1"}},{"shape_attributes":{"name":"rect","x":432,"y":357,"width":17,"height":16},"region_attributes":{"Type":"1","count":"1"}},{"shape_attributes":{"name":"rect","x":395,"y":388,"width":30,"height":22},"region_attributes":{"Type":"1","count":"8"}},{"shape_attributes":{"name":"rect","x":476,"y":359,"width":10,"height":19},"region_attributes":{"Type":"1","count":"2"}},{"shape_attributes":{"name":"rect","x":479,"y":387,"width":21,"height":20},"region_attributes":{"Type":"1","count":"2"}},{"shape_attributes":{"name":"rect","x":503,"y":352,"width":25,"height":30},"region_attributes":{"Type":"1","count":"2"}}],"file_attributes":{"date":"2019-03-01","temp":"","rain":"2","neighborhood":"Cortez","total_count":""}},"https://drive.google.com/uc?export=view&id=1oWdJ8uzEknQrG5VRbnH4R7rcCwrL7U7S\n":{"filename":"https://drive.google.com/uc?export=view&id=1oWdJ8uzEknQrG5VRbnH4R7rcCwrL7U7S\n","size":-1,"regions":[{"shape_attributes":{"name":"rect","x":173,"y":362,"width":45,"height":56},"region_attributes":{"Type":"1","count":"6"}},{"shape_attributes":{"name":"rect","x":337,"y":357,"width":23,"height":28},"region_attributes":{"Type":"1","count":"1"}},{"shape_attributes":{"name":"rect","x":364,"y":364,"width":23,"height":28},"region_attributes":{"Type":"1","count":"1"}},{"shape_attributes":{"name":"rect","x":251,"y":167,"width":23,"height":28},"region_attributes":{"Type":"1","count":"1"}},{"shape_attributes":{"name":"rect","x":367,"y":255,"width":23,"height":28},"region_attributes":{"Type":"1","count":"1"}},{"shape_attributes":{"name":"rect","x":288,"y":197,"width":23,"height":28},"region_attributes":{"Type":"1","count":"1"}},{"shape_attributes":{"name":"rect","x":364,"y":285,"width":23,"height":28},"region_attributes":{"Type":"1","count":"1"}},{"shape_attributes":{"name":"rect","x":363,"y":307,"width":23,"height":28},"region_attributes":{"Type":"1","count":"1"}},{"shape_attributes":{"name":"rect","x":485,"y":188,"width":23,"height":28},"region_attributes":{"Type":"1","count":"1"}},{"shape_attributes":{"name":"rect","x":466,"y":191,"width":23,"height":28},"region_attributes":{"Type":"1","count":"1"}},{"shape_attributes":{"name":"rect","x":481,"y":306,"width":23,"height":28},"region_attributes":{"Type":"1","count":"1"}},{"shape_attributes":{"name":"rect","x":520,"y":330,"width":23,"height":28},"region_attributes":{"Type":"1","count":"1"}},{"shape_attributes":{"name":"rect","x":436,"y":361,"width":23,"height":28},"region_attributes":{"Type":"1","count":"1"}},{"shape_attributes":{"name":"rect","x":318,"y":383,"width":23,"height":28},"region_attributes":{"Type":"1","count":"1"}},{"shape_attributes":{"name":"rect","x":416,"y":257,"width":20,"height":25},"region_attributes":{"Type":"1","count":"4"}},{"shape_attributes":{"name":"rect","x":464,"y":233,"width":17,"height":18},"region_attributes":{"Type":"1","count":"2"}},{"shape_attributes":{"name":"rect","x":474,"y":266,"width":22,"height":22},"region_attributes":{"Type":"2","count":"1"}},{"shape_attributes":{"name":"rect","x":512,"y":364,"width":21,"height":26},"region_attributes":{"Type":"1","count":"3"}},{"shape_attributes":{"name":"rect","x":515,"y":300,"width":15,"height":21},"region_attributes":{"Type":"1","count":"2"}},{"shape_attributes":{"name":"rect","x":416,"y":378,"width":12,"height":22},"region_attributes":{"Type":"1","count":"5"}},{"shape_attributes":{"name":"rect","x":419,"y":411,"width":16,"height":14},"region_attributes":{"Type":"2","count":"1"}},{"shape_attributes":{"name":"rect","x":440,"y":400,"width":29,"height":27},"region_attributes":{"Type":"1","count":"4"}}],"file_attributes":{"date":"2019-04-25","temp":"59","rain":"2","neighborhood":"Cortez","total_count":""}},"https://drive.google.com/uc?export=view&id=1fQUNjvd9l2wYnIvrJxlOcTckhhxsAEYy\n":{"filename":"https://drive.google.com/uc?export=view&id=1fQUNjvd9l2wYnIvrJxlOcTckhhxsAEYy\n","size":-1,"regions":[{"shape_attributes":{"name":"rect","x":172,"y":372,"width":32,"height":50},"region_attributes":{"Type":"1","count":"7"}},{"shape_attributes":{"name":"rect","x":368,"y":191,"width":21,"height":28},"region_attributes":{"Type":"1","count":"1"}},{"shape_attributes":{"name":"rect","x":329,"y":328,"width":21,"height":28},"region_attributes":{"Type":"1","count":"1"}},{"shape_attributes":{"name":"rect","x":356,"y":296,"width":21,"height":28},"region_attributes":{"Type":"1","count":"1"}},{"shape_attributes":{"name":"rect","x":381,"y":296,"width":21,"height":28},"region_attributes":{"Type":"1","count":"1"}},{"shape_attributes":{"name":"rect","x":372,"y":311,"width":21,"height":28},"region_attributes":{"Type":"1","count":"1"}},{"shape_attributes":{"name":"rect","x":268,"y":195,"width":21,"height":28},"region_attributes":{"Type":"1","count":"1"}},{"shape_attributes":{"name":"rect","x":415,"y":221,"width":21,"height":28},"region_attributes":{"Type":"1","count":"2"}},{"shape_attributes":{"name":"rect","x":287,"y":328,"width":21,"height":28},"region_attributes":{"Type":"1","count":"1"}},{"shape_attributes":{"name":"rect","x":290,"y":176,"width":17,"height":22},"region_attributes":{"Type":"2","count":"1"}},{"shape_attributes":{"name":"rect","x":452,"y":234,"width":22,"height":25},"region_attributes":{"Type":"1","count":"3"}},{"shape_attributes":{"name":"rect","x":404,"y":315,"width":36,"height":54},"region_attributes":{"Type":"1","count":"6"}},{"shape_attributes":{"name":"rect","x":477,"y":268,"width":15,"height":20},"region_attributes":{"Type":"2","count":"1"}},{"shape_attributes":{"name":"rect","x":426,"y":364,"width":15,"height":16},"region_attributes":{"Type":"1","count":"3"}},{"shape_attributes":{"name":"rect","x":397,"y":364,"width":28,"height":20},"region_attributes":{"Type":"2","count":"1"}},{"shape_attributes":{"name":"rect","x":411,"y":389,"width":12,"height":20},"region_attributes":{"Type":"1","count":"10"}},{"shape_attributes":{"name":"rect","x":510,"y":359,"width":14,"height":27},"region_attributes":{"Type":"1","count":"2"}}],"file_attributes":{"date":"2019-05-24","temp":"60","rain":"2","neighborhood":"Cortez","total_count":""}},"https://drive.google.com/uc?export=view&id=1PWPYt21CKo7mAu-TJUMQLPAdQMt8tXrk\n":{"filename":"https://drive.google.com/uc?export=view&id=1PWPYt21CKo7mAu-TJUMQLPAdQMt8tXrk\n","size":-1,"regions":[{"shape_attributes":{"name":"rect","x":212,"y":350,"width":35,"height":55},"region_attributes":{"Type":"1","count":"12"}},{"shape_attributes":{"name":"rect","x":417,"y":220,"width":22,"height":22},"region_attributes":{"Type":"1","count":"1"}},{"shape_attributes":{"name":"rect","x":402,"y":240,"width":22,"height":22},"region_attributes":{"Type":"1","count":"1"}},{"shape_attributes":{"name":"rect","x":407,"y":270,"width":22,"height":22},"region_attributes":{"Type":"1","count":"1"}},{"shape_attributes":{"name":"rect","x":489,"y":362,"width":22,"height":22},"region_attributes":{"Type":"1","count":"1"}},{"shape_attributes":{"name":"rect","x":513,"y":371,"width":22,"height":22},"region_attributes":{"Type":"1","count":"1"}},{"shape_attributes":{"name":"rect","x":588,"y":351,"width":22,"height":22},"region_attributes":{"Type":"1","count":"1"}},{"shape_attributes":{"name":"rect","x":317,"y":183,"width":22,"height":22},"region_attributes":{"Type":"1","count":"1"}},{"shape_attributes":{"name":"rect","x":397,"y":295,"width":15,"height":20},"region_attributes":{"Type":"1","count":"2"}},{"shape_attributes":{"name":"rect","x":446,"y":229,"width":28,"height":40},"region_attributes":{"Type":"1","count":"9"}},{"shape_attributes":{"name":"rect","x":444,"y":360,"width":23,"height":42},"region_attributes":{"Type":"1","count":"9"}},{"shape_attributes":{"name":"rect","x":543,"y":350,"width":18,"height":13},"region_attributes":{"Type":"1","count":"3"}},{"shape_attributes":{"name":"rect","x":552,"y":262,"width":23,"height":37},"region_attributes":{"Type":"2","count":"1"}},{"shape_attributes":{"name":"rect","x":611,"y":270,"width":19,"height":19},"region_attributes":{"Type":"1","count":"2"}}],"file_attributes":{"date":"2019-06-24","temp":"63","rain":"2","neighborhood":"Cortez","total_count":""}},"https://drive.google.com/uc?export=view&id=1BUdJuR6JmBdbcj3_kYXRbGZ6eUoM93WV\n":{"filename":"https://drive.google.com/uc?export=view&id=1BUdJuR6JmBdbcj3_kYXRbGZ6eUoM93WV\n","size":-1,"regions":[{"shape_attributes":{"name":"rect","x":177,"y":375,"width":40,"height":50},"region_attributes":{"Type":"1","count":"14"}},{"shape_attributes":{"name":"rect","x":224,"y":178,"width":26,"height":24},"region_attributes":{"Type":"1","count":"1"}},{"shape_attributes":{"name":"rect","x":211,"y":224,"width":26,"height":24},"region_attributes":{"Type":"1","count":"1"}},{"shape_attributes":{"name":"rect","x":230,"y":297,"width":26,"height":24},"region_attributes":{"Type":"1","count":"1"}},{"shape_attributes":{"name":"rect","x":378,"y":229,"width":26,"height":24},"region_attributes":{"Type":"1","count":"1"}},{"shape_attributes":{"name":"rect","x":500,"y":186,"width":26,"height":24},"region_attributes":{"Type":"1","count":"1"}},{"shape_attributes":{"name":"rect","x":469,"y":226,"width":26,"height":24},"region_attributes":{"Type":"1","count":"1"}},{"shape_attributes":{"name":"rect","x":500,"y":237,"width":26,"height":24},"region_attributes":{"Type":"1","count":"1"}},{"shape_attributes":{"name":"rect","x":550,"y":241,"width":26,"height":24},"region_attributes":{"Type":"1","count":"1"}},{"shape_attributes":{"name":"rect","x":623,"y":383,"width":26,"height":24},"region_attributes":{"Type":"1","count":"1"}},{"shape_attributes":{"name":"rect","x":504,"y":358,"width":26,"height":24},"region_attributes":{"Type":"1","count":"1"}},{"shape_attributes":{"name":"rect","x":504,"y":390,"width":26,"height":24},"region_attributes":{"Type":"1","count":"1"}},{"shape_attributes":{"name":"rect","x":462,"y":377,"width":26,"height":24},"region_attributes":{"Type":"1","count":"1"}},{"shape_attributes":{"name":"rect","x":330,"y":373,"width":26,"height":24},"region_attributes":{"Type":"1","count":"1"}},{"shape_attributes":{"name":"rect","x":273,"y":189,"width":26,"height":24},"region_attributes":{"Type":"1","count":"1"}},{"shape_attributes":{"name":"rect","x":242,"y":223,"width":16,"height":25},"region_attributes":{"Type":"2","count":"1"}},{"shape_attributes":{"name":"rect","x":247,"y":157,"width":20,"height":20},"region_attributes":{"Type":"2","count":"1"}},{"shape_attributes":{"name":"rect","x":413,"y":244,"width":30,"height":42},"region_attributes":{"Type":"1","count":"12"}},{"shape_attributes":{"name":"rect","x":369,"y":295,"width":16,"height":22},"region_attributes":{"Type":"1","count":"2"}},{"shape_attributes":{"name":"rect","x":333,"y":405,"width":23,"height":22},"region_attributes":{"Type":"1","count":"2"}},{"shape_attributes":{"name":"rect","x":423,"y":329,"width":23,"height":27},"region_attributes":{"Type":"2","count":"1"}},{"shape_attributes":{"name":"rect","x":363,"y":375,"width":30,"height":33},"region_attributes":{"Type":"1","count":"9"}},{"shape_attributes":{"name":"rect","x":411,"y":369,"width":14,"height":20},"region_attributes":{"Type":"2","count":"2"}},{"shape_attributes":{"name":"rect","x":416,"y":398,"width":32,"height":25},"region_attributes":{"Type":"1","count":"9"}}],"file_attributes":{"date":"2019-07-24","temp":"73","rain":"2","neighborhood":"Cortez","total_count":""}},"https://drive.google.com/uc?export=view&id=1S36wgavsEfNJ1KNksdPxMpzIN0byj1ar\n":{"filename":"https://drive.google.com/uc?export=view&id=1S36wgavsEfNJ1KNksdPxMpzIN0byj1ar\n","size":-1,"regions":[{"shape_attributes":{"name":"rect","x":180,"y":381,"width":21,"height":36},"region_attributes":{"Type":"1","count":"4"}},{"shape_attributes":{"name":"rect","x":228,"y":371,"width":32,"height":52},"region_attributes":{"Type":"1","count":"5"}},{"shape_attributes":{"name":"rect","x":322,"y":384,"width":17,"height":26},"region_attributes":{"Type":"1","count":"1"}},{"shape_attributes":{"name":"rect","x":413,"y":309,"width":23,"height":33},"region_attributes":{"Type":"1","count":"9"}},{"shape_attributes":{"name":"rect","x":375,"y":394,"width":22,"height":16},"region_attributes":{"Type":"1","count":"2"}},{"shape_attributes":{"name":"rect","x":432,"y":370,"width":14,"height":18},"region_attributes":{"Type":"1","count":"1"}},{"shape_attributes":{"name":"rect","x":414,"y":402,"width":19,"height":24},"region_attributes":{"Type":"1","count":"4"}},{"shape_attributes":{"name":"rect","x":546,"y":248,"width":21,"height":24},"region_attributes":{"Type":"1","count":"1"}},{"shape_attributes":{"name":"rect","x":507,"y":203,"width":14,"height":18},"region_attributes":{"Type":"1","count":"2"}},{"shape_attributes":{"name":"rect","x":476,"y":236,"width":18,"height":27},"region_attributes":{"Type":"2","count":"1"}}],"file_attributes":{"date":"2019-08-01","temp":"","rain":"2","neighborhood":"Cortez","total_count":""}},"https://drive.google.com/uc?export=view&id=1d65BkWq8AU4pLZAd7zJS1Nzf0QV5hIEa\n":{"filename":"https://drive.google.com/uc?export=view&id=1d65BkWq8AU4pLZAd7zJS1Nzf0QV5hIEa\n","size":-1,"regions":[{"shape_attributes":{"name":"rect","x":164,"y":356,"width":39,"height":34},"region_attributes":{"Type":"1","count":"5"}},{"shape_attributes":{"name":"rect","x":160,"y":397,"width":16,"height":15},"region_attributes":{"Type":"1","count":"1"}},{"shape_attributes":{"name":"rect","x":177,"y":393,"width":23,"height":14},"region_attributes":{"Type":"2","count":"1"}},{"shape_attributes":{"name":"rect","x":282,"y":166,"width":17,"height":16},"region_attributes":{"Type":"2","count":"1"}},{"shape_attributes":{"name":"rect","x":288,"y":182,"width":11,"height":26},"region_attributes":{"Type":"1","count":"2"}},{"shape_attributes":{"name":"rect","x":277,"y":304,"width":21,"height":27},"region_attributes":{"Type":"1","count":"3"}},{"shape_attributes":{"name":"rect","x":302,"y":228,"width":25,"height":26},"region_attributes":{"Type":"2","count":"1"}},{"shape_attributes":{"name":"rect","x":381,"y":242,"width":34,"height":28},"region_attributes":{"Type":"1","count":"11"}},{"shape_attributes":{"name":"rect","x":428,"y":221,"width":16,"height":18},"region_attributes":{"Type":"1","count":"1"}},{"shape_attributes":{"name":"rect","x":424,"y":246,"width":10,"height":26},"region_attributes":{"Type":"1","count":"9"}},{"shape_attributes":{"name":"rect","x":455,"y":232,"width":18,"height":28},"region_attributes":{"Type":"1","count":"3"}},{"shape_attributes":{"name":"rect","x":355,"y":306,"width":27,"height":28},"region_attributes":{"Type":"1","count":"2"}},{"shape_attributes":{"name":"rect","x":319,"y":385,"width":17,"height":26},"region_attributes":{"Type":"1","count":"1"}},{"shape_attributes":{"name":"rect","x":360,"y":356,"width":23,"height":24},"region_attributes":{"Type":"1","count":"1"}},{"shape_attributes":{"name":"rect","x":449,"y":309,"width":39,"height":24},"region_attributes":{"Type":"1","count":"3"}},{"shape_attributes":{"name":"rect","x":463,"y":269,"width":29,"height":9},"region_attributes":{"Type":"2","count":"1"}},{"shape_attributes":{"name":"rect","x":403,"y":373,"width":22,"height":9},"region_attributes":{"Type":"1","count":"1"}},{"shape_attributes":{"name":"rect","x":473,"y":372,"width":22,"height":21},"region_attributes":{"Type":"1","count":"1"}},{"shape_attributes":{"name":"rect","x":453,"y":396,"width":22,"height":17},"region_attributes":{"Type":"1","count":""}}],"file_attributes":{"date":"2019-09-01","temp":"","rain":"2","neighborhood":"Cortez","total_count":""}},"https://drive.google.com/uc?export=view&id=1StcdPwYtncsFATz4PYvBvfjSSFsD-SQQ\n":{"filename":"https://drive.google.com/uc?export=view&id=1StcdPwYtncsFATz4PYvBvfjSSFsD-SQQ\n","size":-1,"regions":[{"shape_attributes":{"name":"rect","x":414,"y":238,"width":26,"height":39},"region_attributes":{"Type":"1","count":"15"}},{"shape_attributes":{"name":"rect","x":657,"y":378,"width":25,"height":37},"region_attributes":{"Type":"1","count":"1"}},{"shape_attributes":{"name":"rect","x":186,"y":355,"width":20,"height":20},"region_attributes":{"Type":"1","count":"1"}},{"shape_attributes":{"name":"rect","x":173,"y":366,"width":16,"height":26},"region_attributes":{"Type":"2","count":"1"}},{"shape_attributes":{"name":"rect","x":180,"y":396,"width":25,"height":13},"region_attributes":{"Type":"1","count":"1"}},{"shape_attributes":{"name":"rect","x":230,"y":289,"width":31,"height":41},"region_attributes":{"Type":"1","count":"3"}},{"shape_attributes":{"name":"rect","x":274,"y":363,"width":39,"height":29},"region_attributes":{"Type":"1","count":"2"}},{"shape_attributes":{"name":"rect","x":370,"y":233,"width":31,"height":35},"region_attributes":{"Type":"1","count":"2"}},{"shape_attributes":{"name":"rect","x":363,"y":279,"width":12,"height":26},"region_attributes":{"Type":"1","count":"1"}},{"shape_attributes":{"name":"rect","x":379,"y":296,"width":16,"height":31},"region_attributes":{"Type":"2","count":"1"}},{"shape_attributes":{"name":"rect","x":338,"y":360,"width":102,"height":53},"region_attributes":{"Type":"1","count":"5"}},{"shape_attributes":{"name":"rect","x":464,"y":185,"width":18,"height":17},"region_attributes":{"Type":"1","count":"1"}},{"shape_attributes":{"name":"rect","x":462,"y":223,"width":13,"height":18},"region_attributes":{"Type":"1","count":"2"}},{"shape_attributes":{"name":"rect","x":467,"y":252,"width":31,"height":25},"region_attributes":{"Type":"2","count":"1"}}],"file_attributes":{"date":"2019-10-30","temp":"","rain":"2","neighborhood":"Cortez","total_count":""}},"https://drive.google.com/uc?export=view&id=18lX4O8mCJhNhwVdkMZMunN9sV-BVoz8j\n":{"filename":"https://drive.google.com/uc?export=view&id=18lX4O8mCJhNhwVdkMZMunN9sV-BVoz8j\n","size":-1,"regions":[{"shape_attributes":{"name":"rect","x":179,"y":390,"width":31,"height":36},"region_attributes":{"Type":"1","count":"5"}},{"shape_attributes":{"name":"rect","x":231,"y":406,"width":26,"height":24},"region_attributes":{"Type":"2","count":"1"}},{"shape_attributes":{"name":"rect","x":298,"y":186,"width":14,"height":23},"region_attributes":{"Type":"1","count":"7"}},{"shape_attributes":{"name":"rect","x":344,"y":254,"width":14,"height":22},"region_attributes":{"Type":"1","count":"1"}},{"shape_attributes":{"name":"rect","x":478,"y":226,"width":19,"height":25},"region_attributes":{"Type":"2","count":"1"}},{"shape_attributes":{"name":"rect","x":409,"y":256,"width":33,"height":25},"region_attributes":{"Type":"1","count":"6"}},{"shape_attributes":{"name":"rect","x":379,"y":315,"width":17,"height":21},"region_attributes":{"Type":"1","count":"1"}},{"shape_attributes":{"name":"rect","x":424,"y":301,"width":21,"height":16},"region_attributes":{"Type":"1","count":"2"}}],"file_attributes":{"date":"2019-11-26","temp":"55","rain":"2","neighborhood":"Cortez","total_count":""}}},"_via_attributes":{"region":{"Type":{"type":"dropdown","description":"","options":{"1":"Individual","2":"Structure","3":"Vehicle"},"default_options":{}},"count":{"type":"text","description":"","default_value":""}},"file":{"date":{"type":"text","description":"","default_value":""},"temp":{"type":"text","description":"","default_value":""},"rain":{"type":"dropdown","description":"","options":{"1":"rain","2":"clear"},"default_options":{"2":true}},"neighborhood":{"type":"text","description":"","default_value":"Cortez"},"total_count":{"type":"text","description":"","default_value":""}}},"_via_data_format_version":"2.0.10","_via_image_id_list":["https://drive.google.com/uc?export=view&id=1IeJxzMWWHFFrQXwXTqDNR1AvMYR4D-jv\n","https://drive.google.com/uc?export=view&id=1JMJ7yyUq7bi3xlyfdwf-y3o1y-Oq3vqV\n","https://drive.google.com/uc?export=view&id=16LhByfOiu8yxCyqgbgLo-kYjo74P9Lpf\n","https://drive.google.com/uc?export=view&id=1oWdJ8uzEknQrG5VRbnH4R7rcCwrL7U7S\n","https://drive.google.com/uc?export=view&id=1fQUNjvd9l2wYnIvrJxlOcTckhhxsAEYy\n","https://drive.google.com/uc?export=view&id=1PWPYt21CKo7mAu-TJUMQLPAdQMt8tXrk\n","https://drive.google.com/uc?export=view&id=1BUdJuR6JmBdbcj3_kYXRbGZ6eUoM93WV\n","https://drive.google.com/uc?export=view&id=1S36wgavsEfNJ1KNksdPxMpzIN0byj1ar\n","https://drive.google.com/uc?export=view&id=1d65BkWq8AU4pLZAd7zJS1Nzf0QV5hIEa\n","https://drive.google.com/uc?export=view&id=1StcdPwYtncsFATz4PYvBvfjSSFsD-SQQ\n","https://drive.google.com/uc?export=view&id=18lX4O8mCJhNhwVdkMZMunN9sV-BVoz8j\n"]}