{"_via_settings":{"ui":{"annotation_editor_height":25,"annotation_editor_fontsize":0.8,"leftsidebar_width":18,"image_grid":{"img_height":80,"rshape_fill":"none","rshape_fill_opacity":0.3,"rshape_stroke":"yellow","rshape_stroke_width":2,"show_region_shape":true,"show_image_policy":"all"},"image":{"region_label":"__via_region_id__","region_color":"__via_default_region_color__","region_label_font":"10px Sans","on_image_annotation_editor_placement":"NEAR_REGION"}},"core":{"buffer_size":18,"filepath":{},"default_filepath":""},"project":{"name":"Cortez_2021_count"}},"_via_img_metadata":{"https://drive.google.com/uc?export=view&id=1X8koOniLcdClneGfsWFHRkiGm1yZgtO3\n":{"filename":"https://drive.google.com/uc?export=view&id=1X8koOniLcdClneGfsWFHRkiGm1yZgtO3\n","size":-1,"regions":[{"shape_attributes":{"name":"rect","x":275,"y":315,"width":24,"height":30},"region_attributes":{"Type":"2","count":"1"}},{"shape_attributes":{"name":"rect","x":325,"y":266,"width":23,"height":23},"region_attributes":{"Type":"1","count":"2"}},{"shape_attributes":{"name":"rect","x":326,"y":161,"width":26,"height":24},"region_attributes":{"Type":"2","count":"2"}},{"shape_attributes":{"name":"rect","x":289,"y":145,"width":25,"height":26},"region_attributes":{"Type":"2","count":"7"}},{"shape_attributes":{"name":"rect","x":321,"y":314,"width":19,"height":29},"region_attributes":{"Type":"2","count":"1"}},{"shape_attributes":{"name":"rect","x":320,"y":373,"width":20,"height":11},"region_attributes":{"Type":"1","count":"3"}},{"shape_attributes":{"name":"rect","x":318,"y":401,"width":18,"height":16},"region_attributes":{"Type":"2","count":"1"}},{"shape_attributes":{"name":"rect","x":416,"y":384,"width":30,"height":22},"region_attributes":{"Type":"1","count":"3"}},{"shape_attributes":{"name":"rect","x":370,"y":320,"width":11,"height":13},"region_attributes":{"Type":"1","count":"1"}},{"shape_attributes":{"name":"rect","x":414,"y":255,"width":29,"height":30},"region_attributes":{"Type":"1","count":"11"}},{"shape_attributes":{"name":"rect","x":513,"y":201,"width":16,"height":14},"region_attributes":{"Type":"1","count":"1"}},{"shape_attributes":{"name":"rect","x":476,"y":360,"width":17,"height":18},"region_attributes":{"Type":"1","count":"1"}},{"shape_attributes":{"name":"rect","x":522,"y":339,"width":18,"height":16},"region_attributes":{"Type":"1","count":"2"}},{"shape_attributes":{"name":"rect","x":569,"y":339,"width":17,"height":19},"region_attributes":{"Type":"1","count":"1"}}],"file_attributes":{"date":"2021-01-28","temp":"46","rain":"2","neighborhood":"Cortez","total_count":""}},"https://drive.google.com/uc?export=view&id=1K0tWEXY9QiBVmvSyA75JPIheOGqyg7ZV\n":{"filename":"https://drive.google.com/uc?export=view&id=1K0tWEXY9QiBVmvSyA75JPIheOGqyg7ZV\n","size":-1,"regions":[{"shape_attributes":{"name":"rect","x":257,"y":196,"width":41,"height":38},"region_attributes":{"Type":"1","count":"5"}},{"shape_attributes":{"name":"rect","x":275,"y":169,"width":18,"height":21},"region_attributes":{"Type":"2","count":"4"}},{"shape_attributes":{"name":"rect","x":263,"y":390,"width":23,"height":25},"region_attributes":{"Type":"1","count":"1"}},{"shape_attributes":{"name":"rect","x":325,"y":303,"width":23,"height":25},"region_attributes":{"Type":"1","count":"1"}},{"shape_attributes":{"name":"rect","x":367,"y":239,"width":23,"height":25},"region_attributes":{"Type":"1","count":"1"}},{"shape_attributes":{"name":"rect","x":442,"y":210,"width":23,"height":25},"region_attributes":{"Type":"1","count":"1"}},{"shape_attributes":{"name":"rect","x":507,"y":340,"width":23,"height":25},"region_attributes":{"Type":"1","count":"1"}},{"shape_attributes":{"name":"rect","x":593,"y":345,"width":23,"height":25},"region_attributes":{"Type":"1","count":"1"}},{"shape_attributes":{"name":"rect","x":506,"y":370,"width":23,"height":25},"region_attributes":{"Type":"1","count":"1"}},{"shape_attributes":{"name":"rect","x":226,"y":391,"width":23,"height":25},"region_attributes":{"Type":"1","count":"1"}},{"shape_attributes":{"name":"rect","x":397,"y":371,"width":21,"height":20},"region_attributes":{"Type":"1","count":"4"}},{"shape_attributes":{"name":"rect","x":309,"y":368,"width":16,"height":17},"region_attributes":{"Type":"1","count":"2"}},{"shape_attributes":{"name":"rect","x":401,"y":242,"width":23,"height":24},"region_attributes":{"Type":"1","count":"9"}},{"shape_attributes":{"name":"rect","x":450,"y":253,"width":18,"height":20},"region_attributes":{"Type":"1","count":"2"}},{"shape_attributes":{"name":"rect","x":306,"y":176,"width":14,"height":14},"region_attributes":{"Type":"2","count":"3"}},{"shape_attributes":{"name":"rect","x":318,"y":195,"width":12,"height":11},"region_attributes":{"Type":"1","count":"2"}}],"file_attributes":{"date":"2021-02-01","temp":"","rain":"2","neighborhood":"Cortez","total_count":""}},"https://drive.google.com/uc?export=view&id=1btdfG3Eyj2sqLA3PZ6xA77RtANznpMYC\n":{"filename":"https://drive.google.com/uc?export=view&id=1btdfG3Eyj2sqLA3PZ6xA77RtANznpMYC\n","size":-1,"regions":[{"shape_attributes":{"name":"rect","x":295,"y":140,"width":13,"height":11},"region_attributes":{"Type":"1","count":"1"}},{"shape_attributes":{"name":"rect","x":295,"y":158,"width":19,"height":17},"region_attributes":{"Type":"2","count":"3"}},{"shape_attributes":{"name":"rect","x":275,"y":389,"width":14,"height":17},"region_attributes":{"Type":"1","count":"1"}},{"shape_attributes":{"name":"rect","x":417,"y":257,"width":22,"height":33},"region_attributes":{"Type":"1","count":"11"}},{"shape_attributes":{"name":"rect","x":323,"y":388,"width":23,"height":31},"region_attributes":{"Type":"1","count":"4"}},{"shape_attributes":{"name":"rect","x":513,"y":342,"width":13,"height":16},"region_attributes":{"Type":"1","count":"1"}},{"shape_attributes":{"name":"rect","x":414,"y":373,"width":29,"height":22},"region_attributes":{"Type":"1","count":"2"}},{"shape_attributes":{"name":"rect","x":377,"y":411,"width":22,"height":18},"region_attributes":{"Type":"1","count":"1"}},{"shape_attributes":{"name":"rect","x":367,"y":301,"width":15,"height":16},"region_attributes":{"Type":"1","count":"1"}},{"shape_attributes":{"name":"rect","x":368,"y":325,"width":22,"height":17},"region_attributes":{"Type":"2","count":"1"}}],"file_attributes":{"date":"2021-03-25","temp":"54","rain":"2","neighborhood":"Cortez","total_count":""}},"https://drive.google.com/uc?export=view&id=1q9LBJQdaAaFyhQY1FqKlDrZ8vI9WGBM0\n":{"filename":"https://drive.google.com/uc?export=view&id=1q9LBJQdaAaFyhQY1FqKlDrZ8vI9WGBM0\n","size":-1,"regions":[{"shape_attributes":{"name":"rect","x":192,"y":369,"width":16,"height":18},"region_attributes":{"Type":"1","count":"1"}},{"shape_attributes":{"name":"rect","x":240,"y":320,"width":18,"height":18},"region_attributes":{"Type":"2","count":"1"}},{"shape_attributes":{"name":"rect","x":289,"y":161,"width":18,"height":17},"region_attributes":{"Type":"1","count":"2"}},{"shape_attributes":{"name":"rect","x":321,"y":341,"width":13,"height":18},"region_attributes":{"Type":"2","count":"2"}},{"shape_attributes":{"name":"rect","x":287,"y":416,"width":10,"height":17},"region_attributes":{"Type":"1","count":"1"}},{"shape_attributes":{"name":"rect","x":316,"y":393,"width":26,"height":34},"region_attributes":{"Type":"1","count":"1"}},{"shape_attributes":{"name":"rect","x":409,"y":389,"width":33,"height":21},"region_attributes":{"Type":"1","count":"4"}},{"shape_attributes":{"name":"rect","x":410,"y":240,"width":24,"height":47},"region_attributes":{"Type":"1","count":"9"}},{"shape_attributes":{"name":"rect","x":363,"y":270,"width":20,"height":20},"region_attributes":{"Type":"1","count":"4"}},{"shape_attributes":{"name":"rect","x":505,"y":255,"width":11,"height":12},"region_attributes":{"Type":"1","count":"2"}},{"shape_attributes":{"name":"rect","x":494,"y":268,"width":18,"height":15},"region_attributes":{"Type":"2","count":"1"}}],"file_attributes":{"date":"2021-04-29","temp":"61","rain":"2","neighborhood":"Cortez","total_count":""}},"https://drive.google.com/uc?export=view&id=10I--PO0hS8MmdkIPZ71TVS7OebG6UB8g\n":{"filename":"https://drive.google.com/uc?export=view&id=10I--PO0hS8MmdkIPZ71TVS7OebG6UB8g\n","size":-1,"regions":[{"shape_attributes":{"name":"rect","x":192,"y":361,"width":24,"height":27},"region_attributes":{"Type":"1","count":"1"}},{"shape_attributes":{"name":"rect","x":368,"y":362,"width":34,"height":39},"region_attributes":{"Type":"1","count":"10"}},{"shape_attributes":{"name":"rect","x":553,"y":393,"width":18,"height":17},"region_attributes":{"Type":"2","count":"1"}},{"shape_attributes":{"name":"rect","x":509,"y":206,"width":17,"height":14},"region_attributes":{"Type":"1","count":"2"}},{"shape_attributes":{"name":"rect","x":465,"y":230,"width":25,"height":14},"region_attributes":{"Type":"1","count":"1"}},{"shape_attributes":{"name":"rect","x":414,"y":250,"width":23,"height":34},"region_attributes":{"Type":"1","count":"5"}},{"shape_attributes":{"name":"rect","x":298,"y":199,"width":38,"height":17},"region_attributes":{"Type":"1","count":"4"}}],"file_attributes":{"date":"2021-05-27","temp":"","rain":"2","neighborhood":"Cortez","total_count":""}},"https://drive.google.com/uc?export=view&id=1IQHH2Afy4-EKdiwPUXguwQ-JE4K_CCHM\n":{"filename":"https://drive.google.com/uc?export=view&id=1IQHH2Afy4-EKdiwPUXguwQ-JE4K_CCHM\n","size":-1,"regions":[{"shape_attributes":{"name":"rect","x":203,"y":364,"width":11,"height":15},"region_attributes":{"Type":"1","count":"1"}},{"shape_attributes":{"name":"rect","x":421,"y":251,"width":36,"height":35},"region_attributes":{"Type":"1","count":"13"}},{"shape_attributes":{"name":"rect","x":325,"y":196,"width":16,"height":23},"region_attributes":{"Type":"1","count":"2"}},{"shape_attributes":{"name":"rect","x":325,"y":367,"width":28,"height":36},"region_attributes":{"Type":"1","count":"2"}},{"shape_attributes":{"name":"rect","x":382,"y":340,"width":15,"height":12},"region_attributes":{"Type":"1","count":"1"}},{"shape_attributes":{"name":"rect","x":392,"y":382,"width":19,"height":18},"region_attributes":{"Type":"1","count":"1"}},{"shape_attributes":{"name":"rect","x":440,"y":372,"width":22,"height":16},"region_attributes":{"Type":"1","count":"1"}},{"shape_attributes":{"name":"rect","x":487,"y":338,"width":17,"height":16},"region_attributes":{"Type":"1","count":"1"}},{"shape_attributes":{"name":"rect","x":506,"y":403,"width":19,"height":22},"region_attributes":{"Type":"1","count":"3"}},{"shape_attributes":{"name":"rect","x":535,"y":189,"width":9,"height":15},"region_attributes":{"Type":"1","count":"1"}}],"file_attributes":{"date":"2021-06-01","temp":"","rain":"2","neighborhood":"Cortez","total_count":""}},"https://drive.google.com/uc?export=view&id=1ux4pqc_D6yWhJh34OQ2mvnhMRpMCQDJX\n":{"filename":"https://drive.google.com/uc?export=view&id=1ux4pqc_D6yWhJh34OQ2mvnhMRpMCQDJX\n","size":-1,"regions":[{"shape_attributes":{"name":"rect","x":192,"y":393,"width":16,"height":19},"region_attributes":{"Type":"1","count":"3"}},{"shape_attributes":{"name":"rect","x":241,"y":330,"width":11,"height":14},"region_attributes":{"Type":"1","count":"2"}},{"shape_attributes":{"name":"rect","x":302,"y":314,"width":14,"height":25},"region_attributes":{"Type":"3","count":"1"}},{"shape_attributes":{"name":"rect","x":288,"y":409,"width":33,"height":16},"region_attributes":{"Type":"1","count":"2"}},{"shape_attributes":{"name":"rect","x":339,"y":368,"width":10,"height":14},"region_attributes":{"Type":"1","count":"1"}},{"shape_attributes":{"name":"rect","x":359,"y":248,"width":21,"height":38},"region_attributes":{"Type":"1","count":"3"}},{"shape_attributes":{"name":"rect","x":422,"y":226,"width":21,"height":21},"region_attributes":{"Type":"2","count":"1"}},{"shape_attributes":{"name":"rect","x":412,"y":254,"width":22,"height":32},"region_attributes":{"Type":"1","count":"11"}},{"shape_attributes":{"name":"rect","x":360,"y":309,"width":14,"height":20},"region_attributes":{"Type":"2","count":"1"}},{"shape_attributes":{"name":"rect","x":363,"y":339,"width":33,"height":15},"region_attributes":{"Type":"1","count":"6"}},{"shape_attributes":{"name":"rect","x":421,"y":297,"width":15,"height":16},"region_attributes":{"Type":"1","count":"1"}},{"shape_attributes":{"name":"rect","x":407,"y":367,"width":33,"height":15},"region_attributes":{"Type":"1","count":"2"}},{"shape_attributes":{"name":"rect","x":467,"y":408,"width":18,"height":20},"region_attributes":{"Type":"1","count":"4"}},{"shape_attributes":{"name":"rect","x":516,"y":406,"width":17,"height":17},"region_attributes":{"Type":"1","count":"3"}}],"file_attributes":{"date":"2021-07-21","temp":"60","rain":"2","neighborhood":"Cortez","total_count":""}},"https://drive.google.com/uc?export=view&id=1_xOiZKFj5XjESZm0amiAQWQb3vydfwIp\n":{"filename":"https://drive.google.com/uc?export=view&id=1_xOiZKFj5XjESZm0amiAQWQb3vydfwIp\n","size":-1,"regions":[{"shape_attributes":{"name":"rect","x":177,"y":359,"width":16,"height":17},"region_attributes":{"Type":"1","count":"1"}},{"shape_attributes":{"name":"rect","x":209,"y":387,"width":17,"height":16},"region_attributes":{"Type":"1","count":"1"}},{"shape_attributes":{"name":"rect","x":290,"y":238,"width":8,"height":12},"region_attributes":{"Type":"1","count":"1"}},{"shape_attributes":{"name":"rect","x":323,"y":240,"width":5,"height":36},"region_attributes":{"Type":"1","count":"3"}},{"shape_attributes":{"name":"rect","x":432,"y":290,"width":31,"height":30},"region_attributes":{"Type":"1","count":"1"}},{"shape_attributes":{"name":"rect","x":354,"y":359,"width":31,"height":30},"region_attributes":{"Type":"1","count":"1"}},{"shape_attributes":{"name":"rect","x":367,"y":395,"width":31,"height":30},"region_attributes":{"Type":"1","count":"1"}},{"shape_attributes":{"name":"rect","x":528,"y":312,"width":31,"height":30},"region_attributes":{"Type":"1","count":"1"}},{"shape_attributes":{"name":"rect","x":614,"y":351,"width":31,"height":30},"region_attributes":{"Type":"1","count":"1"}},{"shape_attributes":{"name":"rect","x":511,"y":374,"width":31,"height":30},"region_attributes":{"Type":"1","count":"1"}},{"shape_attributes":{"name":"rect","x":414,"y":392,"width":31,"height":30},"region_attributes":{"Type":"1","count":"1"}},{"shape_attributes":{"name":"rect","x":436,"y":214,"width":31,"height":30},"region_attributes":{"Type":"1","count":"1"}},{"shape_attributes":{"name":"rect","x":363,"y":239,"width":33,"height":41},"region_attributes":{"Type":"1","count":"13"}},{"shape_attributes":{"name":"rect","x":486,"y":398,"width":14,"height":16},"region_attributes":{"Type":"1","count":"5"}},{"shape_attributes":{"name":"rect","x":472,"y":356,"width":10,"height":11},"region_attributes":{"Type":"1","count":"2"}}],"file_attributes":{"date":"2021-08-01","temp":"","rain":"2","neighborhood":"Cortez","total_count":""}},"https://drive.google.com/uc?export=view&id=1WoFmeVPEToTMKSLTF2ryLF7RPrmPvpxU\n":{"filename":"https://drive.google.com/uc?export=view&id=1WoFmeVPEToTMKSLTF2ryLF7RPrmPvpxU\n","size":-1,"regions":[{"shape_attributes":{"name":"rect","x":182,"y":356,"width":16,"height":22},"region_attributes":{"Type":"1","count":"1"}},{"shape_attributes":{"name":"rect","x":328,"y":377,"width":7,"height":36},"region_attributes":{"Type":"1","count":"3"}},{"shape_attributes":{"name":"rect","x":263,"y":374,"width":23,"height":20},"region_attributes":{"Type":"1","count":"1"}},{"shape_attributes":{"name":"rect","x":554,"y":329,"width":27,"height":39},"region_attributes":{"Type":"1","count":"1"}},{"shape_attributes":{"name":"rect","x":360,"y":285,"width":15,"height":38},"region_attributes":{"Type":"1","count":"4"}},{"shape_attributes":{"name":"rect","x":363,"y":328,"width":9,"height":12},"region_attributes":{"Type":"2","count":"1"}},{"shape_attributes":{"name":"rect","x":375,"y":256,"width":16,"height":15},"region_attributes":{"Type":"1","count":"2"}},{"shape_attributes":{"name":"rect","x":409,"y":215,"width":34,"height":60},"region_attributes":{"Type":"1","count":"14"}}],"file_attributes":{"date":"2021-09-30","temp":"66","rain":"2","neighborhood":"Cortez","total_count":""}},"https://drive.google.com/uc?export=view&id=10paqX818qHrndbzVInrT492iogLQ7DXb\n":{"filename":"https://drive.google.com/uc?export=view&id=10paqX818qHrndbzVInrT492iogLQ7DXb\n","size":-1,"regions":[{"shape_attributes":{"name":"rect","x":148,"y":327,"width":52,"height":58},"region_attributes":{"Type":"1","count":"3"}},{"shape_attributes":{"name":"rect","x":255,"y":269,"width":21,"height":21},"region_attributes":{"Type":"1","count":"1"}},{"shape_attributes":{"name":"rect","x":349,"y":206,"width":21,"height":21},"region_attributes":{"Type":"1","count":"1"}},{"shape_attributes":{"name":"rect","x":345,"y":268,"width":21,"height":21},"region_attributes":{"Type":"1","count":"1"}},{"shape_attributes":{"name":"rect","x":290,"y":366,"width":21,"height":21},"region_attributes":{"Type":"1","count":"1"}},{"shape_attributes":{"name":"rect","x":258,"y":205,"width":21,"height":21},"region_attributes":{"Type":"1","count":"1"}},{"shape_attributes":{"name":"rect","x":239,"y":252,"width":21,"height":21},"region_attributes":{"Type":"1","count":"1"}},{"shape_attributes":{"name":"rect","x":293,"y":324,"width":17,"height":19},"region_attributes":{"Type":"1","count":"1"}},{"shape_attributes":{"name":"rect","x":389,"y":324,"width":18,"height":15},"region_attributes":{"Type":"2","count":"1"}},{"shape_attributes":{"name":"rect","x":386,"y":367,"width":19,"height":10},"region_attributes":{"Type":"2","count":"1"}},{"shape_attributes":{"name":"rect","x":374,"y":361,"width":12,"height":17},"region_attributes":{"Type":"1","count":"2"}},{"shape_attributes":{"name":"rect","x":377,"y":204,"width":26,"height":36},"region_attributes":{"Type":"1","count":"17"}},{"shape_attributes":{"name":"rect","x":449,"y":146,"width":11,"height":20},"region_attributes":{"Type":"1","count":"2"}}],"file_attributes":{"date":"2021-10-28","temp":"61","rain":"2","neighborhood":"Cortez","total_count":""}},"https://drive.google.com/uc?export=view&id=1g3vaHyg-d-ZYkb1oK4dNlfB78aF7Ox3H\n":{"filename":"https://drive.google.com/uc?export=view&id=1g3vaHyg-d-ZYkb1oK4dNlfB78aF7Ox3H\n","size":-1,"regions":[{"shape_attributes":{"name":"rect","x":180,"y":352,"width":13,"height":8},"region_attributes":{"Type":"1","count":"1"}},{"shape_attributes":{"name":"rect","x":493,"y":166,"width":15,"height":17},"region_attributes":{"Type":"1","count":"1"}},{"shape_attributes":{"name":"rect","x":419,"y":231,"width":33,"height":32},"region_attributes":{"Type":"1","count":"11"}},{"shape_attributes":{"name":"rect","x":375,"y":249,"width":18,"height":18},"region_attributes":{"Type":"1","count":"1"}},{"shape_attributes":{"name":"rect","x":364,"y":293,"width":38,"height":16},"region_attributes":{"Type":"1","count":"4"}},{"shape_attributes":{"name":"rect","x":368,"y":324,"width":15,"height":13},"region_attributes":{"Type":"2","count":"1"}},{"shape_attributes":{"name":"rect","x":325,"y":353,"width":20,"height":57},"region_attributes":{"Type":"1","count":"2"}},{"shape_attributes":{"name":"rect","x":429,"y":355,"width":20,"height":12},"region_attributes":{"Type":"2","count":"1"}},{"shape_attributes":{"name":"rect","x":470,"y":348,"width":20,"height":65},"region_attributes":{"Type":"1","count":"4"}},{"shape_attributes":{"name":"rect","x":494,"y":389,"width":14,"height":17},"region_attributes":{"Type":"2","count":"1"}},{"shape_attributes":{"name":"rect","x":565,"y":382,"width":17,"height":17},"region_attributes":{"Type":"2","count":"1"}}],"file_attributes":{"date":"2021-11-23","temp":"61","rain":"2","neighborhood":"Cortez","total_count":""}},"https://drive.google.com/uc?export=view&id=1IeuLxIC1KwLvEpYzJg19IB9QdE_c88Wx\n":{"filename":"https://drive.google.com/uc?export=view&id=1IeuLxIC1KwLvEpYzJg19IB9QdE_c88Wx\n","size":-1,"regions":[{"shape_attributes":{"name":"rect","x":276,"y":354,"width":17,"height":61},"region_attributes":{"Type":"1","count":"4"}},{"shape_attributes":{"name":"rect","x":291,"y":167,"width":13,"height":23},"region_attributes":{"Type":"2","count":"5"}},{"shape_attributes":{"name":"rect","x":315,"y":174,"width":19,"height":22},"region_attributes":{"Type":"2","count":"2"}},{"shape_attributes":{"name":"rect","x":293,"y":196,"width":8,"height":10},"region_attributes":{"Type":"1","count":"1"}},{"shape_attributes":{"name":"rect","x":317,"y":197,"width":16,"height":10},"region_attributes":{"Type":"1","count":"1"}},{"shape_attributes":{"name":"rect","x":283,"y":288,"width":20,"height":11},"region_attributes":{"Type":"1","count":"1"}},{"shape_attributes":{"name":"rect","x":410,"y":228,"width":25,"height":43},"region_attributes":{"Type":"1","count":"12"}},{"shape_attributes":{"name":"rect","x":319,"y":271,"width":11,"height":14},"region_attributes":{"Type":"1","count":"1"}},{"shape_attributes":{"name":"rect","x":314,"y":355,"width":30,"height":37},"region_attributes":{"Type":"1","count":"3"}},{"shape_attributes":{"name":"rect","x":340,"y":319,"width":14,"height":20},"region_attributes":{"Type":"1","count":"1"}},{"shape_attributes":{"name":"rect","x":360,"y":298,"width":14,"height":14},"region_attributes":{"Type":"1","count":"1"}},{"shape_attributes":{"name":"rect","x":364,"y":321,"width":13,"height":12},"region_attributes":{"Type":"2","count":"1"}},{"shape_attributes":{"name":"rect","x":411,"y":286,"width":22,"height":23},"region_attributes":{"Type":"1","count":"1"}},{"shape_attributes":{"name":"rect","x":467,"y":396,"width":19,"height":15},"region_attributes":{"Type":"1","count":"1"}},{"shape_attributes":{"name":"rect","x":557,"y":391,"width":19,"height":19},"region_attributes":{"Type":"2","count":"1"}}],"file_attributes":{"date":"2021-12-01","temp":"","rain":"2","neighborhood":"Cortez","total_count":""}}},"_via_attributes":{"region":{"Type":{"type":"dropdown","description":"","options":{"1":"Individual","2":"Structure","3":"Vehicle"},"default_options":{}},"count":{"type":"text","description":"","default_value":""}},"file":{"date":{"type":"text","description":"","default_value":""},"temp":{"type":"text","description":"","default_value":""},"rain":{"type":"dropdown","description":"","options":{"1":"rain","2":"clear"},"default_options":{"2":true}},"neighborhood":{"type":"text","description":"","default_value":"Cortez"},"total_count":{"type":"text","description":"","default_value":""}}},"_via_data_format_version":"2.0.10","_via_image_id_list":["https://drive.google.com/uc?export=view&id=1X8koOniLcdClneGfsWFHRkiGm1yZgtO3\n","https://drive.google.com/uc?export=view&id=1K0tWEXY9QiBVmvSyA75JPIheOGqyg7ZV\n","https://drive.google.com/uc?export=view&id=1btdfG3Eyj2sqLA3PZ6xA77RtANznpMYC\n","https://drive.google.com/uc?export=view&id=1q9LBJQdaAaFyhQY1FqKlDrZ8vI9WGBM0\n","https://drive.google.com/uc?export=view&id=10I--PO0hS8MmdkIPZ71TVS7OebG6UB8g\n","https://drive.google.com/uc?export=view&id=1IQHH2Afy4-EKdiwPUXguwQ-JE4K_CCHM\n","https://drive.google.com/uc?export=view&id=1ux4pqc_D6yWhJh34OQ2mvnhMRpMCQDJX\n","https://drive.google.com/uc?export=view&id=1_xOiZKFj5XjESZm0amiAQWQb3vydfwIp\n","https://drive.google.com/uc?export=view&id=1WoFmeVPEToTMKSLTF2ryLF7RPrmPvpxU\n","https://drive.google.com/uc?export=view&id=10paqX818qHrndbzVInrT492iogLQ7DXb\n","https://drive.google.com/uc?export=view&id=1g3vaHyg-d-ZYkb1oK4dNlfB78aF7Ox3H\n","https://drive.google.com/uc?export=view&id=1IeuLxIC1KwLvEpYzJg19IB9QdE_c88Wx\n"]}