{"_via_settings":{"ui":{"annotation_editor_height":25,"annotation_editor_fontsize":0.8,"leftsidebar_width":18,"image_grid":{"img_height":80,"rshape_fill":"none","rshape_fill_opacity":0.3,"rshape_stroke":"yellow","rshape_stroke_width":2,"show_region_shape":true,"show_image_policy":"all"},"image":{"region_label":"__via_region_id__","region_color":"__via_default_region_color__","region_label_font":"10px Sans","on_image_annotation_editor_placement":"NEAR_REGION"}},"core":{"buffer_size":18,"filepath":{},"default_filepath":""},"project":{"name":"Golden Hill_2022_count"}},"_via_img_metadata":{"https://drive.google.com/uc?export=view&id=1Q4x2iIaHC75CqCjXXjeYfXsJQz0mBfsK\n":{"filename":"https://drive.google.com/uc?export=view&id=1Q4x2iIaHC75CqCjXXjeYfXsJQz0mBfsK\n","size":-1,"regions":[{"shape_attributes":{"name":"circle","cx":16,"cy":204,"r":12},"region_attributes":{"Type":"2","count":"2"}},{"shape_attributes":{"name":"circle","cx":37,"cy":200,"r":8},"region_attributes":{"Type":"1","count":"1"}},{"shape_attributes":{"name":"circle","cx":15,"cy":261,"r":11.045},"region_attributes":{"Type":"2","count":"1"}},{"shape_attributes":{"name":"circle","cx":31,"cy":259,"r":9},"region_attributes":{"Type":"1","count":"1"}},{"shape_attributes":{"name":"circle","cx":34,"cy":316,"r":12},"region_attributes":{"Type":"2","count":"1"}},{"shape_attributes":{"name":"circle","cx":43,"cy":404,"r":13},"region_attributes":{"Type":"2","count":"2"}}],"file_attributes":{"date":"2022-01-27","temp":"","rain":"2","neighborhood":"Golden Hill","total_count":""}},"https://drive.google.com/uc?export=view&id=1JSIEabY8kTqdC_qkXz375cWLupdv1tAk\n":{"filename":"https://drive.google.com/uc?export=view&id=1JSIEabY8kTqdC_qkXz375cWLupdv1tAk\n","size":-1,"regions":[{"shape_attributes":{"name":"circle","cx":63,"cy":354,"r":12},"region_attributes":{"Type":"1","count":"1"}}],"file_attributes":{"date":"2022-03-01","temp":"","rain":"2","neighborhood":"Golden Hill","total_count":""}},"https://drive.google.com/uc?export=view&id=1KwHt3C67z3HN6nw50xMsC9waz6uJU1g_\n":{"filename":"https://drive.google.com/uc?export=view&id=1KwHt3C67z3HN6nw50xMsC9waz6uJU1g_\n","size":-1,"regions":[{"shape_attributes":{"name":"circle","cx":60,"cy":229,"r":15},"region_attributes":{"Type":"2","count":"1"}},{"shape_attributes":{"name":"circle","cx":89,"cy":83,"r":13},"region_attributes":{"Type":"2","count":"2"}}],"file_attributes":{"date":"2022-03-29","temp":"","rain":"2","neighborhood":"Golden Hill","total_count":""}},"https://drive.google.com/uc?export=view&id=1NFvPYQ3xNrgUvAMY90Tbd03s4URl8o2l\n":{"filename":"https://drive.google.com/uc?export=view&id=1NFvPYQ3xNrgUvAMY90Tbd03s4URl8o2l\n","size":-1,"regions":[{"shape_attributes":{"name":"circle","cx":86,"cy":201,"r":9},"region_attributes":{"Type":"2","count":"1"}},{"shape_attributes":{"name":"circle","cx":104,"cy":198,"r":16},"region_attributes":{"Type":"2","count":"2"}},{"shape_attributes":{"name":"circle","cx":109,"cy":395,"r":15},"region_attributes":{"Type":"2","count":"7"}},{"shape_attributes":{"name":"circle","cx":73,"cy":413,"r":15},"region_attributes":{"Type":"2","count":"4"}}],"file_attributes":{"date":"2022-04-29","temp":"","rain":"2","neighborhood":"Golden Hill","total_count":""}},"https://drive.google.com/uc?export=view&id=1axODAzv9BOjVlHQBtpIqD7qKaHV4Uh3M\n":{"filename":"https://drive.google.com/uc?export=view&id=1axODAzv9BOjVlHQBtpIqD7qKaHV4Uh3M\n","size":-1,"regions":[{"shape_attributes":{"name":"circle","cx":92,"cy":97,"r":16},"region_attributes":{"Type":"2","count":"3"}}],"file_attributes":{"date":"2022-05-27","temp":"","rain":"2","neighborhood":"Golden Hill","total_count":""}},"https://drive.google.com/uc?export=view&id=1J-GTAS2jGlqQm1OzvJy9qjc_s54Mx2cH\n":{"filename":"https://drive.google.com/uc?export=view&id=1J-GTAS2jGlqQm1OzvJy9qjc_s54Mx2cH\n","size":-1,"regions":[{"shape_attributes":{"name":"circle","cx":65,"cy":292,"r":13},"region_attributes":{"Type":"1","count":"1"}}],"file_attributes":{"date":"2022-06-30","temp":"","rain":"2","neighborhood":"Golden Hill","total_count":""}},"https://drive.google.com/uc?export=view&id=1q3H3KCSD9WyZAzY_7KJuJBTZq_-h3hz2\n":{"filename":"https://drive.google.com/uc?export=view&id=1q3H3KCSD9WyZAzY_7KJuJBTZq_-h3hz2\n","size":-1,"regions":[{"shape_attributes":{"name":"circle","cx":102,"cy":163,"r":13},"region_attributes":{"Type":"2","count":"5"}},{"shape_attributes":{"name":"circle","cx":66,"cy":182,"r":18},"region_attributes":{"Type":"2","count":"3"}},{"shape_attributes":{"name":"circle","cx":90,"cy":344,"r":14},"region_attributes":{"Type":"2","count":"7"}},{"shape_attributes":{"name":"circle","cx":133,"cy":397,"r":14},"region_attributes":{"Type":"2","count":"2"}},{"shape_attributes":{"name":"circle","cx":183,"cy":421,"r":11},"region_attributes":{"Type":"2","count":"1"}}],"file_attributes":{"date":"2022-07-29","temp":"","rain":"2","neighborhood":"Golden Hill","total_count":""}},"https://drive.google.com/uc?export=view&id=1O0MzwTQf-NJU4jGZoFE5nL8MFg90QfXL\n":{"filename":"https://drive.google.com/uc?export=view&id=1O0MzwTQf-NJU4jGZoFE5nL8MFg90QfXL\n","size":-1,"regions":[{"shape_attributes":{"name":"circle","cx":66,"cy":157,"r":12},"region_attributes":{"Type":"2","count":"2"}},{"shape_attributes":{"name":"circle","cx":59,"cy":167,"r":11},"region_attributes":{"Type":"2","count":"1"}},{"shape_attributes":{"name":"circle","cx":61,"cy":183,"r":14},"region_attributes":{"Type":"2","count":"1"}},{"shape_attributes":{"name":"circle","cx":95,"cy":235,"r":13},"region_attributes":{"Type":"2","count":"2"}},{"shape_attributes":{"name":"circle","cx":63,"cy":285,"r":17},"region_attributes":{"Type":"2","count":"1"}},{"shape_attributes":{"name":"circle","cx":59,"cy":361,"r":14},"region_attributes":{"Type":"2","count":"1"}}],"file_attributes":{"date":"2022-08-25","temp":"","rain":"2","neighborhood":"Golden Hill","total_count":""}},"https://drive.google.com/uc?export=view&id=1X-xvLNyfWDjB_ACiVBUL6DMVXiSHjq1m\n":{"filename":"https://drive.google.com/uc?export=view&id=1X-xvLNyfWDjB_ACiVBUL6DMVXiSHjq1m\n","size":-1,"regions":[{"shape_attributes":{"name":"circle","cx":55,"cy":107,"r":17},"region_attributes":{"Type":"2","count":"2"}},{"shape_attributes":{"name":"circle","cx":67,"cy":178,"r":11},"region_attributes":{"Type":"1","count":"2"}},{"shape_attributes":{"name":"circle","cx":68,"cy":217,"r":9},"region_attributes":{"Type":"1","count":"1"}},{"shape_attributes":{"name":"circle","cx":69,"cy":241,"r":13},"region_attributes":{"Type":"3","count":"1"}},{"shape_attributes":{"name":"circle","cx":67,"cy":272,"r":14},"region_attributes":{"Type":"2","count":"1"}}],"file_attributes":{"date":"2022-09-30","temp":"","rain":"2","neighborhood":"Golden Hill","total_count":""}},"https://drive.google.com/uc?export=view&id=1jeZZ-m2a5oOvNFTjk2vGhNYveYE46Nnj\n":{"filename":"https://drive.google.com/uc?export=view&id=1jeZZ-m2a5oOvNFTjk2vGhNYveYE46Nnj\n","size":-1,"regions":[{"shape_attributes":{"name":"circle","cx":54,"cy":113,"r":19},"region_attributes":{"Type":"2","count":"3"}},{"shape_attributes":{"name":"circle","cx":94,"cy":170,"r":17},"region_attributes":{"Type":"2","count":"10"}},{"shape_attributes":{"name":"circle","cx":94,"cy":230,"r":7},"region_attributes":{"Type":"1","count":"1"}},{"shape_attributes":{"name":"circle","cx":95,"cy":259,"r":11},"region_attributes":{"Type":"2","count":"1"}},{"shape_attributes":{"name":"circle","cx":64,"cy":283,"r":15},"region_attributes":{"Type":"2","count":"1"}},{"shape_attributes":{"name":"circle","cx":63,"cy":370,"r":16},"region_attributes":{"Type":"2","count":"1"}}],"file_attributes":{"date":"2022-10-28","temp":"","rain":"2","neighborhood":"Golden Hill","total_count":""}},"https://drive.google.com/uc?export=view&id=16RvN_pUoYTAhs4p3razhBqcOhjNwNOfL\n":{"filename":"https://drive.google.com/uc?export=view&id=16RvN_pUoYTAhs4p3razhBqcOhjNwNOfL\n","size":-1,"regions":[{"shape_attributes":{"name":"circle","cx":94,"cy":132,"r":13},"region_attributes":{"Type":"2","count":"2"}}],"file_attributes":{"date":"2022-11-23","temp":"","rain":"2","neighborhood":"Golden Hill","total_count":""}},"https://drive.google.com/uc?export=view&id=1936wwkS_urDIm0KY2XVJpT9t-9lVnWmv\n":{"filename":"https://drive.google.com/uc?export=view&id=1936wwkS_urDIm0KY2XVJpT9t-9lVnWmv\n","size":-1,"regions":[{"shape_attributes":{"name":"circle","cx":93,"cy":116,"r":15},"region_attributes":{"Type":"2","count":"4"}},{"shape_attributes":{"name":"circle","cx":88,"cy":144,"r":14},"region_attributes":{"Type":"2","count":"1"}},{"shape_attributes":{"name":"circle","cx":99,"cy":377,"r":14},"region_attributes":{"Type":"2","count":"2"}},{"shape_attributes":{"name":"circle","cx":65,"cy":416,"r":15},"region_attributes":{"Type":"2","count":"4"}}],"file_attributes":{"date":"2022-12-29","temp":"","rain":"2","neighborhood":"Golden Hill","total_count":""}}},"_via_attributes":{"region":{"Type":{"type":"dropdown","description":"","options":{"1":"Individual","2":"Structure","3":"Vehicle"},"default_options":{}},"count":{"type":"text","description":"","default_value":""}},"file":{"date":{"type":"text","description":"","default_value":""},"temp":{"type":"text","description":"","default_value":""},"rain":{"type":"dropdown","description":"","options":{"1":"rain","2":"clear"},"default_options":{"2":true}},"neighborhood":{"type":"text","description":"","default_value":"Golden Hill"},"total_count":{"type":"text","description":"","default_value":""}}},"_via_data_format_version":"2.0.10","_via_image_id_list":["https://drive.google.com/uc?export=view&id=1Q4x2iIaHC75CqCjXXjeYfXsJQz0mBfsK\n","https://drive.google.com/uc?export=view&id=1JSIEabY8kTqdC_qkXz375cWLupdv1tAk\n","https://drive.google.com/uc?export=view&id=1KwHt3C67z3HN6nw50xMsC9waz6uJU1g_\n","https://drive.google.com/uc?export=view&id=1NFvPYQ3xNrgUvAMY90Tbd03s4URl8o2l\n","https://drive.google.com/uc?export=view&id=1axODAzv9BOjVlHQBtpIqD7qKaHV4Uh3M\n","https://drive.google.com/uc?export=view&id=1J-GTAS2jGlqQm1OzvJy9qjc_s54Mx2cH\n","https://drive.google.com/uc?export=view&id=1q3H3KCSD9WyZAzY_7KJuJBTZq_-h3hz2\n","https://drive.google.com/uc?export=view&id=1O0MzwTQf-NJU4jGZoFE5nL8MFg90QfXL\n","https://drive.google.com/uc?export=view&id=1X-xvLNyfWDjB_ACiVBUL6DMVXiSHjq1m\n","https://drive.google.com/uc?export=view&id=1jeZZ-m2a5oOvNFTjk2vGhNYveYE46Nnj\n","https://drive.google.com/uc?export=view&id=16RvN_pUoYTAhs4p3razhBqcOhjNwNOfL\n","https://drive.google.com/uc?export=view&id=1936wwkS_urDIm0KY2XVJpT9t-9lVnWmv\n"]}