{"_via_settings":{"ui":{"annotation_editor_height":25,"annotation_editor_fontsize":0.8,"leftsidebar_width":18,"image_grid":{"img_height":80,"rshape_fill":"none","rshape_fill_opacity":0.3,"rshape_stroke":"yellow","rshape_stroke_width":2,"show_region_shape":true,"show_image_policy":"all"},"image":{"region_label":"__via_region_id__","region_color":"__via_default_region_color__","region_label_font":"10px Sans","on_image_annotation_editor_placement":"NEAR_REGION"}},"core":{"buffer_size":18,"filepath":{},"default_filepath":""},"project":{"name":"East Village_2018_gcp"}},"_via_img_metadata":{"https://drive.google.com/uc?export=view&id=1enECsaAFJ7ZEBuU2BiofS8Kda-V7L8n4\n":{"filename":"https://drive.google.com/uc?export=view&id=1enECsaAFJ7ZEBuU2BiofS8Kda-V7L8n4\n","size":-1,"regions":[{"shape_attributes":{"name":"rect","x":667,"y":2646,"width":86,"height":86},"region_attributes":{"Intersection":"1"}},{"shape_attributes":{"name":"rect","x":3394,"y":2657,"width":75,"height":65},"region_attributes":{"Intersection":"2"}},{"shape_attributes":{"name":"rect","x":662,"y":1458,"width":86,"height":81},"region_attributes":{"Intersection":"4"}},{"shape_attributes":{"name":"rect","x":3378,"y":1436,"width":97,"height":102},"region_attributes":{"Intersection":"3"}}],"file_attributes":{}},"https://drive.google.com/uc?export=view&id=1XZRp1h6zf41fFUbfVNbYH-uGtPlY5dRE\n":{"filename":"https://drive.google.com/uc?export=view&id=1XZRp1h6zf41fFUbfVNbYH-uGtPlY5dRE\n","size":-1,"regions":[{"shape_attributes":{"name":"rect","x":710,"y":1468,"width":81,"height":97},"region_attributes":{"Intersection":"4"}},{"shape_attributes":{"name":"rect","x":3426,"y":1447,"width":102,"height":97},"region_attributes":{"Intersection":"3"}},{"shape_attributes":{"name":"rect","x":3437,"y":2668,"width":91,"height":108},"region_attributes":{"Intersection":"2"}},{"shape_attributes":{"name":"rect","x":694,"y":2663,"width":102,"height":108},"region_attributes":{"Intersection":"1"}}],"file_attributes":{}},"https://drive.google.com/uc?export=view&id=1Dwl5Y5l2Rqegc1Mz7mhjHKjeYRv6wFCj\n":{"filename":"https://drive.google.com/uc?export=view&id=1Dwl5Y5l2Rqegc1Mz7mhjHKjeYRv6wFCj\n","size":-1,"regions":[{"shape_attributes":{"name":"rect","x":656,"y":1399,"width":65,"height":102},"region_attributes":{"Intersection":"4"}},{"shape_attributes":{"name":"rect","x":3362,"y":1399,"width":86,"height":86},"region_attributes":{}},{"shape_attributes":{"name":"rect","x":3362,"y":2620,"width":108,"height":81},"region_attributes":{}},{"shape_attributes":{"name":"rect","x":651,"y":2630,"width":113,"height":124},"region_attributes":{"Intersection":"1"}}],"file_attributes":{}},"https://drive.google.com/uc?export=view&id=1egxL--on6H6Ri5402I8c8Tf4BOgO1RCq\n":{"filename":"https://drive.google.com/uc?export=view&id=1egxL--on6H6Ri5402I8c8Tf4BOgO1RCq\n","size":-1,"regions":[{"shape_attributes":{"name":"rect","x":667,"y":1436,"width":81,"height":86},"region_attributes":{"Intersection":"4"}},{"shape_attributes":{"name":"rect","x":689,"y":2636,"width":81,"height":81},"region_attributes":{"Intersection":"1"}},{"shape_attributes":{"name":"rect","x":3410,"y":2630,"width":91,"height":86},"region_attributes":{"Intersection":"2"}},{"shape_attributes":{"name":"rect","x":3416,"y":1442,"width":81,"height":81},"region_attributes":{"Intersection":"3"}}],"file_attributes":{}},"https://drive.google.com/uc?export=view&id=13bQQYzWk_wsSpXrD3zNuVd_fWOKnH4Qf\n":{"filename":"https://drive.google.com/uc?export=view&id=13bQQYzWk_wsSpXrD3zNuVd_fWOKnH4Qf\n","size":-1,"regions":[{"shape_attributes":{"name":"rect","x":742,"y":2689,"width":108,"height":113},"region_attributes":{}},{"shape_attributes":{"name":"rect","x":3464,"y":2689,"width":91,"height":86},"region_attributes":{"Intersection":"2"}},{"shape_attributes":{"name":"rect","x":3448,"y":1485,"width":91,"height":97},"region_attributes":{"Intersection":"3"}},{"shape_attributes":{"name":"rect","x":710,"y":1485,"width":108,"height":86},"region_attributes":{"Intersection":"4"}}],"file_attributes":{}}},"_via_attributes":{"region":{"Intersection":{"type":"dropdown","description":"","options":{"1":"7th_Market","2":"16th_Market","3":"16th_E","4":"7th_E"},"default_options":{}}},"file":{"neighborhood":{"type":"text","description":"","default_value":"East Village"}}},"_via_data_format_version":"2.0.10","_via_image_id_list":["https://drive.google.com/uc?export=view&id=1enECsaAFJ7ZEBuU2BiofS8Kda-V7L8n4\n","https://drive.google.com/uc?export=view&id=1XZRp1h6zf41fFUbfVNbYH-uGtPlY5dRE\n","https://drive.google.com/uc?export=view&id=1Dwl5Y5l2Rqegc1Mz7mhjHKjeYRv6wFCj\n","https://drive.google.com/uc?export=view&id=1egxL--on6H6Ri5402I8c8Tf4BOgO1RCq\n","https://drive.google.com/uc?export=view&id=13bQQYzWk_wsSpXrD3zNuVd_fWOKnH4Qf\n"]}