{"_via_settings":{"ui":{"annotation_editor_height":25,"annotation_editor_fontsize":0.8,"leftsidebar_width":18,"image_grid":{"img_height":80,"rshape_fill":"none","rshape_fill_opacity":0.3,"rshape_stroke":"yellow","rshape_stroke_width":2,"show_region_shape":true,"show_image_policy":"all"},"image":{"region_label":"__via_region_id__","region_color":"__via_default_region_color__","region_label_font":"10px Sans","on_image_annotation_editor_placement":"NEAR_REGION"}},"core":{"buffer_size":18,"filepath":{},"default_filepath":""},"project":{"name":"Barrio Logan_2021_count"}},"_via_img_metadata":{"https://drive.google.com/uc?export=view&id=1unb_tYCIgCBujCQP0I23ptQ03d8DOg0T\n":{"filename":"https://drive.google.com/uc?export=view&id=1unb_tYCIgCBujCQP0I23ptQ03d8DOg0T\n","size":-1,"regions":[{"shape_attributes":{"name":"circle","cx":335,"cy":23,"r":14},"region_attributes":{"Type":"2","count":"5"}},{"shape_attributes":{"name":"circle","cx":347,"cy":72,"r":13.038},"region_attributes":{"Type":"2","count":"5"}},{"shape_attributes":{"name":"circle","cx":207,"cy":68,"r":14},"region_attributes":{"Type":"2","count":"29"}},{"shape_attributes":{"name":"circle","cx":169,"cy":94,"r":16},"region_attributes":{"Type":"2","count":"28"}},{"shape_attributes":{"name":"circle","cx":204,"cy":92,"r":10},"region_attributes":{"Type":"2","count":"4"}},{"shape_attributes":{"name":"circle","cx":227,"cy":94,"r":12},"region_attributes":{"Type":"2","count":"16"}},{"shape_attributes":{"name":"circle","cx":213,"cy":145,"r":13},"region_attributes":{"Type":"2","count":"4"}}],"file_attributes":{"date":"2021-05-01","temp":"","rain":"2","neighborhood":"Barrio Logan","total_count":""}},"https://drive.google.com/uc?export=view&id=1kL2pvwexKMAxM_dpasE_4gukuSUoGWmj\n":{"filename":"https://drive.google.com/uc?export=view&id=1kL2pvwexKMAxM_dpasE_4gukuSUoGWmj\n","size":-1,"regions":[{"shape_attributes":{"name":"circle","cx":204,"cy":54,"r":14},"region_attributes":{"Type":"2","count":"33"}},{"shape_attributes":{"name":"circle","cx":312,"cy":54,"r":11},"region_attributes":{"Type":"2","count":"17"}},{"shape_attributes":{"name":"circle","cx":348,"cy":53,"r":11},"region_attributes":{"Type":"2","count":"3"}},{"shape_attributes":{"name":"circle","cx":198,"cy":83,"r":14},"region_attributes":{"Type":"2","count":"10"}},{"shape_attributes":{"name":"circle","cx":174,"cy":101,"r":13},"region_attributes":{"Type":"2","count":"27"}},{"shape_attributes":{"name":"circle","cx":234,"cy":86,"r":12},"region_attributes":{"Type":"2","count":"13"}},{"shape_attributes":{"name":"circle","cx":312,"cy":95,"r":14},"region_attributes":{"Type":"2","count":"14"}},{"shape_attributes":{"name":"circle","cx":195,"cy":129,"r":14},"region_attributes":{"Type":"2","count":"3"}},{"shape_attributes":{"name":"circle","cx":222,"cy":144,"r":12},"region_attributes":{"Type":"2","count":"9"}}],"file_attributes":{"date":"2021-06-01","temp":"","rain":"2","neighborhood":"Barrio Logan","total_count":""}},"https://drive.google.com/uc?export=view&id=1NLXu4uZduGkWKuPKq_Vd1-ixIGqKiADV\n":{"filename":"https://drive.google.com/uc?export=view&id=1NLXu4uZduGkWKuPKq_Vd1-ixIGqKiADV\n","size":-1,"regions":[{"shape_attributes":{"name":"circle","cx":182,"cy":39,"r":11},"region_attributes":{"Type":"2","count":"25"}},{"shape_attributes":{"name":"circle","cx":325,"cy":32,"r":13},"region_attributes":{"Type":"2","count":"10"}},{"shape_attributes":{"name":"circle","cx":163,"cy":63,"r":14},"region_attributes":{"Type":"2","count":"9"}},{"shape_attributes":{"name":"circle","cx":202,"cy":76,"r":14},"region_attributes":{"Type":"2","count":"13"}},{"shape_attributes":{"name":"circle","cx":306,"cy":91,"r":11},"region_attributes":{"Type":"2","count":"4"}},{"shape_attributes":{"name":"circle","cx":189,"cy":137,"r":13},"region_attributes":{"Type":"2","count":"4"}},{"shape_attributes":{"name":"circle","cx":161,"cy":119,"r":16},"region_attributes":{"Type":"2","count":"1"}}],"file_attributes":{"date":"2021-07-01","temp":"","rain":"2","neighborhood":"Barrio Logan","total_count":""}},"https://drive.google.com/uc?export=view&id=1JW0G_6R9ER3Aw1ZbuEtQuukwz4kIKHZJ\n":{"filename":"https://drive.google.com/uc?export=view&id=1JW0G_6R9ER3Aw1ZbuEtQuukwz4kIKHZJ\n","size":-1,"regions":[{"shape_attributes":{"name":"circle","cx":185,"cy":138,"r":11},"region_attributes":{"Type":"2","count":"5"}},{"shape_attributes":{"name":"circle","cx":199,"cy":115,"r":12},"region_attributes":{"Type":"1","count":"2"}},{"shape_attributes":{"name":"circle","cx":174,"cy":96,"r":11},"region_attributes":{"Type":"2","count":"1"}},{"shape_attributes":{"name":"circle","cx":229,"cy":79,"r":10},"region_attributes":{"Type":"1","count":"4"}},{"shape_attributes":{"name":"circle","cx":180,"cy":30,"r":10},"region_attributes":{"Type":"3","count":"2"}},{"shape_attributes":{"name":"circle","cx":162,"cy":43,"r":11},"region_attributes":{"Type":"2","count":"28"}},{"shape_attributes":{"name":"circle","cx":200,"cy":67,"r":11},"region_attributes":{"Type":"2","count":"17"}},{"shape_attributes":{"name":"circle","cx":123,"cy":57,"r":12},"region_attributes":{"Type":"2","count":"6"}},{"shape_attributes":{"name":"circle","cx":157,"cy":64,"r":10},"region_attributes":{"Type":"3","count":"1"}},{"shape_attributes":{"name":"circle","cx":217,"cy":52,"r":8},"region_attributes":{"Type":"1","count":"5"}},{"shape_attributes":{"name":"circle","cx":201,"cy":38,"r":8},"region_attributes":{"Type":"1","count":"9"}}],"file_attributes":{"date":"2021-08-01","temp":"68","rain":"2","neighborhood":"Barrio Logan","total_count":""}},"https://drive.google.com/uc?export=view&id=1DrGpl-XLZ9dls8MbR_aKyi9lT_wmsTCM\n":{"filename":"https://drive.google.com/uc?export=view&id=1DrGpl-XLZ9dls8MbR_aKyi9lT_wmsTCM\n","size":-1,"regions":[{"shape_attributes":{"name":"circle","cx":213,"cy":367,"r":14},"region_attributes":{"Type":"2","count":"1"}},{"shape_attributes":{"name":"circle","cx":475,"cy":333,"r":9},"region_attributes":{"Type":"1","count":"1"}},{"shape_attributes":{"name":"circle","cx":521,"cy":371,"r":8},"region_attributes":{"Type":"1","count":"1"}}],"file_attributes":{"date":"2021-09-01","temp":"","rain":"2","neighborhood":"Barrio Logan","total_count":""}},"https://drive.google.com/uc?export=view&id=1NkXj7cuhAQ0tGLiTVlbpRgevHu7Cm5y7\n":{"filename":"https://drive.google.com/uc?export=view&id=1NkXj7cuhAQ0tGLiTVlbpRgevHu7Cm5y7\n","size":-1,"regions":[{"shape_attributes":{"name":"circle","cx":279,"cy":26,"r":17},"region_attributes":{"Type":"2","count":"18"}},{"shape_attributes":{"name":"circle","cx":246,"cy":28,"r":11},"region_attributes":{"Type":"1","count":"7"}},{"shape_attributes":{"name":"circle","cx":257,"cy":54,"r":10},"region_attributes":{"Type":"1","count":"5"}},{"shape_attributes":{"name":"circle","cx":280,"cy":68,"r":12},"region_attributes":{"Type":"2","count":"3"}},{"shape_attributes":{"name":"circle","cx":207,"cy":53,"r":9},"region_attributes":{"Type":"2","count":"4"}},{"shape_attributes":{"name":"circle","cx":186,"cy":36,"r":13},"region_attributes":{"Type":"2","count":"17"}},{"shape_attributes":{"name":"circle","cx":186,"cy":62,"r":7},"region_attributes":{"Type":"3","count":"1"}},{"shape_attributes":{"name":"circle","cx":199,"cy":70,"r":9},"region_attributes":{"Type":"1","count":"1"}},{"shape_attributes":{"name":"circle","cx":129,"cy":26,"r":9},"region_attributes":{"Type":"3","count":"1"}},{"shape_attributes":{"name":"circle","cx":151,"cy":37,"r":10},"region_attributes":{"Type":"1","count":"3"}},{"shape_attributes":{"name":"circle","cx":167,"cy":50,"r":11},"region_attributes":{"Type":"2","count":"4"}},{"shape_attributes":{"name":"circle","cx":148,"cy":73,"r":11},"region_attributes":{"Type":"1","count":"6"}},{"shape_attributes":{"name":"circle","cx":133,"cy":95,"r":13},"region_attributes":{"Type":"2","count":"11"}},{"shape_attributes":{"name":"circle","cx":161,"cy":110,"r":9},"region_attributes":{"Type":"1","count":"1"}},{"shape_attributes":{"name":"circle","cx":175,"cy":93,"r":13},"region_attributes":{"Type":"2","count":"4"}}],"file_attributes":{"date":"2021-10-01","temp":"","rain":"2","neighborhood":"Barrio Logan","total_count":""}},"https://drive.google.com/uc?export=view&id=15hYO9r7sm1kzerSrhz-g9fc1wO5eZYHo\n":{"filename":"https://drive.google.com/uc?export=view&id=15hYO9r7sm1kzerSrhz-g9fc1wO5eZYHo\n","size":-1,"regions":[{"shape_attributes":{"name":"circle","cx":261,"cy":29,"r":9},"region_attributes":{"Type":"2","count":"1"}},{"shape_attributes":{"name":"circle","cx":283,"cy":28,"r":10},"region_attributes":{"Type":"1","count":"3"}},{"shape_attributes":{"name":"circle","cx":319,"cy":41,"r":12},"region_attributes":{"Type":"2","count":"6"}},{"shape_attributes":{"name":"circle","cx":284,"cy":58,"r":10},"region_attributes":{"Type":"2","count":"4"}},{"shape_attributes":{"name":"circle","cx":201,"cy":22,"r":10},"region_attributes":{"Type":"1","count":"9"}},{"shape_attributes":{"name":"circle","cx":209,"cy":55,"r":13},"region_attributes":{"Type":"2","count":"23"}},{"shape_attributes":{"name":"circle","cx":180,"cy":23,"r":9},"region_attributes":{"Type":"2","count":"24"}},{"shape_attributes":{"name":"circle","cx":181,"cy":47,"r":9},"region_attributes":{"Type":"2","count":"2"}},{"shape_attributes":{"name":"circle","cx":151,"cy":59,"r":10},"region_attributes":{"Type":"2","count":"9"}},{"shape_attributes":{"name":"circle","cx":175,"cy":92,"r":10},"region_attributes":{"Type":"2","count":"2"}},{"shape_attributes":{"name":"circle","cx":197,"cy":118,"r":11},"region_attributes":{"Type":"2","count":"8"}}],"file_attributes":{"date":"2021-11-01","temp":"","rain":"2","neighborhood":"Barrio Logan","total_count":""}},"https://drive.google.com/uc?export=view&id=1aQZ5XbW3FDX-1eNDrzXJqY3dFNx4cD_3\n":{"filename":"https://drive.google.com/uc?export=view&id=1aQZ5XbW3FDX-1eNDrzXJqY3dFNx4cD_3\n","size":-1,"regions":[{"shape_attributes":{"name":"circle","cx":193,"cy":89,"r":6},"region_attributes":{"Type":"3","count":"1"}},{"shape_attributes":{"name":"circle","cx":183,"cy":102,"r":8},"region_attributes":{"Type":"1","count":"4"}},{"shape_attributes":{"name":"circle","cx":203,"cy":133,"r":9},"region_attributes":{"Type":"2","count":"8"}},{"shape_attributes":{"name":"circle","cx":163,"cy":89,"r":13},"region_attributes":{"Type":"2","count":"16"}},{"shape_attributes":{"name":"circle","cx":216,"cy":80,"r":9},"region_attributes":{"Type":"2","count":"19"}},{"shape_attributes":{"name":"circle","cx":257,"cy":55,"r":11},"region_attributes":{"Type":"2","count":"6"}},{"shape_attributes":{"name":"circle","cx":203,"cy":47,"r":17},"region_attributes":{"Type":"2","count":"35"}},{"shape_attributes":{"name":"circle","cx":180,"cy":71,"r":9},"region_attributes":{"Type":"2","count":"11"}},{"shape_attributes":{"name":"circle","cx":230,"cy":69,"r":10},"region_attributes":{"Type":"1","count":"4"}}],"file_attributes":{"date":"2021-12-01","temp":"","rain":"2","neighborhood":"Barrio Logan","total_count":""}}},"_via_attributes":{"region":{"Type":{"type":"dropdown","description":"","options":{"1":"Individual","2":"Structure","3":"Vehicle"},"default_options":{}},"count":{"type":"text","description":"","default_value":""}},"file":{"date":{"type":"text","description":"","default_value":""},"temp":{"type":"text","description":"","default_value":""},"rain":{"type":"dropdown","description":"","options":{"1":"rain","2":"clear"},"default_options":{"2":true}},"neighborhood":{"type":"text","description":"","default_value":"Barrio Logan"},"total_count":{"type":"text","description":"","default_value":""}}},"_via_data_format_version":"2.0.10","_via_image_id_list":["https://drive.google.com/uc?export=view&id=1unb_tYCIgCBujCQP0I23ptQ03d8DOg0T\n","https://drive.google.com/uc?export=view&id=1kL2pvwexKMAxM_dpasE_4gukuSUoGWmj\n","https://drive.google.com/uc?export=view&id=1NLXu4uZduGkWKuPKq_Vd1-ixIGqKiADV\n","https://drive.google.com/uc?export=view&id=1JW0G_6R9ER3Aw1ZbuEtQuukwz4kIKHZJ\n","https://drive.google.com/uc?export=view&id=1DrGpl-XLZ9dls8MbR_aKyi9lT_wmsTCM\n","https://drive.google.com/uc?export=view&id=1NkXj7cuhAQ0tGLiTVlbpRgevHu7Cm5y7\n","https://drive.google.com/uc?export=view&id=15hYO9r7sm1kzerSrhz-g9fc1wO5eZYHo\n","https://drive.google.com/uc?export=view&id=1aQZ5XbW3FDX-1eNDrzXJqY3dFNx4cD_3\n"]}