{"_via_settings":{"ui":{"annotation_editor_height":25,"annotation_editor_fontsize":0.8,"leftsidebar_width":18,"image_grid":{"img_height":80,"rshape_fill":"none","rshape_fill_opacity":0.3,"rshape_stroke":"yellow","rshape_stroke_width":2,"show_region_shape":true,"show_image_policy":"all"},"image":{"region_label":"__via_region_id__","region_color":"__via_default_region_color__","region_label_font":"10px Sans","on_image_annotation_editor_placement":"NEAR_REGION"}},"core":{"buffer_size":18,"filepath":{},"default_filepath":""},"project":{"name":"Columbia_2021_count"}},"_via_img_metadata":{"https://drive.google.com/uc?export=view&id=1vgtOADW1kDdyo1BcfWMIRYGMKWwpjkMA\n":{"filename":"https://drive.google.com/uc?export=view&id=1vgtOADW1kDdyo1BcfWMIRYGMKWwpjkMA\n","size":-1,"regions":[{"shape_attributes":{"name":"circle","cx":692,"cy":115,"r":11},"region_attributes":{"Type":"1","count":"1"}},{"shape_attributes":{"name":"circle","cx":710,"cy":148,"r":11},"region_attributes":{"Type":"1","count":"1"}},{"shape_attributes":{"name":"circle","cx":590,"cy":243,"r":11},"region_attributes":{"Type":"1","count":"1"}},{"shape_attributes":{"name":"circle","cx":457,"cy":332,"r":7.616},"region_attributes":{"Type":"1","count":"1"}},{"shape_attributes":{"name":"circle","cx":469,"cy":122,"r":11},"region_attributes":{"Type":"1","count":"1"}},{"shape_attributes":{"name":"circle","cx":415,"cy":383,"r":11},"region_attributes":{"Type":"1","count":"1"}},{"shape_attributes":{"name":"circle","cx":390,"cy":368,"r":11},"region_attributes":{"Type":"1","count":"1"}},{"shape_attributes":{"name":"circle","cx":605,"cy":264,"r":11},"region_attributes":{"Type":"1","count":"1"}},{"shape_attributes":{"name":"circle","cx":319,"cy":334,"r":11},"region_attributes":{"Type":"1","count":"1"}},{"shape_attributes":{"name":"circle","cx":381,"cy":333,"r":14},"region_attributes":{"Type":"1","count":"2"}},{"shape_attributes":{"name":"circle","cx":449,"cy":292,"r":12.083},"region_attributes":{"Type":"1","count":"2"}},{"shape_attributes":{"name":"circle","cx":686,"cy":63,"r":14},"region_attributes":{"Type":"1","count":"2"}},{"shape_attributes":{"name":"circle","cx":682,"cy":331,"r":11},"region_attributes":{"Type":"1","count":"21"}},{"shape_attributes":{"name":"circle","cx":707,"cy":170,"r":11},"region_attributes":{"Type":"1","count":"3"}},{"shape_attributes":{"name":"circle","cx":709,"cy":97,"r":12},"region_attributes":{"Type":"1","count":"5"}},{"shape_attributes":{"name":"circle","cx":671,"cy":118,"r":15},"region_attributes":{"Type":"2","count":"1"}},{"shape_attributes":{"name":"circle","cx":669,"cy":152,"r":17},"region_attributes":{"Type":"2","count":"1"}},{"shape_attributes":{"name":"circle","cx":402,"cy":332,"r":17},"region_attributes":{"Type":"2","count":"2"}}],"file_attributes":{"date":"2021-01-28","temp":"46","rain":"2","neighborhood":"Columbia","total_count":""}},"https://drive.google.com/uc?export=view&id=1T9PuSuS6hCKKfdXZMis2IdTq44WO0fUY\n":{"filename":"https://drive.google.com/uc?export=view&id=1T9PuSuS6hCKKfdXZMis2IdTq44WO0fUY\n","size":-1,"regions":[{"shape_attributes":{"name":"circle","cx":565,"cy":59,"r":11},"region_attributes":{"Type":"1","count":"1"}},{"shape_attributes":{"name":"circle","cx":587,"cy":53,"r":11},"region_attributes":{"Type":"1","count":"1"}},{"shape_attributes":{"name":"circle","cx":607,"cy":75,"r":11},"region_attributes":{"Type":"1","count":"1"}},{"shape_attributes":{"name":"circle","cx":670,"cy":126,"r":11},"region_attributes":{"Type":"1","count":"1"}},{"shape_attributes":{"name":"circle","cx":637,"cy":227,"r":15},"region_attributes":{"Type":"1","count":"1"}},{"shape_attributes":{"name":"circle","cx":286,"cy":315,"r":11},"region_attributes":{"Type":"1","count":"1"}},{"shape_attributes":{"name":"circle","cx":687,"cy":93,"r":12},"region_attributes":{"Type":"3","count":"1"}},{"shape_attributes":{"name":"circle","cx":674,"cy":65,"r":15},"region_attributes":{"Type":"2","count":"5"}},{"shape_attributes":{"name":"circle","cx":642,"cy":129,"r":13},"region_attributes":{"Type":"2","count":"1"}},{"shape_attributes":{"name":"circle","cx":677,"cy":167,"r":16},"region_attributes":{"Type":"2","count":"2"}},{"shape_attributes":{"name":"circle","cx":678,"cy":294,"r":13},"region_attributes":{"Type":"1","count":"3"}},{"shape_attributes":{"name":"circle","cx":644,"cy":313,"r":16},"region_attributes":{"Type":"1","count":"13"}},{"shape_attributes":{"name":"circle","cx":434,"cy":267,"r":16},"region_attributes":{"Type":"1","count":"5"}},{"shape_attributes":{"name":"circle","cx":438,"cy":355,"r":16},"region_attributes":{"Type":"1","count":"4"}}],"file_attributes":{"date":"2021-02-25","temp":"54","rain":"2","neighborhood":"Columbia","total_count":""}},"https://drive.google.com/uc?export=view&id=1748lhO1V-flNo6hwvugjRlyH5caCXI7x\n":{"filename":"https://drive.google.com/uc?export=view&id=1748lhO1V-flNo6hwvugjRlyH5caCXI7x\n","size":-1,"regions":[{"shape_attributes":{"name":"circle","cx":647,"cy":299,"r":13},"region_attributes":{"Type":"1","count":"1"}},{"shape_attributes":{"name":"circle","cx":440,"cy":123,"r":13},"region_attributes":{"Type":"1","count":"1"}},{"shape_attributes":{"name":"circle","cx":404,"cy":334,"r":13},"region_attributes":{"Type":"1","count":"1"}},{"shape_attributes":{"name":"circle","cx":663,"cy":78,"r":13},"region_attributes":{"Type":"1","count":"1"}},{"shape_attributes":{"name":"circle","cx":690,"cy":89,"r":11},"region_attributes":{"Type":"2","count":"2"}},{"shape_attributes":{"name":"circle","cx":690,"cy":103,"r":8.062},"region_attributes":{"Type":"1","count":"2"}},{"shape_attributes":{"name":"circle","cx":662,"cy":124,"r":10.198},"region_attributes":{"Type":"2","count":"1"}},{"shape_attributes":{"name":"circle","cx":646,"cy":318,"r":11},"region_attributes":{"Type":"2","count":"1"}},{"shape_attributes":{"name":"circle","cx":467,"cy":127,"r":11},"region_attributes":{"Type":"2","count":"1"}},{"shape_attributes":{"name":"circle","cx":378,"cy":336,"r":11},"region_attributes":{"Type":"2","count":"1"}},{"shape_attributes":{"name":"circle","cx":688,"cy":119,"r":11},"region_attributes":{"Type":"2","count":"1"}},{"shape_attributes":{"name":"circle","cx":669,"cy":327,"r":15},"region_attributes":{"Type":"1","count":"16"}},{"shape_attributes":{"name":"circle","cx":690,"cy":311,"r":12},"region_attributes":{"Type":"1","count":"5"}},{"shape_attributes":{"name":"circle","cx":674,"cy":151,"r":12},"region_attributes":{"Type":"2","count":"2"}},{"shape_attributes":{"name":"circle","cx":693,"cy":147,"r":12},"region_attributes":{"Type":"1","count":"2"}}],"file_attributes":{"date":"2021-03-25","temp":"54","rain":"2","neighborhood":"Columbia","total_count":""}},"https://drive.google.com/uc?export=view&id=1FEd1Y4JmJjaXAunO0GWZVr7I3arq50Yp\n":{"filename":"https://drive.google.com/uc?export=view&id=1FEd1Y4JmJjaXAunO0GWZVr7I3arq50Yp\n","size":-1,"regions":[{"shape_attributes":{"name":"circle","cx":681,"cy":173,"r":11.18},"region_attributes":{"Type":"2","count":"2"}},{"shape_attributes":{"name":"circle","cx":395,"cy":332,"r":11},"region_attributes":{"Type":"2","count":"2"}},{"shape_attributes":{"name":"circle","cx":682,"cy":89,"r":12.166},"region_attributes":{"Type":"2","count":"2"}},{"shape_attributes":{"name":"circle","cx":655,"cy":335,"r":11},"region_attributes":{"Type":"2","count":"1"}},{"shape_attributes":{"name":"circle","cx":665,"cy":126,"r":11},"region_attributes":{"Type":"2","count":"1"}},{"shape_attributes":{"name":"circle","cx":674,"cy":338,"r":13},"region_attributes":{"Type":"1","count":"9"}},{"shape_attributes":{"name":"circle","cx":399,"cy":89,"r":11},"region_attributes":{"Type":"1","count":"1"}},{"shape_attributes":{"name":"circle","cx":436,"cy":157,"r":11},"region_attributes":{"Type":"1","count":"1"}},{"shape_attributes":{"name":"circle","cx":682,"cy":110,"r":11},"region_attributes":{"Type":"1","count":"1"}},{"shape_attributes":{"name":"circle","cx":374,"cy":337,"r":9},"region_attributes":{"Type":"1","count":"2"}},{"shape_attributes":{"name":"circle","cx":310,"cy":338,"r":9},"region_attributes":{"Type":"1","count":"2"}},{"shape_attributes":{"name":"circle","cx":664,"cy":154,"r":9},"region_attributes":{"Type":"1","count":"2"}},{"shape_attributes":{"name":"circle","cx":440,"cy":280,"r":15},"region_attributes":{"Type":"1","count":"10"}}],"file_attributes":{"date":"2021-04-29","temp":"61","rain":"2","neighborhood":"Columbia","total_count":""}},"https://drive.google.com/uc?export=view&id=1DfIHuWcQ0ZAFQyJjtbGMICj18Dnyal0M\n":{"filename":"https://drive.google.com/uc?export=view&id=1DfIHuWcQ0ZAFQyJjtbGMICj18Dnyal0M\n","size":-1,"regions":[{"shape_attributes":{"name":"circle","cx":447,"cy":118,"r":11},"region_attributes":{"Type":"1","count":"1"}},{"shape_attributes":{"name":"circle","cx":573,"cy":97,"r":11},"region_attributes":{"Type":"1","count":"1"}},{"shape_attributes":{"name":"circle","cx":662,"cy":146,"r":12},"region_attributes":{"Type":"1","count":"1"}},{"shape_attributes":{"name":"circle","cx":542,"cy":293,"r":11},"region_attributes":{"Type":"1","count":"1"}},{"shape_attributes":{"name":"circle","cx":543,"cy":328,"r":11.662},"region_attributes":{"Type":"1","count":"1"}},{"shape_attributes":{"name":"circle","cx":683,"cy":291,"r":11},"region_attributes":{"Type":"1","count":"1"}},{"shape_attributes":{"name":"circle","cx":329,"cy":367,"r":11},"region_attributes":{"Type":"1","count":"1"}},{"shape_attributes":{"name":"circle","cx":662,"cy":116,"r":11},"region_attributes":{"Type":"1","count":"1"}},{"shape_attributes":{"name":"circle","cx":642,"cy":145,"r":11},"region_attributes":{"Type":"2","count":"1"}},{"shape_attributes":{"name":"circle","cx":682,"cy":307,"r":11},"region_attributes":{"Type":"2","count":"1"}},{"shape_attributes":{"name":"circle","cx":649,"cy":328,"r":11},"region_attributes":{"Type":"2","count":"1"}},{"shape_attributes":{"name":"circle","cx":682,"cy":152,"r":11},"region_attributes":{"Type":"2","count":"1"}},{"shape_attributes":{"name":"circle","cx":686,"cy":171,"r":9},"region_attributes":{"Type":"1","count":"1"}},{"shape_attributes":{"name":"circle","cx":683,"cy":93,"r":15},"region_attributes":{"Type":"2","count":"2"}},{"shape_attributes":{"name":"circle","cx":658,"cy":74,"r":13},"region_attributes":{"Type":"1","count":"2"}},{"shape_attributes":{"name":"circle","cx":671,"cy":329,"r":10},"region_attributes":{"Type":"1","count":"11"}},{"shape_attributes":{"name":"circle","cx":440,"cy":283,"r":13},"region_attributes":{"Type":"1","count":"8"}},{"shape_attributes":{"name":"circle","cx":386,"cy":329,"r":14},"region_attributes":{"Type":"1","count":"8"}},{"shape_attributes":{"name":"circle","cx":447,"cy":331,"r":14},"region_attributes":{"Type":"1","count":"9"}},{"shape_attributes":{"name":"circle","cx":475,"cy":329,"r":13},"region_attributes":{"Type":"1","count":"2"}}],"file_attributes":{"date":"2021-05-27","temp":"59","rain":"2","neighborhood":"Columbia","total_count":""}},"https://drive.google.com/uc?export=view&id=19C_kT_Bd753Soe0WJuQUvdC9nNZPSU_O\n":{"filename":"https://drive.google.com/uc?export=view&id=19C_kT_Bd753Soe0WJuQUvdC9nNZPSU_O\n","size":-1,"regions":[{"shape_attributes":{"name":"circle","cx":695,"cy":99,"r":11},"region_attributes":{"Type":"1","count":"1"}},{"shape_attributes":{"name":"circle","cx":690,"cy":155,"r":11},"region_attributes":{"Type":"1","count":"1"}},{"shape_attributes":{"name":"circle","cx":548,"cy":123,"r":11},"region_attributes":{"Type":"1","count":"1"}},{"shape_attributes":{"name":"circle","cx":583,"cy":316,"r":11},"region_attributes":{"Type":"1","count":"1"}},{"shape_attributes":{"name":"circle","cx":412,"cy":269,"r":11},"region_attributes":{"Type":"1","count":"1"}},{"shape_attributes":{"name":"circle","cx":590,"cy":75,"r":11},"region_attributes":{"Type":"1","count":"1"}},{"shape_attributes":{"name":"circle","cx":448,"cy":243,"r":14},"region_attributes":{"Type":"2","count":"1"}},{"shape_attributes":{"name":"circle","cx":654,"cy":315,"r":14},"region_attributes":{"Type":"2","count":"1"}},{"shape_attributes":{"name":"circle","cx":692,"cy":310,"r":14},"region_attributes":{"Type":"2","count":"1"}},{"shape_attributes":{"name":"circle","cx":671,"cy":114,"r":14},"region_attributes":{"Type":"2","count":"1"}},{"shape_attributes":{"name":"circle","cx":694,"cy":186,"r":14},"region_attributes":{"Type":"2","count":"1"}},{"shape_attributes":{"name":"circle","cx":666,"cy":182,"r":14},"region_attributes":{"Type":"2","count":"1"}},{"shape_attributes":{"name":"circle","cx":614,"cy":118,"r":14},"region_attributes":{"Type":"2","count":"1"}},{"shape_attributes":{"name":"circle","cx":468,"cy":331,"r":13},"region_attributes":{"Type":"1","count":"2"}},{"shape_attributes":{"name":"circle","cx":412,"cy":322,"r":13},"region_attributes":{"Type":"1","count":"2"}},{"shape_attributes":{"name":"circle","cx":674,"cy":143,"r":13},"region_attributes":{"Type":"1","count":"2"}},{"shape_attributes":{"name":"circle","cx":389,"cy":335,"r":11},"region_attributes":{"Type":"1","count":"4"}},{"shape_attributes":{"name":"circle","cx":441,"cy":279,"r":19},"region_attributes":{"Type":"1","count":"12"}},{"shape_attributes":{"name":"circle","cx":678,"cy":331,"r":14},"region_attributes":{"Type":"1","count":"9"}}],"file_attributes":{"date":"2021-06-01","temp":"","rain":"2","neighborhood":"Columbia","total_count":""}},"https://drive.google.com/uc?export=view&id=1pYlheI9J6Qw98fk6oRNzmPMc4JNDmfvq\n":{"filename":"https://drive.google.com/uc?export=view&id=1pYlheI9J6Qw98fk6oRNzmPMc4JNDmfvq\n","size":-1,"regions":[{"shape_attributes":{"name":"circle","cx":660,"cy":116,"r":11},"region_attributes":{"Type":"2","count":"1"}},{"shape_attributes":{"name":"circle","cx":672,"cy":145,"r":11},"region_attributes":{"Type":"2","count":"1"}},{"shape_attributes":{"name":"circle","cx":690,"cy":161,"r":11},"region_attributes":{"Type":"2","count":"1"}},{"shape_attributes":{"name":"circle","cx":690,"cy":83,"r":11},"region_attributes":{"Type":"2","count":"1"}},{"shape_attributes":{"name":"circle","cx":375,"cy":336,"r":11},"region_attributes":{"Type":"1","count":"5"}},{"shape_attributes":{"name":"circle","cx":398,"cy":307,"r":13},"region_attributes":{"Type":"1","count":"6"}},{"shape_attributes":{"name":"circle","cx":453,"cy":273,"r":15},"region_attributes":{"Type":"1","count":"19"}},{"shape_attributes":{"name":"circle","cx":447,"cy":371,"r":13},"region_attributes":{"Type":"1","count":"1"}},{"shape_attributes":{"name":"circle","cx":452,"cy":190,"r":13},"region_attributes":{"Type":"1","count":"1"}},{"shape_attributes":{"name":"circle","cx":590,"cy":369,"r":16},"region_attributes":{"Type":"1","count":"3"}},{"shape_attributes":{"name":"circle","cx":697,"cy":190,"r":16},"region_attributes":{"Type":"1","count":"3"}},{"shape_attributes":{"name":"circle","cx":503,"cy":291,"r":16},"region_attributes":{"Type":"1","count":"3"}},{"shape_attributes":{"name":"circle","cx":674,"cy":334,"r":13},"region_attributes":{"Type":"1","count":"41"}},{"shape_attributes":{"name":"circle","cx":692,"cy":307,"r":12},"region_attributes":{"Type":"1","count":"2"}},{"shape_attributes":{"name":"circle","cx":647,"cy":85,"r":13},"region_attributes":{"Type":"1","count":"5"}},{"shape_attributes":{"name":"circle","cx":690,"cy":104,"r":12},"region_attributes":{"Type":"1","count":"5"}}],"file_attributes":{"date":"2021-07-30","temp":"66","rain":"2","neighborhood":"Columbia","total_count":""}},"https://drive.google.com/uc?export=view&id=1ztYdo4jWSTXKrXxDkHgnONycpXbRmG22\n":{"filename":"https://drive.google.com/uc?export=view&id=1ztYdo4jWSTXKrXxDkHgnONycpXbRmG22\n","size":-1,"regions":[{"shape_attributes":{"name":"circle","cx":442,"cy":88,"r":9.487},"region_attributes":{"Type":"1","count":"1"}},{"shape_attributes":{"name":"circle","cx":670,"cy":318,"r":9},"region_attributes":{"Type":"1","count":"1"}},{"shape_attributes":{"name":"circle","cx":444,"cy":206,"r":9},"region_attributes":{"Type":"1","count":"1"}},{"shape_attributes":{"name":"circle","cx":467,"cy":259,"r":9},"region_attributes":{"Type":"1","count":"1"}},{"shape_attributes":{"name":"circle","cx":287,"cy":313,"r":9},"region_attributes":{"Type":"1","count":"1"}},{"shape_attributes":{"name":"circle","cx":544,"cy":364,"r":10},"region_attributes":{"Type":"1","count":"1"}},{"shape_attributes":{"name":"circle","cx":289,"cy":329,"r":9},"region_attributes":{"Type":"1","count":"1"}},{"shape_attributes":{"name":"circle","cx":698,"cy":91,"r":9},"region_attributes":{"Type":"1","count":"1"}},{"shape_attributes":{"name":"circle","cx":370,"cy":327,"r":9},"region_attributes":{"Type":"1","count":"1"}},{"shape_attributes":{"name":"circle","cx":442,"cy":274,"r":13},"region_attributes":{"Type":"1","count":"14"}},{"shape_attributes":{"name":"circle","cx":617,"cy":44,"r":15},"region_attributes":{"Type":"1","count":"2"}},{"shape_attributes":{"name":"circle","cx":719,"cy":55,"r":11},"region_attributes":{"Type":"1","count":"3"}},{"shape_attributes":{"name":"circle","cx":720,"cy":151,"r":9},"region_attributes":{"Type":"1","count":"2"}},{"shape_attributes":{"name":"circle","cx":702,"cy":327,"r":13},"region_attributes":{"Type":"1","count":"10"}},{"shape_attributes":{"name":"circle","cx":712,"cy":73,"r":12},"region_attributes":{"Type":"2","count":"2"}},{"shape_attributes":{"name":"circle","cx":695,"cy":125,"r":11},"region_attributes":{"Type":"2","count":"2"}},{"shape_attributes":{"name":"circle","cx":676,"cy":90,"r":12},"region_attributes":{"Type":"1","count":"1"}},{"shape_attributes":{"name":"circle","cx":487,"cy":255,"r":13},"region_attributes":{"Type":"1","count":"2"}},{"shape_attributes":{"name":"circle","cx":671,"cy":291,"r":9},"region_attributes":{"Type":"2","count":"1"}},{"shape_attributes":{"name":"circle","cx":407,"cy":311,"r":11},"region_attributes":{"Type":"1","count":"6"}}],"file_attributes":{"date":"2021-08-27","temp":"70","rain":"2","neighborhood":"Columbia","total_count":""}},"https://drive.google.com/uc?export=view&id=1RCmm204UNZ10SWwYcyQlDyfKeACdpm2s\n":{"filename":"https://drive.google.com/uc?export=view&id=1RCmm204UNZ10SWwYcyQlDyfKeACdpm2s\n","size":-1,"regions":[{"shape_attributes":{"name":"circle","cx":398,"cy":271,"r":15},"region_attributes":{"Type":"1","count":"5"}},{"shape_attributes":{"name":"circle","cx":531,"cy":284,"r":15},"region_attributes":{"Type":"1","count":"5"}},{"shape_attributes":{"name":"circle","cx":308,"cy":323,"r":15},"region_attributes":{"Type":"1","count":"5"}},{"shape_attributes":{"name":"circle","cx":673,"cy":138,"r":7},"region_attributes":{"Type":"1","count":"1"}},{"shape_attributes":{"name":"circle","cx":523,"cy":107,"r":8.544},"region_attributes":{"Type":"1","count":"1"}},{"shape_attributes":{"name":"circle","cx":479,"cy":212,"r":8.062},"region_attributes":{"Type":"1","count":"1"}},{"shape_attributes":{"name":"circle","cx":646,"cy":248,"r":10},"region_attributes":{"Type":"1","count":"1"}},{"shape_attributes":{"name":"circle","cx":652,"cy":325,"r":12},"region_attributes":{"Type":"1","count":"1"}},{"shape_attributes":{"name":"circle","cx":621,"cy":324,"r":10.44},"region_attributes":{"Type":"1","count":"1"}},{"shape_attributes":{"name":"circle","cx":435,"cy":366,"r":11.18},"region_attributes":{"Type":"1","count":"1"}},{"shape_attributes":{"name":"circle","cx":578,"cy":252,"r":11.18},"region_attributes":{"Type":"1","count":"1"}},{"shape_attributes":{"name":"circle","cx":618,"cy":360,"r":15.133},"region_attributes":{"Type":"1","count":"1"}},{"shape_attributes":{"name":"circle","cx":578,"cy":285,"r":10.63},"region_attributes":{"Type":"1","count":"1"}},{"shape_attributes":{"name":"circle","cx":508,"cy":328,"r":12.042},"region_attributes":{"Type":"1","count":"1"}},{"shape_attributes":{"name":"circle","cx":476,"cy":283,"r":13.928},"region_attributes":{"Type":"1","count":"1"}},{"shape_attributes":{"name":"circle","cx":437,"cy":283,"r":11.402},"region_attributes":{"Type":"1","count":"1"}},{"shape_attributes":{"name":"circle","cx":681,"cy":280,"r":15.264},"region_attributes":{"Type":"1","count":"1"}},{"shape_attributes":{"name":"circle","cx":664,"cy":256,"r":13.601},"region_attributes":{"Type":"1","count":"1"}},{"shape_attributes":{"name":"circle","cx":650,"cy":281,"r":8.944},"region_attributes":{"Type":"1","count":"1"}},{"shape_attributes":{"name":"circle","cx":674,"cy":106,"r":13.892},"region_attributes":{"Type":"1","count":"1"}},{"shape_attributes":{"name":"circle","cx":651,"cy":298,"r":11},"region_attributes":{"Type":"2","count":"1"}},{"shape_attributes":{"name":"circle","cx":691,"cy":328,"r":12},"region_attributes":{"Type":"1","count":"6"}},{"shape_attributes":{"name":"circle","cx":697,"cy":85,"r":12.207},"region_attributes":{"Type":"1","count":"2"}},{"shape_attributes":{"name":"circle","cx":696,"cy":154,"r":12.207},"region_attributes":{"Type":"1","count":"2"}},{"shape_attributes":{"name":"circle","cx":455,"cy":106,"r":12.207},"region_attributes":{"Type":"1","count":"2"}},{"shape_attributes":{"name":"circle","cx":504,"cy":291,"r":12.207},"region_attributes":{"Type":"1","count":"2"}},{"shape_attributes":{"name":"circle","cx":695,"cy":302,"r":12.207},"region_attributes":{"Type":"1","count":"2"}},{"shape_attributes":{"name":"circle","cx":578,"cy":323,"r":12.207},"region_attributes":{"Type":"1","count":"2"}},{"shape_attributes":{"name":"circle","cx":656,"cy":103,"r":11.18},"region_attributes":{"Type":"2","count":"1"}},{"shape_attributes":{"name":"circle","cx":652,"cy":138,"r":11},"region_attributes":{"Type":"2","count":"1"}},{"shape_attributes":{"name":"circle","cx":434,"cy":252,"r":13},"region_attributes":{"Type":"1","count":"17"}},{"shape_attributes":{"name":"circle","cx":442,"cy":323,"r":11},"region_attributes":{"Type":"1","count":"3"}},{"shape_attributes":{"name":"circle","cx":398,"cy":316,"r":14},"region_attributes":{"Type":"1","count":"4"}}],"file_attributes":{"date":"2021-09-30","temp":"64","rain":"2","neighborhood":"Columbia","total_count":""}},"https://drive.google.com/uc?export=view&id=1G7myV6gUfJm6kgrZNZrkJzq1rjUG9Jvv\n":{"filename":"https://drive.google.com/uc?export=view&id=1G7myV6gUfJm6kgrZNZrkJzq1rjUG9Jvv\n","size":-1,"regions":[{"shape_attributes":{"name":"circle","cx":441,"cy":52,"r":9},"region_attributes":{"Type":"2","count":"1"}},{"shape_attributes":{"name":"circle","cx":510,"cy":73,"r":9},"region_attributes":{"Type":"2","count":"1"}},{"shape_attributes":{"name":"circle","cx":512,"cy":257,"r":9},"region_attributes":{"Type":"2","count":"1"}},{"shape_attributes":{"name":"circle","cx":401,"cy":181,"r":9},"region_attributes":{"Type":"2","count":"1"}},{"shape_attributes":{"name":"circle","cx":402,"cy":276,"r":9.055},"region_attributes":{"Type":"2","count":"1"}},{"shape_attributes":{"name":"circle","cx":369,"cy":269,"r":9},"region_attributes":{"Type":"2","count":"1"}},{"shape_attributes":{"name":"circle","cx":634,"cy":24,"r":9},"region_attributes":{"Type":"2","count":"1"}},{"shape_attributes":{"name":"circle","cx":658,"cy":28,"r":9},"region_attributes":{"Type":"1","count":"3"}},{"shape_attributes":{"name":"circle","cx":364,"cy":174,"r":12},"region_attributes":{"Type":"1","count":"11"}},{"shape_attributes":{"name":"circle","cx":347,"cy":292,"r":12},"region_attributes":{"Type":"1","count":"5"}},{"shape_attributes":{"name":"circle","cx":370,"cy":291,"r":11},"region_attributes":{"Type":"2","count":"2"}},{"shape_attributes":{"name":"circle","cx":402,"cy":237,"r":12},"region_attributes":{"Type":"2","count":"1"}},{"shape_attributes":{"name":"circle","cx":402,"cy":205,"r":13},"region_attributes":{"Type":"1","count":"5"}},{"shape_attributes":{"name":"circle","cx":660,"cy":113,"r":13},"region_attributes":{"Type":"1","count":"2"}},{"shape_attributes":{"name":"circle","cx":656,"cy":263,"r":13},"region_attributes":{"Type":"1","count":"2"}},{"shape_attributes":{"name":"circle","cx":634,"cy":72,"r":13},"region_attributes":{"Type":"2","count":"2"}},{"shape_attributes":{"name":"circle","cx":615,"cy":266,"r":15},"region_attributes":{"Type":"2","count":"1"}},{"shape_attributes":{"name":"circle","cx":636,"cy":289,"r":14},"region_attributes":{"Type":"1","count":"13"}},{"shape_attributes":{"name":"circle","cx":633,"cy":105,"r":15},"region_attributes":{"Type":"2","count":"2"}},{"shape_attributes":{"name":"circle","cx":661,"cy":46,"r":11},"region_attributes":{"Type":"2","count":"1"}},{"shape_attributes":{"name":"circle","cx":657,"cy":136,"r":12},"region_attributes":{"Type":"2","count":"1"}}],"file_attributes":{"date":"2021-10-28","temp":"61","rain":"2","neighborhood":"Columbia","total_count":""}},"https://drive.google.com/uc?export=view&id=1PZ-GdoI8VM_AEJg45Lg6Ym4_I4H0uMCm\n":{"filename":"https://drive.google.com/uc?export=view&id=1PZ-GdoI8VM_AEJg45Lg6Ym4_I4H0uMCm\n","size":-1,"regions":[{"shape_attributes":{"name":"circle","cx":706,"cy":315,"r":9},"region_attributes":{"Type":"1","count":"13"}},{"shape_attributes":{"name":"circle","cx":691,"cy":82,"r":11},"region_attributes":{"Type":"2","count":"2"}},{"shape_attributes":{"name":"circle","cx":698,"cy":116,"r":11},"region_attributes":{"Type":"2","count":"1"}},{"shape_attributes":{"name":"circle","cx":728,"cy":143,"r":11},"region_attributes":{"Type":"2","count":"2"}},{"shape_attributes":{"name":"circle","cx":378,"cy":315,"r":8},"region_attributes":{"Type":"2","count":"1"}},{"shape_attributes":{"name":"circle","cx":726,"cy":41,"r":11},"region_attributes":{"Type":"2","count":"1"}},{"shape_attributes":{"name":"circle","cx":552,"cy":34,"r":12},"region_attributes":{"Type":"1","count":"1"}},{"shape_attributes":{"name":"circle","cx":482,"cy":83,"r":12},"region_attributes":{"Type":"1","count":"1"}},{"shape_attributes":{"name":"circle","cx":465,"cy":309,"r":12},"region_attributes":{"Type":"1","count":"1"}},{"shape_attributes":{"name":"circle","cx":708,"cy":270,"r":12},"region_attributes":{"Type":"1","count":"1"}},{"shape_attributes":{"name":"circle","cx":688,"cy":295,"r":12},"region_attributes":{"Type":"1","count":"1"}},{"shape_attributes":{"name":"circle","cx":732,"cy":63,"r":12},"region_attributes":{"Type":"1","count":"1"}},{"shape_attributes":{"name":"circle","cx":413,"cy":238,"r":15},"region_attributes":{"Type":"1","count":"2"}},{"shape_attributes":{"name":"circle","cx":632,"cy":351,"r":15},"region_attributes":{"Type":"1","count":"2"}},{"shape_attributes":{"name":"circle","cx":322,"cy":315,"r":15},"region_attributes":{"Type":"1","count":"2"}},{"shape_attributes":{"name":"circle","cx":408,"cy":315,"r":15},"region_attributes":{"Type":"1","count":"2"}},{"shape_attributes":{"name":"circle","cx":730,"cy":111,"r":15},"region_attributes":{"Type":"1","count":"2"}},{"shape_attributes":{"name":"circle","cx":410,"cy":271,"r":14},"region_attributes":{"Type":"1","count":"4"}},{"shape_attributes":{"name":"circle","cx":455,"cy":258,"r":13},"region_attributes":{"Type":"1","count":"3"}},{"shape_attributes":{"name":"circle","cx":488,"cy":248,"r":15},"region_attributes":{"Type":"1","count":"3"}},{"shape_attributes":{"name":"circle","cx":502,"cy":219,"r":15},"region_attributes":{"Type":"1","count":"4"}},{"shape_attributes":{"name":"circle","cx":728,"cy":294,"r":13},"region_attributes":{"Type":"1","count":"5"}}],"file_attributes":{"date":"2021-11-23","temp":"61","rain":"2","neighborhood":"Columbia","total_count":""}},"https://drive.google.com/uc?export=view&id=1exgwA40NoOCLAwHgyXvthZvWukYKLpie\n":{"filename":"https://drive.google.com/uc?export=view&id=1exgwA40NoOCLAwHgyXvthZvWukYKLpie\n","size":-1,"regions":[{"shape_attributes":{"name":"circle","cx":681,"cy":331,"r":13},"region_attributes":{"Type":"2","count":"1"}},{"shape_attributes":{"name":"circle","cx":394,"cy":326,"r":14.866},"region_attributes":{"Type":"2","count":"1"}},{"shape_attributes":{"name":"circle","cx":692,"cy":156,"r":16},"region_attributes":{"Type":"2","count":"1"}},{"shape_attributes":{"name":"circle","cx":669,"cy":111,"r":13},"region_attributes":{"Type":"2","count":"3"}},{"shape_attributes":{"name":"circle","cx":690,"cy":83,"r":13},"region_attributes":{"Type":"2","count":"1"}},{"shape_attributes":{"name":"circle","cx":439,"cy":74,"r":16},"region_attributes":{"Type":"1","count":"1"}},{"shape_attributes":{"name":"circle","cx":400,"cy":171,"r":16},"region_attributes":{"Type":"1","count":"1"}},{"shape_attributes":{"name":"circle","cx":574,"cy":236,"r":16},"region_attributes":{"Type":"1","count":"1"}},{"shape_attributes":{"name":"circle","cx":510,"cy":289,"r":16},"region_attributes":{"Type":"1","count":"1"}},{"shape_attributes":{"name":"circle","cx":484,"cy":367,"r":16},"region_attributes":{"Type":"1","count":"1"}},{"shape_attributes":{"name":"circle","cx":440,"cy":407,"r":16},"region_attributes":{"Type":"1","count":"1"}},{"shape_attributes":{"name":"circle","cx":676,"cy":141,"r":16},"region_attributes":{"Type":"1","count":"1"}},{"shape_attributes":{"name":"circle","cx":580,"cy":63,"r":16},"region_attributes":{"Type":"1","count":"1"}},{"shape_attributes":{"name":"circle","cx":405,"cy":296,"r":8.944},"region_attributes":{"Type":"1","count":"2"}},{"shape_attributes":{"name":"circle","cx":654,"cy":241,"r":13},"region_attributes":{"Type":"1","count":"2"}},{"shape_attributes":{"name":"circle","cx":599,"cy":265,"r":13},"region_attributes":{"Type":"1","count":"2"}},{"shape_attributes":{"name":"circle","cx":695,"cy":180,"r":13},"region_attributes":{"Type":"1","count":"2"}},{"shape_attributes":{"name":"circle","cx":651,"cy":322,"r":16},"region_attributes":{"Type":"1","count":"12"}},{"shape_attributes":{"name":"circle","cx":693,"cy":306,"r":9},"region_attributes":{"Type":"1","count":"3"}},{"shape_attributes":{"name":"circle","cx":691,"cy":106,"r":11},"region_attributes":{"Type":"1","count":"5"}},{"shape_attributes":{"name":"circle","cx":438,"cy":271,"r":15},"region_attributes":{"Type":"1","count":"8"}},{"shape_attributes":{"name":"circle","cx":366,"cy":324,"r":14},"region_attributes":{"Type":"1","count":"5"}}],"file_attributes":{"date":"2021-12-22","temp":"54","rain":"2","neighborhood":"Columbia","total_count":""}}},"_via_attributes":{"region":{"Type":{"type":"dropdown","description":"","options":{"1":"Individual","2":"Structure","3":"Vehicle"},"default_options":{}},"count":{"type":"text","description":"","default_value":""}},"file":{"date":{"type":"text","description":"","default_value":""},"temp":{"type":"text","description":"","default_value":""},"rain":{"type":"dropdown","description":"","options":{"1":"rain","2":"clear"},"default_options":{"2":true}},"neighborhood":{"type":"text","description":"","default_value":"Columbia"},"total_count":{"type":"text","description":"","default_value":""}}},"_via_data_format_version":"2.0.10","_via_image_id_list":["https://drive.google.com/uc?export=view&id=1vgtOADW1kDdyo1BcfWMIRYGMKWwpjkMA\n","https://drive.google.com/uc?export=view&id=1T9PuSuS6hCKKfdXZMis2IdTq44WO0fUY\n","https://drive.google.com/uc?export=view&id=1748lhO1V-flNo6hwvugjRlyH5caCXI7x\n","https://drive.google.com/uc?export=view&id=1FEd1Y4JmJjaXAunO0GWZVr7I3arq50Yp\n","https://drive.google.com/uc?export=view&id=1DfIHuWcQ0ZAFQyJjtbGMICj18Dnyal0M\n","https://drive.google.com/uc?export=view&id=19C_kT_Bd753Soe0WJuQUvdC9nNZPSU_O\n","https://drive.google.com/uc?export=view&id=1pYlheI9J6Qw98fk6oRNzmPMc4JNDmfvq\n","https://drive.google.com/uc?export=view&id=1ztYdo4jWSTXKrXxDkHgnONycpXbRmG22\n","https://drive.google.com/uc?export=view&id=1RCmm204UNZ10SWwYcyQlDyfKeACdpm2s\n","https://drive.google.com/uc?export=view&id=1G7myV6gUfJm6kgrZNZrkJzq1rjUG9Jvv\n","https://drive.google.com/uc?export=view&id=1PZ-GdoI8VM_AEJg45Lg6Ym4_I4H0uMCm\n","https://drive.google.com/uc?export=view&id=1exgwA40NoOCLAwHgyXvthZvWukYKLpie\n"]}