{"_via_settings":{"ui":{"annotation_editor_height":15,"annotation_editor_fontsize":1,"leftsidebar_width":18,"image_grid":{"img_height":80,"rshape_fill":"none","rshape_fill_opacity":0.3,"rshape_stroke":"yellow","rshape_stroke_width":2,"show_region_shape":true,"show_image_policy":"all"},"image":{"region_label":"__via_region_id__","region_color":"__via_default_region_color__","region_label_font":"10px Sans","on_image_annotation_editor_placement":"NEAR_REGION"}},"core":{"buffer_size":18,"filepath":{},"default_filepath":""},"project":{"name":"East Village_2021_count"}},"_via_img_metadata":{"https://drive.google.com/uc?export=view&id=1P-99KGv2QOerVrwIya1OO_rslVRvFTEX\n":{"filename":"https://drive.google.com/uc?export=view&id=1P-99KGv2QOerVrwIya1OO_rslVRvFTEX\n","size":-1,"regions":[{"shape_attributes":{"name":"circle","cx":147,"cy":304,"r":8},"region_attributes":{"Type":"1","count":"2"}},{"shape_attributes":{"name":"circle","cx":173,"cy":299,"r":8},"region_attributes":{"Type":"1","count":"4"}},{"shape_attributes":{"name":"circle","cx":147,"cy":326,"r":8},"region_attributes":{"Type":"1","count":"4"}},{"shape_attributes":{"name":"circle","cx":175,"cy":315,"r":8},"region_attributes":{"Type":"2","count":"8"}},{"shape_attributes":{"name":"circle","cx":152,"cy":342,"r":8},"region_attributes":{"Type":"2","count":"1"}},{"shape_attributes":{"name":"circle","cx":163,"cy":340,"r":8},"region_attributes":{"Type":"1","count":"7"}},{"shape_attributes":{"name":"circle","cx":175,"cy":339,"r":8},"region_attributes":{"Type":"1","count":"4"}},{"shape_attributes":{"name":"circle","cx":219,"cy":294,"r":8},"region_attributes":{"Type":"1","count":"1"}},{"shape_attributes":{"name":"circle","cx":199,"cy":322,"r":8},"region_attributes":{"Type":"2","count":"6"}},{"shape_attributes":{"name":"circle","cx":203,"cy":338,"r":8},"region_attributes":{"Type":"1","count":"8"}},{"shape_attributes":{"name":"circle","cx":225,"cy":324,"r":8},"region_attributes":{"Type":"1","count":"2"}},{"shape_attributes":{"name":"circle","cx":221,"cy":340,"r":8},"region_attributes":{"Type":"2","count":"5"}},{"shape_attributes":{"name":"circle","cx":234,"cy":324,"r":8},"region_attributes":{"Type":"3","count":"1"}},{"shape_attributes":{"name":"circle","cx":109,"cy":409,"r":8},"region_attributes":{"Type":"1","count":"1"}},{"shape_attributes":{"name":"circle","cx":200,"cy":392,"r":8},"region_attributes":{"Type":"1","count":"2"}},{"shape_attributes":{"name":"circle","cx":247,"cy":400,"r":8},"region_attributes":{"Type":"1","count":"1"}},{"shape_attributes":{"name":"circle","cx":123,"cy":461,"r":8},"region_attributes":{"Type":"1","count":"2"}},{"shape_attributes":{"name":"circle","cx":214,"cy":482,"r":8},"region_attributes":{"Type":"1","count":"1"}},{"shape_attributes":{"name":"circle","cx":249,"cy":463,"r":8},"region_attributes":{"Type":"1","count":"4"}},{"shape_attributes":{"name":"circle","cx":275,"cy":463,"r":8},"region_attributes":{"Type":"2","count":"1"}},{"shape_attributes":{"name":"circle","cx":315,"cy":434,"r":8},"region_attributes":{"Type":"2","count":"1"}},{"shape_attributes":{"name":"circle","cx":374,"cy":296,"r":8},"region_attributes":{"Type":"1","count":"1"}},{"shape_attributes":{"name":"circle","cx":451,"cy":195,"r":8},"region_attributes":{"Type":"1","count":"1"}},{"shape_attributes":{"name":"circle","cx":426,"cy":244,"r":8},"region_attributes":{"Type":"1","count":"1"}},{"shape_attributes":{"name":"circle","cx":398,"cy":258,"r":8},"region_attributes":{"Type":"2","count":"1"}},{"shape_attributes":{"name":"circle","cx":403,"cy":268,"r":8},"region_attributes":{"Type":"1","count":"3"}},{"shape_attributes":{"name":"circle","cx":457,"cy":292,"r":8},"region_attributes":{"Type":"2","count":"1"}},{"shape_attributes":{"name":"circle","cx":450,"cy":392,"r":8},"region_attributes":{"Type":"2","count":"1"}},{"shape_attributes":{"name":"circle","cx":399,"cy":460,"r":8},"region_attributes":{"Type":"1","count":"1"}},{"shape_attributes":{"name":"circle","cx":413,"cy":482,"r":8},"region_attributes":{"Type":"1","count":"1"}},{"shape_attributes":{"name":"circle","cx":479,"cy":378,"r":8},"region_attributes":{"Type":"1","count":"2"}},{"shape_attributes":{"name":"circle","cx":546,"cy":339,"r":8},"region_attributes":{"Type":"1","count":"1"}},{"shape_attributes":{"name":"circle","cx":525,"cy":408,"r":8},"region_attributes":{"Type":"1","count":"1"}},{"shape_attributes":{"name":"circle","cx":613,"cy":295,"r":8},"region_attributes":{"Type":"1","count":"1"}},{"shape_attributes":{"name":"circle","cx":699,"cy":191,"r":8},"region_attributes":{"Type":"2","count":"2"}},{"shape_attributes":{"name":"circle","cx":690,"cy":404,"r":8},"region_attributes":{"Type":"1","count":"2"}},{"shape_attributes":{"name":"circle","cx":687,"cy":440,"r":8},"region_attributes":{"Type":"1","count":"1"}},{"shape_attributes":{"name":"circle","cx":686,"cy":478,"r":8},"region_attributes":{"Type":"2","count":"1"}},{"shape_attributes":{"name":"circle","cx":588,"cy":447,"r":8},"region_attributes":{"Type":"1","count":"4"}},{"shape_attributes":{"name":"circle","cx":589,"cy":465,"r":8},"region_attributes":{"Type":"2","count":"5"}},{"shape_attributes":{"name":"circle","cx":603,"cy":482,"r":8},"region_attributes":{"Type":"1","count":"4"}}],"file_attributes":{"date":"2021-01-28","temp":"46","rain":"2","neighborhood":"East Village","total_count":""}},"https://drive.google.com/uc?export=view&id=1E-rqKtmpl6ctbo6TOpJt5qLaCeaC0LQz\n":{"filename":"https://drive.google.com/uc?export=view&id=1E-rqKtmpl6ctbo6TOpJt5qLaCeaC0LQz\n","size":-1,"regions":[{"shape_attributes":{"name":"circle","cx":122,"cy":314,"r":8},"region_attributes":{"Type":"3","count":"1"}},{"shape_attributes":{"name":"circle","cx":127,"cy":288,"r":8},"region_attributes":{"Type":"3","count":"1"}},{"shape_attributes":{"name":"circle","cx":138,"cy":278,"r":8},"region_attributes":{"Type":"1","count":"2"}},{"shape_attributes":{"name":"circle","cx":136,"cy":300,"r":8},"region_attributes":{"Type":"1","count":"8"}},{"shape_attributes":{"name":"circle","cx":165,"cy":291,"r":8},"region_attributes":{"Type":"2","count":"2"}},{"shape_attributes":{"name":"circle","cx":164,"cy":313,"r":8},"region_attributes":{"Type":"1","count":"3"}},{"shape_attributes":{"name":"circle","cx":163,"cy":326,"r":8},"region_attributes":{"Type":"2","count":"1"}},{"shape_attributes":{"name":"circle","cx":141,"cy":325,"r":8},"region_attributes":{"Type":"2","count":"1"}},{"shape_attributes":{"name":"circle","cx":173,"cy":303,"r":8},"region_attributes":{"Type":"3","count":"1"}},{"shape_attributes":{"name":"circle","cx":185,"cy":290,"r":8},"region_attributes":{"Type":"2","count":"4"}},{"shape_attributes":{"name":"circle","cx":188,"cy":318,"r":8},"region_attributes":{"Type":"1","count":"4"}},{"shape_attributes":{"name":"circle","cx":214,"cy":300,"r":8},"region_attributes":{"Type":"2","count":"2"}},{"shape_attributes":{"name":"circle","cx":206,"cy":324,"r":8},"region_attributes":{"Type":"2","count":"4"}},{"shape_attributes":{"name":"circle","cx":159,"cy":348,"r":8},"region_attributes":{"Type":"1","count":"1"}},{"shape_attributes":{"name":"circle","cx":189,"cy":384,"r":8},"region_attributes":{"Type":"1","count":"1"}},{"shape_attributes":{"name":"circle","cx":151,"cy":422,"r":8},"region_attributes":{"Type":"1","count":"1"}},{"shape_attributes":{"name":"circle","cx":251,"cy":420,"r":8},"region_attributes":{"Type":"1","count":"2"}},{"shape_attributes":{"name":"circle","cx":261,"cy":464,"r":8},"region_attributes":{"Type":"1","count":"3"}},{"shape_attributes":{"name":"circle","cx":448,"cy":180,"r":8},"region_attributes":{"Type":"1","count":"1"}},{"shape_attributes":{"name":"circle","cx":400,"cy":203,"r":8},"region_attributes":{"Type":"1","count":"1"}},{"shape_attributes":{"name":"circle","cx":411,"cy":234,"r":8},"region_attributes":{"Type":"1","count":"3"}},{"shape_attributes":{"name":"circle","cx":396,"cy":252,"r":8},"region_attributes":{"Type":"1","count":"3"}},{"shape_attributes":{"name":"circle","cx":420,"cy":228,"r":8},"region_attributes":{"Type":"3","count":"1"}},{"shape_attributes":{"name":"circle","cx":438,"cy":239,"r":8},"region_attributes":{"Type":"1","count":"2"}},{"shape_attributes":{"name":"circle","cx":535,"cy":180,"r":8},"region_attributes":{"Type":"1","count":"1"}},{"shape_attributes":{"name":"circle","cx":531,"cy":204,"r":8},"region_attributes":{"Type":"2","count":"1"}},{"shape_attributes":{"name":"circle","cx":447,"cy":347,"r":8},"region_attributes":{"Type":"1","count":"1"}},{"shape_attributes":{"name":"circle","cx":461,"cy":371,"r":8},"region_attributes":{"Type":"2","count":"1"}},{"shape_attributes":{"name":"circle","cx":435,"cy":382,"r":8},"region_attributes":{"Type":"2","count":"7"}},{"shape_attributes":{"name":"circle","cx":387,"cy":430,"r":8},"region_attributes":{"Type":"1","count":"2"}},{"shape_attributes":{"name":"circle","cx":391,"cy":465,"r":8},"region_attributes":{"Type":"1","count":"1"}},{"shape_attributes":{"name":"circle","cx":410,"cy":463,"r":8},"region_attributes":{"Type":"1","count":"3"}},{"shape_attributes":{"name":"circle","cx":594,"cy":321,"r":8},"region_attributes":{"Type":"1","count":"1"}},{"shape_attributes":{"name":"circle","cx":630,"cy":332,"r":8},"region_attributes":{"Type":"3","count":"1"}},{"shape_attributes":{"name":"circle","cx":653,"cy":172,"r":8},"region_attributes":{"Type":"3","count":"1"}},{"shape_attributes":{"name":"circle","cx":668,"cy":136,"r":8},"region_attributes":{"Type":"3","count":"1"}},{"shape_attributes":{"name":"circle","cx":569,"cy":392,"r":8},"region_attributes":{"Type":"1","count":"1"}},{"shape_attributes":{"name":"circle","cx":618,"cy":394,"r":8},"region_attributes":{"Type":"1","count":"1"}},{"shape_attributes":{"name":"circle","cx":642,"cy":391,"r":8},"region_attributes":{"Type":"1","count":"3"}},{"shape_attributes":{"name":"circle","cx":581,"cy":419,"r":8},"region_attributes":{"Type":"1","count":"1"}},{"shape_attributes":{"name":"circle","cx":570,"cy":441,"r":8},"region_attributes":{"Type":"1","count":"2"}},{"shape_attributes":{"name":"circle","cx":571,"cy":460,"r":8},"region_attributes":{"Type":"2","count":"1"}},{"shape_attributes":{"name":"circle","cx":643,"cy":465,"r":8},"region_attributes":{"Type":"1","count":"1"}}],"file_attributes":{"date":"2021-02-25","temp":"55","rain":"2","neighborhood":"East Village","total_count":""}},"https://drive.google.com/uc?export=view&id=15KR9PvnzMmBqK9EJM9XCX_ofRzauAM_c\n":{"filename":"https://drive.google.com/uc?export=view&id=15KR9PvnzMmBqK9EJM9XCX_ofRzauAM_c\n","size":-1,"regions":[{"shape_attributes":{"name":"circle","cx":151,"cy":296,"r":8},"region_attributes":{"Type":"2","count":"1"}},{"shape_attributes":{"name":"circle","cx":175,"cy":297,"r":8},"region_attributes":{"Type":"2","count":"2"}},{"shape_attributes":{"name":"circle","cx":151,"cy":316,"r":8},"region_attributes":{"Type":"1","count":"6"}},{"shape_attributes":{"name":"circle","cx":175,"cy":312,"r":8},"region_attributes":{"Type":"1","count":"6"}},{"shape_attributes":{"name":"circle","cx":158,"cy":336,"r":8},"region_attributes":{"Type":"1","count":"2"}},{"shape_attributes":{"name":"circle","cx":171,"cy":336,"r":8},"region_attributes":{"Type":"2","count":"2"}},{"shape_attributes":{"name":"circle","cx":209,"cy":290,"r":8},"region_attributes":{"Type":"1","count":"2"}},{"shape_attributes":{"name":"circle","cx":226,"cy":293,"r":8},"region_attributes":{"Type":"1","count":"2"}},{"shape_attributes":{"name":"circle","cx":200,"cy":306,"r":8},"region_attributes":{"Type":"2","count":"7"}},{"shape_attributes":{"name":"circle","cx":223,"cy":310,"r":8},"region_attributes":{"Type":"2","count":"1"}},{"shape_attributes":{"name":"circle","cx":200,"cy":324,"r":8},"region_attributes":{"Type":"1","count":"5"}},{"shape_attributes":{"name":"circle","cx":214,"cy":335,"r":8},"region_attributes":{"Type":"2","count":"4"}},{"shape_attributes":{"name":"circle","cx":113,"cy":428,"r":8},"region_attributes":{"Type":"1","count":"1"}},{"shape_attributes":{"name":"circle","cx":199,"cy":374,"r":8},"region_attributes":{"Type":"1","count":"1"}},{"shape_attributes":{"name":"circle","cx":220,"cy":404,"r":8},"region_attributes":{"Type":"1","count":"3"}},{"shape_attributes":{"name":"circle","cx":247,"cy":380,"r":8},"region_attributes":{"Type":"1","count":"1"}},{"shape_attributes":{"name":"circle","cx":263,"cy":428,"r":8},"region_attributes":{"Type":"1","count":"1"}},{"shape_attributes":{"name":"circle","cx":275,"cy":452,"r":8},"region_attributes":{"Type":"1","count":"1"}},{"shape_attributes":{"name":"circle","cx":446,"cy":193,"r":8},"region_attributes":{"Type":"1","count":"1"}},{"shape_attributes":{"name":"circle","cx":420,"cy":245,"r":8},"region_attributes":{"Type":"1","count":"1"}},{"shape_attributes":{"name":"circle","cx":407,"cy":266,"r":8},"region_attributes":{"Type":"1","count":"1"}},{"shape_attributes":{"name":"circle","cx":445,"cy":252,"r":8},"region_attributes":{"Type":"1","count":"1"}},{"shape_attributes":{"name":"circle","cx":463,"cy":358,"r":8},"region_attributes":{"Type":"1","count":"1"}},{"shape_attributes":{"name":"circle","cx":445,"cy":382,"r":8},"region_attributes":{"Type":"2","count":"1"}},{"shape_attributes":{"name":"circle","cx":449,"cy":398,"r":8},"region_attributes":{"Type":"1","count":"3"}},{"shape_attributes":{"name":"circle","cx":409,"cy":474,"r":8},"region_attributes":{"Type":"1","count":"1"}},{"shape_attributes":{"name":"circle","cx":453,"cy":476,"r":8},"region_attributes":{"Type":"1","count":"1"}},{"shape_attributes":{"name":"circle","cx":662,"cy":123,"r":8},"region_attributes":{"Type":"3","count":"1"}},{"shape_attributes":{"name":"circle","cx":671,"cy":185,"r":8},"region_attributes":{"Type":"3","count":"1"}},{"shape_attributes":{"name":"circle","cx":638,"cy":404,"r":8},"region_attributes":{"Type":"1","count":"2"}},{"shape_attributes":{"name":"circle","cx":677,"cy":392,"r":8},"region_attributes":{"Type":"1","count":"3"}},{"shape_attributes":{"name":"circle","cx":586,"cy":476,"r":8},"region_attributes":{"Type":"1","count":"3"}},{"shape_attributes":{"name":"circle","cx":655,"cy":442,"r":8},"region_attributes":{"Type":"1","count":"1"}}],"file_attributes":{"date":"2021-03-25","temp":"54","rain":"2","neighborhood":"East Village","total_count":""}},"https://drive.google.com/uc?export=view&id=1A90uJvViHXDXuHX2EF3M7IBkOg2MM--k\n":{"filename":"https://drive.google.com/uc?export=view&id=1A90uJvViHXDXuHX2EF3M7IBkOg2MM--k\n","size":-1,"regions":[{"shape_attributes":{"name":"circle","cx":122,"cy":300,"r":8},"region_attributes":{"Type":"1","count":"1"}},{"shape_attributes":{"name":"circle","cx":150,"cy":310,"r":8},"region_attributes":{"Type":"1","count":"6"}},{"shape_attributes":{"name":"circle","cx":147,"cy":328,"r":8},"region_attributes":{"Type":"2","count":"1"}},{"shape_attributes":{"name":"circle","cx":171,"cy":303,"r":8},"region_attributes":{"Type":"2","count":"2"}},{"shape_attributes":{"name":"circle","cx":167,"cy":343,"r":8},"region_attributes":{"Type":"1","count":"1"}},{"shape_attributes":{"name":"circle","cx":209,"cy":294,"r":8},"region_attributes":{"Type":"1","count":"1"}},{"shape_attributes":{"name":"circle","cx":197,"cy":310,"r":8},"region_attributes":{"Type":"2","count":"7"}},{"shape_attributes":{"name":"circle","cx":221,"cy":302,"r":8},"region_attributes":{"Type":"2","count":"2"}},{"shape_attributes":{"name":"circle","cx":196,"cy":330,"r":8},"region_attributes":{"Type":"1","count":"9"}},{"shape_attributes":{"name":"circle","cx":222,"cy":322,"r":8},"region_attributes":{"Type":"1","count":"1"}},{"shape_attributes":{"name":"circle","cx":216,"cy":338,"r":8},"region_attributes":{"Type":"2","count":"3"}},{"shape_attributes":{"name":"circle","cx":111,"cy":410,"r":8},"region_attributes":{"Type":"1","count":"2"}},{"shape_attributes":{"name":"circle","cx":123,"cy":388,"r":8},"region_attributes":{"Type":"1","count":"1"}},{"shape_attributes":{"name":"circle","cx":197,"cy":387,"r":8},"region_attributes":{"Type":"1","count":"3"}},{"shape_attributes":{"name":"circle","cx":123,"cy":457,"r":8},"region_attributes":{"Type":"1","count":"1"}},{"shape_attributes":{"name":"circle","cx":296,"cy":387,"r":8},"region_attributes":{"Type":"1","count":"1"}},{"shape_attributes":{"name":"circle","cx":321,"cy":386,"r":8},"region_attributes":{"Type":"1","count":"1"}},{"shape_attributes":{"name":"circle","cx":356,"cy":410,"r":8},"region_attributes":{"Type":"1","count":"1"}},{"shape_attributes":{"name":"circle","cx":316,"cy":456,"r":8},"region_attributes":{"Type":"2","count":"1"}},{"shape_attributes":{"name":"circle","cx":415,"cy":234,"r":8},"region_attributes":{"Type":"2","count":"1"}},{"shape_attributes":{"name":"circle","cx":415,"cy":260,"r":8},"region_attributes":{"Type":"2","count":"2"}},{"shape_attributes":{"name":"circle","cx":416,"cy":436,"r":8},"region_attributes":{"Type":"1","count":"1"}},{"shape_attributes":{"name":"circle","cx":465,"cy":365,"r":8},"region_attributes":{"Type":"1","count":"1"}},{"shape_attributes":{"name":"circle","cx":441,"cy":387,"r":8},"region_attributes":{"Type":"1","count":"4"}},{"shape_attributes":{"name":"circle","cx":454,"cy":407,"r":8},"region_attributes":{"Type":"1","count":"1"}},{"shape_attributes":{"name":"circle","cx":445,"cy":477,"r":8},"region_attributes":{"Type":"1","count":"2"}},{"shape_attributes":{"name":"circle","cx":504,"cy":367,"r":8},"region_attributes":{"Type":"2","count":"1"}},{"shape_attributes":{"name":"circle","cx":515,"cy":407,"r":8},"region_attributes":{"Type":"1","count":"1"}},{"shape_attributes":{"name":"circle","cx":574,"cy":442,"r":8},"region_attributes":{"Type":"1","count":"3"}},{"shape_attributes":{"name":"circle","cx":599,"cy":442,"r":8},"region_attributes":{"Type":"1","count":"1"}},{"shape_attributes":{"name":"circle","cx":572,"cy":465,"r":8},"region_attributes":{"Type":"1","count":"1"}},{"shape_attributes":{"name":"circle","cx":582,"cy":480,"r":8},"region_attributes":{"Type":"1","count":"2"}},{"shape_attributes":{"name":"circle","cx":657,"cy":137,"r":8},"region_attributes":{"Type":"3","count":"1"}},{"shape_attributes":{"name":"circle","cx":670,"cy":154,"r":8},"region_attributes":{"Type":"1","count":"1"}},{"shape_attributes":{"name":"circle","cx":669,"cy":216,"r":8},"region_attributes":{"Type":"3","count":"1"}},{"shape_attributes":{"name":"circle","cx":627,"cy":368,"r":8},"region_attributes":{"Type":"1","count":"1"}},{"shape_attributes":{"name":"circle","cx":635,"cy":410,"r":8},"region_attributes":{"Type":"1","count":"1"}}],"file_attributes":{"date":"2021-04-29","temp":"61","rain":"2","neighborhood":"East Village","total_count":""}},"https://drive.google.com/uc?export=view&id=1ZIAx8yEhyotF8dyfmpTAwT9sXpMbMgdc\n":{"filename":"https://drive.google.com/uc?export=view&id=1ZIAx8yEhyotF8dyfmpTAwT9sXpMbMgdc\n","size":-1,"regions":[{"shape_attributes":{"name":"circle","cx":151,"cy":301,"r":8},"region_attributes":{"Type":"2","count":"3"}},{"shape_attributes":{"name":"circle","cx":175,"cy":295,"r":8},"region_attributes":{"Type":"2","count":"5"}},{"shape_attributes":{"name":"circle","cx":175,"cy":312,"r":8},"region_attributes":{"Type":"1","count":"9"}},{"shape_attributes":{"name":"circle","cx":151,"cy":321,"r":8},"region_attributes":{"Type":"1","count":"11"}},{"shape_attributes":{"name":"circle","cx":169,"cy":331,"r":8},"region_attributes":{"Type":"2","count":"3"}},{"shape_attributes":{"name":"circle","cx":208,"cy":284,"r":8},"region_attributes":{"Type":"1","count":"1"}},{"shape_attributes":{"name":"circle","cx":224,"cy":290,"r":8},"region_attributes":{"Type":"1","count":"1"}},{"shape_attributes":{"name":"circle","cx":201,"cy":304,"r":8},"region_attributes":{"Type":"2","count":"4"}},{"shape_attributes":{"name":"circle","cx":222,"cy":307,"r":8},"region_attributes":{"Type":"2","count":"3"}},{"shape_attributes":{"name":"circle","cx":198,"cy":330,"r":8},"region_attributes":{"Type":"1","count":"6"}},{"shape_attributes":{"name":"circle","cx":214,"cy":332,"r":8},"region_attributes":{"Type":"2","count":"3"}},{"shape_attributes":{"name":"circle","cx":123,"cy":379,"r":8},"region_attributes":{"Type":"1","count":"1"}},{"shape_attributes":{"name":"circle","cx":151,"cy":378,"r":8},"region_attributes":{"Type":"1","count":"1"}},{"shape_attributes":{"name":"circle","cx":111,"cy":400,"r":8},"region_attributes":{"Type":"1","count":"3"}},{"shape_attributes":{"name":"circle","cx":199,"cy":380,"r":8},"region_attributes":{"Type":"1","count":"4"}},{"shape_attributes":{"name":"circle","cx":99,"cy":472,"r":8},"region_attributes":{"Type":"1","count":"1"}},{"shape_attributes":{"name":"circle","cx":162,"cy":472,"r":8},"region_attributes":{"Type":"1","count":"1"}},{"shape_attributes":{"name":"circle","cx":295,"cy":364,"r":8},"region_attributes":{"Type":"1","count":"1"}},{"shape_attributes":{"name":"circle","cx":321,"cy":377,"r":8},"region_attributes":{"Type":"1","count":"1"}},{"shape_attributes":{"name":"circle","cx":261,"cy":427,"r":8},"region_attributes":{"Type":"2","count":"1"}},{"shape_attributes":{"name":"circle","cx":273,"cy":448,"r":8},"region_attributes":{"Type":"1","count":"2"}},{"shape_attributes":{"name":"circle","cx":249,"cy":451,"r":8},"region_attributes":{"Type":"2","count":"2"}},{"shape_attributes":{"name":"circle","cx":311,"cy":426,"r":8},"region_attributes":{"Type":"1","count":"1"}},{"shape_attributes":{"name":"circle","cx":468,"cy":176,"r":8},"region_attributes":{"Type":"1","count":"1"}},{"shape_attributes":{"name":"circle","cx":455,"cy":194,"r":8},"region_attributes":{"Type":"1","count":"1"}},{"shape_attributes":{"name":"circle","cx":405,"cy":263,"r":8},"region_attributes":{"Type":"1","count":"1"}},{"shape_attributes":{"name":"circle","cx":454,"cy":264,"r":8},"region_attributes":{"Type":"1","count":"1"}},{"shape_attributes":{"name":"circle","cx":456,"cy":289,"r":8},"region_attributes":{"Type":"1","count":"2"}},{"shape_attributes":{"name":"circle","cx":443,"cy":311,"r":8},"region_attributes":{"Type":"2","count":"1"}},{"shape_attributes":{"name":"circle","cx":453,"cy":360,"r":8},"region_attributes":{"Type":"1","count":"2"}},{"shape_attributes":{"name":"circle","cx":444,"cy":378,"r":8},"region_attributes":{"Type":"2","count":"3"}},{"shape_attributes":{"name":"circle","cx":441,"cy":402,"r":8},"region_attributes":{"Type":"1","count":"1"}},{"shape_attributes":{"name":"circle","cx":461,"cy":403,"r":8},"region_attributes":{"Type":"2","count":"1"}},{"shape_attributes":{"name":"circle","cx":394,"cy":466,"r":8},"region_attributes":{"Type":"1","count":"1"}},{"shape_attributes":{"name":"circle","cx":456,"cy":473,"r":8},"region_attributes":{"Type":"1","count":"1"}},{"shape_attributes":{"name":"circle","cx":523,"cy":332,"r":8},"region_attributes":{"Type":"1","count":"1"}},{"shape_attributes":{"name":"circle","cx":502,"cy":357,"r":8},"region_attributes":{"Type":"1","count":"1"}},{"shape_attributes":{"name":"circle","cx":534,"cy":358,"r":8},"region_attributes":{"Type":"2","count":"1"}},{"shape_attributes":{"name":"circle","cx":497,"cy":446,"r":8},"region_attributes":{"Type":"2","count":"3"}},{"shape_attributes":{"name":"circle","cx":623,"cy":312,"r":8},"region_attributes":{"Type":"1","count":"1"}},{"shape_attributes":{"name":"circle","cx":599,"cy":382,"r":11},"region_attributes":{"Type":"1","count":"1"}},{"shape_attributes":{"name":"circle","cx":650,"cy":381,"r":11},"region_attributes":{"Type":"1","count":"2"}},{"shape_attributes":{"name":"circle","cx":670,"cy":381,"r":11},"region_attributes":{"Type":"1","count":"1"}},{"shape_attributes":{"name":"circle","cx":633,"cy":404,"r":11},"region_attributes":{"Type":"1","count":"1"}},{"shape_attributes":{"name":"circle","cx":498,"cy":469,"r":11},"region_attributes":{"Type":"1","count":"4"}},{"shape_attributes":{"name":"circle","cx":578,"cy":474,"r":11},"region_attributes":{"Type":"1","count":"1"}},{"shape_attributes":{"name":"circle","cx":593,"cy":477,"r":11},"region_attributes":{"Type":"2","count":"1"}},{"shape_attributes":{"name":"circle","cx":672,"cy":401,"r":11},"region_attributes":{"Type":"1","count":"2"}},{"shape_attributes":{"name":"circle","cx":674,"cy":474,"r":11},"region_attributes":{"Type":"1","count":"2"}},{"shape_attributes":{"name":"circle","cx":666,"cy":174,"r":11},"region_attributes":{"Type":"3","count":"1"}},{"shape_attributes":{"name":"circle","cx":672,"cy":113,"r":11},"region_attributes":{"Type":"3","count":"1"}}],"file_attributes":{"date":"2021-05-27","temp":"59","rain":"2","neighborhood":"East Village","total_count":""}},"https://drive.google.com/uc?export=view&id=1xhv82ZGXauHF6BoSEozqHXTfgB5p9-1l\n":{"filename":"https://drive.google.com/uc?export=view&id=1xhv82ZGXauHF6BoSEozqHXTfgB5p9-1l\n","size":-1,"regions":[{"shape_attributes":{"name":"circle","cx":166,"cy":284,"r":11},"region_attributes":{"Type":"1","count":"2"}},{"shape_attributes":{"name":"circle","cx":151,"cy":301,"r":11},"region_attributes":{"Type":"2","count":"3"}},{"shape_attributes":{"name":"circle","cx":152,"cy":319,"r":11},"region_attributes":{"Type":"1","count":"8"}},{"shape_attributes":{"name":"circle","cx":177,"cy":301,"r":11},"region_attributes":{"Type":"2","count":"8"}},{"shape_attributes":{"name":"circle","cx":178,"cy":318,"r":11},"region_attributes":{"Type":"1","count":"5"}},{"shape_attributes":{"name":"circle","cx":167,"cy":332,"r":11},"region_attributes":{"Type":"2","count":"3"}},{"shape_attributes":{"name":"circle","cx":212,"cy":286,"r":11},"region_attributes":{"Type":"1","count":"1"}},{"shape_attributes":{"name":"circle","cx":200,"cy":299,"r":11},"region_attributes":{"Type":"1","count":"6"}},{"shape_attributes":{"name":"circle","cx":200,"cy":317,"r":11},"region_attributes":{"Type":"2","count":"4"}},{"shape_attributes":{"name":"circle","cx":224,"cy":305,"r":11},"region_attributes":{"Type":"2","count":"4"}},{"shape_attributes":{"name":"circle","cx":202,"cy":333,"r":11},"region_attributes":{"Type":"1","count":"1"}},{"shape_attributes":{"name":"circle","cx":218,"cy":332,"r":11},"region_attributes":{"Type":"2","count":"3"}},{"shape_attributes":{"name":"circle","cx":126,"cy":360,"r":11},"region_attributes":{"Type":"1","count":"1"}},{"shape_attributes":{"name":"circle","cx":171,"cy":358,"r":11},"region_attributes":{"Type":"1","count":"4"}},{"shape_attributes":{"name":"circle","cx":126,"cy":449,"r":11},"region_attributes":{"Type":"2","count":"1"}},{"shape_attributes":{"name":"circle","cx":199,"cy":379,"r":11},"region_attributes":{"Type":"1","count":"1"}},{"shape_attributes":{"name":"circle","cx":253,"cy":357,"r":11},"region_attributes":{"Type":"1","count":"1"}},{"shape_attributes":{"name":"circle","cx":265,"cy":401,"r":11},"region_attributes":{"Type":"1","count":"1"}},{"shape_attributes":{"name":"circle","cx":298,"cy":375,"r":11},"region_attributes":{"Type":"1","count":"1"}},{"shape_attributes":{"name":"circle","cx":323,"cy":363,"r":11},"region_attributes":{"Type":"1","count":"1"}},{"shape_attributes":{"name":"circle","cx":262,"cy":427,"r":11},"region_attributes":{"Type":"2","count":"1"}},{"shape_attributes":{"name":"circle","cx":250,"cy":437,"r":11},"region_attributes":{"Type":"1","count":"2"}},{"shape_attributes":{"name":"circle","cx":248,"cy":457,"r":11},"region_attributes":{"Type":"2","count":"1"}},{"shape_attributes":{"name":"circle","cx":365,"cy":471,"r":11},"region_attributes":{"Type":"1","count":"1"}},{"shape_attributes":{"name":"circle","cx":445,"cy":152,"r":11},"region_attributes":{"Type":"1","count":"1"}},{"shape_attributes":{"name":"circle","cx":445,"cy":182,"r":11},"region_attributes":{"Type":"2","count":"1"}},{"shape_attributes":{"name":"circle","cx":422,"cy":223,"r":11},"region_attributes":{"Type":"1","count":"2"}},{"shape_attributes":{"name":"circle","cx":419,"cy":250,"r":11},"region_attributes":{"Type":"2","count":"1"}},{"shape_attributes":{"name":"circle","cx":396,"cy":263,"r":11},"region_attributes":{"Type":"1","count":"2"}},{"shape_attributes":{"name":"circle","cx":450,"cy":287,"r":11},"region_attributes":{"Type":"2","count":"1"}},{"shape_attributes":{"name":"circle","cx":420,"cy":333,"r":11},"region_attributes":{"Type":"1","count":"1"}},{"shape_attributes":{"name":"circle","cx":395,"cy":399,"r":11},"region_attributes":{"Type":"1","count":"1"}},{"shape_attributes":{"name":"circle","cx":494,"cy":295,"r":11},"region_attributes":{"Type":"1","count":"1"}},{"shape_attributes":{"name":"circle","cx":494,"cy":313,"r":11},"region_attributes":{"Type":"2","count":"1"}},{"shape_attributes":{"name":"circle","cx":503,"cy":331,"r":11},"region_attributes":{"Type":"1","count":"1"}},{"shape_attributes":{"name":"circle","cx":536,"cy":331,"r":11},"region_attributes":{"Type":"1","count":"1"}},{"shape_attributes":{"name":"circle","cx":444,"cy":359,"r":11},"region_attributes":{"Type":"1","count":"1"}},{"shape_attributes":{"name":"circle","cx":467,"cy":358,"r":11},"region_attributes":{"Type":"1","count":"1"}},{"shape_attributes":{"name":"circle","cx":444,"cy":382,"r":11},"region_attributes":{"Type":"2","count":"1"}},{"shape_attributes":{"name":"circle","cx":460,"cy":376,"r":11},"region_attributes":{"Type":"2","count":"1"}},{"shape_attributes":{"name":"circle","cx":467,"cy":471,"r":11},"region_attributes":{"Type":"1","count":"1"}},{"shape_attributes":{"name":"circle","cx":599,"cy":324,"r":11},"region_attributes":{"Type":"1","count":"3"}},{"shape_attributes":{"name":"circle","cx":592,"cy":356,"r":11},"region_attributes":{"Type":"1","count":"1"}},{"shape_attributes":{"name":"circle","cx":578,"cy":429,"r":11},"region_attributes":{"Type":"1","count":"2"}},{"shape_attributes":{"name":"circle","cx":579,"cy":447,"r":11},"region_attributes":{"Type":"2","count":"2"}},{"shape_attributes":{"name":"circle","cx":579,"cy":469,"r":11},"region_attributes":{"Type":"1","count":"2"}},{"shape_attributes":{"name":"circle","cx":627,"cy":311,"r":15.297},"region_attributes":{"Type":"2","count":"1"}},{"shape_attributes":{"name":"circle","cx":625,"cy":328,"r":11},"region_attributes":{"Type":"1","count":"1"}},{"shape_attributes":{"name":"circle","cx":653,"cy":332,"r":11},"region_attributes":{"Type":"2","count":"1"}},{"shape_attributes":{"name":"circle","cx":637,"cy":341,"r":11},"region_attributes":{"Type":"3","count":"1"}},{"shape_attributes":{"name":"circle","cx":626,"cy":372,"r":11},"region_attributes":{"Type":"1","count":"1"}},{"shape_attributes":{"name":"circle","cx":629,"cy":391,"r":11},"region_attributes":{"Type":"1","count":"5"}},{"shape_attributes":{"name":"circle","cx":650,"cy":444,"r":11},"region_attributes":{"Type":"2","count":"1"}},{"shape_attributes":{"name":"circle","cx":677,"cy":278,"r":11},"region_attributes":{"Type":"1","count":"2"}},{"shape_attributes":{"name":"circle","cx":679,"cy":440,"r":12.042},"region_attributes":{"Type":"2","count":"1"}}],"file_attributes":{"date":"2021-06-24","temp":"","rain":"2","neighborhood":"East Village","total_count":""}},"https://drive.google.com/uc?export=view&id=1Xy-jCfOGxR-1YtWPsVyDcPrHvDel_Nd0\n":{"filename":"https://drive.google.com/uc?export=view&id=1Xy-jCfOGxR-1YtWPsVyDcPrHvDel_Nd0\n","size":-1,"regions":[{"shape_attributes":{"name":"circle","cx":88,"cy":304,"r":11},"region_attributes":{"Type":"1","count":"1"}},{"shape_attributes":{"name":"circle","cx":139,"cy":290,"r":11},"region_attributes":{"Type":"1","count":"1"}},{"shape_attributes":{"name":"circle","cx":143,"cy":301,"r":11},"region_attributes":{"Type":"2","count":"2"}},{"shape_attributes":{"name":"circle","cx":140,"cy":317,"r":11},"region_attributes":{"Type":"1","count":"3"}},{"shape_attributes":{"name":"circle","cx":139,"cy":337,"r":11},"region_attributes":{"Type":"1","count":"3"}},{"shape_attributes":{"name":"circle","cx":152,"cy":336,"r":11},"region_attributes":{"Type":"2","count":"3"}},{"shape_attributes":{"name":"circle","cx":165,"cy":332,"r":11},"region_attributes":{"Type":"1","count":"9"}},{"shape_attributes":{"name":"circle","cx":165,"cy":313,"r":12.737},"region_attributes":{"Type":"2","count":"6"}},{"shape_attributes":{"name":"circle","cx":165,"cy":296,"r":11},"region_attributes":{"Type":"1","count":"2"}},{"shape_attributes":{"name":"circle","cx":194,"cy":294,"r":12.737},"region_attributes":{"Type":"2","count":"1"}},{"shape_attributes":{"name":"circle","cx":205,"cy":292,"r":10},"region_attributes":{"Type":"1","count":"1"}},{"shape_attributes":{"name":"circle","cx":192,"cy":316,"r":10},"region_attributes":{"Type":"1","count":"1"}},{"shape_attributes":{"name":"circle","cx":217,"cy":315,"r":10},"region_attributes":{"Type":"2","count":"1"}},{"shape_attributes":{"name":"circle","cx":205,"cy":336,"r":10},"region_attributes":{"Type":"2","count":"6"}},{"shape_attributes":{"name":"circle","cx":218,"cy":339,"r":10},"region_attributes":{"Type":"1","count":"1"}},{"shape_attributes":{"name":"circle","cx":242,"cy":312,"r":10},"region_attributes":{"Type":"1","count":"2"}},{"shape_attributes":{"name":"circle","cx":117,"cy":366,"r":10},"region_attributes":{"Type":"1","count":"1"}},{"shape_attributes":{"name":"circle","cx":102,"cy":406,"r":10},"region_attributes":{"Type":"1","count":"1"}},{"shape_attributes":{"name":"circle","cx":140,"cy":386,"r":10},"region_attributes":{"Type":"1","count":"1"}},{"shape_attributes":{"name":"circle","cx":192,"cy":363,"r":10},"region_attributes":{"Type":"1","count":"1"}},{"shape_attributes":{"name":"circle","cx":192,"cy":389,"r":10},"region_attributes":{"Type":"1","count":"3"}},{"shape_attributes":{"name":"circle","cx":219,"cy":388,"r":10},"region_attributes":{"Type":"1","count":"1"}},{"shape_attributes":{"name":"circle","cx":269,"cy":381,"r":10},"region_attributes":{"Type":"1","count":"1"}},{"shape_attributes":{"name":"circle","cx":100,"cy":437,"r":10},"region_attributes":{"Type":"1","count":"2"}},{"shape_attributes":{"name":"circle","cx":116,"cy":460,"r":10},"region_attributes":{"Type":"1","count":"1"}},{"shape_attributes":{"name":"circle","cx":139,"cy":466,"r":10},"region_attributes":{"Type":"1","count":"1"}},{"shape_attributes":{"name":"circle","cx":199,"cy":435,"r":10},"region_attributes":{"Type":"2","count":"1"}},{"shape_attributes":{"name":"circle","cx":210,"cy":434,"r":10},"region_attributes":{"Type":"1","count":"1"}},{"shape_attributes":{"name":"circle","cx":244,"cy":434,"r":10},"region_attributes":{"Type":"1","count":"1"}},{"shape_attributes":{"name":"circle","cx":268,"cy":452,"r":10},"region_attributes":{"Type":"1","count":"1"}},{"shape_attributes":{"name":"circle","cx":252,"cy":478,"r":10},"region_attributes":{"Type":"1","count":"1"}},{"shape_attributes":{"name":"circle","cx":316,"cy":456,"r":10},"region_attributes":{"Type":"1","count":"1"}},{"shape_attributes":{"name":"circle","cx":311,"cy":472,"r":10},"region_attributes":{"Type":"2","count":"1"}},{"shape_attributes":{"name":"circle","cx":443,"cy":177,"r":10},"region_attributes":{"Type":"1","count":"3"}},{"shape_attributes":{"name":"circle","cx":456,"cy":264,"r":10},"region_attributes":{"Type":"1","count":"2"}},{"shape_attributes":{"name":"circle","cx":479,"cy":252,"r":10},"region_attributes":{"Type":"3","count":"1"}},{"shape_attributes":{"name":"circle","cx":494,"cy":318,"r":10},"region_attributes":{"Type":"1","count":"1"}},{"shape_attributes":{"name":"circle","cx":508,"cy":334,"r":10},"region_attributes":{"Type":"1","count":"1"}},{"shape_attributes":{"name":"circle","cx":469,"cy":382,"r":10},"region_attributes":{"Type":"1","count":"1"}},{"shape_attributes":{"name":"circle","cx":458,"cy":405,"r":10},"region_attributes":{"Type":"1","count":"1"}},{"shape_attributes":{"name":"circle","cx":394,"cy":456,"r":10},"region_attributes":{"Type":"1","count":"6"}},{"shape_attributes":{"name":"circle","cx":412,"cy":477,"r":10},"region_attributes":{"Type":"1","count":"2"}},{"shape_attributes":{"name":"circle","cx":508,"cy":361,"r":10},"region_attributes":{"Type":"2","count":"1"}},{"shape_attributes":{"name":"circle","cx":512,"cy":434,"r":10},"region_attributes":{"Type":"1","count":"4"}},{"shape_attributes":{"name":"circle","cx":670,"cy":156,"r":10},"region_attributes":{"Type":"3","count":"1"}},{"shape_attributes":{"name":"circle","cx":594,"cy":289,"r":10},"region_attributes":{"Type":"1","count":"1"}},{"shape_attributes":{"name":"circle","cx":610,"cy":378,"r":10},"region_attributes":{"Type":"1","count":"2"}},{"shape_attributes":{"name":"circle","cx":668,"cy":365,"r":10},"region_attributes":{"Type":"3","count":"1"}},{"shape_attributes":{"name":"circle","cx":635,"cy":406,"r":10},"region_attributes":{"Type":"1","count":"1"}},{"shape_attributes":{"name":"circle","cx":650,"cy":406,"r":10},"region_attributes":{"Type":"1","count":"1"}},{"shape_attributes":{"name":"circle","cx":580,"cy":432,"r":10},"region_attributes":{"Type":"1","count":"1"}},{"shape_attributes":{"name":"circle","cx":600,"cy":432,"r":10},"region_attributes":{"Type":"2","count":"1"}},{"shape_attributes":{"name":"circle","cx":580,"cy":448,"r":10},"region_attributes":{"Type":"1","count":"4"}},{"shape_attributes":{"name":"circle","cx":581,"cy":471,"r":10},"region_attributes":{"Type":"2","count":"1"}},{"shape_attributes":{"name":"circle","cx":596,"cy":478,"r":10},"region_attributes":{"Type":"1","count":"2"}},{"shape_attributes":{"name":"circle","cx":681,"cy":438,"r":10},"region_attributes":{"Type":"1","count":"2"}},{"shape_attributes":{"name":"circle","cx":681,"cy":454,"r":10},"region_attributes":{"Type":"1","count":"1"}}],"file_attributes":{"date":"2021-07-30","temp":"66","rain":"2","neighborhood":"East Village","total_count":""}},"https://drive.google.com/uc?export=view&id=1qzG4-qufZj61sJNA3IjWOKOVzKQLIlsc\n":{"filename":"https://drive.google.com/uc?export=view&id=1qzG4-qufZj61sJNA3IjWOKOVzKQLIlsc\n","size":-1,"regions":[{"shape_attributes":{"name":"circle","cx":73,"cy":319,"r":10},"region_attributes":{"Type":"1","count":"1"}},{"shape_attributes":{"name":"circle","cx":104,"cy":291,"r":10},"region_attributes":{"Type":"1","count":"1"}},{"shape_attributes":{"name":"circle","cx":125,"cy":296,"r":10},"region_attributes":{"Type":"1","count":"6"}},{"shape_attributes":{"name":"circle","cx":130,"cy":324,"r":10},"region_attributes":{"Type":"2","count":"5"}},{"shape_attributes":{"name":"circle","cx":151,"cy":292,"r":10},"region_attributes":{"Type":"2","count":"8"}},{"shape_attributes":{"name":"circle","cx":155,"cy":324,"r":10},"region_attributes":{"Type":"1","count":"7"}},{"shape_attributes":{"name":"circle","cx":180,"cy":278,"r":10},"region_attributes":{"Type":"1","count":"7"}},{"shape_attributes":{"name":"circle","cx":181,"cy":298,"r":10},"region_attributes":{"Type":"2","count":"8"}},{"shape_attributes":{"name":"circle","cx":206,"cy":291,"r":10},"region_attributes":{"Type":"2","count":"1"}},{"shape_attributes":{"name":"circle","cx":202,"cy":324,"r":10},"region_attributes":{"Type":"2","count":"5"}},{"shape_attributes":{"name":"circle","cx":84,"cy":402,"r":10},"region_attributes":{"Type":"1","count":"1"}},{"shape_attributes":{"name":"circle","cx":151,"cy":398,"r":10},"region_attributes":{"Type":"1","count":"2"}},{"shape_attributes":{"name":"circle","cx":180,"cy":379,"r":10},"region_attributes":{"Type":"1","count":"2"}},{"shape_attributes":{"name":"circle","cx":204,"cy":402,"r":10},"region_attributes":{"Type":"1","count":"1"}},{"shape_attributes":{"name":"circle","cx":262,"cy":375,"r":10},"region_attributes":{"Type":"1","count":"2"}},{"shape_attributes":{"name":"circle","cx":100,"cy":463,"r":10},"region_attributes":{"Type":"1","count":"1"}},{"shape_attributes":{"name":"circle","cx":133,"cy":478,"r":10},"region_attributes":{"Type":"1","count":"2"}},{"shape_attributes":{"name":"circle","cx":179,"cy":479,"r":10},"region_attributes":{"Type":"1","count":"1"}},{"shape_attributes":{"name":"circle","cx":210,"cy":451,"r":10},"region_attributes":{"Type":"1","count":"1"}},{"shape_attributes":{"name":"circle","cx":232,"cy":459,"r":10},"region_attributes":{"Type":"1","count":"1"}},{"shape_attributes":{"name":"circle","cx":289,"cy":454,"r":10},"region_attributes":{"Type":"2","count":"1"}},{"shape_attributes":{"name":"circle","cx":312,"cy":450,"r":10},"region_attributes":{"Type":"2","count":"1"}},{"shape_attributes":{"name":"circle","cx":300,"cy":480,"r":10},"region_attributes":{"Type":"1","count":"1"}},{"shape_attributes":{"name":"circle","cx":400,"cy":144,"r":10},"region_attributes":{"Type":"2","count":"2"}},{"shape_attributes":{"name":"circle","cx":396,"cy":225,"r":10},"region_attributes":{"Type":"1","count":"2"}},{"shape_attributes":{"name":"circle","cx":420,"cy":244,"r":10},"region_attributes":{"Type":"2","count":"1"}},{"shape_attributes":{"name":"circle","cx":471,"cy":250,"r":10},"region_attributes":{"Type":"1","count":"1"}},{"shape_attributes":{"name":"circle","cx":422,"cy":394,"r":10},"region_attributes":{"Type":"1","count":"1"}},{"shape_attributes":{"name":"circle","cx":412,"cy":476,"r":10},"region_attributes":{"Type":"1","count":"2"}},{"shape_attributes":{"name":"circle","cx":570,"cy":216,"r":10},"region_attributes":{"Type":"1","count":"1"}},{"shape_attributes":{"name":"circle","cx":478,"cy":283,"r":10},"region_attributes":{"Type":"1","count":"1"}},{"shape_attributes":{"name":"circle","cx":510,"cy":323,"r":10},"region_attributes":{"Type":"1","count":"1"}},{"shape_attributes":{"name":"circle","cx":560,"cy":356,"r":10},"region_attributes":{"Type":"2","count":"1"}},{"shape_attributes":{"name":"circle","cx":696,"cy":112,"r":10},"region_attributes":{"Type":"3","count":"1"}},{"shape_attributes":{"name":"circle","cx":695,"cy":159,"r":10},"region_attributes":{"Type":"1","count":"1"}},{"shape_attributes":{"name":"circle","cx":663,"cy":402,"r":10},"region_attributes":{"Type":"1","count":"1"}},{"shape_attributes":{"name":"circle","cx":595,"cy":429,"r":10},"region_attributes":{"Type":"1","count":"2"}},{"shape_attributes":{"name":"circle","cx":595,"cy":446,"r":10},"region_attributes":{"Type":"2","count":"1"}},{"shape_attributes":{"name":"circle","cx":593,"cy":466,"r":10},"region_attributes":{"Type":"1","count":"1"}},{"shape_attributes":{"name":"circle","cx":602,"cy":481,"r":10},"region_attributes":{"Type":"1","count":"3"}},{"shape_attributes":{"name":"circle","cx":624,"cy":480,"r":10},"region_attributes":{"Type":"1","count":"2"}},{"shape_attributes":{"name":"circle","cx":672,"cy":480,"r":10},"region_attributes":{"Type":"1","count":"1"}}],"file_attributes":{"date":"2021-08-27","temp":"72","rain":"2","neighborhood":"East Village","total_count":""}},"https://drive.google.com/uc?export=view&id=1EIxcZFlQKzCS3NVnngPnXiWhWR2Cd3KV\n":{"filename":"https://drive.google.com/uc?export=view&id=1EIxcZFlQKzCS3NVnngPnXiWhWR2Cd3KV\n","size":-1,"regions":[{"shape_attributes":{"name":"circle","cx":92,"cy":292,"r":10},"region_attributes":{"Type":"1","count":"1"}},{"shape_attributes":{"name":"circle","cx":153,"cy":289,"r":10},"region_attributes":{"Type":"1","count":"1"}},{"shape_attributes":{"name":"circle","cx":143,"cy":302,"r":10},"region_attributes":{"Type":"2","count":"2"}},{"shape_attributes":{"name":"circle","cx":167,"cy":298,"r":10},"region_attributes":{"Type":"2","count":"3"}},{"shape_attributes":{"name":"circle","cx":142,"cy":320,"r":10},"region_attributes":{"Type":"1","count":"4"}},{"shape_attributes":{"name":"circle","cx":170,"cy":318,"r":10},"region_attributes":{"Type":"1","count":"3"}},{"shape_attributes":{"name":"circle","cx":144,"cy":336,"r":10},"region_attributes":{"Type":"1","count":"3"}},{"shape_attributes":{"name":"circle","cx":158,"cy":336,"r":10},"region_attributes":{"Type":"2","count":"3"}},{"shape_attributes":{"name":"circle","cx":195,"cy":291,"r":10},"region_attributes":{"Type":"1","count":"13"}},{"shape_attributes":{"name":"circle","cx":220,"cy":294,"r":10},"region_attributes":{"Type":"2","count":"1"}},{"shape_attributes":{"name":"circle","cx":192,"cy":313,"r":10},"region_attributes":{"Type":"2","count":"4"}},{"shape_attributes":{"name":"circle","cx":212,"cy":333,"r":10},"region_attributes":{"Type":"2","count":"7"}},{"shape_attributes":{"name":"circle","cx":296,"cy":304,"r":10},"region_attributes":{"Type":"1","count":"2"}},{"shape_attributes":{"name":"circle","cx":206,"cy":362,"r":10},"region_attributes":{"Type":"1","count":"1"}},{"shape_attributes":{"name":"circle","cx":192,"cy":385,"r":10},"region_attributes":{"Type":"1","count":"1"}},{"shape_attributes":{"name":"circle","cx":310,"cy":364,"r":10},"region_attributes":{"Type":"1","count":"1"}},{"shape_attributes":{"name":"circle","cx":118,"cy":450,"r":10},"region_attributes":{"Type":"1","count":"1"}},{"shape_attributes":{"name":"circle","cx":141,"cy":477,"r":10},"region_attributes":{"Type":"1","count":"1"}},{"shape_attributes":{"name":"circle","cx":194,"cy":464,"r":10},"region_attributes":{"Type":"1","count":"1"}},{"shape_attributes":{"name":"circle","cx":242,"cy":463,"r":10},"region_attributes":{"Type":"1","count":"1"}},{"shape_attributes":{"name":"circle","cx":453,"cy":169,"r":10},"region_attributes":{"Type":"1","count":"2"}},{"shape_attributes":{"name":"circle","cx":396,"cy":226,"r":10},"region_attributes":{"Type":"2","count":"1"}},{"shape_attributes":{"name":"circle","cx":396,"cy":252,"r":10},"region_attributes":{"Type":"2","count":"2"}},{"shape_attributes":{"name":"circle","cx":447,"cy":241,"r":10},"region_attributes":{"Type":"1","count":"1"}},{"shape_attributes":{"name":"circle","cx":410,"cy":333,"r":10},"region_attributes":{"Type":"1","count":"1"}},{"shape_attributes":{"name":"circle","cx":397,"cy":472,"r":10},"region_attributes":{"Type":"1","count":"1"}},{"shape_attributes":{"name":"circle","cx":446,"cy":382,"r":10},"region_attributes":{"Type":"1","count":"3"}},{"shape_attributes":{"name":"circle","cx":460,"cy":406,"r":10},"region_attributes":{"Type":"1","count":"1"}},{"shape_attributes":{"name":"circle","cx":495,"cy":326,"r":10},"region_attributes":{"Type":"1","count":"1"}},{"shape_attributes":{"name":"circle","cx":540,"cy":336,"r":10},"region_attributes":{"Type":"1","count":"1"}},{"shape_attributes":{"name":"circle","cx":534,"cy":366,"r":10},"region_attributes":{"Type":"2","count":"1"}},{"shape_attributes":{"name":"circle","cx":606,"cy":362,"r":10},"region_attributes":{"Type":"1","count":"1"}},{"shape_attributes":{"name":"circle","cx":633,"cy":390,"r":10},"region_attributes":{"Type":"1","count":"3"}},{"shape_attributes":{"name":"circle","cx":582,"cy":437,"r":10},"region_attributes":{"Type":"2","count":"1"}},{"shape_attributes":{"name":"circle","cx":582,"cy":457,"r":10},"region_attributes":{"Type":"1","count":"2"}},{"shape_attributes":{"name":"circle","cx":592,"cy":480,"r":10},"region_attributes":{"Type":"1","count":"1"}},{"shape_attributes":{"name":"circle","cx":671,"cy":154,"r":10},"region_attributes":{"Type":"3","count":"1"}},{"shape_attributes":{"name":"circle","cx":677,"cy":178,"r":10},"region_attributes":{"Type":"1","count":"2"}},{"shape_attributes":{"name":"circle","cx":684,"cy":436,"r":10},"region_attributes":{"Type":"2","count":"1"}},{"shape_attributes":{"name":"circle","cx":684,"cy":453,"r":10},"region_attributes":{"Type":"1","count":"5"}},{"shape_attributes":{"name":"circle","cx":684,"cy":477,"r":10},"region_attributes":{"Type":"2","count":"3"}}],"file_attributes":{"date":"2021-09-30","temp":"66","rain":"2","neighborhood":"East Village","total_count":""}},"https://drive.google.com/uc?export=view&id=17u-u5Cfi3KgctfnUCXQca05RmbMosKQI\n":{"filename":"https://drive.google.com/uc?export=view&id=17u-u5Cfi3KgctfnUCXQca05RmbMosKQI\n","size":-1,"regions":[{"shape_attributes":{"name":"circle","cx":108,"cy":262,"r":10},"region_attributes":{"Type":"1","count":"9"}},{"shape_attributes":{"name":"circle","cx":109,"cy":284,"r":10},"region_attributes":{"Type":"2","count":"1"}},{"shape_attributes":{"name":"circle","cx":130,"cy":247,"r":10.995},"region_attributes":{"Type":"1","count":"1"}},{"shape_attributes":{"name":"circle","cx":133,"cy":265,"r":10},"region_attributes":{"Type":"2","count":"4"}},{"shape_attributes":{"name":"circle","cx":118,"cy":292,"r":10},"region_attributes":{"Type":"1","count":"6"}},{"shape_attributes":{"name":"circle","cx":132,"cy":290,"r":10},"region_attributes":{"Type":"2","count":"4"}},{"shape_attributes":{"name":"circle","cx":159,"cy":254,"r":10},"region_attributes":{"Type":"1","count":"4"}},{"shape_attributes":{"name":"circle","cx":161,"cy":274,"r":10},"region_attributes":{"Type":"2","count":"5"}},{"shape_attributes":{"name":"circle","cx":183,"cy":254,"r":10},"region_attributes":{"Type":"2","count":"1"}},{"shape_attributes":{"name":"circle","cx":166,"cy":292,"r":10},"region_attributes":{"Type":"1","count":"1"}},{"shape_attributes":{"name":"circle","cx":178,"cy":291,"r":10},"region_attributes":{"Type":"2","count":"7"}},{"shape_attributes":{"name":"circle","cx":68,"cy":317,"r":10},"region_attributes":{"Type":"1","count":"1"}},{"shape_attributes":{"name":"circle","cx":82,"cy":343,"r":10},"region_attributes":{"Type":"1","count":"1"}},{"shape_attributes":{"name":"circle","cx":160,"cy":346,"r":10},"region_attributes":{"Type":"1","count":"4"}},{"shape_attributes":{"name":"circle","cx":211,"cy":340,"r":10},"region_attributes":{"Type":"1","count":"4"}},{"shape_attributes":{"name":"circle","cx":134,"cy":408,"r":10},"region_attributes":{"Type":"1","count":"1"}},{"shape_attributes":{"name":"circle","cx":186,"cy":408,"r":10},"region_attributes":{"Type":"1","count":"1"}},{"shape_attributes":{"name":"circle","cx":411,"cy":130,"r":10},"region_attributes":{"Type":"2","count":"3"}},{"shape_attributes":{"name":"circle","cx":368,"cy":221,"r":10},"region_attributes":{"Type":"1","count":"1"}},{"shape_attributes":{"name":"circle","cx":422,"cy":218,"r":10},"region_attributes":{"Type":"1","count":"1"}},{"shape_attributes":{"name":"circle","cx":461,"cy":176,"r":10},"region_attributes":{"Type":"1","count":"1"}},{"shape_attributes":{"name":"circle","cx":557,"cy":104,"r":10},"region_attributes":{"Type":"1","count":"1"}},{"shape_attributes":{"name":"circle","cx":571,"cy":124,"r":10},"region_attributes":{"Type":"1","count":"1"}},{"shape_attributes":{"name":"circle","cx":420,"cy":252,"r":10},"region_attributes":{"Type":"1","count":"1"}},{"shape_attributes":{"name":"circle","cx":424,"cy":292,"r":10},"region_attributes":{"Type":"1","count":"1"}},{"shape_attributes":{"name":"circle","cx":361,"cy":363,"r":10},"region_attributes":{"Type":"1","count":"1"}},{"shape_attributes":{"name":"circle","cx":374,"cy":392,"r":10},"region_attributes":{"Type":"1","count":"2"}},{"shape_attributes":{"name":"circle","cx":362,"cy":414,"r":10},"region_attributes":{"Type":"1","count":"2"}},{"shape_attributes":{"name":"circle","cx":424,"cy":320,"r":10},"region_attributes":{"Type":"1","count":"2"}},{"shape_attributes":{"name":"circle","cx":411,"cy":366,"r":10},"region_attributes":{"Type":"1","count":"3"}},{"shape_attributes":{"name":"circle","cx":426,"cy":366,"r":10},"region_attributes":{"Type":"2","count":"1"}},{"shape_attributes":{"name":"circle","cx":478,"cy":290,"r":10},"region_attributes":{"Type":"1","count":"2"}},{"shape_attributes":{"name":"circle","cx":510,"cy":290,"r":10},"region_attributes":{"Type":"2","count":"2"}},{"shape_attributes":{"name":"circle","cx":508,"cy":322,"r":10},"region_attributes":{"Type":"2","count":"1"}},{"shape_attributes":{"name":"circle","cx":639,"cy":95,"r":10},"region_attributes":{"Type":"3","count":"1"}},{"shape_attributes":{"name":"circle","cx":634,"cy":131,"r":10},"region_attributes":{"Type":"1","count":"1"}},{"shape_attributes":{"name":"circle","cx":660,"cy":188,"r":10},"region_attributes":{"Type":"2","count":"1"}},{"shape_attributes":{"name":"circle","cx":568,"cy":340,"r":10},"region_attributes":{"Type":"1","count":"1"}},{"shape_attributes":{"name":"circle","cx":595,"cy":322,"r":10},"region_attributes":{"Type":"1","count":"1"}},{"shape_attributes":{"name":"circle","cx":596,"cy":362,"r":10},"region_attributes":{"Type":"1","count":"1"}},{"shape_attributes":{"name":"circle","cx":553,"cy":390,"r":10},"region_attributes":{"Type":"1","count":"1"}},{"shape_attributes":{"name":"circle","cx":545,"cy":406,"r":10},"region_attributes":{"Type":"2","count":"4"}},{"shape_attributes":{"name":"circle","cx":546,"cy":424,"r":10},"region_attributes":{"Type":"1","count":"5"}},{"shape_attributes":{"name":"circle","cx":551,"cy":436,"r":10},"region_attributes":{"Type":"1","count":"2"}},{"shape_attributes":{"name":"circle","cx":565,"cy":438,"r":10},"region_attributes":{"Type":"2","count":"1"}},{"shape_attributes":{"name":"circle","cx":677,"cy":326,"r":10},"region_attributes":{"Type":"2","count":"6"}},{"shape_attributes":{"name":"circle","cx":679,"cy":363,"r":10},"region_attributes":{"Type":"2","count":"1"}},{"shape_attributes":{"name":"circle","cx":648,"cy":359,"r":10},"region_attributes":{"Type":"1","count":"2"}},{"shape_attributes":{"name":"circle","cx":622,"cy":400,"r":10},"region_attributes":{"Type":"1","count":"3"}},{"shape_attributes":{"name":"circle","cx":638,"cy":401,"r":10},"region_attributes":{"Type":"3","count":"1"}},{"shape_attributes":{"name":"circle","cx":630,"cy":417,"r":10},"region_attributes":{"Type":"3","count":"1"}},{"shape_attributes":{"name":"circle","cx":623,"cy":432,"r":10},"region_attributes":{"Type":"1","count":"1"}},{"shape_attributes":{"name":"circle","cx":648,"cy":431,"r":10},"region_attributes":{"Type":"2","count":"1"}}],"file_attributes":{"date":"2021-10-28","temp":"61","rain":"2","neighborhood":"East Village","total_count":""}},"https://drive.google.com/uc?export=view&id=1trG7IalPt7HVmiA7vLtCXb4JbGTP_DJi\n":{"filename":"https://drive.google.com/uc?export=view&id=1trG7IalPt7HVmiA7vLtCXb4JbGTP_DJi\n","size":-1,"regions":[{"shape_attributes":{"name":"circle","cx":130,"cy":285,"r":10},"region_attributes":{"Type":"1","count":"14"}},{"shape_attributes":{"name":"circle","cx":127,"cy":313,"r":10},"region_attributes":{"Type":"2","count":"3"}},{"shape_attributes":{"name":"circle","cx":129,"cy":332,"r":10},"region_attributes":{"Type":"1","count":"2"}},{"shape_attributes":{"name":"circle","cx":156,"cy":287,"r":10},"region_attributes":{"Type":"1","count":"2"}},{"shape_attributes":{"name":"circle","cx":158,"cy":310,"r":10},"region_attributes":{"Type":"1","count":"2"}},{"shape_attributes":{"name":"circle","cx":154,"cy":328,"r":10},"region_attributes":{"Type":"2","count":"2"}},{"shape_attributes":{"name":"circle","cx":184,"cy":284,"r":10},"region_attributes":{"Type":"1","count":"3"}},{"shape_attributes":{"name":"circle","cx":199,"cy":284,"r":10},"region_attributes":{"Type":"2","count":"1"}},{"shape_attributes":{"name":"circle","cx":183,"cy":307,"r":10},"region_attributes":{"Type":"2","count":"6"}},{"shape_attributes":{"name":"circle","cx":182,"cy":326,"r":10},"region_attributes":{"Type":"1","count":"9"}},{"shape_attributes":{"name":"circle","cx":202,"cy":333,"r":10},"region_attributes":{"Type":"2","count":"3"}},{"shape_attributes":{"name":"circle","cx":90,"cy":359,"r":10},"region_attributes":{"Type":"2","count":"1"}},{"shape_attributes":{"name":"circle","cx":75,"cy":391,"r":10},"region_attributes":{"Type":"1","count":"2"}},{"shape_attributes":{"name":"circle","cx":138,"cy":361,"r":10},"region_attributes":{"Type":"1","count":"1"}},{"shape_attributes":{"name":"circle","cx":186,"cy":361,"r":10},"region_attributes":{"Type":"1","count":"5"}},{"shape_attributes":{"name":"circle","cx":201,"cy":361,"r":10},"region_attributes":{"Type":"2","count":"1"}},{"shape_attributes":{"name":"circle","cx":182,"cy":395,"r":10},"region_attributes":{"Type":"1","count":"1"}},{"shape_attributes":{"name":"circle","cx":197,"cy":409,"r":10},"region_attributes":{"Type":"1","count":"1"}},{"shape_attributes":{"name":"circle","cx":237,"cy":361,"r":10},"region_attributes":{"Type":"1","count":"2"}},{"shape_attributes":{"name":"circle","cx":236,"cy":379,"r":12.806},"region_attributes":{"Type":"2","count":"1"}},{"shape_attributes":{"name":"circle","cx":236,"cy":403,"r":10},"region_attributes":{"Type":"1","count":"4"}},{"shape_attributes":{"name":"circle","cx":105,"cy":473,"r":10},"region_attributes":{"Type":"1","count":"2"}},{"shape_attributes":{"name":"circle","cx":317,"cy":465,"r":10},"region_attributes":{"Type":"1","count":"1"}},{"shape_attributes":{"name":"circle","cx":364,"cy":461,"r":10},"region_attributes":{"Type":"1","count":"1"}},{"shape_attributes":{"name":"circle","cx":407,"cy":179,"r":10},"region_attributes":{"Type":"1","count":"1"}},{"shape_attributes":{"name":"circle","cx":454,"cy":166,"r":10},"region_attributes":{"Type":"2","count":"1"}},{"shape_attributes":{"name":"circle","cx":572,"cy":130,"r":10},"region_attributes":{"Type":"1","count":"1"}},{"shape_attributes":{"name":"circle","cx":680,"cy":155,"r":10},"region_attributes":{"Type":"1","count":"1"}},{"shape_attributes":{"name":"circle","cx":422,"cy":205,"r":10},"region_attributes":{"Type":"2","count":"1"}},{"shape_attributes":{"name":"circle","cx":428,"cy":222,"r":10},"region_attributes":{"Type":"1","count":"2"}},{"shape_attributes":{"name":"circle","cx":424,"cy":242,"r":10},"region_attributes":{"Type":"2","count":"2"}},{"shape_attributes":{"name":"circle","cx":469,"cy":359,"r":10},"region_attributes":{"Type":"1","count":"1"}},{"shape_attributes":{"name":"circle","cx":452,"cy":385,"r":10},"region_attributes":{"Type":"1","count":"6"}},{"shape_attributes":{"name":"circle","cx":452,"cy":402,"r":10},"region_attributes":{"Type":"2","count":"1"}},{"shape_attributes":{"name":"circle","cx":482,"cy":405,"r":10},"region_attributes":{"Type":"1","count":"1"}},{"shape_attributes":{"name":"circle","cx":398,"cy":465,"r":10},"region_attributes":{"Type":"1","count":"5"}},{"shape_attributes":{"name":"circle","cx":410,"cy":483,"r":10},"region_attributes":{"Type":"1","count":"1"}},{"shape_attributes":{"name":"circle","cx":543,"cy":332,"r":10},"region_attributes":{"Type":"2","count":"3"}},{"shape_attributes":{"name":"circle","cx":571,"cy":361,"r":10},"region_attributes":{"Type":"2","count":"2"}},{"shape_attributes":{"name":"circle","cx":696,"cy":160,"r":10},"region_attributes":{"Type":"3","count":"3"}},{"shape_attributes":{"name":"circle","cx":699,"cy":174,"r":10},"region_attributes":{"Type":"1","count":"2"}},{"shape_attributes":{"name":"circle","cx":710,"cy":101,"r":10},"region_attributes":{"Type":"3","count":"1"}},{"shape_attributes":{"name":"circle","cx":650,"cy":385,"r":10},"region_attributes":{"Type":"1","count":"1"}},{"shape_attributes":{"name":"circle","cx":705,"cy":360,"r":10},"region_attributes":{"Type":"1","count":"1"}},{"shape_attributes":{"name":"circle","cx":612,"cy":436,"r":10},"region_attributes":{"Type":"2","count":"1"}},{"shape_attributes":{"name":"circle","cx":598,"cy":450,"r":10},"region_attributes":{"Type":"1","count":"4"}},{"shape_attributes":{"name":"circle","cx":596,"cy":472,"r":10},"region_attributes":{"Type":"2","count":"1"}},{"shape_attributes":{"name":"circle","cx":612,"cy":485,"r":10},"region_attributes":{"Type":"1","count":"2"}},{"shape_attributes":{"name":"circle","cx":650,"cy":449,"r":10},"region_attributes":{"Type":"1","count":"1"}},{"shape_attributes":{"name":"circle","cx":664,"cy":487,"r":10},"region_attributes":{"Type":"1","count":"1"}},{"shape_attributes":{"name":"circle","cx":707,"cy":453,"r":10},"region_attributes":{"Type":"1","count":"3"}}],"file_attributes":{"date":"2021-11-23","temp":"61","rain":"2","neighborhood":"East Village","total_count":""}},"https://drive.google.com/uc?export=view&id=1Yx7z3xyj9cD1G2Ku24s_vcgTq838S5Wx\n":{"filename":"https://drive.google.com/uc?export=view&id=1Yx7z3xyj9cD1G2Ku24s_vcgTq838S5Wx\n","size":-1,"regions":[{"shape_attributes":{"name":"circle","cx":144,"cy":293,"r":10},"region_attributes":{"Type":"1","count":"11"}},{"shape_attributes":{"name":"circle","cx":144,"cy":311,"r":10},"region_attributes":{"Type":"2","count":"8"}},{"shape_attributes":{"name":"circle","cx":166,"cy":289,"r":10},"region_attributes":{"Type":"1","count":"1"}},{"shape_attributes":{"name":"circle","cx":168,"cy":301,"r":10},"region_attributes":{"Type":"2","count":"3"}},{"shape_attributes":{"name":"circle","cx":147,"cy":331,"r":10},"region_attributes":{"Type":"1","count":"3"}},{"shape_attributes":{"name":"circle","cx":167,"cy":327,"r":10},"region_attributes":{"Type":"2","count":"2"}},{"shape_attributes":{"name":"circle","cx":198,"cy":285,"r":10},"region_attributes":{"Type":"1","count":"6"}},{"shape_attributes":{"name":"circle","cx":195,"cy":306,"r":10},"region_attributes":{"Type":"2","count":"9"}},{"shape_attributes":{"name":"circle","cx":200,"cy":327,"r":10},"region_attributes":{"Type":"1","count":"3"}},{"shape_attributes":{"name":"circle","cx":218,"cy":326,"r":10},"region_attributes":{"Type":"2","count":"2"}},{"shape_attributes":{"name":"circle","cx":208,"cy":356,"r":10},"region_attributes":{"Type":"1","count":"2"}},{"shape_attributes":{"name":"circle","cx":246,"cy":377,"r":10},"region_attributes":{"Type":"2","count":"1"}},{"shape_attributes":{"name":"circle","cx":270,"cy":379,"r":10},"region_attributes":{"Type":"1","count":"1"}},{"shape_attributes":{"name":"circle","cx":246,"cy":396,"r":10},"region_attributes":{"Type":"1","count":"1"}},{"shape_attributes":{"name":"circle","cx":308,"cy":356,"r":10},"region_attributes":{"Type":"1","count":"2"}},{"shape_attributes":{"name":"circle","cx":110,"cy":428,"r":10},"region_attributes":{"Type":"1","count":"2"}},{"shape_attributes":{"name":"circle","cx":146,"cy":423,"r":10},"region_attributes":{"Type":"1","count":"2"}},{"shape_attributes":{"name":"circle","cx":116,"cy":451,"r":10},"region_attributes":{"Type":"1","count":"2"}},{"shape_attributes":{"name":"circle","cx":267,"cy":461,"r":10},"region_attributes":{"Type":"1","count":"2"}},{"shape_attributes":{"name":"circle","cx":313,"cy":429,"r":10},"region_attributes":{"Type":"2","count":"1"}},{"shape_attributes":{"name":"circle","cx":284,"cy":463,"r":10},"region_attributes":{"Type":"1","count":"1"}},{"shape_attributes":{"name":"circle","cx":321,"cy":449,"r":10},"region_attributes":{"Type":"1","count":"1"}},{"shape_attributes":{"name":"circle","cx":448,"cy":161,"r":10},"region_attributes":{"Type":"1","count":"1"}},{"shape_attributes":{"name":"circle","cx":449,"cy":179,"r":10},"region_attributes":{"Type":"2","count":"1"}},{"shape_attributes":{"name":"circle","cx":396,"cy":221,"r":10},"region_attributes":{"Type":"1","count":"1"}},{"shape_attributes":{"name":"circle","cx":593,"cy":183,"r":10},"region_attributes":{"Type":"1","count":"1"}},{"shape_attributes":{"name":"circle","cx":658,"cy":165,"r":10},"region_attributes":{"Type":"1","count":"1"}},{"shape_attributes":{"name":"circle","cx":673,"cy":165,"r":10},"region_attributes":{"Type":"1","count":"1"}},{"shape_attributes":{"name":"circle","cx":684,"cy":116,"r":10},"region_attributes":{"Type":"3","count":"3"}},{"shape_attributes":{"name":"circle","cx":606,"cy":282,"r":10},"region_attributes":{"Type":"1","count":"1"}},{"shape_attributes":{"name":"circle","cx":544,"cy":329,"r":10},"region_attributes":{"Type":"1","count":"3"}},{"shape_attributes":{"name":"circle","cx":546,"cy":353,"r":10},"region_attributes":{"Type":"2","count":"1"}},{"shape_attributes":{"name":"circle","cx":444,"cy":367,"r":10},"region_attributes":{"Type":"1","count":"1"}},{"shape_attributes":{"name":"circle","cx":447,"cy":385,"r":10},"region_attributes":{"Type":"2","count":"1"}},{"shape_attributes":{"name":"circle","cx":470,"cy":381,"r":10},"region_attributes":{"Type":"1","count":"1"}},{"shape_attributes":{"name":"circle","cx":464,"cy":399,"r":10},"region_attributes":{"Type":"1","count":"2"}},{"shape_attributes":{"name":"circle","cx":402,"cy":428,"r":10},"region_attributes":{"Type":"1","count":"1"}},{"shape_attributes":{"name":"circle","cx":504,"cy":399,"r":10},"region_attributes":{"Type":"1","count":"1"}},{"shape_attributes":{"name":"circle","cx":656,"cy":365,"r":10},"region_attributes":{"Type":"2","count":"1"}},{"shape_attributes":{"name":"circle","cx":632,"cy":386,"r":10},"region_attributes":{"Type":"1","count":"1"}},{"shape_attributes":{"name":"circle","cx":583,"cy":431,"r":10},"region_attributes":{"Type":"2","count":"4"}},{"shape_attributes":{"name":"circle","cx":604,"cy":423,"r":10},"region_attributes":{"Type":"1","count":"1"}},{"shape_attributes":{"name":"circle","cx":608,"cy":459,"r":10},"region_attributes":{"Type":"1","count":"1"}},{"shape_attributes":{"name":"circle","cx":600,"cy":471,"r":10},"region_attributes":{"Type":"2","count":"1"}},{"shape_attributes":{"name":"circle","cx":581,"cy":472,"r":10},"region_attributes":{"Type":"1","count":"9"}}],"file_attributes":{"date":"2021-12-22","temp":"54","rain":"2","neighborhood":"East Village","total_count":""}}},"_via_attributes":{"region":{"Type":{"type":"dropdown","description":"","options":{"1":"Individual","2":"Structure","3":"Vehicle"},"default_options":{}},"count":{"type":"text","description":"","default_value":""}},"file":{"date":{"type":"text","description":"","default_value":""},"temp":{"type":"text","description":"","default_value":""},"rain":{"type":"dropdown","description":"","options":{"1":"rain","2":"clear"},"default_options":{"2":true}},"neighborhood":{"type":"text","description":"","default_value":"East Village"},"total_count":{"type":"text","description":"","default_value":""}}},"_via_data_format_version":"2.0.10","_via_image_id_list":["https://drive.google.com/uc?export=view&id=1P-99KGv2QOerVrwIya1OO_rslVRvFTEX\n","https://drive.google.com/uc?export=view&id=1E-rqKtmpl6ctbo6TOpJt5qLaCeaC0LQz\n","https://drive.google.com/uc?export=view&id=15KR9PvnzMmBqK9EJM9XCX_ofRzauAM_c\n","https://drive.google.com/uc?export=view&id=1A90uJvViHXDXuHX2EF3M7IBkOg2MM--k\n","https://drive.google.com/uc?export=view&id=1ZIAx8yEhyotF8dyfmpTAwT9sXpMbMgdc\n","https://drive.google.com/uc?export=view&id=1xhv82ZGXauHF6BoSEozqHXTfgB5p9-1l\n","https://drive.google.com/uc?export=view&id=1Xy-jCfOGxR-1YtWPsVyDcPrHvDel_Nd0\n","https://drive.google.com/uc?export=view&id=1qzG4-qufZj61sJNA3IjWOKOVzKQLIlsc\n","https://drive.google.com/uc?export=view&id=1EIxcZFlQKzCS3NVnngPnXiWhWR2Cd3KV\n","https://drive.google.com/uc?export=view&id=17u-u5Cfi3KgctfnUCXQca05RmbMosKQI\n","https://drive.google.com/uc?export=view&id=1trG7IalPt7HVmiA7vLtCXb4JbGTP_DJi\n","https://drive.google.com/uc?export=view&id=1Yx7z3xyj9cD1G2Ku24s_vcgTq838S5Wx\n"]}