{"_via_settings":{"ui":{"annotation_editor_height":25,"annotation_editor_fontsize":0.8,"leftsidebar_width":18,"image_grid":{"img_height":80,"rshape_fill":"none","rshape_fill_opacity":0.3,"rshape_stroke":"yellow","rshape_stroke_width":2,"show_region_shape":true,"show_image_policy":"all"},"image":{"region_label":"__via_region_id__","region_color":"__via_default_region_color__","region_label_font":"1px Sans","on_image_annotation_editor_placement":"NEAR_REGION"}},"core":{"buffer_size":"18","filepath":{},"default_filepath":""},"project":{"name":"East Village South_2019_changed"}},"_via_img_metadata":{"https://drive.google.com/uc?export=view&id=1wHGZOjlTowBNVs-a0EQctuy6pqKaZjZX\n":{"filename":"https://drive.google.com/uc?export=view&id=1wHGZOjlTowBNVs-a0EQctuy6pqKaZjZX\n","size":-1,"regions":[{"shape_attributes":{"name":"circle","cx":100,"cy":238,"r":8.944},"region_attributes":{"Type":"2","count":"2"}},{"shape_attributes":{"name":"circle","cx":86,"cy":224,"r":12.083},"region_attributes":{"Type":"1","count":"1"}},{"shape_attributes":{"name":"circle","cx":137,"cy":188,"r":12.806248474865697},"region_attributes":{"Type":"1","count":"6"}},{"shape_attributes":{"name":"circle","cx":160,"cy":194,"r":10.606601717798213},"region_attributes":{"Type":"2","count":"1"}},{"shape_attributes":{"name":"circle","cx":293,"cy":185,"r":15.297},"region_attributes":{"Type":"1","count":"1"}},{"shape_attributes":{"name":"circle","cx":202,"cy":249,"r":18.82153022471871},"region_attributes":{"Type":"1","count":"1"}},{"shape_attributes":{"name":"circle","cx":229,"cy":460,"r":14.534441853748634},"region_attributes":{"Type":"1","count":"1"}},{"shape_attributes":{"name":"circle","cx":323,"cy":313,"r":13.601},"region_attributes":{"Type":"1","count":"1"}},{"shape_attributes":{"name":"circle","cx":347,"cy":384,"r":11.672617529928752},"region_attributes":{"Type":"2","count":"2"}},{"shape_attributes":{"name":"circle","cx":354,"cy":410,"r":8.48528137423857},"region_attributes":{"Type":"1","count":"3"}},{"shape_attributes":{"name":"circle","cx":331,"cy":167,"r":15.620499351813308},"region_attributes":{"Type":"1","count":"1"}},{"shape_attributes":{"name":"circle","cx":386,"cy":174,"r":20.700241544484452},"region_attributes":{"Type":"1","count":"5"}},{"shape_attributes":{"name":"circle","cx":375,"cy":229,"r":15.691},"region_attributes":{"Type":"1","count":"3"}},{"shape_attributes":{"name":"circle","cx":400,"cy":250,"r":14.981},"region_attributes":{"Type":"2","count":"3"}},{"shape_attributes":{"name":"circle","cx":436,"cy":184,"r":10.022},"region_attributes":{"Type":"1","count":"4"}},{"shape_attributes":{"name":"circle","cx":450,"cy":163,"r":17.804493814764857},"region_attributes":{"Type":"2","count":"2"}},{"shape_attributes":{"name":"circle","cx":458,"cy":453,"r":10.995},"region_attributes":{"Type":"1","count":"19"}},{"shape_attributes":{"name":"circle","cx":448,"cy":388,"r":17.67766952966369},"region_attributes":{"Type":"1","count":"4"}},{"shape_attributes":{"name":"circle","cx":490,"cy":314,"r":18.062391868188442},"region_attributes":{"Type":"2","count":"3"}},{"shape_attributes":{"name":"circle","cx":516,"cy":314,"r":13.209844813622906},"region_attributes":{"Type":"1","count":"6"}},{"shape_attributes":{"name":"circle","cx":472,"cy":482,"r":14.159802258506296},"region_attributes":{"Type":"2","count":"1"}},{"shape_attributes":{"name":"circle","cx":520,"cy":456,"r":4.714},"region_attributes":{"Type":"1","count":"3"}},{"shape_attributes":{"name":"circle","cx":508,"cy":495,"r":17.92344832893492},"region_attributes":{"Type":"1","count":"3"}},{"shape_attributes":{"name":"circle","cx":560,"cy":462,"r":20.700241544484452},"region_attributes":{"Type":"1","count":"3"}},{"shape_attributes":{"name":"circle","cx":587,"cy":466,"r":9.5524865872714},"region_attributes":{"Type":"3","count":"1"}},{"shape_attributes":{"name":"circle","cx":611,"cy":493,"r":16.278820596099706},"region_attributes":{"Type":"3","count":"1"}},{"shape_attributes":{"name":"circle","cx":344,"cy":297,"r":12},"region_attributes":{"Type":"1","count":"9\n"}},{"shape_attributes":{"name":"circle","cx":311,"cy":353,"r":10},"region_attributes":{"Type":"1","count":"1"}},{"shape_attributes":{"name":"circle","cx":361,"cy":322,"r":10},"region_attributes":{"Type":"1","count":"1"}},{"shape_attributes":{"name":"circle","cx":342,"cy":334,"r":10},"region_attributes":{"Type":"1","count":"1"}},{"shape_attributes":{"name":"circle","cx":114,"cy":249,"r":10},"region_attributes":{"Type":"2","count":"2"}},{"shape_attributes":{"name":"circle","cx":106,"cy":219,"r":11},"region_attributes":{"Type":"1","count":"1"}},{"shape_attributes":{"name":"circle","cx":276,"cy":199,"r":13},"region_attributes":{"Type":"1","count":"1"}},{"shape_attributes":{"name":"circle","cx":373,"cy":253,"r":10},"region_attributes":{"Type":"1","count":"11"}},{"shape_attributes":{"name":"circle","cx":437,"cy":200,"r":9},"region_attributes":{"Type":"1","count":"4"}},{"shape_attributes":{"name":"circle","cx":511,"cy":460,"r":12},"region_attributes":{"Type":"2","count":"3"}},{"shape_attributes":{"name":"circle","cx":434,"cy":463,"r":13},"region_attributes":{"Type":"1","count":"1"}},{"shape_attributes":{"name":"circle","cx":542,"cy":183,"r":17},"region_attributes":{"Type":"2","count":"2"}},{"shape_attributes":{"name":"circle","cx":624,"cy":158,"r":19},"region_attributes":{"Type":"1","count":"1"}},{"shape_attributes":{"name":"circle","cx":556,"cy":160,"r":11},"region_attributes":{"Type":"1","count":"1"}},{"shape_attributes":{"name":"circle","cx":574,"cy":168,"r":12},"region_attributes":{"Type":"1","count":"6"}},{"shape_attributes":{"name":"circle","cx":557,"cy":202,"r":11},"region_attributes":{"Type":"1","count":"2"}},{"shape_attributes":{"name":"circle","cx":572,"cy":194,"r":15},"region_attributes":{"Type":"2","count":"1"}},{"shape_attributes":{"name":"circle","cx":587,"cy":179,"r":12},"region_attributes":{"Type":"3","count":"2"}},{"shape_attributes":{"name":"circle","cx":596,"cy":158,"r":16},"region_attributes":{"Type":"2","count":"8"}},{"shape_attributes":{"name":"circle","cx":602,"cy":196,"r":16},"region_attributes":{"Type":"1","count":"12"}},{"shape_attributes":{"name":"circle","cx":626,"cy":204,"r":14},"region_attributes":{"Type":"1","count":"3"}},{"shape_attributes":{"name":"circle","cx":611,"cy":227,"r":12},"region_attributes":{"Type":"1","count":"3"}},{"shape_attributes":{"name":"circle","cx":603,"cy":246,"r":11},"region_attributes":{"Type":"1","count":"4"}},{"shape_attributes":{"name":"circle","cx":620,"cy":242,"r":17},"region_attributes":{"Type":"1","count":"3"}},{"shape_attributes":{"name":"circle","cx":646,"cy":232,"r":17},"region_attributes":{"Type":"3","count":"1"}},{"shape_attributes":{"name":"circle","cx":553,"cy":271,"r":15},"region_attributes":{"Type":"1","count":"5"}},{"shape_attributes":{"name":"circle","cx":541,"cy":287,"r":15},"region_attributes":{"Type":"1","count":"6"}},{"shape_attributes":{"name":"circle","cx":549,"cy":310,"r":15},"region_attributes":{"Type":"2","count":"2"}},{"shape_attributes":{"name":"circle","cx":573,"cy":295,"r":13},"region_attributes":{"Type":"2","count":"1"}},{"shape_attributes":{"name":"circle","cx":575,"cy":319,"r":15},"region_attributes":{"Type":"1","count":"3"}},{"shape_attributes":{"name":"circle","cx":648,"cy":280,"r":13},"region_attributes":{"Type":"2","count":"7"}},{"shape_attributes":{"name":"circle","cx":652,"cy":299,"r":11},"region_attributes":{"Type":"1","count":"5"}},{"shape_attributes":{"name":"circle","cx":624,"cy":291,"r":14},"region_attributes":{"Type":"1","count":"7"}},{"shape_attributes":{"name":"circle","cx":608,"cy":273,"r":19},"region_attributes":{"Type":"1","count":"4"}},{"shape_attributes":{"name":"circle","cx":590,"cy":287,"r":14},"region_attributes":{"Type":"2","count":"1"}},{"shape_attributes":{"name":"circle","cx":605,"cy":302,"r":17},"region_attributes":{"Type":"2","count":"4"}},{"shape_attributes":{"name":"circle","cx":602,"cy":326,"r":14},"region_attributes":{"Type":"3","count":"1"}},{"shape_attributes":{"name":"circle","cx":614,"cy":343,"r":22},"region_attributes":{"Type":"1","count":"1"}},{"shape_attributes":{"name":"circle","cx":639,"cy":363,"r":22},"region_attributes":{"Type":"2","count":"8"}},{"shape_attributes":{"name":"circle","cx":589,"cy":355,"r":16},"region_attributes":{"Type":"1","count":"1"}},{"shape_attributes":{"name":"circle","cx":616,"cy":388,"r":14},"region_attributes":{"Type":"1","count":"25"}},{"shape_attributes":{"name":"circle","cx":586,"cy":395,"r":18},"region_attributes":{"Type":"2","count":"3"}},{"shape_attributes":{"name":"circle","cx":618,"cy":427,"r":12},"region_attributes":{"Type":"1","count":"10"}},{"shape_attributes":{"name":"circle","cx":598,"cy":427,"r":13},"region_attributes":{"Type":"1","count":"18"}},{"shape_attributes":{"name":"circle","cx":371,"cy":275,"r":11},"region_attributes":{"Type":"1","count":"1"}},{"shape_attributes":{"name":"circle","cx":397,"cy":279,"r":19},"region_attributes":{"Type":"1","count":"2"}},{"shape_attributes":{"name":"circle","cx":375,"cy":299,"r":16},"region_attributes":{"Type":"1","count":"11"}}],"file_attributes":{"date":"2019-01-31","temp":"55","rain":"2","neighborhood":"East Village South","total_count":""}},"https://drive.google.com/uc?export=view&id=1DN5H9WPniifEgJGxClvw4fnse2OiD1tP\n":{"filename":"https://drive.google.com/uc?export=view&id=1DN5H9WPniifEgJGxClvw4fnse2OiD1tP\n","size":-1,"regions":[{"shape_attributes":{"name":"circle","cx":137,"cy":236,"r":31.32491021535417},"region_attributes":{"Type":"1","count":"3"}},{"shape_attributes":{"name":"circle","cx":141,"cy":220,"r":32.311},"region_attributes":{"Type":"2","count":"2"}},{"shape_attributes":{"name":"circle","cx":168,"cy":337,"r":11.715374513859981},"region_attributes":{"Type":"1","count":"2"}},{"shape_attributes":{"name":"circle","cx":269,"cy":166,"r":18.601075237738275},"region_attributes":{"Type":"1","count":"2"}},{"shape_attributes":{"name":"circle","cx":356,"cy":160,"r":15.116216457830975},"region_attributes":{"Type":"1","count":"1"}},{"shape_attributes":{"name":"circle","cx":260,"cy":457,"r":26.248809496813376},"region_attributes":{"Type":"2","count":"1"}},{"shape_attributes":{"name":"circle","cx":296,"cy":447,"r":13.124404748406688},"region_attributes":{"Type":"1","count":"2"}},{"shape_attributes":{"name":"circle","cx":491,"cy":348,"r":9.7082439194738},"region_attributes":{"Type":"3","count":"1"}},{"shape_attributes":{"name":"circle","cx":409,"cy":250,"r":12.619429464123963},"region_attributes":{"Type":"2","count":"3"}},{"shape_attributes":{"name":"circle","cx":546,"cy":470,"r":17.7341478509682},"region_attributes":{"Type":"2","count":"3"}},{"shape_attributes":{"name":"circle","cx":641,"cy":496,"r":18.82153022471871},"region_attributes":{"Type":"3","count":"2"}},{"shape_attributes":{"name":"circle","cx":658,"cy":362,"r":10.606601717798213},"region_attributes":{"Type":"2","count":"8"}},{"shape_attributes":{"name":"circle","cx":460,"cy":186,"r":17.205},"region_attributes":{"Type":"1","count":"4"}},{"shape_attributes":{"name":"circle","cx":456,"cy":238,"r":13.200378782444085},"region_attributes":{"Type":"2","count":"3"}},{"shape_attributes":{"name":"circle","cx":586,"cy":179,"r":17.69180601295413},"region_attributes":{"Type":"2","count":"4"}},{"shape_attributes":{"name":"circle","cx":608,"cy":182,"r":6.5},"region_attributes":{"Type":"1","count":"8"}},{"shape_attributes":{"name":"circle","cx":622,"cy":172,"r":10.793516572461451},"region_attributes":{"Type":"3","count":"3"}},{"shape_attributes":{"name":"circle","cx":636,"cy":172,"r":13.209844813622906},"region_attributes":{"Type":"2","count":"4"}},{"shape_attributes":{"name":"circle","cx":670,"cy":230,"r":6.519202405202649},"region_attributes":{"Type":"3","count":"1"}},{"shape_attributes":{"name":"circle","cx":506,"cy":304,"r":13.209844813622906},"region_attributes":{"Type":"1","count":"4"}},{"shape_attributes":{"name":"circle","cx":538,"cy":308,"r":12.103718436910205},"region_attributes":{"Type":"2","count":"4"}},{"shape_attributes":{"name":"circle","cx":684,"cy":282,"r":12.419742348374221},"region_attributes":{"Type":"2","count":"6"}},{"shape_attributes":{"name":"circle","cx":658,"cy":300,"r":18.66815470259447},"region_attributes":{"Type":"1","count":"10"}},{"shape_attributes":{"name":"circle","cx":636,"cy":306,"r":13.45362404707371},"region_attributes":{"Type":"2","count":"5"}},{"shape_attributes":{"name":"circle","cx":658,"cy":321,"r":21.66217902243447},"region_attributes":{"Type":"3","count":"4"}},{"shape_attributes":{"name":"circle","cx":372,"cy":310,"r":13.209844813622906},"region_attributes":{"Type":"1","count":"9"}},{"shape_attributes":{"name":"circle","cx":104,"cy":196,"r":40},"region_attributes":{"Type":"2","count":"1"}},{"shape_attributes":{"name":"circle","cx":431,"cy":159,"r":15},"region_attributes":{"Type":"1","count":"1"}},{"shape_attributes":{"name":"circle","cx":408,"cy":181,"r":16},"region_attributes":{"Type":"1","count":"4"}},{"shape_attributes":{"name":"circle","cx":423,"cy":202,"r":14},"region_attributes":{"Type":"1","count":"1"}},{"shape_attributes":{"name":"circle","cx":405,"cy":219,"r":17},"region_attributes":{"Type":"1","count":"5"}},{"shape_attributes":{"name":"circle","cx":431,"cy":230,"r":15},"region_attributes":{"Type":"1","count":"1"}},{"shape_attributes":{"name":"circle","cx":406,"cy":292,"r":15},"region_attributes":{"Type":"1","count":"7"}},{"shape_attributes":{"name":"circle","cx":431,"cy":318,"r":16},"region_attributes":{"Type":"2","count":"1"}},{"shape_attributes":{"name":"circle","cx":404,"cy":334,"r":19},"region_attributes":{"Type":"2","count":"3"}},{"shape_attributes":{"name":"circle","cx":397,"cy":358,"r":19},"region_attributes":{"Type":"1","count":"8"}},{"shape_attributes":{"name":"circle","cx":411,"cy":380,"r":16},"region_attributes":{"Type":"1","count":"2"}},{"shape_attributes":{"name":"circle","cx":401,"cy":401,"r":17},"region_attributes":{"Type":"1","count":"3"}},{"shape_attributes":{"name":"circle","cx":470,"cy":345,"r":21},"region_attributes":{"Type":"1","count":"3"}},{"shape_attributes":{"name":"circle","cx":444,"cy":349,"r":12},"region_attributes":{"Type":"1","count":"1"}},{"shape_attributes":{"name":"circle","cx":461,"cy":378,"r":18},"region_attributes":{"Type":"1","count":"13"}},{"shape_attributes":{"name":"circle","cx":461,"cy":421,"r":16},"region_attributes":{"Type":"1","count":"1"}},{"shape_attributes":{"name":"circle","cx":452,"cy":470,"r":17},"region_attributes":{"Type":"1","count":"3"}},{"shape_attributes":{"name":"circle","cx":451,"cy":486,"r":14},"region_attributes":{"Type":"2","count":"1"}},{"shape_attributes":{"name":"circle","cx":500,"cy":455,"r":16},"region_attributes":{"Type":"1","count":"4"}},{"shape_attributes":{"name":"circle","cx":557,"cy":446,"r":22},"region_attributes":{"Type":"1","count":"18"}},{"shape_attributes":{"name":"circle","cx":599,"cy":457,"r":26.249},"region_attributes":{"Type":"1","count":"1"}},{"shape_attributes":{"name":"circle","cx":578,"cy":485,"r":23},"region_attributes":{"Type":"1","count":"1"}},{"shape_attributes":{"name":"circle","cx":653,"cy":464,"r":21},"region_attributes":{"Type":"1","count":"1"}},{"shape_attributes":{"name":"circle","cx":653,"cy":389,"r":20},"region_attributes":{"Type":"1","count":"25"}},{"shape_attributes":{"name":"circle","cx":651,"cy":424,"r":14},"region_attributes":{"Type":"1","count":"5"}},{"shape_attributes":{"name":"circle","cx":628,"cy":413,"r":23},"region_attributes":{"Type":"1","count":"9"}},{"shape_attributes":{"name":"circle","cx":559,"cy":191,"r":15},"region_attributes":{"Type":"1","count":"2"}},{"shape_attributes":{"name":"circle","cx":583,"cy":202,"r":14},"region_attributes":{"Type":"1","count":"5"}},{"shape_attributes":{"name":"circle","cx":604,"cy":197,"r":17},"region_attributes":{"Type":"1","count":"1"}},{"shape_attributes":{"name":"circle","cx":634,"cy":199,"r":18},"region_attributes":{"Type":"1","count":"4"}},{"shape_attributes":{"name":"circle","cx":653,"cy":166,"r":16},"region_attributes":{"Type":"1","count":"1"}},{"shape_attributes":{"name":"circle","cx":642,"cy":222,"r":17},"region_attributes":{"Type":"1","count":"2"}},{"shape_attributes":{"name":"circle","cx":604,"cy":233,"r":18},"region_attributes":{"Type":"1","count":"1"}},{"shape_attributes":{"name":"circle","cx":640,"cy":248,"r":18},"region_attributes":{"Type":"1","count":"1"}},{"shape_attributes":{"name":"circle","cx":603,"cy":273,"r":11},"region_attributes":{"Type":"1","count":"4"}},{"shape_attributes":{"name":"circle","cx":581,"cy":286,"r":15},"region_attributes":{"Type":"2","count":"2"}},{"shape_attributes":{"name":"circle","cx":609,"cy":295,"r":15},"region_attributes":{"Type":"2","count":"3"}},{"shape_attributes":{"name":"circle","cx":586,"cy":307,"r":18},"region_attributes":{"Type":"1","count":"7"}},{"shape_attributes":{"name":"circle","cx":596,"cy":335,"r":15},"region_attributes":{"Type":"1","count":"7"}},{"shape_attributes":{"name":"circle","cx":631,"cy":338,"r":17},"region_attributes":{"Type":"1","count":"9"}},{"shape_attributes":{"name":"circle","cx":688,"cy":299,"r":13},"region_attributes":{"Type":"1","count":"1"}}],"file_attributes":{"date":"2019-02-27","temp":"55","rain":"2","neighborhood":"East Village South","total_count":""}},"https://drive.google.com/uc?export=view&id=1Dzv5TYimConjzgzlXWpSUt8NnYSJkJty\n":{"filename":"https://drive.google.com/uc?export=view&id=1Dzv5TYimConjzgzlXWpSUt8NnYSJkJty\n","size":-1,"regions":[{"shape_attributes":{"name":"circle","cx":139,"cy":362,"r":12.806248474865697},"region_attributes":{"Type":"1","count":"1"}},{"shape_attributes":{"name":"circle","cx":138,"cy":238,"r":13.82931668593933},"region_attributes":{"Type":"2","count":"2"}},{"shape_attributes":{"name":"circle","cx":408,"cy":284,"r":15.572411502397436},"region_attributes":{"Type":"1","count":"3"}},{"shape_attributes":{"name":"circle","cx":514,"cy":448,"r":13.509256086106296},"region_attributes":{"Type":"1","count":"11"}},{"shape_attributes":{"name":"circle","cx":580,"cy":163,"r":13.647344063956181},"region_attributes":{"Type":"2","count":"11"}},{"shape_attributes":{"name":"circle","cx":581,"cy":194,"r":11.313708498984761},"region_attributes":{"Type":"1","count":"15"}},{"shape_attributes":{"name":"circle","cx":605,"cy":184,"r":10.735455276791944},"region_attributes":{"Type":"2","count":"6"}},{"shape_attributes":{"name":"circle","cx":614,"cy":179,"r":12.5},"region_attributes":{"Type":"3","count":"3"}},{"shape_attributes":{"name":"circle","cx":638,"cy":171,"r":17.327723451163457},"region_attributes":{"Type":"2","count":"2"}},{"shape_attributes":{"name":"circle","cx":632,"cy":191,"r":15.811388300841896},"region_attributes":{"Type":"1","count":"7"}},{"shape_attributes":{"name":"circle","cx":640,"cy":218,"r":8.845903006477066},"region_attributes":{"Type":"2","count":"1"}},{"shape_attributes":{"name":"circle","cx":670,"cy":230,"r":13.200378782444085},"region_attributes":{"Type":"3","count":"1"}},{"shape_attributes":{"name":"circle","cx":688,"cy":262,"r":9.219544457292887},"region_attributes":{"Type":"3","count":"1"}},{"shape_attributes":{"name":"circle","cx":630,"cy":308,"r":7.905694150420948},"region_attributes":{"Type":"2","count":"2"}},{"shape_attributes":{"name":"circle","cx":676,"cy":278,"r":9.5524865872714},"region_attributes":{"Type":"2","count":"1"}},{"shape_attributes":{"name":"circle","cx":688,"cy":292,"r":9.300537618869138},"region_attributes":{"Type":"1","count":"1"}},{"shape_attributes":{"name":"circle","cx":632,"cy":338,"r":14.115594213493104},"region_attributes":{"Type":"1","count":"9"}},{"shape_attributes":{"name":"circle","cx":648,"cy":336,"r":13.200378782444085},"region_attributes":{"Type":"2","count":"1"}},{"shape_attributes":{"name":"circle","cx":676,"cy":360,"r":14.773286702694158},"region_attributes":{"Type":"1","count":"25"}},{"shape_attributes":{"name":"circle","cx":632,"cy":384,"r":17.029386365926403},"region_attributes":{"Type":"1","count":"13"}},{"shape_attributes":{"name":"circle","cx":636,"cy":400,"r":18.560711193270585},"region_attributes":{"Type":"2","count":"1"}},{"shape_attributes":{"name":"circle","cx":640,"cy":418,"r":13.46291201783626},"region_attributes":{"Type":"1","count":"5"}},{"shape_attributes":{"name":"circle","cx":666,"cy":462,"r":15.890248582070704},"region_attributes":{"Type":"3","count":"1"}},{"shape_attributes":{"name":"circle","cx":644,"cy":476,"r":9.013878188659973},"region_attributes":{"Type":"1","count":"2"}},{"shape_attributes":{"name":"circle","cx":637,"cy":498,"r":9.013878188659973},"region_attributes":{"Type":"3","count":"1"}},{"shape_attributes":{"name":"circle","cx":619,"cy":462,"r":13.416407864998739},"region_attributes":{"Type":"3","count":"1"}},{"shape_attributes":{"name":"circle","cx":604,"cy":476,"r":10},"region_attributes":{"Type":"1","count":"1"}},{"shape_attributes":{"name":"circle","cx":536,"cy":481,"r":10.965856099730654},"region_attributes":{"Type":"1","count":"2"}},{"shape_attributes":{"name":"circle","cx":367,"cy":361,"r":20},"region_attributes":{"Type":"1","count":"1"}},{"shape_attributes":{"name":"circle","cx":222,"cy":247,"r":19},"region_attributes":{"Type":"1","count":"1"}},{"shape_attributes":{"name":"circle","cx":177,"cy":245,"r":16},"region_attributes":{"Type":"1","count":"1"}},{"shape_attributes":{"name":"circle","cx":172,"cy":200,"r":18},"region_attributes":{"Type":"2","count":"1"}},{"shape_attributes":{"name":"circle","cx":123,"cy":181,"r":25},"region_attributes":{"Type":"2","count":"1"}},{"shape_attributes":{"name":"circle","cx":110,"cy":217,"r":19},"region_attributes":{"Type":"1","count":"1"}},{"shape_attributes":{"name":"circle","cx":139,"cy":215,"r":16},"region_attributes":{"Type":"1","count":"2"}},{"shape_attributes":{"name":"circle","cx":140,"cy":258,"r":13},"region_attributes":{"Type":"1","count":"1"}},{"shape_attributes":{"name":"circle","cx":461,"cy":153,"r":21},"region_attributes":{"Type":"1","count":"4"}},{"shape_attributes":{"name":"circle","cx":416,"cy":158,"r":18},"region_attributes":{"Type":"1","count":"3"}},{"shape_attributes":{"name":"circle","cx":370,"cy":174,"r":15},"region_attributes":{"Type":"1","count":"1"}},{"shape_attributes":{"name":"circle","cx":398,"cy":179,"r":21},"region_attributes":{"Type":"1","count":"2"}},{"shape_attributes":{"name":"circle","cx":456,"cy":188,"r":18},"region_attributes":{"Type":"1","count":"2"}},{"shape_attributes":{"name":"circle","cx":452,"cy":227,"r":29},"region_attributes":{"Type":"1","count":"2"}},{"shape_attributes":{"name":"circle","cx":417,"cy":226,"r":22},"region_attributes":{"Type":"1","count":"1"}},{"shape_attributes":{"name":"circle","cx":420,"cy":254,"r":14},"region_attributes":{"Type":"1","count":"2"}},{"shape_attributes":{"name":"circle","cx":390,"cy":336,"r":20},"region_attributes":{"Type":"1","count":"1"}},{"shape_attributes":{"name":"circle","cx":410,"cy":331,"r":24.083},"region_attributes":{"Type":"1","count":"1"}},{"shape_attributes":{"name":"circle","cx":504,"cy":250,"r":33.615},"region_attributes":{"Type":"1","count":"1"}},{"shape_attributes":{"name":"circle","cx":440,"cy":368,"r":20},"region_attributes":{"Type":"1","count":"1"}},{"shape_attributes":{"name":"circle","cx":420,"cy":418,"r":20},"region_attributes":{"Type":"1","count":"1"}},{"shape_attributes":{"name":"circle","cx":452,"cy":419,"r":20},"region_attributes":{"Type":"1","count":"1"}},{"shape_attributes":{"name":"circle","cx":475,"cy":379,"r":20},"region_attributes":{"Type":"1","count":"1"}},{"shape_attributes":{"name":"circle","cx":165,"cy":293,"r":20},"region_attributes":{"Type":"1","count":"1"}},{"shape_attributes":{"name":"circle","cx":474,"cy":350,"r":16},"region_attributes":{"Type":"1","count":"4"}},{"shape_attributes":{"name":"circle","cx":478,"cy":405,"r":18},"region_attributes":{"Type":"1","count":"3"}},{"shape_attributes":{"name":"circle","cx":443,"cy":328,"r":20},"region_attributes":{"Type":"1","count":"1"}},{"shape_attributes":{"name":"circle","cx":523,"cy":299,"r":25},"region_attributes":{"Type":"1","count":"3"}},{"shape_attributes":{"name":"circle","cx":535,"cy":238,"r":25},"region_attributes":{"Type":"1","count":"5"}},{"shape_attributes":{"name":"circle","cx":624,"cy":234,"r":13},"region_attributes":{"Type":"1","count":"2"}},{"shape_attributes":{"name":"circle","cx":648,"cy":233,"r":25},"region_attributes":{"Type":"1","count":"3"}},{"shape_attributes":{"name":"circle","cx":627,"cy":276,"r":22},"region_attributes":{"Type":"1","count":"1"}},{"shape_attributes":{"name":"circle","cx":655,"cy":279,"r":17},"region_attributes":{"Type":"1","count":"2"}},{"shape_attributes":{"name":"circle","cx":651,"cy":306,"r":18},"region_attributes":{"Type":"1","count":"6"}},{"shape_attributes":{"name":"circle","cx":655,"cy":360,"r":22},"region_attributes":{"Type":"1","count":"24"}},{"shape_attributes":{"name":"circle","cx":471,"cy":444,"r":16},"region_attributes":{"Type":"1","count":"2"}},{"shape_attributes":{"name":"circle","cx":451,"cy":475,"r":15},"region_attributes":{"Type":"1","count":"3"}},{"shape_attributes":{"name":"circle","cx":490,"cy":467,"r":15},"region_attributes":{"Type":"1","count":"7"}},{"shape_attributes":{"name":"circle","cx":580,"cy":444,"r":15},"region_attributes":{"Type":"1","count":"2"}},{"shape_attributes":{"name":"circle","cx":552,"cy":442,"r":16},"region_attributes":{"Type":"1","count":"26"}},{"shape_attributes":{"name":"circle","cx":559,"cy":463,"r":13},"region_attributes":{"Type":"2","count":"1"}},{"shape_attributes":{"name":"circle","cx":486,"cy":434,"r":23},"region_attributes":{"Type":"1","count":"1"}}],"file_attributes":{"date":"2019-03-01","temp":"","rain":"2","neighborhood":"East Village South","total_count":""}},"https://drive.google.com/uc?export=view&id=1jVNf9p7bFEiASOk06ATNhnlspe4MFl8r\n":{"filename":"https://drive.google.com/uc?export=view&id=1jVNf9p7bFEiASOk06ATNhnlspe4MFl8r\n","size":-1,"regions":[{"shape_attributes":{"name":"circle","cx":138,"cy":198,"r":15.945218719101975},"region_attributes":{"Type":"2","count":"1"}},{"shape_attributes":{"name":"circle","cx":148,"cy":256,"r":7.5},"region_attributes":{"Type":"2","count":"4"}},{"shape_attributes":{"name":"circle","cx":195,"cy":204,"r":11.40175425099138},"region_attributes":{"Type":"2","count":"2"}},{"shape_attributes":{"name":"circle","cx":320,"cy":186,"r":16.263455967290593},"region_attributes":{"Type":"1","count":"2"}},{"shape_attributes":{"name":"circle","cx":409,"cy":228,"r":7.433034373659253},"region_attributes":{"Type":"2","count":"2"}},{"shape_attributes":{"name":"circle","cx":406,"cy":400,"r":17.67766952966369},"region_attributes":{"Type":"1","count":"6"}},{"shape_attributes":{"name":"circle","cx":470,"cy":256,"r":13.209844813622906},"region_attributes":{"Type":"1","count":"6"}},{"shape_attributes":{"name":"circle","cx":480,"cy":403,"r":10.404326023342406},"region_attributes":{"Type":"2","count":"1"}},{"shape_attributes":{"name":"circle","cx":484,"cy":434,"r":8.514693182963201},"region_attributes":{"Type":"1","count":"9"}},{"shape_attributes":{"name":"circle","cx":507,"cy":460,"r":13.038},"region_attributes":{"Type":"2","count":"1"}},{"shape_attributes":{"name":"circle","cx":567,"cy":466,"r":10.816653826391969},"region_attributes":{"Type":"1","count":"24"}},{"shape_attributes":{"name":"circle","cx":582,"cy":463,"r":11.704699910719626},"region_attributes":{"Type":"3","count":"1"}},{"shape_attributes":{"name":"circle","cx":623,"cy":473,"r":12.041594578792296},"region_attributes":{"Type":"3","count":"1"}},{"shape_attributes":{"name":"circle","cx":698,"cy":472,"r":16.32482771731451},"region_attributes":{"Type":"1","count":"3"}},{"shape_attributes":{"name":"circle","cx":625,"cy":409,"r":16.278820596099706},"region_attributes":{"Type":"3","count":"1"}},{"shape_attributes":{"name":"circle","cx":665,"cy":357,"r":7.0710678118654755},"region_attributes":{"Type":"2","count":"4"}},{"shape_attributes":{"name":"circle","cx":594,"cy":316,"r":12.90348790056394},"region_attributes":{"Type":"2","count":"7"}},{"shape_attributes":{"name":"circle","cx":613,"cy":309,"r":10.770329614269007},"region_attributes":{"Type":"1","count":"13"}},{"shape_attributes":{"name":"circle","cx":642,"cy":316,"r":3.162},"region_attributes":{"Type":"2","count":"3"}},{"shape_attributes":{"name":"circle","cx":644,"cy":340,"r":11.423659658795863},"region_attributes":{"Type":"1","count":"5"}},{"shape_attributes":{"name":"circle","cx":622,"cy":186,"r":10.770329614269007},"region_attributes":{"Type":"3","count":"1"}},{"shape_attributes":{"name":"circle","cx":630,"cy":176,"r":15.953056133543816},"region_attributes":{"Type":"2","count":"6"}},{"shape_attributes":{"name":"circle","cx":634,"cy":198,"r":13.038404810405298},"region_attributes":{"Type":"1","count":"18"}},{"shape_attributes":{"name":"circle","cx":653,"cy":227,"r":10.816653826391969},"region_attributes":{"Type":"2","count":"1"}},{"shape_attributes":{"name":"circle","cx":124,"cy":225,"r":17},"region_attributes":{"Type":"1","count":"5"}},{"shape_attributes":{"name":"circle","cx":147,"cy":224,"r":15},"region_attributes":{"Type":"1","count":"6"}},{"shape_attributes":{"name":"circle","cx":172,"cy":173,"r":21},"region_attributes":{"Type":"1","count":"1"}},{"shape_attributes":{"name":"circle","cx":169,"cy":201,"r":16},"region_attributes":{"Type":"1","count":"1"}},{"shape_attributes":{"name":"circle","cx":191,"cy":239,"r":19},"region_attributes":{"Type":"1","count":"1"}},{"shape_attributes":{"name":"circle","cx":232,"cy":253,"r":18},"region_attributes":{"Type":"1","count":"2"}},{"shape_attributes":{"name":"circle","cx":339,"cy":282,"r":17},"region_attributes":{"Type":"1","count":"1"}},{"shape_attributes":{"name":"circle","cx":422,"cy":167,"r":18},"region_attributes":{"Type":"1","count":"2"}},{"shape_attributes":{"name":"circle","cx":465,"cy":163,"r":19},"region_attributes":{"Type":"1","count":"2"}},{"shape_attributes":{"name":"circle","cx":423,"cy":201,"r":12},"region_attributes":{"Type":"1","count":"1"}},{"shape_attributes":{"name":"circle","cx":474,"cy":199,"r":17},"region_attributes":{"Type":"1","count":"4"}},{"shape_attributes":{"name":"circle","cx":586,"cy":180,"r":14},"region_attributes":{"Type":"1","count":"3"}},{"shape_attributes":{"name":"circle","cx":570,"cy":200,"r":16},"region_attributes":{"Type":"1","count":"1"}},{"shape_attributes":{"name":"circle","cx":613,"cy":201,"r":23},"region_attributes":{"Type":"1","count":"2"}},{"shape_attributes":{"name":"circle","cx":635,"cy":242,"r":15},"region_attributes":{"Type":"1","count":"1"}},{"shape_attributes":{"name":"circle","cx":671,"cy":234,"r":19},"region_attributes":{"Type":"1","count":"4"}},{"shape_attributes":{"name":"circle","cx":420,"cy":221,"r":17},"region_attributes":{"Type":"1","count":"1"}},{"shape_attributes":{"name":"circle","cx":413,"cy":244,"r":36.235},"region_attributes":{"Type":"1","count":"28"}},{"shape_attributes":{"name":"circle","cx":436,"cy":244,"r":13},"region_attributes":{"Type":"1","count":"1"}},{"shape_attributes":{"name":"circle","cx":440,"cy":275,"r":30},"region_attributes":{"Type":"1","count":"1"}},{"shape_attributes":{"name":"circle","cx":358,"cy":318,"r":18},"region_attributes":{"Type":"1","count":"1"}},{"shape_attributes":{"name":"circle","cx":508,"cy":289,"r":18},"region_attributes":{"Type":"1","count":"1"}},{"shape_attributes":{"name":"circle","cx":663,"cy":285,"r":24},"region_attributes":{"Type":"1","count":"1"}},{"shape_attributes":{"name":"circle","cx":515,"cy":314,"r":15},"region_attributes":{"Type":"1","count":"2"}},{"shape_attributes":{"name":"circle","cx":559,"cy":315,"r":17},"region_attributes":{"Type":"1","count":"3"}},{"shape_attributes":{"name":"circle","cx":587,"cy":268,"r":19},"region_attributes":{"Type":"1","count":"1"}},{"shape_attributes":{"name":"circle","cx":578,"cy":293,"r":19},"region_attributes":{"Type":"2","count":"2"}},{"shape_attributes":{"name":"circle","cx":668,"cy":304,"r":17},"region_attributes":{"Type":"1","count":"5"}},{"shape_attributes":{"name":"circle","cx":651,"cy":318,"r":11},"region_attributes":{"Type":"1","count":"8"}},{"shape_attributes":{"name":"circle","cx":448,"cy":362,"r":19},"region_attributes":{"Type":"1","count":"1"}},{"shape_attributes":{"name":"circle","cx":482,"cy":377,"r":21},"region_attributes":{"Type":"1","count":"1"}},{"shape_attributes":{"name":"circle","cx":603,"cy":345,"r":20},"region_attributes":{"Type":"1","count":"3"}},{"shape_attributes":{"name":"circle","cx":602,"cy":380,"r":24},"region_attributes":{"Type":"1","count":"2"}},{"shape_attributes":{"name":"circle","cx":604,"cy":421,"r":16},"region_attributes":{"Type":"1","count":"2"}},{"shape_attributes":{"name":"circle","cx":636,"cy":375,"r":16},"region_attributes":{"Type":"1","count":"14"}},{"shape_attributes":{"name":"circle","cx":664,"cy":387,"r":17},"region_attributes":{"Type":"1","count":"17"}},{"shape_attributes":{"name":"circle","cx":682,"cy":363,"r":11},"region_attributes":{"Type":"1","count":"1"}},{"shape_attributes":{"name":"circle","cx":650,"cy":427,"r":14},"region_attributes":{"Type":"1","count":"13"}},{"shape_attributes":{"name":"circle","cx":647,"cy":491,"r":22},"region_attributes":{"Type":"3","count":"3"}},{"shape_attributes":{"name":"circle","cx":612,"cy":455,"r":14},"region_attributes":{"Type":"1","count":"1"}},{"shape_attributes":{"name":"circle","cx":610,"cy":486,"r":20},"region_attributes":{"Type":"1","count":"2"}},{"shape_attributes":{"name":"circle","cx":590,"cy":444,"r":18},"region_attributes":{"Type":"1","count":"1"}},{"shape_attributes":{"name":"circle","cx":533,"cy":446,"r":13},"region_attributes":{"Type":"1","count":"1"}},{"shape_attributes":{"name":"circle","cx":511,"cy":437,"r":17},"region_attributes":{"Type":"1","count":"1"}},{"shape_attributes":{"name":"circle","cx":500,"cy":477,"r":17},"region_attributes":{"Type":"1","count":"11"}}],"file_attributes":{"date":"2019-04-25","temp":"59","rain":"2","neighborhood":"East Village South","total_count":""}},"https://drive.google.com/uc?export=view&id=11pKEmV4VB1R6phes4dRALaXnnzWL9TqI\n":{"filename":"https://drive.google.com/uc?export=view&id=11pKEmV4VB1R6phes4dRALaXnnzWL9TqI\n","size":-1,"regions":[{"shape_attributes":{"name":"circle","cx":140,"cy":258,"r":13.656500283747663},"region_attributes":{"Type":"2","count":"4"}},{"shape_attributes":{"name":"circle","cx":454,"cy":253,"r":7.211102550927978},"region_attributes":{"Type":"2","count":"2"}},{"shape_attributes":{"name":"circle","cx":408,"cy":296,"r":13.209844813622906},"region_attributes":{"Type":"2","count":"2"}},{"shape_attributes":{"name":"circle","cx":474,"cy":359,"r":13.0862523283024},"region_attributes":{"Type":"2","count":"2"}},{"shape_attributes":{"name":"circle","cx":607,"cy":175,"r":15},"region_attributes":{"Type":"2","count":"1"}},{"shape_attributes":{"name":"circle","cx":597,"cy":196,"r":21.360009363293827},"region_attributes":{"Type":"1","count":"8"}},{"shape_attributes":{"name":"circle","cx":632,"cy":201,"r":12.041594578792296},"region_attributes":{"Type":"2","count":"11"}},{"shape_attributes":{"name":"circle","cx":604,"cy":218,"r":15.116216457830975},"region_attributes":{"Type":"3","count":"1"}},{"shape_attributes":{"name":"circle","cx":538,"cy":314,"r":10.700467279516348},"region_attributes":{"Type":"2","count":"2"}},{"shape_attributes":{"name":"circle","cx":558,"cy":282,"r":11.01135777277262},"region_attributes":{"Type":"1","count":"2"}},{"shape_attributes":{"name":"circle","cx":592,"cy":316,"r":12.103718436910205},"region_attributes":{"Type":"2","count":"2"}},{"shape_attributes":{"name":"circle","cx":646,"cy":315,"r":8.845903006477066},"region_attributes":{"Type":"2","count":"2"}},{"shape_attributes":{"name":"circle","cx":682,"cy":291,"r":16.91892431568863},"region_attributes":{"Type":"2","count":"3"}},{"shape_attributes":{"name":"circle","cx":658,"cy":356,"r":9.924716620639604},"region_attributes":{"Type":"2","count":"7"}},{"shape_attributes":{"name":"circle","cx":621,"cy":426,"r":13.46291201783626},"region_attributes":{"Type":"3","count":"1"}},{"shape_attributes":{"name":"circle","cx":676,"cy":472,"r":12.379418403139947},"region_attributes":{"Type":"1","count":"1"}},{"shape_attributes":{"name":"circle","cx":126,"cy":198,"r":16},"region_attributes":{"Type":"2","count":"1"}},{"shape_attributes":{"name":"circle","cx":137,"cy":181,"r":17},"region_attributes":{"Type":"1","count":"1"}},{"shape_attributes":{"name":"circle","cx":160,"cy":177,"r":16},"region_attributes":{"Type":"1","count":"1"}},{"shape_attributes":{"name":"circle","cx":190,"cy":166,"r":17},"region_attributes":{"Type":"1","count":"1"}},{"shape_attributes":{"name":"circle","cx":123,"cy":226,"r":21.954},"region_attributes":{"Type":"1","count":"1"}},{"shape_attributes":{"name":"circle","cx":177,"cy":200,"r":16},"region_attributes":{"Type":"2","count":"1"}},{"shape_attributes":{"name":"circle","cx":150,"cy":235,"r":14},"region_attributes":{"Type":"1","count":"5"}},{"shape_attributes":{"name":"circle","cx":320,"cy":166,"r":27},"region_attributes":{"Type":"1","count":"1"}},{"shape_attributes":{"name":"circle","cx":304,"cy":199,"r":14},"region_attributes":{"Type":"1","count":"1"}},{"shape_attributes":{"name":"circle","cx":217,"cy":255,"r":19},"region_attributes":{"Type":"1","count":"4"}},{"shape_attributes":{"name":"circle","cx":272,"cy":254,"r":13},"region_attributes":{"Type":"1","count":"1"}},{"shape_attributes":{"name":"circle","cx":262,"cy":412,"r":17},"region_attributes":{"Type":"1","count":"1"}},{"shape_attributes":{"name":"circle","cx":396,"cy":380,"r":17},"region_attributes":{"Type":"1","count":"5"}},{"shape_attributes":{"name":"circle","cx":446,"cy":369,"r":18},"region_attributes":{"Type":"1","count":"2"}},{"shape_attributes":{"name":"circle","cx":327,"cy":459,"r":15},"region_attributes":{"Type":"1","count":"1"}},{"shape_attributes":{"name":"circle","cx":343,"cy":481,"r":17},"region_attributes":{"Type":"1","count":"1"}},{"shape_attributes":{"name":"circle","cx":468,"cy":403,"r":21},"region_attributes":{"Type":"1","count":"14"}},{"shape_attributes":{"name":"circle","cx":430,"cy":411,"r":17},"region_attributes":{"Type":"1","count":"1"}},{"shape_attributes":{"name":"circle","cx":410,"cy":151,"r":20},"region_attributes":{"Type":"1","count":"2"}},{"shape_attributes":{"name":"circle","cx":397,"cy":183,"r":16},"region_attributes":{"Type":"1","count":"5"}},{"shape_attributes":{"name":"circle","cx":430,"cy":188,"r":17},"region_attributes":{"Type":"1","count":"3"}},{"shape_attributes":{"name":"circle","cx":463,"cy":159,"r":17},"region_attributes":{"Type":"1","count":"1"}},{"shape_attributes":{"name":"circle","cx":522,"cy":171,"r":20},"region_attributes":{"Type":"1","count":"1"}},{"shape_attributes":{"name":"circle","cx":479,"cy":182,"r":18},"region_attributes":{"Type":"1","count":"2"}},{"shape_attributes":{"name":"circle","cx":457,"cy":199,"r":15},"region_attributes":{"Type":"1","count":"2"}},{"shape_attributes":{"name":"circle","cx":472,"cy":222,"r":15},"region_attributes":{"Type":"1","count":"2"}},{"shape_attributes":{"name":"circle","cx":450,"cy":222,"r":16},"region_attributes":{"Type":"1","count":"2"}},{"shape_attributes":{"name":"circle","cx":485,"cy":243,"r":31},"region_attributes":{"Type":"1","count":"1"}},{"shape_attributes":{"name":"circle","cx":449,"cy":261,"r":19},"region_attributes":{"Type":"2","count":"2"}},{"shape_attributes":{"name":"circle","cx":466,"cy":274,"r":26},"region_attributes":{"Type":"1","count":"8"}},{"shape_attributes":{"name":"circle","cx":420,"cy":278,"r":17},"region_attributes":{"Type":"1","count":"2"}},{"shape_attributes":{"name":"circle","cx":396,"cy":317,"r":25},"region_attributes":{"Type":"1","count":"14"}},{"shape_attributes":{"name":"circle","cx":468,"cy":314,"r":12},"region_attributes":{"Type":"1","count":"1"}},{"shape_attributes":{"name":"circle","cx":509,"cy":316,"r":20},"region_attributes":{"Type":"1","count":"5"}},{"shape_attributes":{"name":"circle","cx":655,"cy":165,"r":17},"region_attributes":{"Type":"1","count":"1"}},{"shape_attributes":{"name":"circle","cx":635,"cy":180,"r":17},"region_attributes":{"Type":"1","count":"2"}},{"shape_attributes":{"name":"circle","cx":653,"cy":199,"r":18},"region_attributes":{"Type":"1","count":"1"}},{"shape_attributes":{"name":"circle","cx":645,"cy":226,"r":13},"region_attributes":{"Type":"1","count":"3"}},{"shape_attributes":{"name":"circle","cx":622,"cy":237,"r":7},"region_attributes":{"Type":"1","count":"7"}},{"shape_attributes":{"name":"circle","cx":659,"cy":245,"r":17},"region_attributes":{"Type":"1","count":"3"}},{"shape_attributes":{"name":"circle","cx":631,"cy":253,"r":20.616},"region_attributes":{"Type":"1","count":"2"}},{"shape_attributes":{"name":"circle","cx":582,"cy":287,"r":20},"region_attributes":{"Type":"1","count":"3"}},{"shape_attributes":{"name":"circle","cx":607,"cy":280,"r":22.023},"region_attributes":{"Type":"1","count":"5"}},{"shape_attributes":{"name":"circle","cx":656,"cy":286,"r":21},"region_attributes":{"Type":"1","count":"2"}},{"shape_attributes":{"name":"circle","cx":626,"cy":296,"r":10},"region_attributes":{"Type":"1","count":"1"}},{"shape_attributes":{"name":"circle","cx":626,"cy":315,"r":14},"region_attributes":{"Type":"1","count":"7"}},{"shape_attributes":{"name":"circle","cx":643,"cy":280,"r":14},"region_attributes":{"Type":"1","count":"2"}},{"shape_attributes":{"name":"circle","cx":652,"cy":293,"r":27},"region_attributes":{"Type":"1","count":"8"}},{"shape_attributes":{"name":"circle","cx":636,"cy":334,"r":17},"region_attributes":{"Type":"1","count":"8"}},{"shape_attributes":{"name":"circle","cx":601,"cy":354,"r":21},"region_attributes":{"Type":"1","count":"1"}},{"shape_attributes":{"name":"circle","cx":630,"cy":358,"r":14},"region_attributes":{"Type":"2","count":"1"}},{"shape_attributes":{"name":"circle","cx":622,"cy":377,"r":15},"region_attributes":{"Type":"1","count":"8"}},{"shape_attributes":{"name":"circle","cx":658,"cy":379,"r":20},"region_attributes":{"Type":"1","count":"26"}},{"shape_attributes":{"name":"circle","cx":633,"cy":402,"r":21},"region_attributes":{"Type":"1","count":"25"}},{"shape_attributes":{"name":"circle","cx":642,"cy":423,"r":15},"region_attributes":{"Type":"1","count":"5"}},{"shape_attributes":{"name":"circle","cx":492,"cy":467,"r":17},"region_attributes":{"Type":"1","count":"2"}},{"shape_attributes":{"name":"circle","cx":507,"cy":446,"r":18},"region_attributes":{"Type":"1","count":"5"}},{"shape_attributes":{"name":"circle","cx":534,"cy":451,"r":18},"region_attributes":{"Type":"1","count":"3"}},{"shape_attributes":{"name":"circle","cx":557,"cy":464,"r":16},"region_attributes":{"Type":"1","count":"16"}},{"shape_attributes":{"name":"circle","cx":589,"cy":461,"r":14},"region_attributes":{"Type":"1","count":"2"}},{"shape_attributes":{"name":"circle","cx":561,"cy":486,"r":23},"region_attributes":{"Type":"1","count":"1"}},{"shape_attributes":{"name":"circle","cx":593,"cy":497,"r":17},"region_attributes":{"Type":"3","count":"1"}},{"shape_attributes":{"name":"circle","cx":640,"cy":496,"r":19},"region_attributes":{"Type":"3","count":"6"}}],"file_attributes":{"date":"2019-05-29","temp":"60","rain":"2","neighborhood":"East Village South","total_count":""}},"https://drive.google.com/uc?export=view&id=1nAIkVB1Ro6nuJOy7kozmsgdVRDlD9uWo\n":{"filename":"https://drive.google.com/uc?export=view&id=1nAIkVB1Ro6nuJOy7kozmsgdVRDlD9uWo\n","size":-1,"regions":[{"shape_attributes":{"name":"circle","cx":199,"cy":172,"r":17.204650534085253},"region_attributes":{"Type":"1","count":"1"}},{"shape_attributes":{"name":"circle","cx":176,"cy":274,"r":10.259142264341596},"region_attributes":{"Type":"1","count":"1"}},{"shape_attributes":{"name":"circle","cx":179,"cy":219,"r":9.219544457292887},"region_attributes":{"Type":"1","count":"3"}},{"shape_attributes":{"name":"circle","cx":486,"cy":166,"r":22.677080940897135},"region_attributes":{"Type":"1","count":"3"}},{"shape_attributes":{"name":"circle","cx":500,"cy":184,"r":11.510864433221338},"region_attributes":{"Type":"3","count":"1"}},{"shape_attributes":{"name":"circle","cx":511,"cy":343,"r":12.727922061357855},"region_attributes":{"Type":"2","count":"5"}},{"shape_attributes":{"name":"circle","cx":500,"cy":438,"r":7.5},"region_attributes":{"Type":"2","count":"2"}},{"shape_attributes":{"name":"circle","cx":534,"cy":458,"r":10.700467279516348},"region_attributes":{"Type":"2","count":"1"}},{"shape_attributes":{"name":"circle","cx":682,"cy":480,"r":10.124228365658293},"region_attributes":{"Type":"3","count":"5"}},{"shape_attributes":{"name":"circle","cx":654,"cy":158,"r":9.82344135219425},"region_attributes":{"Type":"3","count":"1"}},{"shape_attributes":{"name":"circle","cx":652,"cy":160,"r":17.613914953808536},"region_attributes":{"Type":"2","count":"7"}},{"shape_attributes":{"name":"circle","cx":677,"cy":190,"r":18.24828759089466},"region_attributes":{"Type":"3","count":"1"}},{"shape_attributes":{"name":"circle","cx":718,"cy":260,"r":13.46291201783626},"region_attributes":{"Type":"2","count":"1"}},{"shape_attributes":{"name":"circle","cx":620,"cy":292,"r":12.349089035228468},"region_attributes":{"Type":"2","count":"3"}},{"shape_attributes":{"name":"circle","cx":666,"cy":288,"r":12.207},"region_attributes":{"Type":"1","count":"7"}},{"shape_attributes":{"name":"circle","cx":632,"cy":306,"r":10.307764064044152},"region_attributes":{"Type":"3","count":"1"}},{"shape_attributes":{"name":"circle","cx":712,"cy":322,"r":12.619429464123963},"region_attributes":{"Type":"2","count":"1"}},{"shape_attributes":{"name":"circle","cx":718,"cy":343,"r":9.219544457292887},"region_attributes":{"Type":"1","count":"1"}},{"shape_attributes":{"name":"circle","cx":696,"cy":352,"r":14.705441169852742},"region_attributes":{"Type":"2","count":"6"}},{"shape_attributes":{"name":"circle","cx":658,"cy":339,"r":15.652475842498529},"region_attributes":{"Type":"3","count":"1"}},{"shape_attributes":{"name":"circle","cx":689,"cy":408,"r":12.529964086141668},"region_attributes":{"Type":"1","count":"6"}},{"shape_attributes":{"name":"circle","cx":666,"cy":402,"r":10.700467279516348},"region_attributes":{"Type":"2","count":"3"}},{"shape_attributes":{"name":"circle","cx":156,"cy":173,"r":18},"region_attributes":{"Type":"1","count":"1"}},{"shape_attributes":{"name":"circle","cx":155,"cy":207,"r":21},"region_attributes":{"Type":"2","count":"6"}},{"shape_attributes":{"name":"circle","cx":308,"cy":213,"r":18},"region_attributes":{"Type":"1","count":"1"}},{"shape_attributes":{"name":"circle","cx":263,"cy":241,"r":18.439},"region_attributes":{"Type":"1","count":"1"}},{"shape_attributes":{"name":"circle","cx":403,"cy":162,"r":20},"region_attributes":{"Type":"1","count":"1"}},{"shape_attributes":{"name":"circle","cx":463,"cy":148,"r":20},"region_attributes":{"Type":"1","count":"1"}},{"shape_attributes":{"name":"circle","cx":448,"cy":234,"r":20},"region_attributes":{"Type":"1","count":"1"}},{"shape_attributes":{"name":"circle","cx":521,"cy":217,"r":20},"region_attributes":{"Type":"1","count":"1"}},{"shape_attributes":{"name":"circle","cx":440,"cy":277,"r":20},"region_attributes":{"Type":"1","count":"1"}},{"shape_attributes":{"name":"circle","cx":243,"cy":235,"r":20},"region_attributes":{"Type":"1","count":"1"}},{"shape_attributes":{"name":"circle","cx":489,"cy":316,"r":31},"region_attributes":{"Type":"1","count":"1"}},{"shape_attributes":{"name":"circle","cx":442,"cy":319,"r":13},"region_attributes":{"Type":"1","count":"2"}},{"shape_attributes":{"name":"circle","cx":430,"cy":362,"r":26},"region_attributes":{"Type":"1","count":"3"}},{"shape_attributes":{"name":"circle","cx":440,"cy":170,"r":16},"region_attributes":{"Type":"1","count":"3"}},{"shape_attributes":{"name":"circle","cx":473,"cy":356,"r":20},"region_attributes":{"Type":"1","count":"2"}},{"shape_attributes":{"name":"circle","cx":508,"cy":376,"r":18},"region_attributes":{"Type":"1","count":"8"}},{"shape_attributes":{"name":"circle","cx":473,"cy":391,"r":26},"region_attributes":{"Type":"1","count":"1"}},{"shape_attributes":{"name":"circle","cx":540,"cy":404,"r":16},"region_attributes":{"Type":"1","count":"1"}},{"shape_attributes":{"name":"circle","cx":530,"cy":432,"r":15},"region_attributes":{"Type":"1","count":"10"}},{"shape_attributes":{"name":"circle","cx":558,"cy":432,"r":16},"region_attributes":{"Type":"1","count":"11"}},{"shape_attributes":{"name":"circle","cx":511,"cy":446,"r":15},"region_attributes":{"Type":"1","count":"3"}},{"shape_attributes":{"name":"circle","cx":506,"cy":423,"r":12},"region_attributes":{"Type":"1","count":"2"}},{"shape_attributes":{"name":"circle","cx":620,"cy":181,"r":13},"region_attributes":{"Type":"1","count":"4"}},{"shape_attributes":{"name":"circle","cx":642,"cy":184,"r":14},"region_attributes":{"Type":"1","count":"6"}},{"shape_attributes":{"name":"circle","cx":678,"cy":145,"r":16},"region_attributes":{"Type":"1","count":"2"}},{"shape_attributes":{"name":"circle","cx":697,"cy":199,"r":14},"region_attributes":{"Type":"1","count":"13"}},{"shape_attributes":{"name":"circle","cx":657,"cy":194,"r":17},"region_attributes":{"Type":"1","count":"4"}},{"shape_attributes":{"name":"circle","cx":664,"cy":222,"r":23},"region_attributes":{"Type":"1","count":"8"}},{"shape_attributes":{"name":"circle","cx":624,"cy":254,"r":17},"region_attributes":{"Type":"1","count":"2"}},{"shape_attributes":{"name":"circle","cx":606,"cy":273,"r":15},"region_attributes":{"Type":"1","count":"1"}},{"shape_attributes":{"name":"circle","cx":643,"cy":272,"r":17},"region_attributes":{"Type":"1","count":"8"}},{"shape_attributes":{"name":"circle","cx":686,"cy":261,"r":16},"region_attributes":{"Type":"1","count":"1"}},{"shape_attributes":{"name":"circle","cx":699,"cy":288,"r":16},"region_attributes":{"Type":"1","count":"4"}},{"shape_attributes":{"name":"circle","cx":682,"cy":268,"r":16},"region_attributes":{"Type":"2","count":"1"}},{"shape_attributes":{"name":"circle","cx":675,"cy":308,"r":17},"region_attributes":{"Type":"1","count":"9"}},{"shape_attributes":{"name":"circle","cx":680,"cy":328,"r":18},"region_attributes":{"Type":"1","count":"23"}},{"shape_attributes":{"name":"circle","cx":689,"cy":384,"r":16},"region_attributes":{"Type":"1","count":"19"}},{"shape_attributes":{"name":"circle","cx":665,"cy":363,"r":16},"region_attributes":{"Type":"1","count":"19"}},{"shape_attributes":{"name":"circle","cx":663,"cy":448,"r":20},"region_attributes":{"Type":"1","count":"1"}},{"shape_attributes":{"name":"circle","cx":687,"cy":443,"r":21.471},"region_attributes":{"Type":"1","count":"1"}},{"shape_attributes":{"name":"circle","cx":662,"cy":453,"r":18},"region_attributes":{"Type":"1","count":"4"}},{"shape_attributes":{"name":"circle","cx":620,"cy":429,"r":11},"region_attributes":{"Type":"1","count":"1"}},{"shape_attributes":{"name":"circle","cx":594,"cy":432,"r":13},"region_attributes":{"Type":"1","count":"6"}},{"shape_attributes":{"name":"circle","cx":572,"cy":456,"r":14},"region_attributes":{"Type":"1","count":"1"}},{"shape_attributes":{"name":"circle","cx":594,"cy":453,"r":9},"region_attributes":{"Type":"1","count":"1"}},{"shape_attributes":{"name":"circle","cx":616,"cy":460,"r":17},"region_attributes":{"Type":"1","count":"5"}}],"file_attributes":{"date":"2019-06-26","temp":"63","rain":"2","neighborhood":"East Village South","total_count":""}},"https://drive.google.com/uc?export=view&id=1yfSTkXQyf93qtvEiyPdXfCBD7YFBANBQ\n":{"filename":"https://drive.google.com/uc?export=view&id=1yfSTkXQyf93qtvEiyPdXfCBD7YFBANBQ\n","size":-1,"regions":[{"shape_attributes":{"name":"circle","cx":122,"cy":178,"r":13.46291201783626},"region_attributes":{"Type":"1","count":"1"}},{"shape_attributes":{"name":"circle","cx":146,"cy":202,"r":12.90348790056394},"region_attributes":{"Type":"2","count":"2"}},{"shape_attributes":{"name":"circle","cx":124,"cy":230,"r":12.747548783981962},"region_attributes":{"Type":"1","count":"1"}},{"shape_attributes":{"name":"circle","cx":176,"cy":220,"r":22.192341021172147},"region_attributes":{"Type":"1","count":"4"}},{"shape_attributes":{"name":"circle","cx":220,"cy":257,"r":14.150971698084906},"region_attributes":{"Type":"1","count":"1"}},{"shape_attributes":{"name":"circle","cx":293,"cy":229,"r":9.433981132056603},"region_attributes":{"Type":"1","count":"1"}},{"shape_attributes":{"name":"circle","cx":437,"cy":233,"r":10.295630140987},"region_attributes":{"Type":"3","count":"1"}},{"shape_attributes":{"name":"circle","cx":254,"cy":485,"r":11.715374513859981},"region_attributes":{"Type":"1","count":"1"}},{"shape_attributes":{"name":"circle","cx":476,"cy":294,"r":18.9010581714358},"region_attributes":{"Type":"1","count":"8"}},{"shape_attributes":{"name":"circle","cx":470,"cy":337,"r":13.793114224133722},"region_attributes":{"Type":"1","count":"2"}},{"shape_attributes":{"name":"circle","cx":483,"cy":358,"r":13.793114224133722},"region_attributes":{"Type":"2","count":"1"}},{"shape_attributes":{"name":"circle","cx":480,"cy":398,"r":15.660459763365825},"region_attributes":{"Type":"1","count":"11"}},{"shape_attributes":{"name":"circle","cx":492,"cy":404,"r":12.776932339180638},"region_attributes":{"Type":"3","count":"1"}},{"shape_attributes":{"name":"circle","cx":480,"cy":428,"r":12.103718436910205},"region_attributes":{"Type":"2","count":"5"}},{"shape_attributes":{"name":"circle","cx":513,"cy":322,"r":16.00781059358212},"region_attributes":{"Type":"1","count":"3"}},{"shape_attributes":{"name":"circle","cx":534,"cy":314,"r":14.603081866510234},"region_attributes":{"Type":"2","count":"1"}},{"shape_attributes":{"name":"circle","cx":564,"cy":288,"r":11.800423721205947},"region_attributes":{"Type":"1","count":"1"}},{"shape_attributes":{"name":"circle","cx":678,"cy":183,"r":9.219544457292887},"region_attributes":{"Type":"3","count":"1"}},{"shape_attributes":{"name":"circle","cx":655,"cy":213,"r":15.132745950421556},"region_attributes":{"Type":"3","count":"1"}},{"shape_attributes":{"name":"circle","cx":624,"cy":191,"r":13.341664064126334},"region_attributes":{"Type":"3","count":"1"}},{"shape_attributes":{"name":"circle","cx":615,"cy":192,"r":10.307764064044152},"region_attributes":{"Type":"2","count":"2"}},{"shape_attributes":{"name":"circle","cx":587,"cy":300,"r":11.715374513859981},"region_attributes":{"Type":"1","count":"13"}},{"shape_attributes":{"name":"circle","cx":684,"cy":286,"r":13.82931668593933},"region_attributes":{"Type":"3","count":"1"}},{"shape_attributes":{"name":"circle","cx":644,"cy":314,"r":11.335784048754634},"region_attributes":{"Type":"2","count":"4"}},{"shape_attributes":{"name":"circle","cx":646,"cy":342,"r":10.307764064044152},"region_attributes":{"Type":"1","count":"19"}},{"shape_attributes":{"name":"circle","cx":684,"cy":345,"r":9.7082439194738},"region_attributes":{"Type":"2","count":"1"}},{"shape_attributes":{"name":"circle","cx":680,"cy":364,"r":8.276472678623424},"region_attributes":{"Type":"1","count":"1"}},{"shape_attributes":{"name":"circle","cx":648,"cy":363,"r":17.00735135169495},"region_attributes":{"Type":"2","count":"9"}},{"shape_attributes":{"name":"circle","cx":647,"cy":412,"r":15.041608956491324},"region_attributes":{"Type":"2","count":"7"}},{"shape_attributes":{"name":"circle","cx":648,"cy":428,"r":14.089002803605371},"region_attributes":{"Type":"1","count":"12"}},{"shape_attributes":{"name":"circle","cx":690,"cy":406,"r":12.5},"region_attributes":{"Type":"1","count":"8"}},{"shape_attributes":{"name":"circle","cx":683,"cy":426,"r":11.313708498984761},"region_attributes":{"Type":"2","count":"1"}},{"shape_attributes":{"name":"circle","cx":686,"cy":468,"r":10.124228365658293},"region_attributes":{"Type":"1","count":"1"}},{"shape_attributes":{"name":"circle","cx":656,"cy":501,"r":14.317821063276353},"region_attributes":{"Type":"2","count":"5"}},{"shape_attributes":{"name":"circle","cx":144,"cy":314,"r":21},"region_attributes":{"Type":"1","count":"1"}},{"shape_attributes":{"name":"circle","cx":118,"cy":351,"r":17},"region_attributes":{"Type":"1","count":"3"}},{"shape_attributes":{"name":"circle","cx":265,"cy":196,"r":26},"region_attributes":{"Type":"1","count":"2"}},{"shape_attributes":{"name":"circle","cx":314,"cy":188,"r":16},"region_attributes":{"Type":"1","count":"1"}},{"shape_attributes":{"name":"circle","cx":331,"cy":202,"r":18},"region_attributes":{"Type":"1","count":"1"}},{"shape_attributes":{"name":"circle","cx":358,"cy":169,"r":20},"region_attributes":{"Type":"1","count":"1"}},{"shape_attributes":{"name":"circle","cx":421,"cy":160,"r":20},"region_attributes":{"Type":"1","count":"2"}},{"shape_attributes":{"name":"circle","cx":381,"cy":197,"r":19},"region_attributes":{"Type":"1","count":"1"}},{"shape_attributes":{"name":"circle","cx":466,"cy":167,"r":15},"region_attributes":{"Type":"1","count":"1"}},{"shape_attributes":{"name":"circle","cx":439,"cy":198,"r":21},"region_attributes":{"Type":"1","count":"2"}},{"shape_attributes":{"name":"circle","cx":475,"cy":198,"r":21},"region_attributes":{"Type":"1","count":"3"}},{"shape_attributes":{"name":"circle","cx":410,"cy":188,"r":19},"region_attributes":{"Type":"1","count":"7"}},{"shape_attributes":{"name":"circle","cx":591,"cy":189,"r":13},"region_attributes":{"Type":"1","count":"1"}},{"shape_attributes":{"name":"circle","cx":610,"cy":170,"r":15},"region_attributes":{"Type":"1","count":"3"}},{"shape_attributes":{"name":"circle","cx":647,"cy":168,"r":21},"region_attributes":{"Type":"1","count":"4"}},{"shape_attributes":{"name":"circle","cx":641,"cy":249,"r":18},"region_attributes":{"Type":"1","count":"11"}},{"shape_attributes":{"name":"circle","cx":666,"cy":244,"r":24},"region_attributes":{"Type":"1","count":"3"}},{"shape_attributes":{"name":"circle","cx":632,"cy":220,"r":16},"region_attributes":{"Type":"1","count":"11"}},{"shape_attributes":{"name":"circle","cx":609,"cy":240,"r":13},"region_attributes":{"Type":"1","count":"1"}},{"shape_attributes":{"name":"circle","cx":687,"cy":443,"r":20},"region_attributes":{"Type":"1","count":"1"}},{"shape_attributes":{"name":"circle","cx":600,"cy":255,"r":18},"region_attributes":{"Type":"1","count":"1"}},{"shape_attributes":{"name":"circle","cx":474,"cy":257,"r":15},"region_attributes":{"Type":"1","count":"5"}},{"shape_attributes":{"name":"circle","cx":455,"cy":246,"r":15},"region_attributes":{"Type":"1","count":"1"}},{"shape_attributes":{"name":"circle","cx":425,"cy":251,"r":16},"region_attributes":{"Type":"1","count":"1"}},{"shape_attributes":{"name":"circle","cx":401,"cy":235,"r":18},"region_attributes":{"Type":"1","count":"1"}},{"shape_attributes":{"name":"circle","cx":386,"cy":294,"r":15},"region_attributes":{"Type":"1","count":"1"}},{"shape_attributes":{"name":"circle","cx":413,"cy":299,"r":13},"region_attributes":{"Type":"1","count":"2"}},{"shape_attributes":{"name":"circle","cx":341,"cy":371,"r":20},"region_attributes":{"Type":"1","count":"1"}},{"shape_attributes":{"name":"circle","cx":305,"cy":379,"r":19},"region_attributes":{"Type":"1","count":"1"}},{"shape_attributes":{"name":"circle","cx":421,"cy":342,"r":14},"region_attributes":{"Type":"1","count":"10"}},{"shape_attributes":{"name":"circle","cx":390,"cy":335,"r":17},"region_attributes":{"Type":"1","count":"1"}},{"shape_attributes":{"name":"circle","cx":442,"cy":363,"r":19},"region_attributes":{"Type":"1","count":"1"}},{"shape_attributes":{"name":"circle","cx":526,"cy":339,"r":16},"region_attributes":{"Type":"1","count":"1"}},{"shape_attributes":{"name":"circle","cx":395,"cy":388,"r":19},"region_attributes":{"Type":"1","count":"2"}},{"shape_attributes":{"name":"circle","cx":425,"cy":394,"r":13},"region_attributes":{"Type":"1","count":"1"}},{"shape_attributes":{"name":"circle","cx":452,"cy":390,"r":25},"region_attributes":{"Type":"1","count":"2"}},{"shape_attributes":{"name":"circle","cx":433,"cy":426,"r":16},"region_attributes":{"Type":"1","count":"1"}},{"shape_attributes":{"name":"circle","cx":409,"cy":428,"r":22},"region_attributes":{"Type":"1","count":"1"}},{"shape_attributes":{"name":"circle","cx":611,"cy":282,"r":15},"region_attributes":{"Type":"2","count":"1"}},{"shape_attributes":{"name":"circle","cx":656,"cy":278,"r":15},"region_attributes":{"Type":"1","count":"2"}},{"shape_attributes":{"name":"circle","cx":633,"cy":276,"r":19},"region_attributes":{"Type":"1","count":"3"}},{"shape_attributes":{"name":"circle","cx":660,"cy":300,"r":19},"region_attributes":{"Type":"1","count":"14"}},{"shape_attributes":{"name":"circle","cx":610,"cy":304,"r":17},"region_attributes":{"Type":"1","count":"8"}},{"shape_attributes":{"name":"circle","cx":591,"cy":318,"r":20},"region_attributes":{"Type":"2","count":"2"}},{"shape_attributes":{"name":"circle","cx":670,"cy":473,"r":13},"region_attributes":{"Type":"3","count":"1"}},{"shape_attributes":{"name":"circle","cx":658,"cy":457,"r":17},"region_attributes":{"Type":"1","count":"1"}},{"shape_attributes":{"name":"circle","cx":603,"cy":357,"r":16},"region_attributes":{"Type":"1","count":"2"}},{"shape_attributes":{"name":"circle","cx":623,"cy":372,"r":17},"region_attributes":{"Type":"3","count":"1"}},{"shape_attributes":{"name":"circle","cx":603,"cy":405,"r":14},"region_attributes":{"Type":"1","count":"1"}},{"shape_attributes":{"name":"circle","cx":622,"cy":415,"r":17},"region_attributes":{"Type":"3","count":"2"}},{"shape_attributes":{"name":"circle","cx":661,"cy":388,"r":17},"region_attributes":{"Type":"1","count":"44"}},{"shape_attributes":{"name":"circle","cx":637,"cy":390,"r":15},"region_attributes":{"Type":"1","count":"21"}},{"shape_attributes":{"name":"circle","cx":604,"cy":455,"r":13},"region_attributes":{"Type":"1","count":"4"}},{"shape_attributes":{"name":"circle","cx":603,"cy":514,"r":19},"region_attributes":{"Type":"3","count":"1"}},{"shape_attributes":{"name":"circle","cx":626,"cy":462,"r":19},"region_attributes":{"Type":"3","count":"1"}},{"shape_attributes":{"name":"circle","cx":608,"cy":485,"r":13},"region_attributes":{"Type":"1","count":"2"}},{"shape_attributes":{"name":"circle","cx":587,"cy":483,"r":20},"region_attributes":{"Type":"1","count":"1"}},{"shape_attributes":{"name":"circle","cx":567,"cy":457,"r":15},"region_attributes":{"Type":"1","count":"5"}},{"shape_attributes":{"name":"circle","cx":515,"cy":454,"r":13},"region_attributes":{"Type":"1","count":"8"}},{"shape_attributes":{"name":"circle","cx":543,"cy":446,"r":14},"region_attributes":{"Type":"1","count":"2"}},{"shape_attributes":{"name":"circle","cx":550,"cy":476,"r":17},"region_attributes":{"Type":"1","count":"2"}},{"shape_attributes":{"name":"circle","cx":501,"cy":466,"r":16},"region_attributes":{"Type":"1","count":"12"}},{"shape_attributes":{"name":"circle","cx":515,"cy":490,"r":21},"region_attributes":{"Type":"1","count":"1"}},{"shape_attributes":{"name":"circle","cx":452,"cy":452,"r":16},"region_attributes":{"Type":"1","count":"3"}},{"shape_attributes":{"name":"circle","cx":478,"cy":468,"r":26},"region_attributes":{"Type":"1","count":"7"}}],"file_attributes":{"date":"2019-07-24","temp":"73","rain":"2","neighborhood":"East Village South","total_count":""}},"https://drive.google.com/uc?export=view&id=1EOFIpk5WmL98YgxODPxbJ7tHkHU-IIkY\n":{"filename":"https://drive.google.com/uc?export=view&id=1EOFIpk5WmL98YgxODPxbJ7tHkHU-IIkY\n","size":-1,"regions":[{"shape_attributes":{"name":"circle","cx":151,"cy":244,"r":16.00781059358212},"region_attributes":{"Type":"2","count":"1"}},{"shape_attributes":{"name":"circle","cx":144,"cy":402,"r":10.606601717798213},"region_attributes":{"Type":"1","count":"1"}},{"shape_attributes":{"name":"circle","cx":178,"cy":192,"r":13.729530217745982},"region_attributes":{"Type":"1","count":"1"}},{"shape_attributes":{"name":"circle","cx":310,"cy":304,"r":11.672617529928752},"region_attributes":{"Type":"1","count":"1"}},{"shape_attributes":{"name":"circle","cx":292,"cy":478,"r":14.916433890176299},"region_attributes":{"Type":"1","count":"1"}},{"shape_attributes":{"name":"circle","cx":385,"cy":389,"r":17.204650534085253},"region_attributes":{"Type":"2","count":"2"}},{"shape_attributes":{"name":"circle","cx":408,"cy":367,"r":13.124404748406688},"region_attributes":{"Type":"1","count":"14"}},{"shape_attributes":{"name":"circle","cx":406,"cy":290,"r":12.5},"region_attributes":{"Type":"1","count":"2"}},{"shape_attributes":{"name":"circle","cx":496,"cy":318,"r":9.5524865872714},"region_attributes":{"Type":"1","count":"2"}},{"shape_attributes":{"name":"circle","cx":470,"cy":345,"r":11.926860441876563},"region_attributes":{"Type":"2","count":"2"}},{"shape_attributes":{"name":"circle","cx":454,"cy":348,"r":19.144189719076646},"region_attributes":{"Type":"1","count":"2"}},{"shape_attributes":{"name":"circle","cx":468,"cy":464,"r":9.86154146165801},"region_attributes":{"Type":"1","count":"5"}},{"shape_attributes":{"name":"circle","cx":600,"cy":191,"r":10},"region_attributes":{"Type":"2","count":"2"}},{"shape_attributes":{"name":"circle","cx":648,"cy":186,"r":14.916433890176299},"region_attributes":{"Type":"2","count":"1"}},{"shape_attributes":{"name":"circle","cx":620,"cy":210,"r":10.51189802081432},"region_attributes":{"Type":"2","count":"4"}},{"shape_attributes":{"name":"circle","cx":576,"cy":322,"r":8.514693182963201},"region_attributes":{"Type":"2","count":"1"}},{"shape_attributes":{"name":"circle","cx":578,"cy":332,"r":10.404326023342406},"region_attributes":{"Type":"3","count":"1"}},{"shape_attributes":{"name":"circle","cx":662,"cy":360,"r":16.263455967290593},"region_attributes":{"Type":"1","count":"8"}},{"shape_attributes":{"name":"circle","cx":643,"cy":412,"r":12.083045973594572},"region_attributes":{"Type":"2","count":"4"}},{"shape_attributes":{"name":"circle","cx":661,"cy":413,"r":15.811388300841896},"region_attributes":{"Type":"2","count":"1"}},{"shape_attributes":{"name":"circle","cx":603,"cy":474,"r":12.093386622447824},"region_attributes":{"Type":"3","count":"1"}},{"shape_attributes":{"name":"circle","cx":658,"cy":464,"r":13.729530217745982},"region_attributes":{"Type":"3","count":"1"}},{"shape_attributes":{"name":"circle","cx":636,"cy":498,"r":13.46291201783626},"region_attributes":{"Type":"3","count":"1"}},{"shape_attributes":{"name":"circle","cx":135,"cy":264,"r":13},"region_attributes":{"Type":"1","count":"1"}},{"shape_attributes":{"name":"circle","cx":129,"cy":287,"r":20},"region_attributes":{"Type":"1","count":"1"}},{"shape_attributes":{"name":"circle","cx":231,"cy":207,"r":17},"region_attributes":{"Type":"1","count":"1"}},{"shape_attributes":{"name":"circle","cx":289,"cy":188,"r":21},"region_attributes":{"Type":"1","count":"1"}},{"shape_attributes":{"name":"circle","cx":334,"cy":185,"r":18},"region_attributes":{"Type":"1","count":"2"}},{"shape_attributes":{"name":"circle","cx":245,"cy":238,"r":17},"region_attributes":{"Type":"1","count":"1"}},{"shape_attributes":{"name":"circle","cx":231,"cy":268,"r":22},"region_attributes":{"Type":"1","count":"4"}},{"shape_attributes":{"name":"circle","cx":412,"cy":179,"r":20},"region_attributes":{"Type":"1","count":"5"}},{"shape_attributes":{"name":"circle","cx":471,"cy":195,"r":18},"region_attributes":{"Type":"1","count":"3"}},{"shape_attributes":{"name":"circle","cx":418,"cy":205,"r":13},"region_attributes":{"Type":"1","count":"1"}},{"shape_attributes":{"name":"circle","cx":454,"cy":215,"r":15},"region_attributes":{"Type":"1","count":"2"}},{"shape_attributes":{"name":"circle","cx":362,"cy":332,"r":17},"region_attributes":{"Type":"1","count":"2"}},{"shape_attributes":{"name":"circle","cx":338,"cy":348,"r":20},"region_attributes":{"Type":"1","count":"1"}},{"shape_attributes":{"name":"circle","cx":463,"cy":255,"r":21},"region_attributes":{"Type":"1","count":"3"}},{"shape_attributes":{"name":"circle","cx":500,"cy":253,"r":25},"region_attributes":{"Type":"1","count":"1"}},{"shape_attributes":{"name":"circle","cx":637,"cy":232,"r":23},"region_attributes":{"Type":"1","count":"7"}},{"shape_attributes":{"name":"circle","cx":574,"cy":180,"r":16},"region_attributes":{"Type":"1","count":"4"}},{"shape_attributes":{"name":"circle","cx":573,"cy":206,"r":18},"region_attributes":{"Type":"1","count":"1"}},{"shape_attributes":{"name":"circle","cx":599,"cy":209,"r":15},"region_attributes":{"Type":"1","count":"7"}},{"shape_attributes":{"name":"circle","cx":623,"cy":173,"r":17},"region_attributes":{"Type":"1","count":"1"}},{"shape_attributes":{"name":"circle","cx":616,"cy":174,"r":28},"region_attributes":{"Type":"1","count":"11"}},{"shape_attributes":{"name":"circle","cx":614,"cy":257,"r":17},"region_attributes":{"Type":"1","count":"6"}},{"shape_attributes":{"name":"circle","cx":469,"cy":384,"r":15},"region_attributes":{"Type":"1","count":"2"}},{"shape_attributes":{"name":"circle","cx":463,"cy":419,"r":16},"region_attributes":{"Type":"1","count":"4"}},{"shape_attributes":{"name":"circle","cx":583,"cy":277,"r":19.416},"region_attributes":{"Type":"1","count":"3"}},{"shape_attributes":{"name":"circle","cx":563,"cy":301,"r":16},"region_attributes":{"Type":"1","count":"11"}},{"shape_attributes":{"name":"circle","cx":580,"cy":280,"r":22},"region_attributes":{"Type":"1","count":"8"}},{"shape_attributes":{"name":"circle","cx":593,"cy":316,"r":16},"region_attributes":{"Type":"1","count":"5"}},{"shape_attributes":{"name":"circle","cx":640,"cy":275,"r":19},"region_attributes":{"Type":"2","count":"1"}},{"shape_attributes":{"name":"circle","cx":616,"cy":309,"r":18},"region_attributes":{"Type":"1","count":"11"}},{"shape_attributes":{"name":"circle","cx":644,"cy":300,"r":15},"region_attributes":{"Type":"1","count":"3"}},{"shape_attributes":{"name":"circle","cx":639,"cy":321,"r":15},"region_attributes":{"Type":"2","count":"1"}},{"shape_attributes":{"name":"circle","cx":615,"cy":345,"r":16},"region_attributes":{"Type":"1","count":"22"}},{"shape_attributes":{"name":"circle","cx":639,"cy":342,"r":16},"region_attributes":{"Type":"1","count":"10"}},{"shape_attributes":{"name":"circle","cx":635,"cy":370,"r":19},"region_attributes":{"Type":"1","count":"22"}},{"shape_attributes":{"name":"circle","cx":613,"cy":399,"r":28},"region_attributes":{"Type":"1","count":"31"}},{"shape_attributes":{"name":"circle","cx":626,"cy":430,"r":15},"region_attributes":{"Type":"1","count":"12"}},{"shape_attributes":{"name":"circle","cx":634,"cy":450,"r":19},"region_attributes":{"Type":"1","count":"2"}},{"shape_attributes":{"name":"circle","cx":607,"cy":455,"r":25},"region_attributes":{"Type":"1","count":"2"}},{"shape_attributes":{"name":"circle","cx":548,"cy":460,"r":17},"region_attributes":{"Type":"1","count":"3"}},{"shape_attributes":{"name":"circle","cx":523,"cy":450,"r":15},"region_attributes":{"Type":"1","count":"4"}},{"shape_attributes":{"name":"circle","cx":517,"cy":447,"r":16},"region_attributes":{"Type":"1","count":"1"}},{"shape_attributes":{"name":"circle","cx":490,"cy":447,"r":18},"region_attributes":{"Type":"1","count":"4"}},{"shape_attributes":{"name":"circle","cx":495,"cy":474,"r":20},"region_attributes":{"Type":"1","count":"25"}},{"shape_attributes":{"name":"circle","cx":407,"cy":391,"r":15},"region_attributes":{"Type":"2","count":"1"}},{"shape_attributes":{"name":"circle","cx":591,"cy":335,"r":13},"region_attributes":{"Type":"1","count":"1"}}],"file_attributes":{"date":"2019-08-01","temp":"","rain":"2","neighborhood":"East Village South","total_count":""}},"https://drive.google.com/uc?export=view&id=1-YRcw04UbM55V_9hp2otRaexIt8_9CEl\n":{"filename":"https://drive.google.com/uc?export=view&id=1-YRcw04UbM55V_9hp2otRaexIt8_9CEl\n","size":-1,"regions":[{"shape_attributes":{"name":"circle","cx":138,"cy":219,"r":19.1049731745428},"region_attributes":{"Type":"2","count":"1"}},{"shape_attributes":{"name":"circle","cx":132,"cy":248,"r":11.661903789690601},"region_attributes":{"Type":"1","count":"3"}},{"shape_attributes":{"name":"circle","cx":107,"cy":280,"r":8.845903006477066},"region_attributes":{"Type":"1","count":"1"}},{"shape_attributes":{"name":"circle","cx":160,"cy":280,"r":12.349089035228468},"region_attributes":{"Type":"1","count":"1"}},{"shape_attributes":{"name":"circle","cx":162,"cy":406,"r":17.7341478509682},"region_attributes":{"Type":"1","count":"5"}},{"shape_attributes":{"name":"circle","cx":244,"cy":469,"r":12.206555615733702},"region_attributes":{"Type":"1","count":"2"}},{"shape_attributes":{"name":"circle","cx":323,"cy":336,"r":18.439088914585774},"region_attributes":{"Type":"1","count":"1"}},{"shape_attributes":{"name":"circle","cx":300,"cy":372,"r":17.414074767267998},"region_attributes":{"Type":"1","count":"1"}},{"shape_attributes":{"name":"circle","cx":370,"cy":236,"r":12.806248474865697},"region_attributes":{"Type":"1","count":"1"}},{"shape_attributes":{"name":"circle","cx":403,"cy":248,"r":10.259142264341596},"region_attributes":{"Type":"2","count":"1"}},{"shape_attributes":{"name":"circle","cx":396,"cy":300,"r":14.089002803605371},"region_attributes":{"Type":"1","count":"1"}},{"shape_attributes":{"name":"circle","cx":391,"cy":340,"r":10.63014581273465},"region_attributes":{"Type":"1","count":"7"}},{"shape_attributes":{"name":"circle","cx":412,"cy":334,"r":11.10180165558726},"region_attributes":{"Type":"2","count":"1"}},{"shape_attributes":{"name":"circle","cx":440,"cy":333,"r":12.419742348374221},"region_attributes":{"Type":"1","count":"1"}},{"shape_attributes":{"name":"circle","cx":388,"cy":368,"r":10.124228365658293},"region_attributes":{"Type":"2","count":"2"}},{"shape_attributes":{"name":"circle","cx":390,"cy":396,"r":13.038404810405298},"region_attributes":{"Type":"1","count":"2"}},{"shape_attributes":{"name":"circle","cx":463,"cy":414,"r":12.206555615733702},"region_attributes":{"Type":"2","count":"3"}},{"shape_attributes":{"name":"circle","cx":498,"cy":284,"r":16.507574019219177},"region_attributes":{"Type":"1","count":"1"}},{"shape_attributes":{"name":"circle","cx":556,"cy":170,"r":14.5},"region_attributes":{"Type":"1","count":"1"}},{"shape_attributes":{"name":"circle","cx":609,"cy":164,"r":18.200274723201296},"region_attributes":{"Type":"2","count":"7"}},{"shape_attributes":{"name":"circle","cx":611,"cy":168,"r":16.62077013859466},"region_attributes":{"Type":"3","count":"1"}},{"shape_attributes":{"name":"circle","cx":628,"cy":252,"r":8.73212459828649},"region_attributes":{"Type":"2","count":"1"}},{"shape_attributes":{"name":"circle","cx":586,"cy":249,"r":9.5524865872714},"region_attributes":{"Type":"1","count":"1"}},{"shape_attributes":{"name":"circle","cx":597,"cy":288,"r":12.349089035228468},"region_attributes":{"Type":"1","count":"5"}},{"shape_attributes":{"name":"circle","cx":560,"cy":294,"r":9.192388155425117},"region_attributes":{"Type":"3","count":"1"}},{"shape_attributes":{"name":"circle","cx":585,"cy":322,"r":13},"region_attributes":{"Type":"3","count":"1"}},{"shape_attributes":{"name":"circle","cx":630,"cy":275,"r":15.133},"region_attributes":{"Type":"2","count":"1"}},{"shape_attributes":{"name":"circle","cx":672,"cy":348,"r":15.953056133543816},"region_attributes":{"Type":"1","count":"8"}},{"shape_attributes":{"name":"circle","cx":619,"cy":376,"r":9.5524865872714},"region_attributes":{"Type":"2","count":"5"}},{"shape_attributes":{"name":"circle","cx":621,"cy":400,"r":12.041594578792296},"region_attributes":{"Type":"1","count":"17"}},{"shape_attributes":{"name":"circle","cx":646,"cy":404,"r":12.419742348374221},"region_attributes":{"Type":"2","count":"4"}},{"shape_attributes":{"name":"circle","cx":634,"cy":427,"r":3.905124837953327},"region_attributes":{"Type":"1","count":"5"}},{"shape_attributes":{"name":"circle","cx":618,"cy":422,"r":8.06225774829855},"region_attributes":{"Type":"2","count":"3"}},{"shape_attributes":{"name":"circle","cx":644,"cy":494,"r":10.51189802081432},"region_attributes":{"Type":"3","count":"3"}},{"shape_attributes":{"name":"circle","cx":600,"cy":477,"r":14.150971698084906},"region_attributes":{"Type":"1","count":"1"}},{"shape_attributes":{"name":"circle","cx":581,"cy":490,"r":15.652475842498529},"region_attributes":{"Type":"3","count":"2"}},{"shape_attributes":{"name":"circle","cx":208,"cy":251,"r":16},"region_attributes":{"Type":"1","count":"5"}},{"shape_attributes":{"name":"circle","cx":225,"cy":233,"r":19},"region_attributes":{"Type":"1","count":"1"}},{"shape_attributes":{"name":"circle","cx":262,"cy":245,"r":16},"region_attributes":{"Type":"1","count":"2"}},{"shape_attributes":{"name":"circle","cx":417,"cy":156,"r":21},"region_attributes":{"Type":"1","count":"1"}},{"shape_attributes":{"name":"circle","cx":366,"cy":159,"r":21},"region_attributes":{"Type":"1","count":"1"}},{"shape_attributes":{"name":"circle","cx":345,"cy":170,"r":21},"region_attributes":{"Type":"1","count":"1"}},{"shape_attributes":{"name":"circle","cx":393,"cy":170,"r":19},"region_attributes":{"Type":"1","count":"4"}},{"shape_attributes":{"name":"circle","cx":461,"cy":158,"r":16},"region_attributes":{"Type":"1","count":"2"}},{"shape_attributes":{"name":"circle","cx":442,"cy":196,"r":14},"region_attributes":{"Type":"1","count":"6"}},{"shape_attributes":{"name":"circle","cx":471,"cy":197,"r":16},"region_attributes":{"Type":"1","count":"2"}},{"shape_attributes":{"name":"circle","cx":418,"cy":228,"r":14},"region_attributes":{"Type":"1","count":"2"}},{"shape_attributes":{"name":"circle","cx":452,"cy":213,"r":15},"region_attributes":{"Type":"1","count":"1"}},{"shape_attributes":{"name":"circle","cx":465,"cy":249,"r":22},"region_attributes":{"Type":"1","count":"5"}},{"shape_attributes":{"name":"circle","cx":419,"cy":250,"r":16},"region_attributes":{"Type":"1","count":"5"}},{"shape_attributes":{"name":"circle","cx":345,"cy":314,"r":20},"region_attributes":{"Type":"1","count":"1"}},{"shape_attributes":{"name":"circle","cx":425,"cy":387,"r":20},"region_attributes":{"Type":"1","count":"1"}},{"shape_attributes":{"name":"circle","cx":655,"cy":198,"r":20},"region_attributes":{"Type":"1","count":"1"}},{"shape_attributes":{"name":"circle","cx":353,"cy":274,"r":20},"region_attributes":{"Type":"1","count":"1"}},{"shape_attributes":{"name":"circle","cx":371,"cy":293,"r":17},"region_attributes":{"Type":"1","count":"30"}},{"shape_attributes":{"name":"circle","cx":633,"cy":202,"r":21},"region_attributes":{"Type":"1","count":"4"}},{"shape_attributes":{"name":"circle","cx":604,"cy":196,"r":21},"region_attributes":{"Type":"1","count":"4"}},{"shape_attributes":{"name":"circle","cx":578,"cy":204,"r":21},"region_attributes":{"Type":"1","count":"4"}},{"shape_attributes":{"name":"circle","cx":626,"cy":234,"r":14},"region_attributes":{"Type":"1","count":"12"}},{"shape_attributes":{"name":"circle","cx":647,"cy":228,"r":24},"region_attributes":{"Type":"1","count":"4"}},{"shape_attributes":{"name":"circle","cx":575,"cy":277,"r":13},"region_attributes":{"Type":"1","count":"1"}},{"shape_attributes":{"name":"circle","cx":669,"cy":285,"r":22},"region_attributes":{"Type":"1","count":"1"}},{"shape_attributes":{"name":"circle","cx":480,"cy":448,"r":13},"region_attributes":{"Type":"2","count":"1"}},{"shape_attributes":{"name":"circle","cx":502,"cy":446,"r":12},"region_attributes":{"Type":"1","count":"17"}},{"shape_attributes":{"name":"circle","cx":491,"cy":471,"r":13},"region_attributes":{"Type":"1","count":"11"}},{"shape_attributes":{"name":"circle","cx":526,"cy":445,"r":17},"region_attributes":{"Type":"1","count":"7"}},{"shape_attributes":{"name":"circle","cx":550,"cy":455,"r":22},"region_attributes":{"Type":"1","count":"4"}},{"shape_attributes":{"name":"circle","cx":563,"cy":456,"r":15},"region_attributes":{"Type":"1","count":"5"}},{"shape_attributes":{"name":"circle","cx":599,"cy":450,"r":10},"region_attributes":{"Type":"3","count":"3"}},{"shape_attributes":{"name":"circle","cx":641,"cy":454,"r":20},"region_attributes":{"Type":"1","count":"3"}},{"shape_attributes":{"name":"circle","cx":614,"cy":460,"r":18},"region_attributes":{"Type":"1","count":"2"}},{"shape_attributes":{"name":"circle","cx":622,"cy":352,"r":16},"region_attributes":{"Type":"1","count":"16"}},{"shape_attributes":{"name":"circle","cx":638,"cy":334,"r":15},"region_attributes":{"Type":"1","count":"17"}},{"shape_attributes":{"name":"circle","cx":648,"cy":364,"r":16},"region_attributes":{"Type":"1","count":"16"}},{"shape_attributes":{"name":"circle","cx":648,"cy":309,"r":16},"region_attributes":{"Type":"2","count":"3"}},{"shape_attributes":{"name":"circle","cx":636,"cy":306,"r":19},"region_attributes":{"Type":"1","count":"9"}},{"shape_attributes":{"name":"circle","cx":611,"cy":312,"r":14},"region_attributes":{"Type":"1","count":"1"}},{"shape_attributes":{"name":"circle","cx":625,"cy":278,"r":15},"region_attributes":{"Type":"1","count":"3"}},{"shape_attributes":{"name":"circle","cx":464,"cy":387,"r":16},"region_attributes":{"Type":"1","count":"4"}}],"file_attributes":{"date":"2019-09-01","temp":"","rain":"2","neighborhood":"East Village South","total_count":""}},"https://drive.google.com/uc?export=view&id=1kT2DMR5UFiUOl8O0I2L-2MmXSoM663v7\n":{"filename":"https://drive.google.com/uc?export=view&id=1kT2DMR5UFiUOl8O0I2L-2MmXSoM663v7\n","size":-1,"regions":[{"shape_attributes":{"name":"circle","cx":142,"cy":242,"r":17.10263137648707},"region_attributes":{"Type":"2","count":"1"}},{"shape_attributes":{"name":"circle","cx":219,"cy":244,"r":22.276669409945463},"region_attributes":{"Type":"1","count":"1"}},{"shape_attributes":{"name":"circle","cx":320,"cy":164,"r":14.159802258506296},"region_attributes":{"Type":"1","count":"1"}},{"shape_attributes":{"name":"circle","cx":303,"cy":359,"r":14.866068747318506},"region_attributes":{"Type":"1","count":"1"}},{"shape_attributes":{"name":"circle","cx":358,"cy":468,"r":12.90348790056394},"region_attributes":{"Type":"1","count":"1"}},{"shape_attributes":{"name":"circle","cx":378,"cy":372,"r":10.700467279516348},"region_attributes":{"Type":"1","count":"1"}},{"shape_attributes":{"name":"circle","cx":424,"cy":207,"r":15.20690632574555},"region_attributes":{"Type":"3","count":"1"}},{"shape_attributes":{"name":"circle","cx":440,"cy":178,"r":10.700467279516348},"region_attributes":{"Type":"3","count":"1"}},{"shape_attributes":{"name":"circle","cx":458,"cy":247,"r":12.5},"region_attributes":{"Type":"2","count":"1"}},{"shape_attributes":{"name":"circle","cx":454,"cy":331,"r":10.63014581273465},"region_attributes":{"Type":"2","count":"1"}},{"shape_attributes":{"name":"circle","cx":480,"cy":441,"r":9.604686356149273},"region_attributes":{"Type":"1","count":"1"}},{"shape_attributes":{"name":"circle","cx":476,"cy":458,"r":9.192388155425117},"region_attributes":{"Type":"2","count":"1"}},{"shape_attributes":{"name":"circle","cx":606,"cy":186,"r":12.379418403139947},"region_attributes":{"Type":"2","count":"1"}},{"shape_attributes":{"name":"circle","cx":638,"cy":164,"r":14.534441853748634},"region_attributes":{"Type":"1","count":"8"}},{"shape_attributes":{"name":"circle","cx":636,"cy":191,"r":8.845903006477066},"region_attributes":{"Type":"2","count":"2"}},{"shape_attributes":{"name":"circle","cx":682,"cy":192,"r":14.534441853748634},"region_attributes":{"Type":"1","count":"1"}},{"shape_attributes":{"name":"circle","cx":684,"cy":279,"r":11.715374513859981},"region_attributes":{"Type":"2","count":"1"}},{"shape_attributes":{"name":"circle","cx":648,"cy":374,"r":19.00657780874821},"region_attributes":{"Type":"2","count":"12"}},{"shape_attributes":{"name":"circle","cx":602,"cy":362,"r":15.20690632574555},"region_attributes":{"Type":"1","count":"12"}},{"shape_attributes":{"name":"circle","cx":644,"cy":407,"r":18.788294228055936},"region_attributes":{"Type":"1","count":"35"}},{"shape_attributes":{"name":"circle","cx":621,"cy":394,"r":14.422205101855956},"region_attributes":{"Type":"3","count":"1"}},{"shape_attributes":{"name":"circle","cx":621,"cy":448,"r":9.013878188659973},"region_attributes":{"Type":"3","count":"3"}},{"shape_attributes":{"name":"circle","cx":669,"cy":452,"r":14.326548781894402},"region_attributes":{"Type":"3","count":"3"}},{"shape_attributes":{"name":"circle","cx":632,"cy":454,"r":13.601470508735444},"region_attributes":{"Type":"2","count":"1"}},{"shape_attributes":{"name":"circle","cx":644,"cy":484,"r":14.534441853748634},"region_attributes":{"Type":"3","count":"1"}},{"shape_attributes":{"name":"circle","cx":139,"cy":195,"r":16},"region_attributes":{"Type":"1","count":"1"}},{"shape_attributes":{"name":"circle","cx":194,"cy":180,"r":13},"region_attributes":{"Type":"1","count":"1"}},{"shape_attributes":{"name":"circle","cx":163,"cy":176,"r":22},"region_attributes":{"Type":"1","count":"2"}},{"shape_attributes":{"name":"circle","cx":147,"cy":216,"r":13},"region_attributes":{"Type":"1","count":"5"}},{"shape_attributes":{"name":"circle","cx":360,"cy":296,"r":17},"region_attributes":{"Type":"1","count":"2"}},{"shape_attributes":{"name":"circle","cx":548,"cy":196,"r":18},"region_attributes":{"Type":"1","count":"1"}},{"shape_attributes":{"name":"circle","cx":514,"cy":236,"r":18},"region_attributes":{"Type":"1","count":"1"}},{"shape_attributes":{"name":"circle","cx":559,"cy":281,"r":18},"region_attributes":{"Type":"1","count":"1"}},{"shape_attributes":{"name":"circle","cx":604,"cy":268,"r":18},"region_attributes":{"Type":"1","count":"1"}},{"shape_attributes":{"name":"circle","cx":451,"cy":358,"r":18},"region_attributes":{"Type":"1","count":"1"}},{"shape_attributes":{"name":"circle","cx":477,"cy":325,"r":18},"region_attributes":{"Type":"1","count":"1"}},{"shape_attributes":{"name":"circle","cx":487,"cy":181,"r":18},"region_attributes":{"Type":"1","count":"1"}},{"shape_attributes":{"name":"circle","cx":404,"cy":289,"r":18},"region_attributes":{"Type":"1","count":"1"}},{"shape_attributes":{"name":"circle","cx":458,"cy":190,"r":17},"region_attributes":{"Type":"1","count":"5"}},{"shape_attributes":{"name":"circle","cx":513,"cy":191,"r":22},"region_attributes":{"Type":"1","count":"2"}},{"shape_attributes":{"name":"circle","cx":606,"cy":160,"r":14},"region_attributes":{"Type":"1","count":"13"}},{"shape_attributes":{"name":"circle","cx":583,"cy":160,"r":16},"region_attributes":{"Type":"1","count":"1"}},{"shape_attributes":{"name":"circle","cx":581,"cy":184,"r":22},"region_attributes":{"Type":"1","count":"6"}},{"shape_attributes":{"name":"circle","cx":651,"cy":217,"r":17},"region_attributes":{"Type":"1","count":"2"}},{"shape_attributes":{"name":"circle","cx":629,"cy":237,"r":18},"region_attributes":{"Type":"1","count":"5"}},{"shape_attributes":{"name":"circle","cx":478,"cy":218,"r":13},"region_attributes":{"Type":"1","count":"3"}},{"shape_attributes":{"name":"circle","cx":480,"cy":242,"r":23},"region_attributes":{"Type":"1","count":"4"}},{"shape_attributes":{"name":"circle","cx":492,"cy":280,"r":27},"region_attributes":{"Type":"1","count":"3"}},{"shape_attributes":{"name":"circle","cx":648,"cy":275,"r":16},"region_attributes":{"Type":"1","count":"2"}},{"shape_attributes":{"name":"circle","cx":643,"cy":300,"r":18},"region_attributes":{"Type":"1","count":"5"}},{"shape_attributes":{"name":"circle","cx":608,"cy":290,"r":21},"region_attributes":{"Type":"1","count":"3"}},{"shape_attributes":{"name":"circle","cx":585,"cy":308,"r":14},"region_attributes":{"Type":"1","count":"5"}},{"shape_attributes":{"name":"circle","cx":576,"cy":261,"r":21},"region_attributes":{"Type":"1","count":"2"}},{"shape_attributes":{"name":"circle","cx":517,"cy":303,"r":22},"region_attributes":{"Type":"1","count":"2"}},{"shape_attributes":{"name":"circle","cx":413,"cy":341,"r":16},"region_attributes":{"Type":"1","count":"3"}},{"shape_attributes":{"name":"circle","cx":507,"cy":346,"r":16},"region_attributes":{"Type":"1","count":"4"}},{"shape_attributes":{"name":"circle","cx":480,"cy":358,"r":19},"region_attributes":{"Type":"1","count":"5"}},{"shape_attributes":{"name":"circle","cx":430,"cy":388,"r":13},"region_attributes":{"Type":"1","count":"4"}},{"shape_attributes":{"name":"circle","cx":479,"cy":400,"r":21},"region_attributes":{"Type":"1","count":"6"}},{"shape_attributes":{"name":"circle","cx":404,"cy":370,"r":21},"region_attributes":{"Type":"1","count":"6"}},{"shape_attributes":{"name":"circle","cx":509,"cy":404,"r":20},"region_attributes":{"Type":"1","count":"2"}},{"shape_attributes":{"name":"circle","cx":556,"cy":446,"r":14},"region_attributes":{"Type":"1","count":"6"}},{"shape_attributes":{"name":"circle","cx":502,"cy":448,"r":20},"region_attributes":{"Type":"1","count":"9"}},{"shape_attributes":{"name":"circle","cx":595,"cy":474,"r":22},"region_attributes":{"Type":"1","count":"2"}},{"shape_attributes":{"name":"circle","cx":513,"cy":483,"r":30},"region_attributes":{"Type":"1","count":"7"}},{"shape_attributes":{"name":"circle","cx":640,"cy":328,"r":18},"region_attributes":{"Type":"1","count":"13"}},{"shape_attributes":{"name":"circle","cx":629,"cy":351,"r":15},"region_attributes":{"Type":"1","count":"23"}},{"shape_attributes":{"name":"circle","cx":653,"cy":348,"r":18},"region_attributes":{"Type":"1","count":"30"}},{"shape_attributes":{"name":"circle","cx":662,"cy":320,"r":20},"region_attributes":{"Type":"3","count":"1"}},{"shape_attributes":{"name":"circle","cx":677,"cy":349,"r":21},"region_attributes":{"Type":"2","count":"3"}},{"shape_attributes":{"name":"circle","cx":409,"cy":181,"r":16},"region_attributes":{"Type":"1","count":"2"}},{"shape_attributes":{"name":"circle","cx":420,"cy":157,"r":16},"region_attributes":{"Type":"1","count":"2"}}],"file_attributes":{"date":"2019-10-30","temp":"","rain":"2","neighborhood":"East Village South","total_count":""}},"https://drive.google.com/uc?export=view&id=1dpvNrQwfnn_-Lp-nREwCxaqaENCFt0aa\n":{"filename":"https://drive.google.com/uc?export=view&id=1dpvNrQwfnn_-Lp-nREwCxaqaENCFt0aa\n","size":-1,"regions":[{"shape_attributes":{"name":"circle","cx":176,"cy":348,"r":16.224980739587952},"region_attributes":{"Type":"1","count":"1"}},{"shape_attributes":{"name":"circle","cx":224,"cy":258,"r":14.300349646075091},"region_attributes":{"Type":"1","count":"3"}},{"shape_attributes":{"name":"circle","cx":286,"cy":227,"r":17.240939649566666},"region_attributes":{"Type":"1","count":"1"}},{"shape_attributes":{"name":"circle","cx":314,"cy":174,"r":13.793114224133722},"region_attributes":{"Type":"1","count":"1"}},{"shape_attributes":{"name":"circle","cx":360,"cy":246,"r":14.300349646075091},"region_attributes":{"Type":"2","count":"1"}},{"shape_attributes":{"name":"circle","cx":388,"cy":234,"r":12.041594578792296},"region_attributes":{"Type":"1","count":"1"}},{"shape_attributes":{"name":"circle","cx":330,"cy":328,"r":14.5},"region_attributes":{"Type":"1","count":"5"}},{"shape_attributes":{"name":"circle","cx":412,"cy":386,"r":13.46291201783626},"region_attributes":{"Type":"2","count":"1"}},{"shape_attributes":{"name":"circle","cx":386,"cy":404,"r":16.650825805346713},"region_attributes":{"Type":"1","count":"1"}},{"shape_attributes":{"name":"circle","cx":442,"cy":380,"r":12.103718436910205},"region_attributes":{"Type":"1","count":"2"}},{"shape_attributes":{"name":"circle","cx":460,"cy":346,"r":10.770329614269007},"region_attributes":{"Type":"1","count":"1"}},{"shape_attributes":{"name":"circle","cx":538,"cy":194,"r":11.335784048754634},"region_attributes":{"Type":"1","count":"7"}},{"shape_attributes":{"name":"circle","cx":590,"cy":184,"r":6.363961030678928},"region_attributes":{"Type":"1","count":"6"}},{"shape_attributes":{"name":"circle","cx":580,"cy":190,"r":7.3824115301167},"region_attributes":{"Type":"3","count":"1"}},{"shape_attributes":{"name":"circle","cx":594,"cy":206,"r":9.924716620639604},"region_attributes":{"Type":"2","count":"1"}},{"shape_attributes":{"name":"circle","cx":634,"cy":200,"r":8.845903006477066},"region_attributes":{"Type":"2","count":"1"}},{"shape_attributes":{"name":"circle","cx":636,"cy":259,"r":10.965856099730654},"region_attributes":{"Type":"2","count":"1"}},{"shape_attributes":{"name":"circle","cx":611,"cy":306,"r":9.433981132056603},"region_attributes":{"Type":"1","count":"2"}},{"shape_attributes":{"name":"circle","cx":632,"cy":312,"r":8.139410298049853},"region_attributes":{"Type":"2","count":"1"}},{"shape_attributes":{"name":"circle","cx":682,"cy":357,"r":8.94427190999916},"region_attributes":{"Type":"1","count":"29"}},{"shape_attributes":{"name":"circle","cx":634,"cy":418,"r":1.8027756377319946},"region_attributes":{"Type":"2","count":"1"}},{"shape_attributes":{"name":"circle","cx":655,"cy":430,"r":10.404326023342406},"region_attributes":{"Type":"2","count":"1"}},{"shape_attributes":{"name":"circle","cx":644,"cy":432,"r":8.902246907382429},"region_attributes":{"Type":"1","count":"5"}},{"shape_attributes":{"name":"circle","cx":673,"cy":471,"r":12.529964086141668},"region_attributes":{"Type":"3","count":"1"}},{"shape_attributes":{"name":"circle","cx":658,"cy":505,"r":12.379418403139947},"region_attributes":{"Type":"3","count":"1"}},{"shape_attributes":{"name":"circle","cx":611,"cy":502,"r":9.7082439194738},"region_attributes":{"Type":"3","count":"1"}},{"shape_attributes":{"name":"circle","cx":564,"cy":448,"r":10.977249200050075},"region_attributes":{"Type":"1","count":"19"}},{"shape_attributes":{"name":"circle","cx":563,"cy":467,"r":7.810249675906654},"region_attributes":{"Type":"2","count":"1"}},{"shape_attributes":{"name":"circle","cx":551,"cy":493,"r":12.806248474865697},"region_attributes":{"Type":"1","count":"1"}},{"shape_attributes":{"name":"circle","cx":518,"cy":453,"r":8.94427190999916},"region_attributes":{"Type":"2","count":"1"}},{"shape_attributes":{"name":"circle","cx":510,"cy":483,"r":12.727922061357855},"region_attributes":{"Type":"2","count":"3"}},{"shape_attributes":{"name":"circle","cx":188,"cy":204,"r":16},"region_attributes":{"Type":"1","count":"2"}},{"shape_attributes":{"name":"circle","cx":469,"cy":199,"r":16},"region_attributes":{"Type":"1","count":"2"}},{"shape_attributes":{"name":"circle","cx":150,"cy":199,"r":16},"region_attributes":{"Type":"1","count":"1"}},{"shape_attributes":{"name":"circle","cx":191,"cy":184,"r":16},"region_attributes":{"Type":"1","count":"2"}},{"shape_attributes":{"name":"circle","cx":143,"cy":250,"r":22},"region_attributes":{"Type":"1","count":"6"}},{"shape_attributes":{"name":"circle","cx":135,"cy":287,"r":25},"region_attributes":{"Type":"1","count":"1"}},{"shape_attributes":{"name":"circle","cx":431,"cy":172,"r":26},"region_attributes":{"Type":"1","count":"1"}},{"shape_attributes":{"name":"circle","cx":610,"cy":175,"r":22},"region_attributes":{"Type":"1","count":"11"}},{"shape_attributes":{"name":"circle","cx":611,"cy":201,"r":28},"region_attributes":{"Type":"1","count":"13"}},{"shape_attributes":{"name":"circle","cx":645,"cy":162,"r":23},"region_attributes":{"Type":"1","count":"2"}},{"shape_attributes":{"name":"circle","cx":637,"cy":168,"r":16},"region_attributes":{"Type":"1","count":"9"}},{"shape_attributes":{"name":"circle","cx":665,"cy":190,"r":16},"region_attributes":{"Type":"1","count":"1"}},{"shape_attributes":{"name":"circle","cx":649,"cy":210,"r":19},"region_attributes":{"Type":"1","count":"2"}},{"shape_attributes":{"name":"circle","cx":647,"cy":235,"r":21},"region_attributes":{"Type":"1","count":"8"}},{"shape_attributes":{"name":"circle","cx":636,"cy":236,"r":16},"region_attributes":{"Type":"1","count":"5"}},{"shape_attributes":{"name":"circle","cx":490,"cy":242,"r":19},"region_attributes":{"Type":"1","count":"3"}},{"shape_attributes":{"name":"circle","cx":472,"cy":260,"r":19},"region_attributes":{"Type":"1","count":"3"}},{"shape_attributes":{"name":"circle","cx":515,"cy":282,"r":19},"region_attributes":{"Type":"1","count":"1"}},{"shape_attributes":{"name":"circle","cx":538,"cy":262,"r":22.472},"region_attributes":{"Type":"1","count":"3"}},{"shape_attributes":{"name":"circle","cx":625,"cy":294,"r":23},"region_attributes":{"Type":"1","count":"1"}},{"shape_attributes":{"name":"circle","cx":660,"cy":283,"r":23},"region_attributes":{"Type":"1","count":"1"}},{"shape_attributes":{"name":"circle","cx":668,"cy":289,"r":23},"region_attributes":{"Type":"1","count":"1"}},{"shape_attributes":{"name":"circle","cx":646,"cy":309,"r":23},"region_attributes":{"Type":"1","count":"1"}},{"shape_attributes":{"name":"circle","cx":555,"cy":311,"r":23},"region_attributes":{"Type":"1","count":"1"}},{"shape_attributes":{"name":"circle","cx":659,"cy":348,"r":16},"region_attributes":{"Type":"1","count":"13"}},{"shape_attributes":{"name":"circle","cx":631,"cy":355,"r":20},"region_attributes":{"Type":"1","count":"16"}},{"shape_attributes":{"name":"circle","cx":602,"cy":368,"r":20},"region_attributes":{"Type":"2","count":"1"}},{"shape_attributes":{"name":"circle","cx":600,"cy":398,"r":22},"region_attributes":{"Type":"1","count":"11"}},{"shape_attributes":{"name":"circle","cx":635,"cy":378,"r":17},"region_attributes":{"Type":"2","count":"1"}},{"shape_attributes":{"name":"circle","cx":663,"cy":377,"r":17},"region_attributes":{"Type":"2","count":"1"}},{"shape_attributes":{"name":"circle","cx":663,"cy":406,"r":19},"region_attributes":{"Type":"1","count":"19"}},{"shape_attributes":{"name":"circle","cx":630,"cy":405,"r":23},"region_attributes":{"Type":"1","count":"18"}},{"shape_attributes":{"name":"circle","cx":377,"cy":308,"r":19},"region_attributes":{"Type":"1","count":"4"}},{"shape_attributes":{"name":"circle","cx":428,"cy":342,"r":16},"region_attributes":{"Type":"1","count":"1"}},{"shape_attributes":{"name":"circle","cx":404,"cy":362,"r":26},"region_attributes":{"Type":"1","count":"7"}},{"shape_attributes":{"name":"circle","cx":481,"cy":381,"r":19},"region_attributes":{"Type":"2","count":"1"}},{"shape_attributes":{"name":"circle","cx":482,"cy":343,"r":19},"region_attributes":{"Type":"2","count":"1"}},{"shape_attributes":{"name":"circle","cx":475,"cy":417,"r":24},"region_attributes":{"Type":"1","count":"11"}},{"shape_attributes":{"name":"circle","cx":422,"cy":429,"r":20},"region_attributes":{"Type":"1","count":"1"}},{"shape_attributes":{"name":"circle","cx":581,"cy":436,"r":16},"region_attributes":{"Type":"1","count":"5"}},{"shape_attributes":{"name":"circle","cx":533,"cy":456,"r":23},"region_attributes":{"Type":"1","count":"8"}},{"shape_attributes":{"name":"circle","cx":501,"cy":460,"r":28},"region_attributes":{"Type":"1","count":"6"}},{"shape_attributes":{"name":"circle","cx":639,"cy":475,"r":21},"region_attributes":{"Type":"1","count":"1"}},{"shape_attributes":{"name":"circle","cx":643,"cy":454,"r":21},"region_attributes":{"Type":"1","count":"1"}}],"file_attributes":{"date":"2019-11-01","temp":"","rain":"2","neighborhood":"East Village South","total_count":""}}},"_via_attributes":{"region":{"Type":{"type":"dropdown","description":"","options":{"1":"Individual","2":"Structure","3":"Vehicle"},"default_options":{}},"count":{"type":"text","description":"","default_value":""}},"file":{"date":{"type":"text","description":"","default_value":""},"temp":{"type":"text","description":"","default_value":""},"rain":{"type":"dropdown","description":"","options":{"1":"rain","2":"clear"},"default_options":{"2":true}},"neighborhood":{"type":"text","description":"","default_value":"East Village South"},"total_count":{"type":"text","description":"","default_value":""}}},"_via_data_format_version":"2.0.10","_via_image_id_list":["https://drive.google.com/uc?export=view&id=1wHGZOjlTowBNVs-a0EQctuy6pqKaZjZX\n","https://drive.google.com/uc?export=view&id=1DN5H9WPniifEgJGxClvw4fnse2OiD1tP\n","https://drive.google.com/uc?export=view&id=1Dzv5TYimConjzgzlXWpSUt8NnYSJkJty\n","https://drive.google.com/uc?export=view&id=1jVNf9p7bFEiASOk06ATNhnlspe4MFl8r\n","https://drive.google.com/uc?export=view&id=11pKEmV4VB1R6phes4dRALaXnnzWL9TqI\n","https://drive.google.com/uc?export=view&id=1nAIkVB1Ro6nuJOy7kozmsgdVRDlD9uWo\n","https://drive.google.com/uc?export=view&id=1yfSTkXQyf93qtvEiyPdXfCBD7YFBANBQ\n","https://drive.google.com/uc?export=view&id=1EOFIpk5WmL98YgxODPxbJ7tHkHU-IIkY\n","https://drive.google.com/uc?export=view&id=1-YRcw04UbM55V_9hp2otRaexIt8_9CEl\n","https://drive.google.com/uc?export=view&id=1kT2DMR5UFiUOl8O0I2L-2MmXSoM663v7\n","https://drive.google.com/uc?export=view&id=1dpvNrQwfnn_-Lp-nREwCxaqaENCFt0aa\n"]}