{"_via_settings":{"ui":{"annotation_editor_height":25,"annotation_editor_fontsize":0.8,"leftsidebar_width":18,"image_grid":{"img_height":80,"rshape_fill":"none","rshape_fill_opacity":0.3,"rshape_stroke":"yellow","rshape_stroke_width":2,"show_region_shape":true,"show_image_policy":"all"},"image":{"region_label":"__via_region_id__","region_color":"__via_default_region_color__","region_label_font":"10px Sans","on_image_annotation_editor_placement":"NEAR_REGION"}},"core":{"buffer_size":18,"filepath":{},"default_filepath":""},"project":{"name":"Sherman Height_2021_count"}},"_via_img_metadata":{"https://drive.google.com/uc?export=view&id=1fkcIu-pbR9lz7Ipu76-TIA6SuuEYEm37\n":{"filename":"https://drive.google.com/uc?export=view&id=1fkcIu-pbR9lz7Ipu76-TIA6SuuEYEm37\n","size":-1,"regions":[{"shape_attributes":{"name":"circle","cx":182,"cy":58,"r":15},"region_attributes":{"Type":"2","count":"6\n"}},{"shape_attributes":{"name":"circle","cx":176,"cy":95,"r":18},"region_attributes":{"Type":"2","count":"5"}},{"shape_attributes":{"name":"circle","cx":218,"cy":54,"r":18},"region_attributes":{"Type":"2","count":"17"}},{"shape_attributes":{"name":"circle","cx":251,"cy":82,"r":11},"region_attributes":{"Type":"2","count":"1"}},{"shape_attributes":{"name":"circle","cx":255,"cy":56,"r":15},"region_attributes":{"Type":"2","count":"5"}},{"shape_attributes":{"name":"circle","cx":301,"cy":100,"r":14},"region_attributes":{"Type":"2","count":"11"}},{"shape_attributes":{"name":"circle","cx":354,"cy":48,"r":16},"region_attributes":{"Type":"2","count":"3"}},{"shape_attributes":{"name":"circle","cx":373,"cy":88,"r":14},"region_attributes":{"Type":"2","count":"4"}},{"shape_attributes":{"name":"circle","cx":408,"cy":83,"r":13},"region_attributes":{"Type":"2","count":"2"}},{"shape_attributes":{"name":"circle","cx":430,"cy":50,"r":14},"region_attributes":{"Type":"2","count":"8"}},{"shape_attributes":{"name":"circle","cx":473,"cy":51,"r":19},"region_attributes":{"Type":"2","count":"26"}},{"shape_attributes":{"name":"circle","cx":577,"cy":55,"r":16},"region_attributes":{"Type":"2","count":"15"}}],"file_attributes":{"date":"2021-05-27","temp":"","rain":"2","neighborhood":"Sherman Height","total_count":""}},"https://drive.google.com/uc?export=view&id=12SDFZYyZdtZIno3Qmp3226xwEt4aObbz\n":{"filename":"https://drive.google.com/uc?export=view&id=12SDFZYyZdtZIno3Qmp3226xwEt4aObbz\n","size":-1,"regions":[{"shape_attributes":{"name":"circle","cx":52,"cy":186,"r":20},"region_attributes":{"Type":"2","count":"24"}},{"shape_attributes":{"name":"circle","cx":88,"cy":186,"r":14},"region_attributes":{"Type":"2","count":"2"}},{"shape_attributes":{"name":"circle","cx":51,"cy":236,"r":17},"region_attributes":{"Type":"2","count":"7"}},{"shape_attributes":{"name":"circle","cx":48,"cy":275,"r":16},"region_attributes":{"Type":"2","count":"6"}},{"shape_attributes":{"name":"circle","cx":103,"cy":323,"r":15},"region_attributes":{"Type":"2","count":"8"}},{"shape_attributes":{"name":"circle","cx":54,"cy":362,"r":14},"region_attributes":{"Type":"2","count":"2"}},{"shape_attributes":{"name":"circle","cx":107,"cy":375,"r":10},"region_attributes":{"Type":"2","count":"1"}},{"shape_attributes":{"name":"circle","cx":97,"cy":434,"r":15},"region_attributes":{"Type":"2","count":"3"}},{"shape_attributes":{"name":"circle","cx":53,"cy":471,"r":17},"region_attributes":{"Type":"2","count":"12"}}],"file_attributes":{"date":"2021-06-24","temp":"","rain":"2","neighborhood":"Sherman Height","total_count":""}},"https://drive.google.com/uc?export=view&id=1Zb2WTZlz7sHgCeeAZTcFYmrFFw2Y_gZp\n":{"filename":"https://drive.google.com/uc?export=view&id=1Zb2WTZlz7sHgCeeAZTcFYmrFFw2Y_gZp\n","size":-1,"regions":[{"shape_attributes":{"name":"circle","cx":16,"cy":96,"r":16},"region_attributes":{"Type":"2","count":"6"}},{"shape_attributes":{"name":"circle","cx":52,"cy":97,"r":17},"region_attributes":{"Type":"2","count":"3"}},{"shape_attributes":{"name":"circle","cx":17,"cy":147,"r":12},"region_attributes":{"Type":"2","count":"2"}},{"shape_attributes":{"name":"circle","cx":58,"cy":187,"r":13},"region_attributes":{"Type":"2","count":"1"}},{"shape_attributes":{"name":"circle","cx":17,"cy":188,"r":12},"region_attributes":{"Type":"2","count":"11"}},{"shape_attributes":{"name":"circle","cx":20,"cy":226,"r":14},"region_attributes":{"Type":"1","count":"3"}},{"shape_attributes":{"name":"circle","cx":16,"cy":264,"r":16},"region_attributes":{"Type":"2","count":"3"}},{"shape_attributes":{"name":"circle","cx":73,"cy":311,"r":13},"region_attributes":{"Type":"2","count":"3"}},{"shape_attributes":{"name":"circle","cx":45,"cy":369,"r":13},"region_attributes":{"Type":"2","count":"12"}},{"shape_attributes":{"name":"circle","cx":77,"cy":392,"r":13},"region_attributes":{"Type":"2","count":"7"}},{"shape_attributes":{"name":"circle","cx":75,"cy":413,"r":11},"region_attributes":{"Type":"2","count":"6"}},{"shape_attributes":{"name":"circle","cx":77,"cy":446,"r":14},"region_attributes":{"Type":"2","count":"4"}},{"shape_attributes":{"name":"circle","cx":58,"cy":471,"r":15},"region_attributes":{"Type":"2","count":"7"}}],"file_attributes":{"date":"2021-07-30","temp":"","rain":"2","neighborhood":"Sherman Height","total_count":""}},"https://drive.google.com/uc?export=view&id=1aQedr8rzCfNHYkL2_R-GfU1YeGwRFi67\n":{"filename":"https://drive.google.com/uc?export=view&id=1aQedr8rzCfNHYkL2_R-GfU1YeGwRFi67\n","size":-1,"regions":[{"shape_attributes":{"name":"circle","cx":16,"cy":64,"r":16},"region_attributes":{"Type":"2","count":"9"}},{"shape_attributes":{"name":"circle","cx":53,"cy":63,"r":13},"region_attributes":{"Type":"2","count":"2"}},{"shape_attributes":{"name":"circle","cx":114,"cy":48,"r":11},"region_attributes":{"Type":"2","count":"4"}},{"shape_attributes":{"name":"circle","cx":20,"cy":164,"r":14},"region_attributes":{"Type":"2","count":"9"}},{"shape_attributes":{"name":"circle","cx":18,"cy":250,"r":13},"region_attributes":{"Type":"2","count":"3"}},{"shape_attributes":{"name":"circle","cx":20,"cy":308,"r":15},"region_attributes":{"Type":"2","count":"7"}},{"shape_attributes":{"name":"circle","cx":59,"cy":306,"r":12},"region_attributes":{"Type":"2","count":"1"}},{"shape_attributes":{"name":"circle","cx":69,"cy":331,"r":12},"region_attributes":{"Type":"2","count":"1"}},{"shape_attributes":{"name":"circle","cx":80,"cy":386,"r":12},"region_attributes":{"Type":"2","count":"6"}},{"shape_attributes":{"name":"circle","cx":18,"cy":458,"r":16},"region_attributes":{"Type":"2","count":"5"}},{"shape_attributes":{"name":"circle","cx":60,"cy":444,"r":13},"region_attributes":{"Type":"2","count":"3"}},{"shape_attributes":{"name":"circle","cx":86,"cy":439,"r":13},"region_attributes":{"Type":"2","count":"2"}},{"shape_attributes":{"name":"circle","cx":65,"cy":489,"r":14},"region_attributes":{"Type":"2","count":"11"}}],"file_attributes":{"date":"2021-08-27","temp":"","rain":"2","neighborhood":"Sherman Height","total_count":""}},"https://drive.google.com/uc?export=view&id=1OqB_YymJncu2TjN1q2bI5lwBykbJNCk5\n":{"filename":"https://drive.google.com/uc?export=view&id=1OqB_YymJncu2TjN1q2bI5lwBykbJNCk5\n","size":-1,"regions":[{"shape_attributes":{"name":"circle","cx":79,"cy":65,"r":17},"region_attributes":{"Type":"2","count":"3"}},{"shape_attributes":{"name":"circle","cx":55,"cy":173,"r":14},"region_attributes":{"Type":"2","count":"3"}},{"shape_attributes":{"name":"circle","cx":66,"cy":248,"r":14},"region_attributes":{"Type":"2","count":"7"}},{"shape_attributes":{"name":"circle","cx":81,"cy":443,"r":13},"region_attributes":{"Type":"3","count":"2"}},{"shape_attributes":{"name":"circle","cx":66,"cy":471,"r":42},"region_attributes":{"Type":"2","count":"25"}}],"file_attributes":{"date":"2021-09-30","temp":"","rain":"2","neighborhood":"Sherman Height","total_count":""}},"https://drive.google.com/uc?export=view&id=1YSr11zVKNsp4EL-XojZkwd4MYLHY9pfW\n":{"filename":"https://drive.google.com/uc?export=view&id=1YSr11zVKNsp4EL-XojZkwd4MYLHY9pfW\n","size":-1,"regions":[{"shape_attributes":{"name":"circle","cx":36,"cy":125,"r":17},"region_attributes":{"Type":"2","count":"6"}},{"shape_attributes":{"name":"circle","cx":45,"cy":403,"r":18},"region_attributes":{"Type":"2","count":"2"}},{"shape_attributes":{"name":"circle","cx":14,"cy":459,"r":15},"region_attributes":{"Type":"2","count":"5"}},{"shape_attributes":{"name":"circle","cx":52,"cy":461,"r":12},"region_attributes":{"Type":"1","count":"1"}},{"shape_attributes":{"name":"circle","cx":71,"cy":461,"r":12},"region_attributes":{"Type":"1","count":"1"}},{"shape_attributes":{"name":"circle","cx":38,"cy":93,"r":11},"region_attributes":{"Type":"1","count":"2"}}],"file_attributes":{"date":"2021-10-28","temp":"","rain":"2","neighborhood":"Sherman Height","total_count":""}},"https://drive.google.com/uc?export=view&id=1Mys0HZa10JcA3LcTxCvMQSONGlFgYXQd\n":{"filename":"https://drive.google.com/uc?export=view&id=1Mys0HZa10JcA3LcTxCvMQSONGlFgYXQd\n","size":-1,"regions":[{"shape_attributes":{"name":"circle","cx":30,"cy":71,"r":15},"region_attributes":{"Type":"2","count":"3"}},{"shape_attributes":{"name":"circle","cx":58,"cy":157,"r":14},"region_attributes":{"Type":"2","count":"3"}},{"shape_attributes":{"name":"circle","cx":64,"cy":194,"r":12},"region_attributes":{"Type":"2","count":"3"}},{"shape_attributes":{"name":"circle","cx":63,"cy":213,"r":9},"region_attributes":{"Type":"2","count":"2"}},{"shape_attributes":{"name":"circle","cx":74,"cy":211,"r":8},"region_attributes":{"Type":"1","count":"1"}},{"shape_attributes":{"name":"circle","cx":83,"cy":301,"r":15},"region_attributes":{"Type":"2","count":"1"}},{"shape_attributes":{"name":"circle","cx":69,"cy":335,"r":14},"region_attributes":{"Type":"2","count":"2"}},{"shape_attributes":{"name":"circle","cx":53,"cy":351,"r":13},"region_attributes":{"Type":"2","count":"9"}},{"shape_attributes":{"name":"circle","cx":87,"cy":390,"r":11},"region_attributes":{"Type":"3","count":"1"}},{"shape_attributes":{"name":"circle","cx":79,"cy":398,"r":11},"region_attributes":{"Type":"2","count":"3"}},{"shape_attributes":{"name":"circle","cx":88,"cy":432,"r":10},"region_attributes":{"Type":"3","count":"1"}},{"shape_attributes":{"name":"circle","cx":63,"cy":442,"r":15},"region_attributes":{"Type":"2","count":"2"}},{"shape_attributes":{"name":"circle","cx":71,"cy":471,"r":13},"region_attributes":{"Type":"1","count":"1"}}],"file_attributes":{"date":"2021-11-23","temp":"","rain":"2","neighborhood":"Sherman Height","total_count":""}},"https://drive.google.com/uc?export=view&id=1VfIM7eh6vMEsGvLbBSB6UUzApd3Vsup_\n":{"filename":"https://drive.google.com/uc?export=view&id=1VfIM7eh6vMEsGvLbBSB6UUzApd3Vsup_\n","size":-1,"regions":[{"shape_attributes":{"name":"circle","cx":49,"cy":97,"r":20},"region_attributes":{"Type":"2","count":"7"}},{"shape_attributes":{"name":"circle","cx":77,"cy":171,"r":17},"region_attributes":{"Type":"2","count":"5"}},{"shape_attributes":{"name":"circle","cx":85,"cy":213,"r":15},"region_attributes":{"Type":"2","count":"2"}},{"shape_attributes":{"name":"circle","cx":86,"cy":341,"r":15},"region_attributes":{"Type":"2","count":"4"}},{"shape_attributes":{"name":"circle","cx":44,"cy":348,"r":16},"region_attributes":{"Type":"2","count":"1"}},{"shape_attributes":{"name":"circle","cx":70,"cy":363,"r":14},"region_attributes":{"Type":"2","count":"8"}},{"shape_attributes":{"name":"circle","cx":98,"cy":393,"r":14},"region_attributes":{"Type":"1","count":"2"}},{"shape_attributes":{"name":"circle","cx":101,"cy":416,"r":15},"region_attributes":{"Type":"3","count":"2"}},{"shape_attributes":{"name":"circle","cx":101,"cy":436,"r":10},"region_attributes":{"Type":"1","count":"1"}}],"file_attributes":{"date":"2021-12-22","temp":"","rain":"2","neighborhood":"Sherman Height","total_count":""}}},"_via_attributes":{"region":{"Type":{"type":"dropdown","description":"","options":{"1":"Individual","2":"Structure","3":"Vehicle"},"default_options":{}},"count":{"type":"text","description":"","default_value":""}},"file":{"date":{"type":"text","description":"","default_value":""},"temp":{"type":"text","description":"","default_value":""},"rain":{"type":"dropdown","description":"","options":{"1":"rain","2":"clear"},"default_options":{"2":true}},"neighborhood":{"type":"text","description":"","default_value":"Sherman Height"},"total_count":{"type":"text","description":"","default_value":""}}},"_via_data_format_version":"2.0.10","_via_image_id_list":["https://drive.google.com/uc?export=view&id=1fkcIu-pbR9lz7Ipu76-TIA6SuuEYEm37\n","https://drive.google.com/uc?export=view&id=12SDFZYyZdtZIno3Qmp3226xwEt4aObbz\n","https://drive.google.com/uc?export=view&id=1Zb2WTZlz7sHgCeeAZTcFYmrFFw2Y_gZp\n","https://drive.google.com/uc?export=view&id=1aQedr8rzCfNHYkL2_R-GfU1YeGwRFi67\n","https://drive.google.com/uc?export=view&id=1OqB_YymJncu2TjN1q2bI5lwBykbJNCk5\n","https://drive.google.com/uc?export=view&id=1YSr11zVKNsp4EL-XojZkwd4MYLHY9pfW\n","https://drive.google.com/uc?export=view&id=1Mys0HZa10JcA3LcTxCvMQSONGlFgYXQd\n","https://drive.google.com/uc?export=view&id=1VfIM7eh6vMEsGvLbBSB6UUzApd3Vsup_\n"]}