{"_via_settings":{"ui":{"annotation_editor_height":25,"annotation_editor_fontsize":0.8,"leftsidebar_width":18,"image_grid":{"img_height":80,"rshape_fill":"none","rshape_fill_opacity":0.3,"rshape_stroke":"yellow","rshape_stroke_width":2,"show_region_shape":true,"show_image_policy":"all"},"image":{"region_label":"__via_region_id__","region_color":"__via_default_region_color__","region_label_font":"10px Sans","on_image_annotation_editor_placement":"NEAR_REGION"}},"core":{"buffer_size":18,"filepath":{},"default_filepath":""},"project":{"name":"City Center_2021_gcp"}},"_via_img_metadata":{"https://drive.google.com/uc?export=view&id=1-quXvc0GNjU7svP4tIIK4wqNEpNSno88\n":{"filename":"https://drive.google.com/uc?export=view&id=1-quXvc0GNjU7svP4tIIK4wqNEpNSno88\n","size":-1,"regions":[{"shape_attributes":{"name":"rect","x":204,"y":190,"width":15,"height":11},"region_attributes":{"Intersection":"2"}},{"shape_attributes":{"name":"rect","x":202,"y":305,"width":17,"height":20},"region_attributes":{"Intersection":"1"}},{"shape_attributes":{"name":"rect","x":682,"y":312,"width":11,"height":12},"region_attributes":{"Intersection":"3"}},{"shape_attributes":{"name":"rect","x":680,"y":190,"width":13,"height":13},"region_attributes":{"Intersection":"4"}}],"file_attributes":{}},"https://drive.google.com/uc?export=view&id=1cFqbXlMFV5V-ppHDuntQkmgIONI8juWS\n":{"filename":"https://drive.google.com/uc?export=view&id=1cFqbXlMFV5V-ppHDuntQkmgIONI8juWS\n","size":-1,"regions":[{"shape_attributes":{"name":"rect","x":190,"y":174,"width":15,"height":11},"region_attributes":{"Intersection":"2"}},{"shape_attributes":{"name":"rect","x":191,"y":290,"width":17,"height":20},"region_attributes":{"Intersection":"1"}},{"shape_attributes":{"name":"rect","x":656,"y":292,"width":11,"height":12},"region_attributes":{"Intersection":"3"}},{"shape_attributes":{"name":"rect","x":656,"y":172,"width":13,"height":13},"region_attributes":{"Intersection":"4"}}],"file_attributes":{}},"https://drive.google.com/uc?export=view&id=1f9Zr_0JkeOIKeBJTIOWK2N9_FihSM2GR\n":{"filename":"https://drive.google.com/uc?export=view&id=1f9Zr_0JkeOIKeBJTIOWK2N9_FihSM2GR\n","size":-1,"regions":[{"shape_attributes":{"name":"rect","x":204,"y":190,"width":15,"height":11},"region_attributes":{"Intersection":"2"}},{"shape_attributes":{"name":"rect","x":202,"y":305,"width":17,"height":20},"region_attributes":{"Intersection":"1"}},{"shape_attributes":{"name":"rect","x":672,"y":308,"width":11,"height":12},"region_attributes":{"Intersection":"3"}},{"shape_attributes":{"name":"rect","x":672,"y":192,"width":13,"height":13},"region_attributes":{"Intersection":"4"}}],"file_attributes":{}},"https://drive.google.com/uc?export=view&id=1H8eqGjzxVmD9FEqtSwX46gxOinjPMomE\n":{"filename":"https://drive.google.com/uc?export=view&id=1H8eqGjzxVmD9FEqtSwX46gxOinjPMomE\n","size":-1,"regions":[{"shape_attributes":{"name":"rect","x":202,"y":196,"width":15,"height":11},"region_attributes":{"Intersection":"2"}},{"shape_attributes":{"name":"rect","x":202,"y":305,"width":17,"height":20},"region_attributes":{"Intersection":"1"}},{"shape_attributes":{"name":"rect","x":664,"y":315,"width":11,"height":12},"region_attributes":{"Intersection":"3"}},{"shape_attributes":{"name":"rect","x":667,"y":194,"width":13,"height":13},"region_attributes":{"Intersection":"4"}}],"file_attributes":{}},"https://drive.google.com/uc?export=view&id=1uq3RrEHYVCsQ9s-HICa3pfu7b2i7iKIn\n":{"filename":"https://drive.google.com/uc?export=view&id=1uq3RrEHYVCsQ9s-HICa3pfu7b2i7iKIn\n","size":-1,"regions":[{"shape_attributes":{"name":"rect","x":204,"y":190,"width":15,"height":11},"region_attributes":{"Intersection":"2"}},{"shape_attributes":{"name":"rect","x":202,"y":305,"width":17,"height":20},"region_attributes":{"Intersection":"1"}},{"shape_attributes":{"name":"rect","x":665,"y":303,"width":11,"height":12},"region_attributes":{"Intersection":"3"}},{"shape_attributes":{"name":"rect","x":666,"y":188,"width":13,"height":13},"region_attributes":{"Intersection":"4"}}],"file_attributes":{}},"https://drive.google.com/uc?export=view&id=1XHcELSmWLCUGqZa0HQ7lez2UoYwbwBET\n":{"filename":"https://drive.google.com/uc?export=view&id=1XHcELSmWLCUGqZa0HQ7lez2UoYwbwBET\n","size":-1,"regions":[{"shape_attributes":{"name":"rect","x":208,"y":186,"width":15,"height":16},"region_attributes":{"Intersection":"2"}},{"shape_attributes":{"name":"rect","x":207,"y":300,"width":17,"height":20},"region_attributes":{"Intersection":"1"}},{"shape_attributes":{"name":"rect","x":673,"y":305,"width":11,"height":12},"region_attributes":{"Intersection":"3"}},{"shape_attributes":{"name":"rect","x":670,"y":185,"width":13,"height":13},"region_attributes":{"Intersection":"4"}}],"file_attributes":{}},"https://drive.google.com/uc?export=view&id=1oFE1MChhntKGyV3rTDH9OGSiNFGksDDo\n":{"filename":"https://drive.google.com/uc?export=view&id=1oFE1MChhntKGyV3rTDH9OGSiNFGksDDo\n","size":-1,"regions":[{"shape_attributes":{"name":"rect","x":195,"y":190,"width":15,"height":14},"region_attributes":{"Intersection":"2"}},{"shape_attributes":{"name":"rect","x":197,"y":305,"width":17,"height":20},"region_attributes":{"Intersection":"1"}},{"shape_attributes":{"name":"rect","x":672,"y":304,"width":13,"height":14},"region_attributes":{"Intersection":"3"}},{"shape_attributes":{"name":"rect","x":672,"y":185,"width":13,"height":13},"region_attributes":{"Intersection":"4"}}],"file_attributes":{}},"https://drive.google.com/uc?export=view&id=1TPcrSFjPgEr553QdR933vFd8-C7pmzuV\n":{"filename":"https://drive.google.com/uc?export=view&id=1TPcrSFjPgEr553QdR933vFd8-C7pmzuV\n","size":-1,"regions":[{"shape_attributes":{"name":"rect","x":188,"y":167,"width":15,"height":11},"region_attributes":{"Intersection":"2"}},{"shape_attributes":{"name":"rect","x":190,"y":291,"width":14,"height":20},"region_attributes":{"Intersection":"1"}},{"shape_attributes":{"name":"rect","x":695,"y":295,"width":12,"height":12},"region_attributes":{"Intersection":"3"}},{"shape_attributes":{"name":"rect","x":694,"y":168,"width":13,"height":13},"region_attributes":{"Intersection":"4"}}],"file_attributes":{}},"https://drive.google.com/uc?export=view&id=1DjUZoFEg_hAagWyrG_sNkC7FnmL7LJcR\n":{"filename":"https://drive.google.com/uc?export=view&id=1DjUZoFEg_hAagWyrG_sNkC7FnmL7LJcR\n","size":-1,"regions":[{"shape_attributes":{"name":"rect","x":196,"y":173,"width":15,"height":15},"region_attributes":{"Intersection":"2"}},{"shape_attributes":{"name":"rect","x":190,"y":291,"width":14,"height":20},"region_attributes":{"Intersection":"1"}},{"shape_attributes":{"name":"rect","x":675,"y":295,"width":14,"height":17},"region_attributes":{"Intersection":"3"}},{"shape_attributes":{"name":"rect","x":674,"y":173,"width":13,"height":13},"region_attributes":{"Intersection":"4"}}],"file_attributes":{}},"https://drive.google.com/uc?export=view&id=1Nk2roOnNWz_zJGq_kr6RMLkt8WC1kDLP\n":{"filename":"https://drive.google.com/uc?export=view&id=1Nk2roOnNWz_zJGq_kr6RMLkt8WC1kDLP\n","size":-1,"regions":[{"shape_attributes":{"name":"rect","x":165,"y":144,"width":15,"height":15},"region_attributes":{"Intersection":"2"}},{"shape_attributes":{"name":"rect","x":166,"y":260,"width":14,"height":20},"region_attributes":{"Intersection":"1"}},{"shape_attributes":{"name":"rect","x":636,"y":261,"width":14,"height":17},"region_attributes":{"Intersection":"3"}},{"shape_attributes":{"name":"rect","x":637,"y":143,"width":13,"height":13},"region_attributes":{"Intersection":"4"}}],"file_attributes":{}},"https://drive.google.com/uc?export=view&id=1CFjNNuZZ1Z26WcVPjN2N1pVdRJyCLpe1\n":{"filename":"https://drive.google.com/uc?export=view&id=1CFjNNuZZ1Z26WcVPjN2N1pVdRJyCLpe1\n","size":-1,"regions":[{"shape_attributes":{"name":"rect","x":193,"y":157,"width":15,"height":15},"region_attributes":{"Intersection":"2"}},{"shape_attributes":{"name":"rect","x":193,"y":281,"width":13,"height":20},"region_attributes":{"Intersection":"1"}},{"shape_attributes":{"name":"rect","x":697,"y":284,"width":14,"height":17},"region_attributes":{"Intersection":"3"}},{"shape_attributes":{"name":"rect","x":701,"y":159,"width":13,"height":13},"region_attributes":{"Intersection":"4"}}],"file_attributes":{}},"https://drive.google.com/uc?export=view&id=1O5Lauo5EWQ60TcILmDn2QPdIUpLcFNzo\n":{"filename":"https://drive.google.com/uc?export=view&id=1O5Lauo5EWQ60TcILmDn2QPdIUpLcFNzo\n","size":-1,"regions":[{"shape_attributes":{"name":"rect","x":196,"y":173,"width":15,"height":15},"region_attributes":{"Intersection":"2"}},{"shape_attributes":{"name":"rect","x":194,"y":291,"width":14,"height":20},"region_attributes":{"Intersection":"1"}},{"shape_attributes":{"name":"rect","x":670,"y":292,"width":14,"height":17},"region_attributes":{"Intersection":"3"}},{"shape_attributes":{"name":"rect","x":670,"y":174,"width":13,"height":13},"region_attributes":{"Intersection":"4"}}],"file_attributes":{}}},"_via_attributes":{"region":{"Intersection":{"type":"dropdown","description":"","options":{"1":"Front_Broadway","2":"Front_B","3":"11th_Broadway","4":"11th_B"},"default_options":{}}},"file":{}},"_via_data_format_version":"2.0.10","_via_image_id_list":["https://drive.google.com/uc?export=view&id=1-quXvc0GNjU7svP4tIIK4wqNEpNSno88\n","https://drive.google.com/uc?export=view&id=1cFqbXlMFV5V-ppHDuntQkmgIONI8juWS\n","https://drive.google.com/uc?export=view&id=1f9Zr_0JkeOIKeBJTIOWK2N9_FihSM2GR\n","https://drive.google.com/uc?export=view&id=1H8eqGjzxVmD9FEqtSwX46gxOinjPMomE\n","https://drive.google.com/uc?export=view&id=1uq3RrEHYVCsQ9s-HICa3pfu7b2i7iKIn\n","https://drive.google.com/uc?export=view&id=1XHcELSmWLCUGqZa0HQ7lez2UoYwbwBET\n","https://drive.google.com/uc?export=view&id=1oFE1MChhntKGyV3rTDH9OGSiNFGksDDo\n","https://drive.google.com/uc?export=view&id=1TPcrSFjPgEr553QdR933vFd8-C7pmzuV\n","https://drive.google.com/uc?export=view&id=1DjUZoFEg_hAagWyrG_sNkC7FnmL7LJcR\n","https://drive.google.com/uc?export=view&id=1Nk2roOnNWz_zJGq_kr6RMLkt8WC1kDLP\n","https://drive.google.com/uc?export=view&id=1CFjNNuZZ1Z26WcVPjN2N1pVdRJyCLpe1\n","https://drive.google.com/uc?export=view&id=1O5Lauo5EWQ60TcILmDn2QPdIUpLcFNzo\n"]}