{"_via_settings":{"ui":{"annotation_editor_height":25,"annotation_editor_fontsize":0.8,"leftsidebar_width":18,"image_grid":{"img_height":80,"rshape_fill":"none","rshape_fill_opacity":0.3,"rshape_stroke":"yellow","rshape_stroke_width":2,"show_region_shape":true,"show_image_policy":"all"},"image":{"region_label":"__via_region_id__","region_color":"__via_default_region_color__","region_label_font":"10px Sans","on_image_annotation_editor_placement":"NEAR_REGION"}},"core":{"buffer_size":18,"filepath":{},"default_filepath":""},"project":{"name":"Columbia_2020_gcp"}},"_via_img_metadata":{"https://drive.google.com/uc?export=view&id=1Gt_Ulr8FjbDJtKk6yY8XlGzS3jtyagBG\n":{"filename":"https://drive.google.com/uc?export=view&id=1Gt_Ulr8FjbDJtKk6yY8XlGzS3jtyagBG\n","size":-1,"regions":[{"shape_attributes":{"name":"rect","x":422,"y":115,"width":15,"height":14},"region_attributes":{"Intersection":"3"}},{"shape_attributes":{"name":"rect","x":421,"y":333,"width":17,"height":19},"region_attributes":{"Intersection":"3"}},{"shape_attributes":{"name":"rect","x":637,"y":334,"width":19,"height":20},"region_attributes":{"Intersection":"1"}},{"shape_attributes":{"name":"rect","x":636,"y":113,"width":18,"height":14},"region_attributes":{"Intersection":"2"}}],"file_attributes":{}},"https://drive.google.com/uc?export=view&id=1dzGXSMVjdqz3dS-ulrPWFk08SNGwbp_w\n":{"filename":"https://drive.google.com/uc?export=view&id=1dzGXSMVjdqz3dS-ulrPWFk08SNGwbp_w\n","size":-1,"regions":[{"shape_attributes":{"name":"rect","x":417,"y":115,"width":15,"height":14},"region_attributes":{"Intersection":"3"}},{"shape_attributes":{"name":"rect","x":416,"y":332,"width":17,"height":19},"region_attributes":{"Intersection":"3"}},{"shape_attributes":{"name":"rect","x":632,"y":331,"width":19,"height":20},"region_attributes":{"Intersection":"1"}},{"shape_attributes":{"name":"rect","x":633,"y":113,"width":18,"height":14},"region_attributes":{"Intersection":"2"}}],"file_attributes":{}},"https://drive.google.com/uc?export=view&id=1xyc9murWg5F55nEng39dXg34RczzqILN\n":{"filename":"https://drive.google.com/uc?export=view&id=1xyc9murWg5F55nEng39dXg34RczzqILN\n","size":-1,"regions":[{"shape_attributes":{"name":"rect","x":441,"y":114,"width":15,"height":14},"region_attributes":{"Intersection":"3"}},{"shape_attributes":{"name":"rect","x":439,"y":332,"width":17,"height":19},"region_attributes":{"Intersection":"3"}},{"shape_attributes":{"name":"rect","x":653,"y":331,"width":19,"height":20},"region_attributes":{"Intersection":"1"}},{"shape_attributes":{"name":"rect","x":655,"y":113,"width":18,"height":14},"region_attributes":{"Intersection":"2"}}],"file_attributes":{}},"https://drive.google.com/uc?export=view&id=1gIBE8cIabyeNohxEyHkWm7ejY8M_F5YZ\n":{"filename":"https://drive.google.com/uc?export=view&id=1gIBE8cIabyeNohxEyHkWm7ejY8M_F5YZ\n","size":-1,"regions":[{"shape_attributes":{"name":"rect","x":407,"y":116,"width":15,"height":14},"region_attributes":{"Intersection":"3"}},{"shape_attributes":{"name":"rect","x":408,"y":330,"width":17,"height":19},"region_attributes":{"Intersection":"3"}},{"shape_attributes":{"name":"rect","x":616,"y":330,"width":19,"height":20},"region_attributes":{"Intersection":"1"}},{"shape_attributes":{"name":"rect","x":617,"y":118,"width":18,"height":14},"region_attributes":{"Intersection":"2"}}],"file_attributes":{}},"https://drive.google.com/uc?export=view&id=17hkC62XS3FINvKNQN5udDMpTY1da_ccB\n":{"filename":"https://drive.google.com/uc?export=view&id=17hkC62XS3FINvKNQN5udDMpTY1da_ccB\n","size":-1,"regions":[{"shape_attributes":{"name":"rect","x":411,"y":122,"width":15,"height":14},"region_attributes":{"Intersection":"3"}},{"shape_attributes":{"name":"rect","x":409,"y":341,"width":17,"height":19},"region_attributes":{"Intersection":"3"}},{"shape_attributes":{"name":"rect","x":624,"y":341,"width":19,"height":20},"region_attributes":{"Intersection":"1"}},{"shape_attributes":{"name":"rect","x":629,"y":121,"width":18,"height":14},"region_attributes":{"Intersection":"2"}}],"file_attributes":{}},"https://drive.google.com/uc?export=view&id=11Bdlbt2rw7PGpjWvfqiN2d_uYq29RL8G\n":{"filename":"https://drive.google.com/uc?export=view&id=11Bdlbt2rw7PGpjWvfqiN2d_uYq29RL8G\n","size":-1,"regions":[{"shape_attributes":{"name":"rect","x":420,"y":124,"width":15,"height":14},"region_attributes":{"Intersection":"3"}},{"shape_attributes":{"name":"rect","x":419,"y":344,"width":17,"height":19},"region_attributes":{"Intersection":"3"}},{"shape_attributes":{"name":"rect","x":634,"y":343,"width":19,"height":20},"region_attributes":{"Intersection":"1"}},{"shape_attributes":{"name":"rect","x":636,"y":122,"width":18,"height":14},"region_attributes":{"Intersection":"2"}}],"file_attributes":{}},"https://drive.google.com/uc?export=view&id=1LL6YxZCrw24Bhl392Vnh0WiCPy7gD2Dn\n":{"filename":"https://drive.google.com/uc?export=view&id=1LL6YxZCrw24Bhl392Vnh0WiCPy7gD2Dn\n","size":-1,"regions":[{"shape_attributes":{"name":"rect","x":419,"y":124,"width":15,"height":14},"region_attributes":{"Intersection":"3"}},{"shape_attributes":{"name":"rect","x":416,"y":344,"width":17,"height":19},"region_attributes":{"Intersection":"3"}},{"shape_attributes":{"name":"rect","x":632,"y":343,"width":19,"height":20},"region_attributes":{"Intersection":"1"}},{"shape_attributes":{"name":"rect","x":635,"y":126,"width":18,"height":14},"region_attributes":{"Intersection":"2"}}],"file_attributes":{}},"https://drive.google.com/uc?export=view&id=1xsYk3jwhD1nUUMXhoQA8LNWgvbUXTFhI\n":{"filename":"https://drive.google.com/uc?export=view&id=1xsYk3jwhD1nUUMXhoQA8LNWgvbUXTFhI\n","size":-1,"regions":[{"shape_attributes":{"name":"rect","x":411,"y":115,"width":15,"height":14},"region_attributes":{"Intersection":"3"}},{"shape_attributes":{"name":"rect","x":409,"y":334,"width":17,"height":19},"region_attributes":{"Intersection":"3"}},{"shape_attributes":{"name":"rect","x":624,"y":333,"width":19,"height":20},"region_attributes":{"Intersection":"1"}},{"shape_attributes":{"name":"rect","x":629,"y":114,"width":18,"height":14},"region_attributes":{"Intersection":"2"}}],"file_attributes":{}},"https://drive.google.com/uc?export=view&id=1AXvtpK52XUh12UZqt42hA2Z63Jf9655z\n":{"filename":"https://drive.google.com/uc?export=view&id=1AXvtpK52XUh12UZqt42hA2Z63Jf9655z\n","size":-1,"regions":[{"shape_attributes":{"name":"rect","x":418,"y":125,"width":15,"height":14},"region_attributes":{"Intersection":"3"}},{"shape_attributes":{"name":"rect","x":414,"y":345,"width":17,"height":19},"region_attributes":{"Intersection":"3"}},{"shape_attributes":{"name":"rect","x":631,"y":344,"width":19,"height":20},"region_attributes":{"Intersection":"1"}},{"shape_attributes":{"name":"rect","x":635,"y":125,"width":18,"height":14},"region_attributes":{"Intersection":"2"}}],"file_attributes":{}},"https://drive.google.com/uc?export=view&id=19z0ymgspQXnXiVj8uPHNGR5dG9farIap\n":{"filename":"https://drive.google.com/uc?export=view&id=19z0ymgspQXnXiVj8uPHNGR5dG9farIap\n","size":-1,"regions":[{"shape_attributes":{"name":"rect","x":412,"y":123,"width":15,"height":14},"region_attributes":{"Intersection":"3"}},{"shape_attributes":{"name":"rect","x":409,"y":344,"width":17,"height":19},"region_attributes":{"Intersection":"3"}},{"shape_attributes":{"name":"rect","x":626,"y":342,"width":19,"height":20},"region_attributes":{"Intersection":"1"}},{"shape_attributes":{"name":"rect","x":625,"y":124,"width":18,"height":14},"region_attributes":{"Intersection":"2"}}],"file_attributes":{}},"https://drive.google.com/uc?export=view&id=10poS3xIt-gHZaRY8BBLywTtlaYC6-FMZ\n":{"filename":"https://drive.google.com/uc?export=view&id=10poS3xIt-gHZaRY8BBLywTtlaYC6-FMZ\n","size":-1,"regions":[{"shape_attributes":{"name":"rect","x":418,"y":123,"width":15,"height":14},"region_attributes":{"Intersection":"3"}},{"shape_attributes":{"name":"rect","x":414,"y":344,"width":17,"height":19},"region_attributes":{"Intersection":"3"}},{"shape_attributes":{"name":"rect","x":630,"y":343,"width":19,"height":20},"region_attributes":{"Intersection":"1"}},{"shape_attributes":{"name":"rect","x":633,"y":123,"width":18,"height":14},"region_attributes":{"Intersection":"2"}}],"file_attributes":{}},"https://drive.google.com/uc?export=view&id=1hIFzvV-5-O5jkG5TTcjFiKUkSBweeXF4\n":{"filename":"https://drive.google.com/uc?export=view&id=1hIFzvV-5-O5jkG5TTcjFiKUkSBweeXF4\n","size":-1,"regions":[{"shape_attributes":{"name":"rect","x":397,"y":84,"width":15,"height":14},"region_attributes":{"Intersection":"3"}},{"shape_attributes":{"name":"rect","x":395,"y":317,"width":17,"height":19},"region_attributes":{"Intersection":"3"}},{"shape_attributes":{"name":"rect","x":626,"y":317,"width":19,"height":20},"region_attributes":{"Intersection":"1"}},{"shape_attributes":{"name":"rect","x":626,"y":84,"width":18,"height":14},"region_attributes":{"Intersection":"2"}}],"file_attributes":{}}},"_via_attributes":{"region":{"Intersection":{"type":"dropdown","description":"","options":{"1":"State_Broadway","2":"State_A","3":"Ketner_Broadway","4":"Ketner_A"},"default_options":{}}},"file":{}},"_via_data_format_version":"2.0.10","_via_image_id_list":["https://drive.google.com/uc?export=view&id=1Gt_Ulr8FjbDJtKk6yY8XlGzS3jtyagBG\n","https://drive.google.com/uc?export=view&id=1dzGXSMVjdqz3dS-ulrPWFk08SNGwbp_w\n","https://drive.google.com/uc?export=view&id=1xyc9murWg5F55nEng39dXg34RczzqILN\n","https://drive.google.com/uc?export=view&id=1gIBE8cIabyeNohxEyHkWm7ejY8M_F5YZ\n","https://drive.google.com/uc?export=view&id=17hkC62XS3FINvKNQN5udDMpTY1da_ccB\n","https://drive.google.com/uc?export=view&id=11Bdlbt2rw7PGpjWvfqiN2d_uYq29RL8G\n","https://drive.google.com/uc?export=view&id=1LL6YxZCrw24Bhl392Vnh0WiCPy7gD2Dn\n","https://drive.google.com/uc?export=view&id=1xsYk3jwhD1nUUMXhoQA8LNWgvbUXTFhI\n","https://drive.google.com/uc?export=view&id=1AXvtpK52XUh12UZqt42hA2Z63Jf9655z\n","https://drive.google.com/uc?export=view&id=19z0ymgspQXnXiVj8uPHNGR5dG9farIap\n","https://drive.google.com/uc?export=view&id=10poS3xIt-gHZaRY8BBLywTtlaYC6-FMZ\n","https://drive.google.com/uc?export=view&id=1hIFzvV-5-O5jkG5TTcjFiKUkSBweeXF4\n"]}