{"_via_settings":{"ui":{"annotation_editor_height":25,"annotation_editor_fontsize":0.8,"leftsidebar_width":18,"image_grid":{"img_height":80,"rshape_fill":"none","rshape_fill_opacity":0.3,"rshape_stroke":"yellow","rshape_stroke_width":2,"show_region_shape":true,"show_image_policy":"all"},"image":{"region_label":"__via_region_id__","region_color":"__via_default_region_color__","region_label_font":"10px Sans","on_image_annotation_editor_placement":"NEAR_REGION"}},"core":{"buffer_size":18,"filepath":{},"default_filepath":""},"project":{"name":"Columbia_2021_gcp"}},"_via_img_metadata":{"https://drive.google.com/uc?export=view&id=1vgtOADW1kDdyo1BcfWMIRYGMKWwpjkMA\n":{"filename":"https://drive.google.com/uc?export=view&id=1vgtOADW1kDdyo1BcfWMIRYGMKWwpjkMA\n","size":-1,"regions":[{"shape_attributes":{"name":"rect","x":425,"y":122,"width":15,"height":14},"region_attributes":{"Intersection":"4"}},{"shape_attributes":{"name":"rect","x":421,"y":342,"width":18,"height":19},"region_attributes":{"Intersection":"3"}},{"shape_attributes":{"name":"rect","x":639,"y":339,"width":17,"height":23},"region_attributes":{"Intersection":"1"}},{"shape_attributes":{"name":"rect","x":641,"y":119,"width":18,"height":16},"region_attributes":{"Intersection":"2"}}],"file_attributes":{}},"https://drive.google.com/uc?export=view&id=1T9PuSuS6hCKKfdXZMis2IdTq44WO0fUY\n":{"filename":"https://drive.google.com/uc?export=view&id=1T9PuSuS6hCKKfdXZMis2IdTq44WO0fUY\n","size":-1,"regions":[{"shape_attributes":{"name":"rect","x":404,"y":107,"width":15,"height":14},"region_attributes":{"Intersection":"4"}},{"shape_attributes":{"name":"rect","x":402,"y":326,"width":18,"height":19},"region_attributes":{"Intersection":"3"}},{"shape_attributes":{"name":"rect","x":612,"y":324,"width":17,"height":23},"region_attributes":{"Intersection":"1"}},{"shape_attributes":{"name":"rect","x":612,"y":107,"width":18,"height":14},"region_attributes":{"Intersection":"2"}}],"file_attributes":{}},"https://drive.google.com/uc?export=view&id=1748lhO1V-flNo6hwvugjRlyH5caCXI7x\n":{"filename":"https://drive.google.com/uc?export=view&id=1748lhO1V-flNo6hwvugjRlyH5caCXI7x\n","size":-1,"regions":[{"shape_attributes":{"name":"rect","x":417,"y":130,"width":15,"height":14},"region_attributes":{"Intersection":"4"}},{"shape_attributes":{"name":"rect","x":417,"y":343,"width":18,"height":19},"region_attributes":{"Intersection":"3"}},{"shape_attributes":{"name":"rect","x":625,"y":340,"width":17,"height":23},"region_attributes":{"Intersection":"1"}},{"shape_attributes":{"name":"rect","x":626,"y":129,"width":18,"height":16},"region_attributes":{"Intersection":"2"}}],"file_attributes":{}},"https://drive.google.com/uc?export=view&id=1FEd1Y4JmJjaXAunO0GWZVr7I3arq50Yp\n":{"filename":"https://drive.google.com/uc?export=view&id=1FEd1Y4JmJjaXAunO0GWZVr7I3arq50Yp\n","size":-1,"regions":[{"shape_attributes":{"name":"rect","x":412,"y":133,"width":15,"height":14},"region_attributes":{"Intersection":"4"}},{"shape_attributes":{"name":"rect","x":412,"y":347,"width":18,"height":19},"region_attributes":{"Intersection":"3"}},{"shape_attributes":{"name":"rect","x":620,"y":343,"width":17,"height":23},"region_attributes":{"Intersection":"1"}},{"shape_attributes":{"name":"rect","x":620,"y":134,"width":18,"height":16},"region_attributes":{"Intersection":"2"}}],"file_attributes":{}},"https://drive.google.com/uc?export=view&id=1DfIHuWcQ0ZAFQyJjtbGMICj18Dnyal0M\n":{"filename":"https://drive.google.com/uc?export=view&id=1DfIHuWcQ0ZAFQyJjtbGMICj18Dnyal0M\n","size":-1,"regions":[{"shape_attributes":{"name":"rect","x":411,"y":124,"width":15,"height":14},"region_attributes":{"Intersection":"4"}},{"shape_attributes":{"name":"rect","x":408,"y":339,"width":18,"height":19},"region_attributes":{"Intersection":"3"}},{"shape_attributes":{"name":"rect","x":617,"y":335,"width":17,"height":23},"region_attributes":{"Intersection":"1"}},{"shape_attributes":{"name":"rect","x":618,"y":123,"width":18,"height":16},"region_attributes":{"Intersection":"2"}}],"file_attributes":{}},"https://drive.google.com/uc?export=view&id=19C_kT_Bd753Soe0WJuQUvdC9nNZPSU_O\n":{"filename":"https://drive.google.com/uc?export=view&id=19C_kT_Bd753Soe0WJuQUvdC9nNZPSU_O\n","size":-1,"regions":[{"shape_attributes":{"name":"rect","x":420,"y":125,"width":15,"height":14},"region_attributes":{"Intersection":"4"}},{"shape_attributes":{"name":"rect","x":418,"y":340,"width":18,"height":19},"region_attributes":{"Intersection":"3"}},{"shape_attributes":{"name":"rect","x":631,"y":338,"width":17,"height":23},"region_attributes":{"Intersection":"1"}},{"shape_attributes":{"name":"rect","x":628,"y":124,"width":18,"height":16},"region_attributes":{"Intersection":"2"}}],"file_attributes":{}},"https://drive.google.com/uc?export=view&id=1pYlheI9J6Qw98fk6oRNzmPMc4JNDmfvq\n":{"filename":"https://drive.google.com/uc?export=view&id=1pYlheI9J6Qw98fk6oRNzmPMc4JNDmfvq\n","size":-1,"regions":[{"shape_attributes":{"name":"rect","x":412,"y":123,"width":15,"height":14},"region_attributes":{"Intersection":"4"}},{"shape_attributes":{"name":"rect","x":410,"y":342,"width":18,"height":19},"region_attributes":{"Intersection":"3"}},{"shape_attributes":{"name":"rect","x":626,"y":339,"width":17,"height":23},"region_attributes":{"Intersection":"1"}},{"shape_attributes":{"name":"rect","x":627,"y":119,"width":18,"height":16},"region_attributes":{"Intersection":"2"}}],"file_attributes":{}},"https://drive.google.com/uc?export=view&id=1ztYdo4jWSTXKrXxDkHgnONycpXbRmG22\n":{"filename":"https://drive.google.com/uc?export=view&id=1ztYdo4jWSTXKrXxDkHgnONycpXbRmG22\n","size":-1,"regions":[{"shape_attributes":{"name":"rect","x":419,"y":101,"width":15,"height":14},"region_attributes":{"Intersection":"4"}},{"shape_attributes":{"name":"rect","x":417,"y":335,"width":18,"height":19},"region_attributes":{"Intersection":"3"}},{"shape_attributes":{"name":"rect","x":649,"y":332,"width":17,"height":23},"region_attributes":{"Intersection":"1"}},{"shape_attributes":{"name":"rect","x":648,"y":100,"width":18,"height":16},"region_attributes":{"Intersection":"2"}}],"file_attributes":{}},"https://drive.google.com/uc?export=view&id=1RCmm204UNZ10SWwYcyQlDyfKeACdpm2s\n":{"filename":"https://drive.google.com/uc?export=view&id=1RCmm204UNZ10SWwYcyQlDyfKeACdpm2s\n","size":-1,"regions":[{"shape_attributes":{"name":"rect","x":414,"y":113,"width":15,"height":14},"region_attributes":{"Intersection":"4"}},{"shape_attributes":{"name":"rect","x":412,"y":333,"width":18,"height":19},"region_attributes":{"Intersection":"3"}},{"shape_attributes":{"name":"rect","x":629,"y":331,"width":17,"height":19},"region_attributes":{"Intersection":"1"}},{"shape_attributes":{"name":"rect","x":630,"y":112,"width":18,"height":16},"region_attributes":{"Intersection":"2"}}],"file_attributes":{}},"https://drive.google.com/uc?export=view&id=1G7myV6gUfJm6kgrZNZrkJzq1rjUG9Jvv\n":{"filename":"https://drive.google.com/uc?export=view&id=1G7myV6gUfJm6kgrZNZrkJzq1rjUG9Jvv\n","size":-1,"regions":[{"shape_attributes":{"name":"rect","x":380,"y":81,"width":15,"height":14},"region_attributes":{"Intersection":"4"}},{"shape_attributes":{"name":"rect","x":378,"y":301,"width":18,"height":19},"region_attributes":{"Intersection":"3"}},{"shape_attributes":{"name":"rect","x":593,"y":297,"width":17,"height":23},"region_attributes":{"Intersection":"1"}},{"shape_attributes":{"name":"rect","x":593,"y":78,"width":18,"height":16},"region_attributes":{"Intersection":"2"}}],"file_attributes":{}},"https://drive.google.com/uc?export=view&id=1PZ-GdoI8VM_AEJg45Lg6Ym4_I4H0uMCm\n":{"filename":"https://drive.google.com/uc?export=view&id=1PZ-GdoI8VM_AEJg45Lg6Ym4_I4H0uMCm\n","size":-1,"regions":[{"shape_attributes":{"name":"rect","x":434,"y":89,"width":15,"height":14},"region_attributes":{"Intersection":"4"}},{"shape_attributes":{"name":"rect","x":429,"y":324,"width":18,"height":19},"region_attributes":{"Intersection":"3"}},{"shape_attributes":{"name":"rect","x":661,"y":323,"width":17,"height":23},"region_attributes":{"Intersection":"1"}},{"shape_attributes":{"name":"rect","x":662,"y":88,"width":18,"height":16},"region_attributes":{"Intersection":"2"}}],"file_attributes":{}},"https://drive.google.com/uc?export=view&id=1exgwA40NoOCLAwHgyXvthZvWukYKLpie\n":{"filename":"https://drive.google.com/uc?export=view&id=1exgwA40NoOCLAwHgyXvthZvWukYKLpie\n","size":-1,"regions":[{"shape_attributes":{"name":"rect","x":413,"y":115,"width":15,"height":14},"region_attributes":{"Intersection":"4"}},{"shape_attributes":{"name":"rect","x":410,"y":335,"width":18,"height":19},"region_attributes":{"Intersection":"3"}},{"shape_attributes":{"name":"rect","x":626,"y":333,"width":17,"height":23},"region_attributes":{"Intersection":"1"}},{"shape_attributes":{"name":"rect","x":628,"y":116,"width":18,"height":16},"region_attributes":{"Intersection":"2"}}],"file_attributes":{}}},"_via_attributes":{"region":{"Intersection":{"type":"dropdown","description":"","options":{"1":"State_Broadway","2":"State_A","3":"Ketner_Broadway","4":"Ketner_A"},"default_options":{}}},"file":{}},"_via_data_format_version":"2.0.10","_via_image_id_list":["https://drive.google.com/uc?export=view&id=1vgtOADW1kDdyo1BcfWMIRYGMKWwpjkMA\n","https://drive.google.com/uc?export=view&id=1T9PuSuS6hCKKfdXZMis2IdTq44WO0fUY\n","https://drive.google.com/uc?export=view&id=1748lhO1V-flNo6hwvugjRlyH5caCXI7x\n","https://drive.google.com/uc?export=view&id=1FEd1Y4JmJjaXAunO0GWZVr7I3arq50Yp\n","https://drive.google.com/uc?export=view&id=1DfIHuWcQ0ZAFQyJjtbGMICj18Dnyal0M\n","https://drive.google.com/uc?export=view&id=19C_kT_Bd753Soe0WJuQUvdC9nNZPSU_O\n","https://drive.google.com/uc?export=view&id=1pYlheI9J6Qw98fk6oRNzmPMc4JNDmfvq\n","https://drive.google.com/uc?export=view&id=1ztYdo4jWSTXKrXxDkHgnONycpXbRmG22\n","https://drive.google.com/uc?export=view&id=1RCmm204UNZ10SWwYcyQlDyfKeACdpm2s\n","https://drive.google.com/uc?export=view&id=1G7myV6gUfJm6kgrZNZrkJzq1rjUG9Jvv\n","https://drive.google.com/uc?export=view&id=1PZ-GdoI8VM_AEJg45Lg6Ym4_I4H0uMCm\n","https://drive.google.com/uc?export=view&id=1exgwA40NoOCLAwHgyXvthZvWukYKLpie\n"]}