{"_via_settings":{"ui":{"annotation_editor_height":25,"annotation_editor_fontsize":0.8,"leftsidebar_width":18,"image_grid":{"img_height":80,"rshape_fill":"none","rshape_fill_opacity":0.3,"rshape_stroke":"yellow","rshape_stroke_width":2,"show_region_shape":true,"show_image_policy":"all"},"image":{"region_label":"__via_region_id__","region_color":"__via_default_region_color__","region_label_font":"10px Sans","on_image_annotation_editor_placement":"NEAR_REGION"}},"core":{"buffer_size":18,"filepath":{},"default_filepath":""},"project":{"name":"Cortez_2021_gcp"}},"_via_img_metadata":{"https://drive.google.com/uc?export=view&id=1X8koOniLcdClneGfsWFHRkiGm1yZgtO3\n":{"filename":"https://drive.google.com/uc?export=view&id=1X8koOniLcdClneGfsWFHRkiGm1yZgtO3\n","size":-1,"regions":[{"shape_attributes":{"name":"rect","x":644,"y":215,"width":16,"height":19},"region_attributes":{"Intersection":"1"}},{"shape_attributes":{"name":"rect","x":639,"y":348,"width":26,"height":22},"region_attributes":{"Intersection":"2"}},{"shape_attributes":{"name":"rect","x":258,"y":213,"width":24,"height":21},"region_attributes":{"Intersection":"3"}},{"shape_attributes":{"name":"rect","x":258,"y":353,"width":20,"height":20},"region_attributes":{"Intersection":"4"}}],"file_attributes":{}},"https://drive.google.com/uc?export=view&id=1K0tWEXY9QiBVmvSyA75JPIheOGqyg7ZV\n":{"filename":"https://drive.google.com/uc?export=view&id=1K0tWEXY9QiBVmvSyA75JPIheOGqyg7ZV\n","size":-1,"regions":[{"shape_attributes":{"name":"rect","x":620,"y":195,"width":16,"height":19},"region_attributes":{"Intersection":"1"}},{"shape_attributes":{"name":"rect","x":618,"y":334,"width":26,"height":22},"region_attributes":{"Intersection":"2"}},{"shape_attributes":{"name":"rect","x":243,"y":196,"width":24,"height":21},"region_attributes":{"Intersection":"3"}},{"shape_attributes":{"name":"rect","x":249,"y":337,"width":20,"height":20},"region_attributes":{"Intersection":"4"}}],"file_attributes":{}},"https://drive.google.com/uc?export=view&id=1btdfG3Eyj2sqLA3PZ6xA77RtANznpMYC\n":{"filename":"https://drive.google.com/uc?export=view&id=1btdfG3Eyj2sqLA3PZ6xA77RtANznpMYC\n","size":-1,"regions":[{"shape_attributes":{"name":"rect","x":644,"y":215,"width":16,"height":19},"region_attributes":{"Intersection":"1"}},{"shape_attributes":{"name":"rect","x":639,"y":348,"width":26,"height":22},"region_attributes":{"Intersection":"2"}},{"shape_attributes":{"name":"rect","x":258,"y":213,"width":24,"height":21},"region_attributes":{"Intersection":"3"}},{"shape_attributes":{"name":"rect","x":258,"y":353,"width":20,"height":20},"region_attributes":{"Intersection":"4"}}],"file_attributes":{}},"https://drive.google.com/uc?export=view&id=1q9LBJQdaAaFyhQY1FqKlDrZ8vI9WGBM0\n":{"filename":"https://drive.google.com/uc?export=view&id=1q9LBJQdaAaFyhQY1FqKlDrZ8vI9WGBM0\n","size":-1,"regions":[{"shape_attributes":{"name":"rect","x":644,"y":215,"width":16,"height":19},"region_attributes":{"Intersection":"1"}},{"shape_attributes":{"name":"rect","x":639,"y":348,"width":26,"height":22},"region_attributes":{"Intersection":"2"}},{"shape_attributes":{"name":"rect","x":258,"y":213,"width":24,"height":21},"region_attributes":{"Intersection":"3"}},{"shape_attributes":{"name":"rect","x":258,"y":353,"width":20,"height":20},"region_attributes":{"Intersection":"4"}}],"file_attributes":{}},"https://drive.google.com/uc?export=view&id=10I--PO0hS8MmdkIPZ71TVS7OebG6UB8g\n":{"filename":"https://drive.google.com/uc?export=view&id=10I--PO0hS8MmdkIPZ71TVS7OebG6UB8g\n","size":-1,"regions":[{"shape_attributes":{"name":"rect","x":627,"y":215,"width":16,"height":19},"region_attributes":{"Intersection":"1"}},{"shape_attributes":{"name":"rect","x":627,"y":348,"width":26,"height":22},"region_attributes":{"Intersection":"2"}},{"shape_attributes":{"name":"rect","x":258,"y":213,"width":24,"height":21},"region_attributes":{"Intersection":"3"}},{"shape_attributes":{"name":"rect","x":258,"y":353,"width":20,"height":20},"region_attributes":{"Intersection":"4"}}],"file_attributes":{}},"https://drive.google.com/uc?export=view&id=1IQHH2Afy4-EKdiwPUXguwQ-JE4K_CCHM\n":{"filename":"https://drive.google.com/uc?export=view&id=1IQHH2Afy4-EKdiwPUXguwQ-JE4K_CCHM\n","size":-1,"regions":[{"shape_attributes":{"name":"rect","x":644,"y":215,"width":16,"height":19},"region_attributes":{"Intersection":"1"}},{"shape_attributes":{"name":"rect","x":639,"y":348,"width":26,"height":22},"region_attributes":{"Intersection":"2"}},{"shape_attributes":{"name":"rect","x":258,"y":213,"width":24,"height":21},"region_attributes":{"Intersection":"3"}},{"shape_attributes":{"name":"rect","x":258,"y":353,"width":20,"height":20},"region_attributes":{"Intersection":"4"}}],"file_attributes":{}},"https://drive.google.com/uc?export=view&id=1ux4pqc_D6yWhJh34OQ2mvnhMRpMCQDJX\n":{"filename":"https://drive.google.com/uc?export=view&id=1ux4pqc_D6yWhJh34OQ2mvnhMRpMCQDJX\n","size":-1,"regions":[{"shape_attributes":{"name":"rect","x":635,"y":212,"width":16,"height":19},"region_attributes":{"Intersection":"1"}},{"shape_attributes":{"name":"rect","x":639,"y":348,"width":26,"height":22},"region_attributes":{"Intersection":"2"}},{"shape_attributes":{"name":"rect","x":243,"y":213,"width":24,"height":21},"region_attributes":{"Intersection":"3"}},{"shape_attributes":{"name":"rect","x":258,"y":353,"width":20,"height":20},"region_attributes":{"Intersection":"4"}}],"file_attributes":{}},"https://drive.google.com/uc?export=view&id=1_xOiZKFj5XjESZm0amiAQWQb3vydfwIp\n":{"filename":"https://drive.google.com/uc?export=view&id=1_xOiZKFj5XjESZm0amiAQWQb3vydfwIp\n","size":-1,"regions":[{"shape_attributes":{"name":"rect","x":653,"y":194,"width":16,"height":19},"region_attributes":{"Intersection":"1"}},{"shape_attributes":{"name":"rect","x":654,"y":333,"width":26,"height":22},"region_attributes":{"Intersection":"2"}},{"shape_attributes":{"name":"rect","x":244,"y":192,"width":24,"height":21},"region_attributes":{"Intersection":"3"}},{"shape_attributes":{"name":"rect","x":247,"y":342,"width":20,"height":20},"region_attributes":{"Intersection":"4"}}],"file_attributes":{}},"https://drive.google.com/uc?export=view&id=1WoFmeVPEToTMKSLTF2ryLF7RPrmPvpxU\n":{"filename":"https://drive.google.com/uc?export=view&id=1WoFmeVPEToTMKSLTF2ryLF7RPrmPvpxU\n","size":-1,"regions":[{"shape_attributes":{"name":"rect","x":633,"y":202,"width":16,"height":19},"region_attributes":{"Intersection":"1"}},{"shape_attributes":{"name":"rect","x":630,"y":339,"width":26,"height":22},"region_attributes":{"Intersection":"2"}},{"shape_attributes":{"name":"rect","x":249,"y":204,"width":24,"height":21},"region_attributes":{"Intersection":"3"}},{"shape_attributes":{"name":"rect","x":254,"y":338,"width":20,"height":20},"region_attributes":{"Intersection":"4"}}],"file_attributes":{}},"https://drive.google.com/uc?export=view&id=10paqX818qHrndbzVInrT492iogLQ7DXb\n":{"filename":"https://drive.google.com/uc?export=view&id=10paqX818qHrndbzVInrT492iogLQ7DXb\n","size":-1,"regions":[{"shape_attributes":{"name":"rect","x":599,"y":167,"width":16,"height":19},"region_attributes":{"Intersection":"1"}},{"shape_attributes":{"name":"rect","x":593,"y":304,"width":26,"height":22},"region_attributes":{"Intersection":"2"}},{"shape_attributes":{"name":"rect","x":218,"y":165,"width":24,"height":21},"region_attributes":{"Intersection":"3"}},{"shape_attributes":{"name":"rect","x":219,"y":310,"width":20,"height":20},"region_attributes":{"Intersection":"4"}}],"file_attributes":{}},"https://drive.google.com/uc?export=view&id=1g3vaHyg-d-ZYkb1oK4dNlfB78aF7Ox3H\n":{"filename":"https://drive.google.com/uc?export=view&id=1g3vaHyg-d-ZYkb1oK4dNlfB78aF7Ox3H\n","size":-1,"regions":[{"shape_attributes":{"name":"rect","x":657,"y":184,"width":16,"height":19},"region_attributes":{"Intersection":"1"}},{"shape_attributes":{"name":"rect","x":653,"y":332,"width":26,"height":22},"region_attributes":{"Intersection":"2"}},{"shape_attributes":{"name":"rect","x":250,"y":188,"width":24,"height":21},"region_attributes":{"Intersection":"3"}},{"shape_attributes":{"name":"rect","x":251,"y":332,"width":20,"height":20},"region_attributes":{"Intersection":"4"}}],"file_attributes":{}},"https://drive.google.com/uc?export=view&id=1IeuLxIC1KwLvEpYzJg19IB9QdE_c88Wx\n":{"filename":"https://drive.google.com/uc?export=view&id=1IeuLxIC1KwLvEpYzJg19IB9QdE_c88Wx\n","size":-1,"regions":[{"shape_attributes":{"name":"rect","x":633,"y":203,"width":16,"height":19},"region_attributes":{"Intersection":"1"}},{"shape_attributes":{"name":"rect","x":629,"y":340,"width":26,"height":22},"region_attributes":{"Intersection":"2"}},{"shape_attributes":{"name":"rect","x":250,"y":198,"width":24,"height":21},"region_attributes":{"Intersection":"3"}},{"shape_attributes":{"name":"rect","x":252,"y":338,"width":20,"height":20},"region_attributes":{"Intersection":"4"}}],"file_attributes":{}}},"_via_attributes":{"region":{"Intersection":{"type":"dropdown","description":"","options":{"1":"9th_Cedar","2":"9th_Ash","3":"1st_Cedar","4":"1st_Ash"},"default_options":{}}},"file":{}},"_via_data_format_version":"2.0.10","_via_image_id_list":["https://drive.google.com/uc?export=view&id=1X8koOniLcdClneGfsWFHRkiGm1yZgtO3\n","https://drive.google.com/uc?export=view&id=1K0tWEXY9QiBVmvSyA75JPIheOGqyg7ZV\n","https://drive.google.com/uc?export=view&id=1btdfG3Eyj2sqLA3PZ6xA77RtANznpMYC\n","https://drive.google.com/uc?export=view&id=1q9LBJQdaAaFyhQY1FqKlDrZ8vI9WGBM0\n","https://drive.google.com/uc?export=view&id=10I--PO0hS8MmdkIPZ71TVS7OebG6UB8g\n","https://drive.google.com/uc?export=view&id=1IQHH2Afy4-EKdiwPUXguwQ-JE4K_CCHM\n","https://drive.google.com/uc?export=view&id=1ux4pqc_D6yWhJh34OQ2mvnhMRpMCQDJX\n","https://drive.google.com/uc?export=view&id=1_xOiZKFj5XjESZm0amiAQWQb3vydfwIp\n","https://drive.google.com/uc?export=view&id=1WoFmeVPEToTMKSLTF2ryLF7RPrmPvpxU\n","https://drive.google.com/uc?export=view&id=10paqX818qHrndbzVInrT492iogLQ7DXb\n","https://drive.google.com/uc?export=view&id=1g3vaHyg-d-ZYkb1oK4dNlfB78aF7Ox3H\n","https://drive.google.com/uc?export=view&id=1IeuLxIC1KwLvEpYzJg19IB9QdE_c88Wx\n"]}