{"_via_settings":{"ui":{"annotation_editor_height":25,"annotation_editor_fontsize":0.8,"leftsidebar_width":18,"image_grid":{"img_height":80,"rshape_fill":"none","rshape_fill_opacity":0.3,"rshape_stroke":"yellow","rshape_stroke_width":2,"show_region_shape":true,"show_image_policy":"all"},"image":{"region_label":"__via_region_id__","region_color":"__via_default_region_color__","region_label_font":"10px Sans","on_image_annotation_editor_placement":"NEAR_REGION"}},"core":{"buffer_size":18,"filepath":{},"default_filepath":""},"project":{"name":"Cortez_2022_gcp"}},"_via_img_metadata":{"https://drive.google.com/uc?export=view&id=107JASMcwG6HC3Eo0MWxIiQXyLz6V2sLP\n":{"filename":"https://drive.google.com/uc?export=view&id=107JASMcwG6HC3Eo0MWxIiQXyLz6V2sLP\n","size":-1,"regions":[{"shape_attributes":{"name":"rect","x":657,"y":201,"width":16,"height":21},"region_attributes":{"Intersection":"1"}},{"shape_attributes":{"name":"rect","x":657,"y":350,"width":18,"height":19},"region_attributes":{"Intersection":"2"}},{"shape_attributes":{"name":"rect","x":247,"y":347,"width":22,"height":24},"region_attributes":{"Intersection":"4"}},{"shape_attributes":{"name":"rect","x":250,"y":201,"width":22,"height":25},"region_attributes":{"Intersection":"3"}}],"file_attributes":{}},"https://drive.google.com/uc?export=view&id=1H4OlqGzVi2pRcFCqv-a8EYE05Nprjiwg\n":{"filename":"https://drive.google.com/uc?export=view&id=1H4OlqGzVi2pRcFCqv-a8EYE05Nprjiwg\n","size":-1,"regions":[{"shape_attributes":{"name":"rect","x":651,"y":196,"width":16,"height":21},"region_attributes":{"Intersection":"1"}},{"shape_attributes":{"name":"rect","x":653,"y":348,"width":18,"height":19},"region_attributes":{"Intersection":"2"}},{"shape_attributes":{"name":"rect","x":247,"y":347,"width":22,"height":24},"region_attributes":{"Intersection":"4"}},{"shape_attributes":{"name":"rect","x":239,"y":196,"width":22,"height":25},"region_attributes":{"Intersection":"3"}}],"file_attributes":{}},"https://drive.google.com/uc?export=view&id=1IKub0XpDRiKVwD4nIKigXc9IlRbAnt7y\n":{"filename":"https://drive.google.com/uc?export=view&id=1IKub0XpDRiKVwD4nIKigXc9IlRbAnt7y\n","size":-1,"regions":[{"shape_attributes":{"name":"rect","x":635,"y":204,"width":16,"height":21},"region_attributes":{"Intersection":"1"}},{"shape_attributes":{"name":"rect","x":633,"y":342,"width":18,"height":19},"region_attributes":{"Intersection":"2"}},{"shape_attributes":{"name":"rect","x":247,"y":347,"width":22,"height":24},"region_attributes":{"Intersection":"4"}},{"shape_attributes":{"name":"rect","x":250,"y":201,"width":22,"height":25},"region_attributes":{"Intersection":"3"}}],"file_attributes":{}},"https://drive.google.com/uc?export=view&id=1yOrAPFbPOpWADM33XNjHtks7cVoT_3Eg\n":{"filename":"https://drive.google.com/uc?export=view&id=1yOrAPFbPOpWADM33XNjHtks7cVoT_3Eg\n","size":-1,"regions":[{"shape_attributes":{"name":"rect","x":628,"y":207,"width":16,"height":21},"region_attributes":{"Intersection":"1"}},{"shape_attributes":{"name":"rect","x":628,"y":343,"width":18,"height":19},"region_attributes":{"Intersection":"2"}},{"shape_attributes":{"name":"rect","x":257,"y":345,"width":22,"height":24},"region_attributes":{"Intersection":"4"}},{"shape_attributes":{"name":"rect","x":259,"y":209,"width":22,"height":25},"region_attributes":{"Intersection":"3"}}],"file_attributes":{}},"https://drive.google.com/uc?export=view&id=16s_t5uyuNkA2jTNU8jWjYv_HqXyJ7f8Z\n":{"filename":"https://drive.google.com/uc?export=view&id=16s_t5uyuNkA2jTNU8jWjYv_HqXyJ7f8Z\n","size":-1,"regions":[{"shape_attributes":{"name":"rect","x":636,"y":205,"width":16,"height":21},"region_attributes":{"Intersection":"1"}},{"shape_attributes":{"name":"rect","x":635,"y":345,"width":18,"height":19},"region_attributes":{"Intersection":"2"}},{"shape_attributes":{"name":"rect","x":256,"y":346,"width":22,"height":24},"region_attributes":{"Intersection":"4"}},{"shape_attributes":{"name":"rect","x":258,"y":204,"width":22,"height":25},"region_attributes":{"Intersection":"3"}}],"file_attributes":{}},"https://drive.google.com/uc?export=view&id=1Kra02z5xmvPMAY66ozBub63RgIsi_fIO\n":{"filename":"https://drive.google.com/uc?export=view&id=1Kra02z5xmvPMAY66ozBub63RgIsi_fIO\n","size":-1,"regions":[{"shape_attributes":{"name":"rect","x":636,"y":205,"width":16,"height":21},"region_attributes":{"Intersection":"1"}},{"shape_attributes":{"name":"rect","x":635,"y":345,"width":18,"height":19},"region_attributes":{"Intersection":"2"}},{"shape_attributes":{"name":"rect","x":256,"y":346,"width":22,"height":24},"region_attributes":{"Intersection":"4"}},{"shape_attributes":{"name":"rect","x":258,"y":204,"width":22,"height":25},"region_attributes":{"Intersection":"3"}}],"file_attributes":{}},"https://drive.google.com/uc?export=view&id=1WwxA36v23x27hmUYUpXhqvCbHbkWr7zh\n":{"filename":"https://drive.google.com/uc?export=view&id=1WwxA36v23x27hmUYUpXhqvCbHbkWr7zh\n","size":-1,"regions":[{"shape_attributes":{"name":"rect","x":636,"y":205,"width":16,"height":21},"region_attributes":{"Intersection":"1"}},{"shape_attributes":{"name":"rect","x":635,"y":345,"width":18,"height":19},"region_attributes":{"Intersection":"2"}},{"shape_attributes":{"name":"rect","x":256,"y":346,"width":22,"height":24},"region_attributes":{"Intersection":"4"}},{"shape_attributes":{"name":"rect","x":255,"y":204,"width":22,"height":25},"region_attributes":{"Intersection":"3"}}],"file_attributes":{}},"https://drive.google.com/uc?export=view&id=1qUZmXUPGPwgYFRs96zR-oUy5-YJmyqlW\n":{"filename":"https://drive.google.com/uc?export=view&id=1qUZmXUPGPwgYFRs96zR-oUy5-YJmyqlW\n","size":-1,"regions":[{"shape_attributes":{"name":"rect","x":636,"y":205,"width":16,"height":21},"region_attributes":{"Intersection":"1"}},{"shape_attributes":{"name":"rect","x":635,"y":345,"width":18,"height":19},"region_attributes":{"Intersection":"2"}},{"shape_attributes":{"name":"rect","x":256,"y":346,"width":22,"height":24},"region_attributes":{"Intersection":"4"}},{"shape_attributes":{"name":"rect","x":258,"y":204,"width":22,"height":25},"region_attributes":{"Intersection":"3"}}],"file_attributes":{}},"https://drive.google.com/uc?export=view&id=1oXq2RPUaetSuA9VGcQ7lwqam3ECmkPgV\n":{"filename":"https://drive.google.com/uc?export=view&id=1oXq2RPUaetSuA9VGcQ7lwqam3ECmkPgV\n","size":-1,"regions":[{"shape_attributes":{"name":"rect","x":636,"y":205,"width":16,"height":21},"region_attributes":{"Intersection":"1"}},{"shape_attributes":{"name":"rect","x":635,"y":345,"width":18,"height":19},"region_attributes":{"Intersection":"2"}},{"shape_attributes":{"name":"rect","x":256,"y":346,"width":22,"height":24},"region_attributes":{"Intersection":"4"}},{"shape_attributes":{"name":"rect","x":258,"y":204,"width":22,"height":25},"region_attributes":{"Intersection":"3"}}],"file_attributes":{}},"https://drive.google.com/uc?export=view&id=1sptrg9XROE1fVyPKO8WhdP-k16as-Nok\n":{"filename":"https://drive.google.com/uc?export=view&id=1sptrg9XROE1fVyPKO8WhdP-k16as-Nok\n","size":-1,"regions":[{"shape_attributes":{"name":"rect","x":636,"y":205,"width":16,"height":21},"region_attributes":{"Intersection":"1"}},{"shape_attributes":{"name":"rect","x":635,"y":345,"width":18,"height":19},"region_attributes":{"Intersection":"2"}},{"shape_attributes":{"name":"rect","x":256,"y":346,"width":22,"height":24},"region_attributes":{"Intersection":"4"}},{"shape_attributes":{"name":"rect","x":258,"y":204,"width":22,"height":25},"region_attributes":{"Intersection":"3"}}],"file_attributes":{}},"https://drive.google.com/uc?export=view&id=1Z8d_6se08ypzSrLyzrToyWIUdj_jZhfp\n":{"filename":"https://drive.google.com/uc?export=view&id=1Z8d_6se08ypzSrLyzrToyWIUdj_jZhfp\n","size":-1,"regions":[{"shape_attributes":{"name":"rect","x":636,"y":205,"width":16,"height":21},"region_attributes":{"Intersection":"1"}},{"shape_attributes":{"name":"rect","x":635,"y":345,"width":18,"height":19},"region_attributes":{"Intersection":"2"}},{"shape_attributes":{"name":"rect","x":256,"y":346,"width":22,"height":24},"region_attributes":{"Intersection":"4"}},{"shape_attributes":{"name":"rect","x":258,"y":204,"width":22,"height":25},"region_attributes":{"Intersection":"3"}}],"file_attributes":{}},"https://drive.google.com/uc?export=view&id=1r15acW-XodD2srfYZ6QT82c9c4_v17ZW\n":{"filename":"https://drive.google.com/uc?export=view&id=1r15acW-XodD2srfYZ6QT82c9c4_v17ZW\n","size":-1,"regions":[{"shape_attributes":{"name":"rect","x":636,"y":205,"width":16,"height":21},"region_attributes":{"Intersection":"1"}},{"shape_attributes":{"name":"rect","x":635,"y":345,"width":18,"height":19},"region_attributes":{"Intersection":"2"}},{"shape_attributes":{"name":"rect","x":256,"y":346,"width":22,"height":24},"region_attributes":{"Intersection":"4"}},{"shape_attributes":{"name":"rect","x":258,"y":204,"width":22,"height":25},"region_attributes":{"Intersection":"3"}}],"file_attributes":{}}},"_via_attributes":{"region":{"Intersection":{"type":"dropdown","description":"","options":{"1":"9th_Cedar","2":"9th_Ash","3":"1st_Cedar","4":"1st_Ash"},"default_options":{}}},"file":{}},"_via_data_format_version":"2.0.10","_via_image_id_list":["https://drive.google.com/uc?export=view&id=107JASMcwG6HC3Eo0MWxIiQXyLz6V2sLP\n","https://drive.google.com/uc?export=view&id=1H4OlqGzVi2pRcFCqv-a8EYE05Nprjiwg\n","https://drive.google.com/uc?export=view&id=1IKub0XpDRiKVwD4nIKigXc9IlRbAnt7y\n","https://drive.google.com/uc?export=view&id=1yOrAPFbPOpWADM33XNjHtks7cVoT_3Eg\n","https://drive.google.com/uc?export=view&id=16s_t5uyuNkA2jTNU8jWjYv_HqXyJ7f8Z\n","https://drive.google.com/uc?export=view&id=1Kra02z5xmvPMAY66ozBub63RgIsi_fIO\n","https://drive.google.com/uc?export=view&id=1WwxA36v23x27hmUYUpXhqvCbHbkWr7zh\n","https://drive.google.com/uc?export=view&id=1qUZmXUPGPwgYFRs96zR-oUy5-YJmyqlW\n","https://drive.google.com/uc?export=view&id=1oXq2RPUaetSuA9VGcQ7lwqam3ECmkPgV\n","https://drive.google.com/uc?export=view&id=1sptrg9XROE1fVyPKO8WhdP-k16as-Nok\n","https://drive.google.com/uc?export=view&id=1Z8d_6se08ypzSrLyzrToyWIUdj_jZhfp\n","https://drive.google.com/uc?export=view&id=1r15acW-XodD2srfYZ6QT82c9c4_v17ZW\n"]}