{"_via_settings":{"ui":{"annotation_editor_height":25,"annotation_editor_fontsize":0.8,"leftsidebar_width":18,"image_grid":{"img_height":80,"rshape_fill":"none","rshape_fill_opacity":0.3,"rshape_stroke":"yellow","rshape_stroke_width":2,"show_region_shape":true,"show_image_policy":"all"},"image":{"region_label":"__via_region_id__","region_color":"__via_default_region_color__","region_label_font":"10px Sans","on_image_annotation_editor_placement":"NEAR_REGION"}},"core":{"buffer_size":18,"filepath":{},"default_filepath":""},"project":{"name":"Cortez_2019_gcp"}},"_via_img_metadata":{"https://drive.google.com/uc?export=view&id=1IeJxzMWWHFFrQXwXTqDNR1AvMYR4D-jv\n":{"filename":"https://drive.google.com/uc?export=view&id=1IeJxzMWWHFFrQXwXTqDNR1AvMYR4D-jv\n","size":-1,"regions":[{"shape_attributes":{"name":"rect","x":607,"y":209,"width":15,"height":15},"region_attributes":{"Intersection":"1"}},{"shape_attributes":{"name":"rect","x":606,"y":344,"width":15,"height":17},"region_attributes":{"Intersection":"2"}},{"shape_attributes":{"name":"rect","x":228,"y":207,"width":14,"height":15},"region_attributes":{"Intersection":"3"}},{"shape_attributes":{"name":"rect","x":224,"y":345,"width":16,"height":17},"region_attributes":{"Intersection":"4"}}],"file_attributes":{}},"https://drive.google.com/uc?export=view&id=1JMJ7yyUq7bi3xlyfdwf-y3o1y-Oq3vqV\n":{"filename":"https://drive.google.com/uc?export=view&id=1JMJ7yyUq7bi3xlyfdwf-y3o1y-Oq3vqV\n","size":-1,"regions":[{"shape_attributes":{"name":"rect","x":636,"y":203,"width":15,"height":15},"region_attributes":{"Intersection":"1"}},{"shape_attributes":{"name":"rect","x":635,"y":343,"width":15,"height":17},"region_attributes":{"Intersection":"2"}},{"shape_attributes":{"name":"rect","x":258,"y":206,"width":14,"height":15},"region_attributes":{"Intersection":"3"}},{"shape_attributes":{"name":"rect","x":252,"y":343,"width":16,"height":17},"region_attributes":{"Intersection":"4"}}],"file_attributes":{}},"https://drive.google.com/uc?export=view&id=16LhByfOiu8yxCyqgbgLo-kYjo74P9Lpf\n":{"filename":"https://drive.google.com/uc?export=view&id=16LhByfOiu8yxCyqgbgLo-kYjo74P9Lpf\n","size":-1,"regions":[{"shape_attributes":{"name":"rect","x":634,"y":202,"width":15,"height":11},"region_attributes":{"Intersection":"1"}},{"shape_attributes":{"name":"rect","x":634,"y":340,"width":15,"height":17},"region_attributes":{"Intersection":"2"}},{"shape_attributes":{"name":"rect","x":257,"y":203,"width":14,"height":15},"region_attributes":{"Intersection":"3"}},{"shape_attributes":{"name":"rect","x":253,"y":340,"width":16,"height":14},"region_attributes":{"Intersection":"4"}}],"file_attributes":{}},"https://drive.google.com/uc?export=view&id=1oWdJ8uzEknQrG5VRbnH4R7rcCwrL7U7S\n":{"filename":"https://drive.google.com/uc?export=view&id=1oWdJ8uzEknQrG5VRbnH4R7rcCwrL7U7S\n","size":-1,"regions":[{"shape_attributes":{"name":"rect","x":645,"y":214,"width":15,"height":17},"region_attributes":{"Intersection":"1"}},{"shape_attributes":{"name":"rect","x":642,"y":348,"width":15,"height":17},"region_attributes":{"Intersection":"2"}},{"shape_attributes":{"name":"rect","x":261,"y":213,"width":14,"height":16},"region_attributes":{"Intersection":"3"}},{"shape_attributes":{"name":"rect","x":259,"y":354,"width":16,"height":14},"region_attributes":{"Intersection":"4"}}],"file_attributes":{}},"https://drive.google.com/uc?export=view&id=1fQUNjvd9l2wYnIvrJxlOcTckhhxsAEYy\n":{"filename":"https://drive.google.com/uc?export=view&id=1fQUNjvd9l2wYnIvrJxlOcTckhhxsAEYy\n","size":-1,"regions":[{"shape_attributes":{"name":"rect","x":645,"y":214,"width":15,"height":17},"region_attributes":{"Intersection":"1"}},{"shape_attributes":{"name":"rect","x":642,"y":348,"width":15,"height":17},"region_attributes":{"Intersection":"2"}},{"shape_attributes":{"name":"rect","x":261,"y":213,"width":14,"height":16},"region_attributes":{"Intersection":"3"}},{"shape_attributes":{"name":"rect","x":259,"y":354,"width":16,"height":14},"region_attributes":{"Intersection":"4"}}],"file_attributes":{}},"https://drive.google.com/uc?export=view&id=1PWPYt21CKo7mAu-TJUMQLPAdQMt8tXrk\n":{"filename":"https://drive.google.com/uc?export=view&id=1PWPYt21CKo7mAu-TJUMQLPAdQMt8tXrk\n","size":-1,"regions":[{"shape_attributes":{"name":"rect","x":671,"y":186,"width":15,"height":17},"region_attributes":{"Intersection":"1"}},{"shape_attributes":{"name":"rect","x":673,"y":327,"width":15,"height":17},"region_attributes":{"Intersection":"2"}},{"shape_attributes":{"name":"rect","x":294,"y":194,"width":14,"height":16},"region_attributes":{"Intersection":"3"}},{"shape_attributes":{"name":"rect","x":289,"y":332,"width":16,"height":14},"region_attributes":{"Intersection":"4"}}],"file_attributes":{}},"https://drive.google.com/uc?export=view&id=1BUdJuR6JmBdbcj3_kYXRbGZ6eUoM93WV\n":{"filename":"https://drive.google.com/uc?export=view&id=1BUdJuR6JmBdbcj3_kYXRbGZ6eUoM93WV\n","size":-1,"regions":[{"shape_attributes":{"name":"rect","x":645,"y":214,"width":15,"height":17},"region_attributes":{"Intersection":"1"}},{"shape_attributes":{"name":"rect","x":642,"y":348,"width":15,"height":17},"region_attributes":{"Intersection":"2"}},{"shape_attributes":{"name":"rect","x":261,"y":213,"width":14,"height":16},"region_attributes":{"Intersection":"3"}},{"shape_attributes":{"name":"rect","x":259,"y":354,"width":16,"height":14},"region_attributes":{"Intersection":"4"}}],"file_attributes":{}},"https://drive.google.com/uc?export=view&id=1S36wgavsEfNJ1KNksdPxMpzIN0byj1ar\n":{"filename":"https://drive.google.com/uc?export=view&id=1S36wgavsEfNJ1KNksdPxMpzIN0byj1ar\n","size":-1,"regions":[{"shape_attributes":{"name":"rect","x":629,"y":223,"width":15,"height":17},"region_attributes":{"Intersection":"1"}},{"shape_attributes":{"name":"rect","x":626,"y":360,"width":15,"height":17},"region_attributes":{"Intersection":"2"}},{"shape_attributes":{"name":"rect","x":261,"y":213,"width":14,"height":16},"region_attributes":{"Intersection":"3"}},{"shape_attributes":{"name":"rect","x":259,"y":354,"width":16,"height":14},"region_attributes":{"Intersection":"4"}}],"file_attributes":{}},"https://drive.google.com/uc?export=view&id=1d65BkWq8AU4pLZAd7zJS1Nzf0QV5hIEa\n":{"filename":"https://drive.google.com/uc?export=view&id=1d65BkWq8AU4pLZAd7zJS1Nzf0QV5hIEa\n","size":-1,"regions":[{"shape_attributes":{"name":"rect","x":628,"y":203,"width":15,"height":17},"region_attributes":{"Intersection":"1"}},{"shape_attributes":{"name":"rect","x":627,"y":343,"width":15,"height":17},"region_attributes":{"Intersection":"2"}},{"shape_attributes":{"name":"rect","x":248,"y":203,"width":14,"height":16},"region_attributes":{"Intersection":"3"}},{"shape_attributes":{"name":"rect","x":247,"y":344,"width":16,"height":14},"region_attributes":{"Intersection":"4"}}],"file_attributes":{}},"https://drive.google.com/uc?export=view&id=1StcdPwYtncsFATz4PYvBvfjSSFsD-SQQ\n":{"filename":"https://drive.google.com/uc?export=view&id=1StcdPwYtncsFATz4PYvBvfjSSFsD-SQQ\n","size":-1,"regions":[{"shape_attributes":{"name":"rect","x":645,"y":214,"width":15,"height":17},"region_attributes":{"Intersection":"1"}},{"shape_attributes":{"name":"rect","x":642,"y":348,"width":15,"height":17},"region_attributes":{"Intersection":"2"}},{"shape_attributes":{"name":"rect","x":261,"y":213,"width":14,"height":16},"region_attributes":{"Intersection":"3"}},{"shape_attributes":{"name":"rect","x":259,"y":354,"width":16,"height":14},"region_attributes":{"Intersection":"4"}}],"file_attributes":{}},"https://drive.google.com/uc?export=view&id=18lX4O8mCJhNhwVdkMZMunN9sV-BVoz8j\n":{"filename":"https://drive.google.com/uc?export=view&id=18lX4O8mCJhNhwVdkMZMunN9sV-BVoz8j\n","size":-1,"regions":[{"shape_attributes":{"name":"rect","x":645,"y":214,"width":15,"height":17},"region_attributes":{"Intersection":"1"}},{"shape_attributes":{"name":"rect","x":642,"y":348,"width":15,"height":17},"region_attributes":{"Intersection":"2"}},{"shape_attributes":{"name":"rect","x":261,"y":213,"width":14,"height":16},"region_attributes":{"Intersection":"3"}},{"shape_attributes":{"name":"rect","x":259,"y":354,"width":16,"height":14},"region_attributes":{"Intersection":"4"}}],"file_attributes":{}}},"_via_attributes":{"region":{"Intersection":{"type":"dropdown","description":"","options":{"1":"9th_Cedar","2":"9th_Ash","3":"1st_Cedar","4":"1st_Ash"},"default_options":{}}},"file":{}},"_via_data_format_version":"2.0.10","_via_image_id_list":["https://drive.google.com/uc?export=view&id=1IeJxzMWWHFFrQXwXTqDNR1AvMYR4D-jv\n","https://drive.google.com/uc?export=view&id=1JMJ7yyUq7bi3xlyfdwf-y3o1y-Oq3vqV\n","https://drive.google.com/uc?export=view&id=16LhByfOiu8yxCyqgbgLo-kYjo74P9Lpf\n","https://drive.google.com/uc?export=view&id=1oWdJ8uzEknQrG5VRbnH4R7rcCwrL7U7S\n","https://drive.google.com/uc?export=view&id=1fQUNjvd9l2wYnIvrJxlOcTckhhxsAEYy\n","https://drive.google.com/uc?export=view&id=1PWPYt21CKo7mAu-TJUMQLPAdQMt8tXrk\n","https://drive.google.com/uc?export=view&id=1BUdJuR6JmBdbcj3_kYXRbGZ6eUoM93WV\n","https://drive.google.com/uc?export=view&id=1S36wgavsEfNJ1KNksdPxMpzIN0byj1ar\n","https://drive.google.com/uc?export=view&id=1d65BkWq8AU4pLZAd7zJS1Nzf0QV5hIEa\n","https://drive.google.com/uc?export=view&id=1StcdPwYtncsFATz4PYvBvfjSSFsD-SQQ\n","https://drive.google.com/uc?export=view&id=18lX4O8mCJhNhwVdkMZMunN9sV-BVoz8j\n"]}