{"_via_settings":{"ui":{"annotation_editor_height":25,"annotation_editor_fontsize":0.8,"leftsidebar_width":18,"image_grid":{"img_height":80,"rshape_fill":"none","rshape_fill_opacity":0.3,"rshape_stroke":"yellow","rshape_stroke_width":2,"show_region_shape":true,"show_image_policy":"all"},"image":{"region_label":"__via_region_id__","region_color":"__via_default_region_color__","region_label_font":"10px Sans","on_image_annotation_editor_placement":"NEAR_REGION"}},"core":{"buffer_size":18,"filepath":{},"default_filepath":""},"project":{"name":"East Village South_2019_gcp"}},"_via_img_metadata":{"https://drive.google.com/uc?export=view&id=1wHGZOjlTowBNVs-a0EQctuy6pqKaZjZX\n":{"filename":"https://drive.google.com/uc?export=view&id=1wHGZOjlTowBNVs-a0EQctuy6pqKaZjZX\n","size":-1,"regions":[{"shape_attributes":{"name":"rect","x":120,"y":149,"width":11,"height":11},"region_attributes":{"Intersection":"1"}},{"shape_attributes":{"name":"rect","x":582,"y":435,"width":12,"height":11},"region_attributes":{"Intersection":"2"}},{"shape_attributes":{"name":"rect","x":114,"y":425,"width":14,"height":11},"region_attributes":{"Intersection":"3"}},{"shape_attributes":{"name":"rect","x":585,"y":152,"width":12,"height":10},"region_attributes":{"Intersection":"4"}}],"file_attributes":{}},"https://drive.google.com/uc?export=view&id=1DN5H9WPniifEgJGxClvw4fnse2OiD1tP\n":{"filename":"https://drive.google.com/uc?export=view&id=1DN5H9WPniifEgJGxClvw4fnse2OiD1tP\n","size":-1,"regions":[{"shape_attributes":{"name":"rect","x":152,"y":144,"width":11,"height":11},"region_attributes":{"Intersection":"1"}},{"shape_attributes":{"name":"rect","x":614,"y":432,"width":12,"height":11},"region_attributes":{"Intersection":"2"}},{"shape_attributes":{"name":"rect","x":148,"y":420,"width":14,"height":11},"region_attributes":{"Intersection":"3"}},{"shape_attributes":{"name":"rect","x":616,"y":149,"width":12,"height":10},"region_attributes":{"Intersection":"4"}}],"file_attributes":{}},"https://drive.google.com/uc?export=view&id=1Dzv5TYimConjzgzlXWpSUt8NnYSJkJty\n":{"filename":"https://drive.google.com/uc?export=view&id=1Dzv5TYimConjzgzlXWpSUt8NnYSJkJty\n","size":-1,"regions":[{"shape_attributes":{"name":"rect","x":148,"y":143,"width":11,"height":11},"region_attributes":{"Intersection":"1"}},{"shape_attributes":{"name":"rect","x":611,"y":429,"width":12,"height":11},"region_attributes":{"Intersection":"2"}},{"shape_attributes":{"name":"rect","x":145,"y":419,"width":14,"height":11},"region_attributes":{"Intersection":"3"}},{"shape_attributes":{"name":"rect","x":613,"y":145,"width":12,"height":10},"region_attributes":{"Intersection":"4"}}],"file_attributes":{}},"https://drive.google.com/uc?export=view&id=1jVNf9p7bFEiASOk06ATNhnlspe4MFl8r\n":{"filename":"https://drive.google.com/uc?export=view&id=1jVNf9p7bFEiASOk06ATNhnlspe4MFl8r\n","size":-1,"regions":[{"shape_attributes":{"name":"rect","x":157,"y":153,"width":11,"height":11},"region_attributes":{"Intersection":"1"}},{"shape_attributes":{"name":"rect","x":620,"y":436,"width":12,"height":11},"region_attributes":{"Intersection":"2"}},{"shape_attributes":{"name":"rect","x":153,"y":426,"width":14,"height":11},"region_attributes":{"Intersection":"3"}},{"shape_attributes":{"name":"rect","x":622,"y":153,"width":12,"height":10},"region_attributes":{"Intersection":"4"}}],"file_attributes":{}},"https://drive.google.com/uc?export=view&id=11pKEmV4VB1R6phes4dRALaXnnzWL9TqI\n":{"filename":"https://drive.google.com/uc?export=view&id=11pKEmV4VB1R6phes4dRALaXnnzWL9TqI\n","size":-1,"regions":[{"shape_attributes":{"name":"rect","x":150,"y":154,"width":11,"height":11},"region_attributes":{"Intersection":"1"}},{"shape_attributes":{"name":"rect","x":614,"y":438,"width":12,"height":11},"region_attributes":{"Intersection":"2"}},{"shape_attributes":{"name":"rect","x":146,"y":428,"width":14,"height":11},"region_attributes":{"Intersection":"3"}},{"shape_attributes":{"name":"rect","x":616,"y":154,"width":12,"height":10},"region_attributes":{"Intersection":"4"}}],"file_attributes":{}},"https://drive.google.com/uc?export=view&id=1nAIkVB1Ro6nuJOy7kozmsgdVRDlD9uWo\n":{"filename":"https://drive.google.com/uc?export=view&id=1nAIkVB1Ro6nuJOy7kozmsgdVRDlD9uWo\n","size":-1,"regions":[{"shape_attributes":{"name":"rect","x":185,"y":137,"width":11,"height":11},"region_attributes":{"Intersection":"1"}},{"shape_attributes":{"name":"rect","x":649,"y":415,"width":12,"height":11},"region_attributes":{"Intersection":"2"}},{"shape_attributes":{"name":"rect","x":179,"y":410,"width":14,"height":11},"region_attributes":{"Intersection":"3"}},{"shape_attributes":{"name":"rect","x":651,"y":131,"width":12,"height":10},"region_attributes":{"Intersection":"4"}}],"file_attributes":{}},"https://drive.google.com/uc?export=view&id=1yfSTkXQyf93qtvEiyPdXfCBD7YFBANBQ\n":{"filename":"https://drive.google.com/uc?export=view&id=1yfSTkXQyf93qtvEiyPdXfCBD7YFBANBQ\n","size":-1,"regions":[{"shape_attributes":{"name":"rect","x":155,"y":156,"width":11,"height":11},"region_attributes":{"Intersection":"1"}},{"shape_attributes":{"name":"rect","x":620,"y":439,"width":12,"height":11},"region_attributes":{"Intersection":"2"}},{"shape_attributes":{"name":"rect","x":150,"y":431,"width":14,"height":11},"region_attributes":{"Intersection":"3"}},{"shape_attributes":{"name":"rect","x":621,"y":154,"width":12,"height":10},"region_attributes":{"Intersection":"4"}}],"file_attributes":{}},"https://drive.google.com/uc?export=view&id=1EOFIpk5WmL98YgxODPxbJ7tHkHU-IIkY\n":{"filename":"https://drive.google.com/uc?export=view&id=1EOFIpk5WmL98YgxODPxbJ7tHkHU-IIkY\n","size":-1,"regions":[{"shape_attributes":{"name":"rect","x":161,"y":162,"width":11,"height":11},"region_attributes":{"Intersection":"1"}},{"shape_attributes":{"name":"rect","x":601,"y":438,"width":12,"height":11},"region_attributes":{"Intersection":"2"}},{"shape_attributes":{"name":"rect","x":174,"y":436,"width":14,"height":11},"region_attributes":{"Intersection":"3"}},{"shape_attributes":{"name":"rect","x":606,"y":166,"width":12,"height":9},"region_attributes":{"Intersection":"4"}}],"file_attributes":{}},"https://drive.google.com/uc?export=view&id=1-YRcw04UbM55V_9hp2otRaexIt8_9CEl\n":{"filename":"https://drive.google.com/uc?export=view&id=1-YRcw04UbM55V_9hp2otRaexIt8_9CEl\n","size":-1,"regions":[{"shape_attributes":{"name":"rect","x":142,"y":141,"width":11,"height":11},"region_attributes":{"Intersection":"1"}},{"shape_attributes":{"name":"rect","x":602,"y":431,"width":12,"height":11},"region_attributes":{"Intersection":"2"}},{"shape_attributes":{"name":"rect","x":134,"y":416,"width":14,"height":11},"region_attributes":{"Intersection":"3"}},{"shape_attributes":{"name":"rect","x":608,"y":147,"width":12,"height":10},"region_attributes":{"Intersection":"4"}}],"file_attributes":{}},"https://drive.google.com/uc?export=view&id=1kT2DMR5UFiUOl8O0I2L-2MmXSoM663v7\n":{"filename":"https://drive.google.com/uc?export=view&id=1kT2DMR5UFiUOl8O0I2L-2MmXSoM663v7\n","size":-1,"regions":[{"shape_attributes":{"name":"rect","x":151,"y":144,"width":11,"height":11},"region_attributes":{"Intersection":"1"}},{"shape_attributes":{"name":"rect","x":616,"y":427,"width":12,"height":11},"region_attributes":{"Intersection":"2"}},{"shape_attributes":{"name":"rect","x":149,"y":417,"width":14,"height":11},"region_attributes":{"Intersection":"3"}},{"shape_attributes":{"name":"rect","x":616,"y":144,"width":12,"height":10},"region_attributes":{"Intersection":"4"}}],"file_attributes":{}},"https://drive.google.com/uc?export=view&id=1dpvNrQwfnn_-Lp-nREwCxaqaENCFt0aa\n":{"filename":"https://drive.google.com/uc?export=view&id=1dpvNrQwfnn_-Lp-nREwCxaqaENCFt0aa\n","size":-1,"regions":[{"shape_attributes":{"name":"rect","x":155,"y":157,"width":11,"height":11},"region_attributes":{"Intersection":"1"}},{"shape_attributes":{"name":"rect","x":619,"y":441,"width":12,"height":11},"region_attributes":{"Intersection":"2"}},{"shape_attributes":{"name":"rect","x":152,"y":430,"width":14,"height":11},"region_attributes":{"Intersection":"3"}},{"shape_attributes":{"name":"rect","x":620,"y":157,"width":12,"height":10},"region_attributes":{"Intersection":"4"}}],"file_attributes":{}}},"_via_attributes":{"region":{"Intersection":{"type":"dropdown","description":"","options":{"1":"7th_Market","2":"16th_Imperial","3":"7th_Imperial","4":"16th_Market"},"default_options":{}}},"file":{}},"_via_data_format_version":"2.0.10","_via_image_id_list":["https://drive.google.com/uc?export=view&id=1wHGZOjlTowBNVs-a0EQctuy6pqKaZjZX\n","https://drive.google.com/uc?export=view&id=1DN5H9WPniifEgJGxClvw4fnse2OiD1tP\n","https://drive.google.com/uc?export=view&id=1Dzv5TYimConjzgzlXWpSUt8NnYSJkJty\n","https://drive.google.com/uc?export=view&id=1jVNf9p7bFEiASOk06ATNhnlspe4MFl8r\n","https://drive.google.com/uc?export=view&id=11pKEmV4VB1R6phes4dRALaXnnzWL9TqI\n","https://drive.google.com/uc?export=view&id=1nAIkVB1Ro6nuJOy7kozmsgdVRDlD9uWo\n","https://drive.google.com/uc?export=view&id=1yfSTkXQyf93qtvEiyPdXfCBD7YFBANBQ\n","https://drive.google.com/uc?export=view&id=1EOFIpk5WmL98YgxODPxbJ7tHkHU-IIkY\n","https://drive.google.com/uc?export=view&id=1-YRcw04UbM55V_9hp2otRaexIt8_9CEl\n","https://drive.google.com/uc?export=view&id=1kT2DMR5UFiUOl8O0I2L-2MmXSoM663v7\n","https://drive.google.com/uc?export=view&id=1dpvNrQwfnn_-Lp-nREwCxaqaENCFt0aa\n"]}