{"_via_settings":{"ui":{"annotation_editor_height":25,"annotation_editor_fontsize":0.8,"leftsidebar_width":18,"image_grid":{"img_height":80,"rshape_fill":"none","rshape_fill_opacity":0.3,"rshape_stroke":"yellow","rshape_stroke_width":2,"show_region_shape":true,"show_image_policy":"all"},"image":{"region_label":"__via_region_id__","region_color":"__via_default_region_color__","region_label_font":"10px Sans","on_image_annotation_editor_placement":"NEAR_REGION"}},"core":{"buffer_size":18,"filepath":{},"default_filepath":""},"project":{"name":"East Village South_2022_gcp"}},"_via_img_metadata":{"https://drive.google.com/uc?export=view&id=17t2YDy4VwYw35yfGHiDyXSFhRt9ln7z4\n":{"filename":"https://drive.google.com/uc?export=view&id=17t2YDy4VwYw35yfGHiDyXSFhRt9ln7z4\n","size":-1,"regions":[{"shape_attributes":{"name":"rect","x":139,"y":142,"width":11,"height":11},"region_attributes":{"Intersection":"1"}},{"shape_attributes":{"name":"rect","x":634,"y":444,"width":12,"height":11},"region_attributes":{"Intersection":"2"}},{"shape_attributes":{"name":"rect","x":135,"y":434,"width":14,"height":11},"region_attributes":{"Intersection":"3"}},{"shape_attributes":{"name":"rect","x":634,"y":142,"width":12,"height":10},"region_attributes":{"Intersection":"4"}}],"file_attributes":{}},"https://drive.google.com/uc?export=view&id=1MG2VAO_3135Qm4lteKZJeBlmXrbfAPrJ\n":{"filename":"https://drive.google.com/uc?export=view&id=1MG2VAO_3135Qm4lteKZJeBlmXrbfAPrJ\n","size":-1,"regions":[{"shape_attributes":{"name":"rect","x":129,"y":138,"width":11,"height":11},"region_attributes":{"Intersection":"1"}},{"shape_attributes":{"name":"rect","x":627,"y":440,"width":12,"height":11},"region_attributes":{"Intersection":"2"}},{"shape_attributes":{"name":"rect","x":127,"y":434,"width":14,"height":11},"region_attributes":{"Intersection":"3"}},{"shape_attributes":{"name":"rect","x":626,"y":136,"width":12,"height":10},"region_attributes":{"Intersection":"4"}}],"file_attributes":{}},"https://drive.google.com/uc?export=view&id=13VnDPxFccuyacazTWbUVlSEGj4hBi1JQ\n":{"filename":"https://drive.google.com/uc?export=view&id=13VnDPxFccuyacazTWbUVlSEGj4hBi1JQ\n","size":-1,"regions":[{"shape_attributes":{"name":"rect","x":129,"y":141,"width":11,"height":11},"region_attributes":{"Intersection":"1"}},{"shape_attributes":{"name":"rect","x":627,"y":443,"width":12,"height":11},"region_attributes":{"Intersection":"2"}},{"shape_attributes":{"name":"rect","x":128,"y":440,"width":14,"height":11},"region_attributes":{"Intersection":"3"}},{"shape_attributes":{"name":"rect","x":625,"y":138,"width":12,"height":10},"region_attributes":{"Intersection":"4"}}],"file_attributes":{}},"https://drive.google.com/uc?export=view&id=1BcQDPzWGhFnWJHcc0ZtsY7WZGBfRu8w-\n":{"filename":"https://drive.google.com/uc?export=view&id=1BcQDPzWGhFnWJHcc0ZtsY7WZGBfRu8w-\n","size":-1,"regions":[{"shape_attributes":{"name":"rect","x":158,"y":152,"width":11,"height":11},"region_attributes":{"Intersection":"1"}},{"shape_attributes":{"name":"rect","x":607,"y":426,"width":12,"height":11},"region_attributes":{"Intersection":"2"}},{"shape_attributes":{"name":"rect","x":157,"y":420,"width":14,"height":11},"region_attributes":{"Intersection":"3"}},{"shape_attributes":{"name":"rect","x":608,"y":152,"width":12,"height":10},"region_attributes":{"Intersection":"4"}}],"file_attributes":{}},"https://drive.google.com/uc?export=view&id=1dHge2A2RJaA3FH2wyDLrtgDr5PS5Ns5_\n":{"filename":"https://drive.google.com/uc?export=view&id=1dHge2A2RJaA3FH2wyDLrtgDr5PS5Ns5_\n","size":-1,"regions":[{"shape_attributes":{"name":"rect","x":154,"y":150,"width":11,"height":11},"region_attributes":{"Intersection":"1"}},{"shape_attributes":{"name":"rect","x":615,"y":433,"width":12,"height":11},"region_attributes":{"Intersection":"2"}},{"shape_attributes":{"name":"rect","x":152,"y":424,"width":14,"height":11},"region_attributes":{"Intersection":"3"}},{"shape_attributes":{"name":"rect","x":615,"y":149,"width":12,"height":10},"region_attributes":{"Intersection":"4"}}],"file_attributes":{}},"https://drive.google.com/uc?export=view&id=1WXVznBYZmcfHR88fmY9WGDJPyJgBmBIj\n":{"filename":"https://drive.google.com/uc?export=view&id=1WXVznBYZmcfHR88fmY9WGDJPyJgBmBIj\n","size":-1,"regions":[{"shape_attributes":{"name":"rect","x":151,"y":153,"width":11,"height":11},"region_attributes":{"Intersection":"1"}},{"shape_attributes":{"name":"rect","x":615,"y":433,"width":12,"height":11},"region_attributes":{"Intersection":"2"}},{"shape_attributes":{"name":"rect","x":149,"y":427,"width":14,"height":11},"region_attributes":{"Intersection":"3"}},{"shape_attributes":{"name":"rect","x":613,"y":150,"width":12,"height":10},"region_attributes":{"Intersection":"4"}}],"file_attributes":{}},"https://drive.google.com/uc?export=view&id=1s64grHT85OJZblAugXjzHdwg-MlDmPmi\n":{"filename":"https://drive.google.com/uc?export=view&id=1s64grHT85OJZblAugXjzHdwg-MlDmPmi\n","size":-1,"regions":[{"shape_attributes":{"name":"rect","x":159,"y":149,"width":11,"height":11},"region_attributes":{"Intersection":"1"}},{"shape_attributes":{"name":"rect","x":607,"y":429,"width":12,"height":11},"region_attributes":{"Intersection":"2"}},{"shape_attributes":{"name":"rect","x":156,"y":418,"width":14,"height":11},"region_attributes":{"Intersection":"3"}},{"shape_attributes":{"name":"rect","x":607,"y":152,"width":12,"height":10},"region_attributes":{"Intersection":"4"}}],"file_attributes":{}},"https://drive.google.com/uc?export=view&id=1DJM-aYOV6fayWjWJrUhnV3SBGYlY7WVY\n":{"filename":"https://drive.google.com/uc?export=view&id=1DJM-aYOV6fayWjWJrUhnV3SBGYlY7WVY\n","size":-1,"regions":[{"shape_attributes":{"name":"rect","x":152,"y":147,"width":11,"height":11},"region_attributes":{"Intersection":"1"}},{"shape_attributes":{"name":"rect","x":611,"y":432,"width":12,"height":11},"region_attributes":{"Intersection":"2"}},{"shape_attributes":{"name":"rect","x":149,"y":421,"width":14,"height":11},"region_attributes":{"Intersection":"3"}},{"shape_attributes":{"name":"rect","x":611,"y":147,"width":12,"height":10},"region_attributes":{"Intersection":"4"}}],"file_attributes":{}},"https://drive.google.com/uc?export=view&id=1Q_al-1u42wkGFVsZtnWS2l0Ol7QjR3zb\n":{"filename":"https://drive.google.com/uc?export=view&id=1Q_al-1u42wkGFVsZtnWS2l0Ol7QjR3zb\n","size":-1,"regions":[{"shape_attributes":{"name":"rect","x":154,"y":156,"width":11,"height":11},"region_attributes":{"Intersection":"1"}},{"shape_attributes":{"name":"rect","x":614,"y":442,"width":12,"height":11},"region_attributes":{"Intersection":"2"}},{"shape_attributes":{"name":"rect","x":150,"y":430,"width":14,"height":11},"region_attributes":{"Intersection":"3"}},{"shape_attributes":{"name":"rect","x":615,"y":160,"width":12,"height":10},"region_attributes":{"Intersection":"4"}}],"file_attributes":{}},"https://drive.google.com/uc?export=view&id=1DkAPadlZe5TuiCLbquZdwWg_ZoWoeKyh\n":{"filename":"https://drive.google.com/uc?export=view&id=1DkAPadlZe5TuiCLbquZdwWg_ZoWoeKyh\n","size":-1,"regions":[{"shape_attributes":{"name":"rect","x":151,"y":147,"width":11,"height":11},"region_attributes":{"Intersection":"1"}},{"shape_attributes":{"name":"rect","x":613,"y":429,"width":12,"height":11},"region_attributes":{"Intersection":"2"}},{"shape_attributes":{"name":"rect","x":148,"y":421,"width":14,"height":11},"region_attributes":{"Intersection":"3"}},{"shape_attributes":{"name":"rect","x":613,"y":149,"width":12,"height":10},"region_attributes":{"Intersection":"4"}}],"file_attributes":{}},"https://drive.google.com/uc?export=view&id=1HBGN6jb_1H3tC2eBYnHRbO_WjGBiL9Zu\n":{"filename":"https://drive.google.com/uc?export=view&id=1HBGN6jb_1H3tC2eBYnHRbO_WjGBiL9Zu\n","size":-1,"regions":[{"shape_attributes":{"name":"rect","x":152,"y":149,"width":11,"height":11},"region_attributes":{"Intersection":"1"}},{"shape_attributes":{"name":"rect","x":612,"y":434,"width":12,"height":11},"region_attributes":{"Intersection":"2"}},{"shape_attributes":{"name":"rect","x":148,"y":425,"width":14,"height":11},"region_attributes":{"Intersection":"3"}},{"shape_attributes":{"name":"rect","x":613,"y":151,"width":12,"height":10},"region_attributes":{"Intersection":"4"}}],"file_attributes":{}},"https://drive.google.com/uc?export=view&id=1Q6FrnqKT2ILGjcnYnNtozfDL9jgy2Iww\n":{"filename":"https://drive.google.com/uc?export=view&id=1Q6FrnqKT2ILGjcnYnNtozfDL9jgy2Iww\n","size":-1,"regions":[{"shape_attributes":{"name":"rect","x":152,"y":149,"width":11,"height":11},"region_attributes":{"Intersection":"1"}},{"shape_attributes":{"name":"rect","x":612,"y":435,"width":12,"height":11},"region_attributes":{"Intersection":"2"}},{"shape_attributes":{"name":"rect","x":148,"y":425,"width":14,"height":11},"region_attributes":{"Intersection":"3"}},{"shape_attributes":{"name":"rect","x":612,"y":152,"width":12,"height":10},"region_attributes":{"Intersection":"4"}}],"file_attributes":{}}},"_via_attributes":{"region":{"Intersection":{"type":"dropdown","description":"","options":{"1":"7th_Market","2":"16th_Imperial","3":"7th_Imperial","4":"16th_Market"},"default_options":{}}},"file":{}},"_via_data_format_version":"2.0.10","_via_image_id_list":["https://drive.google.com/uc?export=view&id=17t2YDy4VwYw35yfGHiDyXSFhRt9ln7z4\n","https://drive.google.com/uc?export=view&id=1MG2VAO_3135Qm4lteKZJeBlmXrbfAPrJ\n","https://drive.google.com/uc?export=view&id=13VnDPxFccuyacazTWbUVlSEGj4hBi1JQ\n","https://drive.google.com/uc?export=view&id=1BcQDPzWGhFnWJHcc0ZtsY7WZGBfRu8w-\n","https://drive.google.com/uc?export=view&id=1dHge2A2RJaA3FH2wyDLrtgDr5PS5Ns5_\n","https://drive.google.com/uc?export=view&id=1WXVznBYZmcfHR88fmY9WGDJPyJgBmBIj\n","https://drive.google.com/uc?export=view&id=1s64grHT85OJZblAugXjzHdwg-MlDmPmi\n","https://drive.google.com/uc?export=view&id=1DJM-aYOV6fayWjWJrUhnV3SBGYlY7WVY\n","https://drive.google.com/uc?export=view&id=1Q_al-1u42wkGFVsZtnWS2l0Ol7QjR3zb\n","https://drive.google.com/uc?export=view&id=1DkAPadlZe5TuiCLbquZdwWg_ZoWoeKyh\n","https://drive.google.com/uc?export=view&id=1HBGN6jb_1H3tC2eBYnHRbO_WjGBiL9Zu\n","https://drive.google.com/uc?export=view&id=1Q6FrnqKT2ILGjcnYnNtozfDL9jgy2Iww\n"]}