{"_via_settings":{"ui":{"annotation_editor_height":25,"annotation_editor_fontsize":0.8,"leftsidebar_width":18,"image_grid":{"img_height":80,"rshape_fill":"none","rshape_fill_opacity":0.3,"rshape_stroke":"yellow","rshape_stroke_width":2,"show_region_shape":true,"show_image_policy":"all"},"image":{"region_label":"__via_region_id__","region_color":"__via_default_region_color__","region_label_font":"10px Sans","on_image_annotation_editor_placement":"NEAR_REGION"}},"core":{"buffer_size":18,"filepath":{},"default_filepath":""},"project":{"name":"East Village South_2021_gcp"}},"_via_img_metadata":{"https://drive.google.com/uc?export=view&id=1GJU8_CQSkS1pLmiqma3wW8t27uE-TyrD\n":{"filename":"https://drive.google.com/uc?export=view&id=1GJU8_CQSkS1pLmiqma3wW8t27uE-TyrD\n","size":-1,"regions":[{"shape_attributes":{"name":"rect","x":161,"y":154,"width":11,"height":11},"region_attributes":{"Intersection":"1"}},{"shape_attributes":{"name":"rect","x":622,"y":439,"width":12,"height":11},"region_attributes":{"Intersection":"2"}},{"shape_attributes":{"name":"rect","x":155,"y":427,"width":14,"height":11},"region_attributes":{"Intersection":"3"}},{"shape_attributes":{"name":"rect","x":627,"y":157,"width":12,"height":10},"region_attributes":{"Intersection":"4"}}],"file_attributes":{}},"https://drive.google.com/uc?export=view&id=1f72GIIt86gCwWh3HN6ckb2xu4mjckjdX\n":{"filename":"https://drive.google.com/uc?export=view&id=1f72GIIt86gCwWh3HN6ckb2xu4mjckjdX\n","size":-1,"regions":[{"shape_attributes":{"name":"rect","x":144,"y":142,"width":11,"height":11},"region_attributes":{"Intersection":"1"}},{"shape_attributes":{"name":"rect","x":599,"y":424,"width":12,"height":11},"region_attributes":{"Intersection":"2"}},{"shape_attributes":{"name":"rect","x":143,"y":416,"width":14,"height":11},"region_attributes":{"Intersection":"3"}},{"shape_attributes":{"name":"rect","x":597,"y":141,"width":12,"height":10},"region_attributes":{"Intersection":"4"}}],"file_attributes":{}},"https://drive.google.com/uc?export=view&id=1p4HQrmbdbdqN7vAxKdsqbWUgLKD9KM0C\n":{"filename":"https://drive.google.com/uc?export=view&id=1p4HQrmbdbdqN7vAxKdsqbWUgLKD9KM0C\n","size":-1,"regions":[{"shape_attributes":{"name":"rect","x":158,"y":160,"width":11,"height":11},"region_attributes":{"Intersection":"1"}},{"shape_attributes":{"name":"rect","x":611,"y":437,"width":12,"height":11},"region_attributes":{"Intersection":"2"}},{"shape_attributes":{"name":"rect","x":155,"y":428,"width":14,"height":11},"region_attributes":{"Intersection":"3"}},{"shape_attributes":{"name":"rect","x":611,"y":162,"width":12,"height":10},"region_attributes":{"Intersection":"4"}}],"file_attributes":{}},"https://drive.google.com/uc?export=view&id=1hxD3hCJqt-xJHgATgLoe1KCV7DgXHaHn\n":{"filename":"https://drive.google.com/uc?export=view&id=1hxD3hCJqt-xJHgATgLoe1KCV7DgXHaHn\n","size":-1,"regions":[{"shape_attributes":{"name":"rect","x":156,"y":166,"width":11,"height":11},"region_attributes":{"Intersection":"1"}},{"shape_attributes":{"name":"rect","x":603,"y":444,"width":12,"height":11},"region_attributes":{"Intersection":"2"}},{"shape_attributes":{"name":"rect","x":153,"y":433,"width":14,"height":11},"region_attributes":{"Intersection":"3"}},{"shape_attributes":{"name":"rect","x":606,"y":167,"width":12,"height":10},"region_attributes":{"Intersection":"4"}}],"file_attributes":{}},"https://drive.google.com/uc?export=view&id=1PhQ_os09wqCzj9bMfes6YKOhzjIKv6vS\n":{"filename":"https://drive.google.com/uc?export=view&id=1PhQ_os09wqCzj9bMfes6YKOhzjIKv6vS\n","size":-1,"regions":[{"shape_attributes":{"name":"rect","x":155,"y":166,"width":11,"height":11},"region_attributes":{"Intersection":"1"}},{"shape_attributes":{"name":"rect","x":603,"y":445,"width":12,"height":11},"region_attributes":{"Intersection":"2"}},{"shape_attributes":{"name":"rect","x":154,"y":434,"width":14,"height":11},"region_attributes":{"Intersection":"3"}},{"shape_attributes":{"name":"rect","x":604,"y":168,"width":12,"height":10},"region_attributes":{"Intersection":"4"}}],"file_attributes":{}},"https://drive.google.com/uc?export=view&id=116a87DIYudQwdOL5tzlRvlPxslfSHBsC\n":{"filename":"https://drive.google.com/uc?export=view&id=116a87DIYudQwdOL5tzlRvlPxslfSHBsC\n","size":-1,"regions":[{"shape_attributes":{"name":"rect","x":162,"y":158,"width":11,"height":11},"region_attributes":{"Intersection":"1"}},{"shape_attributes":{"name":"rect","x":609,"y":441,"width":12,"height":11},"region_attributes":{"Intersection":"2"}},{"shape_attributes":{"name":"rect","x":155,"y":426,"width":14,"height":11},"region_attributes":{"Intersection":"3"}},{"shape_attributes":{"name":"rect","x":612,"y":166,"width":12,"height":10},"region_attributes":{"Intersection":"4"}}],"file_attributes":{}},"https://drive.google.com/uc?export=view&id=16YrxlswBcZwAepgOUIZ4T5DWuNlQaMnd\n":{"filename":"https://drive.google.com/uc?export=view&id=16YrxlswBcZwAepgOUIZ4T5DWuNlQaMnd\n","size":-1,"regions":[{"shape_attributes":{"name":"rect","x":147,"y":156,"width":11,"height":11},"region_attributes":{"Intersection":"1"}},{"shape_attributes":{"name":"rect","x":611,"y":438,"width":12,"height":11},"region_attributes":{"Intersection":"2"}},{"shape_attributes":{"name":"rect","x":143,"y":430,"width":14,"height":11},"region_attributes":{"Intersection":"3"}},{"shape_attributes":{"name":"rect","x":611,"y":153,"width":12,"height":10},"region_attributes":{"Intersection":"4"}}],"file_attributes":{}},"https://drive.google.com/uc?export=view&id=1AKiMSrFGzm8Tdl60jY9XwHNFFpbqiCnC\n":{"filename":"https://drive.google.com/uc?export=view&id=1AKiMSrFGzm8Tdl60jY9XwHNFFpbqiCnC\n","size":-1,"regions":[{"shape_attributes":{"name":"rect","x":134,"y":135,"width":11,"height":11},"region_attributes":{"Intersection":"1"}},{"shape_attributes":{"name":"rect","x":630,"y":436,"width":12,"height":11},"region_attributes":{"Intersection":"2"}},{"shape_attributes":{"name":"rect","x":130,"y":427,"width":14,"height":11},"region_attributes":{"Intersection":"3"}},{"shape_attributes":{"name":"rect","x":632,"y":136,"width":12,"height":10},"region_attributes":{"Intersection":"4"}}],"file_attributes":{}},"https://drive.google.com/uc?export=view&id=1_Ny7ae0ecHg67tc3cbvp7Q701b-wo4Cc\n":{"filename":"https://drive.google.com/uc?export=view&id=1_Ny7ae0ecHg67tc3cbvp7Q701b-wo4Cc\n","size":-1,"regions":[{"shape_attributes":{"name":"rect","x":150,"y":144,"width":11,"height":11},"region_attributes":{"Intersection":"1"}},{"shape_attributes":{"name":"rect","x":611,"y":427,"width":12,"height":11},"region_attributes":{"Intersection":"2"}},{"shape_attributes":{"name":"rect","x":145,"y":416,"width":14,"height":11},"region_attributes":{"Intersection":"3"}},{"shape_attributes":{"name":"rect","x":614,"y":145,"width":12,"height":10},"region_attributes":{"Intersection":"4"}}],"file_attributes":{}},"https://drive.google.com/uc?export=view&id=10OjziZvZ4tZjSbMLJyin2yQCFJDP96_X\n":{"filename":"https://drive.google.com/uc?export=view&id=10OjziZvZ4tZjSbMLJyin2yQCFJDP96_X\n","size":-1,"regions":[{"shape_attributes":{"name":"rect","x":118,"y":114,"width":11,"height":11},"region_attributes":{"Intersection":"1"}},{"shape_attributes":{"name":"rect","x":579,"y":396,"width":12,"height":11},"region_attributes":{"Intersection":"2"}},{"shape_attributes":{"name":"rect","x":116,"y":389,"width":14,"height":13},"region_attributes":{"Intersection":"3"}},{"shape_attributes":{"name":"rect","x":577,"y":113,"width":12,"height":10},"region_attributes":{"Intersection":"4"}}],"file_attributes":{}},"https://drive.google.com/uc?export=view&id=1Ndqc9OsEtLjfXPCQCWbxMuArMzJwN5EJ\n":{"filename":"https://drive.google.com/uc?export=view&id=1Ndqc9OsEtLjfXPCQCWbxMuArMzJwN5EJ\n","size":-1,"regions":[{"shape_attributes":{"name":"rect","x":140,"y":125,"width":11,"height":11},"region_attributes":{"Intersection":"1"}},{"shape_attributes":{"name":"rect","x":633,"y":426,"width":12,"height":11},"region_attributes":{"Intersection":"2"}},{"shape_attributes":{"name":"rect","x":135,"y":417,"width":14,"height":11},"region_attributes":{"Intersection":"3"}},{"shape_attributes":{"name":"rect","x":636,"y":125,"width":12,"height":10},"region_attributes":{"Intersection":"4"}}],"file_attributes":{}},"https://drive.google.com/uc?export=view&id=10dDjnVJMllv46jIVJDIfjYoLzOYPYY6g\n":{"filename":"https://drive.google.com/uc?export=view&id=10dDjnVJMllv46jIVJDIfjYoLzOYPYY6g\n","size":-1,"regions":[{"shape_attributes":{"name":"rect","x":152,"y":144,"width":11,"height":11},"region_attributes":{"Intersection":"1"}},{"shape_attributes":{"name":"rect","x":611,"y":431,"width":12,"height":11},"region_attributes":{"Intersection":"2"}},{"shape_attributes":{"name":"rect","x":147,"y":419,"width":14,"height":11},"region_attributes":{"Intersection":"3"}},{"shape_attributes":{"name":"rect","x":613,"y":149,"width":12,"height":10},"region_attributes":{"Intersection":"4"}}],"file_attributes":{}}},"_via_attributes":{"region":{"Intersection":{"type":"dropdown","description":"","options":{"1":"7th_Market","2":"16th_Imperial","3":"7th_Imperial","4":"16th_Market"},"default_options":{}}},"file":{}},"_via_data_format_version":"2.0.10","_via_image_id_list":["https://drive.google.com/uc?export=view&id=1GJU8_CQSkS1pLmiqma3wW8t27uE-TyrD\n","https://drive.google.com/uc?export=view&id=1f72GIIt86gCwWh3HN6ckb2xu4mjckjdX\n","https://drive.google.com/uc?export=view&id=1p4HQrmbdbdqN7vAxKdsqbWUgLKD9KM0C\n","https://drive.google.com/uc?export=view&id=1hxD3hCJqt-xJHgATgLoe1KCV7DgXHaHn\n","https://drive.google.com/uc?export=view&id=1PhQ_os09wqCzj9bMfes6YKOhzjIKv6vS\n","https://drive.google.com/uc?export=view&id=116a87DIYudQwdOL5tzlRvlPxslfSHBsC\n","https://drive.google.com/uc?export=view&id=16YrxlswBcZwAepgOUIZ4T5DWuNlQaMnd\n","https://drive.google.com/uc?export=view&id=1AKiMSrFGzm8Tdl60jY9XwHNFFpbqiCnC\n","https://drive.google.com/uc?export=view&id=1_Ny7ae0ecHg67tc3cbvp7Q701b-wo4Cc\n","https://drive.google.com/uc?export=view&id=10OjziZvZ4tZjSbMLJyin2yQCFJDP96_X\n","https://drive.google.com/uc?export=view&id=1Ndqc9OsEtLjfXPCQCWbxMuArMzJwN5EJ\n","https://drive.google.com/uc?export=view&id=10dDjnVJMllv46jIVJDIfjYoLzOYPYY6g\n"]}