{"_via_settings":{"ui":{"annotation_editor_height":25,"annotation_editor_fontsize":0.8,"leftsidebar_width":18,"image_grid":{"img_height":80,"rshape_fill":"none","rshape_fill_opacity":0.3,"rshape_stroke":"yellow","rshape_stroke_width":2,"show_region_shape":true,"show_image_policy":"all"},"image":{"region_label":"__via_region_id__","region_color":"__via_default_region_color__","region_label_font":"10px Sans","on_image_annotation_editor_placement":"NEAR_REGION"}},"core":{"buffer_size":18,"filepath":{},"default_filepath":""},"project":{"name":"East Village_2021_gcp"}},"_via_img_metadata":{"https://drive.google.com/uc?export=view&id=1P-99KGv2QOerVrwIya1OO_rslVRvFTEX\n":{"filename":"https://drive.google.com/uc?export=view&id=1P-99KGv2QOerVrwIya1OO_rslVRvFTEX\n","size":-1,"regions":[{"shape_attributes":{"name":"rect","x":134,"y":486,"width":12,"height":13},"region_attributes":{"Intersection":"1"}},{"shape_attributes":{"name":"rect","x":623,"y":488,"width":13,"height":11},"region_attributes":{"Intersection":"2"}},{"shape_attributes":{"name":"rect","x":622,"y":271,"width":13,"height":14},"region_attributes":{"Intersection":"3"}},{"shape_attributes":{"name":"rect","x":129,"y":276,"width":13,"height":13},"region_attributes":{"Intersection":"4"}}],"file_attributes":{}},"https://drive.google.com/uc?export=view&id=1E-rqKtmpl6ctbo6TOpJt5qLaCeaC0LQz\n":{"filename":"https://drive.google.com/uc?export=view&id=1E-rqKtmpl6ctbo6TOpJt5qLaCeaC0LQz\n","size":-1,"regions":[{"shape_attributes":{"name":"rect","x":119,"y":472,"width":12,"height":13},"region_attributes":{"Intersection":"1"}},{"shape_attributes":{"name":"rect","x":599,"y":472,"width":13,"height":11},"region_attributes":{"Intersection":"2"}},{"shape_attributes":{"name":"rect","x":598,"y":255,"width":13,"height":14},"region_attributes":{"Intersection":"3"}},{"shape_attributes":{"name":"rect","x":117,"y":258,"width":13,"height":13},"region_attributes":{"Intersection":"4"}}],"file_attributes":{}},"https://drive.google.com/uc?export=view&id=15KR9PvnzMmBqK9EJM9XCX_ofRzauAM_c\n":{"filename":"https://drive.google.com/uc?export=view&id=15KR9PvnzMmBqK9EJM9XCX_ofRzauAM_c\n","size":-1,"regions":[{"shape_attributes":{"name":"rect","x":132,"y":479,"width":12,"height":13},"region_attributes":{"Intersection":"1"}},{"shape_attributes":{"name":"rect","x":610,"y":481,"width":13,"height":11},"region_attributes":{"Intersection":"2"}},{"shape_attributes":{"name":"rect","x":610,"y":272,"width":13,"height":14},"region_attributes":{"Intersection":"3"}},{"shape_attributes":{"name":"rect","x":132,"y":273,"width":13,"height":13},"region_attributes":{"Intersection":"4"}}],"file_attributes":{}},"https://drive.google.com/uc?export=view&id=1A90uJvViHXDXuHX2EF3M7IBkOg2MM--k\n":{"filename":"https://drive.google.com/uc?export=view&id=1A90uJvViHXDXuHX2EF3M7IBkOg2MM--k\n","size":-1,"regions":[{"shape_attributes":{"name":"rect","x":130,"y":486,"width":12,"height":13},"region_attributes":{"Intersection":"1"}},{"shape_attributes":{"name":"rect","x":604,"y":487,"width":13,"height":11},"region_attributes":{"Intersection":"2"}},{"shape_attributes":{"name":"rect","x":606,"y":276,"width":13,"height":14},"region_attributes":{"Intersection":"3"}},{"shape_attributes":{"name":"rect","x":128,"y":278,"width":13,"height":13},"region_attributes":{"Intersection":"4"}}],"file_attributes":{}},"https://drive.google.com/uc?export=view&id=1ZIAx8yEhyotF8dyfmpTAwT9sXpMbMgdc\n":{"filename":"https://drive.google.com/uc?export=view&id=1ZIAx8yEhyotF8dyfmpTAwT9sXpMbMgdc\n","size":-1,"regions":[{"shape_attributes":{"name":"rect","x":131,"y":477,"width":12,"height":13},"region_attributes":{"Intersection":"1"}},{"shape_attributes":{"name":"rect","x":606,"y":481,"width":13,"height":11},"region_attributes":{"Intersection":"2"}},{"shape_attributes":{"name":"rect","x":606,"y":268,"width":13,"height":14},"region_attributes":{"Intersection":"3"}},{"shape_attributes":{"name":"rect","x":131,"y":268,"width":13,"height":13},"region_attributes":{"Intersection":"4"}}],"file_attributes":{}},"https://drive.google.com/uc?export=view&id=1xhv82ZGXauHF6BoSEozqHXTfgB5p9-1l\n":{"filename":"https://drive.google.com/uc?export=view&id=1xhv82ZGXauHF6BoSEozqHXTfgB5p9-1l\n","size":-1,"regions":[{"shape_attributes":{"name":"rect","x":132,"y":477,"width":12,"height":13},"region_attributes":{"Intersection":"1"}},{"shape_attributes":{"name":"rect","x":609,"y":478,"width":13,"height":11},"region_attributes":{"Intersection":"2"}},{"shape_attributes":{"name":"rect","x":609,"y":267,"width":13,"height":14},"region_attributes":{"Intersection":"3"}},{"shape_attributes":{"name":"rect","x":132,"y":267,"width":13,"height":13},"region_attributes":{"Intersection":"4"}}],"file_attributes":{}},"https://drive.google.com/uc?export=view&id=1Xy-jCfOGxR-1YtWPsVyDcPrHvDel_Nd0\n":{"filename":"https://drive.google.com/uc?export=view&id=1Xy-jCfOGxR-1YtWPsVyDcPrHvDel_Nd0\n","size":-1,"regions":[{"shape_attributes":{"name":"rect","x":122,"y":485,"width":12,"height":13},"region_attributes":{"Intersection":"1"}},{"shape_attributes":{"name":"rect","x":614,"y":485,"width":13,"height":11},"region_attributes":{"Intersection":"2"}},{"shape_attributes":{"name":"rect","x":613,"y":269,"width":13,"height":14},"region_attributes":{"Intersection":"3"}},{"shape_attributes":{"name":"rect","x":122,"y":271,"width":13,"height":13},"region_attributes":{"Intersection":"4"}}],"file_attributes":{}},"https://drive.google.com/uc?export=view&id=1qzG4-qufZj61sJNA3IjWOKOVzKQLIlsc\n":{"filename":"https://drive.google.com/uc?export=view&id=1qzG4-qufZj61sJNA3IjWOKOVzKQLIlsc\n","size":-1,"regions":[{"shape_attributes":{"name":"rect","x":107,"y":485,"width":12,"height":13},"region_attributes":{"Intersection":"1"}},{"shape_attributes":{"name":"rect","x":631,"y":484,"width":13,"height":11},"region_attributes":{"Intersection":"2"}},{"shape_attributes":{"name":"rect","x":631,"y":254,"width":13,"height":14},"region_attributes":{"Intersection":"3"}},{"shape_attributes":{"name":"rect","x":106,"y":257,"width":13,"height":13},"region_attributes":{"Intersection":"4"}}],"file_attributes":{}},"https://drive.google.com/uc?export=view&id=1EIxcZFlQKzCS3NVnngPnXiWhWR2Cd3KV\n":{"filename":"https://drive.google.com/uc?export=view&id=1EIxcZFlQKzCS3NVnngPnXiWhWR2Cd3KV\n","size":-1,"regions":[{"shape_attributes":{"name":"rect","x":124,"y":484,"width":12,"height":13},"region_attributes":{"Intersection":"1"}},{"shape_attributes":{"name":"rect","x":614,"y":487,"width":13,"height":11},"region_attributes":{"Intersection":"2"}},{"shape_attributes":{"name":"rect","x":616,"y":271,"width":13,"height":14},"region_attributes":{"Intersection":"3"}},{"shape_attributes":{"name":"rect","x":124,"y":271,"width":13,"height":13},"region_attributes":{"Intersection":"4"}}],"file_attributes":{}},"https://drive.google.com/uc?export=view&id=17u-u5Cfi3KgctfnUCXQca05RmbMosKQI\n":{"filename":"https://drive.google.com/uc?export=view&id=17u-u5Cfi3KgctfnUCXQca05RmbMosKQI\n","size":-1,"regions":[{"shape_attributes":{"name":"rect","x":89,"y":441,"width":12,"height":13},"region_attributes":{"Intersection":"1"}},{"shape_attributes":{"name":"rect","x":578,"y":443,"width":13,"height":11},"region_attributes":{"Intersection":"2"}},{"shape_attributes":{"name":"rect","x":577,"y":226,"width":13,"height":14},"region_attributes":{"Intersection":"3"}},{"shape_attributes":{"name":"rect","x":87,"y":226,"width":13,"height":13},"region_attributes":{"Intersection":"4"}}],"file_attributes":{}},"https://drive.google.com/uc?export=view&id=1trG7IalPt7HVmiA7vLtCXb4JbGTP_DJi\n":{"filename":"https://drive.google.com/uc?export=view&id=1trG7IalPt7HVmiA7vLtCXb4JbGTP_DJi\n","size":-1,"regions":[{"shape_attributes":{"name":"rect","x":109,"y":491,"width":12,"height":13},"region_attributes":{"Intersection":"1"}},{"shape_attributes":{"name":"rect","x":632,"y":492,"width":13,"height":11},"region_attributes":{"Intersection":"2"}},{"shape_attributes":{"name":"rect","x":634,"y":262,"width":13,"height":14},"region_attributes":{"Intersection":"3"}},{"shape_attributes":{"name":"rect","x":107,"y":262,"width":13,"height":13},"region_attributes":{"Intersection":"4"}}],"file_attributes":{}},"https://drive.google.com/uc?export=view&id=1Yx7z3xyj9cD1G2Ku24s_vcgTq838S5Wx\n":{"filename":"https://drive.google.com/uc?export=view&id=1Yx7z3xyj9cD1G2Ku24s_vcgTq838S5Wx\n","size":-1,"regions":[{"shape_attributes":{"name":"rect","x":122,"y":473,"width":12,"height":13},"region_attributes":{"Intersection":"1"}},{"shape_attributes":{"name":"rect","x":612,"y":477,"width":13,"height":11},"region_attributes":{"Intersection":"2"}},{"shape_attributes":{"name":"rect","x":613,"y":261,"width":13,"height":14},"region_attributes":{"Intersection":"3"}},{"shape_attributes":{"name":"rect","x":123,"y":260,"width":13,"height":13},"region_attributes":{"Intersection":"4"}}],"file_attributes":{}}},"_via_attributes":{"region":{"Intersection":{"type":"dropdown","description":"","options":{"1":"7th_Market","2":"16th_Market","3":"16th_E","4":"7th_E"},"default_options":{}}},"file":{}},"_via_data_format_version":"2.0.10","_via_image_id_list":["https://drive.google.com/uc?export=view&id=1P-99KGv2QOerVrwIya1OO_rslVRvFTEX\n","https://drive.google.com/uc?export=view&id=1E-rqKtmpl6ctbo6TOpJt5qLaCeaC0LQz\n","https://drive.google.com/uc?export=view&id=15KR9PvnzMmBqK9EJM9XCX_ofRzauAM_c\n","https://drive.google.com/uc?export=view&id=1A90uJvViHXDXuHX2EF3M7IBkOg2MM--k\n","https://drive.google.com/uc?export=view&id=1ZIAx8yEhyotF8dyfmpTAwT9sXpMbMgdc\n","https://drive.google.com/uc?export=view&id=1xhv82ZGXauHF6BoSEozqHXTfgB5p9-1l\n","https://drive.google.com/uc?export=view&id=1Xy-jCfOGxR-1YtWPsVyDcPrHvDel_Nd0\n","https://drive.google.com/uc?export=view&id=1qzG4-qufZj61sJNA3IjWOKOVzKQLIlsc\n","https://drive.google.com/uc?export=view&id=1EIxcZFlQKzCS3NVnngPnXiWhWR2Cd3KV\n","https://drive.google.com/uc?export=view&id=17u-u5Cfi3KgctfnUCXQca05RmbMosKQI\n","https://drive.google.com/uc?export=view&id=1trG7IalPt7HVmiA7vLtCXb4JbGTP_DJi\n","https://drive.google.com/uc?export=view&id=1Yx7z3xyj9cD1G2Ku24s_vcgTq838S5Wx\n"]}