{"_via_settings":{"ui":{"annotation_editor_height":25,"annotation_editor_fontsize":0.8,"leftsidebar_width":18,"image_grid":{"img_height":80,"rshape_fill":"none","rshape_fill_opacity":0.3,"rshape_stroke":"yellow","rshape_stroke_width":2,"show_region_shape":true,"show_image_policy":"all"},"image":{"region_label":"__via_region_id__","region_color":"__via_default_region_color__","region_label_font":"10px Sans","on_image_annotation_editor_placement":"NEAR_REGION"}},"core":{"buffer_size":18,"filepath":{},"default_filepath":""},"project":{"name":"Gaslamp_2021_gcp"}},"_via_img_metadata":{"https://drive.google.com/uc?export=view&id=1uQkdtmroSHdZTPtTU3ZJBWCht5as0Jvg\n":{"filename":"https://drive.google.com/uc?export=view&id=1uQkdtmroSHdZTPtTU3ZJBWCht5as0Jvg\n","size":-1,"regions":[{"shape_attributes":{"name":"rect","x":665,"y":61,"width":23,"height":12},"region_attributes":{"Intersection":"2"}},{"shape_attributes":{"name":"rect","x":661,"y":427,"width":18,"height":11},"region_attributes":{"Intersection":"1"}},{"shape_attributes":{"name":"rect","x":482,"y":427,"width":17,"height":11},"region_attributes":{"Intersection":"3"}},{"shape_attributes":{"name":"rect","x":482,"y":61,"width":20,"height":12},"region_attributes":{"Intersection":"4"}}],"file_attributes":{}},"https://drive.google.com/uc?export=view&id=1gCgXkpmcZKqOnJTwMip_LTcRhY5Gd52I\n":{"filename":"https://drive.google.com/uc?export=view&id=1gCgXkpmcZKqOnJTwMip_LTcRhY5Gd52I\n","size":-1,"regions":[{"shape_attributes":{"name":"rect","x":642,"y":36,"width":23,"height":12},"region_attributes":{"Intersection":"2"}},{"shape_attributes":{"name":"rect","x":641,"y":405,"width":18,"height":11},"region_attributes":{"Intersection":"1"}},{"shape_attributes":{"name":"rect","x":464,"y":405,"width":17,"height":11},"region_attributes":{"Intersection":"3"}},{"shape_attributes":{"name":"rect","x":463,"y":38,"width":20,"height":12},"region_attributes":{"Intersection":"4"}}],"file_attributes":{}},"https://drive.google.com/uc?export=view&id=1QfQ8p4FrKDI0W5Rm-zby5YG2RyCAZGEl\n":{"filename":"https://drive.google.com/uc?export=view&id=1QfQ8p4FrKDI0W5Rm-zby5YG2RyCAZGEl\n","size":-1,"regions":[{"shape_attributes":{"name":"rect","x":651,"y":60,"width":23,"height":12},"region_attributes":{"Intersection":"2"}},{"shape_attributes":{"name":"rect","x":651,"y":419,"width":18,"height":11},"region_attributes":{"Intersection":"1"}},{"shape_attributes":{"name":"rect","x":475,"y":417,"width":17,"height":11},"region_attributes":{"Intersection":"3"}},{"shape_attributes":{"name":"rect","x":472,"y":59,"width":20,"height":12},"region_attributes":{"Intersection":"4"}}],"file_attributes":{}},"https://drive.google.com/uc?export=view&id=1n_b46dGH00uE2lurBlBuWnp-nQBAKMke\n":{"filename":"https://drive.google.com/uc?export=view&id=1n_b46dGH00uE2lurBlBuWnp-nQBAKMke\n","size":-1,"regions":[{"shape_attributes":{"name":"rect","x":651,"y":68,"width":23,"height":12},"region_attributes":{"Intersection":"2"}},{"shape_attributes":{"name":"rect","x":645,"y":427,"width":18,"height":11},"region_attributes":{"Intersection":"1"}},{"shape_attributes":{"name":"rect","x":469,"y":426,"width":17,"height":10},"region_attributes":{"Intersection":"3"}},{"shape_attributes":{"name":"rect","x":470,"y":68,"width":20,"height":12},"region_attributes":{"Intersection":"4"}}],"file_attributes":{}},"https://drive.google.com/uc?export=view&id=1dpJLb1rFTBH0cW9NT-pdWM1vG-hAwKZw\n":{"filename":"https://drive.google.com/uc?export=view&id=1dpJLb1rFTBH0cW9NT-pdWM1vG-hAwKZw\n","size":-1,"regions":[{"shape_attributes":{"name":"rect","x":648,"y":71,"width":23,"height":12},"region_attributes":{"Intersection":"2"}},{"shape_attributes":{"name":"rect","x":646,"y":430,"width":18,"height":11},"region_attributes":{"Intersection":"1"}},{"shape_attributes":{"name":"rect","x":472,"y":428,"width":17,"height":11},"region_attributes":{"Intersection":"3"}},{"shape_attributes":{"name":"rect","x":469,"y":69,"width":20,"height":12},"region_attributes":{"Intersection":"4"}}],"file_attributes":{}},"https://drive.google.com/uc?export=view&id=1u-IZoO7Fh9T44WaBfWo6OMZ3wkO7wXTH\n":{"filename":"https://drive.google.com/uc?export=view&id=1u-IZoO7Fh9T44WaBfWo6OMZ3wkO7wXTH\n","size":-1,"regions":[{"shape_attributes":{"name":"rect","x":649,"y":56,"width":23,"height":12},"region_attributes":{"Intersection":"2"}},{"shape_attributes":{"name":"rect","x":653,"y":415,"width":18,"height":11},"region_attributes":{"Intersection":"1"}},{"shape_attributes":{"name":"rect","x":476,"y":417,"width":17,"height":11},"region_attributes":{"Intersection":"3"}},{"shape_attributes":{"name":"rect","x":471,"y":58,"width":20,"height":12},"region_attributes":{"Intersection":"4"}}],"file_attributes":{}},"https://drive.google.com/uc?export=view&id=1rZLlHmWHuiKcDJDigjen79lEJpKGNkDU\n":{"filename":"https://drive.google.com/uc?export=view&id=1rZLlHmWHuiKcDJDigjen79lEJpKGNkDU\n","size":-1,"regions":[{"shape_attributes":{"name":"rect","x":652,"y":51,"width":23,"height":12},"region_attributes":{"Intersection":"2"}},{"shape_attributes":{"name":"rect","x":653,"y":420,"width":18,"height":11},"region_attributes":{"Intersection":"1"}},{"shape_attributes":{"name":"rect","x":473,"y":420,"width":17,"height":11},"region_attributes":{"Intersection":"3"}},{"shape_attributes":{"name":"rect","x":469,"y":53,"width":20,"height":12},"region_attributes":{"Intersection":"4"}}],"file_attributes":{}},"https://drive.google.com/uc?export=view&id=1hhqQIe9jAhNzvukVUqeGwXjXbljVYr-Y\n":{"filename":"https://drive.google.com/uc?export=view&id=1hhqQIe9jAhNzvukVUqeGwXjXbljVYr-Y\n","size":-1,"regions":[{"shape_attributes":{"name":"rect","x":677,"y":25,"width":23,"height":12},"region_attributes":{"Intersection":"2"}},{"shape_attributes":{"name":"rect","x":677,"y":420,"width":18,"height":11},"region_attributes":{"Intersection":"1"}},{"shape_attributes":{"name":"rect","x":484,"y":420,"width":17,"height":11},"region_attributes":{"Intersection":"3"}},{"shape_attributes":{"name":"rect","x":483,"y":26,"width":20,"height":12},"region_attributes":{"Intersection":"4"}}],"file_attributes":{}},"https://drive.google.com/uc?export=view&id=1HpDf6AGMNmolh-xsWlIfYoTMHFHtmqoq\n":{"filename":"https://drive.google.com/uc?export=view&id=1HpDf6AGMNmolh-xsWlIfYoTMHFHtmqoq\n","size":-1,"regions":[{"shape_attributes":{"name":"rect","x":657,"y":45,"width":23,"height":12},"region_attributes":{"Intersection":"2"}},{"shape_attributes":{"name":"rect","x":655,"y":412,"width":18,"height":11},"region_attributes":{"Intersection":"1"}},{"shape_attributes":{"name":"rect","x":473,"y":411,"width":17,"height":11},"region_attributes":{"Intersection":"3"}},{"shape_attributes":{"name":"rect","x":473,"y":44,"width":20,"height":12},"region_attributes":{"Intersection":"4"}}],"file_attributes":{}},"https://drive.google.com/uc?export=view&id=12dDviqfg_Hmtj1VgNpsV3KzAgMF2o-yX\n":{"filename":"https://drive.google.com/uc?export=view&id=12dDviqfg_Hmtj1VgNpsV3KzAgMF2o-yX\n","size":-1,"regions":[{"shape_attributes":{"name":"rect","x":618,"y":9,"width":23,"height":12},"region_attributes":{"Intersection":"2"}},{"shape_attributes":{"name":"rect","x":619,"y":379,"width":18,"height":11},"region_attributes":{"Intersection":"1"}},{"shape_attributes":{"name":"rect","x":440,"y":378,"width":17,"height":11},"region_attributes":{"Intersection":"3"}},{"shape_attributes":{"name":"rect","x":438,"y":10,"width":20,"height":12},"region_attributes":{"Intersection":"4"}}],"file_attributes":{}},"https://drive.google.com/uc?export=view&id=1JW88g_0-OVKaqrn6lZr1p46BEYMRQ5Jm\n":{"filename":"https://drive.google.com/uc?export=view&id=1JW88g_0-OVKaqrn6lZr1p46BEYMRQ5Jm\n","size":-1,"regions":[{"shape_attributes":{"name":"rect","x":680,"y":16,"width":23,"height":12},"region_attributes":{"Intersection":"2"}},{"shape_attributes":{"name":"rect","x":677,"y":407,"width":18,"height":11},"region_attributes":{"Intersection":"1"}},{"shape_attributes":{"name":"rect","x":485,"y":408,"width":17,"height":11},"region_attributes":{"Intersection":"3"}},{"shape_attributes":{"name":"rect","x":485,"y":16,"width":20,"height":12},"region_attributes":{"Intersection":"4"}}],"file_attributes":{}},"https://drive.google.com/uc?export=view&id=1EiZmiO2TYnsyDsNygEQDYqqFbHoEPSBt\n":{"filename":"https://drive.google.com/uc?export=view&id=1EiZmiO2TYnsyDsNygEQDYqqFbHoEPSBt\n","size":-1,"regions":[{"shape_attributes":{"name":"rect","x":654,"y":43,"width":23,"height":12},"region_attributes":{"Intersection":"2"}},{"shape_attributes":{"name":"rect","x":653,"y":410,"width":18,"height":11},"region_attributes":{"Intersection":"1"}},{"shape_attributes":{"name":"rect","x":474,"y":409,"width":17,"height":11},"region_attributes":{"Intersection":"3"}},{"shape_attributes":{"name":"rect","x":473,"y":44,"width":20,"height":12},"region_attributes":{"Intersection":"4"}}],"file_attributes":{}}},"_via_attributes":{"region":{"Intersection":{"type":"dropdown","description":"","options":{"1":"6th_K","2":"6th_Broadway","3":"4th_K","4":"4th_Broadway"},"default_options":{}}},"file":{}},"_via_data_format_version":"2.0.10","_via_image_id_list":["https://drive.google.com/uc?export=view&id=1uQkdtmroSHdZTPtTU3ZJBWCht5as0Jvg\n","https://drive.google.com/uc?export=view&id=1gCgXkpmcZKqOnJTwMip_LTcRhY5Gd52I\n","https://drive.google.com/uc?export=view&id=1QfQ8p4FrKDI0W5Rm-zby5YG2RyCAZGEl\n","https://drive.google.com/uc?export=view&id=1n_b46dGH00uE2lurBlBuWnp-nQBAKMke\n","https://drive.google.com/uc?export=view&id=1dpJLb1rFTBH0cW9NT-pdWM1vG-hAwKZw\n","https://drive.google.com/uc?export=view&id=1u-IZoO7Fh9T44WaBfWo6OMZ3wkO7wXTH\n","https://drive.google.com/uc?export=view&id=1rZLlHmWHuiKcDJDigjen79lEJpKGNkDU\n","https://drive.google.com/uc?export=view&id=1hhqQIe9jAhNzvukVUqeGwXjXbljVYr-Y\n","https://drive.google.com/uc?export=view&id=1HpDf6AGMNmolh-xsWlIfYoTMHFHtmqoq\n","https://drive.google.com/uc?export=view&id=12dDviqfg_Hmtj1VgNpsV3KzAgMF2o-yX\n","https://drive.google.com/uc?export=view&id=1JW88g_0-OVKaqrn6lZr1p46BEYMRQ5Jm\n","https://drive.google.com/uc?export=view&id=1EiZmiO2TYnsyDsNygEQDYqqFbHoEPSBt\n"]}