{"_via_settings":{"ui":{"annotation_editor_height":25,"annotation_editor_fontsize":0.8,"leftsidebar_width":18,"image_grid":{"img_height":80,"rshape_fill":"none","rshape_fill_opacity":0.3,"rshape_stroke":"yellow","rshape_stroke_width":2,"show_region_shape":true,"show_image_policy":"all"},"image":{"region_label":"__via_region_id__","region_color":"__via_default_region_color__","region_label_font":"10px Sans","on_image_annotation_editor_placement":"NEAR_REGION"}},"core":{"buffer_size":18,"filepath":{},"default_filepath":""},"project":{"name":"Gaslamp_2022_gcp"}},"_via_img_metadata":{"https://drive.google.com/uc?export=view&id=1wRDD6VqlX6PNHG5stKR8bZcFPAOm7OK7\n":{"filename":"https://drive.google.com/uc?export=view&id=1wRDD6VqlX6PNHG5stKR8bZcFPAOm7OK7\n","size":-1,"regions":[{"shape_attributes":{"name":"rect","x":678,"y":30,"width":23,"height":12},"region_attributes":{"Intersection":"2"}},{"shape_attributes":{"name":"rect","x":677,"y":424,"width":18,"height":11},"region_attributes":{"Intersection":"1"}},{"shape_attributes":{"name":"rect","x":485,"y":423,"width":17,"height":11},"region_attributes":{"Intersection":"3"}},{"shape_attributes":{"name":"rect","x":484,"y":30,"width":20,"height":12},"region_attributes":{"Intersection":"4"}}],"file_attributes":{}},"https://drive.google.com/uc?export=view&id=1Rzx7_fNun25_2Qd8RUYrv2Opr5iYDd25\n":{"filename":"https://drive.google.com/uc?export=view&id=1Rzx7_fNun25_2Qd8RUYrv2Opr5iYDd25\n","size":-1,"regions":[{"shape_attributes":{"name":"rect","x":674,"y":26,"width":23,"height":12},"region_attributes":{"Intersection":"2"}},{"shape_attributes":{"name":"rect","x":673,"y":422,"width":18,"height":11},"region_attributes":{"Intersection":"1"}},{"shape_attributes":{"name":"rect","x":480,"y":421,"width":17,"height":11},"region_attributes":{"Intersection":"3"}},{"shape_attributes":{"name":"rect","x":479,"y":26,"width":20,"height":12},"region_attributes":{"Intersection":"4"}}],"file_attributes":{}},"https://drive.google.com/uc?export=view&id=14ZC0OBtrk75PFSEU2_oXOjw2SWCDB6h6\n":{"filename":"https://drive.google.com/uc?export=view&id=14ZC0OBtrk75PFSEU2_oXOjw2SWCDB6h6\n","size":-1,"regions":[{"shape_attributes":{"name":"rect","x":657,"y":45,"width":23,"height":12},"region_attributes":{"Intersection":"2"}},{"shape_attributes":{"name":"rect","x":656,"y":415,"width":18,"height":11},"region_attributes":{"Intersection":"1"}},{"shape_attributes":{"name":"rect","x":473,"y":414,"width":17,"height":11},"region_attributes":{"Intersection":"3"}},{"shape_attributes":{"name":"rect","x":473,"y":44,"width":20,"height":12},"region_attributes":{"Intersection":"4"}}],"file_attributes":{}},"https://drive.google.com/uc?export=view&id=1Jk1p94LmGAcG2lO0Hjdw1LuTrCez_13M\n":{"filename":"https://drive.google.com/uc?export=view&id=1Jk1p94LmGAcG2lO0Hjdw1LuTrCez_13M\n","size":-1,"regions":[{"shape_attributes":{"name":"rect","x":648,"y":52,"width":23,"height":12},"region_attributes":{"Intersection":"2"}},{"shape_attributes":{"name":"rect","x":649,"y":410,"width":18,"height":11},"region_attributes":{"Intersection":"1"}},{"shape_attributes":{"name":"rect","x":473,"y":410,"width":17,"height":11},"region_attributes":{"Intersection":"3"}},{"shape_attributes":{"name":"rect","x":470,"y":54,"width":20,"height":12},"region_attributes":{"Intersection":"4"}}],"file_attributes":{}},"https://drive.google.com/uc?export=view&id=1eBlW6LuQbrqb3BQsdcsj7mOqzIFRkT8Z\n":{"filename":"https://drive.google.com/uc?export=view&id=1eBlW6LuQbrqb3BQsdcsj7mOqzIFRkT8Z\n","size":-1,"regions":[{"shape_attributes":{"name":"rect","x":657,"y":45,"width":23,"height":12},"region_attributes":{"Intersection":"2"}},{"shape_attributes":{"name":"rect","x":656,"y":415,"width":18,"height":11},"region_attributes":{"Intersection":"1"}},{"shape_attributes":{"name":"rect","x":476,"y":413,"width":17,"height":11},"region_attributes":{"Intersection":"3"}},{"shape_attributes":{"name":"rect","x":474,"y":46,"width":20,"height":12},"region_attributes":{"Intersection":"4"}}],"file_attributes":{}},"https://drive.google.com/uc?export=view&id=1XjBhIT8xcavDqORne2ZC1DUZx7H5k648\n":{"filename":"https://drive.google.com/uc?export=view&id=1XjBhIT8xcavDqORne2ZC1DUZx7H5k648\n","size":-1,"regions":[{"shape_attributes":{"name":"rect","x":653,"y":45,"width":23,"height":12},"region_attributes":{"Intersection":"2"}},{"shape_attributes":{"name":"rect","x":657,"y":413,"width":18,"height":11},"region_attributes":{"Intersection":"1"}},{"shape_attributes":{"name":"rect","x":477,"y":412,"width":17,"height":11},"region_attributes":{"Intersection":"3"}},{"shape_attributes":{"name":"rect","x":471,"y":46,"width":20,"height":12},"region_attributes":{"Intersection":"4"}}],"file_attributes":{}},"https://drive.google.com/uc?export=view&id=1wNfjk1R7D97L_OVtpSv3E2YbjwesXa3K\n":{"filename":"https://drive.google.com/uc?export=view&id=1wNfjk1R7D97L_OVtpSv3E2YbjwesXa3K\n","size":-1,"regions":[{"shape_attributes":{"name":"rect","x":654,"y":46,"width":23,"height":12},"region_attributes":{"Intersection":"2"}},{"shape_attributes":{"name":"rect","x":654,"y":414,"width":18,"height":11},"region_attributes":{"Intersection":"1"}},{"shape_attributes":{"name":"rect","x":473,"y":412,"width":17,"height":13},"region_attributes":{"Intersection":"3"}},{"shape_attributes":{"name":"rect","x":473,"y":46,"width":20,"height":12},"region_attributes":{"Intersection":"4"}}],"file_attributes":{}},"https://drive.google.com/uc?export=view&id=1rM52xBz0FWtUbDA6pTrP3AMvgq_-ekCd\n":{"filename":"https://drive.google.com/uc?export=view&id=1rM52xBz0FWtUbDA6pTrP3AMvgq_-ekCd\n","size":-1,"regions":[{"shape_attributes":{"name":"rect","x":654,"y":46,"width":23,"height":12},"region_attributes":{"Intersection":"2"}},{"shape_attributes":{"name":"rect","x":655,"y":415,"width":18,"height":11},"region_attributes":{"Intersection":"1"}},{"shape_attributes":{"name":"rect","x":473,"y":414,"width":17,"height":11},"region_attributes":{"Intersection":"3"}},{"shape_attributes":{"name":"rect","x":473,"y":46,"width":20,"height":12},"region_attributes":{"Intersection":"4"}}],"file_attributes":{}},"https://drive.google.com/uc?export=view&id=1XWOXBlVw3SjnIVLkd77jm0Xdj_an0v0A\n":{"filename":"https://drive.google.com/uc?export=view&id=1XWOXBlVw3SjnIVLkd77jm0Xdj_an0v0A\n","size":-1,"regions":[{"shape_attributes":{"name":"rect","x":655,"y":51,"width":23,"height":12},"region_attributes":{"Intersection":"2"}},{"shape_attributes":{"name":"rect","x":654,"y":420,"width":18,"height":11},"region_attributes":{"Intersection":"1"}},{"shape_attributes":{"name":"rect","x":474,"y":419,"width":17,"height":11},"region_attributes":{"Intersection":"3"}},{"shape_attributes":{"name":"rect","x":473,"y":51,"width":20,"height":12},"region_attributes":{"Intersection":"4"}}],"file_attributes":{}},"https://drive.google.com/uc?export=view&id=1-fX8Zc7gzmQjgGR5MEohf8lPONb6_q69\n":{"filename":"https://drive.google.com/uc?export=view&id=1-fX8Zc7gzmQjgGR5MEohf8lPONb6_q69\n","size":-1,"regions":[{"shape_attributes":{"name":"rect","x":654,"y":44,"width":23,"height":12},"region_attributes":{"Intersection":"2"}},{"shape_attributes":{"name":"rect","x":655,"y":412,"width":18,"height":11},"region_attributes":{"Intersection":"1"}},{"shape_attributes":{"name":"rect","x":474,"y":412,"width":17,"height":11},"region_attributes":{"Intersection":"3"}},{"shape_attributes":{"name":"rect","x":473,"y":44,"width":20,"height":12},"region_attributes":{"Intersection":"4"}}],"file_attributes":{}},"https://drive.google.com/uc?export=view&id=1fM6cN3rVVW3WIFctsvqkbYV379zbOwY2\n":{"filename":"https://drive.google.com/uc?export=view&id=1fM6cN3rVVW3WIFctsvqkbYV379zbOwY2\n","size":-1,"regions":[{"shape_attributes":{"name":"rect","x":657,"y":48,"width":23,"height":12},"region_attributes":{"Intersection":"2"}},{"shape_attributes":{"name":"rect","x":655,"y":417,"width":18,"height":11},"region_attributes":{"Intersection":"1"}},{"shape_attributes":{"name":"rect","x":475,"y":415,"width":17,"height":11},"region_attributes":{"Intersection":"3"}},{"shape_attributes":{"name":"rect","x":474,"y":48,"width":20,"height":12},"region_attributes":{"Intersection":"4"}}],"file_attributes":{}},"https://drive.google.com/uc?export=view&id=1PthnzWCvVV-rRKyVt3EXOiHj5bspYw1e\n":{"filename":"https://drive.google.com/uc?export=view&id=1PthnzWCvVV-rRKyVt3EXOiHj5bspYw1e\n","size":-1,"regions":[{"shape_attributes":{"name":"rect","x":653,"y":41,"width":23,"height":12},"region_attributes":{"Intersection":"2"}},{"shape_attributes":{"name":"rect","x":657,"y":410,"width":18,"height":11},"region_attributes":{"Intersection":"1"}},{"shape_attributes":{"name":"rect","x":477,"y":410,"width":17,"height":11},"region_attributes":{"Intersection":"3"}},{"shape_attributes":{"name":"rect","x":473,"y":44,"width":20,"height":12},"region_attributes":{"Intersection":"4"}}],"file_attributes":{}}},"_via_attributes":{"region":{"Intersection":{"type":"dropdown","description":"","options":{"1":"6th_K","2":"6th_Broadway","3":"4th_K","4":"4th_Broadway"},"default_options":{}}},"file":{}},"_via_data_format_version":"2.0.10","_via_image_id_list":["https://drive.google.com/uc?export=view&id=1wRDD6VqlX6PNHG5stKR8bZcFPAOm7OK7\n","https://drive.google.com/uc?export=view&id=1Rzx7_fNun25_2Qd8RUYrv2Opr5iYDd25\n","https://drive.google.com/uc?export=view&id=14ZC0OBtrk75PFSEU2_oXOjw2SWCDB6h6\n","https://drive.google.com/uc?export=view&id=1Jk1p94LmGAcG2lO0Hjdw1LuTrCez_13M\n","https://drive.google.com/uc?export=view&id=1eBlW6LuQbrqb3BQsdcsj7mOqzIFRkT8Z\n","https://drive.google.com/uc?export=view&id=1XjBhIT8xcavDqORne2ZC1DUZx7H5k648\n","https://drive.google.com/uc?export=view&id=1wNfjk1R7D97L_OVtpSv3E2YbjwesXa3K\n","https://drive.google.com/uc?export=view&id=1rM52xBz0FWtUbDA6pTrP3AMvgq_-ekCd\n","https://drive.google.com/uc?export=view&id=1XWOXBlVw3SjnIVLkd77jm0Xdj_an0v0A\n","https://drive.google.com/uc?export=view&id=1-fX8Zc7gzmQjgGR5MEohf8lPONb6_q69\n","https://drive.google.com/uc?export=view&id=1fM6cN3rVVW3WIFctsvqkbYV379zbOwY2\n","https://drive.google.com/uc?export=view&id=1PthnzWCvVV-rRKyVt3EXOiHj5bspYw1e\n"]}