{"_via_settings":{"ui":{"annotation_editor_height":25,"annotation_editor_fontsize":0.8,"leftsidebar_width":18,"image_grid":{"img_height":80,"rshape_fill":"none","rshape_fill_opacity":0.3,"rshape_stroke":"yellow","rshape_stroke_width":2,"show_region_shape":true,"show_image_policy":"all"},"image":{"region_label":"__via_region_id__","region_color":"__via_default_region_color__","region_label_font":"10px Sans","on_image_annotation_editor_placement":"NEAR_REGION"}},"core":{"buffer_size":18,"filepath":{},"default_filepath":""},"project":{"name":"Gaslamp_2020_gcp"}},"_via_img_metadata":{"https://drive.google.com/uc?export=view&id=1kmTnx8ft3lwAPN3yR5y9tzzKKY6ro7aY\n":{"filename":"https://drive.google.com/uc?export=view&id=1kmTnx8ft3lwAPN3yR5y9tzzKKY6ro7aY\n","size":-1,"regions":[{"shape_attributes":{"name":"rect","x":665,"y":46,"width":23,"height":12},"region_attributes":{"Intersection":"2"}},{"shape_attributes":{"name":"rect","x":666,"y":413,"width":18,"height":11},"region_attributes":{"Intersection":"1"}},{"shape_attributes":{"name":"rect","x":486,"y":413,"width":17,"height":11},"region_attributes":{"Intersection":"3"}},{"shape_attributes":{"name":"rect","x":483,"y":45,"width":20,"height":12},"region_attributes":{"Intersection":"4"}}],"file_attributes":{}},"https://drive.google.com/uc?export=view&id=1SgK1ALhq7NtWmmUWZO7OEP7pUTMWA9OL\n":{"filename":"https://drive.google.com/uc?export=view&id=1SgK1ALhq7NtWmmUWZO7OEP7pUTMWA9OL\n","size":-1,"regions":[{"shape_attributes":{"name":"rect","x":659,"y":43,"width":23,"height":12},"region_attributes":{"Intersection":"2"}},{"shape_attributes":{"name":"rect","x":660,"y":410,"width":18,"height":11},"region_attributes":{"Intersection":"1"}},{"shape_attributes":{"name":"rect","x":478,"y":410,"width":17,"height":11},"region_attributes":{"Intersection":"3"}},{"shape_attributes":{"name":"rect","x":477,"y":43,"width":20,"height":12},"region_attributes":{"Intersection":"4"}}],"file_attributes":{}},"https://drive.google.com/uc?export=view&id=1mOFcsRL0-gvfwuYkIBDWGcmMLIFfAlO7\n":{"filename":"https://drive.google.com/uc?export=view&id=1mOFcsRL0-gvfwuYkIBDWGcmMLIFfAlO7\n","size":-1,"regions":[{"shape_attributes":{"name":"rect","x":684,"y":44,"width":23,"height":12},"region_attributes":{"Intersection":"2"}},{"shape_attributes":{"name":"rect","x":683,"y":409,"width":18,"height":11},"region_attributes":{"Intersection":"1"}},{"shape_attributes":{"name":"rect","x":503,"y":409,"width":17,"height":11},"region_attributes":{"Intersection":"3"}},{"shape_attributes":{"name":"rect","x":500,"y":44,"width":20,"height":12},"region_attributes":{"Intersection":"4"}}],"file_attributes":{}},"https://drive.google.com/uc?export=view&id=1SXXH0TY68zp3KgJ3haG73D9CIMO3QQJk\n":{"filename":"https://drive.google.com/uc?export=view&id=1SXXH0TY68zp3KgJ3haG73D9CIMO3QQJk\n","size":-1,"regions":[{"shape_attributes":{"name":"rect","x":645,"y":49,"width":23,"height":12},"region_attributes":{"Intersection":"2"}},{"shape_attributes":{"name":"rect","x":644,"y":409,"width":18,"height":11},"region_attributes":{"Intersection":"1"}},{"shape_attributes":{"name":"rect","x":467,"y":409,"width":17,"height":11},"region_attributes":{"Intersection":"3"}},{"shape_attributes":{"name":"rect","x":466,"y":50,"width":20,"height":12},"region_attributes":{"Intersection":"4"}}],"file_attributes":{}},"https://drive.google.com/uc?export=view&id=1l8cfiy0xp1UnlCRwgGktOcnFnMa8J6mQ\n":{"filename":"https://drive.google.com/uc?export=view&id=1l8cfiy0xp1UnlCRwgGktOcnFnMa8J6mQ\n","size":-1,"regions":[{"shape_attributes":{"name":"rect","x":658,"y":50,"width":23,"height":12},"region_attributes":{"Intersection":"2"}},{"shape_attributes":{"name":"rect","x":656,"y":420,"width":18,"height":11},"region_attributes":{"Intersection":"1"}},{"shape_attributes":{"name":"rect","x":475,"y":422,"width":17,"height":11},"region_attributes":{"Intersection":"3"}},{"shape_attributes":{"name":"rect","x":474,"y":51,"width":20,"height":12},"region_attributes":{"Intersection":"4"}}],"file_attributes":{}},"https://drive.google.com/uc?export=view&id=1crE0RwAKZvIl0KWeMCBgOBBwWYvYpaAd\n":{"filename":"https://drive.google.com/uc?export=view&id=1crE0RwAKZvIl0KWeMCBgOBBwWYvYpaAd\n","size":-1,"regions":[{"shape_attributes":{"name":"rect","x":661,"y":54,"width":23,"height":12},"region_attributes":{"Intersection":"2"}},{"shape_attributes":{"name":"rect","x":661,"y":423,"width":18,"height":11},"region_attributes":{"Intersection":"1"}},{"shape_attributes":{"name":"rect","x":480,"y":423,"width":17,"height":11},"region_attributes":{"Intersection":"3"}},{"shape_attributes":{"name":"rect","x":477,"y":55,"width":20,"height":12},"region_attributes":{"Intersection":"4"}}],"file_attributes":{}},"https://drive.google.com/uc?export=view&id=1xnb36ikoavkB_DN_40K0UH6s-LhdqDCi\n":{"filename":"https://drive.google.com/uc?export=view&id=1xnb36ikoavkB_DN_40K0UH6s-LhdqDCi\n","size":-1,"regions":[{"shape_attributes":{"name":"rect","x":660,"y":54,"width":23,"height":12},"region_attributes":{"Intersection":"2"}},{"shape_attributes":{"name":"rect","x":658,"y":423,"width":18,"height":11},"region_attributes":{"Intersection":"1"}},{"shape_attributes":{"name":"rect","x":476,"y":424,"width":17,"height":11},"region_attributes":{"Intersection":"3"}},{"shape_attributes":{"name":"rect","x":475,"y":55,"width":20,"height":12},"region_attributes":{"Intersection":"4"}}],"file_attributes":{}},"https://drive.google.com/uc?export=view&id=1NeoQngdmEUe-WjIKGVro3FL8Lt91Fg2l\n":{"filename":"https://drive.google.com/uc?export=view&id=1NeoQngdmEUe-WjIKGVro3FL8Lt91Fg2l\n","size":-1,"regions":[{"shape_attributes":{"name":"rect","x":653,"y":40,"width":23,"height":12},"region_attributes":{"Intersection":"2"}},{"shape_attributes":{"name":"rect","x":651,"y":410,"width":18,"height":11},"region_attributes":{"Intersection":"1"}},{"shape_attributes":{"name":"rect","x":470,"y":410,"width":17,"height":11},"region_attributes":{"Intersection":"3"}},{"shape_attributes":{"name":"rect","x":469,"y":42,"width":20,"height":12},"region_attributes":{"Intersection":"4"}}],"file_attributes":{}},"https://drive.google.com/uc?export=view&id=1jGh7ANG63RQIq1clI4FjDim5DNVFI1rl\n":{"filename":"https://drive.google.com/uc?export=view&id=1jGh7ANG63RQIq1clI4FjDim5DNVFI1rl\n","size":-1,"regions":[{"shape_attributes":{"name":"rect","x":661,"y":54,"width":23,"height":12},"region_attributes":{"Intersection":"2"}},{"shape_attributes":{"name":"rect","x":657,"y":422,"width":18,"height":11},"region_attributes":{"Intersection":"1"}},{"shape_attributes":{"name":"rect","x":475,"y":422,"width":17,"height":11},"region_attributes":{"Intersection":"3"}},{"shape_attributes":{"name":"rect","x":477,"y":54,"width":20,"height":12},"region_attributes":{"Intersection":"4"}}],"file_attributes":{}},"https://drive.google.com/uc?export=view&id=12vqA90mBKjCHum3HYobsLOpEL3C2FXKA\n":{"filename":"https://drive.google.com/uc?export=view&id=12vqA90mBKjCHum3HYobsLOpEL3C2FXKA\n","size":-1,"regions":[{"shape_attributes":{"name":"rect","x":655,"y":51,"width":23,"height":12},"region_attributes":{"Intersection":"2"}},{"shape_attributes":{"name":"rect","x":655,"y":421,"width":18,"height":11},"region_attributes":{"Intersection":"1"}},{"shape_attributes":{"name":"rect","x":474,"y":421,"width":17,"height":11},"region_attributes":{"Intersection":"3"}},{"shape_attributes":{"name":"rect","x":472,"y":52,"width":20,"height":12},"region_attributes":{"Intersection":"4"}}],"file_attributes":{}},"https://drive.google.com/uc?export=view&id=1nhow0KfiLt-VCS01gVVedD4nDQpNe3cw\n":{"filename":"https://drive.google.com/uc?export=view&id=1nhow0KfiLt-VCS01gVVedD4nDQpNe3cw\n","size":-1,"regions":[{"shape_attributes":{"name":"rect","x":658,"y":53,"width":23,"height":12},"region_attributes":{"Intersection":"2"}},{"shape_attributes":{"name":"rect","x":656,"y":422,"width":18,"height":11},"region_attributes":{"Intersection":"1"}},{"shape_attributes":{"name":"rect","x":474,"y":422,"width":17,"height":11},"region_attributes":{"Intersection":"3"}},{"shape_attributes":{"name":"rect","x":474,"y":54,"width":20,"height":12},"region_attributes":{"Intersection":"4"}}],"file_attributes":{}},"https://drive.google.com/uc?export=view&id=1pLXU6vLdwSHTgxtzeQ8yq2t7cIAgjArz\n":{"filename":"https://drive.google.com/uc?export=view&id=1pLXU6vLdwSHTgxtzeQ8yq2t7cIAgjArz\n","size":-1,"regions":[{"shape_attributes":{"name":"rect","x":657,"y":7,"width":23,"height":12},"region_attributes":{"Intersection":"2"}},{"shape_attributes":{"name":"rect","x":658,"y":400,"width":18,"height":11},"region_attributes":{"Intersection":"1"}},{"shape_attributes":{"name":"rect","x":465,"y":401,"width":17,"height":11},"region_attributes":{"Intersection":"3"}},{"shape_attributes":{"name":"rect","x":462,"y":7,"width":20,"height":12},"region_attributes":{"Intersection":"4"}}],"file_attributes":{}}},"_via_attributes":{"region":{"Intersection":{"type":"dropdown","description":"","options":{"1":"6th_K","2":"6th_Broadway","3":"4th_K","4":"4th_Broadway"},"default_options":{}}},"file":{}},"_via_data_format_version":"2.0.10","_via_image_id_list":["https://drive.google.com/uc?export=view&id=1kmTnx8ft3lwAPN3yR5y9tzzKKY6ro7aY\n","https://drive.google.com/uc?export=view&id=1SgK1ALhq7NtWmmUWZO7OEP7pUTMWA9OL\n","https://drive.google.com/uc?export=view&id=1mOFcsRL0-gvfwuYkIBDWGcmMLIFfAlO7\n","https://drive.google.com/uc?export=view&id=1SXXH0TY68zp3KgJ3haG73D9CIMO3QQJk\n","https://drive.google.com/uc?export=view&id=1l8cfiy0xp1UnlCRwgGktOcnFnMa8J6mQ\n","https://drive.google.com/uc?export=view&id=1crE0RwAKZvIl0KWeMCBgOBBwWYvYpaAd\n","https://drive.google.com/uc?export=view&id=1xnb36ikoavkB_DN_40K0UH6s-LhdqDCi\n","https://drive.google.com/uc?export=view&id=1NeoQngdmEUe-WjIKGVro3FL8Lt91Fg2l\n","https://drive.google.com/uc?export=view&id=1jGh7ANG63RQIq1clI4FjDim5DNVFI1rl\n","https://drive.google.com/uc?export=view&id=12vqA90mBKjCHum3HYobsLOpEL3C2FXKA\n","https://drive.google.com/uc?export=view&id=1nhow0KfiLt-VCS01gVVedD4nDQpNe3cw\n","https://drive.google.com/uc?export=view&id=1pLXU6vLdwSHTgxtzeQ8yq2t7cIAgjArz\n"]}