{"_via_settings":{"ui":{"annotation_editor_height":25,"annotation_editor_fontsize":0.8,"leftsidebar_width":18,"image_grid":{"img_height":80,"rshape_fill":"none","rshape_fill_opacity":0.3,"rshape_stroke":"yellow","rshape_stroke_width":2,"show_region_shape":true,"show_image_policy":"all"},"image":{"region_label":"__via_region_id__","region_color":"__via_default_region_color__","region_label_font":"10px Sans","on_image_annotation_editor_placement":"NEAR_REGION"}},"core":{"buffer_size":18,"filepath":{},"default_filepath":""},"project":{"name":"Golden Hill_2021_gcp"}},"_via_img_metadata":{"https://drive.google.com/uc?export=view&id=1J_KWlaYaozdQJ1-USAN01FhSfwFAdBtG\n":{"filename":"https://drive.google.com/uc?export=view&id=1J_KWlaYaozdQJ1-USAN01FhSfwFAdBtG\n","size":-1,"regions":[{"shape_attributes":{"name":"rect","x":119,"y":217,"width":10,"height":13},"region_attributes":{"Intersection":"1"}},{"shape_attributes":{"name":"rect","x":120,"y":362,"width":9,"height":12},"region_attributes":{"Intersection":"2"}},{"shape_attributes":{"name":"rect","x":569,"y":218,"width":11,"height":8},"region_attributes":{"Intersection":"3"}},{"shape_attributes":{"name":"rect","x":573,"y":351,"width":10,"height":9},"region_attributes":{"Intersection":"4"}}],"file_attributes":{}},"https://drive.google.com/uc?export=view&id=1Lj8Ae4XUMUIRhZT5Kshm4fdKwJw2mM60\n":{"filename":"https://drive.google.com/uc?export=view&id=1Lj8Ae4XUMUIRhZT5Kshm4fdKwJw2mM60\n","size":-1,"regions":[{"shape_attributes":{"name":"rect","x":121,"y":191,"width":9,"height":13},"region_attributes":{"Intersection":"1"}},{"shape_attributes":{"name":"rect","x":120,"y":350,"width":9,"height":10},"region_attributes":{"Intersection":"2"}},{"shape_attributes":{"name":"rect","x":570,"y":191,"width":11,"height":12},"region_attributes":{"Intersection":"3"}},{"shape_attributes":{"name":"rect","x":573,"y":332,"width":9,"height":10},"region_attributes":{"Intersection":"4"}}],"file_attributes":{}},"https://drive.google.com/uc?export=view&id=1Ni4CMuvTtR9N0upCg2VwwqmsIHcvCMnH\n":{"filename":"https://drive.google.com/uc?export=view&id=1Ni4CMuvTtR9N0upCg2VwwqmsIHcvCMnH\n","size":-1,"regions":[{"shape_attributes":{"name":"rect","x":85,"y":183,"width":11,"height":16},"region_attributes":{"Intersection":"1"}},{"shape_attributes":{"name":"rect","x":84,"y":357,"width":10,"height":10},"region_attributes":{"Intersection":"2"}},{"shape_attributes":{"name":"rect","x":580,"y":183,"width":14,"height":10},"region_attributes":{"Intersection":"3"}},{"shape_attributes":{"name":"rect","x":584,"y":338,"width":9,"height":12},"region_attributes":{"Intersection":"4"}}],"file_attributes":{}},"https://drive.google.com/uc?export=view&id=1oUaB206Xq46HAi5hgCjl9ncSXf9jySV9\n":{"filename":"https://drive.google.com/uc?export=view&id=1oUaB206Xq46HAi5hgCjl9ncSXf9jySV9\n","size":-1,"regions":[{"shape_attributes":{"name":"rect","x":92,"y":171,"width":9,"height":16},"region_attributes":{"Intersection":"1"}},{"shape_attributes":{"name":"rect","x":92,"y":347,"width":11,"height":9},"region_attributes":{"Intersection":"2"}},{"shape_attributes":{"name":"rect","x":587,"y":171,"width":11,"height":11},"region_attributes":{"Intersection":"3"}},{"shape_attributes":{"name":"rect","x":589,"y":326,"width":11,"height":11},"region_attributes":{"Intersection":"4"}}],"file_attributes":{}},"https://drive.google.com/uc?export=view&id=10eypInUI518GMNDszg2MJr-EkboVxDUy\n":{"filename":"https://drive.google.com/uc?export=view&id=10eypInUI518GMNDszg2MJr-EkboVxDUy\n","size":-1,"regions":[{"shape_attributes":{"name":"rect","x":90,"y":170,"width":10,"height":13},"region_attributes":{"Intersection":"1"}},{"shape_attributes":{"name":"rect","x":89,"y":345,"width":9,"height":10},"region_attributes":{"Intersection":"2"}},{"shape_attributes":{"name":"rect","x":584,"y":171,"width":12,"height":11},"region_attributes":{"Intersection":"3"}},{"shape_attributes":{"name":"rect","x":587,"y":325,"width":10,"height":11},"region_attributes":{"Intersection":"4"}}],"file_attributes":{}},"https://drive.google.com/uc?export=view&id=1XliDGHnr69WBoWv8SH4xU-YVVMcu8nCE\n":{"filename":"https://drive.google.com/uc?export=view&id=1XliDGHnr69WBoWv8SH4xU-YVVMcu8nCE\n","size":-1,"regions":[{"shape_attributes":{"name":"rect","x":71,"y":148,"width":10,"height":13},"region_attributes":{"Intersection":"1"}},{"shape_attributes":{"name":"rect","x":72,"y":309,"width":9,"height":10},"region_attributes":{"Intersection":"2"}},{"shape_attributes":{"name":"rect","x":531,"y":148,"width":13,"height":11},"region_attributes":{"Intersection":"3"}},{"shape_attributes":{"name":"rect","x":535,"y":292,"width":9,"height":11},"region_attributes":{"Intersection":"4"}}],"file_attributes":{}},"https://drive.google.com/uc?export=view&id=1CyrolyyonzaZO8RZcuL485Wjcw5zHyW7\n":{"filename":"https://drive.google.com/uc?export=view&id=1CyrolyyonzaZO8RZcuL485Wjcw5zHyW7\n","size":-1,"regions":[{"shape_attributes":{"name":"rect","x":96,"y":161,"width":11,"height":11},"region_attributes":{"Intersection":"1"}},{"shape_attributes":{"name":"rect","x":97,"y":335,"width":10,"height":9},"region_attributes":{"Intersection":"2"}},{"shape_attributes":{"name":"rect","x":591,"y":160,"width":13,"height":14},"region_attributes":{"Intersection":"3"}},{"shape_attributes":{"name":"rect","x":593,"y":314,"width":11,"height":13},"region_attributes":{"Intersection":"4"}}],"file_attributes":{}},"https://drive.google.com/uc?export=view&id=1dEjWAZvWhexNzIad5t5Ag_kHbzk0BEgE\n":{"filename":"https://drive.google.com/uc?export=view&id=1dEjWAZvWhexNzIad5t5Ag_kHbzk0BEgE\n","size":-1,"regions":[{"shape_attributes":{"name":"rect","x":108,"y":180,"width":11,"height":14},"region_attributes":{"Intersection":"1"}},{"shape_attributes":{"name":"rect","x":107,"y":344,"width":9,"height":9},"region_attributes":{"Intersection":"2"}},{"shape_attributes":{"name":"rect","x":566,"y":179,"width":13,"height":11},"region_attributes":{"Intersection":"3"}},{"shape_attributes":{"name":"rect","x":571,"y":323,"width":11,"height":11},"region_attributes":{"Intersection":"4"}}],"file_attributes":{}}},"_via_attributes":{"region":{"Intersection":{"type":"dropdown","description":"","options":{"1":"B_19th","2":"E_19th","3":"B_27th","4":"E_27th"},"default_options":{}}},"file":{}},"_via_data_format_version":"2.0.10","_via_image_id_list":["https://drive.google.com/uc?export=view&id=1J_KWlaYaozdQJ1-USAN01FhSfwFAdBtG\n","https://drive.google.com/uc?export=view&id=1Lj8Ae4XUMUIRhZT5Kshm4fdKwJw2mM60\n","https://drive.google.com/uc?export=view&id=1Ni4CMuvTtR9N0upCg2VwwqmsIHcvCMnH\n","https://drive.google.com/uc?export=view&id=1oUaB206Xq46HAi5hgCjl9ncSXf9jySV9\n","https://drive.google.com/uc?export=view&id=10eypInUI518GMNDszg2MJr-EkboVxDUy\n","https://drive.google.com/uc?export=view&id=1XliDGHnr69WBoWv8SH4xU-YVVMcu8nCE\n","https://drive.google.com/uc?export=view&id=1CyrolyyonzaZO8RZcuL485Wjcw5zHyW7\n","https://drive.google.com/uc?export=view&id=1dEjWAZvWhexNzIad5t5Ag_kHbzk0BEgE\n"]}