{"_via_settings":{"ui":{"annotation_editor_height":25,"annotation_editor_fontsize":0.8,"leftsidebar_width":18,"image_grid":{"img_height":80,"rshape_fill":"none","rshape_fill_opacity":0.3,"rshape_stroke":"yellow","rshape_stroke_width":2,"show_region_shape":true,"show_image_policy":"all"},"image":{"region_label":"__via_region_id__","region_color":"__via_default_region_color__","region_label_font":"10px Sans","on_image_annotation_editor_placement":"NEAR_REGION"}},"core":{"buffer_size":18,"filepath":{},"default_filepath":""},"project":{"name":"Golden Hill_2022_gcp"}},"_via_img_metadata":{"https://drive.google.com/uc?export=view&id=1Q4x2iIaHC75CqCjXXjeYfXsJQz0mBfsK\n":{"filename":"https://drive.google.com/uc?export=view&id=1Q4x2iIaHC75CqCjXXjeYfXsJQz0mBfsK\n","size":-1,"regions":[{"shape_attributes":{"name":"rect","x":91,"y":177,"width":12,"height":16},"region_attributes":{"Intersection":"1"}},{"shape_attributes":{"name":"rect","x":90,"y":351,"width":10,"height":9},"region_attributes":{"Intersection":"2"}},{"shape_attributes":{"name":"rect","x":584,"y":179,"width":15,"height":12},"region_attributes":{"Intersection":"3"}},{"shape_attributes":{"name":"rect","x":588,"y":332,"width":11,"height":11},"region_attributes":{"Intersection":"4"}}],"file_attributes":{}},"https://drive.google.com/uc?export=view&id=1JSIEabY8kTqdC_qkXz375cWLupdv1tAk\n":{"filename":"https://drive.google.com/uc?export=view&id=1JSIEabY8kTqdC_qkXz375cWLupdv1tAk\n","size":-1,"regions":[{"shape_attributes":{"name":"rect","x":81,"y":174,"width":13,"height":14},"region_attributes":{"Intersection":"1"}},{"shape_attributes":{"name":"rect","x":83,"y":349,"width":10,"height":10},"region_attributes":{"Intersection":"2"}},{"shape_attributes":{"name":"rect","x":578,"y":173,"width":13,"height":10},"region_attributes":{"Intersection":"3"}},{"shape_attributes":{"name":"rect","x":584,"y":326,"width":9,"height":11},"region_attributes":{"Intersection":"4"}}],"file_attributes":{}},"https://drive.google.com/uc?export=view&id=1KwHt3C67z3HN6nw50xMsC9waz6uJU1g_\n":{"filename":"https://drive.google.com/uc?export=view&id=1KwHt3C67z3HN6nw50xMsC9waz6uJU1g_\n","size":-1,"regions":[{"shape_attributes":{"name":"rect","x":109,"y":182,"width":10,"height":14},"region_attributes":{"Intersection":"1"}},{"shape_attributes":{"name":"rect","x":107,"y":346,"width":14,"height":8},"region_attributes":{"Intersection":"2"}},{"shape_attributes":{"name":"rect","x":569,"y":181,"width":11,"height":12},"region_attributes":{"Intersection":"3"}},{"shape_attributes":{"name":"rect","x":572,"y":326,"width":8,"height":11},"region_attributes":{"Intersection":"4"}}],"file_attributes":{}},"https://drive.google.com/uc?export=view&id=1NFvPYQ3xNrgUvAMY90Tbd03s4URl8o2l\n":{"filename":"https://drive.google.com/uc?export=view&id=1NFvPYQ3xNrgUvAMY90Tbd03s4URl8o2l\n","size":-1,"regions":[{"shape_attributes":{"name":"rect","x":115,"y":188,"width":13,"height":13},"region_attributes":{"Intersection":"1"}},{"shape_attributes":{"name":"rect","x":116,"y":348,"width":10,"height":8},"region_attributes":{"Intersection":"2"}},{"shape_attributes":{"name":"rect","x":563,"y":188,"width":11,"height":11},"region_attributes":{"Intersection":"3"}},{"shape_attributes":{"name":"rect","x":567,"y":328,"width":9,"height":11},"region_attributes":{"Intersection":"4"}}],"file_attributes":{}},"https://drive.google.com/uc?export=view&id=1axODAzv9BOjVlHQBtpIqD7qKaHV4Uh3M\n":{"filename":"https://drive.google.com/uc?export=view&id=1axODAzv9BOjVlHQBtpIqD7qKaHV4Uh3M\n","size":-1,"regions":[{"shape_attributes":{"name":"rect","x":112,"y":184,"width":10,"height":14},"region_attributes":{"Intersection":"1"}},{"shape_attributes":{"name":"rect","x":570,"y":186,"width":13,"height":11},"region_attributes":{"Intersection":"3"}},{"shape_attributes":{"name":"rect","x":112,"y":348,"width":9,"height":11},"region_attributes":{"Intersection":"2"}},{"shape_attributes":{"name":"rect","x":573,"y":330,"width":10,"height":11},"region_attributes":{"Intersection":"4"}}],"file_attributes":{}},"https://drive.google.com/uc?export=view&id=1J-GTAS2jGlqQm1OzvJy9qjc_s54Mx2cH\n":{"filename":"https://drive.google.com/uc?export=view&id=1J-GTAS2jGlqQm1OzvJy9qjc_s54Mx2cH\n","size":-1,"regions":[{"shape_attributes":{"name":"rect","x":108,"y":189,"width":13,"height":13},"region_attributes":{"Intersection":"1"}},{"shape_attributes":{"name":"rect","x":109,"y":353,"width":11,"height":10},"region_attributes":{"Intersection":"2"}},{"shape_attributes":{"name":"rect","x":568,"y":184,"width":12,"height":12},"region_attributes":{"Intersection":"3"}},{"shape_attributes":{"name":"rect","x":573,"y":329,"width":12,"height":11},"region_attributes":{"Intersection":"4"}}],"file_attributes":{}},"https://drive.google.com/uc?export=view&id=1q3H3KCSD9WyZAzY_7KJuJBTZq_-h3hz2\n":{"filename":"https://drive.google.com/uc?export=view&id=1q3H3KCSD9WyZAzY_7KJuJBTZq_-h3hz2\n","size":-1,"regions":[{"shape_attributes":{"name":"rect","x":109,"y":180,"width":10,"height":15},"region_attributes":{"Intersection":"1"}},{"shape_attributes":{"name":"rect","x":107,"y":341,"width":11,"height":11},"region_attributes":{"Intersection":"2"}},{"shape_attributes":{"name":"rect","x":568,"y":182,"width":11,"height":12},"region_attributes":{"Intersection":"3"}},{"shape_attributes":{"name":"rect","x":569,"y":325,"width":11,"height":12},"region_attributes":{"Intersection":"4"}}],"file_attributes":{}},"https://drive.google.com/uc?export=view&id=1O0MzwTQf-NJU4jGZoFE5nL8MFg90QfXL\n":{"filename":"https://drive.google.com/uc?export=view&id=1O0MzwTQf-NJU4jGZoFE5nL8MFg90QfXL\n","size":-1,"regions":[{"shape_attributes":{"name":"rect","x":107,"y":183,"width":9,"height":14},"region_attributes":{"Intersection":"1"}},{"shape_attributes":{"name":"rect","x":107,"y":346,"width":10,"height":9},"region_attributes":{"Intersection":"2"}},{"shape_attributes":{"name":"rect","x":566,"y":184,"width":12,"height":12},"region_attributes":{"Intersection":"3"}},{"shape_attributes":{"name":"rect","x":568,"y":329,"width":11,"height":12},"region_attributes":{"Intersection":"4"}}],"file_attributes":{}},"https://drive.google.com/uc?export=view&id=1X-xvLNyfWDjB_ACiVBUL6DMVXiSHjq1m\n":{"filename":"https://drive.google.com/uc?export=view&id=1X-xvLNyfWDjB_ACiVBUL6DMVXiSHjq1m\n","size":-1,"regions":[{"shape_attributes":{"name":"rect","x":109,"y":182,"width":11,"height":14},"region_attributes":{"Intersection":"1"}},{"shape_attributes":{"name":"rect","x":107,"y":344,"width":11,"height":11},"region_attributes":{"Intersection":"2"}},{"shape_attributes":{"name":"rect","x":568,"y":183,"width":13,"height":11},"region_attributes":{"Intersection":"3"}},{"shape_attributes":{"name":"rect","x":569,"y":328,"width":13,"height":12},"region_attributes":{"Intersection":"4"}}],"file_attributes":{}},"https://drive.google.com/uc?export=view&id=1jeZZ-m2a5oOvNFTjk2vGhNYveYE46Nnj\n":{"filename":"https://drive.google.com/uc?export=view&id=1jeZZ-m2a5oOvNFTjk2vGhNYveYE46Nnj\n","size":-1,"regions":[{"shape_attributes":{"name":"rect","x":109,"y":180,"width":9,"height":13},"region_attributes":{"Intersection":"1"}},{"shape_attributes":{"name":"rect","x":107,"y":343,"width":11,"height":9},"region_attributes":{"Intersection":"2"}},{"shape_attributes":{"name":"rect","x":567,"y":180,"width":13,"height":12},"region_attributes":{"Intersection":"3"}},{"shape_attributes":{"name":"rect","x":571,"y":323,"width":12,"height":13},"region_attributes":{"Intersection":"4"}}],"file_attributes":{}},"https://drive.google.com/uc?export=view&id=16RvN_pUoYTAhs4p3razhBqcOhjNwNOfL\n":{"filename":"https://drive.google.com/uc?export=view&id=16RvN_pUoYTAhs4p3razhBqcOhjNwNOfL\n","size":-1,"regions":[{"shape_attributes":{"name":"rect","x":111,"y":185,"width":12,"height":14},"region_attributes":{"Intersection":"1"}},{"shape_attributes":{"name":"rect","x":109,"y":345,"width":11,"height":11},"region_attributes":{"Intersection":"2"}},{"shape_attributes":{"name":"rect","x":568,"y":186,"width":14,"height":13},"region_attributes":{"Intersection":"3"}},{"shape_attributes":{"name":"rect","x":571,"y":330,"width":11,"height":11},"region_attributes":{"Intersection":"4"}}],"file_attributes":{}},"https://drive.google.com/uc?export=view&id=1936wwkS_urDIm0KY2XVJpT9t-9lVnWmv\n":{"filename":"https://drive.google.com/uc?export=view&id=1936wwkS_urDIm0KY2XVJpT9t-9lVnWmv\n","size":-1,"regions":[{"shape_attributes":{"name":"rect","x":108,"y":185,"width":9,"height":14},"region_attributes":{"Intersection":"1"}},{"shape_attributes":{"name":"rect","x":107,"y":349,"width":11,"height":9},"region_attributes":{"Intersection":"2"}},{"shape_attributes":{"name":"rect","x":567,"y":184,"width":12,"height":14},"region_attributes":{"Intersection":"3"}},{"shape_attributes":{"name":"rect","x":570,"y":329,"width":11,"height":14},"region_attributes":{"Intersection":"4"}}],"file_attributes":{}}},"_via_attributes":{"region":{"Intersection":{"type":"dropdown","description":"","options":{"1":"B_19th","2":"E_19th","3":"B_27th","4":"E_27th"},"default_options":{}}},"file":{}},"_via_data_format_version":"2.0.10","_via_image_id_list":["https://drive.google.com/uc?export=view&id=1Q4x2iIaHC75CqCjXXjeYfXsJQz0mBfsK\n","https://drive.google.com/uc?export=view&id=1JSIEabY8kTqdC_qkXz375cWLupdv1tAk\n","https://drive.google.com/uc?export=view&id=1KwHt3C67z3HN6nw50xMsC9waz6uJU1g_\n","https://drive.google.com/uc?export=view&id=1NFvPYQ3xNrgUvAMY90Tbd03s4URl8o2l\n","https://drive.google.com/uc?export=view&id=1axODAzv9BOjVlHQBtpIqD7qKaHV4Uh3M\n","https://drive.google.com/uc?export=view&id=1J-GTAS2jGlqQm1OzvJy9qjc_s54Mx2cH\n","https://drive.google.com/uc?export=view&id=1q3H3KCSD9WyZAzY_7KJuJBTZq_-h3hz2\n","https://drive.google.com/uc?export=view&id=1O0MzwTQf-NJU4jGZoFE5nL8MFg90QfXL\n","https://drive.google.com/uc?export=view&id=1X-xvLNyfWDjB_ACiVBUL6DMVXiSHjq1m\n","https://drive.google.com/uc?export=view&id=1jeZZ-m2a5oOvNFTjk2vGhNYveYE46Nnj\n","https://drive.google.com/uc?export=view&id=16RvN_pUoYTAhs4p3razhBqcOhjNwNOfL\n","https://drive.google.com/uc?export=view&id=1936wwkS_urDIm0KY2XVJpT9t-9lVnWmv\n"]}