{"_via_settings":{"ui":{"annotation_editor_height":25,"annotation_editor_fontsize":0.8,"leftsidebar_width":18,"image_grid":{"img_height":80,"rshape_fill":"none","rshape_fill_opacity":0.3,"rshape_stroke":"yellow","rshape_stroke_width":2,"show_region_shape":true,"show_image_policy":"all"},"image":{"region_label":"__via_region_id__","region_color":"__via_default_region_color__","region_label_font":"10px Sans","on_image_annotation_editor_placement":"NEAR_REGION"}},"core":{"buffer_size":18,"filepath":{},"default_filepath":""},"project":{"name":"Marina_2022_gcp"}},"_via_img_metadata":{"https://drive.google.com/uc?export=view&id=1v2t9rbfMhyDSTYhdrJyVDFqqO4ao9GwT\n":{"filename":"https://drive.google.com/uc?export=view&id=1v2t9rbfMhyDSTYhdrJyVDFqqO4ao9GwT\n","size":-1,"regions":[{"shape_attributes":{"name":"rect","x":150,"y":170,"width":17,"height":16},"region_attributes":{"Intersection":"2"}},{"shape_attributes":{"name":"rect","x":149,"y":243,"width":16,"height":14},"region_attributes":{"Intersection":"1"}},{"shape_attributes":{"name":"rect","x":594,"y":172,"width":17,"height":15},"region_attributes":{"Intersection":"4"}},{"shape_attributes":{"name":"rect","x":596,"y":466,"width":13,"height":14},"region_attributes":{"Intersection":"3"}}],"file_attributes":{}},"https://drive.google.com/uc?export=view&id=134U0zDvtSC3u-Ykoi4877xBFEGgbERxB\n":{"filename":"https://drive.google.com/uc?export=view&id=134U0zDvtSC3u-Ykoi4877xBFEGgbERxB\n","size":-1,"regions":[{"shape_attributes":{"name":"rect","x":143,"y":168,"width":16,"height":15},"region_attributes":{"Intersection":"2"}},{"shape_attributes":{"name":"rect","x":143,"y":241,"width":15,"height":12},"region_attributes":{"Intersection":"1"}},{"shape_attributes":{"name":"rect","x":588,"y":167,"width":16,"height":13},"region_attributes":{"Intersection":"4"}},{"shape_attributes":{"name":"rect","x":592,"y":463,"width":13,"height":15},"region_attributes":{"Intersection":"3"}}],"file_attributes":{}},"https://drive.google.com/uc?export=view&id=1mXGPg6Z2ECh0VObEMqr74iaF6IlN1AlR\n":{"filename":"https://drive.google.com/uc?export=view&id=1mXGPg6Z2ECh0VObEMqr74iaF6IlN1AlR\n","size":-1,"regions":[{"shape_attributes":{"name":"rect","x":164,"y":178,"width":14,"height":16},"region_attributes":{"Intersection":"2"}},{"shape_attributes":{"name":"rect","x":163,"y":246,"width":14,"height":12},"region_attributes":{"Intersection":"1"}},{"shape_attributes":{"name":"rect","x":576,"y":180,"width":16,"height":13},"region_attributes":{"Intersection":"4"}},{"shape_attributes":{"name":"rect","x":579,"y":452,"width":13,"height":14},"region_attributes":{"Intersection":"3"}}],"file_attributes":{}},"https://drive.google.com/uc?export=view&id=1vnrIRBHIfn0N0GKFQIumygirrUXdAn-U\n":{"filename":"https://drive.google.com/uc?export=view&id=1vnrIRBHIfn0N0GKFQIumygirrUXdAn-U\n","size":-1,"regions":[{"shape_attributes":{"name":"rect","x":171,"y":184,"width":15,"height":15},"region_attributes":{"Intersection":"2"}},{"shape_attributes":{"name":"rect","x":170,"y":250,"width":16,"height":16},"region_attributes":{"Intersection":"1"}},{"shape_attributes":{"name":"rect","x":572,"y":183,"width":16,"height":15},"region_attributes":{"Intersection":"4"}},{"shape_attributes":{"name":"rect","x":575,"y":451,"width":13,"height":13},"region_attributes":{"Intersection":"3"}}],"file_attributes":{}},"https://drive.google.com/uc?export=view&id=1dotg69Glm_Sc-BRcJSsBOsYPax3_j__G\n":{"filename":"https://drive.google.com/uc?export=view&id=1dotg69Glm_Sc-BRcJSsBOsYPax3_j__G\n","size":-1,"regions":[{"shape_attributes":{"name":"rect","x":166,"y":179,"width":13,"height":15},"region_attributes":{"Intersection":"2"}},{"shape_attributes":{"name":"rect","x":166,"y":248,"width":15,"height":13},"region_attributes":{"Intersection":"1"}},{"shape_attributes":{"name":"rect","x":578,"y":179,"width":16,"height":14},"region_attributes":{"Intersection":"4"}},{"shape_attributes":{"name":"rect","x":581,"y":454,"width":12,"height":15},"region_attributes":{"Intersection":"3"}}],"file_attributes":{}},"https://drive.google.com/uc?export=view&id=1tzi0phjEbIeDjGEWOv3orNBu-vdMadnC\n":{"filename":"https://drive.google.com/uc?export=view&id=1tzi0phjEbIeDjGEWOv3orNBu-vdMadnC\n","size":-1,"regions":[{"shape_attributes":{"name":"rect","x":164,"y":184,"width":15,"height":14},"region_attributes":{"Intersection":"2"}},{"shape_attributes":{"name":"rect","x":164,"y":250,"width":16,"height":11},"region_attributes":{"Intersection":"1"}},{"shape_attributes":{"name":"rect","x":576,"y":178,"width":16,"height":14},"region_attributes":{"Intersection":"4"}},{"shape_attributes":{"name":"rect","x":581,"y":454,"width":14,"height":13},"region_attributes":{"Intersection":"3"}}],"file_attributes":{}},"https://drive.google.com/uc?export=view&id=1FvvFuLvS2PQ3Ru4OKrq_akVZaUCIV5TI\n":{"filename":"https://drive.google.com/uc?export=view&id=1FvvFuLvS2PQ3Ru4OKrq_akVZaUCIV5TI\n","size":-1,"regions":[{"shape_attributes":{"name":"rect","x":163,"y":177,"width":16,"height":15},"region_attributes":{"Intersection":"2"}},{"shape_attributes":{"name":"rect","x":163,"y":244,"width":15,"height":14},"region_attributes":{"Intersection":"1"}},{"shape_attributes":{"name":"rect","x":575,"y":176,"width":17,"height":15},"region_attributes":{"Intersection":"4"}},{"shape_attributes":{"name":"rect","x":578,"y":453,"width":13,"height":13},"region_attributes":{"Intersection":"3"}}],"file_attributes":{}},"https://drive.google.com/uc?export=view&id=11YYBXszE_I7x663zeX70_t8vxvgYTsLn\n":{"filename":"https://drive.google.com/uc?export=view&id=11YYBXszE_I7x663zeX70_t8vxvgYTsLn\n","size":-1,"regions":[{"shape_attributes":{"name":"rect","x":164,"y":176,"width":15,"height":16},"region_attributes":{"Intersection":"2"}},{"shape_attributes":{"name":"rect","x":163,"y":244,"width":16,"height":15},"region_attributes":{"Intersection":"1"}},{"shape_attributes":{"name":"rect","x":576,"y":177,"width":15,"height":14},"region_attributes":{"Intersection":"4"}},{"shape_attributes":{"name":"rect","x":576,"y":453,"width":15,"height":14},"region_attributes":{"Intersection":"3"}}],"file_attributes":{}},"https://drive.google.com/uc?export=view&id=1U5RtrB7adzZE43rtcKKz7YEVA507Ilxt\n":{"filename":"https://drive.google.com/uc?export=view&id=1U5RtrB7adzZE43rtcKKz7YEVA507Ilxt\n","size":-1,"regions":[{"shape_attributes":{"name":"rect","x":164,"y":184,"width":14,"height":16},"region_attributes":{"Intersection":"2"}},{"shape_attributes":{"name":"rect","x":162,"y":251,"width":16,"height":12},"region_attributes":{"Intersection":"1"}},{"shape_attributes":{"name":"rect","x":576,"y":182,"width":14,"height":14},"region_attributes":{"Intersection":"4"}},{"shape_attributes":{"name":"rect","x":578,"y":458,"width":13,"height":15},"region_attributes":{"Intersection":"3"}}],"file_attributes":{}},"https://drive.google.com/uc?export=view&id=145uEVJZMg7wIt1-fw9v_j5CEGa7Y6hSo\n":{"filename":"https://drive.google.com/uc?export=view&id=145uEVJZMg7wIt1-fw9v_j5CEGa7Y6hSo\n","size":-1,"regions":[{"shape_attributes":{"name":"rect","x":163,"y":177,"width":16,"height":16},"region_attributes":{"Intersection":"2"}},{"shape_attributes":{"name":"rect","x":162,"y":243,"width":16,"height":16},"region_attributes":{"Intersection":"1"}},{"shape_attributes":{"name":"rect","x":576,"y":179,"width":16,"height":13},"region_attributes":{"Intersection":"4"}},{"shape_attributes":{"name":"rect","x":578,"y":454,"width":12,"height":13},"region_attributes":{"Intersection":"3"}}],"file_attributes":{}},"https://drive.google.com/uc?export=view&id=1GIMbJxOWhw_4nmETgOYpN5WhplYzkaZy\n":{"filename":"https://drive.google.com/uc?export=view&id=1GIMbJxOWhw_4nmETgOYpN5WhplYzkaZy\n","size":-1,"regions":[{"shape_attributes":{"name":"rect","x":166,"y":179,"width":14,"height":14},"region_attributes":{"Intersection":"2"}},{"shape_attributes":{"name":"rect","x":164,"y":245,"width":15,"height":17},"region_attributes":{"Intersection":"1"}},{"shape_attributes":{"name":"rect","x":578,"y":179,"width":16,"height":14},"region_attributes":{"Intersection":"4"}},{"shape_attributes":{"name":"rect","x":580,"y":455,"width":13,"height":15},"region_attributes":{"Intersection":"3"}}],"file_attributes":{}},"https://drive.google.com/uc?export=view&id=1rh0JD8wVFi4zIV-WbP3D5sH_9VTLbi4G\n":{"filename":"https://drive.google.com/uc?export=view&id=1rh0JD8wVFi4zIV-WbP3D5sH_9VTLbi4G\n","size":-1,"regions":[{"shape_attributes":{"name":"rect","x":165,"y":180,"width":15,"height":16},"region_attributes":{"Intersection":"2"}},{"shape_attributes":{"name":"rect","x":164,"y":248,"width":16,"height":15},"region_attributes":{"Intersection":"1"}},{"shape_attributes":{"name":"rect","x":577,"y":180,"width":15,"height":13},"region_attributes":{"Intersection":"4"}},{"shape_attributes":{"name":"rect","x":580,"y":457,"width":13,"height":14},"region_attributes":{"Intersection":"3"}}],"file_attributes":{}}},"_via_attributes":{"region":{"Intersection":{"type":"dropdown","description":"","options":{"1":"Ketner_Market","2":"Ketner_G","3":"3rd_K","4":"3rd_G"},"default_options":{}}},"file":{}},"_via_data_format_version":"2.0.10","_via_image_id_list":["https://drive.google.com/uc?export=view&id=1v2t9rbfMhyDSTYhdrJyVDFqqO4ao9GwT\n","https://drive.google.com/uc?export=view&id=134U0zDvtSC3u-Ykoi4877xBFEGgbERxB\n","https://drive.google.com/uc?export=view&id=1mXGPg6Z2ECh0VObEMqr74iaF6IlN1AlR\n","https://drive.google.com/uc?export=view&id=1vnrIRBHIfn0N0GKFQIumygirrUXdAn-U\n","https://drive.google.com/uc?export=view&id=1dotg69Glm_Sc-BRcJSsBOsYPax3_j__G\n","https://drive.google.com/uc?export=view&id=1tzi0phjEbIeDjGEWOv3orNBu-vdMadnC\n","https://drive.google.com/uc?export=view&id=1FvvFuLvS2PQ3Ru4OKrq_akVZaUCIV5TI\n","https://drive.google.com/uc?export=view&id=11YYBXszE_I7x663zeX70_t8vxvgYTsLn\n","https://drive.google.com/uc?export=view&id=1U5RtrB7adzZE43rtcKKz7YEVA507Ilxt\n","https://drive.google.com/uc?export=view&id=145uEVJZMg7wIt1-fw9v_j5CEGa7Y6hSo\n","https://drive.google.com/uc?export=view&id=1GIMbJxOWhw_4nmETgOYpN5WhplYzkaZy\n","https://drive.google.com/uc?export=view&id=1rh0JD8wVFi4zIV-WbP3D5sH_9VTLbi4G\n"]}