{"_via_settings":{"ui":{"annotation_editor_height":25,"annotation_editor_fontsize":0.8,"leftsidebar_width":18,"image_grid":{"img_height":80,"rshape_fill":"none","rshape_fill_opacity":0.3,"rshape_stroke":"yellow","rshape_stroke_width":2,"show_region_shape":true,"show_image_policy":"all"},"image":{"region_label":"__via_region_id__","region_color":"__via_default_region_color__","region_label_font":"10px Sans","on_image_annotation_editor_placement":"NEAR_REGION"}},"core":{"buffer_size":18,"filepath":{},"default_filepath":""},"project":{"name":"Sherman Height_2022_gcp"}},"_via_img_metadata":{"https://drive.google.com/uc?export=view&id=1K4RA6AdwysD-MDFQjIKGTOveFjotYx2o\n":{"filename":"https://drive.google.com/uc?export=view&id=1K4RA6AdwysD-MDFQjIKGTOveFjotYx2o\n","size":-1,"regions":[{"shape_attributes":{"name":"rect","x":85,"y":59,"width":10,"height":14},"region_attributes":{"Intersection":"1"}},{"shape_attributes":{"name":"rect","x":332,"y":57,"width":20,"height":15},"region_attributes":{"Intersection":"3"}},{"shape_attributes":{"name":"rect","x":81,"y":431,"width":14,"height":19},"region_attributes":{"Intersection":"2"}},{"shape_attributes":{"name":"rect","x":332,"y":427,"width":21,"height":22},"region_attributes":{"Intersection":"4"}}],"file_attributes":{}},"https://drive.google.com/uc?export=view&id=1gFJlbxzUqtf_ztQv_r19OEHab77K33xA\n":{"filename":"https://drive.google.com/uc?export=view&id=1gFJlbxzUqtf_ztQv_r19OEHab77K33xA\n","size":-1,"regions":[{"shape_attributes":{"name":"rect","x":76,"y":55,"width":10,"height":13},"region_attributes":{"Intersection":"1"}},{"shape_attributes":{"name":"rect","x":325,"y":53,"width":22,"height":15},"region_attributes":{"Intersection":"3"}},{"shape_attributes":{"name":"rect","x":76,"y":433,"width":12,"height":17},"region_attributes":{"Intersection":"2"}},{"shape_attributes":{"name":"rect","x":327,"y":424,"width":20,"height":23},"region_attributes":{"Intersection":"4"}}],"file_attributes":{}},"https://drive.google.com/uc?export=view&id=1tT4NwcMv2icpplVzFa7uuru-mUFOmvB3\n":{"filename":"https://drive.google.com/uc?export=view&id=1tT4NwcMv2icpplVzFa7uuru-mUFOmvB3\n","size":-1,"regions":[{"shape_attributes":{"name":"rect","x":103,"y":71,"width":10,"height":13},"region_attributes":{"Intersection":"1"}},{"shape_attributes":{"name":"rect","x":333,"y":70,"width":20,"height":15},"region_attributes":{"Intersection":"3"}},{"shape_attributes":{"name":"rect","x":100,"y":421,"width":12,"height":17},"region_attributes":{"Intersection":"2"}},{"shape_attributes":{"name":"rect","x":333,"y":417,"width":19,"height":20},"region_attributes":{"Intersection":"4"}}],"file_attributes":{}},"https://drive.google.com/uc?export=view&id=1K1Wngbe5L0nXLf0Tep4XYNsMUcrGS1NG\n":{"filename":"https://drive.google.com/uc?export=view&id=1K1Wngbe5L0nXLf0Tep4XYNsMUcrGS1NG\n","size":-1,"regions":[{"shape_attributes":{"name":"rect","x":111,"y":81,"width":10,"height":15},"region_attributes":{"Intersection":"1"}},{"shape_attributes":{"name":"rect","x":335,"y":80,"width":20,"height":15},"region_attributes":{"Intersection":"3"}},{"shape_attributes":{"name":"rect","x":107,"y":420,"width":12,"height":17},"region_attributes":{"Intersection":"2"}},{"shape_attributes":{"name":"rect","x":335,"y":416,"width":18,"height":22},"region_attributes":{"Intersection":"4"}}],"file_attributes":{}},"https://drive.google.com/uc?export=view&id=1DNNomGWc0g_xN1YAHTJnBuktX7hmlHHo\n":{"filename":"https://drive.google.com/uc?export=view&id=1DNNomGWc0g_xN1YAHTJnBuktX7hmlHHo\n","size":-1,"regions":[{"shape_attributes":{"name":"rect","x":106,"y":77,"width":10,"height":14},"region_attributes":{"Intersection":"1"}},{"shape_attributes":{"name":"rect","x":334,"y":75,"width":21,"height":15},"region_attributes":{"Intersection":"3"}},{"shape_attributes":{"name":"rect","x":104,"y":425,"width":12,"height":18},"region_attributes":{"Intersection":"2"}},{"shape_attributes":{"name":"rect","x":335,"y":420,"width":20,"height":21},"region_attributes":{"Intersection":"4"}}],"file_attributes":{}},"https://drive.google.com/uc?export=view&id=15t2vGr61LBNvX3-5fSPna4EsAP-C7JkN\n":{"filename":"https://drive.google.com/uc?export=view&id=15t2vGr61LBNvX3-5fSPna4EsAP-C7JkN\n","size":-1,"regions":[{"shape_attributes":{"name":"rect","x":102,"y":79,"width":9,"height":14},"region_attributes":{"Intersection":"1"}},{"shape_attributes":{"name":"rect","x":332,"y":74,"width":19,"height":15},"region_attributes":{"Intersection":"3"}},{"shape_attributes":{"name":"rect","x":104,"y":428,"width":12,"height":16},"region_attributes":{"Intersection":"2"}},{"shape_attributes":{"name":"rect","x":336,"y":420,"width":20,"height":20},"region_attributes":{"Intersection":"4"}}],"file_attributes":{}},"https://drive.google.com/uc?export=view&id=1iVSivlVd2RVq8IMKKc5N6V242wYxbFcs\n":{"filename":"https://drive.google.com/uc?export=view&id=1iVSivlVd2RVq8IMKKc5N6V242wYxbFcs\n","size":-1,"regions":[{"shape_attributes":{"name":"rect","x":104,"y":73,"width":10,"height":12},"region_attributes":{"Intersection":"1"}},{"shape_attributes":{"name":"rect","x":332,"y":71,"width":20,"height":14},"region_attributes":{"Intersection":"3"}},{"shape_attributes":{"name":"rect","x":98,"y":421,"width":14,"height":17},"region_attributes":{"Intersection":"2"}},{"shape_attributes":{"name":"rect","x":332,"y":417,"width":21,"height":21},"region_attributes":{"Intersection":"4"}}],"file_attributes":{}},"https://drive.google.com/uc?export=view&id=1HChBmN5GQYlkhg-TBUTL7Y1a06Z_OKny\n":{"filename":"https://drive.google.com/uc?export=view&id=1HChBmN5GQYlkhg-TBUTL7Y1a06Z_OKny\n","size":-1,"regions":[{"shape_attributes":{"name":"rect","x":106,"y":71,"width":8,"height":12},"region_attributes":{"Intersection":"1"}},{"shape_attributes":{"name":"rect","x":332,"y":69,"width":20,"height":15},"region_attributes":{"Intersection":"3"}},{"shape_attributes":{"name":"rect","x":100,"y":421,"width":11,"height":15},"region_attributes":{"Intersection":"2"}},{"shape_attributes":{"name":"rect","x":333,"y":416,"width":20,"height":20},"region_attributes":{"Intersection":"4"}}],"file_attributes":{}},"https://drive.google.com/uc?export=view&id=1i9a3WESGIPDGNUt0sl8pB0ELlIwD4CbM\n":{"filename":"https://drive.google.com/uc?export=view&id=1i9a3WESGIPDGNUt0sl8pB0ELlIwD4CbM\n","size":-1,"regions":[{"shape_attributes":{"name":"rect","x":106,"y":73,"width":8,"height":13},"region_attributes":{"Intersection":"1"}},{"shape_attributes":{"name":"rect","x":334,"y":73,"width":18,"height":14},"region_attributes":{"Intersection":"3"}},{"shape_attributes":{"name":"rect","x":100,"y":423,"width":12,"height":15},"region_attributes":{"Intersection":"2"}},{"shape_attributes":{"name":"rect","x":332,"y":419,"width":20,"height":21},"region_attributes":{"Intersection":"4"}}],"file_attributes":{}},"https://drive.google.com/uc?export=view&id=1OXlHkKrTLbAyXv9FOIHHflR6e-CIE40m\n":{"filename":"https://drive.google.com/uc?export=view&id=1OXlHkKrTLbAyXv9FOIHHflR6e-CIE40m\n","size":-1,"regions":[{"shape_attributes":{"name":"rect","x":102,"y":70,"width":11,"height":15},"region_attributes":{"Intersection":"1"}},{"shape_attributes":{"name":"rect","x":331,"y":70,"width":21,"height":14},"region_attributes":{"Intersection":"3"}},{"shape_attributes":{"name":"rect","x":102,"y":422,"width":10,"height":16},"region_attributes":{"Intersection":"2"}},{"shape_attributes":{"name":"rect","x":334,"y":415,"width":19,"height":22},"region_attributes":{"Intersection":"4"}}],"file_attributes":{}},"https://drive.google.com/uc?export=view&id=19L17TkUjHlEg3KWkNwNXQRiITLznjoMp\n":{"filename":"https://drive.google.com/uc?export=view&id=19L17TkUjHlEg3KWkNwNXQRiITLznjoMp\n","size":-1,"regions":[{"shape_attributes":{"name":"rect","x":104,"y":73,"width":10,"height":15},"region_attributes":{"Intersection":"1"}},{"shape_attributes":{"name":"rect","x":335,"y":73,"width":19,"height":13},"region_attributes":{"Intersection":"3"}},{"shape_attributes":{"name":"rect","x":101,"y":425,"width":11,"height":16},"region_attributes":{"Intersection":"2"}},{"shape_attributes":{"name":"rect","x":333,"y":419,"width":18,"height":21},"region_attributes":{"Intersection":"4"}}],"file_attributes":{}},"https://drive.google.com/uc?export=view&id=1ALAvHKbwA3_VX4g_OXoe1sUFmieYBM4y\n":{"filename":"https://drive.google.com/uc?export=view&id=1ALAvHKbwA3_VX4g_OXoe1sUFmieYBM4y\n","size":-1,"regions":[{"shape_attributes":{"name":"rect","x":102,"y":74,"width":11,"height":14},"region_attributes":{"Intersection":"1"}},{"shape_attributes":{"name":"rect","x":332,"y":74,"width":19,"height":13},"region_attributes":{"Intersection":"3"}},{"shape_attributes":{"name":"rect","x":99,"y":424,"width":12,"height":17},"region_attributes":{"Intersection":"2"}},{"shape_attributes":{"name":"rect","x":332,"y":419,"width":19,"height":20},"region_attributes":{"Intersection":"4"}}],"file_attributes":{}}},"_via_attributes":{"region":{"Intersection":{"type":"dropdown","description":"","options":{"1":"G_19th","2":"L_19th","3":"G_24th","4":"L_24th"},"default_options":{}}},"file":{}},"_via_data_format_version":"2.0.10","_via_image_id_list":["https://drive.google.com/uc?export=view&id=1K4RA6AdwysD-MDFQjIKGTOveFjotYx2o\n","https://drive.google.com/uc?export=view&id=1gFJlbxzUqtf_ztQv_r19OEHab77K33xA\n","https://drive.google.com/uc?export=view&id=1tT4NwcMv2icpplVzFa7uuru-mUFOmvB3\n","https://drive.google.com/uc?export=view&id=1K1Wngbe5L0nXLf0Tep4XYNsMUcrGS1NG\n","https://drive.google.com/uc?export=view&id=1DNNomGWc0g_xN1YAHTJnBuktX7hmlHHo\n","https://drive.google.com/uc?export=view&id=15t2vGr61LBNvX3-5fSPna4EsAP-C7JkN\n","https://drive.google.com/uc?export=view&id=1iVSivlVd2RVq8IMKKc5N6V242wYxbFcs\n","https://drive.google.com/uc?export=view&id=1HChBmN5GQYlkhg-TBUTL7Y1a06Z_OKny\n","https://drive.google.com/uc?export=view&id=1i9a3WESGIPDGNUt0sl8pB0ELlIwD4CbM\n","https://drive.google.com/uc?export=view&id=1OXlHkKrTLbAyXv9FOIHHflR6e-CIE40m\n","https://drive.google.com/uc?export=view&id=19L17TkUjHlEg3KWkNwNXQRiITLznjoMp\n","https://drive.google.com/uc?export=view&id=1ALAvHKbwA3_VX4g_OXoe1sUFmieYBM4y\n"]}