{"_via_settings":{"ui":{"annotation_editor_height":25,"annotation_editor_fontsize":0.8,"leftsidebar_width":18,"image_grid":{"img_height":80,"rshape_fill":"none","rshape_fill_opacity":0.3,"rshape_stroke":"yellow","rshape_stroke_width":2,"show_region_shape":true,"show_image_policy":"all"},"image":{"region_label":"__via_region_id__","region_color":"__via_default_region_color__","region_label_font":"10px Sans","on_image_annotation_editor_placement":"NEAR_REGION"}},"core":{"buffer_size":18,"filepath":{},"default_filepath":""},"project":{"name":"Barrio Logan_2024_count"}},"_via_img_metadata":{"https://lh3.googleusercontent.com/d/1j1RDVwHdx-leQ2vLuof_UhAInG4Y3gAI\n":{"filename":"https://lh3.googleusercontent.com/d/1j1RDVwHdx-leQ2vLuof_UhAInG4Y3gAI\n","size":-1,"regions":[{"shape_attributes":{"name":"circle","cx":406,"cy":287,"r":22},"region_attributes":{"Type":"1","count":""}}],"file_attributes":{"date":"","temp":"","rain":"2","neighborhood":"Barrio Logan","total_count":""}},"https://lh3.googleusercontent.com/d/1Wli78y2d8CHOuBlapztraYKsbgpIlb4V\n":{"filename":"https://lh3.googleusercontent.com/d/1Wli78y2d8CHOuBlapztraYKsbgpIlb4V\n","size":-1,"regions":[{"shape_attributes":{"name":"circle","cx":568,"cy":139,"r":23},"region_attributes":{"Type":"1","count":""}}],"file_attributes":{"date":"","temp":"","rain":"2","neighborhood":"Barrio Logan","total_count":""}},"https://lh3.googleusercontent.com/d/1Kifrb1TnWgvj4nMVuWb9TFxoOBPKO3pl\n":{"filename":"https://lh3.googleusercontent.com/d/1Kifrb1TnWgvj4nMVuWb9TFxoOBPKO3pl\n","size":-1,"regions":[{"shape_attributes":{"name":"circle","cx":262,"cy":141,"r":20},"region_attributes":{"Type":"2","count":""}}],"file_attributes":{"date":"","temp":"","rain":"2","neighborhood":"Barrio Logan","total_count":""}},"https://lh3.googleusercontent.com/d/1XBaxK9eAO6r9SZaZh7f7fH-zFeFaFk79\n":{"filename":"https://lh3.googleusercontent.com/d/1XBaxK9eAO6r9SZaZh7f7fH-zFeFaFk79\n","size":-1,"regions":[{"shape_attributes":{"name":"circle","cx":333,"cy":191,"r":22},"region_attributes":{"Type":"2","count":""}},{"shape_attributes":{"name":"circle","cx":422,"cy":173,"r":22},"region_attributes":{"Type":"1","count":""}}],"file_attributes":{"date":"","temp":"","rain":"2","neighborhood":"Barrio Logan","total_count":""}},"https://lh3.googleusercontent.com/d/1aX-4Tv_dkseHyB2-3RxKTfNx2HH921PZ\n":{"filename":"https://lh3.googleusercontent.com/d/1aX-4Tv_dkseHyB2-3RxKTfNx2HH921PZ\n","size":-1,"regions":[{"shape_attributes":{"name":"circle","cx":561,"cy":136,"r":21},"region_attributes":{"Type":"1","count":"2"}},{"shape_attributes":{"name":"circle","cx":350,"cy":266,"r":21},"region_attributes":{"Type":"1","count":""}}],"file_attributes":{"date":"","temp":"","rain":"2","neighborhood":"Barrio Logan","total_count":""}}},"_via_attributes":{"region":{"Type":{"type":"dropdown","description":"","options":{"1":"Individual","2":"Structure","3":"Vehicle"},"default_options":{}},"count":{"type":"text","description":"","default_value":""}},"file":{"date":{"type":"text","description":"","default_value":""},"temp":{"type":"text","description":"","default_value":""},"rain":{"type":"dropdown","description":"","options":{"1":"rain","2":"clear"},"default_options":{"2":true}},"neighborhood":{"type":"text","description":"","default_value":"Barrio Logan"},"total_count":{"type":"text","description":"","default_value":""}}},"_via_data_format_version":"2.0.10","_via_image_id_list":["https://lh3.googleusercontent.com/d/1j1RDVwHdx-leQ2vLuof_UhAInG4Y3gAI\n","https://lh3.googleusercontent.com/d/1Wli78y2d8CHOuBlapztraYKsbgpIlb4V\n","https://lh3.googleusercontent.com/d/1Kifrb1TnWgvj4nMVuWb9TFxoOBPKO3pl\n","https://lh3.googleusercontent.com/d/1XBaxK9eAO6r9SZaZh7f7fH-zFeFaFk79\n","https://lh3.googleusercontent.com/d/1aX-4Tv_dkseHyB2-3RxKTfNx2HH921PZ\n"]}