{"_via_settings":{"ui":{"annotation_editor_height":30,"annotation_editor_fontsize":0.8,"leftsidebar_width":18,"image_grid":{"img_height":80,"rshape_fill":"none","rshape_fill_opacity":0.3,"rshape_stroke":"yellow","rshape_stroke_width":2,"show_region_shape":true,"show_image_policy":"all"},"image":{"region_label":"__via_region_id__","region_color":"__via_default_region_color__","region_label_font":"10px Sans","on_image_annotation_editor_placement":"NEAR_REGION"}},"core":{"buffer_size":18,"filepath":{},"default_filepath":""},"project":{"name":"Barrio Logan_2023_count"}},"_via_img_metadata":{" https://lh3.googleusercontent.com/d/1APzqM6U3XJt3i4vJIzOsnfGRM1cRwuuT\n":{"filename":" https://lh3.googleusercontent.com/d/1APzqM6U3XJt3i4vJIzOsnfGRM1cRwuuT\n","size":-1,"regions":[{"shape_attributes":{"name":"circle","cx":302,"cy":176,"r":19},"region_attributes":{"Type":"2","count":"48"}},{"shape_attributes":{"name":"circle","cx":435,"cy":168,"r":16},"region_attributes":{"Type":"2","count":"20"}},{"shape_attributes":{"name":"circle","cx":393,"cy":134,"r":12},"region_attributes":{"Type":"2","count":"29"}},{"shape_attributes":{"name":"circle","cx":594,"cy":80,"r":20},"region_attributes":{"Type":"2","count":"40"}},{"shape_attributes":{"name":"circle","cx":587,"cy":129,"r":21},"region_attributes":{"Type":"2","count":"10"}},{"shape_attributes":{"name":"circle","cx":537,"cy":146,"r":16},"region_attributes":{"Type":"2","count":"6"}},{"shape_attributes":{"name":"circle","cx":738,"cy":136,"r":22},"region_attributes":{"Type":"2","count":"44"}},{"shape_attributes":{"name":"circle","cx":582,"cy":182,"r":15},"region_attributes":{"Type":"2","count":"10"}},{"shape_attributes":{"name":"circle","cx":479,"cy":207,"r":14},"region_attributes":{"Type":"2","count":"9"}},{"shape_attributes":{"name":"circle","cx":401,"cy":166,"r":10},"region_attributes":{"Type":"2","count":""}},{"shape_attributes":{"name":"circle","cx":358,"cy":114,"r":12},"region_attributes":{"Type":"3","count":""}},{"shape_attributes":{"name":"circle","cx":381,"cy":112,"r":12},"region_attributes":{"Type":"3","count":""}},{"shape_attributes":{"name":"circle","cx":355,"cy":151,"r":8},"region_attributes":{"Type":"3","count":""}},{"shape_attributes":{"name":"circle","cx":369,"cy":164,"r":7},"region_attributes":{"Type":"3","count":""}},{"shape_attributes":{"name":"circle","cx":381,"cy":175,"r":9},"region_attributes":{"Type":"3","count":""}},{"shape_attributes":{"name":"circle","cx":362,"cy":197,"r":10},"region_attributes":{"Type":"3","count":""}},{"shape_attributes":{"name":"circle","cx":376,"cy":208,"r":9},"region_attributes":{"Type":"3","count":""}},{"shape_attributes":{"name":"circle","cx":479,"cy":180,"r":11},"region_attributes":{"Type":"3","count":""}},{"shape_attributes":{"name":"circle","cx":634,"cy":191,"r":14},"region_attributes":{"Type":"3","count":""}},{"shape_attributes":{"name":"circle","cx":600,"cy":198,"r":11},"region_attributes":{"Type":"3","count":""}},{"shape_attributes":{"name":"circle","cx":336,"cy":188,"r":12},"region_attributes":{"Type":"1","count":"6"}},{"shape_attributes":{"name":"circle","cx":411,"cy":289,"r":10},"region_attributes":{"Type":"1","count":""}},{"shape_attributes":{"name":"circle","cx":432,"cy":130,"r":14},"region_attributes":{"Type":"1","count":"2"}},{"shape_attributes":{"name":"circle","cx":632,"cy":70,"r":12},"region_attributes":{"Type":"1","count":"2"}},{"shape_attributes":{"name":"circle","cx":779,"cy":137,"r":11},"region_attributes":{"Type":"1","count":""}}],"file_attributes":{"date":"","temp":"","rain":"2","neighborhood":"Barrio Logan","total_count":""}}," https://lh3.googleusercontent.com/d/1KMra2AYYhbcjH1JymT20skMJOxqxZBcY\n":{"filename":" https://lh3.googleusercontent.com/d/1KMra2AYYhbcjH1JymT20skMJOxqxZBcY\n","size":-1,"regions":[{"shape_attributes":{"name":"circle","cx":332,"cy":101,"r":25},"region_attributes":{"Type":"3","count":"2"}},{"shape_attributes":{"name":"circle","cx":356,"cy":166,"r":25},"region_attributes":{"Type":"3","count":"3"}},{"shape_attributes":{"name":"circle","cx":599,"cy":176,"r":8},"region_attributes":{"Type":"3","count":""}},{"shape_attributes":{"name":"circle","cx":611,"cy":105,"r":16},"region_attributes":{"Type":"3","count":""}},{"shape_attributes":{"name":"circle","cx":302,"cy":175,"r":21},"region_attributes":{"Type":"2","count":"43"}},{"shape_attributes":{"name":"circle","cx":417,"cy":131,"r":19},"region_attributes":{"Type":"2","count":"39"}},{"shape_attributes":{"name":"circle","cx":442,"cy":164,"r":16},"region_attributes":{"Type":"2","count":"21"}},{"shape_attributes":{"name":"circle","cx":418,"cy":275,"r":22},"region_attributes":{"Type":"2","count":"3"}},{"shape_attributes":{"name":"circle","cx":482,"cy":192,"r":28},"region_attributes":{"Type":"2","count":""}},{"shape_attributes":{"name":"circle","cx":534,"cy":140,"r":16},"region_attributes":{"Type":"2","count":"4"}},{"shape_attributes":{"name":"circle","cx":577,"cy":131,"r":17},"region_attributes":{"Type":"2","count":"11"}},{"shape_attributes":{"name":"circle","cx":584,"cy":158,"r":17},"region_attributes":{"Type":"2","count":"13"}},{"shape_attributes":{"name":"circle","cx":726,"cy":145,"r":21},"region_attributes":{"Type":"2","count":"31"}},{"shape_attributes":{"name":"circle","cx":743,"cy":88,"r":17},"region_attributes":{"Type":"2","count":"28"}},{"shape_attributes":{"name":"circle","cx":698,"cy":25,"r":19},"region_attributes":{"Type":"1","count":"17"}},{"shape_attributes":{"name":"circle","cx":786,"cy":78,"r":16},"region_attributes":{"Type":"1","count":"2"}},{"shape_attributes":{"name":"circle","cx":465,"cy":143,"r":13},"region_attributes":{"Type":"1","count":"3"}}],"file_attributes":{"date":"","temp":"","rain":"2","neighborhood":"Barrio Logan","total_count":""}}," https://lh3.googleusercontent.com/d/1vzt9x2YrkERF1WGjztNtPYkJlTXQSUym\n":{"filename":" https://lh3.googleusercontent.com/d/1vzt9x2YrkERF1WGjztNtPYkJlTXQSUym\n","size":-1,"regions":[{"shape_attributes":{"name":"circle","cx":602,"cy":103,"r":19},"region_attributes":{"Type":"1","count":"2"}},{"shape_attributes":{"name":"circle","cx":868,"cy":116,"r":17},"region_attributes":{"Type":"1","count":"4"}},{"shape_attributes":{"name":"circle","cx":556,"cy":207,"r":12},"region_attributes":{"Type":"1","count":""}},{"shape_attributes":{"name":"circle","cx":512,"cy":320,"r":20},"region_attributes":{"Type":"1","count":"4"}},{"shape_attributes":{"name":"circle","cx":518,"cy":275,"r":23},"region_attributes":{"Type":"3","count":""}},{"shape_attributes":{"name":"circle","cx":464,"cy":280,"r":29},"region_attributes":{"Type":"2","count":"54"}},{"shape_attributes":{"name":"circle","cx":475,"cy":150,"r":30},"region_attributes":{"Type":"2","count":"21"}},{"shape_attributes":{"name":"circle","cx":584,"cy":154,"r":24},"region_attributes":{"Type":"2","count":"6"}},{"shape_attributes":{"name":"circle","cx":662,"cy":89,"r":30},"region_attributes":{"Type":"2","count":"23"}},{"shape_attributes":{"name":"circle","cx":800,"cy":97,"r":28},"region_attributes":{"Type":"2","count":"35"}},{"shape_attributes":{"name":"circle","cx":672,"cy":178,"r":28},"region_attributes":{"Type":"2","count":"40"}},{"shape_attributes":{"name":"circle","cx":761,"cy":166,"r":29},"region_attributes":{"Type":"2","count":"36"}},{"shape_attributes":{"name":"circle","cx":514,"cy":222,"r":19},"region_attributes":{"Type":"2","count":"2"}}],"file_attributes":{"date":"2023-03-30","temp":"","rain":"2","neighborhood":"Barrio Logan","total_count":""}}," https://lh3.googleusercontent.com/d/1b2AFwVZ0eP8DUBVz8Oio31EsTx3W4INb\n":{"filename":" https://lh3.googleusercontent.com/d/1b2AFwVZ0eP8DUBVz8Oio31EsTx3W4INb\n","size":-1,"regions":[{"shape_attributes":{"name":"circle","cx":271,"cy":158,"r":18},"region_attributes":{"Type":"1","count":"5"}},{"shape_attributes":{"name":"circle","cx":326,"cy":106,"r":17},"region_attributes":{"Type":"1","count":"10"}},{"shape_attributes":{"name":"circle","cx":392,"cy":162,"r":15},"region_attributes":{"Type":"1","count":""}},{"shape_attributes":{"name":"circle","cx":544,"cy":149,"r":14},"region_attributes":{"Type":"1","count":""}},{"shape_attributes":{"name":"circle","cx":633,"cy":154,"r":15},"region_attributes":{"Type":"1","count":""}},{"shape_attributes":{"name":"circle","cx":1042,"cy":85,"r":19},"region_attributes":{"Type":"1","count":"6"}},{"shape_attributes":{"name":"circle","cx":987,"cy":164,"r":20},"region_attributes":{"Type":"1","count":"8"}},{"shape_attributes":{"name":"circle","cx":391,"cy":294,"r":21},"region_attributes":{"Type":"3","count":""}},{"shape_attributes":{"name":"circle","cx":429,"cy":252,"r":19},"region_attributes":{"Type":"3","count":""}},{"shape_attributes":{"name":"circle","cx":379,"cy":188,"r":23},"region_attributes":{"Type":"3","count":"2"}},{"shape_attributes":{"name":"circle","cx":714,"cy":96,"r":23},"region_attributes":{"Type":"3","count":""}},{"shape_attributes":{"name":"circle","cx":451,"cy":126,"r":20},"region_attributes":{"Type":"3","count":"2"}},{"shape_attributes":{"name":"circle","cx":380,"cy":118,"r":25},"region_attributes":{"Type":"2","count":"46"}},{"shape_attributes":{"name":"circle","cx":305,"cy":196,"r":25},"region_attributes":{"Type":"2","count":"41"}},{"shape_attributes":{"name":"circle","cx":447,"cy":181,"r":28},"region_attributes":{"Type":"2","count":"25"}},{"shape_attributes":{"name":"circle","cx":596,"cy":118,"r":22},"region_attributes":{"Type":"2","count":"16"}},{"shape_attributes":{"name":"circle","cx":592,"cy":180,"r":23},"region_attributes":{"Type":"2","count":"9"}},{"shape_attributes":{"name":"circle","cx":773,"cy":54,"r":25},"region_attributes":{"Type":"2","count":"14"}},{"shape_attributes":{"name":"circle","cx":981,"cy":79,"r":26},"region_attributes":{"Type":"2","count":"35"}},{"shape_attributes":{"name":"circle","cx":916,"cy":176,"r":23},"region_attributes":{"Type":"2","count":"40"}}],"file_attributes":{"date":"2023-04-27","temp":"59","rain":"2","neighborhood":"Barrio Logan","total_count":""}}," https://lh3.googleusercontent.com/d/1Q6yPC8Qswwe0uygCkNor6faHwulZcssk\n":{"filename":" https://lh3.googleusercontent.com/d/1Q6yPC8Qswwe0uygCkNor6faHwulZcssk\n","size":-1,"regions":[{"shape_attributes":{"name":"circle","cx":287,"cy":179,"r":12},"region_attributes":{"Type":"1","count":""}},{"shape_attributes":{"name":"circle","cx":359,"cy":107,"r":9},"region_attributes":{"Type":"1","count":""}},{"shape_attributes":{"name":"circle","cx":552,"cy":104,"r":12},"region_attributes":{"Type":"1","count":""}},{"shape_attributes":{"name":"circle","cx":476,"cy":238,"r":14},"region_attributes":{"Type":"1","count":""}},{"shape_attributes":{"name":"circle","cx":529,"cy":220,"r":13},"region_attributes":{"Type":"1","count":"2"}},{"shape_attributes":{"name":"circle","cx":613,"cy":135,"r":13},"region_attributes":{"Type":"1","count":"2"}},{"shape_attributes":{"name":"circle","cx":526,"cy":158,"r":21},"region_attributes":{"Type":"1","count":"10"}},{"shape_attributes":{"name":"circle","cx":319,"cy":191,"r":18},"region_attributes":{"Type":"2","count":"10"}},{"shape_attributes":{"name":"circle","cx":394,"cy":83,"r":21},"region_attributes":{"Type":"2","count":"13"}},{"shape_attributes":{"name":"circle","cx":496,"cy":73,"r":23},"region_attributes":{"Type":"2","count":"19"}},{"shape_attributes":{"name":"circle","cx":620,"cy":83,"r":19},"region_attributes":{"Type":"2","count":"61"}},{"shape_attributes":{"name":"circle","cx":603,"cy":180,"r":23},"region_attributes":{"Type":"2","count":"39"}},{"shape_attributes":{"name":"circle","cx":573,"cy":135,"r":14},"region_attributes":{"Type":"2","count":""}},{"shape_attributes":{"name":"circle","cx":424,"cy":164,"r":27},"region_attributes":{"Type":"2","count":"56"}},{"shape_attributes":{"name":"circle","cx":484,"cy":203,"r":14},"region_attributes":{"Type":"2","count":""}}],"file_attributes":{"date":"2023-05-25","temp":"60","rain":"2","neighborhood":"Barrio Logan","total_count":""}}," https://lh3.googleusercontent.com/d/1wbU5OxnrZE7T0QsBtfb76tifbW0jXLp-\n":{"filename":" https://lh3.googleusercontent.com/d/1wbU5OxnrZE7T0QsBtfb76tifbW0jXLp-\n","size":-1,"regions":[{"shape_attributes":{"name":"circle","cx":433,"cy":145,"r":11},"region_attributes":{"Type":"1","count":"3"}},{"shape_attributes":{"name":"circle","cx":413,"cy":175,"r":11},"region_attributes":{"Type":"1","count":"2"}},{"shape_attributes":{"name":"circle","cx":363,"cy":202,"r":10},"region_attributes":{"Type":"1","count":"2"}},{"shape_attributes":{"name":"circle","cx":437,"cy":288,"r":13},"region_attributes":{"Type":"1","count":"2"}},{"shape_attributes":{"name":"circle","cx":578,"cy":172,"r":13},"region_attributes":{"Type":"1","count":"5"}},{"shape_attributes":{"name":"circle","cx":618,"cy":143,"r":10},"region_attributes":{"Type":"1","count":"4"}},{"shape_attributes":{"name":"circle","cx":544,"cy":146,"r":12},"region_attributes":{"Type":"1","count":"4"}},{"shape_attributes":{"name":"circle","cx":475,"cy":168,"r":13},"region_attributes":{"Type":"1","count":"10"}},{"shape_attributes":{"name":"circle","cx":359,"cy":127,"r":9},"region_attributes":{"Type":"3","count":""}},{"shape_attributes":{"name":"circle","cx":383,"cy":169,"r":8},"region_attributes":{"Type":"3","count":""}},{"shape_attributes":{"name":"circle","cx":427,"cy":206,"r":9},"region_attributes":{"Type":"3","count":""}},{"shape_attributes":{"name":"circle","cx":496,"cy":197,"r":10},"region_attributes":{"Type":"3","count":""}},{"shape_attributes":{"name":"circle","cx":394,"cy":141,"r":13},"region_attributes":{"Type":"2","count":"16"}},{"shape_attributes":{"name":"circle","cx":467,"cy":140,"r":11},"region_attributes":{"Type":"2","count":"49"}},{"shape_attributes":{"name":"circle","cx":452,"cy":189,"r":13},"region_attributes":{"Type":"2","count":"33"}},{"shape_attributes":{"name":"circle","cx":390,"cy":231,"r":13},"region_attributes":{"Type":"2","count":"44"}},{"shape_attributes":{"name":"circle","cx":499,"cy":243,"r":10},"region_attributes":{"Type":"2","count":""}},{"shape_attributes":{"name":"circle","cx":613,"cy":181,"r":12},"region_attributes":{"Type":"2","count":"10"}},{"shape_attributes":{"name":"circle","cx":648,"cy":144,"r":14},"region_attributes":{"Type":"2","count":"18"}},{"shape_attributes":{"name":"circle","cx":578,"cy":142,"r":13},"region_attributes":{"Type":"2","count":"20"}}],"file_attributes":{"date":"","temp":"","rain":"2","neighborhood":"Barrio Logan","total_count":""}}," https://lh3.googleusercontent.com/d/1xrSNibFCsn5vrRHqYt9AbFMt6-cXyjSN\n":{"filename":" https://lh3.googleusercontent.com/d/1xrSNibFCsn5vrRHqYt9AbFMt6-cXyjSN\n","size":-1,"regions":[{"shape_attributes":{"name":"circle","cx":325,"cy":180,"r":17},"region_attributes":{"Type":"2","count":""}},{"shape_attributes":{"name":"circle","cx":406,"cy":258,"r":17},"region_attributes":{"Type":"3","count":""}},{"shape_attributes":{"name":"circle","cx":639,"cy":229,"r":14},"region_attributes":{"Type":"1","count":"3"}}],"file_attributes":{"date":"","temp":"","rain":"2","neighborhood":"Barrio Logan","total_count":""}}," https://lh3.googleusercontent.com/d/1HL3yhddZzIisnWHZatszRCCryjsxz39v\n":{"filename":" https://lh3.googleusercontent.com/d/1HL3yhddZzIisnWHZatszRCCryjsxz39v\n","size":-1,"regions":[{"shape_attributes":{"name":"circle","cx":273,"cy":125,"r":17},"region_attributes":{"Type":"2","count":""}},{"shape_attributes":{"name":"circle","cx":367,"cy":147,"r":17},"region_attributes":{"Type":"3","count":""}},{"shape_attributes":{"name":"circle","cx":377,"cy":209,"r":17},"region_attributes":{"Type":"1","count":""}},{"shape_attributes":{"name":"circle","cx":453,"cy":270,"r":12},"region_attributes":{"Type":"1","count":""}}],"file_attributes":{"date":"","temp":"66","rain":"2","neighborhood":"Barrio Logan","total_count":""}}," https://lh3.googleusercontent.com/d/1-3MviYlwl2qkSZh7Xoo6VjO7OuDfTcjl\n":{"filename":" https://lh3.googleusercontent.com/d/1-3MviYlwl2qkSZh7Xoo6VjO7OuDfTcjl\n","size":-1,"regions":[{"shape_attributes":{"name":"circle","cx":420,"cy":112,"r":19},"region_attributes":{"Type":"3","count":""}},{"shape_attributes":{"name":"circle","cx":631,"cy":216,"r":18},"region_attributes":{"Type":"2","count":""}},{"shape_attributes":{"name":"circle","cx":662,"cy":240,"r":14},"region_attributes":{"Type":"2","count":""}},{"shape_attributes":{"name":"circle","cx":450,"cy":166,"r":15},"region_attributes":{"Type":"1","count":"2"}},{"shape_attributes":{"name":"circle","cx":390,"cy":220,"r":14},"region_attributes":{"Type":"1","count":""}},{"shape_attributes":{"name":"circle","cx":420,"cy":279,"r":22},"region_attributes":{"Type":"1","count":""}}],"file_attributes":{"date":"","temp":"","rain":"2","neighborhood":"Barrio Logan","total_count":""}}," https://lh3.googleusercontent.com/d/1YFx1Gz6HcSZOzgL9-Hn8rP7OHsnRtJ6P\n":{"filename":" https://lh3.googleusercontent.com/d/1YFx1Gz6HcSZOzgL9-Hn8rP7OHsnRtJ6P\n","size":-1,"regions":[{"shape_attributes":{"name":"circle","cx":405,"cy":122,"r":15},"region_attributes":{"Type":"1","count":""}},{"shape_attributes":{"name":"circle","cx":415,"cy":275,"r":15},"region_attributes":{"Type":"1","count":"2"}},{"shape_attributes":{"name":"circle","cx":343,"cy":133,"r":20},"region_attributes":{"Type":"3","count":""}}],"file_attributes":{"date":"","temp":"","rain":"2","neighborhood":"Barrio Logan","total_count":""}}," https://lh3.googleusercontent.com/d/1GFW2GsSpr_9Nbe6_GlxtyOBrP0l_QMhp\n":{"filename":" https://lh3.googleusercontent.com/d/1GFW2GsSpr_9Nbe6_GlxtyOBrP0l_QMhp\n","size":-1,"regions":[{"shape_attributes":{"name":"circle","cx":345,"cy":106,"r":22},"region_attributes":{"Type":"3","count":""}},{"shape_attributes":{"name":"circle","cx":401,"cy":104,"r":21},"region_attributes":{"Type":"3","count":""}},{"shape_attributes":{"name":"circle","cx":496,"cy":185,"r":17},"region_attributes":{"Type":"3","count":""}},{"shape_attributes":{"name":"circle","cx":472,"cy":213,"r":19},"region_attributes":{"Type":"1","count":""}},{"shape_attributes":{"name":"circle","cx":562,"cy":135,"r":22},"region_attributes":{"Type":"1","count":"9"}}],"file_attributes":{"date":"","temp":"","rain":"2","neighborhood":"Barrio Logan","total_count":""}}," https://lh3.googleusercontent.com/d/1bni78ARoQC9ZfNKaMOgYg3gScxfvMHeh\n":{"filename":" https://lh3.googleusercontent.com/d/1bni78ARoQC9ZfNKaMOgYg3gScxfvMHeh\n","size":-1,"regions":[{"shape_attributes":{"name":"circle","cx":278,"cy":133,"r":17},"region_attributes":{"Type":"1","count":""}},{"shape_attributes":{"name":"circle","cx":406,"cy":311,"r":19},"region_attributes":{"Type":"2","count":""}}],"file_attributes":{"date":"","temp":"","rain":"2","neighborhood":"Barrio Logan","total_count":""}}},"_via_attributes":{"region":{"Type":{"type":"dropdown","description":"","options":{"1":"Individual","2":"Structure","3":"Vehicle"},"default_options":{}},"count":{"type":"text","description":"","default_value":""}},"file":{"date":{"type":"text","description":"","default_value":""},"temp":{"type":"text","description":"","default_value":""},"rain":{"type":"dropdown","description":"","options":{"1":"rain","2":"clear"},"default_options":{"2":true}},"neighborhood":{"type":"text","description":"","default_value":"Barrio Logan"},"total_count":{"type":"text","description":"","default_value":""}}},"_via_data_format_version":"2.0.10","_via_image_id_list":[" https://lh3.googleusercontent.com/d/1APzqM6U3XJt3i4vJIzOsnfGRM1cRwuuT\n"," https://lh3.googleusercontent.com/d/1KMra2AYYhbcjH1JymT20skMJOxqxZBcY\n"," https://lh3.googleusercontent.com/d/1vzt9x2YrkERF1WGjztNtPYkJlTXQSUym\n"," https://lh3.googleusercontent.com/d/1b2AFwVZ0eP8DUBVz8Oio31EsTx3W4INb\n"," https://lh3.googleusercontent.com/d/1Q6yPC8Qswwe0uygCkNor6faHwulZcssk\n"," https://lh3.googleusercontent.com/d/1wbU5OxnrZE7T0QsBtfb76tifbW0jXLp-\n"," https://lh3.googleusercontent.com/d/1xrSNibFCsn5vrRHqYt9AbFMt6-cXyjSN\n"," https://lh3.googleusercontent.com/d/1HL3yhddZzIisnWHZatszRCCryjsxz39v\n"," https://lh3.googleusercontent.com/d/1-3MviYlwl2qkSZh7Xoo6VjO7OuDfTcjl\n"," https://lh3.googleusercontent.com/d/1YFx1Gz6HcSZOzgL9-Hn8rP7OHsnRtJ6P\n"," https://lh3.googleusercontent.com/d/1GFW2GsSpr_9Nbe6_GlxtyOBrP0l_QMhp\n"," https://lh3.googleusercontent.com/d/1bni78ARoQC9ZfNKaMOgYg3gScxfvMHeh\n"]}