{"_via_settings":{"ui":{"annotation_editor_height":30,"annotation_editor_fontsize":0.7000000000000001,"leftsidebar_width":18,"image_grid":{"img_height":80,"rshape_fill":"none","rshape_fill_opacity":0.3,"rshape_stroke":"yellow","rshape_stroke_width":2,"show_region_shape":true,"show_image_policy":"all"},"image":{"region_label":"__via_region_id__","region_color":"__via_default_region_color__","region_label_font":"10px Sans","on_image_annotation_editor_placement":"NEAR_REGION"}},"core":{"buffer_size":18,"filepath":{},"default_filepath":""},"project":{"name":"City Center_2023_count"}},"_via_img_metadata":{" https://lh3.googleusercontent.com/d/1wHUi4q42gMyS2yBP39HXXS88ArKtUHbu\n":{"filename":" https://lh3.googleusercontent.com/d/1wHUi4q42gMyS2yBP39HXXS88ArKtUHbu\n","size":-1,"regions":[{"shape_attributes":{"name":"circle","cx":364,"cy":318,"r":24},"region_attributes":{"Type":"2","count":"4"}},{"shape_attributes":{"name":"circle","cx":364,"cy":355,"r":20},"region_attributes":{"Type":"1","count":"3"}},{"shape_attributes":{"name":"circle","cx":360,"cy":405,"r":16},"region_attributes":{"Type":"1","count":"2"}},{"shape_attributes":{"name":"circle","cx":397,"cy":410,"r":21},"region_attributes":{"Type":"2","count":"3"}},{"shape_attributes":{"name":"circle","cx":539,"cy":318,"r":25},"region_attributes":{"Type":"1","count":"5"}},{"shape_attributes":{"name":"circle","cx":463,"cy":360,"r":20},"region_attributes":{"Type":"1","count":""}},{"shape_attributes":{"name":"circle","cx":357,"cy":528,"r":21},"region_attributes":{"Type":"1","count":""}},{"shape_attributes":{"name":"circle","cx":465,"cy":530,"r":19},"region_attributes":{"Type":"1","count":""}},{"shape_attributes":{"name":"circle","cx":375,"cy":651,"r":20},"region_attributes":{"Type":"1","count":""}},{"shape_attributes":{"name":"circle","cx":524,"cy":544,"r":18},"region_attributes":{"Type":"1","count":""}},{"shape_attributes":{"name":"circle","cx":533,"cy":443,"r":20},"region_attributes":{"Type":"1","count":"6"}},{"shape_attributes":{"name":"circle","cx":594,"cy":414,"r":17},"region_attributes":{"Type":"2","count":""}},{"shape_attributes":{"name":"circle","cx":658,"cy":337,"r":20},"region_attributes":{"Type":"1","count":""}},{"shape_attributes":{"name":"circle","cx":703,"cy":329,"r":18},"region_attributes":{"Type":"1","count":""}},{"shape_attributes":{"name":"circle","cx":589,"cy":456,"r":29},"region_attributes":{"Type":"1","count":"24"}},{"shape_attributes":{"name":"circle","cx":658,"cy":432,"r":22},"region_attributes":{"Type":"1","count":""}},{"shape_attributes":{"name":"circle","cx":638,"cy":478,"r":22},"region_attributes":{"Type":"1","count":"6"}},{"shape_attributes":{"name":"circle","cx":636,"cy":531,"r":17},"region_attributes":{"Type":"1","count":"3"}},{"shape_attributes":{"name":"circle","cx":657,"cy":566,"r":17},"region_attributes":{"Type":"1","count":""}},{"shape_attributes":{"name":"circle","cx":636,"cy":657,"r":20},"region_attributes":{"Type":"1","count":""}},{"shape_attributes":{"name":"circle","cx":794,"cy":480,"r":17},"region_attributes":{"Type":"1","count":""}},{"shape_attributes":{"name":"circle","cx":892,"cy":410,"r":18},"region_attributes":{"Type":"1","count":""}},{"shape_attributes":{"name":"circle","cx":1331,"cy":364,"r":20},"region_attributes":{"Type":"1","count":""}},{"shape_attributes":{"name":"circle","cx":1223,"cy":421,"r":16},"region_attributes":{"Type":"1","count":"3"}},{"shape_attributes":{"name":"circle","cx":1221,"cy":448,"r":19},"region_attributes":{"Type":"2","count":""}},{"shape_attributes":{"name":"circle","cx":1241,"cy":488,"r":16},"region_attributes":{"Type":"2","count":""}},{"shape_attributes":{"name":"circle","cx":1309,"cy":468,"r":22},"region_attributes":{"Type":"2","count":"13"}},{"shape_attributes":{"name":"circle","cx":1234,"cy":533,"r":18},"region_attributes":{"Type":"2","count":"17"}},{"shape_attributes":{"name":"circle","cx":1260,"cy":535,"r":11},"region_attributes":{"Type":"1","count":""}},{"shape_attributes":{"name":"circle","cx":1310,"cy":538,"r":16},"region_attributes":{"Type":"2","count":""}},{"shape_attributes":{"name":"circle","cx":1395,"cy":553,"r":17},"region_attributes":{"Type":"1","count":"2"}},{"shape_attributes":{"name":"circle","cx":1349,"cy":573,"r":15},"region_attributes":{"Type":"1","count":"2"}},{"shape_attributes":{"name":"circle","cx":1306,"cy":573,"r":17},"region_attributes":{"Type":"1","count":"5"}},{"shape_attributes":{"name":"circle","cx":1325,"cy":607,"r":27},"region_attributes":{"Type":"1","count":"14"}},{"shape_attributes":{"name":"circle","cx":1219,"cy":565,"r":18},"region_attributes":{"Type":"2","count":"2"}},{"shape_attributes":{"name":"circle","cx":1259,"cy":573,"r":19},"region_attributes":{"Type":"2","count":"11"}},{"shape_attributes":{"name":"circle","cx":1263,"cy":608,"r":15},"region_attributes":{"Type":"1","count":""}},{"shape_attributes":{"name":"circle","cx":1219,"cy":608,"r":15},"region_attributes":{"Type":"1","count":""}},{"shape_attributes":{"name":"circle","cx":1174,"cy":593,"r":13},"region_attributes":{"Type":"1","count":""}},{"shape_attributes":{"name":"circle","cx":1434,"cy":705,"r":18},"region_attributes":{"Type":"1","count":"2"}},{"shape_attributes":{"name":"circle","cx":1393,"cy":657,"r":14},"region_attributes":{"Type":"1","count":""}},{"shape_attributes":{"name":"circle","cx":1344,"cy":659,"r":16},"region_attributes":{"Type":"2","count":""}},{"shape_attributes":{"name":"circle","cx":1218,"cy":654,"r":15},"region_attributes":{"Type":"1","count":""}},{"shape_attributes":{"name":"circle","cx":1134,"cy":667,"r":20},"region_attributes":{"Type":"2","count":"2"}},{"shape_attributes":{"name":"circle","cx":1085,"cy":673,"r":19},"region_attributes":{"Type":"2","count":"8"}},{"shape_attributes":{"name":"circle","cx":1046,"cy":692,"r":17},"region_attributes":{"Type":"2","count":"3"}},{"shape_attributes":{"name":"circle","cx":1069,"cy":723,"r":20},"region_attributes":{"Type":"2","count":"12"}},{"shape_attributes":{"name":"circle","cx":997,"cy":680,"r":16},"region_attributes":{"Type":"1","count":"3"}},{"shape_attributes":{"name":"circle","cx":995,"cy":712,"r":19},"region_attributes":{"Type":"2","count":"11"}},{"shape_attributes":{"name":"circle","cx":1126,"cy":704,"r":16},"region_attributes":{"Type":"1","count":""}},{"shape_attributes":{"name":"circle","cx":958,"cy":567,"r":17},"region_attributes":{"Type":"1","count":"3"}},{"shape_attributes":{"name":"circle","cx":873,"cy":531,"r":14},"region_attributes":{"Type":"1","count":""}},{"shape_attributes":{"name":"circle","cx":806,"cy":533,"r":16},"region_attributes":{"Type":"1","count":"3"}},{"shape_attributes":{"name":"circle","cx":874,"cy":578,"r":15},"region_attributes":{"Type":"1","count":"2"}},{"shape_attributes":{"name":"circle","cx":807,"cy":602,"r":14},"region_attributes":{"Type":"1","count":""}}],"file_attributes":{"date":"2023-01-31","temp":"60","rain":"1","neighborhood":"City Center","total_count":""}}," https://lh3.googleusercontent.com/d/1TpSvRn-AZExMVNX0BCGVyfAkjrom1sO2\n":{"filename":" https://lh3.googleusercontent.com/d/1TpSvRn-AZExMVNX0BCGVyfAkjrom1sO2\n","size":-1,"regions":[{"shape_attributes":{"name":"circle","cx":372,"cy":355,"r":17},"region_attributes":{"Type":"1","count":""}},{"shape_attributes":{"name":"circle","cx":355,"cy":400,"r":19},"region_attributes":{"Type":"2","count":"2"}},{"shape_attributes":{"name":"circle","cx":397,"cy":403,"r":19},"region_attributes":{"Type":"1","count":"4"}},{"shape_attributes":{"name":"circle","cx":350,"cy":466,"r":13},"region_attributes":{"Type":"1","count":""}},{"shape_attributes":{"name":"circle","cx":530,"cy":419,"r":16},"region_attributes":{"Type":"1","count":"2"}},{"shape_attributes":{"name":"circle","cx":541,"cy":380,"r":17},"region_attributes":{"Type":"2","count":"2"}},{"shape_attributes":{"name":"circle","cx":571,"cy":313,"r":18},"region_attributes":{"Type":"1","count":"6"}},{"shape_attributes":{"name":"circle","cx":594,"cy":395,"r":30},"region_attributes":{"Type":"1","count":"28"}},{"shape_attributes":{"name":"circle","cx":654,"cy":356,"r":17},"region_attributes":{"Type":"1","count":""}},{"shape_attributes":{"name":"circle","cx":702,"cy":307,"r":13},"region_attributes":{"Type":"1","count":"2"}},{"shape_attributes":{"name":"circle","cx":699,"cy":351,"r":18},"region_attributes":{"Type":"2","count":""}},{"shape_attributes":{"name":"circle","cx":729,"cy":355,"r":15},"region_attributes":{"Type":"1","count":""}},{"shape_attributes":{"name":"circle","cx":787,"cy":282,"r":15},"region_attributes":{"Type":"1","count":""}},{"shape_attributes":{"name":"circle","cx":825,"cy":312,"r":15},"region_attributes":{"Type":"1","count":""}},{"shape_attributes":{"name":"circle","cx":854,"cy":314,"r":17},"region_attributes":{"Type":"3","count":""}},{"shape_attributes":{"name":"circle","cx":874,"cy":278,"r":15},"region_attributes":{"Type":"1","count":""}},{"shape_attributes":{"name":"circle","cx":960,"cy":350,"r":19},"region_attributes":{"Type":"1","count":"2"}},{"shape_attributes":{"name":"circle","cx":1262,"cy":354,"r":18},"region_attributes":{"Type":"1","count":""}},{"shape_attributes":{"name":"circle","cx":1418,"cy":351,"r":17},"region_attributes":{"Type":"1","count":"2"}},{"shape_attributes":{"name":"circle","cx":1323,"cy":401,"r":14},"region_attributes":{"Type":"1","count":""}},{"shape_attributes":{"name":"circle","cx":1306,"cy":447,"r":20},"region_attributes":{"Type":"2","count":"11"}},{"shape_attributes":{"name":"circle","cx":1425,"cy":538,"r":15},"region_attributes":{"Type":"1","count":"7"}},{"shape_attributes":{"name":"circle","cx":1457,"cy":553,"r":17},"region_attributes":{"Type":"1","count":"5"}},{"shape_attributes":{"name":"circle","cx":1393,"cy":560,"r":17},"region_attributes":{"Type":"1","count":"3"}},{"shape_attributes":{"name":"circle","cx":1395,"cy":599,"r":13},"region_attributes":{"Type":"1","count":""}},{"shape_attributes":{"name":"circle","cx":1415,"cy":720,"r":17},"region_attributes":{"Type":"1","count":"2"}},{"shape_attributes":{"name":"circle","cx":1325,"cy":599,"r":17},"region_attributes":{"Type":"1","count":"8"}},{"shape_attributes":{"name":"circle","cx":1345,"cy":668,"r":14},"region_attributes":{"Type":"1","count":""}},{"shape_attributes":{"name":"circle","cx":1303,"cy":552,"r":12},"region_attributes":{"Type":"1","count":"3"}},{"shape_attributes":{"name":"circle","cx":1282,"cy":548,"r":15},"region_attributes":{"Type":"3","count":""}},{"shape_attributes":{"name":"circle","cx":1258,"cy":520,"r":18},"region_attributes":{"Type":"2","count":"10"}},{"shape_attributes":{"name":"circle","cx":1220,"cy":524,"r":16},"region_attributes":{"Type":"1","count":"2"}},{"shape_attributes":{"name":"circle","cx":1158,"cy":520,"r":18},"region_attributes":{"Type":"2","count":"8"}},{"shape_attributes":{"name":"circle","cx":1172,"cy":575,"r":14},"region_attributes":{"Type":"1","count":""}},{"shape_attributes":{"name":"circle","cx":1217,"cy":570,"r":15},"region_attributes":{"Type":"2","count":"6"}},{"shape_attributes":{"name":"circle","cx":1259,"cy":567,"r":18},"region_attributes":{"Type":"2","count":"12"}},{"shape_attributes":{"name":"circle","cx":1255,"cy":596,"r":15},"region_attributes":{"Type":"1","count":"3"}},{"shape_attributes":{"name":"circle","cx":1150,"cy":716,"r":16},"region_attributes":{"Type":"1","count":"6"}},{"shape_attributes":{"name":"circle","cx":1109,"cy":683,"r":14},"region_attributes":{"Type":"3","count":""}},{"shape_attributes":{"name":"circle","cx":1085,"cy":665,"r":14},"region_attributes":{"Type":"1","count":"8"}},{"shape_attributes":{"name":"circle","cx":1085,"cy":697,"r":18},"region_attributes":{"Type":"2","count":"6"}},{"shape_attributes":{"name":"circle","cx":1062,"cy":720,"r":18},"region_attributes":{"Type":"2","count":"5"}},{"shape_attributes":{"name":"circle","cx":1044,"cy":659,"r":14},"region_attributes":{"Type":"2","count":"4"}},{"shape_attributes":{"name":"circle","cx":993,"cy":663,"r":17},"region_attributes":{"Type":"2","count":"10"}},{"shape_attributes":{"name":"circle","cx":955,"cy":643,"r":13},"region_attributes":{"Type":"1","count":""}},{"shape_attributes":{"name":"circle","cx":998,"cy":712,"r":14},"region_attributes":{"Type":"1","count":""}},{"shape_attributes":{"name":"circle","cx":699,"cy":651,"r":12},"region_attributes":{"Type":"1","count":""}},{"shape_attributes":{"name":"circle","cx":458,"cy":647,"r":15},"region_attributes":{"Type":"1","count":""}},{"shape_attributes":{"name":"circle","cx":547,"cy":591,"r":17},"region_attributes":{"Type":"1","count":""}},{"shape_attributes":{"name":"circle","cx":636,"cy":527,"r":19},"region_attributes":{"Type":"1","count":"5"}},{"shape_attributes":{"name":"circle","cx":825,"cy":530,"r":15},"region_attributes":{"Type":"1","count":"2"}},{"shape_attributes":{"name":"circle","cx":786,"cy":598,"r":17},"region_attributes":{"Type":"1","count":"2"}},{"shape_attributes":{"name":"circle","cx":911,"cy":548,"r":18},"region_attributes":{"Type":"1","count":"2"}},{"shape_attributes":{"name":"circle","cx":957,"cy":552,"r":15},"region_attributes":{"Type":"1","count":"2"}},{"shape_attributes":{"name":"circle","cx":959,"cy":475,"r":14},"region_attributes":{"Type":"1","count":"2"}},{"shape_attributes":{"name":"circle","cx":789,"cy":403,"r":17},"region_attributes":{"Type":"1","count":""}},{"shape_attributes":{"name":"circle","cx":1048,"cy":525,"r":14},"region_attributes":{"Type":"1","count":""}},{"shape_attributes":{"name":"circle","cx":896,"cy":600,"r":17},"region_attributes":{"Type":"1","count":""}},{"shape_attributes":{"name":"circle","cx":830,"cy":593,"r":12},"region_attributes":{"Type":"1","count":""}}],"file_attributes":{"date":"2023-02-23","temp":"47","rain":"1","neighborhood":"City Center","total_count":""}}," https://lh3.googleusercontent.com/d/1zRkYbe5DIRRRQQF0PU_dl6R-J-RjIa4t\n":{"filename":" https://lh3.googleusercontent.com/d/1zRkYbe5DIRRRQQF0PU_dl6R-J-RjIa4t\n","size":-1,"regions":[{"shape_attributes":{"name":"circle","cx":455,"cy":466,"r":15},"region_attributes":{"Type":"1","count":""}},{"shape_attributes":{"name":"circle","cx":488,"cy":475,"r":14},"region_attributes":{"Type":"1","count":""}},{"shape_attributes":{"name":"circle","cx":555,"cy":432,"r":25},"region_attributes":{"Type":"2","count":"9"}},{"shape_attributes":{"name":"circle","cx":615,"cy":450,"r":23},"region_attributes":{"Type":"1","count":"32"}},{"shape_attributes":{"name":"circle","cx":655,"cy":365,"r":16},"region_attributes":{"Type":"1","count":"3"}},{"shape_attributes":{"name":"circle","cx":730,"cy":351,"r":14},"region_attributes":{"Type":"1","count":""}},{"shape_attributes":{"name":"circle","cx":800,"cy":296,"r":17},"region_attributes":{"Type":"1","count":""}},{"shape_attributes":{"name":"circle","cx":704,"cy":465,"r":17},"region_attributes":{"Type":"2","count":""}},{"shape_attributes":{"name":"circle","cx":789,"cy":471,"r":17},"region_attributes":{"Type":"1","count":"2"}},{"shape_attributes":{"name":"circle","cx":823,"cy":463,"r":14},"region_attributes":{"Type":"1","count":"5"}},{"shape_attributes":{"name":"circle","cx":871,"cy":411,"r":17},"region_attributes":{"Type":"1","count":"3"}},{"shape_attributes":{"name":"circle","cx":875,"cy":354,"r":17},"region_attributes":{"Type":"1","count":"3"}},{"shape_attributes":{"name":"circle","cx":910,"cy":311,"r":17},"region_attributes":{"Type":"1","count":"2"}},{"shape_attributes":{"name":"circle","cx":911,"cy":405,"r":15},"region_attributes":{"Type":"1","count":""}},{"shape_attributes":{"name":"circle","cx":909,"cy":442,"r":15},"region_attributes":{"Type":"1","count":""}},{"shape_attributes":{"name":"circle","cx":883,"cy":471,"r":18},"region_attributes":{"Type":"1","count":"7"}},{"shape_attributes":{"name":"circle","cx":787,"cy":532,"r":16},"region_attributes":{"Type":"1","count":"2"}},{"shape_attributes":{"name":"circle","cx":653,"cy":527,"r":16},"region_attributes":{"Type":"1","count":"11"}},{"shape_attributes":{"name":"circle","cx":887,"cy":525,"r":21},"region_attributes":{"Type":"1","count":"12"}},{"shape_attributes":{"name":"circle","cx":820,"cy":558,"r":16},"region_attributes":{"Type":"1","count":""}},{"shape_attributes":{"name":"circle","cx":787,"cy":584,"r":17},"region_attributes":{"Type":"1","count":"4"}},{"shape_attributes":{"name":"circle","cx":972,"cy":526,"r":16},"region_attributes":{"Type":"1","count":"4"}},{"shape_attributes":{"name":"circle","cx":949,"cy":561,"r":13},"region_attributes":{"Type":"1","count":""}},{"shape_attributes":{"name":"circle","cx":988,"cy":560,"r":13},"region_attributes":{"Type":"1","count":""}},{"shape_attributes":{"name":"circle","cx":968,"cy":592,"r":12},"region_attributes":{"Type":"1","count":""}},{"shape_attributes":{"name":"circle","cx":1031,"cy":568,"r":17},"region_attributes":{"Type":"1","count":"3"}},{"shape_attributes":{"name":"circle","cx":1073,"cy":526,"r":14},"region_attributes":{"Type":"1","count":""}},{"shape_attributes":{"name":"circle","cx":1066,"cy":583,"r":22},"region_attributes":{"Type":"2","count":"8"}},{"shape_attributes":{"name":"circle","cx":966,"cy":652,"r":23},"region_attributes":{"Type":"2","count":"12"}},{"shape_attributes":{"name":"circle","cx":1041,"cy":650,"r":20},"region_attributes":{"Type":"2","count":"5"}},{"shape_attributes":{"name":"circle","cx":1039,"cy":705,"r":12},"region_attributes":{"Type":"1","count":"3"}},{"shape_attributes":{"name":"circle","cx":1071,"cy":698,"r":20},"region_attributes":{"Type":"2","count":"3"}},{"shape_attributes":{"name":"circle","cx":1077,"cy":642,"r":12},"region_attributes":{"Type":"1","count":""}},{"shape_attributes":{"name":"circle","cx":1144,"cy":676,"r":22},"region_attributes":{"Type":"2","count":"3"}},{"shape_attributes":{"name":"circle","cx":1118,"cy":710,"r":15},"region_attributes":{"Type":"1","count":"2"}},{"shape_attributes":{"name":"circle","cx":730,"cy":781,"r":17},"region_attributes":{"Type":"1","count":"2"}},{"shape_attributes":{"name":"circle","cx":1199,"cy":706,"r":17},"region_attributes":{"Type":"1","count":""}},{"shape_attributes":{"name":"circle","cx":1206,"cy":664,"r":17},"region_attributes":{"Type":"2","count":""}},{"shape_attributes":{"name":"circle","cx":1313,"cy":647,"r":19},"region_attributes":{"Type":"1","count":"6"}},{"shape_attributes":{"name":"circle","cx":1364,"cy":650,"r":16},"region_attributes":{"Type":"1","count":"2"}},{"shape_attributes":{"name":"circle","cx":1382,"cy":591,"r":17},"region_attributes":{"Type":"1","count":"13"}},{"shape_attributes":{"name":"circle","cx":1367,"cy":558,"r":19},"region_attributes":{"Type":"1","count":"5"}},{"shape_attributes":{"name":"circle","cx":1408,"cy":554,"r":11},"region_attributes":{"Type":"1","count":""}},{"shape_attributes":{"name":"circle","cx":1385,"cy":524,"r":13},"region_attributes":{"Type":"1","count":""}},{"shape_attributes":{"name":"circle","cx":1292,"cy":568,"r":24},"region_attributes":{"Type":"1","count":"8"}},{"shape_attributes":{"name":"circle","cx":1231,"cy":538,"r":21},"region_attributes":{"Type":"2","count":"5"}},{"shape_attributes":{"name":"circle","cx":1229,"cy":575,"r":20},"region_attributes":{"Type":"2","count":"6"}},{"shape_attributes":{"name":"circle","cx":1198,"cy":592,"r":14},"region_attributes":{"Type":"1","count":"2"}},{"shape_attributes":{"name":"circle","cx":1202,"cy":526,"r":12},"region_attributes":{"Type":"1","count":"2"}},{"shape_attributes":{"name":"circle","cx":1158,"cy":540,"r":14},"region_attributes":{"Type":"1","count":""}},{"shape_attributes":{"name":"circle","cx":1119,"cy":540,"r":21},"region_attributes":{"Type":"2","count":"10"}},{"shape_attributes":{"name":"circle","cx":1202,"cy":422,"r":24},"region_attributes":{"Type":"2","count":"17"}},{"shape_attributes":{"name":"circle","cx":1243,"cy":408,"r":15},"region_attributes":{"Type":"1","count":"2"}},{"shape_attributes":{"name":"circle","cx":1153,"cy":358,"r":22},"region_attributes":{"Type":"1","count":""}},{"shape_attributes":{"name":"circle","cx":1208,"cy":358,"r":24},"region_attributes":{"Type":"2","count":"2"}},{"shape_attributes":{"name":"circle","cx":1308,"cy":355,"r":17},"region_attributes":{"Type":"1","count":"3"}},{"shape_attributes":{"name":"circle","cx":1402,"cy":350,"r":18},"region_attributes":{"Type":"1","count":"3"}},{"shape_attributes":{"name":"circle","cx":1408,"cy":297,"r":17},"region_attributes":{"Type":"1","count":""}},{"shape_attributes":{"name":"circle","cx":1408,"cy":429,"r":15},"region_attributes":{"Type":"1","count":""}},{"shape_attributes":{"name":"circle","cx":1292,"cy":425,"r":21},"region_attributes":{"Type":"2","count":"15"}},{"shape_attributes":{"name":"circle","cx":1398,"cy":479,"r":17},"region_attributes":{"Type":"1","count":"2"}},{"shape_attributes":{"name":"circle","cx":1370,"cy":483,"r":12},"region_attributes":{"Type":"1","count":""}}],"file_attributes":{"date":"2023-03-30","temp":"52","rain":"1","neighborhood":"City Center","total_count":""}}," https://lh3.googleusercontent.com/d/1I14LHVmWQHTbyiELTBX18aCuQ9q4_DO0\n":{"filename":" https://lh3.googleusercontent.com/d/1I14LHVmWQHTbyiELTBX18aCuQ9q4_DO0\n","size":-1,"regions":[{"shape_attributes":{"name":"circle","cx":379,"cy":304,"r":21},"region_attributes":{"Type":"2","count":"2"}},{"shape_attributes":{"name":"circle","cx":412,"cy":285,"r":12},"region_attributes":{"Type":"1","count":""}},{"shape_attributes":{"name":"circle","cx":374,"cy":354,"r":12},"region_attributes":{"Type":"1","count":""}},{"shape_attributes":{"name":"circle","cx":370,"cy":417,"r":15},"region_attributes":{"Type":"1","count":"2"}},{"shape_attributes":{"name":"circle","cx":408,"cy":408,"r":16},"region_attributes":{"Type":"1","count":"2"}},{"shape_attributes":{"name":"circle","cx":372,"cy":468,"r":13},"region_attributes":{"Type":"1","count":"2"}},{"shape_attributes":{"name":"circle","cx":409,"cy":472,"r":16},"region_attributes":{"Type":"1","count":""}},{"shape_attributes":{"name":"circle","cx":495,"cy":412,"r":13},"region_attributes":{"Type":"1","count":""}},{"shape_attributes":{"name":"circle","cx":491,"cy":475,"r":15},"region_attributes":{"Type":"1","count":""}},{"shape_attributes":{"name":"circle","cx":388,"cy":526,"r":12},"region_attributes":{"Type":"1","count":""}},{"shape_attributes":{"name":"circle","cx":408,"cy":649,"r":16},"region_attributes":{"Type":"1","count":"2"}},{"shape_attributes":{"name":"circle","cx":369,"cy":716,"r":13},"region_attributes":{"Type":"1","count":""}},{"shape_attributes":{"name":"circle","cx":403,"cy":830,"r":17},"region_attributes":{"Type":"1","count":""}},{"shape_attributes":{"name":"circle","cx":538,"cy":658,"r":15},"region_attributes":{"Type":"1","count":"2"}},{"shape_attributes":{"name":"circle","cx":572,"cy":655,"r":13},"region_attributes":{"Type":"1","count":""}},{"shape_attributes":{"name":"circle","cx":741,"cy":712,"r":17},"region_attributes":{"Type":"1","count":""}},{"shape_attributes":{"name":"circle","cx":568,"cy":582,"r":16},"region_attributes":{"Type":"1","count":"4"}},{"shape_attributes":{"name":"circle","cx":536,"cy":525,"r":15},"region_attributes":{"Type":"1","count":""}},{"shape_attributes":{"name":"circle","cx":542,"cy":452,"r":18},"region_attributes":{"Type":"1","count":"6"}},{"shape_attributes":{"name":"circle","cx":546,"cy":373,"r":20},"region_attributes":{"Type":"1","count":"11"}},{"shape_attributes":{"name":"circle","cx":546,"cy":313,"r":16},"region_attributes":{"Type":"2","count":""}},{"shape_attributes":{"name":"circle","cx":584,"cy":469,"r":18},"region_attributes":{"Type":"2","count":""}},{"shape_attributes":{"name":"circle","cx":642,"cy":431,"r":23},"region_attributes":{"Type":"2","count":"5"}},{"shape_attributes":{"name":"circle","cx":643,"cy":359,"r":17},"region_attributes":{"Type":"2","count":""}},{"shape_attributes":{"name":"circle","cx":634,"cy":296,"r":15},"region_attributes":{"Type":"1","count":""}},{"shape_attributes":{"name":"circle","cx":666,"cy":320,"r":15},"region_attributes":{"Type":"1","count":""}},{"shape_attributes":{"name":"circle","cx":711,"cy":358,"r":16},"region_attributes":{"Type":"1","count":"2"}},{"shape_attributes":{"name":"circle","cx":742,"cy":411,"r":14},"region_attributes":{"Type":"1","count":""}},{"shape_attributes":{"name":"circle","cx":642,"cy":474,"r":18},"region_attributes":{"Type":"1","count":"18"}},{"shape_attributes":{"name":"circle","cx":620,"cy":529,"r":12},"region_attributes":{"Type":"1","count":""}},{"shape_attributes":{"name":"circle","cx":658,"cy":584,"r":16},"region_attributes":{"Type":"1","count":""}},{"shape_attributes":{"name":"circle","cx":726,"cy":594,"r":16},"region_attributes":{"Type":"1","count":""}},{"shape_attributes":{"name":"circle","cx":788,"cy":473,"r":13},"region_attributes":{"Type":"1","count":""}},{"shape_attributes":{"name":"circle","cx":824,"cy":476,"r":13},"region_attributes":{"Type":"1","count":""}},{"shape_attributes":{"name":"circle","cx":1378,"cy":302,"r":23},"region_attributes":{"Type":"2","count":""}},{"shape_attributes":{"name":"circle","cx":1243,"cy":293,"r":18},"region_attributes":{"Type":"1","count":""}},{"shape_attributes":{"name":"circle","cx":913,"cy":292,"r":15},"region_attributes":{"Type":"1","count":""}},{"shape_attributes":{"name":"circle","cx":1242,"cy":357,"r":14},"region_attributes":{"Type":"1","count":""}},{"shape_attributes":{"name":"circle","cx":1398,"cy":420,"r":17},"region_attributes":{"Type":"2","count":""}},{"shape_attributes":{"name":"circle","cx":1409,"cy":450,"r":17},"region_attributes":{"Type":"1","count":"2"}},{"shape_attributes":{"name":"circle","cx":1391,"cy":481,"r":14},"region_attributes":{"Type":"1","count":""}},{"shape_attributes":{"name":"circle","cx":1372,"cy":451,"r":15},"region_attributes":{"Type":"1","count":"3"}},{"shape_attributes":{"name":"circle","cx":1411,"cy":558,"r":17},"region_attributes":{"Type":"1","count":"10"}},{"shape_attributes":{"name":"circle","cx":1392,"cy":525,"r":15},"region_attributes":{"Type":"1","count":"3"}},{"shape_attributes":{"name":"circle","cx":1371,"cy":559,"r":11},"region_attributes":{"Type":"1","count":""}},{"shape_attributes":{"name":"circle","cx":1382,"cy":595,"r":13},"region_attributes":{"Type":"1","count":""}},{"shape_attributes":{"name":"circle","cx":1409,"cy":648,"r":13},"region_attributes":{"Type":"1","count":""}},{"shape_attributes":{"name":"circle","cx":1372,"cy":708,"r":14},"region_attributes":{"Type":"1","count":""}},{"shape_attributes":{"name":"circle","cx":1319,"cy":592,"r":17},"region_attributes":{"Type":"1","count":"8"}},{"shape_attributes":{"name":"circle","cx":1286,"cy":573,"r":14},"region_attributes":{"Type":"1","count":"6"}},{"shape_attributes":{"name":"circle","cx":1291,"cy":527,"r":13},"region_attributes":{"Type":"1","count":""}},{"shape_attributes":{"name":"circle","cx":1326,"cy":445,"r":16},"region_attributes":{"Type":"2","count":""}},{"shape_attributes":{"name":"circle","cx":1326,"cy":409,"r":17},"region_attributes":{"Type":"1","count":""}},{"shape_attributes":{"name":"circle","cx":1288,"cy":418,"r":17},"region_attributes":{"Type":"1","count":"6"}},{"shape_attributes":{"name":"circle","cx":1286,"cy":463,"r":22},"region_attributes":{"Type":"2","count":"16"}},{"shape_attributes":{"name":"circle","cx":1238,"cy":424,"r":19},"region_attributes":{"Type":"2","count":"3"}},{"shape_attributes":{"name":"circle","cx":1208,"cy":414,"r":18},"region_attributes":{"Type":"1","count":"2"}},{"shape_attributes":{"name":"circle","cx":1204,"cy":449,"r":13},"region_attributes":{"Type":"1","count":"2"}},{"shape_attributes":{"name":"circle","cx":1240,"cy":467,"r":18},"region_attributes":{"Type":"1","count":"2"}},{"shape_attributes":{"name":"circle","cx":1202,"cy":479,"r":16},"region_attributes":{"Type":"2","count":""}},{"shape_attributes":{"name":"circle","cx":1159,"cy":449,"r":14},"region_attributes":{"Type":"1","count":"3"}},{"shape_attributes":{"name":"circle","cx":1124,"cy":470,"r":18},"region_attributes":{"Type":"2","count":"11"}},{"shape_attributes":{"name":"circle","cx":1075,"cy":411,"r":15},"region_attributes":{"Type":"1","count":""}},{"shape_attributes":{"name":"circle","cx":1046,"cy":480,"r":15},"region_attributes":{"Type":"1","count":""}},{"shape_attributes":{"name":"circle","cx":991,"cy":411,"r":13},"region_attributes":{"Type":"1","count":""}},{"shape_attributes":{"name":"circle","cx":909,"cy":437,"r":11},"region_attributes":{"Type":"1","count":""}},{"shape_attributes":{"name":"circle","cx":904,"cy":475,"r":18},"region_attributes":{"Type":"1","count":"2"}},{"shape_attributes":{"name":"circle","cx":872,"cy":480,"r":13},"region_attributes":{"Type":"1","count":""}},{"shape_attributes":{"name":"circle","cx":1238,"cy":525,"r":16},"region_attributes":{"Type":"1","count":"3"}},{"shape_attributes":{"name":"circle","cx":1206,"cy":538,"r":15},"region_attributes":{"Type":"2","count":""}},{"shape_attributes":{"name":"circle","cx":1239,"cy":558,"r":16},"region_attributes":{"Type":"2","count":"3"}},{"shape_attributes":{"name":"circle","cx":1235,"cy":592,"r":18},"region_attributes":{"Type":"1","count":"4"}},{"shape_attributes":{"name":"circle","cx":1198,"cy":572,"r":13},"region_attributes":{"Type":"1","count":"2"}},{"shape_attributes":{"name":"circle","cx":1205,"cy":596,"r":13},"region_attributes":{"Type":"1","count":""}},{"shape_attributes":{"name":"circle","cx":1126,"cy":697,"r":23},"region_attributes":{"Type":"2","count":"4"}},{"shape_attributes":{"name":"circle","cx":1074,"cy":704,"r":17},"region_attributes":{"Type":"1","count":"2"}},{"shape_attributes":{"name":"circle","cx":1074,"cy":642,"r":14},"region_attributes":{"Type":"1","count":""}},{"shape_attributes":{"name":"circle","cx":1057,"cy":677,"r":19},"region_attributes":{"Type":"2","count":"14"}},{"shape_attributes":{"name":"circle","cx":1049,"cy":715,"r":17},"region_attributes":{"Type":"2","count":""}},{"shape_attributes":{"name":"circle","cx":1033,"cy":654,"r":15},"region_attributes":{"Type":"1","count":"2"}},{"shape_attributes":{"name":"circle","cx":735,"cy":933,"r":17},"region_attributes":{"Type":"1","count":"3"}},{"shape_attributes":{"name":"circle","cx":1076,"cy":563,"r":14},"region_attributes":{"Type":"1","count":""}},{"shape_attributes":{"name":"circle","cx":992,"cy":544,"r":16},"region_attributes":{"Type":"1","count":""}},{"shape_attributes":{"name":"circle","cx":986,"cy":592,"r":14},"region_attributes":{"Type":"1","count":"2"}},{"shape_attributes":{"name":"circle","cx":973,"cy":565,"r":12},"region_attributes":{"Type":"1","count":""}},{"shape_attributes":{"name":"circle","cx":952,"cy":594,"r":14},"region_attributes":{"Type":"1","count":""}},{"shape_attributes":{"name":"circle","cx":949,"cy":528,"r":11},"region_attributes":{"Type":"1","count":""}},{"shape_attributes":{"name":"circle","cx":915,"cy":525,"r":14.039},"region_attributes":{"Type":"1","count":""}},{"shape_attributes":{"name":"circle","cx":907,"cy":588,"r":12},"region_attributes":{"Type":"1","count":"2"}},{"shape_attributes":{"name":"circle","cx":886,"cy":523,"r":16},"region_attributes":{"Type":"1","count":"4"}},{"shape_attributes":{"name":"circle","cx":863,"cy":528,"r":12},"region_attributes":{"Type":"1","count":""}},{"shape_attributes":{"name":"circle","cx":868,"cy":561,"r":12},"region_attributes":{"Type":"1","count":""}},{"shape_attributes":{"name":"circle","cx":869,"cy":594,"r":11},"region_attributes":{"Type":"1","count":""}}],"file_attributes":{"date":"2023-04-27","temp":"59","rain":"2","neighborhood":"City Center","total_count":""}}," https://lh3.googleusercontent.com/d/15_wB6kw_J5ySfjMQX8NvB__HOXjTAW0c\n":{"filename":" https://lh3.googleusercontent.com/d/15_wB6kw_J5ySfjMQX8NvB__HOXjTAW0c\n","size":-1,"regions":[{"shape_attributes":{"name":"circle","cx":1478,"cy":280,"r":15},"region_attributes":{"Type":"1","count":""}},{"shape_attributes":{"name":"circle","cx":1476,"cy":333,"r":19},"region_attributes":{"Type":"1","count":"2"}},{"shape_attributes":{"name":"circle","cx":1429,"cy":326,"r":19},"region_attributes":{"Type":"1","count":"2"}},{"shape_attributes":{"name":"circle","cx":1423,"cy":290,"r":13},"region_attributes":{"Type":"1","count":""}},{"shape_attributes":{"name":"circle","cx":1399,"cy":347,"r":21},"region_attributes":{"Type":"2","count":"8"}},{"shape_attributes":{"name":"circle","cx":1341,"cy":293,"r":13},"region_attributes":{"Type":"1","count":""}},{"shape_attributes":{"name":"circle","cx":1307,"cy":297,"r":18},"region_attributes":{"Type":"2","count":""}},{"shape_attributes":{"name":"circle","cx":1079,"cy":293,"r":14},"region_attributes":{"Type":"1","count":""}},{"shape_attributes":{"name":"circle","cx":903,"cy":290,"r":15},"region_attributes":{"Type":"1","count":"2"}},{"shape_attributes":{"name":"circle","cx":868,"cy":291,"r":14},"region_attributes":{"Type":"1","count":"2"}},{"shape_attributes":{"name":"circle","cx":802,"cy":290,"r":14},"region_attributes":{"Type":"1","count":""}},{"shape_attributes":{"name":"circle","cx":696,"cy":356,"r":12},"region_attributes":{"Type":"1","count":""}},{"shape_attributes":{"name":"circle","cx":642,"cy":291,"r":16},"region_attributes":{"Type":"1","count":""}},{"shape_attributes":{"name":"circle","cx":572,"cy":290,"r":16},"region_attributes":{"Type":"1","count":""}},{"shape_attributes":{"name":"circle","cx":526,"cy":292,"r":15},"region_attributes":{"Type":"1","count":"6"}},{"shape_attributes":{"name":"circle","cx":470,"cy":288,"r":13},"region_attributes":{"Type":"1","count":""}},{"shape_attributes":{"name":"circle","cx":347,"cy":354,"r":15},"region_attributes":{"Type":"1","count":""}},{"shape_attributes":{"name":"circle","cx":1397,"cy":432,"r":13},"region_attributes":{"Type":"1","count":"2"}},{"shape_attributes":{"name":"circle","cx":1402,"cy":474,"r":19},"region_attributes":{"Type":"2","count":"2"}},{"shape_attributes":{"name":"circle","cx":1430,"cy":533,"r":15},"region_attributes":{"Type":"1","count":"8"}},{"shape_attributes":{"name":"circle","cx":1428,"cy":599,"r":16},"region_attributes":{"Type":"1","count":"4"}},{"shape_attributes":{"name":"circle","cx":1401,"cy":569,"r":15},"region_attributes":{"Type":"1","count":"5"}},{"shape_attributes":{"name":"circle","cx":1383,"cy":542,"r":17},"region_attributes":{"Type":"1","count":"3"}},{"shape_attributes":{"name":"circle","cx":1391,"cy":605,"r":14},"region_attributes":{"Type":"1","count":"1"}},{"shape_attributes":{"name":"circle","cx":1336,"cy":541,"r":16},"region_attributes":{"Type":"1","count":"5"}},{"shape_attributes":{"name":"circle","cx":1335,"cy":591,"r":15},"region_attributes":{"Type":"1","count":"6"}},{"shape_attributes":{"name":"circle","cx":1300,"cy":531,"r":14},"region_attributes":{"Type":"1","count":""}},{"shape_attributes":{"name":"circle","cx":1251,"cy":540,"r":18},"region_attributes":{"Type":"2","count":"6"}},{"shape_attributes":{"name":"circle","cx":1213,"cy":532,"r":13},"region_attributes":{"Type":"1","count":"4"}},{"shape_attributes":{"name":"circle","cx":1219,"cy":577,"r":22},"region_attributes":{"Type":"2","count":"13"}},{"shape_attributes":{"name":"circle","cx":1267,"cy":565,"r":12},"region_attributes":{"Type":"1","count":"7"}},{"shape_attributes":{"name":"circle","cx":1258,"cy":584,"r":12},"region_attributes":{"Type":"1","count":"2"}},{"shape_attributes":{"name":"circle","cx":1249,"cy":609,"r":13},"region_attributes":{"Type":"1","count":""}},{"shape_attributes":{"name":"circle","cx":1214,"cy":615,"r":13},"region_attributes":{"Type":"1","count":""}},{"shape_attributes":{"name":"circle","cx":1137,"cy":597,"r":19},"region_attributes":{"Type":"1","count":"2"}},{"shape_attributes":{"name":"circle","cx":1078,"cy":536,"r":16},"region_attributes":{"Type":"1","count":"2"}},{"shape_attributes":{"name":"circle","cx":1083,"cy":570,"r":16},"region_attributes":{"Type":"1","count":""}},{"shape_attributes":{"name":"circle","cx":1142,"cy":658,"r":24},"region_attributes":{"Type":"2","count":"3"}},{"shape_attributes":{"name":"circle","cx":1077,"cy":664,"r":20},"region_attributes":{"Type":"2","count":"6"}},{"shape_attributes":{"name":"circle","cx":1043,"cy":652,"r":13},"region_attributes":{"Type":"1","count":""}},{"shape_attributes":{"name":"circle","cx":994,"cy":653,"r":18},"region_attributes":{"Type":"1","count":"6"}},{"shape_attributes":{"name":"circle","cx":1092,"cy":719,"r":20},"region_attributes":{"Type":"2","count":"20"}},{"shape_attributes":{"name":"circle","cx":1042,"cy":708,"r":19},"region_attributes":{"Type":"2","count":"2"}},{"shape_attributes":{"name":"circle","cx":1047,"cy":742,"r":16},"region_attributes":{"Type":"1","count":"6"}},{"shape_attributes":{"name":"circle","cx":991,"cy":715,"r":17},"region_attributes":{"Type":"2","count":"8"}},{"shape_attributes":{"name":"circle","cx":955,"cy":714,"r":13},"region_attributes":{"Type":"1","count":""}},{"shape_attributes":{"name":"circle","cx":1311,"cy":431,"r":22},"region_attributes":{"Type":"2","count":"18"}},{"shape_attributes":{"name":"circle","cx":1312,"cy":473,"r":13},"region_attributes":{"Type":"1","count":"4"}},{"shape_attributes":{"name":"circle","cx":1256,"cy":402,"r":13},"region_attributes":{"Type":"1","count":""}},{"shape_attributes":{"name":"circle","cx":1261,"cy":438,"r":13},"region_attributes":{"Type":"1","count":""}},{"shape_attributes":{"name":"circle","cx":1225,"cy":418,"r":19},"region_attributes":{"Type":"2","count":"6"}},{"shape_attributes":{"name":"circle","cx":822,"cy":531,"r":13},"region_attributes":{"Type":"1","count":""}},{"shape_attributes":{"name":"circle","cx":733,"cy":537,"r":15},"region_attributes":{"Type":"1","count":""}},{"shape_attributes":{"name":"circle","cx":817,"cy":592,"r":21},"region_attributes":{"Type":"1","count":"3"}},{"shape_attributes":{"name":"circle","cx":696,"cy":657,"r":15},"region_attributes":{"Type":"1","count":""}},{"shape_attributes":{"name":"circle","cx":650,"cy":657,"r":17},"region_attributes":{"Type":"1","count":""}},{"shape_attributes":{"name":"circle","cx":643,"cy":358,"r":16},"region_attributes":{"Type":"1","count":""}},{"shape_attributes":{"name":"circle","cx":530,"cy":330,"r":17},"region_attributes":{"Type":"1","count":"5"}},{"shape_attributes":{"name":"circle","cx":534,"cy":380,"r":22},"region_attributes":{"Type":"2","count":"3"}},{"shape_attributes":{"name":"circle","cx":640,"cy":410,"r":23},"region_attributes":{"Type":"1","count":"23"}},{"shape_attributes":{"name":"circle","cx":620,"cy":466,"r":23},"region_attributes":{"Type":"2","count":"6"}},{"shape_attributes":{"name":"circle","cx":542,"cy":475,"r":15},"region_attributes":{"Type":"2","count":""}},{"shape_attributes":{"name":"circle","cx":519,"cy":459,"r":13},"region_attributes":{"Type":"1","count":""}},{"shape_attributes":{"name":"circle","cx":347,"cy":410,"r":11},"region_attributes":{"Type":"1","count":""}},{"shape_attributes":{"name":"circle","cx":347,"cy":442,"r":13},"region_attributes":{"Type":"1","count":""}},{"shape_attributes":{"name":"circle","cx":345,"cy":484,"r":16},"region_attributes":{"Type":"1","count":""}},{"shape_attributes":{"name":"circle","cx":390,"cy":481,"r":13},"region_attributes":{"Type":"1","count":""}},{"shape_attributes":{"name":"circle","cx":408,"cy":537,"r":18},"region_attributes":{"Type":"3","count":""}},{"shape_attributes":{"name":"circle","cx":409,"cy":576,"r":18},"region_attributes":{"Type":"3","count":""}},{"shape_attributes":{"name":"circle","cx":523,"cy":531,"r":17},"region_attributes":{"Type":"1","count":""}},{"shape_attributes":{"name":"circle","cx":613,"cy":535,"r":15},"region_attributes":{"Type":"1","count":"2"}},{"shape_attributes":{"name":"circle","cx":609,"cy":591,"r":15},"region_attributes":{"Type":"1","count":""}},{"shape_attributes":{"name":"circle","cx":475,"cy":584,"r":15},"region_attributes":{"Type":"1","count":""}},{"shape_attributes":{"name":"circle","cx":556,"cy":590,"r":15},"region_attributes":{"Type":"1","count":""}},{"shape_attributes":{"name":"circle","cx":517,"cy":592,"r":18},"region_attributes":{"Type":"1","count":"2"}},{"shape_attributes":{"name":"circle","cx":442,"cy":662,"r":17},"region_attributes":{"Type":"1","count":"4"}},{"shape_attributes":{"name":"circle","cx":523,"cy":658,"r":13},"region_attributes":{"Type":"1","count":""}},{"shape_attributes":{"name":"circle","cx":530,"cy":961,"r":18},"region_attributes":{"Type":"1","count":"2"}},{"shape_attributes":{"name":"circle","cx":727,"cy":958,"r":19},"region_attributes":{"Type":"1","count":"3"}}],"file_attributes":{"date":"2023-05-25","temp":"60","rain":"2","neighborhood":"City Center","total_count":""}}," https://lh3.googleusercontent.com/d/10UFPcmC-ACZwXJCWh3q41jNmd16rBVvZ\n":{"filename":" https://lh3.googleusercontent.com/d/10UFPcmC-ACZwXJCWh3q41jNmd16rBVvZ\n","size":-1,"regions":[{"shape_attributes":{"name":"circle","cx":1411,"cy":414,"r":15},"region_attributes":{"Type":"1","count":"3"}},{"shape_attributes":{"name":"circle","cx":1412,"cy":584,"r":15},"region_attributes":{"Type":"1","count":"6"}},{"shape_attributes":{"name":"circle","cx":1301,"cy":422,"r":12},"region_attributes":{"Type":"1","count":"6"}},{"shape_attributes":{"name":"circle","cx":1301,"cy":458,"r":19},"region_attributes":{"Type":"2","count":"11"}},{"shape_attributes":{"name":"circle","cx":1333,"cy":481,"r":17},"region_attributes":{"Type":"1","count":"8"}},{"shape_attributes":{"name":"circle","cx":1342,"cy":576,"r":13},"region_attributes":{"Type":"2","count":""}},{"shape_attributes":{"name":"circle","cx":1322,"cy":602,"r":18},"region_attributes":{"Type":"1","count":"5"}},{"shape_attributes":{"name":"circle","cx":1300,"cy":551,"r":16},"region_attributes":{"Type":"1","count":"3"}},{"shape_attributes":{"name":"circle","cx":1252,"cy":647,"r":14},"region_attributes":{"Type":"1","count":"3"}},{"shape_attributes":{"name":"circle","cx":1214,"cy":669,"r":15},"region_attributes":{"Type":"1","count":""}},{"shape_attributes":{"name":"circle","cx":1262,"cy":529,"r":15},"region_attributes":{"Type":"1","count":"2"}},{"shape_attributes":{"name":"circle","cx":1257,"cy":561,"r":18},"region_attributes":{"Type":"2","count":"14"}},{"shape_attributes":{"name":"circle","cx":1258,"cy":599,"r":13},"region_attributes":{"Type":"1","count":"2"}},{"shape_attributes":{"name":"circle","cx":1218,"cy":599,"r":16},"region_attributes":{"Type":"2","count":"2"}},{"shape_attributes":{"name":"circle","cx":1232,"cy":529,"r":15},"region_attributes":{"Type":"2","count":""}},{"shape_attributes":{"name":"circle","cx":1213,"cy":554,"r":12},"region_attributes":{"Type":"1","count":""}},{"shape_attributes":{"name":"circle","cx":1228,"cy":480,"r":12},"region_attributes":{"Type":"1","count":""}},{"shape_attributes":{"name":"circle","cx":1225,"cy":364,"r":12},"region_attributes":{"Type":"1","count":""}},{"shape_attributes":{"name":"circle","cx":1148,"cy":364,"r":12},"region_attributes":{"Type":"1","count":""}},{"shape_attributes":{"name":"circle","cx":1062,"cy":481,"r":15},"region_attributes":{"Type":"1","count":""}},{"shape_attributes":{"name":"circle","cx":1130,"cy":675,"r":19},"region_attributes":{"Type":"2","count":"2"}},{"shape_attributes":{"name":"circle","cx":1085,"cy":646,"r":20},"region_attributes":{"Type":"2","count":"5"}},{"shape_attributes":{"name":"circle","cx":1088,"cy":674,"r":12},"region_attributes":{"Type":"1","count":""}},{"shape_attributes":{"name":"circle","cx":1091,"cy":705,"r":15},"region_attributes":{"Type":"2","count":"2"}},{"shape_attributes":{"name":"circle","cx":1054,"cy":717,"r":17},"region_attributes":{"Type":"2","count":"11"}},{"shape_attributes":{"name":"circle","cx":1050,"cy":650,"r":16},"region_attributes":{"Type":"2","count":"2"}},{"shape_attributes":{"name":"circle","cx":1047,"cy":678,"r":15},"region_attributes":{"Type":"1","count":"2"}},{"shape_attributes":{"name":"circle","cx":999,"cy":681,"r":22},"region_attributes":{"Type":"2","count":"18"}},{"shape_attributes":{"name":"circle","cx":964,"cy":720,"r":14},"region_attributes":{"Type":"1","count":"2"}},{"shape_attributes":{"name":"circle","cx":896,"cy":599,"r":13},"region_attributes":{"Type":"1","count":""}},{"shape_attributes":{"name":"circle","cx":892,"cy":478,"r":16},"region_attributes":{"Type":"1","count":""}},{"shape_attributes":{"name":"circle","cx":910,"cy":526,"r":13},"region_attributes":{"Type":"1","count":""}},{"shape_attributes":{"name":"circle","cx":878,"cy":545,"r":15},"region_attributes":{"Type":"1","count":"4"}},{"shape_attributes":{"name":"circle","cx":830,"cy":525,"r":15},"region_attributes":{"Type":"2","count":""}},{"shape_attributes":{"name":"circle","cx":802,"cy":529,"r":16},"region_attributes":{"Type":"1","count":"2"}},{"shape_attributes":{"name":"circle","cx":799,"cy":431,"r":17},"region_attributes":{"Type":"1","count":"2"}},{"shape_attributes":{"name":"circle","cx":756,"cy":319,"r":14},"region_attributes":{"Type":"1","count":""}},{"shape_attributes":{"name":"circle","cx":740,"cy":365,"r":13},"region_attributes":{"Type":"1","count":""}},{"shape_attributes":{"name":"circle","cx":707,"cy":350,"r":14},"region_attributes":{"Type":"1","count":""}},{"shape_attributes":{"name":"circle","cx":667,"cy":355,"r":14},"region_attributes":{"Type":"1","count":""}},{"shape_attributes":{"name":"circle","cx":665,"cy":463,"r":12},"region_attributes":{"Type":"1","count":""}},{"shape_attributes":{"name":"circle","cx":625,"cy":673,"r":11},"region_attributes":{"Type":"1","count":""}},{"shape_attributes":{"name":"circle","cx":648,"cy":718,"r":16},"region_attributes":{"Type":"1","count":""}},{"shape_attributes":{"name":"circle","cx":578,"cy":679,"r":17},"region_attributes":{"Type":"1","count":""}},{"shape_attributes":{"name":"circle","cx":542,"cy":587,"r":13},"region_attributes":{"Type":"1","count":""}},{"shape_attributes":{"name":"circle","cx":571,"cy":527,"r":16},"region_attributes":{"Type":"1","count":"4"}},{"shape_attributes":{"name":"circle","cx":548,"cy":322,"r":19},"region_attributes":{"Type":"1","count":"2"}},{"shape_attributes":{"name":"circle","cx":578,"cy":403,"r":13},"region_attributes":{"Type":"2","count":""}},{"shape_attributes":{"name":"circle","cx":576,"cy":425,"r":13},"region_attributes":{"Type":"1","count":""}},{"shape_attributes":{"name":"circle","cx":553,"cy":471,"r":20},"region_attributes":{"Type":"2","count":"3"}},{"shape_attributes":{"name":"circle","cx":606,"cy":476,"r":22},"region_attributes":{"Type":"1","count":"27"}},{"shape_attributes":{"name":"circle","cx":408,"cy":527,"r":20},"region_attributes":{"Type":"1","count":"2"}},{"shape_attributes":{"name":"circle","cx":394,"cy":648,"r":15},"region_attributes":{"Type":"1","count":""}}],"file_attributes":{"date":"2023-06-28","temp":"58","rain":"2","neighborhood":"City Center","total_count":""}}," https://lh3.googleusercontent.com/d/1e9zBeIdcLc213gLZljiFT3HIaUapJ83s\n":{"filename":" https://lh3.googleusercontent.com/d/1e9zBeIdcLc213gLZljiFT3HIaUapJ83s\n","size":-1,"regions":[{"shape_attributes":{"name":"circle","cx":377,"cy":292,"r":17},"region_attributes":{"Type":"1","count":""}},{"shape_attributes":{"name":"circle","cx":1358,"cy":286,"r":21},"region_attributes":{"Type":"2","count":""}},{"shape_attributes":{"name":"circle","cx":1276,"cy":406,"r":17},"region_attributes":{"Type":"2","count":"12"}},{"shape_attributes":{"name":"circle","cx":1277,"cy":433,"r":16},"region_attributes":{"Type":"1","count":"13"}},{"shape_attributes":{"name":"circle","cx":1285,"cy":475,"r":11},"region_attributes":{"Type":"1","count":"2"}},{"shape_attributes":{"name":"circle","cx":1308,"cy":474,"r":14},"region_attributes":{"Type":"2","count":"3"}},{"shape_attributes":{"name":"circle","cx":1230,"cy":527,"r":22},"region_attributes":{"Type":"2","count":"4"}},{"shape_attributes":{"name":"circle","cx":1232,"cy":566,"r":16},"region_attributes":{"Type":"1","count":"9"}},{"shape_attributes":{"name":"circle","cx":1025,"cy":661,"r":15},"region_attributes":{"Type":"2","count":"4"}},{"shape_attributes":{"name":"circle","cx":1019,"cy":691,"r":14},"region_attributes":{"Type":"1","count":"3"}},{"shape_attributes":{"name":"circle","cx":1036,"cy":708,"r":12},"region_attributes":{"Type":"1","count":"6"}},{"shape_attributes":{"name":"circle","cx":1056,"cy":706,"r":17},"region_attributes":{"Type":"2","count":"9"}},{"shape_attributes":{"name":"circle","cx":977,"cy":642,"r":17},"region_attributes":{"Type":"1","count":"2"}},{"shape_attributes":{"name":"circle","cx":975,"cy":671,"r":20},"region_attributes":{"Type":"2","count":"15"}},{"shape_attributes":{"name":"circle","cx":968,"cy":708,"r":15},"region_attributes":{"Type":"2","count":""}},{"shape_attributes":{"name":"circle","cx":945,"cy":711,"r":14},"region_attributes":{"Type":"1","count":""}},{"shape_attributes":{"name":"circle","cx":726,"cy":833,"r":14},"region_attributes":{"Type":"1","count":""}},{"shape_attributes":{"name":"circle","cx":604,"cy":675,"r":12},"region_attributes":{"Type":"1","count":""}},{"shape_attributes":{"name":"circle","cx":535,"cy":587,"r":16},"region_attributes":{"Type":"1","count":""}},{"shape_attributes":{"name":"circle","cx":372,"cy":644,"r":12},"region_attributes":{"Type":"1","count":""}},{"shape_attributes":{"name":"circle","cx":375,"cy":524,"r":12},"region_attributes":{"Type":"1","count":""}},{"shape_attributes":{"name":"circle","cx":627,"cy":527,"r":13},"region_attributes":{"Type":"1","count":"3"}},{"shape_attributes":{"name":"circle","cx":642,"cy":334,"r":12},"region_attributes":{"Type":"1","count":""}},{"shape_attributes":{"name":"circle","cx":651,"cy":431,"r":12},"region_attributes":{"Type":"1","count":""}},{"shape_attributes":{"name":"circle","cx":609,"cy":472,"r":25},"region_attributes":{"Type":"1","count":"25"}},{"shape_attributes":{"name":"circle","cx":562,"cy":470,"r":23},"region_attributes":{"Type":"2","count":"2"}},{"shape_attributes":{"name":"circle","cx":530,"cy":307,"r":16},"region_attributes":{"Type":"1","count":"9"}},{"shape_attributes":{"name":"circle","cx":534,"cy":350,"r":17},"region_attributes":{"Type":"2","count":"2"}},{"shape_attributes":{"name":"circle","cx":563,"cy":385,"r":14},"region_attributes":{"Type":"2","count":""}},{"shape_attributes":{"name":"circle","cx":562,"cy":418,"r":17},"region_attributes":{"Type":"1","count":"4"}},{"shape_attributes":{"name":"circle","cx":364,"cy":328,"r":17},"region_attributes":{"Type":"1","count":"2"}},{"shape_attributes":{"name":"circle","cx":383,"cy":407,"r":16},"region_attributes":{"Type":"1","count":"2"}},{"shape_attributes":{"name":"circle","cx":360,"cy":444,"r":15},"region_attributes":{"Type":"1","count":"3"}}],"file_attributes":{"date":"2023-07-27","temp":"67","rain":"2","neighborhood":"City Center","total_count":""}}," https://lh3.googleusercontent.com/d/1-Fu19gfaeZ9jhbV6gRJtT6vGPVAl7YLD\n":{"filename":" https://lh3.googleusercontent.com/d/1-Fu19gfaeZ9jhbV6gRJtT6vGPVAl7YLD\n","size":-1,"regions":[{"shape_attributes":{"name":"circle","cx":354,"cy":429,"r":15},"region_attributes":{"Type":"2","count":""}},{"shape_attributes":{"name":"circle","cx":354,"cy":461,"r":11},"region_attributes":{"Type":"1","count":""}},{"shape_attributes":{"name":"circle","cx":462,"cy":570,"r":14},"region_attributes":{"Type":"1","count":""}},{"shape_attributes":{"name":"circle","cx":461,"cy":637,"r":16},"region_attributes":{"Type":"1","count":""}},{"shape_attributes":{"name":"circle","cx":718,"cy":583,"r":13},"region_attributes":{"Type":"1","count":""}},{"shape_attributes":{"name":"circle","cx":659,"cy":673,"r":11},"region_attributes":{"Type":"1","count":""}},{"shape_attributes":{"name":"circle","cx":626,"cy":710,"r":15},"region_attributes":{"Type":"1","count":""}},{"shape_attributes":{"name":"circle","cx":825,"cy":554,"r":14},"region_attributes":{"Type":"1","count":""}},{"shape_attributes":{"name":"circle","cx":885,"cy":512,"r":14},"region_attributes":{"Type":"1","count":""}},{"shape_attributes":{"name":"circle","cx":873,"cy":565,"r":11},"region_attributes":{"Type":"1","count":""}},{"shape_attributes":{"name":"circle","cx":977,"cy":586,"r":14},"region_attributes":{"Type":"1","count":"2"}},{"shape_attributes":{"name":"circle","cx":1084,"cy":672,"r":11},"region_attributes":{"Type":"1","count":""}},{"shape_attributes":{"name":"circle","cx":1157,"cy":630,"r":13},"region_attributes":{"Type":"1","count":""}},{"shape_attributes":{"name":"circle","cx":1146,"cy":512,"r":13},"region_attributes":{"Type":"1","count":""}},{"shape_attributes":{"name":"circle","cx":1214,"cy":671,"r":17},"region_attributes":{"Type":"1","count":""}},{"shape_attributes":{"name":"circle","cx":1342,"cy":675,"r":12},"region_attributes":{"Type":"1","count":""}},{"shape_attributes":{"name":"circle","cx":717,"cy":947,"r":12},"region_attributes":{"Type":"1","count":""}},{"shape_attributes":{"name":"circle","cx":998,"cy":674,"r":19},"region_attributes":{"Type":"2","count":"6"}},{"shape_attributes":{"name":"circle","cx":1132,"cy":655,"r":19},"region_attributes":{"Type":"2","count":"10"}},{"shape_attributes":{"name":"circle","cx":1236,"cy":629,"r":15},"region_attributes":{"Type":"1","count":"7"}},{"shape_attributes":{"name":"circle","cx":1320,"cy":584,"r":14},"region_attributes":{"Type":"1","count":"3"}},{"shape_attributes":{"name":"circle","cx":1417,"cy":583,"r":15},"region_attributes":{"Type":"1","count":"3"}},{"shape_attributes":{"name":"circle","cx":1391,"cy":573,"r":12},"region_attributes":{"Type":"1","count":""}},{"shape_attributes":{"name":"circle","cx":1408,"cy":513,"r":15},"region_attributes":{"Type":"1","count":"2"}},{"shape_attributes":{"name":"circle","cx":1432,"cy":414,"r":13},"region_attributes":{"Type":"1","count":""}},{"shape_attributes":{"name":"circle","cx":1432,"cy":310,"r":13},"region_attributes":{"Type":"1","count":""}},{"shape_attributes":{"name":"circle","cx":1398,"cy":268,"r":14},"region_attributes":{"Type":"1","count":""}},{"shape_attributes":{"name":"circle","cx":1328,"cy":270,"r":14},"region_attributes":{"Type":"1","count":""}},{"shape_attributes":{"name":"circle","cx":1388,"cy":302,"r":17},"region_attributes":{"Type":"2","count":"3"}},{"shape_attributes":{"name":"circle","cx":1390,"cy":336,"r":14},"region_attributes":{"Type":"1","count":""}},{"shape_attributes":{"name":"circle","cx":1323,"cy":512,"r":13},"region_attributes":{"Type":"1","count":"4"}},{"shape_attributes":{"name":"circle","cx":1300,"cy":545,"r":15},"region_attributes":{"Type":"1","count":"2"}},{"shape_attributes":{"name":"circle","cx":1338,"cy":467,"r":13},"region_attributes":{"Type":"1","count":""}},{"shape_attributes":{"name":"circle","cx":1316,"cy":466,"r":13},"region_attributes":{"Type":"2","count":""}},{"shape_attributes":{"name":"circle","cx":1301,"cy":402,"r":11},"region_attributes":{"Type":"1","count":"4"}},{"shape_attributes":{"name":"circle","cx":1302,"cy":429,"r":19},"region_attributes":{"Type":"2","count":"10"}},{"shape_attributes":{"name":"circle","cx":1257,"cy":431,"r":13},"region_attributes":{"Type":"1","count":"3"}},{"shape_attributes":{"name":"circle","cx":1217,"cy":399,"r":13},"region_attributes":{"Type":"2","count":""}},{"shape_attributes":{"name":"circle","cx":1213,"cy":447,"r":16},"region_attributes":{"Type":"1","count":""}},{"shape_attributes":{"name":"circle","cx":1149,"cy":344,"r":15},"region_attributes":{"Type":"1","count":""}},{"shape_attributes":{"name":"circle","cx":1142,"cy":462,"r":12},"region_attributes":{"Type":"2","count":""}},{"shape_attributes":{"name":"circle","cx":1063,"cy":512,"r":13},"region_attributes":{"Type":"1","count":"2"}},{"shape_attributes":{"name":"circle","cx":1263,"cy":514,"r":12},"region_attributes":{"Type":"1","count":"2"}},{"shape_attributes":{"name":"circle","cx":1227,"cy":506,"r":14},"region_attributes":{"Type":"1","count":"4"}},{"shape_attributes":{"name":"circle","cx":1215,"cy":550,"r":14},"region_attributes":{"Type":"1","count":"2"}},{"shape_attributes":{"name":"circle","cx":1257,"cy":537,"r":18},"region_attributes":{"Type":"2","count":"4"}},{"shape_attributes":{"name":"circle","cx":1259,"cy":586,"r":17},"region_attributes":{"Type":"2","count":""}},{"shape_attributes":{"name":"circle","cx":984,"cy":270,"r":16},"region_attributes":{"Type":"2","count":""}},{"shape_attributes":{"name":"circle","cx":1000,"cy":415,"r":12},"region_attributes":{"Type":"1","count":""}},{"shape_attributes":{"name":"circle","cx":958,"cy":437,"r":16},"region_attributes":{"Type":"1","count":"4"}},{"shape_attributes":{"name":"circle","cx":911,"cy":312,"r":16},"region_attributes":{"Type":"1","count":"2"}},{"shape_attributes":{"name":"circle","cx":892,"cy":393,"r":14},"region_attributes":{"Type":"1","count":"3"}},{"shape_attributes":{"name":"circle","cx":804,"cy":346,"r":11},"region_attributes":{"Type":"1","count":""}},{"shape_attributes":{"name":"circle","cx":741,"cy":301,"r":10},"region_attributes":{"Type":"1","count":""}},{"shape_attributes":{"name":"circle","cx":738,"cy":335,"r":16},"region_attributes":{"Type":"2","count":"2"}},{"shape_attributes":{"name":"circle","cx":708,"cy":342,"r":16},"region_attributes":{"Type":"1","count":"2"}},{"shape_attributes":{"name":"circle","cx":693,"cy":431,"r":13},"region_attributes":{"Type":"1","count":""}},{"shape_attributes":{"name":"circle","cx":655,"cy":314,"r":17},"region_attributes":{"Type":"1","count":""}},{"shape_attributes":{"name":"circle","cx":528,"cy":284,"r":16},"region_attributes":{"Type":"1","count":"2"}},{"shape_attributes":{"name":"circle","cx":530,"cy":346,"r":14},"region_attributes":{"Type":"1","count":"7"}},{"shape_attributes":{"name":"circle","cx":602,"cy":388,"r":11},"region_attributes":{"Type":"1","count":""}},{"shape_attributes":{"name":"circle","cx":658,"cy":409,"r":15},"region_attributes":{"Type":"1","count":""}},{"shape_attributes":{"name":"circle","cx":531,"cy":416,"r":12},"region_attributes":{"Type":"1","count":"6"}},{"shape_attributes":{"name":"circle","cx":654,"cy":456,"r":21},"region_attributes":{"Type":"1","count":"19"}},{"shape_attributes":{"name":"circle","cx":622,"cy":465,"r":18},"region_attributes":{"Type":"2","count":"6"}},{"shape_attributes":{"name":"circle","cx":571,"cy":466,"r":11},"region_attributes":{"Type":"1","count":""}},{"shape_attributes":{"name":"circle","cx":549,"cy":467,"r":15},"region_attributes":{"Type":"2","count":""}}],"file_attributes":{"date":"2023-09-01","temp":"66","rain":"2","neighborhood":"City Center","total_count":""}}," https://lh3.googleusercontent.com/d/1ycRt4ppKdhDXPsF9log2WBG7e0dxQb4K\n":{"filename":" https://lh3.googleusercontent.com/d/1ycRt4ppKdhDXPsF9log2WBG7e0dxQb4K\n","size":-1,"regions":[{"shape_attributes":{"name":"circle","cx":372,"cy":395,"r":19},"region_attributes":{"Type":"1","count":""}},{"shape_attributes":{"name":"circle","cx":616,"cy":274,"r":12},"region_attributes":{"Type":"1","count":""}},{"shape_attributes":{"name":"circle","cx":536,"cy":311,"r":14},"region_attributes":{"Type":"1","count":"2"}},{"shape_attributes":{"name":"circle","cx":698,"cy":312,"r":12},"region_attributes":{"Type":"1","count":""}},{"shape_attributes":{"name":"circle","cx":658,"cy":316,"r":12},"region_attributes":{"Type":"1","count":""}},{"shape_attributes":{"name":"circle","cx":717,"cy":350,"r":14},"region_attributes":{"Type":"1","count":"3"}},{"shape_attributes":{"name":"circle","cx":654,"cy":394,"r":13},"region_attributes":{"Type":"1","count":"2"}},{"shape_attributes":{"name":"circle","cx":606,"cy":409,"r":12},"region_attributes":{"Type":"1","count":""}},{"shape_attributes":{"name":"circle","cx":556,"cy":424,"r":12},"region_attributes":{"Type":"1","count":"2"}},{"shape_attributes":{"name":"circle","cx":519,"cy":419,"r":13},"region_attributes":{"Type":"1","count":"5"}},{"shape_attributes":{"name":"circle","cx":696,"cy":468,"r":13},"region_attributes":{"Type":"1","count":""}},{"shape_attributes":{"name":"circle","cx":626,"cy":467,"r":20},"region_attributes":{"Type":"2","count":"4"}},{"shape_attributes":{"name":"circle","cx":580,"cy":464,"r":22},"region_attributes":{"Type":"1","count":"32"}},{"shape_attributes":{"name":"circle","cx":636,"cy":519,"r":13},"region_attributes":{"Type":"1","count":"2"}},{"shape_attributes":{"name":"circle","cx":741,"cy":559,"r":11},"region_attributes":{"Type":"1","count":""}},{"shape_attributes":{"name":"circle","cx":908,"cy":590,"r":15},"region_attributes":{"Type":"1","count":""}},{"shape_attributes":{"name":"circle","cx":1126,"cy":650,"r":21},"region_attributes":{"Type":"2","count":"3"}},{"shape_attributes":{"name":"circle","cx":1083,"cy":677,"r":12},"region_attributes":{"Type":"1","count":""}},{"shape_attributes":{"name":"circle","cx":1126,"cy":684,"r":15},"region_attributes":{"Type":"1","count":"2"}},{"shape_attributes":{"name":"circle","cx":1132,"cy":716,"r":13},"region_attributes":{"Type":"2","count":""}},{"shape_attributes":{"name":"circle","cx":1160,"cy":716,"r":12},"region_attributes":{"Type":"1","count":"2"}},{"shape_attributes":{"name":"circle","cx":1322,"cy":713,"r":12},"region_attributes":{"Type":"1","count":""}},{"shape_attributes":{"name":"circle","cx":1414,"cy":274,"r":12},"region_attributes":{"Type":"1","count":""}},{"shape_attributes":{"name":"circle","cx":1343,"cy":314,"r":11},"region_attributes":{"Type":"1","count":""}},{"shape_attributes":{"name":"circle","cx":1386,"cy":306,"r":19},"region_attributes":{"Type":"2","count":""}},{"shape_attributes":{"name":"circle","cx":1390,"cy":336,"r":15},"region_attributes":{"Type":"1","count":""}},{"shape_attributes":{"name":"circle","cx":1236,"cy":396,"r":15},"region_attributes":{"Type":"2","count":""}},{"shape_attributes":{"name":"circle","cx":1214,"cy":440,"r":21},"region_attributes":{"Type":"2","count":"3"}},{"shape_attributes":{"name":"circle","cx":1304,"cy":408,"r":17},"region_attributes":{"Type":"2","count":"7"}},{"shape_attributes":{"name":"circle","cx":1287,"cy":445,"r":14},"region_attributes":{"Type":"3","count":""}},{"shape_attributes":{"name":"circle","cx":1304,"cy":434,"r":14},"region_attributes":{"Type":"1","count":"3"}},{"shape_attributes":{"name":"circle","cx":1240,"cy":472,"r":14},"region_attributes":{"Type":"1","count":"2"}},{"shape_attributes":{"name":"circle","cx":1316,"cy":468,"r":14},"region_attributes":{"Type":"2","count":""}},{"shape_attributes":{"name":"circle","cx":1342,"cy":470,"r":13},"region_attributes":{"Type":"1","count":""}},{"shape_attributes":{"name":"circle","cx":1435,"cy":444,"r":16},"region_attributes":{"Type":"1","count":"2"}},{"shape_attributes":{"name":"circle","cx":1233,"cy":516,"r":18},"region_attributes":{"Type":"2","count":"7"}},{"shape_attributes":{"name":"circle","cx":1262,"cy":517,"r":14},"region_attributes":{"Type":"1","count":"2"}},{"shape_attributes":{"name":"circle","cx":1214,"cy":547,"r":13},"region_attributes":{"Type":"1","count":"6"}},{"shape_attributes":{"name":"circle","cx":1262,"cy":551,"r":14},"region_attributes":{"Type":"2","count":""}},{"shape_attributes":{"name":"circle","cx":1262,"cy":577,"r":11},"region_attributes":{"Type":"1","count":""}},{"shape_attributes":{"name":"circle","cx":1299,"cy":528,"r":11},"region_attributes":{"Type":"1","count":""}},{"shape_attributes":{"name":"circle","cx":1324,"cy":516,"r":13},"region_attributes":{"Type":"2","count":""}},{"shape_attributes":{"name":"circle","cx":1298,"cy":563,"r":14},"region_attributes":{"Type":"1","count":"3"}},{"shape_attributes":{"name":"circle","cx":1346,"cy":571,"r":14},"region_attributes":{"Type":"1","count":""}},{"shape_attributes":{"name":"circle","cx":1319,"cy":595,"r":13},"region_attributes":{"Type":"1","count":"6"}},{"shape_attributes":{"name":"circle","cx":1384,"cy":583,"r":10},"region_attributes":{"Type":"1","count":""}},{"shape_attributes":{"name":"circle","cx":1430,"cy":519,"r":11},"region_attributes":{"Type":"1","count":""}},{"shape_attributes":{"name":"circle","cx":1436,"cy":556,"r":24},"region_attributes":{"Type":"1","count":"13"}}],"file_attributes":{"date":"2023-09-28","temp":"63","rain":"2","neighborhood":"City Center","total_count":""}}," https://lh3.googleusercontent.com/d/1U-QuSW5Bguq6smht-dl_vLWYVDajAhjf\n":{"filename":" https://lh3.googleusercontent.com/d/1U-QuSW5Bguq6smht-dl_vLWYVDajAhjf\n","size":-1,"regions":[{"shape_attributes":{"name":"circle","cx":716,"cy":949,"r":17},"region_attributes":{"Type":"1","count":"2"}},{"shape_attributes":{"name":"circle","cx":372,"cy":641,"r":15},"region_attributes":{"Type":"1","count":""}},{"shape_attributes":{"name":"circle","cx":467,"cy":515,"r":19},"region_attributes":{"Type":"1","count":""}},{"shape_attributes":{"name":"circle","cx":694,"cy":558,"r":13},"region_attributes":{"Type":"1","count":""}},{"shape_attributes":{"name":"circle","cx":653,"cy":558,"r":16},"region_attributes":{"Type":"1","count":""}},{"shape_attributes":{"name":"circle","cx":525,"cy":283,"r":14},"region_attributes":{"Type":"2","count":""}},{"shape_attributes":{"name":"circle","cx":525,"cy":316,"r":13},"region_attributes":{"Type":"1","count":"3"}},{"shape_attributes":{"name":"circle","cx":526,"cy":363,"r":13},"region_attributes":{"Type":"2","count":""}},{"shape_attributes":{"name":"circle","cx":526,"cy":426,"r":14},"region_attributes":{"Type":"1","count":"4"}},{"shape_attributes":{"name":"circle","cx":632,"cy":380,"r":12},"region_attributes":{"Type":"1","count":""}},{"shape_attributes":{"name":"circle","cx":570,"cy":438,"r":17},"region_attributes":{"Type":"1","count":"7"}},{"shape_attributes":{"name":"circle","cx":651,"cy":436,"r":13},"region_attributes":{"Type":"1","count":""}},{"shape_attributes":{"name":"circle","cx":606,"cy":468,"r":19},"region_attributes":{"Type":"1","count":"30"}},{"shape_attributes":{"name":"circle","cx":638,"cy":471,"r":16},"region_attributes":{"Type":"2","count":"3"}},{"shape_attributes":{"name":"circle","cx":696,"cy":313,"r":14},"region_attributes":{"Type":"1","count":"3"}},{"shape_attributes":{"name":"circle","cx":825,"cy":288,"r":11},"region_attributes":{"Type":"1","count":""}},{"shape_attributes":{"name":"circle","cx":715,"cy":347,"r":16},"region_attributes":{"Type":"1","count":"3"}},{"shape_attributes":{"name":"circle","cx":692,"cy":420,"r":12},"region_attributes":{"Type":"1","count":""}},{"shape_attributes":{"name":"circle","cx":721,"cy":392,"r":14},"region_attributes":{"Type":"1","count":""}},{"shape_attributes":{"name":"circle","cx":873,"cy":402,"r":16},"region_attributes":{"Type":"1","count":"4"}},{"shape_attributes":{"name":"circle","cx":990,"cy":392,"r":14},"region_attributes":{"Type":"1","count":""}},{"shape_attributes":{"name":"circle","cx":975,"cy":469,"r":14},"region_attributes":{"Type":"1","count":"3"}},{"shape_attributes":{"name":"circle","cx":892,"cy":472,"r":18},"region_attributes":{"Type":"1","count":"2"}},{"shape_attributes":{"name":"circle","cx":803,"cy":467,"r":13},"region_attributes":{"Type":"1","count":""}},{"shape_attributes":{"name":"circle","cx":805,"cy":518,"r":18},"region_attributes":{"Type":"1","count":"3"}},{"shape_attributes":{"name":"circle","cx":892,"cy":512,"r":15},"region_attributes":{"Type":"1","count":"5"}},{"shape_attributes":{"name":"circle","cx":998,"cy":524,"r":13},"region_attributes":{"Type":"1","count":""}},{"shape_attributes":{"name":"circle","cx":911,"cy":547,"r":12},"region_attributes":{"Type":"1","count":""}},{"shape_attributes":{"name":"circle","cx":953,"cy":569,"r":12},"region_attributes":{"Type":"1","count":""}},{"shape_attributes":{"name":"circle","cx":1037,"cy":576,"r":14},"region_attributes":{"Type":"1","count":""}},{"shape_attributes":{"name":"circle","cx":1147,"cy":592,"r":12},"region_attributes":{"Type":"1","count":""}},{"shape_attributes":{"name":"circle","cx":1311,"cy":271,"r":15},"region_attributes":{"Type":"1","count":""}},{"shape_attributes":{"name":"circle","cx":1413,"cy":272,"r":11},"region_attributes":{"Type":"1","count":""}},{"shape_attributes":{"name":"circle","cx":1387,"cy":301,"r":13},"region_attributes":{"Type":"1","count":""}},{"shape_attributes":{"name":"circle","cx":1303,"cy":312,"r":14},"region_attributes":{"Type":"1","count":"2"}},{"shape_attributes":{"name":"circle","cx":1432,"cy":312,"r":16},"region_attributes":{"Type":"1","count":"3"}},{"shape_attributes":{"name":"circle","cx":1387,"cy":325,"r":15},"region_attributes":{"Type":"2","count":""}},{"shape_attributes":{"name":"circle","cx":1233,"cy":388,"r":16},"region_attributes":{"Type":"2","count":""}},{"shape_attributes":{"name":"circle","cx":1302,"cy":402,"r":17.548},"region_attributes":{"Type":"1","count":"3"}},{"shape_attributes":{"name":"circle","cx":1409,"cy":394,"r":13},"region_attributes":{"Type":"1","count":""}},{"shape_attributes":{"name":"circle","cx":1431,"cy":440,"r":18},"region_attributes":{"Type":"1","count":"2"}},{"shape_attributes":{"name":"circle","cx":1304,"cy":436,"r":15},"region_attributes":{"Type":"2","count":"6"}},{"shape_attributes":{"name":"circle","cx":1210,"cy":417,"r":15},"region_attributes":{"Type":"1","count":"3"}},{"shape_attributes":{"name":"circle","cx":1215,"cy":442,"r":15},"region_attributes":{"Type":"2","count":"2"}},{"shape_attributes":{"name":"circle","cx":1251,"cy":470,"r":15},"region_attributes":{"Type":"1","count":""}},{"shape_attributes":{"name":"circle","cx":1339,"cy":469,"r":16},"region_attributes":{"Type":"2","count":"7"}},{"shape_attributes":{"name":"circle","cx":1308,"cy":468,"r":14},"region_attributes":{"Type":"1","count":"5"}},{"shape_attributes":{"name":"circle","cx":1421,"cy":511,"r":12},"region_attributes":{"Type":"1","count":""}},{"shape_attributes":{"name":"circle","cx":1432,"cy":558,"r":16},"region_attributes":{"Type":"1","count":"7"}},{"shape_attributes":{"name":"circle","cx":1391,"cy":539,"r":16},"region_attributes":{"Type":"1","count":"4"}},{"shape_attributes":{"name":"circle","cx":1342,"cy":531,"r":16},"region_attributes":{"Type":"1","count":"3"}},{"shape_attributes":{"name":"circle","cx":1298,"cy":524,"r":13},"region_attributes":{"Type":"1","count":"2"}},{"shape_attributes":{"name":"circle","cx":1238,"cy":514,"r":14},"region_attributes":{"Type":"1","count":"2"}},{"shape_attributes":{"name":"circle","cx":1258,"cy":550,"r":16},"region_attributes":{"Type":"1","count":"3"}},{"shape_attributes":{"name":"circle","cx":1301,"cy":557,"r":13},"region_attributes":{"Type":"2","count":""}},{"shape_attributes":{"name":"circle","cx":1343,"cy":564,"r":16},"region_attributes":{"Type":"2","count":"2"}},{"shape_attributes":{"name":"circle","cx":1325,"cy":592,"r":15},"region_attributes":{"Type":"1","count":"9"}},{"shape_attributes":{"name":"circle","cx":1325,"cy":637,"r":13},"region_attributes":{"Type":"1","count":""}},{"shape_attributes":{"name":"circle","cx":1226,"cy":636,"r":17},"region_attributes":{"Type":"1","count":""}},{"shape_attributes":{"name":"circle","cx":1164,"cy":637,"r":13},"region_attributes":{"Type":"1","count":""}},{"shape_attributes":{"name":"circle","cx":1135,"cy":634,"r":18},"region_attributes":{"Type":"2","count":"2"}},{"shape_attributes":{"name":"circle","cx":1125,"cy":666,"r":17},"region_attributes":{"Type":"2","count":"5"}},{"shape_attributes":{"name":"circle","cx":1127,"cy":694,"r":16},"region_attributes":{"Type":"1","count":"4"}}],"file_attributes":{"date":"2023-10-26","temp":"62","rain":"2","neighborhood":"City Center","total_count":""}}," https://lh3.googleusercontent.com/d/1N5QfFSIgGy0TYu8IYqJpui5KdwKC6nY3\n":{"filename":" https://lh3.googleusercontent.com/d/1N5QfFSIgGy0TYu8IYqJpui5KdwKC6nY3\n","size":-1,"regions":[{"shape_attributes":{"name":"circle","cx":1436,"cy":226,"r":15},"region_attributes":{"Type":"1","count":""}},{"shape_attributes":{"name":"circle","cx":1414,"cy":277,"r":12},"region_attributes":{"Type":"1","count":"6"}},{"shape_attributes":{"name":"circle","cx":1435,"cy":443,"r":14},"region_attributes":{"Type":"1","count":""}},{"shape_attributes":{"name":"circle","cx":1390,"cy":427,"r":18},"region_attributes":{"Type":"1","count":"3"}},{"shape_attributes":{"name":"circle","cx":1412,"cy":353,"r":14},"region_attributes":{"Type":"1","count":"4"}},{"shape_attributes":{"name":"circle","cx":1435,"cy":331,"r":15},"region_attributes":{"Type":"1","count":"2"}},{"shape_attributes":{"name":"circle","cx":1386,"cy":311,"r":20},"region_attributes":{"Type":"2","count":"7"}},{"shape_attributes":{"name":"circle","cx":1346,"cy":428,"r":16},"region_attributes":{"Type":"1","count":"2"}},{"shape_attributes":{"name":"circle","cx":1302,"cy":426,"r":17},"region_attributes":{"Type":"1","count":"2"}},{"shape_attributes":{"name":"circle","cx":1242,"cy":398,"r":12},"region_attributes":{"Type":"2","count":""}},{"shape_attributes":{"name":"circle","cx":1218,"cy":433,"r":21},"region_attributes":{"Type":"2","count":"4"}},{"shape_attributes":{"name":"circle","cx":1260,"cy":421,"r":14},"region_attributes":{"Type":"1","count":""}},{"shape_attributes":{"name":"circle","cx":1089,"cy":448,"r":15},"region_attributes":{"Type":"1","count":"2"}},{"shape_attributes":{"name":"circle","cx":957,"cy":445,"r":13},"region_attributes":{"Type":"1","count":"2"}},{"shape_attributes":{"name":"circle","cx":956,"cy":335,"r":11},"region_attributes":{"Type":"1","count":""}},{"shape_attributes":{"name":"circle","cx":888,"cy":474,"r":15},"region_attributes":{"Type":"1","count":"2"}},{"shape_attributes":{"name":"circle","cx":892,"cy":522,"r":13},"region_attributes":{"Type":"1","count":"5"}},{"shape_attributes":{"name":"circle","cx":788,"cy":593,"r":13},"region_attributes":{"Type":"1","count":"2"}},{"shape_attributes":{"name":"circle","cx":958,"cy":557,"r":14},"region_attributes":{"Type":"1","count":"6"}},{"shape_attributes":{"name":"circle","cx":613,"cy":277,"r":12},"region_attributes":{"Type":"1","count":""}},{"shape_attributes":{"name":"circle","cx":696,"cy":342,"r":14},"region_attributes":{"Type":"1","count":"2"}},{"shape_attributes":{"name":"circle","cx":530,"cy":297,"r":14},"region_attributes":{"Type":"1","count":"6"}},{"shape_attributes":{"name":"circle","cx":587,"cy":392,"r":25},"region_attributes":{"Type":"1","count":"30"}},{"shape_attributes":{"name":"circle","cx":650,"cy":384,"r":15},"region_attributes":{"Type":"1","count":"5"}},{"shape_attributes":{"name":"circle","cx":525,"cy":400,"r":19},"region_attributes":{"Type":"2","count":"2"}},{"shape_attributes":{"name":"circle","cx":522,"cy":438,"r":12},"region_attributes":{"Type":"1","count":""}},{"shape_attributes":{"name":"circle","cx":625,"cy":475,"r":21},"region_attributes":{"Type":"1","count":"10"}},{"shape_attributes":{"name":"circle","cx":592,"cy":474,"r":12},"region_attributes":{"Type":"2","count":""}},{"shape_attributes":{"name":"circle","cx":362,"cy":352,"r":18},"region_attributes":{"Type":"1","count":"8"}},{"shape_attributes":{"name":"circle","cx":351,"cy":418,"r":10},"region_attributes":{"Type":"1","count":""}},{"shape_attributes":{"name":"circle","cx":350,"cy":447,"r":13},"region_attributes":{"Type":"2","count":""}},{"shape_attributes":{"name":"circle","cx":540,"cy":591,"r":15},"region_attributes":{"Type":"1","count":"2"}},{"shape_attributes":{"name":"circle","cx":525,"cy":664,"r":14},"region_attributes":{"Type":"1","count":""}},{"shape_attributes":{"name":"circle","cx":1413,"cy":520,"r":12},"region_attributes":{"Type":"1","count":"2"}},{"shape_attributes":{"name":"circle","cx":1438,"cy":548,"r":21},"region_attributes":{"Type":"1","count":"19"}},{"shape_attributes":{"name":"circle","cx":1390,"cy":557,"r":20},"region_attributes":{"Type":"1","count":"11"}},{"shape_attributes":{"name":"circle","cx":1407,"cy":596,"r":13},"region_attributes":{"Type":"1","count":""}},{"shape_attributes":{"name":"circle","cx":1327,"cy":717,"r":14},"region_attributes":{"Type":"2","count":""}},{"shape_attributes":{"name":"circle","cx":1344,"cy":594,"r":18},"region_attributes":{"Type":"2","count":"4"}},{"shape_attributes":{"name":"circle","cx":1316,"cy":597,"r":17},"region_attributes":{"Type":"1","count":"10"}},{"shape_attributes":{"name":"circle","cx":1303,"cy":548,"r":13},"region_attributes":{"Type":"1","count":"6"}},{"shape_attributes":{"name":"circle","cx":1261,"cy":570,"r":13},"region_attributes":{"Type":"1","count":"3"}},{"shape_attributes":{"name":"circle","cx":1262,"cy":540,"r":13},"region_attributes":{"Type":"2","count":""}},{"shape_attributes":{"name":"circle","cx":1219,"cy":552,"r":14},"region_attributes":{"Type":"1","count":"2"}},{"shape_attributes":{"name":"circle","cx":1157,"cy":595,"r":14},"region_attributes":{"Type":"1","count":"4"}},{"shape_attributes":{"name":"circle","cx":1086,"cy":584,"r":13},"region_attributes":{"Type":"1","count":""}},{"shape_attributes":{"name":"circle","cx":952,"cy":682,"r":12},"region_attributes":{"Type":"1","count":""}},{"shape_attributes":{"name":"circle","cx":1003,"cy":677,"r":10},"region_attributes":{"Type":"1","count":""}},{"shape_attributes":{"name":"circle","cx":1043,"cy":678,"r":10},"region_attributes":{"Type":"1","count":""}},{"shape_attributes":{"name":"circle","cx":1132,"cy":646,"r":14},"region_attributes":{"Type":"1","count":"4"}},{"shape_attributes":{"name":"circle","cx":1132,"cy":680,"r":19},"region_attributes":{"Type":"2","count":"10"}},{"shape_attributes":{"name":"circle","cx":1156,"cy":717,"r":15},"region_attributes":{"Type":"2","count":""}},{"shape_attributes":{"name":"circle","cx":1432,"cy":300,"r":20},"region_attributes":{"Type":"2","count":"2"}}],"file_attributes":{"date":"2023-11-30","temp":"55","rain":"2","neighborhood":"City Center","total_count":""}}," https://lh3.googleusercontent.com/d/1RWHKW6oOLMRiGXvhMoDq6jd7nJeqVygk\n":{"filename":" https://lh3.googleusercontent.com/d/1RWHKW6oOLMRiGXvhMoDq6jd7nJeqVygk\n","size":-1,"regions":[{"shape_attributes":{"name":"circle","cx":727,"cy":273,"r":13},"region_attributes":{"Type":"1","count":""}},{"shape_attributes":{"name":"circle","cx":686,"cy":276,"r":19},"region_attributes":{"Type":"1","count":"5"}},{"shape_attributes":{"name":"circle","cx":687,"cy":315,"r":20},"region_attributes":{"Type":"2","count":"3"}},{"shape_attributes":{"name":"circle","cx":726,"cy":310,"r":18},"region_attributes":{"Type":"2","count":""}},{"shape_attributes":{"name":"circle","cx":688,"cy":410,"r":21},"region_attributes":{"Type":"1","count":"2"}},{"shape_attributes":{"name":"circle","cx":806,"cy":383,"r":15},"region_attributes":{"Type":"1","count":""}},{"shape_attributes":{"name":"circle","cx":565,"cy":369,"r":20},"region_attributes":{"Type":"1","count":"5"}},{"shape_attributes":{"name":"circle","cx":508,"cy":333,"r":18},"region_attributes":{"Type":"1","count":"6"}},{"shape_attributes":{"name":"circle","cx":422,"cy":390,"r":18},"region_attributes":{"Type":"1","count":"2"}},{"shape_attributes":{"name":"circle","cx":318,"cy":421,"r":16},"region_attributes":{"Type":"2","count":""}},{"shape_attributes":{"name":"circle","cx":513,"cy":416,"r":26},"region_attributes":{"Type":"1","count":"25"}},{"shape_attributes":{"name":"circle","cx":564,"cy":441,"r":20},"region_attributes":{"Type":"2","count":"2"}},{"shape_attributes":{"name":"circle","cx":532,"cy":516,"r":16},"region_attributes":{"Type":"1","count":"5"}},{"shape_attributes":{"name":"circle","cx":502,"cy":521,"r":20},"region_attributes":{"Type":"2","count":"2"}},{"shape_attributes":{"name":"circle","cx":888,"cy":450,"r":16},"region_attributes":{"Type":"1","count":""}},{"shape_attributes":{"name":"circle","cx":1157,"cy":455,"r":18},"region_attributes":{"Type":"1","count":""}},{"shape_attributes":{"name":"circle","cx":1010,"cy":455,"r":20},"region_attributes":{"Type":"1","count":"2"}},{"shape_attributes":{"name":"circle","cx":960,"cy":458,"r":16},"region_attributes":{"Type":"1","count":""}},{"shape_attributes":{"name":"circle","cx":894,"cy":516,"r":22},"region_attributes":{"Type":"1","count":"5"}},{"shape_attributes":{"name":"circle","cx":805,"cy":518,"r":16},"region_attributes":{"Type":"1","count":""}},{"shape_attributes":{"name":"circle","cx":916,"cy":557,"r":17},"region_attributes":{"Type":"1","count":"3"}},{"shape_attributes":{"name":"circle","cx":868,"cy":559,"r":16},"region_attributes":{"Type":"1","count":"2"}},{"shape_attributes":{"name":"circle","cx":887,"cy":593,"r":15},"region_attributes":{"Type":"1","count":""}},{"shape_attributes":{"name":"circle","cx":715,"cy":745,"r":24},"region_attributes":{"Type":"1","count":"2"}},{"shape_attributes":{"name":"circle","cx":507,"cy":753,"r":16},"region_attributes":{"Type":"1","count":""}},{"shape_attributes":{"name":"circle","cx":711,"cy":830,"r":21},"region_attributes":{"Type":"2","count":""}},{"shape_attributes":{"name":"circle","cx":694,"cy":955,"r":22},"region_attributes":{"Type":"1","count":"2"}},{"shape_attributes":{"name":"circle","cx":967,"cy":712,"r":19},"region_attributes":{"Type":"1","count":""}},{"shape_attributes":{"name":"circle","cx":1431,"cy":571,"r":17},"region_attributes":{"Type":"1","count":""}},{"shape_attributes":{"name":"circle","cx":1375,"cy":637,"r":15},"region_attributes":{"Type":"1","count":""}},{"shape_attributes":{"name":"circle","cx":1345,"cy":640,"r":19},"region_attributes":{"Type":"2","count":"4"}},{"shape_attributes":{"name":"circle","cx":1282,"cy":584,"r":19},"region_attributes":{"Type":"2","count":""}},{"shape_attributes":{"name":"circle","cx":1252,"cy":583,"r":15},"region_attributes":{"Type":"1","count":"7"}},{"shape_attributes":{"name":"circle","cx":1268,"cy":639,"r":16},"region_attributes":{"Type":"1","count":""}},{"shape_attributes":{"name":"circle","cx":1191,"cy":654,"r":20},"region_attributes":{"Type":"2","count":""}},{"shape_attributes":{"name":"circle","cx":1151,"cy":663,"r":15},"region_attributes":{"Type":"1","count":"2"}},{"shape_attributes":{"name":"circle","cx":1197,"cy":696,"r":17},"region_attributes":{"Type":"1","count":"2"}},{"shape_attributes":{"name":"circle","cx":1152,"cy":695,"r":23},"region_attributes":{"Type":"2","count":"3"}},{"shape_attributes":{"name":"circle","cx":1176,"cy":725,"r":16},"region_attributes":{"Type":"2","count":""}},{"shape_attributes":{"name":"circle","cx":1372,"cy":675,"r":19},"region_attributes":{"Type":"2","count":"2"}},{"shape_attributes":{"name":"circle","cx":1362,"cy":717,"r":16},"region_attributes":{"Type":"2","count":""}}],"file_attributes":{"date":"2023-12-28","temp":"55","rain":"2","neighborhood":"City Center","total_count":""}}},"_via_attributes":{"region":{"Type":{"type":"dropdown","description":"","options":{"1":"Individual","2":"Structure","3":"Vehicle"},"default_options":{}},"count":{"type":"text","description":"","default_value":""}},"file":{"date":{"type":"text","description":"","default_value":""},"temp":{"type":"text","description":"","default_value":""},"rain":{"type":"dropdown","description":"","options":{"1":"rain","2":"clear"},"default_options":{"2":true}},"neighborhood":{"type":"text","description":"","default_value":"City Center"},"total_count":{"type":"text","description":"","default_value":""}}},"_via_data_format_version":"2.0.10","_via_image_id_list":[" https://lh3.googleusercontent.com/d/1wHUi4q42gMyS2yBP39HXXS88ArKtUHbu\n"," https://lh3.googleusercontent.com/d/1TpSvRn-AZExMVNX0BCGVyfAkjrom1sO2\n"," https://lh3.googleusercontent.com/d/1zRkYbe5DIRRRQQF0PU_dl6R-J-RjIa4t\n"," https://lh3.googleusercontent.com/d/1I14LHVmWQHTbyiELTBX18aCuQ9q4_DO0\n"," https://lh3.googleusercontent.com/d/15_wB6kw_J5ySfjMQX8NvB__HOXjTAW0c\n"," https://lh3.googleusercontent.com/d/10UFPcmC-ACZwXJCWh3q41jNmd16rBVvZ\n"," https://lh3.googleusercontent.com/d/1e9zBeIdcLc213gLZljiFT3HIaUapJ83s\n"," https://lh3.googleusercontent.com/d/1-Fu19gfaeZ9jhbV6gRJtT6vGPVAl7YLD\n"," https://lh3.googleusercontent.com/d/1ycRt4ppKdhDXPsF9log2WBG7e0dxQb4K\n"," https://lh3.googleusercontent.com/d/1U-QuSW5Bguq6smht-dl_vLWYVDajAhjf\n"," https://lh3.googleusercontent.com/d/1N5QfFSIgGy0TYu8IYqJpui5KdwKC6nY3\n"," https://lh3.googleusercontent.com/d/1RWHKW6oOLMRiGXvhMoDq6jd7nJeqVygk\n"]}