{"_via_settings":{"ui":{"annotation_editor_height":60,"annotation_editor_fontsize":0.8,"leftsidebar_width":18,"image_grid":{"img_height":80,"rshape_fill":"none","rshape_fill_opacity":0.3,"rshape_stroke":"yellow","rshape_stroke_width":2,"show_region_shape":true,"show_image_policy":"all"},"image":{"region_label":"__via_region_id__","region_color":"__via_default_region_color__","region_label_font":"10px Sans","on_image_annotation_editor_placement":"NEAR_REGION"}},"core":{"buffer_size":18,"filepath":{},"default_filepath":""},"project":{"name":"City Center_2024_count"}},"_via_img_metadata":{"https://lh3.googleusercontent.com/d/1fHxdzezLlClfF3RKdyt9HI0RoWs6C2wf\n":{"filename":"https://lh3.googleusercontent.com/d/1fHxdzezLlClfF3RKdyt9HI0RoWs6C2wf\n","size":-1,"regions":[{"shape_attributes":{"name":"circle","cx":322,"cy":380,"r":16},"region_attributes":{"Type":"2","count":""}},{"shape_attributes":{"name":"circle","cx":513,"cy":350,"r":23},"region_attributes":{"Type":"2","count":"6"}},{"shape_attributes":{"name":"circle","cx":631,"cy":351,"r":19},"region_attributes":{"Type":"2","count":""}},{"shape_attributes":{"name":"circle","cx":727,"cy":303,"r":16},"region_attributes":{"Type":"2","count":""}},{"shape_attributes":{"name":"circle","cx":529,"cy":444,"r":26},"region_attributes":{"Type":"2","count":"8"}},{"shape_attributes":{"name":"circle","cx":1442,"cy":263,"r":21},"region_attributes":{"Type":"2","count":"6"}},{"shape_attributes":{"name":"circle","cx":786,"cy":522,"r":15},"region_attributes":{"Type":"2","count":""}},{"shape_attributes":{"name":"circle","cx":1164,"cy":645,"r":19},"region_attributes":{"Type":"2","count":"5"}},{"shape_attributes":{"name":"circle","cx":1283,"cy":569,"r":19},"region_attributes":{"Type":"2","count":"2"}},{"shape_attributes":{"name":"circle","cx":1381,"cy":531,"r":17},"region_attributes":{"Type":"2","count":""}},{"shape_attributes":{"name":"circle","cx":1344,"cy":579,"r":15},"region_attributes":{"Type":"2","count":""}},{"shape_attributes":{"name":"circle","cx":1347,"cy":640,"r":20},"region_attributes":{"Type":"2","count":"2"}},{"shape_attributes":{"name":"circle","cx":1373,"cy":692,"r":23},"region_attributes":{"Type":"2","count":"3"}},{"shape_attributes":{"name":"circle","cx":520,"cy":280,"r":26},"region_attributes":{"Type":"1","count":"13"}},{"shape_attributes":{"name":"circle","cx":571,"cy":349,"r":19},"region_attributes":{"Type":"1","count":"4"}},{"shape_attributes":{"name":"circle","cx":629,"cy":297,"r":19},"region_attributes":{"Type":"1","count":"4"}},{"shape_attributes":{"name":"circle","cx":688,"cy":301,"r":15},"region_attributes":{"Type":"1","count":"6"}},{"shape_attributes":{"name":"circle","cx":918,"cy":273,"r":21},"region_attributes":{"Type":"1","count":"3"}},{"shape_attributes":{"name":"circle","cx":591,"cy":442,"r":30},"region_attributes":{"Type":"1","count":"18"}},{"shape_attributes":{"name":"circle","cx":438,"cy":569,"r":16},"region_attributes":{"Type":"1","count":""}},{"shape_attributes":{"name":"circle","cx":614,"cy":507,"r":16},"region_attributes":{"Type":"1","count":"3"}},{"shape_attributes":{"name":"circle","cx":499,"cy":677,"r":15},"region_attributes":{"Type":"1","count":""}},{"shape_attributes":{"name":"circle","cx":730,"cy":822,"r":15},"region_attributes":{"Type":"1","count":""}},{"shape_attributes":{"name":"circle","cx":786,"cy":569,"r":17},"region_attributes":{"Type":"1","count":"2"}},{"shape_attributes":{"name":"circle","cx":874,"cy":534,"r":20},"region_attributes":{"Type":"1","count":"8"}},{"shape_attributes":{"name":"circle","cx":920,"cy":532,"r":14},"region_attributes":{"Type":"1","count":""}},{"shape_attributes":{"name":"circle","cx":964,"cy":541,"r":15},"region_attributes":{"Type":"1","count":""}},{"shape_attributes":{"name":"circle","cx":1012,"cy":544,"r":14},"region_attributes":{"Type":"1","count":""}},{"shape_attributes":{"name":"circle","cx":1074,"cy":509,"r":17},"region_attributes":{"Type":"1","count":"2"}},{"shape_attributes":{"name":"circle","cx":1012,"cy":438,"r":20},"region_attributes":{"Type":"1","count":""}},{"shape_attributes":{"name":"circle","cx":963,"cy":436,"r":14},"region_attributes":{"Type":"1","count":""}},{"shape_attributes":{"name":"circle","cx":880,"cy":376,"r":15},"region_attributes":{"Type":"1","count":""}},{"shape_attributes":{"name":"circle","cx":1385,"cy":291,"r":20},"region_attributes":{"Type":"1","count":"3"}},{"shape_attributes":{"name":"circle","cx":1433,"cy":319,"r":16},"region_attributes":{"Type":"1","count":""}},{"shape_attributes":{"name":"circle","cx":1439,"cy":375,"r":19},"region_attributes":{"Type":"1","count":"2"}},{"shape_attributes":{"name":"circle","cx":1477,"cy":442,"r":13},"region_attributes":{"Type":"1","count":""}},{"shape_attributes":{"name":"circle","cx":1434,"cy":446,"r":14},"region_attributes":{"Type":"1","count":"2"}},{"shape_attributes":{"name":"circle","cx":1338,"cy":418,"r":14},"region_attributes":{"Type":"1","count":""}},{"shape_attributes":{"name":"circle","cx":1247,"cy":383,"r":16},"region_attributes":{"Type":"1","count":""}},{"shape_attributes":{"name":"circle","cx":1254,"cy":509,"r":17},"region_attributes":{"Type":"1","count":"3"}},{"shape_attributes":{"name":"circle","cx":1247,"cy":577,"r":16},"region_attributes":{"Type":"1","count":"6"}},{"shape_attributes":{"name":"circle","cx":1342,"cy":528,"r":16},"region_attributes":{"Type":"1","count":"5"}},{"shape_attributes":{"name":"circle","cx":1440,"cy":545,"r":21},"region_attributes":{"Type":"1","count":"12"}},{"shape_attributes":{"name":"circle","cx":1480,"cy":541,"r":12},"region_attributes":{"Type":"1","count":""}},{"shape_attributes":{"name":"circle","cx":1451,"cy":579,"r":13},"region_attributes":{"Type":"1","count":"2"}},{"shape_attributes":{"name":"circle","cx":1378,"cy":580,"r":22},"region_attributes":{"Type":"1","count":"11"}},{"shape_attributes":{"name":"circle","cx":1383,"cy":636,"r":17},"region_attributes":{"Type":"1","count":"5"}},{"shape_attributes":{"name":"circle","cx":1450,"cy":632,"r":20},"region_attributes":{"Type":"1","count":"3"}}],"file_attributes":{"date":"2024-01-25","temp":"63","rain":"2","neighborhood":"City Center","total_count":""}},"https://lh3.googleusercontent.com/d/1AfUw_YuOg4N0kRTvjM6KwvMjjBCaAst2\n":{"filename":"https://lh3.googleusercontent.com/d/1AfUw_YuOg4N0kRTvjM6KwvMjjBCaAst2\n","size":-1,"regions":[{"shape_attributes":{"name":"circle","cx":533,"cy":333,"r":26},"region_attributes":{"Type":"2","count":"3"}},{"shape_attributes":{"name":"circle","cx":617,"cy":365,"r":21},"region_attributes":{"Type":"2","count":"3"}},{"shape_attributes":{"name":"circle","cx":607,"cy":447,"r":22},"region_attributes":{"Type":"2","count":"4"}},{"shape_attributes":{"name":"circle","cx":1395,"cy":312,"r":23},"region_attributes":{"Type":"2","count":"2"}},{"shape_attributes":{"name":"circle","cx":1136,"cy":658,"r":20},"region_attributes":{"Type":"2","count":"5"}},{"shape_attributes":{"name":"circle","cx":1256,"cy":541,"r":15},"region_attributes":{"Type":"2","count":""}},{"shape_attributes":{"name":"circle","cx":1314,"cy":520,"r":15},"region_attributes":{"Type":"2","count":""}},{"shape_attributes":{"name":"circle","cx":1349,"cy":565,"r":15},"region_attributes":{"Type":"2","count":""}},{"shape_attributes":{"name":"circle","cx":1308,"cy":642,"r":16},"region_attributes":{"Type":"2","count":""}},{"shape_attributes":{"name":"circle","cx":1325,"cy":703,"r":15},"region_attributes":{"Type":"2","count":""}},{"shape_attributes":{"name":"circle","cx":354,"cy":522,"r":21},"region_attributes":{"Type":"1","count":"2"}},{"shape_attributes":{"name":"circle","cx":485,"cy":427,"r":18},"region_attributes":{"Type":"1","count":""}},{"shape_attributes":{"name":"circle","cx":529,"cy":398,"r":18},"region_attributes":{"Type":"1","count":"7"}},{"shape_attributes":{"name":"circle","cx":578,"cy":281,"r":15},"region_attributes":{"Type":"1","count":""}},{"shape_attributes":{"name":"circle","cx":582,"cy":372,"r":19},"region_attributes":{"Type":"1","count":"5"}},{"shape_attributes":{"name":"circle","cx":652,"cy":368,"r":16},"region_attributes":{"Type":"1","count":"3"}},{"shape_attributes":{"name":"circle","cx":551,"cy":455,"r":30},"region_attributes":{"Type":"1","count":"28"}},{"shape_attributes":{"name":"circle","cx":697,"cy":448,"r":13},"region_attributes":{"Type":"1","count":""}},{"shape_attributes":{"name":"circle","cx":722,"cy":343,"r":20},"region_attributes":{"Type":"1","count":"4"}},{"shape_attributes":{"name":"circle","cx":737,"cy":302,"r":13},"region_attributes":{"Type":"1","count":""}},{"shape_attributes":{"name":"circle","cx":827,"cy":275,"r":13},"region_attributes":{"Type":"1","count":""}},{"shape_attributes":{"name":"circle","cx":880,"cy":284,"r":15},"region_attributes":{"Type":"1","count":"3"}},{"shape_attributes":{"name":"circle","cx":876,"cy":436,"r":18},"region_attributes":{"Type":"1","count":"9"}},{"shape_attributes":{"name":"circle","cx":959,"cy":433,"r":13},"region_attributes":{"Type":"1","count":""}},{"shape_attributes":{"name":"circle","cx":527,"cy":526,"r":12},"region_attributes":{"Type":"1","count":""}},{"shape_attributes":{"name":"circle","cx":525,"cy":573,"r":14},"region_attributes":{"Type":"1","count":""}},{"shape_attributes":{"name":"circle","cx":786,"cy":573,"r":12},"region_attributes":{"Type":"1","count":""}},{"shape_attributes":{"name":"circle","cx":824,"cy":547,"r":15},"region_attributes":{"Type":"1","count":"2"}},{"shape_attributes":{"name":"circle","cx":877,"cy":525,"r":17},"region_attributes":{"Type":"1","count":"2"}},{"shape_attributes":{"name":"circle","cx":876,"cy":584,"r":12},"region_attributes":{"Type":"1","count":""}},{"shape_attributes":{"name":"circle","cx":957,"cy":549,"r":12},"region_attributes":{"Type":"1","count":""}},{"shape_attributes":{"name":"circle","cx":1003,"cy":542,"r":11},"region_attributes":{"Type":"1","count":""}},{"shape_attributes":{"name":"circle","cx":969,"cy":587,"r":11},"region_attributes":{"Type":"1","count":""}},{"shape_attributes":{"name":"circle","cx":959,"cy":699,"r":13},"region_attributes":{"Type":"1","count":""}},{"shape_attributes":{"name":"circle","cx":1307,"cy":325,"r":17},"region_attributes":{"Type":"1","count":"2"}},{"shape_attributes":{"name":"circle","cx":1391,"cy":435,"r":14},"region_attributes":{"Type":"1","count":"2"}},{"shape_attributes":{"name":"circle","cx":1430,"cy":427,"r":16},"region_attributes":{"Type":"1","count":""}},{"shape_attributes":{"name":"circle","cx":1420,"cy":515,"r":16},"region_attributes":{"Type":"1","count":"2"}},{"shape_attributes":{"name":"circle","cx":1435,"cy":547,"r":17},"region_attributes":{"Type":"1","count":"4"}},{"shape_attributes":{"name":"circle","cx":1393,"cy":562,"r":14},"region_attributes":{"Type":"1","count":"5"}},{"shape_attributes":{"name":"circle","cx":1345,"cy":535,"r":16},"region_attributes":{"Type":"1","count":"4"}},{"shape_attributes":{"name":"circle","cx":1310,"cy":560,"r":19},"region_attributes":{"Type":"1","count":"16"}},{"shape_attributes":{"name":"circle","cx":1259,"cy":577,"r":15},"region_attributes":{"Type":"1","count":"3"}},{"shape_attributes":{"name":"circle","cx":1132,"cy":557,"r":17},"region_attributes":{"Type":"1","count":"3"}},{"shape_attributes":{"name":"circle","cx":1167,"cy":688,"r":16},"region_attributes":{"Type":"1","count":"2"}},{"shape_attributes":{"name":"circle","cx":1432,"cy":654,"r":17},"region_attributes":{"Type":"1","count":"4"}},{"shape_attributes":{"name":"circle","cx":1340,"cy":639,"r":12},"region_attributes":{"Type":"1","count":"3"}},{"shape_attributes":{"name":"circle","cx":1301,"cy":681,"r":13},"region_attributes":{"Type":"1","count":"3"}}],"file_attributes":{"date":"2024-02-22","temp":"51","rain":"2","neighborhood":"City Center","total_count":""}},"https://lh3.googleusercontent.com/d/11V_Bt43y1_rRW8HBB9_5uaVNzgDj_TWs\n":{"filename":"https://lh3.googleusercontent.com/d/11V_Bt43y1_rRW8HBB9_5uaVNzgDj_TWs\n","size":-1,"regions":[{"shape_attributes":{"name":"circle","cx":347,"cy":433,"r":20},"region_attributes":{"Type":"2","count":"3"}},{"shape_attributes":{"name":"circle","cx":581,"cy":288,"r":20},"region_attributes":{"Type":"2","count":"2"}},{"shape_attributes":{"name":"circle","cx":531,"cy":361,"r":18},"region_attributes":{"Type":"2","count":""}},{"shape_attributes":{"name":"circle","cx":527,"cy":445,"r":21},"region_attributes":{"Type":"2","count":"2"}},{"shape_attributes":{"name":"circle","cx":1410,"cy":339,"r":16},"region_attributes":{"Type":"2","count":""}},{"shape_attributes":{"name":"circle","cx":1166,"cy":457,"r":15},"region_attributes":{"Type":"2","count":""}},{"shape_attributes":{"name":"circle","cx":991,"cy":548,"r":14},"region_attributes":{"Type":"2","count":""}},{"shape_attributes":{"name":"circle","cx":1246,"cy":521,"r":19},"region_attributes":{"Type":"2","count":"2"}},{"shape_attributes":{"name":"circle","cx":1342,"cy":547,"r":16},"region_attributes":{"Type":"2","count":"2"}},{"shape_attributes":{"name":"circle","cx":1296,"cy":660,"r":19},"region_attributes":{"Type":"2","count":"3"}},{"shape_attributes":{"name":"circle","cx":386,"cy":405,"r":16},"region_attributes":{"Type":"1","count":"2"}},{"shape_attributes":{"name":"circle","cx":386,"cy":459,"r":16},"region_attributes":{"Type":"1","count":"3"}},{"shape_attributes":{"name":"circle","cx":530,"cy":322,"r":18},"region_attributes":{"Type":"1","count":"2"}},{"shape_attributes":{"name":"circle","cx":530,"cy":396,"r":16},"region_attributes":{"Type":"1","count":"7"}},{"shape_attributes":{"name":"circle","cx":641,"cy":389,"r":17},"region_attributes":{"Type":"1","count":"2"}},{"shape_attributes":{"name":"circle","cx":627,"cy":332,"r":28},"region_attributes":{"Type":"1","count":"42"}},{"shape_attributes":{"name":"circle","cx":644,"cy":446,"r":17},"region_attributes":{"Type":"1","count":""}},{"shape_attributes":{"name":"circle","cx":691,"cy":342,"r":13},"region_attributes":{"Type":"1","count":""}},{"shape_attributes":{"name":"circle","cx":736,"cy":337,"r":17},"region_attributes":{"Type":"1","count":"2"}},{"shape_attributes":{"name":"circle","cx":701,"cy":411,"r":21},"region_attributes":{"Type":"1","count":"10"}},{"shape_attributes":{"name":"circle","cx":735,"cy":463,"r":17},"region_attributes":{"Type":"1","count":"8"}},{"shape_attributes":{"name":"circle","cx":787,"cy":450,"r":12},"region_attributes":{"Type":"1","count":"7"}},{"shape_attributes":{"name":"circle","cx":870,"cy":288,"r":18},"region_attributes":{"Type":"1","count":"3"}},{"shape_attributes":{"name":"circle","cx":906,"cy":341,"r":13},"region_attributes":{"Type":"1","count":""}},{"shape_attributes":{"name":"circle","cx":906,"cy":418,"r":11},"region_attributes":{"Type":"1","count":""}},{"shape_attributes":{"name":"circle","cx":908,"cy":464,"r":15},"region_attributes":{"Type":"1","count":"6"}},{"shape_attributes":{"name":"circle","cx":694,"cy":524,"r":12},"region_attributes":{"Type":"1","count":""}},{"shape_attributes":{"name":"circle","cx":522,"cy":577,"r":12},"region_attributes":{"Type":"1","count":""}},{"shape_attributes":{"name":"circle","cx":886,"cy":524,"r":25},"region_attributes":{"Type":"1","count":"12"}},{"shape_attributes":{"name":"circle","cx":891,"cy":586,"r":15},"region_attributes":{"Type":"1","count":"3"}},{"shape_attributes":{"name":"circle","cx":1040,"cy":522,"r":15},"region_attributes":{"Type":"1","count":""}},{"shape_attributes":{"name":"circle","cx":991,"cy":518,"r":13},"region_attributes":{"Type":"1","count":""}},{"shape_attributes":{"name":"circle","cx":955,"cy":701,"r":14},"region_attributes":{"Type":"1","count":"2"}},{"shape_attributes":{"name":"circle","cx":997,"cy":700,"r":13},"region_attributes":{"Type":"1","count":""}},{"shape_attributes":{"name":"circle","cx":1074,"cy":701,"r":15},"region_attributes":{"Type":"1","count":"3"}},{"shape_attributes":{"name":"circle","cx":1127,"cy":669,"r":15},"region_attributes":{"Type":"1","count":"3"}},{"shape_attributes":{"name":"circle","cx":1169,"cy":566,"r":15},"region_attributes":{"Type":"1","count":"3"}},{"shape_attributes":{"name":"circle","cx":1160,"cy":519,"r":15},"region_attributes":{"Type":"1","count":"3"}},{"shape_attributes":{"name":"circle","cx":1128,"cy":463,"r":17},"region_attributes":{"Type":"1","count":"2"}},{"shape_attributes":{"name":"circle","cx":1124,"cy":421,"r":12},"region_attributes":{"Type":"1","count":""}},{"shape_attributes":{"name":"circle","cx":1148,"cy":395,"r":14},"region_attributes":{"Type":"1","count":"2"}},{"shape_attributes":{"name":"circle","cx":1171,"cy":421,"r":16},"region_attributes":{"Type":"1","count":"3"}},{"shape_attributes":{"name":"circle","cx":1337,"cy":423,"r":16},"region_attributes":{"Type":"1","count":"2"}},{"shape_attributes":{"name":"circle","cx":1389,"cy":427,"r":15},"region_attributes":{"Type":"1","count":"4"}},{"shape_attributes":{"name":"circle","cx":1415,"cy":395,"r":18},"region_attributes":{"Type":"1","count":"3"}},{"shape_attributes":{"name":"circle","cx":1385,"cy":317,"r":12},"region_attributes":{"Type":"1","count":""}},{"shape_attributes":{"name":"circle","cx":1252,"cy":572,"r":20},"region_attributes":{"Type":"1","count":"11"}},{"shape_attributes":{"name":"circle","cx":1295,"cy":548,"r":15},"region_attributes":{"Type":"1","count":"4"}},{"shape_attributes":{"name":"circle","cx":1384,"cy":549,"r":14},"region_attributes":{"Type":"1","count":"6"}},{"shape_attributes":{"name":"circle","cx":1403,"cy":582,"r":15},"region_attributes":{"Type":"1","count":"4"}},{"shape_attributes":{"name":"circle","cx":1327,"cy":586,"r":13},"region_attributes":{"Type":"1","count":"8"}},{"shape_attributes":{"name":"circle","cx":1339,"cy":656,"r":15},"region_attributes":{"Type":"1","count":"4"}},{"shape_attributes":{"name":"circle","cx":1316,"cy":702,"r":17},"region_attributes":{"Type":"1","count":"2"}}],"file_attributes":{"date":"2024-03-21","temp":"57","rain":"2","neighborhood":"City Center","total_count":""}},"https://lh3.googleusercontent.com/d/1y8J2nAxRfSIaKawaUFb3z4wyAc457isT\n":{"filename":"https://lh3.googleusercontent.com/d/1y8J2nAxRfSIaKawaUFb3z4wyAc457isT\n","size":-1,"regions":[{"shape_attributes":{"name":"circle","cx":370,"cy":478,"r":19},"region_attributes":{"Type":"2","count":"2"}},{"shape_attributes":{"name":"circle","cx":538,"cy":295,"r":20},"region_attributes":{"Type":"2","count":"2"}},{"shape_attributes":{"name":"circle","cx":642,"cy":422,"r":18},"region_attributes":{"Type":"2","count":"9"}},{"shape_attributes":{"name":"circle","cx":602,"cy":336,"r":19},"region_attributes":{"Type":"2","count":"3"}},{"shape_attributes":{"name":"circle","cx":538,"cy":394,"r":16},"region_attributes":{"Type":"2","count":""}},{"shape_attributes":{"name":"circle","cx":608,"cy":288,"r":18},"region_attributes":{"Type":"2","count":""}},{"shape_attributes":{"name":"circle","cx":713,"cy":346,"r":15},"region_attributes":{"Type":"2","count":""}},{"shape_attributes":{"name":"circle","cx":1233,"cy":426,"r":16},"region_attributes":{"Type":"2","count":"3"}},{"shape_attributes":{"name":"circle","cx":1322,"cy":435,"r":23},"region_attributes":{"Type":"2","count":"2"}},{"shape_attributes":{"name":"circle","cx":1328,"cy":532,"r":18},"region_attributes":{"Type":"2","count":"2"}},{"shape_attributes":{"name":"circle","cx":1268,"cy":562,"r":20},"region_attributes":{"Type":"2","count":"3"}},{"shape_attributes":{"name":"circle","cx":1317,"cy":656,"r":17},"region_attributes":{"Type":"2","count":"2"}},{"shape_attributes":{"name":"circle","cx":967,"cy":673,"r":21},"region_attributes":{"Type":"3","count":""}},{"shape_attributes":{"name":"circle","cx":356,"cy":439,"r":19},"region_attributes":{"Type":"1","count":"3"}},{"shape_attributes":{"name":"circle","cx":359,"cy":556,"r":20},"region_attributes":{"Type":"1","count":"2"}},{"shape_attributes":{"name":"circle","cx":535,"cy":445,"r":19},"region_attributes":{"Type":"1","count":"5"}},{"shape_attributes":{"name":"circle","cx":565,"cy":473,"r":28},"region_attributes":{"Type":"1","count":"16"}},{"shape_attributes":{"name":"circle","cx":637,"cy":470,"r":31},"region_attributes":{"Type":"1","count":"23"}},{"shape_attributes":{"name":"circle","cx":601,"cy":393,"r":20},"region_attributes":{"Type":"1","count":"5"}},{"shape_attributes":{"name":"circle","cx":651,"cy":375,"r":17},"region_attributes":{"Type":"1","count":"4"}},{"shape_attributes":{"name":"circle","cx":653,"cy":324,"r":16},"region_attributes":{"Type":"1","count":"7"}},{"shape_attributes":{"name":"circle","cx":539,"cy":337,"r":19},"region_attributes":{"Type":"1","count":"6"}},{"shape_attributes":{"name":"circle","cx":806,"cy":288,"r":18},"region_attributes":{"Type":"1","count":"5"}},{"shape_attributes":{"name":"circle","cx":741,"cy":350,"r":15},"region_attributes":{"Type":"1","count":"6"}},{"shape_attributes":{"name":"circle","cx":798,"cy":456,"r":17},"region_attributes":{"Type":"1","count":"4"}},{"shape_attributes":{"name":"circle","cx":796,"cy":541,"r":15},"region_attributes":{"Type":"1","count":"2"}},{"shape_attributes":{"name":"circle","cx":836,"cy":567,"r":15},"region_attributes":{"Type":"1","count":"8"}},{"shape_attributes":{"name":"circle","cx":885,"cy":536,"r":14},"region_attributes":{"Type":"1","count":"4"}},{"shape_attributes":{"name":"circle","cx":886,"cy":591,"r":15},"region_attributes":{"Type":"1","count":"2"}},{"shape_attributes":{"name":"circle","cx":921,"cy":586,"r":11},"region_attributes":{"Type":"1","count":""}},{"shape_attributes":{"name":"circle","cx":1007,"cy":587,"r":12},"region_attributes":{"Type":"1","count":""}},{"shape_attributes":{"name":"circle","cx":911,"cy":470,"r":18},"region_attributes":{"Type":"1","count":"2"}},{"shape_attributes":{"name":"circle","cx":974,"cy":467,"r":14},"region_attributes":{"Type":"1","count":""}},{"shape_attributes":{"name":"circle","cx":1008,"cy":440,"r":14},"region_attributes":{"Type":"1","count":""}},{"shape_attributes":{"name":"circle","cx":1161,"cy":468,"r":13},"region_attributes":{"Type":"1","count":"2"}},{"shape_attributes":{"name":"circle","cx":1230,"cy":467,"r":13},"region_attributes":{"Type":"1","count":""}},{"shape_attributes":{"name":"circle","cx":1272,"cy":444,"r":12},"region_attributes":{"Type":"1","count":""}},{"shape_attributes":{"name":"circle","cx":1258,"cy":401,"r":11},"region_attributes":{"Type":"1","count":""}},{"shape_attributes":{"name":"circle","cx":1326,"cy":348,"r":11.997},"region_attributes":{"Type":"1","count":"2"}},{"shape_attributes":{"name":"circle","cx":1315,"cy":314,"r":13},"region_attributes":{"Type":"1","count":""}},{"shape_attributes":{"name":"circle","cx":1445,"cy":312,"r":15},"region_attributes":{"Type":"1","count":""}},{"shape_attributes":{"name":"circle","cx":1443,"cy":461,"r":17},"region_attributes":{"Type":"1","count":"3"}},{"shape_attributes":{"name":"circle","cx":1443,"cy":532,"r":19},"region_attributes":{"Type":"1","count":"5"}},{"shape_attributes":{"name":"circle","cx":1356,"cy":560,"r":14},"region_attributes":{"Type":"1","count":"2"}},{"shape_attributes":{"name":"circle","cx":1311,"cy":563,"r":13},"region_attributes":{"Type":"1","count":"7"}},{"shape_attributes":{"name":"circle","cx":1255,"cy":525,"r":13},"region_attributes":{"Type":"1","count":"4"}},{"shape_attributes":{"name":"circle","cx":1230,"cy":558,"r":15},"region_attributes":{"Type":"1","count":"9"}},{"shape_attributes":{"name":"circle","cx":1254,"cy":597,"r":13},"region_attributes":{"Type":"1","count":"6"}},{"shape_attributes":{"name":"circle","cx":1332,"cy":595,"r":19},"region_attributes":{"Type":"1","count":"11"}},{"shape_attributes":{"name":"circle","cx":1145,"cy":687,"r":13},"region_attributes":{"Type":"1","count":""}},{"shape_attributes":{"name":"circle","cx":1182,"cy":685,"r":14},"region_attributes":{"Type":"1","count":"2"}},{"shape_attributes":{"name":"circle","cx":1235,"cy":673,"r":14},"region_attributes":{"Type":"1","count":"7"}},{"shape_attributes":{"name":"circle","cx":1353,"cy":648,"r":15},"region_attributes":{"Type":"1","count":"4"}},{"shape_attributes":{"name":"circle","cx":1356,"cy":689,"r":15},"region_attributes":{"Type":"1","count":"2"}},{"shape_attributes":{"name":"circle","cx":742,"cy":756,"r":22},"region_attributes":{"Type":"1","count":""}}],"file_attributes":{"date":"2024-04-25","temp":"59","rain":"2","neighborhood":"City Center","total_count":""}},"https://lh3.googleusercontent.com/d/19MO8O6UfGTjOZ_PoNCIzIQZUwucqGAu1\n":{"filename":"https://lh3.googleusercontent.com/d/19MO8O6UfGTjOZ_PoNCIzIQZUwucqGAu1\n","size":-1,"regions":[{"shape_attributes":{"name":"circle","cx":637,"cy":330,"r":24},"region_attributes":{"Type":"1","count":"8"}},{"shape_attributes":{"name":"circle","cx":535,"cy":400,"r":22},"region_attributes":{"Type":"2","count":""}},{"shape_attributes":{"name":"circle","cx":731,"cy":344,"r":21},"region_attributes":{"Type":"2","count":"2"}},{"shape_attributes":{"name":"circle","cx":699,"cy":401,"r":17},"region_attributes":{"Type":"2","count":""}},{"shape_attributes":{"name":"circle","cx":992,"cy":576,"r":19},"region_attributes":{"Type":"2","count":""}},{"shape_attributes":{"name":"circle","cx":1224,"cy":578,"r":18},"region_attributes":{"Type":"2","count":""}},{"shape_attributes":{"name":"circle","cx":1258,"cy":518,"r":19},"region_attributes":{"Type":"2","count":""}},{"shape_attributes":{"name":"circle","cx":1234,"cy":403,"r":20},"region_attributes":{"Type":"2","count":"8"}},{"shape_attributes":{"name":"circle","cx":1307,"cy":331,"r":15},"region_attributes":{"Type":"2","count":""}},{"shape_attributes":{"name":"circle","cx":1305,"cy":452,"r":21},"region_attributes":{"Type":"2","count":"7"}},{"shape_attributes":{"name":"circle","cx":474,"cy":336,"r":21},"region_attributes":{"Type":"1","count":"5"}},{"shape_attributes":{"name":"circle","cx":550,"cy":289,"r":15},"region_attributes":{"Type":"1","count":"2"}},{"shape_attributes":{"name":"circle","cx":477,"cy":464,"r":19},"region_attributes":{"Type":"1","count":""}},{"shape_attributes":{"name":"circle","cx":534,"cy":446,"r":14},"region_attributes":{"Type":"1","count":"3"}},{"shape_attributes":{"name":"circle","cx":701,"cy":346,"r":13},"region_attributes":{"Type":"1","count":"5"}},{"shape_attributes":{"name":"circle","cx":549,"cy":337,"r":33},"region_attributes":{"Type":"1","count":"40"}},{"shape_attributes":{"name":"circle","cx":740,"cy":455,"r":13},"region_attributes":{"Type":"1","count":""}},{"shape_attributes":{"name":"circle","cx":623,"cy":525,"r":16},"region_attributes":{"Type":"1","count":"6"}},{"shape_attributes":{"name":"circle","cx":797,"cy":518,"r":20},"region_attributes":{"Type":"1","count":"15"}},{"shape_attributes":{"name":"circle","cx":819,"cy":582,"r":15},"region_attributes":{"Type":"1","count":"10"}},{"shape_attributes":{"name":"circle","cx":887,"cy":519,"r":21},"region_attributes":{"Type":"1","count":"10"}},{"shape_attributes":{"name":"circle","cx":880,"cy":458,"r":23},"region_attributes":{"Type":"1","count":"12"}},{"shape_attributes":{"name":"circle","cx":823,"cy":452,"r":14},"region_attributes":{"Type":"1","count":"2"}},{"shape_attributes":{"name":"circle","cx":873,"cy":403,"r":10},"region_attributes":{"Type":"1","count":""}},{"shape_attributes":{"name":"circle","cx":875,"cy":298,"r":16},"region_attributes":{"Type":"1","count":"4"}},{"shape_attributes":{"name":"circle","cx":965,"cy":522,"r":17},"region_attributes":{"Type":"1","count":"3"}},{"shape_attributes":{"name":"circle","cx":1079,"cy":549,"r":13},"region_attributes":{"Type":"1","count":"4"}},{"shape_attributes":{"name":"circle","cx":1000,"cy":546,"r":13},"region_attributes":{"Type":"1","count":""}},{"shape_attributes":{"name":"circle","cx":1132,"cy":575,"r":16},"region_attributes":{"Type":"1","count":""}},{"shape_attributes":{"name":"circle","cx":1142,"cy":638,"r":16},"region_attributes":{"Type":"1","count":"2"}},{"shape_attributes":{"name":"circle","cx":1263,"cy":569,"r":14},"region_attributes":{"Type":"1","count":""}},{"shape_attributes":{"name":"circle","cx":1223,"cy":527,"r":14},"region_attributes":{"Type":"1","count":"4"}},{"shape_attributes":{"name":"circle","cx":1223,"cy":438,"r":17},"region_attributes":{"Type":"1","count":"5"}},{"shape_attributes":{"name":"circle","cx":1342,"cy":572,"r":12},"region_attributes":{"Type":"1","count":"3"}},{"shape_attributes":{"name":"circle","cx":1304,"cy":527,"r":12},"region_attributes":{"Type":"1","count":""}},{"shape_attributes":{"name":"circle","cx":1393,"cy":547,"r":17},"region_attributes":{"Type":"1","count":"4"}},{"shape_attributes":{"name":"circle","cx":1323,"cy":693,"r":18},"region_attributes":{"Type":"1","count":"2"}},{"shape_attributes":{"name":"circle","cx":1395,"cy":447,"r":13},"region_attributes":{"Type":"1","count":"2"}},{"shape_attributes":{"name":"circle","cx":1391,"cy":400,"r":15},"region_attributes":{"Type":"1","count":"2"}},{"shape_attributes":{"name":"circle","cx":1342,"cy":432,"r":19},"region_attributes":{"Type":"1","count":"2"}},{"shape_attributes":{"name":"circle","cx":1310,"cy":399,"r":12},"region_attributes":{"Type":"1","count":"3"}},{"shape_attributes":{"name":"circle","cx":1339,"cy":319,"r":17},"region_attributes":{"Type":"1","count":"4"}},{"shape_attributes":{"name":"circle","cx":1315,"cy":281,"r":12},"region_attributes":{"Type":"1","count":"3"}},{"shape_attributes":{"name":"circle","cx":1388,"cy":285,"r":17},"region_attributes":{"Type":"1","count":""}}],"file_attributes":{"date":"2024-05-23","temp":"60","rain":"2","neighborhood":"City Center","total_count":""}}},"_via_attributes":{"region":{"Type":{"type":"dropdown","description":"","options":{"1":"Individual","2":"Structure","3":"Vehicle"},"default_options":{}},"count":{"type":"text","description":"","default_value":""}},"file":{"date":{"type":"text","description":"","default_value":""},"temp":{"type":"text","description":"","default_value":""},"rain":{"type":"dropdown","description":"","options":{"1":"rain","2":"clear"},"default_options":{"2":true}},"neighborhood":{"type":"text","description":"","default_value":"City Center"},"total_count":{"type":"text","description":"","default_value":""}}},"_via_data_format_version":"2.0.10","_via_image_id_list":["https://lh3.googleusercontent.com/d/1fHxdzezLlClfF3RKdyt9HI0RoWs6C2wf\n","https://lh3.googleusercontent.com/d/1AfUw_YuOg4N0kRTvjM6KwvMjjBCaAst2\n","https://lh3.googleusercontent.com/d/11V_Bt43y1_rRW8HBB9_5uaVNzgDj_TWs\n","https://lh3.googleusercontent.com/d/1y8J2nAxRfSIaKawaUFb3z4wyAc457isT\n","https://lh3.googleusercontent.com/d/19MO8O6UfGTjOZ_PoNCIzIQZUwucqGAu1\n"]}