{"_via_settings":{"ui":{"annotation_editor_height":25,"annotation_editor_fontsize":0.8,"leftsidebar_width":18,"image_grid":{"img_height":80,"rshape_fill":"none","rshape_fill_opacity":0.3,"rshape_stroke":"yellow","rshape_stroke_width":2,"show_region_shape":true,"show_image_policy":"all"},"image":{"region_label":"__via_region_id__","region_color":"__via_default_region_color__","region_label_font":"10px Sans","on_image_annotation_editor_placement":"NEAR_REGION"}},"core":{"buffer_size":18,"filepath":{},"default_filepath":""},"project":{"name":"Columbia_2023_count"}},"_via_img_metadata":{" https://lh3.googleusercontent.com/d/1djwCzJ2b-FE1AGoaKom4iTn35d7VgCfU\n":{"filename":" https://lh3.googleusercontent.com/d/1djwCzJ2b-FE1AGoaKom4iTn35d7VgCfU\n","size":-1,"regions":[{"shape_attributes":{"name":"circle","cx":969,"cy":139,"r":19},"region_attributes":{"Type":"1","count":""}},{"shape_attributes":{"name":"circle","cx":1257,"cy":145,"r":16},"region_attributes":{"Type":"1","count":""}},{"shape_attributes":{"name":"circle","cx":1219,"cy":239,"r":21},"region_attributes":{"Type":"2","count":""}},{"shape_attributes":{"name":"circle","cx":1366,"cy":237,"r":16},"region_attributes":{"Type":"2","count":""}},{"shape_attributes":{"name":"circle","cx":1361,"cy":296,"r":19.949},"region_attributes":{"Type":"2","count":""}},{"shape_attributes":{"name":"circle","cx":1330,"cy":443,"r":17},"region_attributes":{"Type":"1","count":""}},{"shape_attributes":{"name":"circle","cx":1337,"cy":592,"r":16},"region_attributes":{"Type":"1","count":""}},{"shape_attributes":{"name":"circle","cx":1388,"cy":675,"r":18},"region_attributes":{"Type":"1","count":""}},{"shape_attributes":{"name":"circle","cx":1252,"cy":637,"r":15},"region_attributes":{"Type":"1","count":""}},{"shape_attributes":{"name":"circle","cx":1196,"cy":673,"r":15},"region_attributes":{"Type":"1","count":""}},{"shape_attributes":{"name":"circle","cx":1072,"cy":675,"r":19},"region_attributes":{"Type":"1","count":"2"}},{"shape_attributes":{"name":"circle","cx":897,"cy":672,"r":17},"region_attributes":{"Type":"1","count":""}},{"shape_attributes":{"name":"circle","cx":809,"cy":600,"r":18},"region_attributes":{"Type":"1","count":""}},{"shape_attributes":{"name":"circle","cx":863,"cy":562,"r":17},"region_attributes":{"Type":"3","count":""}},{"shape_attributes":{"name":"circle","cx":887,"cy":494,"r":21},"region_attributes":{"Type":"1","count":"6"}},{"shape_attributes":{"name":"circle","cx":812,"cy":454,"r":21},"region_attributes":{"Type":"1","count":"6"}},{"shape_attributes":{"name":"circle","cx":912,"cy":606,"r":19},"region_attributes":{"Type":"1","count":"6"}}],"file_attributes":{"date":"2023-01-31","temp":"60","rain":"1","neighborhood":"Columbia","total_count":""}}," https://lh3.googleusercontent.com/d/131RB-CWqippuqZwDXLG-3ZM4ENi5hqXb\n":{"filename":" https://lh3.googleusercontent.com/d/131RB-CWqippuqZwDXLG-3ZM4ENi5hqXb\n","size":-1,"regions":[{"shape_attributes":{"name":"circle","cx":665,"cy":135,"r":21},"region_attributes":{"Type":"1","count":"3"}},{"shape_attributes":{"name":"circle","cx":788,"cy":131,"r":22},"region_attributes":{"Type":"1","count":"3"}},{"shape_attributes":{"name":"circle","cx":957,"cy":133,"r":19},"region_attributes":{"Type":"1","count":"2"}},{"shape_attributes":{"name":"circle","cx":752,"cy":157,"r":16},"region_attributes":{"Type":"1","count":""}},{"shape_attributes":{"name":"circle","cx":1072,"cy":129,"r":19},"region_attributes":{"Type":"1","count":""}},{"shape_attributes":{"name":"circle","cx":1179,"cy":161,"r":15},"region_attributes":{"Type":"1","count":""}},{"shape_attributes":{"name":"circle","cx":1257,"cy":185,"r":15},"region_attributes":{"Type":"1","count":""}},{"shape_attributes":{"name":"circle","cx":1339,"cy":223,"r":20},"region_attributes":{"Type":"2","count":""}},{"shape_attributes":{"name":"circle","cx":1402,"cy":167,"r":18},"region_attributes":{"Type":"2","count":""}},{"shape_attributes":{"name":"circle","cx":1341,"cy":282,"r":18},"region_attributes":{"Type":"2","count":""}},{"shape_attributes":{"name":"circle","cx":1399,"cy":523,"r":18},"region_attributes":{"Type":"1","count":""}},{"shape_attributes":{"name":"circle","cx":1321,"cy":523,"r":18},"region_attributes":{"Type":"1","count":""}},{"shape_attributes":{"name":"circle","cx":1241,"cy":524,"r":16},"region_attributes":{"Type":"1","count":""}},{"shape_attributes":{"name":"circle","cx":1039,"cy":662,"r":15},"region_attributes":{"Type":"1","count":""}},{"shape_attributes":{"name":"circle","cx":1319,"cy":741,"r":16},"region_attributes":{"Type":"1","count":"2"}},{"shape_attributes":{"name":"circle","cx":908,"cy":641,"r":19},"region_attributes":{"Type":"1","count":"3"}},{"shape_attributes":{"name":"circle","cx":962,"cy":573,"r":19},"region_attributes":{"Type":"1","count":"5"}},{"shape_attributes":{"name":"circle","cx":893,"cy":574,"r":16},"region_attributes":{"Type":"2","count":""}},{"shape_attributes":{"name":"circle","cx":818,"cy":559,"r":24},"region_attributes":{"Type":"1","count":"9"}},{"shape_attributes":{"name":"circle","cx":644,"cy":660,"r":24},"region_attributes":{"Type":"2","count":"2"}},{"shape_attributes":{"name":"circle","cx":603,"cy":666,"r":17},"region_attributes":{"Type":"1","count":""}},{"shape_attributes":{"name":"circle","cx":788,"cy":734,"r":19},"region_attributes":{"Type":"1","count":""}}],"file_attributes":{"date":"2023-02-23","temp":"47","rain":"1","neighborhood":"Columbia","total_count":""}}," https://lh3.googleusercontent.com/d/1VRi89o-UiZ2_rhcuC6uNgapqpi7OfLGs\n":{"filename":" https://lh3.googleusercontent.com/d/1VRi89o-UiZ2_rhcuC6uNgapqpi7OfLGs\n","size":-1,"regions":[{"shape_attributes":{"name":"circle","cx":833,"cy":361,"r":16},"region_attributes":{"Type":"1","count":"2"}},{"shape_attributes":{"name":"circle","cx":834,"cy":458,"r":19},"region_attributes":{"Type":"1","count":""}},{"shape_attributes":{"name":"circle","cx":835,"cy":508,"r":17},"region_attributes":{"Type":"1","count":"2"}},{"shape_attributes":{"name":"circle","cx":832,"cy":551,"r":22},"region_attributes":{"Type":"1","count":"9"}},{"shape_attributes":{"name":"circle","cx":835,"cy":586,"r":20},"region_attributes":{"Type":"1","count":""}},{"shape_attributes":{"name":"circle","cx":835,"cy":638,"r":17},"region_attributes":{"Type":"1","count":""}},{"shape_attributes":{"name":"circle","cx":673,"cy":642,"r":21},"region_attributes":{"Type":"1","count":""}},{"shape_attributes":{"name":"circle","cx":625,"cy":651,"r":18},"region_attributes":{"Type":"1","count":""}},{"shape_attributes":{"name":"circle","cx":1096,"cy":584,"r":26},"region_attributes":{"Type":"1","count":"5"}},{"shape_attributes":{"name":"circle","cx":1183,"cy":584,"r":26},"region_attributes":{"Type":"1","count":"2"}},{"shape_attributes":{"name":"circle","cx":1385,"cy":585,"r":20},"region_attributes":{"Type":"1","count":""}},{"shape_attributes":{"name":"circle","cx":1318,"cy":656,"r":22},"region_attributes":{"Type":"1","count":""}},{"shape_attributes":{"name":"circle","cx":1038,"cy":460,"r":21},"region_attributes":{"Type":"1","count":""}},{"shape_attributes":{"name":"circle","cx":1384,"cy":442,"r":21},"region_attributes":{"Type":"1","count":""}},{"shape_attributes":{"name":"circle","cx":1355,"cy":513,"r":25},"region_attributes":{"Type":"1","count":"2"}},{"shape_attributes":{"name":"circle","cx":1320,"cy":366,"r":19},"region_attributes":{"Type":"1","count":"5"}},{"shape_attributes":{"name":"circle","cx":1372,"cy":325,"r":27},"region_attributes":{"Type":"2","count":"2"}},{"shape_attributes":{"name":"circle","cx":1385,"cy":219,"r":19},"region_attributes":{"Type":"2","count":""}},{"shape_attributes":{"name":"circle","cx":1327,"cy":223,"r":23},"region_attributes":{"Type":"2","count":""}},{"shape_attributes":{"name":"circle","cx":1397,"cy":173,"r":17},"region_attributes":{"Type":"1","count":""}},{"shape_attributes":{"name":"circle","cx":1044,"cy":227,"r":23},"region_attributes":{"Type":"1","count":""}}],"file_attributes":{"date":"2023-03-30","temp":"52","rain":"1","neighborhood":"Columbia","total_count":""}}," https://lh3.googleusercontent.com/d/1tMBcsFsnfpBIjyM6pcJA0OyBoD8-J8-t\n":{"filename":" https://lh3.googleusercontent.com/d/1tMBcsFsnfpBIjyM6pcJA0OyBoD8-J8-t\n","size":-1,"regions":[{"shape_attributes":{"name":"circle","cx":820,"cy":233,"r":22},"region_attributes":{"Type":"1","count":"2"}},{"shape_attributes":{"name":"circle","cx":888,"cy":153,"r":20},"region_attributes":{"Type":"1","count":""}},{"shape_attributes":{"name":"circle","cx":964,"cy":231,"r":17},"region_attributes":{"Type":"1","count":""}},{"shape_attributes":{"name":"circle","cx":1235,"cy":234,"r":19},"region_attributes":{"Type":"1","count":"2"}},{"shape_attributes":{"name":"circle","cx":1372,"cy":234,"r":18},"region_attributes":{"Type":"1","count":"2"}},{"shape_attributes":{"name":"circle","cx":1312,"cy":229,"r":20},"region_attributes":{"Type":"2","count":""}},{"shape_attributes":{"name":"circle","cx":892,"cy":456,"r":19},"region_attributes":{"Type":"1","count":"8"}},{"shape_attributes":{"name":"circle","cx":817,"cy":426,"r":19},"region_attributes":{"Type":"1","count":"2"}},{"shape_attributes":{"name":"circle","cx":818,"cy":505,"r":20},"region_attributes":{"Type":"1","count":"4"}},{"shape_attributes":{"name":"circle","cx":1162,"cy":522,"r":18},"region_attributes":{"Type":"1","count":""}},{"shape_attributes":{"name":"circle","cx":1328,"cy":581,"r":16},"region_attributes":{"Type":"1","count":""}},{"shape_attributes":{"name":"circle","cx":1216,"cy":657,"r":15},"region_attributes":{"Type":"1","count":""}},{"shape_attributes":{"name":"circle","cx":1025,"cy":588,"r":21},"region_attributes":{"Type":"1","count":"2"}},{"shape_attributes":{"name":"circle","cx":954,"cy":578,"r":19},"region_attributes":{"Type":"1","count":"6"}},{"shape_attributes":{"name":"circle","cx":882,"cy":575,"r":19.041},"region_attributes":{"Type":"1","count":""}},{"shape_attributes":{"name":"circle","cx":901,"cy":652,"r":24},"region_attributes":{"Type":"1","count":"4"}},{"shape_attributes":{"name":"circle","cx":803,"cy":651,"r":16},"region_attributes":{"Type":"1","count":""}},{"shape_attributes":{"name":"circle","cx":820,"cy":607,"r":21.71},"region_attributes":{"Type":"1","count":"2"}},{"shape_attributes":{"name":"circle","cx":674,"cy":651,"r":20},"region_attributes":{"Type":"1","count":"2"}},{"shape_attributes":{"name":"circle","cx":604,"cy":655,"r":15},"region_attributes":{"Type":"1","count":""}}],"file_attributes":{"date":"2023-04-27","temp":"59","rain":"2","neighborhood":"Columbia","total_count":""}}," https://lh3.googleusercontent.com/d/1AcYP_CYqi1XCVwCTn5w02noI5jpJXd-U\n":{"filename":" https://lh3.googleusercontent.com/d/1AcYP_CYqi1XCVwCTn5w02noI5jpJXd-U\n","size":-1,"regions":[{"shape_attributes":{"name":"circle","cx":922,"cy":144,"r":17},"region_attributes":{"Type":"1","count":""}},{"shape_attributes":{"name":"circle","cx":597,"cy":151,"r":23},"region_attributes":{"Type":"1","count":"2"}},{"shape_attributes":{"name":"circle","cx":812,"cy":294,"r":18},"region_attributes":{"Type":"1","count":""}},{"shape_attributes":{"name":"circle","cx":814,"cy":225,"r":17},"region_attributes":{"Type":"1","count":""}},{"shape_attributes":{"name":"circle","cx":1386,"cy":219,"r":21},"region_attributes":{"Type":"1","count":"2"}},{"shape_attributes":{"name":"circle","cx":1386,"cy":290,"r":24},"region_attributes":{"Type":"2","count":""}},{"shape_attributes":{"name":"circle","cx":1323,"cy":305,"r":23},"region_attributes":{"Type":"2","count":"2"}},{"shape_attributes":{"name":"circle","cx":1395,"cy":373,"r":18},"region_attributes":{"Type":"1","count":""}},{"shape_attributes":{"name":"circle","cx":1319,"cy":379,"r":17},"region_attributes":{"Type":"1","count":""}},{"shape_attributes":{"name":"circle","cx":1397,"cy":491,"r":20},"region_attributes":{"Type":"1","count":""}},{"shape_attributes":{"name":"circle","cx":1364,"cy":594,"r":24},"region_attributes":{"Type":"1","count":"3"}},{"shape_attributes":{"name":"circle","cx":1251,"cy":595,"r":18},"region_attributes":{"Type":"1","count":""}},{"shape_attributes":{"name":"circle","cx":917,"cy":656,"r":22},"region_attributes":{"Type":"1","count":"3"}},{"shape_attributes":{"name":"circle","cx":883,"cy":756,"r":17},"region_attributes":{"Type":"1","count":""}},{"shape_attributes":{"name":"circle","cx":818,"cy":634,"r":16},"region_attributes":{"Type":"1","count":""}},{"shape_attributes":{"name":"circle","cx":739,"cy":665,"r":20},"region_attributes":{"Type":"1","count":""}},{"shape_attributes":{"name":"circle","cx":594,"cy":664,"r":23},"region_attributes":{"Type":"1","count":"2"}},{"shape_attributes":{"name":"circle","cx":816,"cy":555,"r":17},"region_attributes":{"Type":"1","count":""}},{"shape_attributes":{"name":"circle","cx":882,"cy":503,"r":18},"region_attributes":{"Type":"1","count":""}},{"shape_attributes":{"name":"circle","cx":812,"cy":481,"r":21},"region_attributes":{"Type":"1","count":"2"}},{"shape_attributes":{"name":"circle","cx":890,"cy":442,"r":21},"region_attributes":{"Type":"1","count":"5"}},{"shape_attributes":{"name":"circle","cx":805,"cy":428,"r":23},"region_attributes":{"Type":"2","count":""}}],"file_attributes":{"date":"2023-05-25","temp":"60","rain":"2","neighborhood":"Columbia","total_count":""}}," https://lh3.googleusercontent.com/d/1xQ2Up-Tsx26MrZjH_nhKN6g8r6-m6v_y\n":{"filename":" https://lh3.googleusercontent.com/d/1xQ2Up-Tsx26MrZjH_nhKN6g8r6-m6v_y\n","size":-1,"regions":[{"shape_attributes":{"name":"circle","cx":831,"cy":448,"r":16},"region_attributes":{"Type":"1","count":""}},{"shape_attributes":{"name":"circle","cx":827,"cy":585,"r":21},"region_attributes":{"Type":"1","count":"3"}},{"shape_attributes":{"name":"circle","cx":971,"cy":528,"r":15},"region_attributes":{"Type":"1","count":""}},{"shape_attributes":{"name":"circle","cx":902,"cy":579,"r":20},"region_attributes":{"Type":"1","count":"8"}},{"shape_attributes":{"name":"circle","cx":921,"cy":638,"r":16},"region_attributes":{"Type":"1","count":"2"}},{"shape_attributes":{"name":"circle","cx":953,"cy":664,"r":13},"region_attributes":{"Type":"1","count":""}},{"shape_attributes":{"name":"circle","cx":830,"cy":662,"r":19},"region_attributes":{"Type":"1","count":"4"}},{"shape_attributes":{"name":"circle","cx":655,"cy":662,"r":18.201},"region_attributes":{"Type":"1","count":"2"}},{"shape_attributes":{"name":"circle","cx":609,"cy":606,"r":18},"region_attributes":{"Type":"1","count":""}},{"shape_attributes":{"name":"circle","cx":1175,"cy":663,"r":16},"region_attributes":{"Type":"1","count":""}},{"shape_attributes":{"name":"circle","cx":1206,"cy":736,"r":21},"region_attributes":{"Type":"1","count":"2"}},{"shape_attributes":{"name":"circle","cx":1360,"cy":294,"r":20},"region_attributes":{"Type":"1","count":"2"}},{"shape_attributes":{"name":"circle","cx":1354,"cy":235,"r":25},"region_attributes":{"Type":"2","count":"3"}},{"shape_attributes":{"name":"circle","cx":1114,"cy":234,"r":16},"region_attributes":{"Type":"1","count":""}}],"file_attributes":{"date":"2023-06-28","temp":"58","rain":"2","neighborhood":"Columbia","total_count":""}}," https://lh3.googleusercontent.com/d/1uapMwBP10goQ699OV87gpLoW1zFc7Cfd\n":{"filename":" https://lh3.googleusercontent.com/d/1uapMwBP10goQ699OV87gpLoW1zFc7Cfd\n","size":-1,"regions":[{"shape_attributes":{"name":"circle","cx":1016,"cy":184,"r":17},"region_attributes":{"Type":"1","count":""}},{"shape_attributes":{"name":"circle","cx":1293,"cy":224,"r":25},"region_attributes":{"Type":"2","count":"2"}},{"shape_attributes":{"name":"circle","cx":1347,"cy":227,"r":16},"region_attributes":{"Type":"1","count":"2"}},{"shape_attributes":{"name":"circle","cx":1005,"cy":495,"r":16},"region_attributes":{"Type":"1","count":""}},{"shape_attributes":{"name":"circle","cx":1006,"cy":606,"r":16},"region_attributes":{"Type":"1","count":""}},{"shape_attributes":{"name":"circle","cx":1192,"cy":725,"r":20},"region_attributes":{"Type":"1","count":""}},{"shape_attributes":{"name":"circle","cx":872,"cy":567,"r":19},"region_attributes":{"Type":"1","count":"7"}},{"shape_attributes":{"name":"circle","cx":801,"cy":543,"r":19},"region_attributes":{"Type":"1","count":"2"}},{"shape_attributes":{"name":"circle","cx":621,"cy":646,"r":18},"region_attributes":{"Type":"1","count":"2"}}],"file_attributes":{"date":"2023-07-27","temp":"68","rain":"2","neighborhood":"Columbia","total_count":""}}," https://lh3.googleusercontent.com/d/1w3FSHtbr_d9nL8wo4_FiBdSDhVQ4TrrG\n":{"filename":" https://lh3.googleusercontent.com/d/1w3FSHtbr_d9nL8wo4_FiBdSDhVQ4TrrG\n","size":-1,"regions":[{"shape_attributes":{"name":"circle","cx":967,"cy":129,"r":20},"region_attributes":{"Type":"1","count":"3"}},{"shape_attributes":{"name":"circle","cx":1332,"cy":126,"r":17},"region_attributes":{"Type":"2","count":""}},{"shape_attributes":{"name":"circle","cx":1324,"cy":218,"r":17},"region_attributes":{"Type":"1","count":""}},{"shape_attributes":{"name":"circle","cx":1397,"cy":280,"r":18},"region_attributes":{"Type":"1","count":""}},{"shape_attributes":{"name":"circle","cx":821,"cy":568,"r":21},"region_attributes":{"Type":"1","count":"4"}},{"shape_attributes":{"name":"circle","cx":899,"cy":656,"r":20},"region_attributes":{"Type":"1","count":""}},{"shape_attributes":{"name":"circle","cx":968,"cy":599,"r":20},"region_attributes":{"Type":"1","count":""}},{"shape_attributes":{"name":"circle","cx":1209,"cy":659,"r":16},"region_attributes":{"Type":"1","count":""}}],"file_attributes":{"date":"2023-09-01","temp":"66","rain":"2","neighborhood":"Columbia","total_count":""}}," https://lh3.googleusercontent.com/d/1s2c3bbmjNp31tPhNajdjJHPjZfcPD9Fy\n":{"filename":" https://lh3.googleusercontent.com/d/1s2c3bbmjNp31tPhNajdjJHPjZfcPD9Fy\n","size":-1,"regions":[{"shape_attributes":{"name":"circle","cx":789,"cy":220,"r":17},"region_attributes":{"Type":"1","count":"2"}},{"shape_attributes":{"name":"circle","cx":1355,"cy":122,"r":22},"region_attributes":{"Type":"2","count":""}},{"shape_attributes":{"name":"circle","cx":1357,"cy":272,"r":20},"region_attributes":{"Type":"1","count":"2"}},{"shape_attributes":{"name":"circle","cx":1400,"cy":343,"r":14},"region_attributes":{"Type":"1","count":""}},{"shape_attributes":{"name":"circle","cx":883,"cy":505,"r":16},"region_attributes":{"Type":"1","count":"6"}},{"shape_attributes":{"name":"circle","cx":816,"cy":553,"r":17},"region_attributes":{"Type":"1","count":"2"}},{"shape_attributes":{"name":"circle","cx":967,"cy":568,"r":17},"region_attributes":{"Type":"1","count":"3"}},{"shape_attributes":{"name":"circle","cx":880,"cy":594,"r":15},"region_attributes":{"Type":"1","count":"5"}},{"shape_attributes":{"name":"circle","cx":812,"cy":644,"r":18},"region_attributes":{"Type":"1","count":""}},{"shape_attributes":{"name":"circle","cx":785,"cy":728,"r":16},"region_attributes":{"Type":"1","count":""}},{"shape_attributes":{"name":"circle","cx":1028,"cy":613,"r":18},"region_attributes":{"Type":"1","count":"2"}},{"shape_attributes":{"name":"circle","cx":1355,"cy":572,"r":16},"region_attributes":{"Type":"1","count":""}},{"shape_attributes":{"name":"circle","cx":1329,"cy":660,"r":18},"region_attributes":{"Type":"1","count":"2"}}],"file_attributes":{"date":"2023-09-28","temp":"62","rain":"2","neighborhood":"Columbia","total_count":""}}," https://lh3.googleusercontent.com/d/1DEOnlAVa4-eNTqmx8HwdLsBC39VWbxqc\n":{"filename":" https://lh3.googleusercontent.com/d/1DEOnlAVa4-eNTqmx8HwdLsBC39VWbxqc\n","size":-1,"regions":[{"shape_attributes":{"name":"circle","cx":747,"cy":134,"r":19.139},"region_attributes":{"Type":"1","count":""}},{"shape_attributes":{"name":"circle","cx":964,"cy":218,"r":19},"region_attributes":{"Type":"1","count":""}},{"shape_attributes":{"name":"circle","cx":1173,"cy":350,"r":16},"region_attributes":{"Type":"1","count":""}},{"shape_attributes":{"name":"circle","cx":1388,"cy":221,"r":17},"region_attributes":{"Type":"1","count":""}},{"shape_attributes":{"name":"circle","cx":1350,"cy":223,"r":19},"region_attributes":{"Type":"2","count":"2"}},{"shape_attributes":{"name":"circle","cx":1400,"cy":297,"r":17},"region_attributes":{"Type":"1","count":""}},{"shape_attributes":{"name":"circle","cx":1364,"cy":427,"r":19},"region_attributes":{"Type":"1","count":""}},{"shape_attributes":{"name":"circle","cx":1358,"cy":580,"r":20},"region_attributes":{"Type":"1","count":""}},{"shape_attributes":{"name":"circle","cx":1026,"cy":579,"r":15},"region_attributes":{"Type":"1","count":""}},{"shape_attributes":{"name":"circle","cx":965,"cy":508,"r":21},"region_attributes":{"Type":"1","count":""}},{"shape_attributes":{"name":"circle","cx":881,"cy":528,"r":20},"region_attributes":{"Type":"1","count":"3"}},{"shape_attributes":{"name":"circle","cx":881,"cy":591,"r":19},"region_attributes":{"Type":"1","count":"9"}},{"shape_attributes":{"name":"circle","cx":816,"cy":627,"r":16},"region_attributes":{"Type":"1","count":"2"}},{"shape_attributes":{"name":"circle","cx":749,"cy":659,"r":16},"region_attributes":{"Type":"1","count":""}}],"file_attributes":{"date":"2023-10-26","temp":"62","rain":"2","neighborhood":"Columbia","total_count":""}}," https://lh3.googleusercontent.com/d/1ezUu44N9sEIeolireFvQC9jeaKSdad4b\n":{"filename":" https://lh3.googleusercontent.com/d/1ezUu44N9sEIeolireFvQC9jeaKSdad4b\n","size":-1,"regions":[{"shape_attributes":{"name":"circle","cx":771,"cy":131,"r":20},"region_attributes":{"Type":"1","count":""}},{"shape_attributes":{"name":"circle","cx":604,"cy":615,"r":24},"region_attributes":{"Type":"1","count":"2"}},{"shape_attributes":{"name":"circle","cx":817,"cy":594,"r":27},"region_attributes":{"Type":"1","count":"8"}},{"shape_attributes":{"name":"circle","cx":890,"cy":540,"r":21},"region_attributes":{"Type":"1","count":"6"}},{"shape_attributes":{"name":"circle","cx":960,"cy":493,"r":20},"region_attributes":{"Type":"1","count":"2"}},{"shape_attributes":{"name":"circle","cx":960,"cy":610,"r":20},"region_attributes":{"Type":"1","count":""}},{"shape_attributes":{"name":"circle","cx":907,"cy":655,"r":16},"region_attributes":{"Type":"1","count":""}},{"shape_attributes":{"name":"circle","cx":1032,"cy":599,"r":17},"region_attributes":{"Type":"1","count":""}},{"shape_attributes":{"name":"circle","cx":929,"cy":745,"r":22},"region_attributes":{"Type":"1","count":""}},{"shape_attributes":{"name":"circle","cx":1218,"cy":588,"r":20},"region_attributes":{"Type":"1","count":"3"}},{"shape_attributes":{"name":"circle","cx":1171,"cy":512,"r":18},"region_attributes":{"Type":"1","count":""}},{"shape_attributes":{"name":"circle","cx":1249,"cy":624,"r":19},"region_attributes":{"Type":"1","count":""}},{"shape_attributes":{"name":"circle","cx":815,"cy":379,"r":18},"region_attributes":{"Type":"1","count":""}},{"shape_attributes":{"name":"circle","cx":1040,"cy":180,"r":24},"region_attributes":{"Type":"1","count":"2"}},{"shape_attributes":{"name":"circle","cx":1209,"cy":135,"r":24},"region_attributes":{"Type":"1","count":""}},{"shape_attributes":{"name":"circle","cx":1193,"cy":223,"r":29},"region_attributes":{"Type":"2","count":"3"}}],"file_attributes":{"date":"2023-11-30","temp":"55","rain":"2","neighborhood":"Columbia","total_count":""}}," https://lh3.googleusercontent.com/d/1Og9_sW8INUPA27QdlndXRluMSvDZk_jE\n":{"filename":" https://lh3.googleusercontent.com/d/1Og9_sW8INUPA27QdlndXRluMSvDZk_jE\n","size":-1,"regions":[{"shape_attributes":{"name":"circle","cx":616,"cy":652,"r":16},"region_attributes":{"Type":"1","count":""}},{"shape_attributes":{"name":"circle","cx":816,"cy":469,"r":18},"region_attributes":{"Type":"1","count":"2"}},{"shape_attributes":{"name":"circle","cx":879,"cy":506,"r":15},"region_attributes":{"Type":"1","count":""}},{"shape_attributes":{"name":"circle","cx":975,"cy":500,"r":15},"region_attributes":{"Type":"1","count":""}},{"shape_attributes":{"name":"circle","cx":880,"cy":587,"r":17},"region_attributes":{"Type":"1","count":"4"}},{"shape_attributes":{"name":"circle","cx":1037,"cy":578,"r":14},"region_attributes":{"Type":"1","count":""}},{"shape_attributes":{"name":"circle","cx":1394,"cy":565,"r":16},"region_attributes":{"Type":"1","count":"2"}},{"shape_attributes":{"name":"circle","cx":1362,"cy":651,"r":21},"region_attributes":{"Type":"1","count":""}},{"shape_attributes":{"name":"circle","cx":1444,"cy":299,"r":17},"region_attributes":{"Type":"1","count":""}},{"shape_attributes":{"name":"circle","cx":1391,"cy":240,"r":17},"region_attributes":{"Type":"1","count":""}},{"shape_attributes":{"name":"circle","cx":1101,"cy":189,"r":23},"region_attributes":{"Type":"2","count":""}},{"shape_attributes":{"name":"circle","cx":817,"cy":90,"r":21},"region_attributes":{"Type":"1","count":"2"}},{"shape_attributes":{"name":"circle","cx":1399,"cy":182,"r":23},"region_attributes":{"Type":"2","count":"3"}},{"shape_attributes":{"name":"circle","cx":1353,"cy":131,"r":17},"region_attributes":{"Type":"2","count":""}},{"shape_attributes":{"name":"circle","cx":1410,"cy":81,"r":19},"region_attributes":{"Type":"2","count":""}},{"shape_attributes":{"name":"circle","cx":1355,"cy":83,"r":17},"region_attributes":{"Type":"1","count":""}}],"file_attributes":{"date":"2023-12-28","temp":"55","rain":"2","neighborhood":"Columbia","total_count":""}}},"_via_attributes":{"region":{"Type":{"type":"dropdown","description":"","options":{"1":"Individual","2":"Structure","3":"Vehicle"},"default_options":{}},"count":{"type":"text","description":"","default_value":""}},"file":{"date":{"type":"text","description":"","default_value":""},"temp":{"type":"text","description":"","default_value":""},"rain":{"type":"dropdown","description":"","options":{"1":"rain","2":"clear"},"default_options":{"2":true}},"neighborhood":{"type":"text","description":"","default_value":"Columbia"},"total_count":{"type":"text","description":"","default_value":""}}},"_via_data_format_version":"2.0.10","_via_image_id_list":[" https://lh3.googleusercontent.com/d/1djwCzJ2b-FE1AGoaKom4iTn35d7VgCfU\n"," https://lh3.googleusercontent.com/d/131RB-CWqippuqZwDXLG-3ZM4ENi5hqXb\n"," https://lh3.googleusercontent.com/d/1VRi89o-UiZ2_rhcuC6uNgapqpi7OfLGs\n"," https://lh3.googleusercontent.com/d/1tMBcsFsnfpBIjyM6pcJA0OyBoD8-J8-t\n"," https://lh3.googleusercontent.com/d/1AcYP_CYqi1XCVwCTn5w02noI5jpJXd-U\n"," https://lh3.googleusercontent.com/d/1xQ2Up-Tsx26MrZjH_nhKN6g8r6-m6v_y\n"," https://lh3.googleusercontent.com/d/1uapMwBP10goQ699OV87gpLoW1zFc7Cfd\n"," https://lh3.googleusercontent.com/d/1w3FSHtbr_d9nL8wo4_FiBdSDhVQ4TrrG\n"," https://lh3.googleusercontent.com/d/1s2c3bbmjNp31tPhNajdjJHPjZfcPD9Fy\n"," https://lh3.googleusercontent.com/d/1DEOnlAVa4-eNTqmx8HwdLsBC39VWbxqc\n"," https://lh3.googleusercontent.com/d/1ezUu44N9sEIeolireFvQC9jeaKSdad4b\n"," https://lh3.googleusercontent.com/d/1Og9_sW8INUPA27QdlndXRluMSvDZk_jE\n"]}