{"_via_settings":{"ui":{"annotation_editor_height":40,"annotation_editor_fontsize":0.8,"leftsidebar_width":18,"image_grid":{"img_height":80,"rshape_fill":"none","rshape_fill_opacity":0.3,"rshape_stroke":"yellow","rshape_stroke_width":2,"show_region_shape":true,"show_image_policy":"all"},"image":{"region_label":"__via_region_id__","region_color":"__via_default_region_color__","region_label_font":"10px Sans","on_image_annotation_editor_placement":"NEAR_REGION"}},"core":{"buffer_size":18,"filepath":{},"default_filepath":""},"project":{"name":"Columbia_2024_count"}},"_via_img_metadata":{"https://lh3.googleusercontent.com/d/16VRROE_LkeQ2EnxRc16Ah-gSr8Zw2iKy\n":{"filename":"https://lh3.googleusercontent.com/d/16VRROE_LkeQ2EnxRc16Ah-gSr8Zw2iKy\n","size":-1,"regions":[{"shape_attributes":{"name":"circle","cx":1367,"cy":94,"r":18},"region_attributes":{"Type":"2","count":""}},{"shape_attributes":{"name":"circle","cx":1388,"cy":176,"r":23},"region_attributes":{"Type":"2","count":"5"}},{"shape_attributes":{"name":"circle","cx":1412,"cy":87,"r":18},"region_attributes":{"Type":"1","count":"2"}},{"shape_attributes":{"name":"circle","cx":1400,"cy":251,"r":13},"region_attributes":{"Type":"1","count":""}},{"shape_attributes":{"name":"circle","cx":1445,"cy":299,"r":14},"region_attributes":{"Type":"1","count":""}},{"shape_attributes":{"name":"circle","cx":1203,"cy":496,"r":11},"region_attributes":{"Type":"1","count":""}},{"shape_attributes":{"name":"circle","cx":970,"cy":489,"r":18},"region_attributes":{"Type":"1","count":"2"}},{"shape_attributes":{"name":"circle","cx":892,"cy":478,"r":21},"region_attributes":{"Type":"1","count":"10"}},{"shape_attributes":{"name":"circle","cx":807,"cy":420,"r":15},"region_attributes":{"Type":"1","count":"2"}},{"shape_attributes":{"name":"circle","cx":817,"cy":634,"r":13},"region_attributes":{"Type":"1","count":""}},{"shape_attributes":{"name":"circle","cx":936,"cy":733,"r":12},"region_attributes":{"Type":"1","count":""}},{"shape_attributes":{"name":"circle","cx":1252,"cy":733,"r":12},"region_attributes":{"Type":"1","count":""}},{"shape_attributes":{"name":"circle","cx":578,"cy":656,"r":12},"region_attributes":{"Type":"1","count":""}}],"file_attributes":{"date":"2024-01-25","temp":"63","rain":"2","neighborhood":"Columbia","total_count":""}},"https://lh3.googleusercontent.com/d/1adhv9IoylGWPQpKjzXjFHPXHrvZEZZOj\n":{"filename":"https://lh3.googleusercontent.com/d/1adhv9IoylGWPQpKjzXjFHPXHrvZEZZOj\n","size":-1,"regions":[{"shape_attributes":{"name":"circle","cx":1359,"cy":131,"r":23},"region_attributes":{"Type":"2","count":""}},{"shape_attributes":{"name":"circle","cx":1338,"cy":212,"r":22},"region_attributes":{"Type":"2","count":"2"}},{"shape_attributes":{"name":"circle","cx":954,"cy":131,"r":16},"region_attributes":{"Type":"1","count":""}},{"shape_attributes":{"name":"circle","cx":896,"cy":129,"r":21},"region_attributes":{"Type":"1","count":""}},{"shape_attributes":{"name":"circle","cx":596,"cy":453,"r":15},"region_attributes":{"Type":"1","count":""}},{"shape_attributes":{"name":"circle","cx":598,"cy":644,"r":23},"region_attributes":{"Type":"1","count":""}},{"shape_attributes":{"name":"circle","cx":809,"cy":568,"r":22},"region_attributes":{"Type":"1","count":"2"}},{"shape_attributes":{"name":"circle","cx":889,"cy":543,"r":22},"region_attributes":{"Type":"1","count":"8"}},{"shape_attributes":{"name":"circle","cx":961,"cy":508,"r":25},"region_attributes":{"Type":"1","count":"4"}},{"shape_attributes":{"name":"circle","cx":1037,"cy":456,"r":18},"region_attributes":{"Type":"1","count":"2"}},{"shape_attributes":{"name":"circle","cx":1392,"cy":279,"r":16},"region_attributes":{"Type":"1","count":""}},{"shape_attributes":{"name":"circle","cx":1388,"cy":353,"r":19},"region_attributes":{"Type":"1","count":"2"}},{"shape_attributes":{"name":"circle","cx":1323,"cy":499,"r":20},"region_attributes":{"Type":"1","count":""}},{"shape_attributes":{"name":"circle","cx":1404,"cy":491,"r":18},"region_attributes":{"Type":"1","count":""}},{"shape_attributes":{"name":"circle","cx":1175,"cy":515,"r":19},"region_attributes":{"Type":"1","count":""}},{"shape_attributes":{"name":"circle","cx":897,"cy":654,"r":22},"region_attributes":{"Type":"1","count":"2"}},{"shape_attributes":{"name":"circle","cx":1070,"cy":646,"r":21},"region_attributes":{"Type":"1","count":"5"}},{"shape_attributes":{"name":"circle","cx":1178,"cy":651,"r":16},"region_attributes":{"Type":"1","count":""}},{"shape_attributes":{"name":"circle","cx":1385,"cy":653,"r":18},"region_attributes":{"Type":"1","count":""}}],"file_attributes":{"date":"2024-02-22","temp":"52","rain":"2","neighborhood":"Columbia","total_count":""}},"https://lh3.googleusercontent.com/d/1RPcE2dTMtF4vuJ0cJ6_RgtqSxPKQ3ZEs\n":{"filename":"https://lh3.googleusercontent.com/d/1RPcE2dTMtF4vuJ0cJ6_RgtqSxPKQ3ZEs\n","size":-1,"regions":[{"shape_attributes":{"name":"circle","cx":1326,"cy":215,"r":28},"region_attributes":{"Type":"2","count":"3"}},{"shape_attributes":{"name":"circle","cx":819,"cy":287,"r":20},"region_attributes":{"Type":"1","count":""}},{"shape_attributes":{"name":"circle","cx":1103,"cy":372,"r":27},"region_attributes":{"Type":"1","count":""}},{"shape_attributes":{"name":"circle","cx":600,"cy":169,"r":19},"region_attributes":{"Type":"1","count":""}},{"shape_attributes":{"name":"circle","cx":1394,"cy":368,"r":30},"region_attributes":{"Type":"1","count":"2"}},{"shape_attributes":{"name":"circle","cx":1394,"cy":514,"r":20},"region_attributes":{"Type":"1","count":"3"}},{"shape_attributes":{"name":"circle","cx":1394,"cy":655,"r":22},"region_attributes":{"Type":"1","count":""}},{"shape_attributes":{"name":"circle","cx":1173,"cy":521,"r":18},"region_attributes":{"Type":"1","count":""}},{"shape_attributes":{"name":"circle","cx":1032,"cy":523,"r":17},"region_attributes":{"Type":"1","count":""}},{"shape_attributes":{"name":"circle","cx":1015,"cy":748,"r":19},"region_attributes":{"Type":"1","count":""}},{"shape_attributes":{"name":"circle","cx":960,"cy":595,"r":23},"region_attributes":{"Type":"1","count":"6"}},{"shape_attributes":{"name":"circle","cx":900,"cy":483,"r":30},"region_attributes":{"Type":"1","count":"14"}},{"shape_attributes":{"name":"circle","cx":602,"cy":655,"r":19},"region_attributes":{"Type":"1","count":"3"}},{"shape_attributes":{"name":"circle","cx":602,"cy":487,"r":16},"region_attributes":{"Type":"1","count":""}}],"file_attributes":{"date":"2024-03-21","temp":"55","rain":"2","neighborhood":"Columbia","total_count":""}},"https://lh3.googleusercontent.com/d/1rq44Zkqit2Vc6ClIZBU-h1vM8iuQCX6Q\n":{"filename":"https://lh3.googleusercontent.com/d/1rq44Zkqit2Vc6ClIZBU-h1vM8iuQCX6Q\n","size":-1,"regions":[{"shape_attributes":{"name":"circle","cx":1354,"cy":136,"r":18.288},"region_attributes":{"Type":"2","count":"2"}},{"shape_attributes":{"name":"circle","cx":1404,"cy":170,"r":20},"region_attributes":{"Type":"2","count":""}},{"shape_attributes":{"name":"circle","cx":1337,"cy":208,"r":19.235},"region_attributes":{"Type":"2","count":"4"}},{"shape_attributes":{"name":"circle","cx":1058,"cy":141,"r":18},"region_attributes":{"Type":"1","count":""}},{"shape_attributes":{"name":"circle","cx":1407,"cy":291,"r":23},"region_attributes":{"Type":"1","count":""}},{"shape_attributes":{"name":"circle","cx":1344,"cy":583,"r":24},"region_attributes":{"Type":"1","count":""}},{"shape_attributes":{"name":"circle","cx":1184,"cy":650,"r":24},"region_attributes":{"Type":"1","count":""}},{"shape_attributes":{"name":"circle","cx":974,"cy":499,"r":20},"region_attributes":{"Type":"1","count":""}},{"shape_attributes":{"name":"circle","cx":926,"cy":375,"r":23},"region_attributes":{"Type":"1","count":""}},{"shape_attributes":{"name":"circle","cx":599,"cy":478,"r":26},"region_attributes":{"Type":"1","count":""}},{"shape_attributes":{"name":"circle","cx":600,"cy":631,"r":20},"region_attributes":{"Type":"1","count":""}},{"shape_attributes":{"name":"circle","cx":638,"cy":657,"r":22},"region_attributes":{"Type":"1","count":""}},{"shape_attributes":{"name":"circle","cx":815,"cy":535,"r":25},"region_attributes":{"Type":"1","count":"6"}},{"shape_attributes":{"name":"circle","cx":898,"cy":542,"r":18},"region_attributes":{"Type":"1","count":"5"}},{"shape_attributes":{"name":"circle","cx":1201,"cy":511,"r":23},"region_attributes":{"Type":"1","count":"2"}}],"file_attributes":{"date":"2024-04-25","temp":"58","rain":"2","neighborhood":"Columbia","total_count":""}},"https://lh3.googleusercontent.com/d/1Zaj_pyw3GPZY_meCP57obtyrEoLrgx92\n":{"filename":"https://lh3.googleusercontent.com/d/1Zaj_pyw3GPZY_meCP57obtyrEoLrgx92\n","size":-1,"regions":[{"shape_attributes":{"name":"circle","cx":1365,"cy":136,"r":27},"region_attributes":{"Type":"2","count":"2"}},{"shape_attributes":{"name":"circle","cx":1355,"cy":213,"r":21},"region_attributes":{"Type":"2","count":"4"}},{"shape_attributes":{"name":"circle","cx":1324,"cy":177,"r":19.423},"region_attributes":{"Type":"2","count":""}},{"shape_attributes":{"name":"circle","cx":1392,"cy":331,"r":26},"region_attributes":{"Type":"2","count":"2"}},{"shape_attributes":{"name":"circle","cx":1324,"cy":292,"r":18},"region_attributes":{"Type":"2","count":""}},{"shape_attributes":{"name":"circle","cx":1323,"cy":137,"r":17},"region_attributes":{"Type":"1","count":""}},{"shape_attributes":{"name":"circle","cx":1391,"cy":281,"r":19},"region_attributes":{"Type":"1","count":"2"}},{"shape_attributes":{"name":"circle","cx":962,"cy":289,"r":21},"region_attributes":{"Type":"1","count":""}},{"shape_attributes":{"name":"circle","cx":1397,"cy":491,"r":19},"region_attributes":{"Type":"1","count":""}},{"shape_attributes":{"name":"circle","cx":1174,"cy":584,"r":23},"region_attributes":{"Type":"1","count":""}},{"shape_attributes":{"name":"circle","cx":1032,"cy":591,"r":21},"region_attributes":{"Type":"1","count":""}},{"shape_attributes":{"name":"circle","cx":961,"cy":482,"r":24},"region_attributes":{"Type":"1","count":"4"}},{"shape_attributes":{"name":"circle","cx":889,"cy":527,"r":24},"region_attributes":{"Type":"1","count":"5"}},{"shape_attributes":{"name":"circle","cx":817,"cy":615,"r":23},"region_attributes":{"Type":"1","count":"2"}}],"file_attributes":{"date":"2024-05-23","temp":"60","rain":"2","neighborhood":"Columbia","total_count":""}}},"_via_attributes":{"region":{"Type":{"type":"dropdown","description":"","options":{"1":"Individual","2":"Structure","3":"Vehicle"},"default_options":{}},"count":{"type":"text","description":"","default_value":""}},"file":{"date":{"type":"text","description":"","default_value":""},"temp":{"type":"text","description":"","default_value":""},"rain":{"type":"dropdown","description":"","options":{"1":"rain","2":"clear"},"default_options":{"2":true}},"neighborhood":{"type":"text","description":"","default_value":"Columbia"},"total_count":{"type":"text","description":"","default_value":""}}},"_via_data_format_version":"2.0.10","_via_image_id_list":["https://lh3.googleusercontent.com/d/16VRROE_LkeQ2EnxRc16Ah-gSr8Zw2iKy\n","https://lh3.googleusercontent.com/d/1adhv9IoylGWPQpKjzXjFHPXHrvZEZZOj\n","https://lh3.googleusercontent.com/d/1RPcE2dTMtF4vuJ0cJ6_RgtqSxPKQ3ZEs\n","https://lh3.googleusercontent.com/d/1rq44Zkqit2Vc6ClIZBU-h1vM8iuQCX6Q\n","https://lh3.googleusercontent.com/d/1Zaj_pyw3GPZY_meCP57obtyrEoLrgx92\n"]}