{"_via_settings":{"ui":{"annotation_editor_height":50,"annotation_editor_fontsize":0.8,"leftsidebar_width":18,"image_grid":{"img_height":80,"rshape_fill":"none","rshape_fill_opacity":0.3,"rshape_stroke":"yellow","rshape_stroke_width":2,"show_region_shape":true,"show_image_policy":"all"},"image":{"region_label":"__via_region_id__","region_color":"__via_default_region_color__","region_label_font":"10px Sans","on_image_annotation_editor_placement":"NEAR_REGION"}},"core":{"buffer_size":18,"filepath":{},"default_filepath":""},"project":{"name":"Cortez_2024_count"}},"_via_img_metadata":{"https://lh3.googleusercontent.com/d/1nZCxcvLS9gvVcyZCpeuBtMCGbha3t5XQ\n":{"filename":"https://lh3.googleusercontent.com/d/1nZCxcvLS9gvVcyZCpeuBtMCGbha3t5XQ\n","size":-1,"regions":[{"shape_attributes":{"name":"circle","cx":587,"cy":327,"r":16},"region_attributes":{"Type":"3","count":""}},{"shape_attributes":{"name":"circle","cx":643,"cy":306,"r":17},"region_attributes":{"Type":"3","count":""}},{"shape_attributes":{"name":"circle","cx":994,"cy":365,"r":17.218},"region_attributes":{"Type":"3","count":""}},{"shape_attributes":{"name":"circle","cx":482,"cy":285,"r":25},"region_attributes":{"Type":"2","count":"10"}},{"shape_attributes":{"name":"circle","cx":538,"cy":376,"r":16},"region_attributes":{"Type":"2","count":"4"}},{"shape_attributes":{"name":"circle","cx":578,"cy":360,"r":18},"region_attributes":{"Type":"2","count":"20"}},{"shape_attributes":{"name":"circle","cx":646,"cy":356,"r":18},"region_attributes":{"Type":"2","count":"16"}},{"shape_attributes":{"name":"circle","cx":1059,"cy":361,"r":15},"region_attributes":{"Type":"2","count":""}},{"shape_attributes":{"name":"circle","cx":751,"cy":636,"r":19},"region_attributes":{"Type":"2","count":"7"}},{"shape_attributes":{"name":"circle","cx":1474,"cy":685,"r":16},"region_attributes":{"Type":"2","count":""}},{"shape_attributes":{"name":"circle","cx":646,"cy":792,"r":16},"region_attributes":{"Type":"2","count":""}},{"shape_attributes":{"name":"circle","cx":539,"cy":336,"r":13},"region_attributes":{"Type":"1","count":""}},{"shape_attributes":{"name":"circle","cx":581,"cy":385,"r":13},"region_attributes":{"Type":"1","count":"7"}},{"shape_attributes":{"name":"circle","cx":745,"cy":471,"r":19},"region_attributes":{"Type":"1","count":"3"}},{"shape_attributes":{"name":"circle","cx":648,"cy":385,"r":14},"region_attributes":{"Type":"1","count":"6"}},{"shape_attributes":{"name":"circle","cx":488,"cy":465,"r":14},"region_attributes":{"Type":"1","count":""}},{"shape_attributes":{"name":"circle","cx":848,"cy":484,"r":18},"region_attributes":{"Type":"1","count":"6"}},{"shape_attributes":{"name":"circle","cx":866,"cy":531,"r":18},"region_attributes":{"Type":"1","count":"5"}},{"shape_attributes":{"name":"circle","cx":752,"cy":593,"r":19},"region_attributes":{"Type":"1","count":"2"}},{"shape_attributes":{"name":"circle","cx":690,"cy":631,"r":16},"region_attributes":{"Type":"1","count":"2"}},{"shape_attributes":{"name":"circle","cx":679,"cy":745,"r":11},"region_attributes":{"Type":"1","count":""}},{"shape_attributes":{"name":"circle","cx":672,"cy":833,"r":15},"region_attributes":{"Type":"1","count":""}},{"shape_attributes":{"name":"circle","cx":846,"cy":780,"r":19},"region_attributes":{"Type":"1","count":"4"}},{"shape_attributes":{"name":"circle","cx":897,"cy":780,"r":19},"region_attributes":{"Type":"1","count":"2"}},{"shape_attributes":{"name":"circle","cx":1488,"cy":776,"r":13},"region_attributes":{"Type":"1","count":""}},{"shape_attributes":{"name":"circle","cx":1474,"cy":647,"r":13},"region_attributes":{"Type":"1","count":""}},{"shape_attributes":{"name":"circle","cx":1358,"cy":659,"r":13},"region_attributes":{"Type":"1","count":""}},{"shape_attributes":{"name":"circle","cx":1204,"cy":672,"r":11},"region_attributes":{"Type":"1","count":""}},{"shape_attributes":{"name":"circle","cx":1152,"cy":645,"r":13},"region_attributes":{"Type":"1","count":""}},{"shape_attributes":{"name":"circle","cx":1361,"cy":522,"r":16},"region_attributes":{"Type":"1","count":""}}],"file_attributes":{"date":"2024-01-25","temp":"63","rain":"2","neighborhood":"Cortez","total_count":""}},"https://lh3.googleusercontent.com/d/1I7QHZ4DQnNh_vVZkbkfxoHdJOsn4RDCT\n":{"filename":"https://lh3.googleusercontent.com/d/1I7QHZ4DQnNh_vVZkbkfxoHdJOsn4RDCT\n","size":-1,"regions":[{"shape_attributes":{"name":"circle","cx":601,"cy":363,"r":19},"region_attributes":{"Type":"3","count":"5"}},{"shape_attributes":{"name":"circle","cx":657,"cy":376,"r":13},"region_attributes":{"Type":"3","count":""}},{"shape_attributes":{"name":"circle","cx":601,"cy":632,"r":15},"region_attributes":{"Type":"3","count":""}},{"shape_attributes":{"name":"circle","cx":506,"cy":306,"r":21},"region_attributes":{"Type":"2","count":"10"}},{"shape_attributes":{"name":"circle","cx":561,"cy":401,"r":17},"region_attributes":{"Type":"2","count":"8"}},{"shape_attributes":{"name":"circle","cx":604,"cy":407,"r":20},"region_attributes":{"Type":"2","count":"12"}},{"shape_attributes":{"name":"circle","cx":659,"cy":408,"r":19},"region_attributes":{"Type":"2","count":"14"}},{"shape_attributes":{"name":"circle","cx":950,"cy":396,"r":22},"region_attributes":{"Type":"2","count":"3"}},{"shape_attributes":{"name":"circle","cx":951,"cy":467,"r":14},"region_attributes":{"Type":"2","count":""}},{"shape_attributes":{"name":"circle","cx":754,"cy":652,"r":18},"region_attributes":{"Type":"2","count":"5"}},{"shape_attributes":{"name":"circle","cx":597,"cy":678,"r":17},"region_attributes":{"Type":"2","count":"4"}},{"shape_attributes":{"name":"circle","cx":695,"cy":776,"r":16},"region_attributes":{"Type":"2","count":""}},{"shape_attributes":{"name":"circle","cx":1422,"cy":685,"r":22},"region_attributes":{"Type":"2","count":"9"}},{"shape_attributes":{"name":"circle","cx":369,"cy":775,"r":20},"region_attributes":{"Type":"1","count":"2"}},{"shape_attributes":{"name":"circle","cx":1240,"cy":744,"r":21},"region_attributes":{"Type":"1","count":"2"}},{"shape_attributes":{"name":"circle","cx":659,"cy":742,"r":16},"region_attributes":{"Type":"1","count":"2"}},{"shape_attributes":{"name":"circle","cx":946,"cy":514,"r":17},"region_attributes":{"Type":"1","count":"2"}},{"shape_attributes":{"name":"circle","cx":559,"cy":357,"r":19},"region_attributes":{"Type":"1","count":"2"}},{"shape_attributes":{"name":"circle","cx":513,"cy":338,"r":16},"region_attributes":{"Type":"1","count":""}},{"shape_attributes":{"name":"circle","cx":608,"cy":532,"r":15},"region_attributes":{"Type":"1","count":""}},{"shape_attributes":{"name":"circle","cx":465,"cy":812,"r":15},"region_attributes":{"Type":"1","count":""}},{"shape_attributes":{"name":"circle","cx":655,"cy":818,"r":17},"region_attributes":{"Type":"1","count":""}},{"shape_attributes":{"name":"circle","cx":844,"cy":774,"r":15},"region_attributes":{"Type":"1","count":""}},{"shape_attributes":{"name":"circle","cx":1038,"cy":779,"r":15},"region_attributes":{"Type":"1","count":""}},{"shape_attributes":{"name":"circle","cx":750,"cy":607,"r":12},"region_attributes":{"Type":"1","count":""}},{"shape_attributes":{"name":"circle","cx":1039,"cy":487,"r":13},"region_attributes":{"Type":"1","count":""}},{"shape_attributes":{"name":"circle","cx":794,"cy":501,"r":15},"region_attributes":{"Type":"1","count":""}},{"shape_attributes":{"name":"circle","cx":750,"cy":502,"r":22},"region_attributes":{"Type":"1","count":"4"}},{"shape_attributes":{"name":"circle","cx":851,"cy":492,"r":18},"region_attributes":{"Type":"1","count":"5"}},{"shape_attributes":{"name":"circle","cx":866,"cy":539,"r":23},"region_attributes":{"Type":"1","count":"8"}},{"shape_attributes":{"name":"circle","cx":889,"cy":747,"r":20},"region_attributes":{"Type":"1","count":"3"}}],"file_attributes":{"date":"2024-02-22","temp":"55","rain":"2","neighborhood":"Cortez","total_count":""}},"https://lh3.googleusercontent.com/d/1ZPmKcrWE57Ll9vwbj523IUjq_skw014h\n":{"filename":"https://lh3.googleusercontent.com/d/1ZPmKcrWE57Ll9vwbj523IUjq_skw014h\n","size":-1,"regions":[{"shape_attributes":{"name":"circle","cx":407,"cy":815,"r":21},"region_attributes":{"Type":"2","count":""}},{"shape_attributes":{"name":"circle","cx":589,"cy":679,"r":16},"region_attributes":{"Type":"2","count":""}},{"shape_attributes":{"name":"circle","cx":657,"cy":746,"r":24},"region_attributes":{"Type":"2","count":"7"}},{"shape_attributes":{"name":"circle","cx":946,"cy":541,"r":20},"region_attributes":{"Type":"2","count":""}},{"shape_attributes":{"name":"circle","cx":595,"cy":403,"r":22},"region_attributes":{"Type":"2","count":"6"}},{"shape_attributes":{"name":"circle","cx":652,"cy":376,"r":21},"region_attributes":{"Type":"2","count":"2"}},{"shape_attributes":{"name":"circle","cx":1454,"cy":662,"r":24},"region_attributes":{"Type":"2","count":"5"}},{"shape_attributes":{"name":"circle","cx":366,"cy":815,"r":19},"region_attributes":{"Type":"1","count":"3"}},{"shape_attributes":{"name":"circle","cx":596,"cy":530,"r":21},"region_attributes":{"Type":"1","count":"3"}},{"shape_attributes":{"name":"circle","cx":847,"cy":513,"r":12},"region_attributes":{"Type":"1","count":"6"}},{"shape_attributes":{"name":"circle","cx":859,"cy":543,"r":16},"region_attributes":{"Type":"1","count":"8"}},{"shape_attributes":{"name":"circle","cx":981,"cy":390,"r":16},"region_attributes":{"Type":"1","count":"2"}},{"shape_attributes":{"name":"circle","cx":953,"cy":465,"r":14},"region_attributes":{"Type":"1","count":"2"}},{"shape_attributes":{"name":"circle","cx":749,"cy":650,"r":21},"region_attributes":{"Type":"1","count":"2"}},{"shape_attributes":{"name":"circle","cx":655,"cy":408,"r":14},"region_attributes":{"Type":"1","count":"2"}},{"shape_attributes":{"name":"circle","cx":459,"cy":603,"r":15},"region_attributes":{"Type":"1","count":""}},{"shape_attributes":{"name":"circle","cx":462,"cy":680,"r":14},"region_attributes":{"Type":"1","count":""}},{"shape_attributes":{"name":"circle","cx":559,"cy":681,"r":17},"region_attributes":{"Type":"1","count":""}},{"shape_attributes":{"name":"circle","cx":654,"cy":817,"r":16},"region_attributes":{"Type":"1","count":""}},{"shape_attributes":{"name":"circle","cx":750,"cy":535,"r":18},"region_attributes":{"Type":"1","count":""}},{"shape_attributes":{"name":"circle","cx":1033,"cy":386,"r":16},"region_attributes":{"Type":"1","count":""}},{"shape_attributes":{"name":"circle","cx":1128,"cy":667,"r":16},"region_attributes":{"Type":"1","count":""}},{"shape_attributes":{"name":"circle","cx":1031,"cy":754,"r":19},"region_attributes":{"Type":"1","count":""}}],"file_attributes":{"date":"2024-03-21","temp":"55","rain":"2","neighborhood":"Cortez","total_count":""}},"https://lh3.googleusercontent.com/d/1nV-Ruhx-mAwhLQ7A9_1HcPIzLb5Ib5l0\n":{"filename":"https://lh3.googleusercontent.com/d/1nV-Ruhx-mAwhLQ7A9_1HcPIzLb5Ib5l0\n","size":-1,"regions":[{"shape_attributes":{"name":"circle","cx":607,"cy":404,"r":17},"region_attributes":{"Type":"2","count":"7"}},{"shape_attributes":{"name":"circle","cx":663,"cy":397,"r":18},"region_attributes":{"Type":"2","count":"7"}},{"shape_attributes":{"name":"circle","cx":756,"cy":525,"r":22},"region_attributes":{"Type":"2","count":"2"}},{"shape_attributes":{"name":"circle","cx":674,"cy":740,"r":19},"region_attributes":{"Type":"2","count":"6"}},{"shape_attributes":{"name":"circle","cx":660,"cy":794,"r":22},"region_attributes":{"Type":"2","count":"6"}},{"shape_attributes":{"name":"circle","cx":761,"cy":659,"r":17},"region_attributes":{"Type":"2","count":""}},{"shape_attributes":{"name":"circle","cx":515,"cy":314,"r":15},"region_attributes":{"Type":"1","count":""}},{"shape_attributes":{"name":"circle","cx":606,"cy":365,"r":15},"region_attributes":{"Type":"1","count":"3"}},{"shape_attributes":{"name":"circle","cx":1081,"cy":352,"r":13},"region_attributes":{"Type":"1","count":""}},{"shape_attributes":{"name":"circle","cx":1363,"cy":607,"r":17},"region_attributes":{"Type":"1","count":"2"}},{"shape_attributes":{"name":"circle","cx":898,"cy":468,"r":13},"region_attributes":{"Type":"1","count":""}},{"shape_attributes":{"name":"circle","cx":850,"cy":499,"r":13},"region_attributes":{"Type":"1","count":"7"}},{"shape_attributes":{"name":"circle","cx":869,"cy":544,"r":17},"region_attributes":{"Type":"1","count":"2"}},{"shape_attributes":{"name":"circle","cx":802,"cy":502,"r":13},"region_attributes":{"Type":"1","count":""}},{"shape_attributes":{"name":"circle","cx":753,"cy":480,"r":14},"region_attributes":{"Type":"1","count":"3"}},{"shape_attributes":{"name":"circle","cx":760,"cy":612,"r":13},"region_attributes":{"Type":"1","count":""}},{"shape_attributes":{"name":"circle","cx":699,"cy":622,"r":15},"region_attributes":{"Type":"1","count":""}},{"shape_attributes":{"name":"circle","cx":1059,"cy":821,"r":13},"region_attributes":{"Type":"1","count":""}}],"file_attributes":{"date":"2024-04-25","temp":"59","rain":"2","neighborhood":"Cortez","total_count":""}},"https://lh3.googleusercontent.com/d/1XdLe07Grb86YH86SSvS-Ab4nB4kB2GBp\n":{"filename":"https://lh3.googleusercontent.com/d/1XdLe07Grb86YH86SSvS-Ab4nB4kB2GBp\n","size":-1,"regions":[{"shape_attributes":{"name":"circle","cx":661,"cy":480,"r":22},"region_attributes":{"Type":"2","count":"2"}},{"shape_attributes":{"name":"circle","cx":949,"cy":511,"r":16},"region_attributes":{"Type":"2","count":""}},{"shape_attributes":{"name":"circle","cx":697,"cy":627,"r":19},"region_attributes":{"Type":"2","count":"2"}},{"shape_attributes":{"name":"circle","cx":760,"cy":668,"r":19},"region_attributes":{"Type":"2","count":"4"}},{"shape_attributes":{"name":"circle","cx":561,"cy":468,"r":14},"region_attributes":{"Type":"1","count":""}},{"shape_attributes":{"name":"circle","cx":753,"cy":505,"r":15},"region_attributes":{"Type":"1","count":"2"}},{"shape_attributes":{"name":"circle","cx":662,"cy":534,"r":17},"region_attributes":{"Type":"1","count":"2"}},{"shape_attributes":{"name":"circle","cx":793,"cy":533,"r":16},"region_attributes":{"Type":"1","count":"2"}},{"shape_attributes":{"name":"circle","cx":846,"cy":523,"r":17},"region_attributes":{"Type":"1","count":"6"}},{"shape_attributes":{"name":"circle","cx":892,"cy":498,"r":18},"region_attributes":{"Type":"1","count":"5"}},{"shape_attributes":{"name":"circle","cx":941,"cy":466,"r":12},"region_attributes":{"Type":"1","count":""}},{"shape_attributes":{"name":"circle","cx":1080,"cy":614,"r":18},"region_attributes":{"Type":"1","count":""}},{"shape_attributes":{"name":"circle","cx":759,"cy":611,"r":19},"region_attributes":{"Type":"1","count":"9"}},{"shape_attributes":{"name":"circle","cx":659,"cy":674,"r":14},"region_attributes":{"Type":"1","count":""}},{"shape_attributes":{"name":"circle","cx":880,"cy":740,"r":13},"region_attributes":{"Type":"1","count":""}},{"shape_attributes":{"name":"circle","cx":1141,"cy":801,"r":20},"region_attributes":{"Type":"1","count":"3"}},{"shape_attributes":{"name":"circle","cx":1330,"cy":778,"r":16},"region_attributes":{"Type":"1","count":""}}],"file_attributes":{"date":"2024-05-23","temp":"61","rain":"2","neighborhood":"Cortez","total_count":""}}},"_via_attributes":{"region":{"Type":{"type":"dropdown","description":"","options":{"1":"Individual","2":"Structure","3":"Vehicle"},"default_options":{}},"count":{"type":"text","description":"","default_value":""}},"file":{"date":{"type":"text","description":"","default_value":""},"temp":{"type":"text","description":"","default_value":""},"rain":{"type":"dropdown","description":"","options":{"1":"rain","2":"clear"},"default_options":{"2":true}},"neighborhood":{"type":"text","description":"","default_value":"Cortez"},"total_count":{"type":"text","description":"","default_value":""}}},"_via_data_format_version":"2.0.10","_via_image_id_list":["https://lh3.googleusercontent.com/d/1nZCxcvLS9gvVcyZCpeuBtMCGbha3t5XQ\n","https://lh3.googleusercontent.com/d/1I7QHZ4DQnNh_vVZkbkfxoHdJOsn4RDCT\n","https://lh3.googleusercontent.com/d/1ZPmKcrWE57Ll9vwbj523IUjq_skw014h\n","https://lh3.googleusercontent.com/d/1nV-Ruhx-mAwhLQ7A9_1HcPIzLb5Ib5l0\n","https://lh3.googleusercontent.com/d/1XdLe07Grb86YH86SSvS-Ab4nB4kB2GBp\n"]}