{"_via_settings":{"ui":{"annotation_editor_height":60,"annotation_editor_fontsize":0.8,"leftsidebar_width":18,"image_grid":{"img_height":80,"rshape_fill":"none","rshape_fill_opacity":0.3,"rshape_stroke":"yellow","rshape_stroke_width":2,"show_region_shape":true,"show_image_policy":"all"},"image":{"region_label":"count","region_color":"__via_default_region_color__","region_label_font":"10px Sans","on_image_annotation_editor_placement":"NEAR_REGION"}},"core":{"buffer_size":18,"filepath":{},"default_filepath":""},"project":{"name":"Cortez_2023_count"}},"_via_img_metadata":{" https://lh3.googleusercontent.com/d/1Lt-iZ98BRY79iZ79NN3QjomrKpSh0sQs\n":{"filename":" https://lh3.googleusercontent.com/d/1Lt-iZ98BRY79iZ79NN3QjomrKpSh0sQs\n","size":-1,"regions":[{"shape_attributes":{"name":"circle","cx":1323,"cy":338,"r":12},"region_attributes":{"Type":"1","count":""}},{"shape_attributes":{"name":"circle","cx":1131,"cy":323,"r":18},"region_attributes":{"Type":"3","count":""}},{"shape_attributes":{"name":"circle","cx":813,"cy":397,"r":14},"region_attributes":{"Type":"3","count":""}},{"shape_attributes":{"name":"circle","cx":792,"cy":422,"r":13},"region_attributes":{"Type":"2","count":""}},{"shape_attributes":{"name":"circle","cx":661,"cy":399,"r":18},"region_attributes":{"Type":"2","count":"16"}},{"shape_attributes":{"name":"circle","cx":643,"cy":361,"r":12},"region_attributes":{"Type":"3","count":""}},{"shape_attributes":{"name":"circle","cx":606,"cy":377,"r":19},"region_attributes":{"Type":"2","count":"25"}},{"shape_attributes":{"name":"circle","cx":611,"cy":410,"r":13},"region_attributes":{"Type":"1","count":"2"}},{"shape_attributes":{"name":"circle","cx":798,"cy":477,"r":13},"region_attributes":{"Type":"1","count":""}},{"shape_attributes":{"name":"circle","cx":657,"cy":492,"r":14},"region_attributes":{"Type":"2","count":""}},{"shape_attributes":{"name":"circle","cx":545,"cy":530,"r":14},"region_attributes":{"Type":"3","count":""}},{"shape_attributes":{"name":"circle","cx":850,"cy":516,"r":19},"region_attributes":{"Type":"1","count":"10"}},{"shape_attributes":{"name":"circle","cx":746,"cy":527,"r":12},"region_attributes":{"Type":"1","count":""}},{"shape_attributes":{"name":"circle","cx":1144,"cy":700,"r":14},"region_attributes":{"Type":"1","count":"3"}},{"shape_attributes":{"name":"circle","cx":750,"cy":654,"r":18},"region_attributes":{"Type":"2","count":"4"}},{"shape_attributes":{"name":"circle","cx":560,"cy":657,"r":15},"region_attributes":{"Type":"2","count":""}},{"shape_attributes":{"name":"circle","cx":1178,"cy":788,"r":11},"region_attributes":{"Type":"1","count":""}},{"shape_attributes":{"name":"circle","cx":1137,"cy":754,"r":17},"region_attributes":{"Type":"1","count":"4"}},{"shape_attributes":{"name":"circle","cx":1034,"cy":768,"r":13},"region_attributes":{"Type":"1","count":"2"}},{"shape_attributes":{"name":"circle","cx":988,"cy":823,"r":12},"region_attributes":{"Type":"1","count":""}},{"shape_attributes":{"name":"circle","cx":878,"cy":755,"r":13},"region_attributes":{"Type":"2","count":""}},{"shape_attributes":{"name":"circle","cx":865,"cy":841,"r":15},"region_attributes":{"Type":"2","count":""}},{"shape_attributes":{"name":"circle","cx":890,"cy":777,"r":11},"region_attributes":{"Type":"1","count":"2"}},{"shape_attributes":{"name":"circle","cx":678,"cy":753,"r":14},"region_attributes":{"Type":"2","count":""}},{"shape_attributes":{"name":"circle","cx":639,"cy":778,"r":14},"region_attributes":{"Type":"3","count":""}},{"shape_attributes":{"name":"circle","cx":606,"cy":811,"r":11},"region_attributes":{"Type":"1","count":""}},{"shape_attributes":{"name":"circle","cx":652,"cy":808,"r":11},"region_attributes":{"Type":"1","count":""}}],"file_attributes":{"date":"2023-01-31","temp":"60","rain":"1","neighborhood":"Cortez","total_count":""}}," https://lh3.googleusercontent.com/d/1YKXkkLPmZNp3rDAX9S14H0OoT3JNwjI1\n":{"filename":" https://lh3.googleusercontent.com/d/1YKXkkLPmZNp3rDAX9S14H0OoT3JNwjI1\n","size":-1,"regions":[{"shape_attributes":{"name":"circle","cx":594,"cy":368,"r":20},"region_attributes":{"Type":"2","count":"19"}},{"shape_attributes":{"name":"circle","cx":622,"cy":363,"r":13},"region_attributes":{"Type":"3","count":""}},{"shape_attributes":{"name":"circle","cx":620,"cy":391,"r":12},"region_attributes":{"Type":"3","count":""}},{"shape_attributes":{"name":"circle","cx":649,"cy":385,"r":19},"region_attributes":{"Type":"2","count":"17"}},{"shape_attributes":{"name":"circle","cx":557,"cy":668,"r":15},"region_attributes":{"Type":"2","count":""}},{"shape_attributes":{"name":"circle","cx":698,"cy":396,"r":13},"region_attributes":{"Type":"2","count":""}},{"shape_attributes":{"name":"circle","cx":746,"cy":397,"r":14},"region_attributes":{"Type":"2","count":""}},{"shape_attributes":{"name":"circle","cx":603,"cy":405,"r":10},"region_attributes":{"Type":"1","count":""}},{"shape_attributes":{"name":"circle","cx":794,"cy":479,"r":12},"region_attributes":{"Type":"1","count":""}},{"shape_attributes":{"name":"circle","cx":842,"cy":519,"r":12},"region_attributes":{"Type":"1","count":"6"}},{"shape_attributes":{"name":"circle","cx":884,"cy":551,"r":15},"region_attributes":{"Type":"1","count":"2"}},{"shape_attributes":{"name":"circle","cx":603,"cy":549,"r":14},"region_attributes":{"Type":"1","count":""}},{"shape_attributes":{"name":"circle","cx":741,"cy":614,"r":13},"region_attributes":{"Type":"1","count":""}},{"shape_attributes":{"name":"circle","cx":775,"cy":690,"r":13},"region_attributes":{"Type":"1","count":""}},{"shape_attributes":{"name":"circle","cx":880,"cy":687,"r":14},"region_attributes":{"Type":"1","count":""}},{"shape_attributes":{"name":"circle","cx":962,"cy":738,"r":14},"region_attributes":{"Type":"1","count":"2"}},{"shape_attributes":{"name":"circle","cx":932,"cy":773,"r":11},"region_attributes":{"Type":"1","count":""}},{"shape_attributes":{"name":"circle","cx":886,"cy":748,"r":15},"region_attributes":{"Type":"1","count":"2"}},{"shape_attributes":{"name":"circle","cx":837,"cy":759,"r":11},"region_attributes":{"Type":"1","count":""}},{"shape_attributes":{"name":"circle","cx":739,"cy":813,"r":12},"region_attributes":{"Type":"1","count":""}},{"shape_attributes":{"name":"circle","cx":697,"cy":818,"r":13},"region_attributes":{"Type":"1","count":""}},{"shape_attributes":{"name":"circle","cx":644,"cy":817,"r":13},"region_attributes":{"Type":"1","count":""}},{"shape_attributes":{"name":"circle","cx":590,"cy":827,"r":13},"region_attributes":{"Type":"1","count":""}},{"shape_attributes":{"name":"circle","cx":362,"cy":784,"r":14},"region_attributes":{"Type":"1","count":"2"}}],"file_attributes":{"date":"2023-02-23","temp":"47","rain":"1","neighborhood":"Cortez","total_count":""}}," https://lh3.googleusercontent.com/d/1YHwz2bneHrf8L6uChlDfxCkI1bUsrx1W\n":{"filename":" https://lh3.googleusercontent.com/d/1YHwz2bneHrf8L6uChlDfxCkI1bUsrx1W\n","size":-1,"regions":[{"shape_attributes":{"name":"circle","cx":655,"cy":744,"r":17},"region_attributes":{"Type":"1","count":""}},{"shape_attributes":{"name":"circle","cx":611,"cy":414,"r":15},"region_attributes":{"Type":"1","count":"2"}},{"shape_attributes":{"name":"circle","cx":708,"cy":396,"r":15},"region_attributes":{"Type":"1","count":"2"}},{"shape_attributes":{"name":"circle","cx":697,"cy":418,"r":14},"region_attributes":{"Type":"1","count":""}},{"shape_attributes":{"name":"circle","cx":983,"cy":501,"r":15},"region_attributes":{"Type":"1","count":""}},{"shape_attributes":{"name":"circle","cx":976,"cy":603,"r":19},"region_attributes":{"Type":"1","count":""}},{"shape_attributes":{"name":"circle","cx":931,"cy":606,"r":14},"region_attributes":{"Type":"1","count":""}},{"shape_attributes":{"name":"circle","cx":886,"cy":636,"r":18},"region_attributes":{"Type":"1","count":""}},{"shape_attributes":{"name":"circle","cx":886,"cy":682,"r":18},"region_attributes":{"Type":"1","count":""}},{"shape_attributes":{"name":"circle","cx":931,"cy":744,"r":14},"region_attributes":{"Type":"1","count":""}},{"shape_attributes":{"name":"circle","cx":972,"cy":748,"r":15},"region_attributes":{"Type":"1","count":""}},{"shape_attributes":{"name":"circle","cx":932,"cy":817,"r":14},"region_attributes":{"Type":"1","count":""}},{"shape_attributes":{"name":"circle","cx":971,"cy":813,"r":15},"region_attributes":{"Type":"1","count":""}},{"shape_attributes":{"name":"circle","cx":1025,"cy":763,"r":14.539},"region_attributes":{"Type":"1","count":"3"}},{"shape_attributes":{"name":"circle","cx":1022,"cy":814,"r":22},"region_attributes":{"Type":"1","count":"2"}},{"shape_attributes":{"name":"circle","cx":849,"cy":516,"r":18},"region_attributes":{"Type":"1","count":"11"}},{"shape_attributes":{"name":"circle","cx":913,"cy":502,"r":25},"region_attributes":{"Type":"3","count":""}},{"shape_attributes":{"name":"circle","cx":599,"cy":376,"r":31},"region_attributes":{"Type":"2","count":"22"}},{"shape_attributes":{"name":"circle","cx":669,"cy":404,"r":21},"region_attributes":{"Type":"2","count":"10"}},{"shape_attributes":{"name":"circle","cx":789,"cy":415,"r":14},"region_attributes":{"Type":"2","count":""}},{"shape_attributes":{"name":"circle","cx":851,"cy":475,"r":19},"region_attributes":{"Type":"2","count":""}},{"shape_attributes":{"name":"circle","cx":855,"cy":410,"r":23},"region_attributes":{"Type":"2","count":"3"}},{"shape_attributes":{"name":"circle","cx":1039,"cy":314,"r":16},"region_attributes":{"Type":"2","count":""}}],"file_attributes":{"date":"2023-03-30","temp":"52","rain":"1","neighborhood":"Cortez","total_count":""}}," https://lh3.googleusercontent.com/d/18muJnpibDMaSoA44oXS-H9yitxGPlsfG\n":{"filename":" https://lh3.googleusercontent.com/d/18muJnpibDMaSoA44oXS-H9yitxGPlsfG\n","size":-1,"regions":[{"shape_attributes":{"name":"circle","cx":614,"cy":413,"r":12},"region_attributes":{"Type":"1","count":""}},{"shape_attributes":{"name":"circle","cx":568,"cy":475,"r":12},"region_attributes":{"Type":"1","count":""}},{"shape_attributes":{"name":"circle","cx":613,"cy":477,"r":11},"region_attributes":{"Type":"1","count":""}},{"shape_attributes":{"name":"circle","cx":662,"cy":483,"r":13},"region_attributes":{"Type":"1","count":""}},{"shape_attributes":{"name":"circle","cx":756,"cy":475,"r":12},"region_attributes":{"Type":"1","count":""}},{"shape_attributes":{"name":"circle","cx":888,"cy":420,"r":12},"region_attributes":{"Type":"1","count":""}},{"shape_attributes":{"name":"circle","cx":1219,"cy":343,"r":19},"region_attributes":{"Type":"1","count":"2"}},{"shape_attributes":{"name":"circle","cx":1161,"cy":477,"r":16},"region_attributes":{"Type":"1","count":""}},{"shape_attributes":{"name":"circle","cx":1127,"cy":476,"r":16},"region_attributes":{"Type":"1","count":""}},{"shape_attributes":{"name":"circle","cx":1028,"cy":550,"r":12},"region_attributes":{"Type":"1","count":""}},{"shape_attributes":{"name":"circle","cx":882,"cy":541,"r":17},"region_attributes":{"Type":"1","count":"4"}},{"shape_attributes":{"name":"circle","cx":1122,"cy":683,"r":17},"region_attributes":{"Type":"1","count":""}},{"shape_attributes":{"name":"circle","cx":938,"cy":611,"r":13},"region_attributes":{"Type":"1","count":""}},{"shape_attributes":{"name":"circle","cx":846,"cy":622,"r":15},"region_attributes":{"Type":"1","count":"5"}},{"shape_attributes":{"name":"circle","cx":792,"cy":608,"r":13},"region_attributes":{"Type":"1","count":""}},{"shape_attributes":{"name":"circle","cx":661,"cy":684,"r":17},"region_attributes":{"Type":"1","count":"2"}},{"shape_attributes":{"name":"circle","cx":666,"cy":746,"r":15},"region_attributes":{"Type":"1","count":"2"}},{"shape_attributes":{"name":"circle","cx":605,"cy":821,"r":15},"region_attributes":{"Type":"1","count":"2"}},{"shape_attributes":{"name":"circle","cx":751,"cy":743,"r":12},"region_attributes":{"Type":"1","count":""}},{"shape_attributes":{"name":"circle","cx":848,"cy":742,"r":10},"region_attributes":{"Type":"1","count":""}},{"shape_attributes":{"name":"circle","cx":940,"cy":740,"r":11},"region_attributes":{"Type":"1","count":""}},{"shape_attributes":{"name":"circle","cx":1388,"cy":582,"r":22},"region_attributes":{"Type":"3","count":""}},{"shape_attributes":{"name":"circle","cx":719,"cy":425,"r":16},"region_attributes":{"Type":"1","count":"4"}},{"shape_attributes":{"name":"circle","cx":525,"cy":320,"r":18},"region_attributes":{"Type":"2","count":""}},{"shape_attributes":{"name":"circle","cx":612,"cy":380,"r":18},"region_attributes":{"Type":"2","count":""}},{"shape_attributes":{"name":"circle","cx":678,"cy":414,"r":27},"region_attributes":{"Type":"2","count":"33"}},{"shape_attributes":{"name":"circle","cx":791,"cy":416,"r":16},"region_attributes":{"Type":"2","count":""}},{"shape_attributes":{"name":"circle","cx":964,"cy":346,"r":24},"region_attributes":{"Type":"2","count":"2"}},{"shape_attributes":{"name":"circle","cx":946,"cy":419,"r":24},"region_attributes":{"Type":"2","count":"2"}},{"shape_attributes":{"name":"circle","cx":847,"cy":509,"r":20},"region_attributes":{"Type":"2","count":"3"}}],"file_attributes":{"date":"2023-04-27","temp":"59","rain":"2","neighborhood":"Cortez","total_count":""}}," https://lh3.googleusercontent.com/d/1pEbMNuZh-FL-eGRTu5enuWCcp7ifZqOj\n":{"filename":" https://lh3.googleusercontent.com/d/1pEbMNuZh-FL-eGRTu5enuWCcp7ifZqOj\n","size":-1,"regions":[{"shape_attributes":{"name":"circle","cx":548,"cy":369,"r":13},"region_attributes":{"Type":"1","count":""}},{"shape_attributes":{"name":"circle","cx":547,"cy":397,"r":13},"region_attributes":{"Type":"1","count":""}},{"shape_attributes":{"name":"circle","cx":590,"cy":367,"r":15},"region_attributes":{"Type":"1","count":"2"}},{"shape_attributes":{"name":"circle","cx":650,"cy":389,"r":13},"region_attributes":{"Type":"1","count":"2"}},{"shape_attributes":{"name":"circle","cx":603,"cy":432,"r":14},"region_attributes":{"Type":"1","count":"2"}},{"shape_attributes":{"name":"circle","cx":739,"cy":408,"r":12},"region_attributes":{"Type":"1","count":""}},{"shape_attributes":{"name":"circle","cx":1030,"cy":373,"r":12},"region_attributes":{"Type":"1","count":""}},{"shape_attributes":{"name":"circle","cx":1032,"cy":414,"r":16},"region_attributes":{"Type":"1","count":""}},{"shape_attributes":{"name":"circle","cx":687,"cy":475,"r":16},"region_attributes":{"Type":"1","count":""}},{"shape_attributes":{"name":"circle","cx":937,"cy":471,"r":13},"region_attributes":{"Type":"1","count":""}},{"shape_attributes":{"name":"circle","cx":1035,"cy":474,"r":15},"region_attributes":{"Type":"1","count":""}},{"shape_attributes":{"name":"circle","cx":597,"cy":553,"r":14},"region_attributes":{"Type":"1","count":""}},{"shape_attributes":{"name":"circle","cx":882,"cy":529,"r":20},"region_attributes":{"Type":"1","count":"6"}},{"shape_attributes":{"name":"circle","cx":844,"cy":547,"r":19},"region_attributes":{"Type":"1","count":"8"}},{"shape_attributes":{"name":"circle","cx":978,"cy":550,"r":16},"region_attributes":{"Type":"1","count":"2"}},{"shape_attributes":{"name":"circle","cx":502,"cy":614,"r":13},"region_attributes":{"Type":"1","count":""}},{"shape_attributes":{"name":"circle","cx":367,"cy":835,"r":13},"region_attributes":{"Type":"1","count":""}},{"shape_attributes":{"name":"circle","cx":691,"cy":687,"r":17},"region_attributes":{"Type":"1","count":"3"}},{"shape_attributes":{"name":"circle","cx":748,"cy":691,"r":13},"region_attributes":{"Type":"1","count":""}},{"shape_attributes":{"name":"circle","cx":558,"cy":758,"r":22},"region_attributes":{"Type":"1","count":"2"}},{"shape_attributes":{"name":"circle","cx":842,"cy":754,"r":13},"region_attributes":{"Type":"1","count":""}},{"shape_attributes":{"name":"circle","cx":1037,"cy":752,"r":17},"region_attributes":{"Type":"1","count":"3"}},{"shape_attributes":{"name":"circle","cx":943,"cy":827,"r":17},"region_attributes":{"Type":"1","count":"3"}},{"shape_attributes":{"name":"circle","cx":1033,"cy":816,"r":17},"region_attributes":{"Type":"1","count":"2"}},{"shape_attributes":{"name":"circle","cx":1078,"cy":831,"r":16},"region_attributes":{"Type":"1","count":"3"}},{"shape_attributes":{"name":"circle","cx":1322,"cy":829,"r":16},"region_attributes":{"Type":"1","count":""}},{"shape_attributes":{"name":"circle","cx":1318,"cy":609,"r":14},"region_attributes":{"Type":"1","count":""}},{"shape_attributes":{"name":"circle","cx":587,"cy":407,"r":30},"region_attributes":{"Type":"2","count":"5"}},{"shape_attributes":{"name":"circle","cx":677,"cy":409,"r":25},"region_attributes":{"Type":"2","count":"21"}},{"shape_attributes":{"name":"circle","cx":784,"cy":412,"r":23},"region_attributes":{"Type":"2","count":"2"}},{"shape_attributes":{"name":"circle","cx":775,"cy":356,"r":19},"region_attributes":{"Type":"2","count":""}},{"shape_attributes":{"name":"circle","cx":843,"cy":413,"r":19},"region_attributes":{"Type":"2","count":""}},{"shape_attributes":{"name":"circle","cx":945,"cy":410,"r":25},"region_attributes":{"Type":"2","count":"3"}},{"shape_attributes":{"name":"circle","cx":557,"cy":478,"r":23},"region_attributes":{"Type":"2","count":"2"}},{"shape_attributes":{"name":"circle","cx":844,"cy":487,"r":23},"region_attributes":{"Type":"2","count":"2"}},{"shape_attributes":{"name":"circle","cx":692,"cy":535,"r":19},"region_attributes":{"Type":"2","count":""}},{"shape_attributes":{"name":"circle","cx":595,"cy":690,"r":17},"region_attributes":{"Type":"2","count":""}}],"file_attributes":{"date":"2023-05-25","temp":"60","rain":"2","neighborhood":"Cortez","total_count":""}}," https://lh3.googleusercontent.com/d/1kCMxfov8ZOlPP-gonASdGTJICiw8gcmy\n":{"filename":" https://lh3.googleusercontent.com/d/1kCMxfov8ZOlPP-gonASdGTJICiw8gcmy\n","size":-1,"regions":[{"shape_attributes":{"name":"circle","cx":475,"cy":615,"r":12},"region_attributes":{"Type":"1","count":""}},{"shape_attributes":{"name":"circle","cx":602,"cy":740,"r":12},"region_attributes":{"Type":"1","count":""}},{"shape_attributes":{"name":"circle","cx":658,"cy":783,"r":12.527},"region_attributes":{"Type":"1","count":""}},{"shape_attributes":{"name":"circle","cx":710,"cy":797,"r":17},"region_attributes":{"Type":"1","count":"2"}},{"shape_attributes":{"name":"circle","cx":680,"cy":739,"r":14},"region_attributes":{"Type":"1","count":""}},{"shape_attributes":{"name":"circle","cx":700,"cy":684,"r":13},"region_attributes":{"Type":"1","count":""}},{"shape_attributes":{"name":"circle","cx":800,"cy":685,"r":15},"region_attributes":{"Type":"1","count":""}},{"shape_attributes":{"name":"circle","cx":758,"cy":612,"r":12},"region_attributes":{"Type":"1","count":""}},{"shape_attributes":{"name":"circle","cx":1050,"cy":816,"r":15},"region_attributes":{"Type":"1","count":""}},{"shape_attributes":{"name":"circle","cx":1263,"cy":744,"r":14},"region_attributes":{"Type":"1","count":""}},{"shape_attributes":{"name":"circle","cx":1267,"cy":655,"r":13},"region_attributes":{"Type":"1","count":""}},{"shape_attributes":{"name":"circle","cx":986,"cy":663,"r":16},"region_attributes":{"Type":"1","count":"2"}},{"shape_attributes":{"name":"circle","cx":849,"cy":628,"r":11},"region_attributes":{"Type":"1","count":""}},{"shape_attributes":{"name":"circle","cx":881,"cy":554,"r":14},"region_attributes":{"Type":"1","count":"8"}},{"shape_attributes":{"name":"circle","cx":797,"cy":512,"r":16},"region_attributes":{"Type":"1","count":"8"}},{"shape_attributes":{"name":"circle","cx":846,"cy":527,"r":14},"region_attributes":{"Type":"1","count":""}},{"shape_attributes":{"name":"circle","cx":884,"cy":468,"r":14},"region_attributes":{"Type":"1","count":""}},{"shape_attributes":{"name":"circle","cx":1040,"cy":416,"r":16},"region_attributes":{"Type":"1","count":"2"}},{"shape_attributes":{"name":"circle","cx":666,"cy":387,"r":14},"region_attributes":{"Type":"1","count":"7"}},{"shape_attributes":{"name":"circle","cx":611,"cy":388,"r":20},"region_attributes":{"Type":"2","count":"4"}},{"shape_attributes":{"name":"circle","cx":675,"cy":416,"r":22},"region_attributes":{"Type":"2","count":"34"}}],"file_attributes":{"date":"2023-06-28","temp":"58","rain":"2","neighborhood":"Cortez","total_count":""}}," https://lh3.googleusercontent.com/d/144KSyDkQghF37kPonqe-nz-VVBv8PIFL\n":{"filename":" https://lh3.googleusercontent.com/d/144KSyDkQghF37kPonqe-nz-VVBv8PIFL\n","size":-1,"regions":[{"shape_attributes":{"name":"circle","cx":605,"cy":367,"r":14},"region_attributes":{"Type":"1","count":"6"}},{"shape_attributes":{"name":"circle","cx":650,"cy":388,"r":12},"region_attributes":{"Type":"1","count":"3"}},{"shape_attributes":{"name":"circle","cx":784,"cy":398,"r":11},"region_attributes":{"Type":"1","count":"2"}},{"shape_attributes":{"name":"circle","cx":923,"cy":406,"r":13},"region_attributes":{"Type":"1","count":"2"}},{"shape_attributes":{"name":"circle","cx":933,"cy":549,"r":13},"region_attributes":{"Type":"1","count":""}},{"shape_attributes":{"name":"circle","cx":834,"cy":508,"r":15},"region_attributes":{"Type":"1","count":"6"}},{"shape_attributes":{"name":"circle","cx":856,"cy":550,"r":16},"region_attributes":{"Type":"1","count":"5"}},{"shape_attributes":{"name":"circle","cx":747,"cy":547,"r":13},"region_attributes":{"Type":"1","count":"2"}},{"shape_attributes":{"name":"circle","cx":784,"cy":471,"r":11},"region_attributes":{"Type":"1","count":""}},{"shape_attributes":{"name":"circle","cx":668,"cy":463,"r":15},"region_attributes":{"Type":"1","count":"2"}},{"shape_attributes":{"name":"circle","cx":734,"cy":644,"r":12},"region_attributes":{"Type":"1","count":""}},{"shape_attributes":{"name":"circle","cx":669,"cy":729,"r":11},"region_attributes":{"Type":"1","count":""}},{"shape_attributes":{"name":"circle","cx":641,"cy":761,"r":9},"region_attributes":{"Type":"1","count":""}},{"shape_attributes":{"name":"circle","cx":691,"cy":783,"r":12},"region_attributes":{"Type":"1","count":""}},{"shape_attributes":{"name":"circle","cx":662,"cy":818,"r":9},"region_attributes":{"Type":"1","count":""}},{"shape_attributes":{"name":"circle","cx":930,"cy":816,"r":16},"region_attributes":{"Type":"1","count":""}},{"shape_attributes":{"name":"circle","cx":603,"cy":397,"r":19},"region_attributes":{"Type":"2","count":"5"}},{"shape_attributes":{"name":"circle","cx":654,"cy":411,"r":18},"region_attributes":{"Type":"2","count":"17"}},{"shape_attributes":{"name":"circle","cx":780,"cy":416,"r":15},"region_attributes":{"Type":"2","count":"6"}},{"shape_attributes":{"name":"circle","cx":835,"cy":403,"r":20},"region_attributes":{"Type":"2","count":"10"}},{"shape_attributes":{"name":"circle","cx":833,"cy":476,"r":14},"region_attributes":{"Type":"2","count":""}}],"file_attributes":{"date":"2023-07-27","temp":"67","rain":"2","neighborhood":"Cortez","total_count":""}}," https://lh3.googleusercontent.com/d/1KGQWlOU8bin7O8IT1eN-sT5J0U2jIqLX\n":{"filename":" https://lh3.googleusercontent.com/d/1KGQWlOU8bin7O8IT1eN-sT5J0U2jIqLX\n","size":-1,"regions":[{"shape_attributes":{"name":"circle","cx":558,"cy":375,"r":13},"region_attributes":{"Type":"1","count":""}},{"shape_attributes":{"name":"circle","cx":660,"cy":327,"r":18},"region_attributes":{"Type":"1","count":"4"}},{"shape_attributes":{"name":"circle","cx":609,"cy":397,"r":16},"region_attributes":{"Type":"1","count":"2"}},{"shape_attributes":{"name":"circle","cx":898,"cy":393,"r":14},"region_attributes":{"Type":"1","count":""}},{"shape_attributes":{"name":"circle","cx":1030,"cy":498,"r":17},"region_attributes":{"Type":"1","count":""}},{"shape_attributes":{"name":"circle","cx":950,"cy":543,"r":13},"region_attributes":{"Type":"1","count":""}},{"shape_attributes":{"name":"circle","cx":892,"cy":485,"r":14},"region_attributes":{"Type":"1","count":""}},{"shape_attributes":{"name":"circle","cx":845,"cy":515,"r":14},"region_attributes":{"Type":"1","count":"6"}},{"shape_attributes":{"name":"circle","cx":867,"cy":546,"r":14},"region_attributes":{"Type":"1","count":""}},{"shape_attributes":{"name":"circle","cx":792,"cy":467,"r":15},"region_attributes":{"Type":"1","count":"2"}},{"shape_attributes":{"name":"circle","cx":750,"cy":519,"r":15},"region_attributes":{"Type":"1","count":""}},{"shape_attributes":{"name":"circle","cx":604,"cy":526,"r":13},"region_attributes":{"Type":"1","count":"2"}},{"shape_attributes":{"name":"circle","cx":955,"cy":682,"r":15},"region_attributes":{"Type":"1","count":""}},{"shape_attributes":{"name":"circle","cx":841,"cy":657,"r":13},"region_attributes":{"Type":"1","count":""}},{"shape_attributes":{"name":"circle","cx":678,"cy":595,"r":14},"region_attributes":{"Type":"1","count":"2"}},{"shape_attributes":{"name":"circle","cx":1057,"cy":821,"r":14},"region_attributes":{"Type":"1","count":""}},{"shape_attributes":{"name":"circle","cx":937,"cy":784,"r":16},"region_attributes":{"Type":"1","count":"3"}},{"shape_attributes":{"name":"circle","cx":667,"cy":823,"r":12},"region_attributes":{"Type":"1","count":""}},{"shape_attributes":{"name":"circle","cx":605,"cy":655,"r":18},"region_attributes":{"Type":"2","count":""}},{"shape_attributes":{"name":"circle","cx":701,"cy":775,"r":13},"region_attributes":{"Type":"2","count":""}},{"shape_attributes":{"name":"circle","cx":610,"cy":371,"r":16},"region_attributes":{"Type":"2","count":""}},{"shape_attributes":{"name":"circle","cx":660,"cy":382,"r":23},"region_attributes":{"Type":"2","count":"16"}}],"file_attributes":{"date":"2023-09-01","temp":"66","rain":"2","neighborhood":"Cortez","total_count":""}}," https://lh3.googleusercontent.com/d/1vV-0DZiSMBlNX_Gm_1x_Fh4XlvV9ritj\n":{"filename":" https://lh3.googleusercontent.com/d/1vV-0DZiSMBlNX_Gm_1x_Fh4XlvV9ritj\n","size":-1,"regions":[{"shape_attributes":{"name":"circle","cx":603,"cy":366,"r":18},"region_attributes":{"Type":"2","count":"7"}},{"shape_attributes":{"name":"circle","cx":655,"cy":376,"r":15},"region_attributes":{"Type":"2","count":"10"}},{"shape_attributes":{"name":"circle","cx":843,"cy":388,"r":14},"region_attributes":{"Type":"2","count":"5"}},{"shape_attributes":{"name":"circle","cx":797,"cy":413,"r":14},"region_attributes":{"Type":"2","count":"5"}},{"shape_attributes":{"name":"circle","cx":655,"cy":768,"r":20},"region_attributes":{"Type":"2","count":"4"}},{"shape_attributes":{"name":"circle","cx":783,"cy":739,"r":15},"region_attributes":{"Type":"2","count":""}},{"shape_attributes":{"name":"circle","cx":747,"cy":789,"r":14},"region_attributes":{"Type":"2","count":""}},{"shape_attributes":{"name":"circle","cx":605,"cy":395,"r":14},"region_attributes":{"Type":"1","count":"4"}},{"shape_attributes":{"name":"circle","cx":511,"cy":503,"r":18},"region_attributes":{"Type":"1","count":"4"}},{"shape_attributes":{"name":"circle","cx":654,"cy":402,"r":15},"region_attributes":{"Type":"1","count":"4"}},{"shape_attributes":{"name":"circle","cx":692,"cy":416,"r":14},"region_attributes":{"Type":"1","count":""}},{"shape_attributes":{"name":"circle","cx":843,"cy":408,"r":16},"region_attributes":{"Type":"1","count":"2"}},{"shape_attributes":{"name":"circle","cx":780,"cy":461,"r":13},"region_attributes":{"Type":"1","count":""}},{"shape_attributes":{"name":"circle","cx":801,"cy":389,"r":14},"region_attributes":{"Type":"1","count":"3"}},{"shape_attributes":{"name":"circle","cx":842,"cy":507,"r":16},"region_attributes":{"Type":"1","count":"9"}},{"shape_attributes":{"name":"circle","cx":872,"cy":552,"r":16},"region_attributes":{"Type":"1","count":"4"}},{"shape_attributes":{"name":"circle","cx":988,"cy":646,"r":13},"region_attributes":{"Type":"1","count":""}},{"shape_attributes":{"name":"circle","cx":747,"cy":645,"r":16},"region_attributes":{"Type":"1","count":"2"}},{"shape_attributes":{"name":"circle","cx":698,"cy":644,"r":14},"region_attributes":{"Type":"1","count":""}},{"shape_attributes":{"name":"circle","cx":651,"cy":805,"r":11},"region_attributes":{"Type":"1","count":""}},{"shape_attributes":{"name":"circle","cx":411,"cy":781,"r":11},"region_attributes":{"Type":"1","count":""}},{"shape_attributes":{"name":"circle","cx":755,"cy":740,"r":13},"region_attributes":{"Type":"1","count":"3"}},{"shape_attributes":{"name":"circle","cx":795,"cy":811,"r":12},"region_attributes":{"Type":"1","count":""}},{"shape_attributes":{"name":"circle","cx":891,"cy":784,"r":16},"region_attributes":{"Type":"1","count":"2"}},{"shape_attributes":{"name":"circle","cx":1130,"cy":745,"r":12},"region_attributes":{"Type":"1","count":""}}],"file_attributes":{"date":"2023-09-28","temp":"62","rain":"2","neighborhood":"Cortez","total_count":""}}," https://lh3.googleusercontent.com/d/1iJr2kFcB7PMxL0Ddq80PCT3JGDAsQaM_\n":{"filename":" https://lh3.googleusercontent.com/d/1iJr2kFcB7PMxL0Ddq80PCT3JGDAsQaM_\n","size":-1,"regions":[{"shape_attributes":{"name":"circle","cx":998,"cy":383,"r":14},"region_attributes":{"Type":"3","count":""}},{"shape_attributes":{"name":"circle","cx":607,"cy":377,"r":18},"region_attributes":{"Type":"2","count":"3"}},{"shape_attributes":{"name":"circle","cx":798,"cy":362,"r":15},"region_attributes":{"Type":"2","count":""}},{"shape_attributes":{"name":"circle","cx":748,"cy":654,"r":16},"region_attributes":{"Type":"2","count":"2"}},{"shape_attributes":{"name":"circle","cx":699,"cy":760,"r":16},"region_attributes":{"Type":"2","count":""}},{"shape_attributes":{"name":"circle","cx":1418,"cy":691,"r":24},"region_attributes":{"Type":"2","count":"8"}},{"shape_attributes":{"name":"circle","cx":1031,"cy":395,"r":14},"region_attributes":{"Type":"1","count":""}},{"shape_attributes":{"name":"circle","cx":848,"cy":516,"r":25},"region_attributes":{"Type":"1","count":"12"}},{"shape_attributes":{"name":"circle","cx":865,"cy":549,"r":16},"region_attributes":{"Type":"1","count":"5"}},{"shape_attributes":{"name":"circle","cx":746,"cy":528,"r":13},"region_attributes":{"Type":"1","count":"1"}},{"shape_attributes":{"name":"circle","cx":608,"cy":522,"r":15},"region_attributes":{"Type":"1","count":"2"}},{"shape_attributes":{"name":"circle","cx":581,"cy":598,"r":13},"region_attributes":{"Type":"1","count":"2"}},{"shape_attributes":{"name":"circle","cx":652,"cy":621,"r":13},"region_attributes":{"Type":"1","count":""}},{"shape_attributes":{"name":"circle","cx":606,"cy":639,"r":13},"region_attributes":{"Type":"1","count":""}},{"shape_attributes":{"name":"circle","cx":593,"cy":688,"r":18},"region_attributes":{"Type":"1","count":"2"}},{"shape_attributes":{"name":"circle","cx":744,"cy":626,"r":13},"region_attributes":{"Type":"1","count":""}},{"shape_attributes":{"name":"circle","cx":960,"cy":598,"r":18},"region_attributes":{"Type":"1","count":""}},{"shape_attributes":{"name":"circle","cx":889,"cy":763,"r":12},"region_attributes":{"Type":"1","count":""}},{"shape_attributes":{"name":"circle","cx":1428,"cy":654,"r":18},"region_attributes":{"Type":"1","count":"4"}},{"shape_attributes":{"name":"circle","cx":1408,"cy":762,"r":12},"region_attributes":{"Type":"1","count":""}},{"shape_attributes":{"name":"circle","cx":658,"cy":383,"r":27},"region_attributes":{"Type":"2","count":"19"}}],"file_attributes":{"date":"2023-10-26","temp":"62","rain":"2","neighborhood":"Cortez","total_count":""}}," https://lh3.googleusercontent.com/d/1lLSJKzWOlj86nhUzmiT0WtHH_8v2SmZO\n":{"filename":" https://lh3.googleusercontent.com/d/1lLSJKzWOlj86nhUzmiT0WtHH_8v2SmZO\n","size":-1,"regions":[{"shape_attributes":{"name":"circle","cx":646,"cy":334,"r":15},"region_attributes":{"Type":"3","count":""}},{"shape_attributes":{"name":"circle","cx":601,"cy":363,"r":17},"region_attributes":{"Type":"1","count":"5"}},{"shape_attributes":{"name":"circle","cx":575,"cy":415,"r":13},"region_attributes":{"Type":"1","count":""}},{"shape_attributes":{"name":"circle","cx":655,"cy":411,"r":14},"region_attributes":{"Type":"1","count":"2"}},{"shape_attributes":{"name":"circle","cx":748,"cy":480,"r":15},"region_attributes":{"Type":"1","count":"6"}},{"shape_attributes":{"name":"circle","cx":847,"cy":496,"r":23},"region_attributes":{"Type":"1","count":"10"}},{"shape_attributes":{"name":"circle","cx":591,"cy":548,"r":20},"region_attributes":{"Type":"1","count":"4"}},{"shape_attributes":{"name":"circle","cx":581,"cy":601,"r":14},"region_attributes":{"Type":"1","count":""}},{"shape_attributes":{"name":"circle","cx":577,"cy":689,"r":19},"region_attributes":{"Type":"1","count":"3"}},{"shape_attributes":{"name":"circle","cx":576,"cy":742,"r":15},"region_attributes":{"Type":"1","count":""}},{"shape_attributes":{"name":"circle","cx":675,"cy":742,"r":16},"region_attributes":{"Type":"1","count":""}},{"shape_attributes":{"name":"circle","cx":890,"cy":774,"r":17},"region_attributes":{"Type":"1","count":"3"}},{"shape_attributes":{"name":"circle","cx":1033,"cy":761,"r":16},"region_attributes":{"Type":"1","count":""}},{"shape_attributes":{"name":"circle","cx":1418,"cy":833,"r":14},"region_attributes":{"Type":"1","count":""}},{"shape_attributes":{"name":"circle","cx":865,"cy":554,"r":14},"region_attributes":{"Type":"1","count":"8"}},{"shape_attributes":{"name":"circle","cx":649,"cy":382,"r":17},"region_attributes":{"Type":"2","count":"7"}},{"shape_attributes":{"name":"circle","cx":604,"cy":396,"r":20},"region_attributes":{"Type":"2","count":"16"}},{"shape_attributes":{"name":"circle","cx":1425,"cy":701,"r":23},"region_attributes":{"Type":"2","count":"2"}},{"shape_attributes":{"name":"circle","cx":749,"cy":518,"r":15},"region_attributes":{"Type":"2","count":""}}],"file_attributes":{"date":"2023-11-30","temp":"56","rain":"1","neighborhood":"Cortez","total_count":""}}," https://lh3.googleusercontent.com/d/17N2HimISm9lB6NQYPdmq09Vm-AuySRGj\n":{"filename":" https://lh3.googleusercontent.com/d/17N2HimISm9lB6NQYPdmq09Vm-AuySRGj\n","size":-1,"regions":[{"shape_attributes":{"name":"circle","cx":1457,"cy":652,"r":22},"region_attributes":{"Type":"2","count":"7"}},{"shape_attributes":{"name":"circle","cx":664,"cy":473,"r":25},"region_attributes":{"Type":"2","count":"20"}},{"shape_attributes":{"name":"circle","cx":606,"cy":486,"r":19},"region_attributes":{"Type":"2","count":"2"}},{"shape_attributes":{"name":"circle","cx":565,"cy":464,"r":22},"region_attributes":{"Type":"2","count":"5"}},{"shape_attributes":{"name":"circle","cx":753,"cy":616,"r":21},"region_attributes":{"Type":"2","count":"2"}},{"shape_attributes":{"name":"circle","cx":608,"cy":600,"r":18},"region_attributes":{"Type":"2","count":""}},{"shape_attributes":{"name":"circle","cx":942,"cy":400,"r":15},"region_attributes":{"Type":"1","count":""}},{"shape_attributes":{"name":"circle","cx":976,"cy":398,"r":17},"region_attributes":{"Type":"1","count":"2"}},{"shape_attributes":{"name":"circle","cx":848,"cy":484,"r":19},"region_attributes":{"Type":"1","count":"8"}},{"shape_attributes":{"name":"circle","cx":862,"cy":534,"r":17},"region_attributes":{"Type":"1","count":"5"}},{"shape_attributes":{"name":"circle","cx":755,"cy":495,"r":15},"region_attributes":{"Type":"1","count":"3"}},{"shape_attributes":{"name":"circle","cx":697,"cy":502,"r":13},"region_attributes":{"Type":"1","count":""}},{"shape_attributes":{"name":"circle","cx":659,"cy":514,"r":20},"region_attributes":{"Type":"1","count":"5"}},{"shape_attributes":{"name":"circle","cx":603,"cy":524,"r":16},"region_attributes":{"Type":"1","count":"4"}},{"shape_attributes":{"name":"circle","cx":562,"cy":515,"r":16},"region_attributes":{"Type":"1","count":""}},{"shape_attributes":{"name":"circle","cx":583,"cy":597,"r":15},"region_attributes":{"Type":"1","count":""}},{"shape_attributes":{"name":"circle","cx":752,"cy":656,"r":14},"region_attributes":{"Type":"1","count":""}},{"shape_attributes":{"name":"circle","cx":848,"cy":652,"r":19},"region_attributes":{"Type":"1","count":""}},{"shape_attributes":{"name":"circle","cx":867,"cy":732,"r":14},"region_attributes":{"Type":"1","count":""}},{"shape_attributes":{"name":"circle","cx":948,"cy":759,"r":18},"region_attributes":{"Type":"1","count":"2"}},{"shape_attributes":{"name":"circle","cx":1457,"cy":687,"r":17},"region_attributes":{"Type":"1","count":"4"}}],"file_attributes":{"date":"2023-12-28","temp":"55","rain":"2","neighborhood":"Cortez","total_count":""}}},"_via_attributes":{"region":{"Type":{"type":"dropdown","description":"","options":{"1":"Individual","2":"Structure","3":"Vehicle"},"default_options":{}},"count":{"type":"text","description":"","default_value":""}},"file":{"date":{"type":"text","description":"","default_value":""},"temp":{"type":"text","description":"","default_value":""},"rain":{"type":"dropdown","description":"","options":{"1":"rain","2":"clear"},"default_options":{"2":true}},"neighborhood":{"type":"text","description":"","default_value":"Cortez"},"total_count":{"type":"text","description":"","default_value":""}}},"_via_data_format_version":"2.0.10","_via_image_id_list":[" https://lh3.googleusercontent.com/d/1Lt-iZ98BRY79iZ79NN3QjomrKpSh0sQs\n"," https://lh3.googleusercontent.com/d/1YKXkkLPmZNp3rDAX9S14H0OoT3JNwjI1\n"," https://lh3.googleusercontent.com/d/1YHwz2bneHrf8L6uChlDfxCkI1bUsrx1W\n"," https://lh3.googleusercontent.com/d/18muJnpibDMaSoA44oXS-H9yitxGPlsfG\n"," https://lh3.googleusercontent.com/d/1pEbMNuZh-FL-eGRTu5enuWCcp7ifZqOj\n"," https://lh3.googleusercontent.com/d/1kCMxfov8ZOlPP-gonASdGTJICiw8gcmy\n"," https://lh3.googleusercontent.com/d/144KSyDkQghF37kPonqe-nz-VVBv8PIFL\n"," https://lh3.googleusercontent.com/d/1KGQWlOU8bin7O8IT1eN-sT5J0U2jIqLX\n"," https://lh3.googleusercontent.com/d/1vV-0DZiSMBlNX_Gm_1x_Fh4XlvV9ritj\n"," https://lh3.googleusercontent.com/d/1iJr2kFcB7PMxL0Ddq80PCT3JGDAsQaM_\n"," https://lh3.googleusercontent.com/d/1lLSJKzWOlj86nhUzmiT0WtHH_8v2SmZO\n"," https://lh3.googleusercontent.com/d/17N2HimISm9lB6NQYPdmq09Vm-AuySRGj\n"]}