{"_via_settings":{"ui":{"annotation_editor_height":30,"annotation_editor_fontsize":0.8,"leftsidebar_width":18,"image_grid":{"img_height":80,"rshape_fill":"none","rshape_fill_opacity":0.3,"rshape_stroke":"yellow","rshape_stroke_width":2,"show_region_shape":true,"show_image_policy":"all"},"image":{"region_label":"__via_region_id__","region_color":"__via_default_region_color__","region_label_font":"10px Sans","on_image_annotation_editor_placement":"NEAR_REGION"}},"core":{"buffer_size":18,"filepath":{},"default_filepath":""},"project":{"name":"East Village_2024_count_"}},"_via_img_metadata":{"https://lh3.googleusercontent.com/d/1ziRgE--gVMWsxgpeaQk80mWBUXyO5pYo\n":{"filename":"https://lh3.googleusercontent.com/d/1ziRgE--gVMWsxgpeaQk80mWBUXyO5pYo\n","size":-1,"regions":[{"shape_attributes":{"name":"circle","cx":162,"cy":563,"r":21},"region_attributes":{"Type":"1","count":"2"}},{"shape_attributes":{"name":"circle","cx":303,"cy":628,"r":19},"region_attributes":{"Type":"1","count":"10"}},{"shape_attributes":{"name":"circle","cx":413,"cy":650,"r":13},"region_attributes":{"Type":"1","count":"2"}},{"shape_attributes":{"name":"circle","cx":358,"cy":651,"r":14},"region_attributes":{"Type":"1","count":"5"}},{"shape_attributes":{"name":"circle","cx":499,"cy":563,"r":13},"region_attributes":{"Type":"1","count":"1"}},{"shape_attributes":{"name":"circle","cx":616,"cy":565,"r":21},"region_attributes":{"Type":"1","count":"1"}},{"shape_attributes":{"name":"circle","cx":744,"cy":601,"r":22},"region_attributes":{"Type":"1","count":"1"}},{"shape_attributes":{"name":"circle","cx":850,"cy":639,"r":14},"region_attributes":{"Type":"1","count":"1"}},{"shape_attributes":{"name":"circle","cx":806,"cy":495,"r":18},"region_attributes":{"Type":"1","count":"8"}},{"shape_attributes":{"name":"circle","cx":409,"cy":714,"r":13},"region_attributes":{"Type":"1","count":"1"}},{"shape_attributes":{"name":"circle","cx":358,"cy":758,"r":18},"region_attributes":{"Type":"1","count":"1"}},{"shape_attributes":{"name":"circle","cx":413,"cy":784,"r":19},"region_attributes":{"Type":"1","count":"3"}},{"shape_attributes":{"name":"circle","cx":302,"cy":752,"r":20},"region_attributes":{"Type":"1","count":"2"}},{"shape_attributes":{"name":"circle","cx":136,"cy":775,"r":10},"region_attributes":{"Type":"1","count":"1"}},{"shape_attributes":{"name":"circle","cx":162,"cy":811,"r":13},"region_attributes":{"Type":"1","count":"2"}},{"shape_attributes":{"name":"circle","cx":721,"cy":923,"r":18},"region_attributes":{"Type":"1","count":"2"}},{"shape_attributes":{"name":"circle","cx":1059,"cy":877,"r":18},"region_attributes":{"Type":"1","count":"2"}},{"shape_attributes":{"name":"circle","cx":1018,"cy":926,"r":22},"region_attributes":{"Type":"1","count":"2"}},{"shape_attributes":{"name":"circle","cx":1203,"cy":893,"r":16},"region_attributes":{"Type":"1","count":"4"}},{"shape_attributes":{"name":"circle","cx":1248,"cy":964,"r":14},"region_attributes":{"Type":"1","count":"6"}},{"shape_attributes":{"name":"circle","cx":1335,"cy":816,"r":11},"region_attributes":{"Type":"1","count":"1"}},{"shape_attributes":{"name":"circle","cx":1367,"cy":764,"r":13},"region_attributes":{"Type":"1","count":"7"}},{"shape_attributes":{"name":"circle","cx":1311,"cy":779,"r":18},"region_attributes":{"Type":"1","count":"7"}},{"shape_attributes":{"name":"circle","cx":1257,"cy":766,"r":15},"region_attributes":{"Type":"1","count":"5"}},{"shape_attributes":{"name":"circle","cx":1140,"cy":651,"r":11},"region_attributes":{"Type":"1","count":"1"}},{"shape_attributes":{"name":"circle","cx":1024,"cy":268,"r":17},"region_attributes":{"Type":"1","count":"3"}},{"shape_attributes":{"name":"circle","cx":906,"cy":256,"r":16},"region_attributes":{"Type":"1","count":"1"}},{"shape_attributes":{"name":"circle","cx":798,"cy":256,"r":13},"region_attributes":{"Type":"1","count":"1"}},{"shape_attributes":{"name":"circle","cx":844,"cy":411,"r":15},"region_attributes":{"Type":"2","count":"2"}},{"shape_attributes":{"name":"circle","cx":809,"cy":441,"r":16},"region_attributes":{"Type":"2","count":"11"}},{"shape_attributes":{"name":"circle","cx":1052,"cy":651,"r":18},"region_attributes":{"Type":"2","count":"3"}},{"shape_attributes":{"name":"circle","cx":701,"cy":565,"r":15},"region_attributes":{"Type":"2","count":"1"}},{"shape_attributes":{"name":"circle","cx":473,"cy":621,"r":21},"region_attributes":{"Type":"2","count":"6"}},{"shape_attributes":{"name":"circle","cx":368,"cy":591,"r":21},"region_attributes":{"Type":"2","count":"13"}},{"shape_attributes":{"name":"circle","cx":387,"cy":653,"r":10},"region_attributes":{"Type":"2","count":"7"}},{"shape_attributes":{"name":"circle","cx":1362,"cy":906,"r":19},"region_attributes":{"Type":"2","count":"3"}},{"shape_attributes":{"name":"circle","cx":1429,"cy":881,"r":19},"region_attributes":{"Type":"2","count":"10"}},{"shape_attributes":{"name":"circle","cx":1427,"cy":764,"r":12.984},"region_attributes":{"Type":"2","count":"2"}},{"shape_attributes":{"name":"circle","cx":1340,"cy":712,"r":13},"region_attributes":{"Type":"2","count":"1"}},{"shape_attributes":{"name":"circle","cx":1315,"cy":739,"r":10},"region_attributes":{"Type":"2","count":"3"}},{"shape_attributes":{"name":"circle","cx":1240,"cy":807,"r":12},"region_attributes":{"Type":"2","count":"3"}},{"shape_attributes":{"name":"circle","cx":1206,"cy":966,"r":14},"region_attributes":{"Type":"2","count":"3"}},{"shape_attributes":{"name":"circle","cx":1425,"cy":960,"r":11},"region_attributes":{"Type":"2","count":"2"}},{"shape_attributes":{"name":"circle","cx":1370,"cy":735,"r":17},"region_attributes":{"Type":"2","count":"1"}},{"shape_attributes":{"name":"circle","cx":1425,"cy":919,"r":15},"region_attributes":{"Type":"3","count":"3"}},{"shape_attributes":{"name":"circle","cx":1257,"cy":720,"r":11},"region_attributes":{"Type":"3","count":"1"}},{"shape_attributes":{"name":"circle","cx":1135,"cy":719,"r":13},"region_attributes":{"Type":"3","count":"1"}}],"file_attributes":{"date":"2024-01-25","temp":"63","rain":"2","neighborhood":"East Village","total_count":""}},"https://lh3.googleusercontent.com/d/1pSvJ4xj1BjMLaz2uA_0RnOKCrnvOHycS\n":{"filename":"https://lh3.googleusercontent.com/d/1pSvJ4xj1BjMLaz2uA_0RnOKCrnvOHycS\n","size":-1,"regions":[{"shape_attributes":{"name":"circle","cx":337,"cy":577,"r":11},"region_attributes":{"Type":"1","count":"3"}},{"shape_attributes":{"name":"circle","cx":393,"cy":581,"r":9},"region_attributes":{"Type":"1","count":"1"}},{"shape_attributes":{"name":"circle","cx":495,"cy":577,"r":11},"region_attributes":{"Type":"1","count":"4"}},{"shape_attributes":{"name":"circle","cx":312,"cy":655,"r":10},"region_attributes":{"Type":"1","count":"1"}},{"shape_attributes":{"name":"circle","cx":288,"cy":607,"r":13},"region_attributes":{"Type":"1","count":"1"}},{"shape_attributes":{"name":"circle","cx":341,"cy":784,"r":19},"region_attributes":{"Type":"1","count":"4"}},{"shape_attributes":{"name":"circle","cx":192,"cy":713,"r":14},"region_attributes":{"Type":"1","count":"2"}},{"shape_attributes":{"name":"circle","cx":490,"cy":740,"r":14},"region_attributes":{"Type":"1","count":"1"}},{"shape_attributes":{"name":"circle","cx":185,"cy":860,"r":13},"region_attributes":{"Type":"1","count":"1"}},{"shape_attributes":{"name":"circle","cx":542,"cy":903,"r":14},"region_attributes":{"Type":"1","count":"1"}},{"shape_attributes":{"name":"circle","cx":706,"cy":936,"r":13},"region_attributes":{"Type":"1","count":"1"}},{"shape_attributes":{"name":"circle","cx":693,"cy":745,"r":15},"region_attributes":{"Type":"1","count":"1"}},{"shape_attributes":{"name":"circle","cx":737,"cy":889,"r":15},"region_attributes":{"Type":"1","count":"4"}},{"shape_attributes":{"name":"circle","cx":793,"cy":920,"r":13},"region_attributes":{"Type":"1","count":"1"}},{"shape_attributes":{"name":"circle","cx":749,"cy":601,"r":11},"region_attributes":{"Type":"1","count":"1"}},{"shape_attributes":{"name":"circle","cx":794,"cy":601,"r":13},"region_attributes":{"Type":"1","count":"2"}},{"shape_attributes":{"name":"circle","cx":953,"cy":458,"r":13},"region_attributes":{"Type":"1","count":"1"}},{"shape_attributes":{"name":"circle","cx":1123,"cy":726,"r":11},"region_attributes":{"Type":"1","count":"1"}},{"shape_attributes":{"name":"circle","cx":1224,"cy":738,"r":11},"region_attributes":{"Type":"1","count":"2"}},{"shape_attributes":{"name":"circle","cx":1170,"cy":857,"r":15},"region_attributes":{"Type":"1","count":"1"}},{"shape_attributes":{"name":"circle","cx":1222,"cy":852,"r":11.842},"region_attributes":{"Type":"1","count":"2"}},{"shape_attributes":{"name":"circle","cx":1122,"cy":900,"r":12},"region_attributes":{"Type":"1","count":"1"}},{"shape_attributes":{"name":"circle","cx":1320,"cy":930,"r":16},"region_attributes":{"Type":"1","count":"13"}},{"shape_attributes":{"name":"circle","cx":1213,"cy":938,"r":18},"region_attributes":{"Type":"1","count":"12"}},{"shape_attributes":{"name":"circle","cx":1373,"cy":338,"r":17},"region_attributes":{"Type":"1","count":"2"}},{"shape_attributes":{"name":"circle","cx":844,"cy":284,"r":10},"region_attributes":{"Type":"1","count":"2"}},{"shape_attributes":{"name":"circle","cx":336,"cy":612,"r":13},"region_attributes":{"Type":"2","count":"22"}},{"shape_attributes":{"name":"circle","cx":394,"cy":625,"r":10},"region_attributes":{"Type":"2","count":"2"}},{"shape_attributes":{"name":"circle","cx":439,"cy":600,"r":11},"region_attributes":{"Type":"2","count":"1"}},{"shape_attributes":{"name":"circle","cx":841,"cy":456,"r":16},"region_attributes":{"Type":"2","count":"4"}},{"shape_attributes":{"name":"circle","cx":997,"cy":611,"r":9},"region_attributes":{"Type":"2","count":"1"}},{"shape_attributes":{"name":"circle","cx":1223,"cy":780,"r":19},"region_attributes":{"Type":"2","count":"3"}},{"shape_attributes":{"name":"circle","cx":1374,"cy":726,"r":16},"region_attributes":{"Type":"2","count":"7"}},{"shape_attributes":{"name":"circle","cx":1343,"cy":653,"r":18},"region_attributes":{"Type":"2","count":"6"}},{"shape_attributes":{"name":"circle","cx":1320,"cy":854,"r":16},"region_attributes":{"Type":"2","count":"4"}},{"shape_attributes":{"name":"circle","cx":1376,"cy":857,"r":17},"region_attributes":{"Type":"2","count":"12"}},{"shape_attributes":{"name":"circle","cx":1377,"cy":892,"r":11},"region_attributes":{"Type":"2","count":"4"}},{"shape_attributes":{"name":"circle","cx":1169,"cy":888,"r":15},"region_attributes":{"Type":"2","count":"1"}},{"shape_attributes":{"name":"circle","cx":1178,"cy":947,"r":10},"region_attributes":{"Type":"2","count":"1"}},{"shape_attributes":{"name":"circle","cx":342,"cy":737,"r":13},"region_attributes":{"Type":"2","count":"5"}},{"shape_attributes":{"name":"circle","cx":501,"cy":615,"r":14},"region_attributes":{"Type":"3","count":"1"}},{"shape_attributes":{"name":"circle","cx":1375,"cy":936,"r":21},"region_attributes":{"Type":"3","count":"4"}}],"file_attributes":{"date":"2024-02-22","temp":"55","rain":"2","neighborhood":"East Village","total_count":""}},"https://lh3.googleusercontent.com/d/1S_2qO2aeC3x_PXbea8kIcWSlCtRfZfeR\n":{"filename":"https://lh3.googleusercontent.com/d/1S_2qO2aeC3x_PXbea8kIcWSlCtRfZfeR\n","size":-1,"regions":[{"shape_attributes":{"name":"circle","cx":413,"cy":645,"r":15},"region_attributes":{"Type":"1","count":"3"}},{"shape_attributes":{"name":"circle","cx":496,"cy":607,"r":17},"region_attributes":{"Type":"1","count":"2"}},{"shape_attributes":{"name":"circle","cx":544,"cy":605,"r":10},"region_attributes":{"Type":"1","count":"3"}},{"shape_attributes":{"name":"circle","cx":494,"cy":739,"r":12},"region_attributes":{"Type":"1","count":"1"}},{"shape_attributes":{"name":"circle","cx":442,"cy":754,"r":16},"region_attributes":{"Type":"1","count":"1"}},{"shape_attributes":{"name":"circle","cx":417,"cy":709,"r":16},"region_attributes":{"Type":"1","count":"3"}},{"shape_attributes":{"name":"circle","cx":600,"cy":881,"r":12},"region_attributes":{"Type":"1","count":"2"}},{"shape_attributes":{"name":"circle","cx":528,"cy":859,"r":11},"region_attributes":{"Type":"1","count":"1"}},{"shape_attributes":{"name":"circle","cx":946,"cy":653,"r":13},"region_attributes":{"Type":"1","count":"1"}},{"shape_attributes":{"name":"circle","cx":1102,"cy":855,"r":10},"region_attributes":{"Type":"1","count":"1"}},{"shape_attributes":{"name":"circle","cx":1175,"cy":870,"r":15},"region_attributes":{"Type":"1","count":"1"}},{"shape_attributes":{"name":"circle","cx":1217,"cy":919,"r":15},"region_attributes":{"Type":"1","count":"5"}},{"shape_attributes":{"name":"circle","cx":1278,"cy":749,"r":15},"region_attributes":{"Type":"1","count":"1"}},{"shape_attributes":{"name":"circle","cx":947,"cy":460,"r":10},"region_attributes":{"Type":"1","count":"1"}},{"shape_attributes":{"name":"circle","cx":802,"cy":495,"r":17},"region_attributes":{"Type":"1","count":"1"}},{"shape_attributes":{"name":"circle","cx":908,"cy":283,"r":15},"region_attributes":{"Type":"1","count":"3"}},{"shape_attributes":{"name":"circle","cx":955,"cy":339,"r":11},"region_attributes":{"Type":"1","count":"1"}},{"shape_attributes":{"name":"circle","cx":1204,"cy":287,"r":10},"region_attributes":{"Type":"1","count":"1"}},{"shape_attributes":{"name":"circle","cx":1330,"cy":304,"r":16},"region_attributes":{"Type":"1","count":"1"}},{"shape_attributes":{"name":"circle","cx":188,"cy":787,"r":17},"region_attributes":{"Type":"1","count":"1"}},{"shape_attributes":{"name":"circle","cx":239,"cy":793,"r":11},"region_attributes":{"Type":"1","count":"1"}},{"shape_attributes":{"name":"circle","cx":193,"cy":858,"r":11},"region_attributes":{"Type":"1","count":"2"}},{"shape_attributes":{"name":"circle","cx":1179,"cy":931,"r":11},"region_attributes":{"Type":"2","count":"1"}},{"shape_attributes":{"name":"circle","cx":1320,"cy":865,"r":18},"region_attributes":{"Type":"2","count":"1"}},{"shape_attributes":{"name":"circle","cx":1211,"cy":748,"r":16},"region_attributes":{"Type":"2","count":"1"}},{"shape_attributes":{"name":"circle","cx":1378,"cy":355,"r":17},"region_attributes":{"Type":"2","count":"5"}},{"shape_attributes":{"name":"circle","cx":1395,"cy":285,"r":14.673},"region_attributes":{"Type":"2","count":"2"}},{"shape_attributes":{"name":"circle","cx":1323,"cy":645,"r":18},"region_attributes":{"Type":"3","count":"1"}}],"file_attributes":{"date":"2024-03-21","temp":"55","rain":"2","neighborhood":"East Village","total_count":""}},"https://lh3.googleusercontent.com/d/1itXcRNwZ88JL6K_EvwAgN6gSKnC1TuBX\n":{"filename":"https://lh3.googleusercontent.com/d/1itXcRNwZ88JL6K_EvwAgN6gSKnC1TuBX\n","size":-1,"regions":[{"shape_attributes":{"name":"circle","cx":286,"cy":628,"r":17},"region_attributes":{"Type":"1","count":"1"}},{"shape_attributes":{"name":"circle","cx":188,"cy":752,"r":11},"region_attributes":{"Type":"1","count":"1"}},{"shape_attributes":{"name":"circle","cx":207,"cy":801,"r":12},"region_attributes":{"Type":"1","count":"1"}},{"shape_attributes":{"name":"circle","cx":415,"cy":717,"r":14},"region_attributes":{"Type":"1","count":"1"}},{"shape_attributes":{"name":"circle","cx":525,"cy":566,"r":14},"region_attributes":{"Type":"1","count":"2"}},{"shape_attributes":{"name":"circle","cx":622,"cy":571,"r":14},"region_attributes":{"Type":"1","count":"1"}},{"shape_attributes":{"name":"circle","cx":603,"cy":944,"r":19},"region_attributes":{"Type":"1","count":"1"}},{"shape_attributes":{"name":"circle","cx":440,"cy":877,"r":21},"region_attributes":{"Type":"1","count":"2"}},{"shape_attributes":{"name":"circle","cx":1223,"cy":941,"r":11},"region_attributes":{"Type":"1","count":"5"}},{"shape_attributes":{"name":"circle","cx":1184,"cy":885,"r":13},"region_attributes":{"Type":"1","count":"3"}},{"shape_attributes":{"name":"circle","cx":1329,"cy":716,"r":18},"region_attributes":{"Type":"1","count":"3"}},{"shape_attributes":{"name":"circle","cx":1383,"cy":787,"r":13},"region_attributes":{"Type":"1","count":"1"}},{"shape_attributes":{"name":"circle","cx":1282,"cy":726,"r":13},"region_attributes":{"Type":"1","count":"1"}},{"shape_attributes":{"name":"circle","cx":1281,"cy":658,"r":16},"region_attributes":{"Type":"1","count":"1"}},{"shape_attributes":{"name":"circle","cx":1186,"cy":716,"r":14},"region_attributes":{"Type":"1","count":"1"}},{"shape_attributes":{"name":"circle","cx":929,"cy":658,"r":15},"region_attributes":{"Type":"1","count":"2"}},{"shape_attributes":{"name":"circle","cx":1122,"cy":460,"r":11},"region_attributes":{"Type":"1","count":"1"}},{"shape_attributes":{"name":"circle","cx":1061,"cy":289,"r":16},"region_attributes":{"Type":"1","count":"3"}},{"shape_attributes":{"name":"circle","cx":947,"cy":286,"r":17},"region_attributes":{"Type":"1","count":"2"}},{"shape_attributes":{"name":"circle","cx":810,"cy":368,"r":19},"region_attributes":{"Type":"1","count":"2"}},{"shape_attributes":{"name":"circle","cx":1229,"cy":758,"r":18},"region_attributes":{"Type":"2","count":"2"}},{"shape_attributes":{"name":"circle","cx":1187,"cy":766,"r":8},"region_attributes":{"Type":"2","count":"1"}},{"shape_attributes":{"name":"circle","cx":1191,"cy":851,"r":9},"region_attributes":{"Type":"2","count":"1"}},{"shape_attributes":{"name":"circle","cx":1192,"cy":946,"r":17},"region_attributes":{"Type":"2","count":"3"}},{"shape_attributes":{"name":"circle","cx":906,"cy":288,"r":11},"region_attributes":{"Type":"2","count":"1"}},{"shape_attributes":{"name":"circle","cx":811,"cy":440,"r":11},"region_attributes":{"Type":"2","count":"1"}},{"shape_attributes":{"name":"circle","cx":928,"cy":576,"r":13},"region_attributes":{"Type":"2","count":"1"}},{"shape_attributes":{"name":"circle","cx":443,"cy":913,"r":8},"region_attributes":{"Type":"2","count":"1"}},{"shape_attributes":{"name":"circle","cx":1337,"cy":653,"r":15},"region_attributes":{"Type":"3","count":"1"}}],"file_attributes":{"date":"2024-04-25","temp":"59","rain":"2","neighborhood":"East Village","total_count":""}},"https://lh3.googleusercontent.com/d/148Fa7klb7fld6eKZCtpdjeIKjXDYl8Lk\n":{"filename":"https://lh3.googleusercontent.com/d/148Fa7klb7fld6eKZCtpdjeIKjXDYl8Lk\n","size":-1,"regions":[{"shape_attributes":{"name":"circle","cx":193,"cy":577,"r":18},"region_attributes":{"Type":"1","count":"2"}},{"shape_attributes":{"name":"circle","cx":335,"cy":571,"r":11},"region_attributes":{"Type":"1","count":"1"}},{"shape_attributes":{"name":"circle","cx":638,"cy":575,"r":15},"region_attributes":{"Type":"1","count":"1"}},{"shape_attributes":{"name":"circle","cx":543,"cy":772,"r":16},"region_attributes":{"Type":"1","count":"1"}},{"shape_attributes":{"name":"circle","cx":434,"cy":790,"r":20},"region_attributes":{"Type":"1","count":"2"}},{"shape_attributes":{"name":"circle","cx":443,"cy":720,"r":15},"region_attributes":{"Type":"1","count":"1"}},{"shape_attributes":{"name":"circle","cx":189,"cy":786,"r":19},"region_attributes":{"Type":"1","count":"2"}},{"shape_attributes":{"name":"circle","cx":436,"cy":856,"r":14},"region_attributes":{"Type":"1","count":"3"}},{"shape_attributes":{"name":"circle","cx":1319,"cy":846,"r":19},"region_attributes":{"Type":"1","count":"3"}},{"shape_attributes":{"name":"circle","cx":1322,"cy":705,"r":13},"region_attributes":{"Type":"1","count":"1"}},{"shape_attributes":{"name":"circle","cx":1173,"cy":779,"r":15},"region_attributes":{"Type":"1","count":"3"}},{"shape_attributes":{"name":"circle","cx":1221,"cy":927,"r":14},"region_attributes":{"Type":"1","count":"3"}},{"shape_attributes":{"name":"circle","cx":899,"cy":642,"r":17},"region_attributes":{"Type":"1","count":"1"}},{"shape_attributes":{"name":"circle","cx":1272,"cy":422,"r":17},"region_attributes":{"Type":"1","count":"1"}},{"shape_attributes":{"name":"circle","cx":1311,"cy":275,"r":17},"region_attributes":{"Type":"1","count":"1"}},{"shape_attributes":{"name":"circle","cx":892,"cy":325,"r":15},"region_attributes":{"Type":"1","count":"1"}},{"shape_attributes":{"name":"circle","cx":793,"cy":358,"r":18},"region_attributes":{"Type":"1","count":"1"}},{"shape_attributes":{"name":"circle","cx":435,"cy":909,"r":16},"region_attributes":{"Type":"2","count":"1"}},{"shape_attributes":{"name":"circle","cx":1183,"cy":929,"r":17},"region_attributes":{"Type":"2","count":"1"}},{"shape_attributes":{"name":"circle","cx":1282,"cy":780,"r":17},"region_attributes":{"Type":"2","count":"1"}},{"shape_attributes":{"name":"circle","cx":1380,"cy":540,"r":18},"region_attributes":{"Type":"2","count":"9"}},{"shape_attributes":{"name":"circle","cx":1310,"cy":340,"r":15},"region_attributes":{"Type":"2","count":"1"}},{"shape_attributes":{"name":"circle","cx":1210,"cy":559,"r":24},"region_attributes":{"Type":"3","count":"1"}}],"file_attributes":{"date":"2024-05-23","temp":"60","rain":"2","neighborhood":"East Village","total_count":""}}},"_via_attributes":{"region":{"Type":{"type":"dropdown","description":"","options":{"1":"Individual","2":"Structure","3":"Vehicle"},"default_options":{}},"count":{"type":"text","description":"","default_value":""}},"file":{"date":{"type":"text","description":"","default_value":""},"temp":{"type":"text","description":"","default_value":""},"rain":{"type":"dropdown","description":"","options":{"1":"rain","2":"clear"},"default_options":{"2":true}},"neighborhood":{"type":"text","description":"","default_value":"East Village"},"total_count":{"type":"text","description":"","default_value":""}}},"_via_data_format_version":"2.0.10","_via_image_id_list":["https://lh3.googleusercontent.com/d/1ziRgE--gVMWsxgpeaQk80mWBUXyO5pYo\n","https://lh3.googleusercontent.com/d/1pSvJ4xj1BjMLaz2uA_0RnOKCrnvOHycS\n","https://lh3.googleusercontent.com/d/1S_2qO2aeC3x_PXbea8kIcWSlCtRfZfeR\n","https://lh3.googleusercontent.com/d/1itXcRNwZ88JL6K_EvwAgN6gSKnC1TuBX\n","https://lh3.googleusercontent.com/d/148Fa7klb7fld6eKZCtpdjeIKjXDYl8Lk\n"]}