{"_via_settings":{"ui":{"annotation_editor_height":45,"annotation_editor_fontsize":0.8,"leftsidebar_width":18,"image_grid":{"img_height":80,"rshape_fill":"none","rshape_fill_opacity":0.3,"rshape_stroke":"yellow","rshape_stroke_width":2,"show_region_shape":true,"show_image_policy":"all"},"image":{"region_label":"count","region_color":"Type","region_label_font":"10px Sans","on_image_annotation_editor_placement":"NEAR_REGION"}},"core":{"buffer_size":18,"filepath":{},"default_filepath":""},"project":{"name":"East Village_2023_count"}},"_via_img_metadata":{" https://lh3.googleusercontent.com/d/1kIk8VEu5j-KVBYL3xLXr2Xi6934Q5yeK\n":{"filename":" https://lh3.googleusercontent.com/d/1kIk8VEu5j-KVBYL3xLXr2Xi6934Q5yeK\n","size":-1,"regions":[{"shape_attributes":{"name":"circle","cx":901,"cy":369,"r":19},"region_attributes":{"Type":"2","count":"3"}},{"shape_attributes":{"name":"circle","cx":797,"cy":476,"r":14},"region_attributes":{"Type":"2","count":"12"}},{"shape_attributes":{"name":"circle","cx":800,"cy":439,"r":11},"region_attributes":{"Type":"2","count":"1"}},{"shape_attributes":{"name":"circle","cx":597,"cy":642,"r":14},"region_attributes":{"Type":"2","count":"2"}},{"shape_attributes":{"name":"circle","cx":441,"cy":632,"r":13},"region_attributes":{"Type":"2","count":"6"}},{"shape_attributes":{"name":"circle","cx":393,"cy":590,"r":15},"region_attributes":{"Type":"2","count":"14"}},{"shape_attributes":{"name":"circle","cx":417,"cy":670,"r":11},"region_attributes":{"Type":"2","count":"11"}},{"shape_attributes":{"name":"circle","cx":308,"cy":672,"r":13},"region_attributes":{"Type":"2","count":"9"}},{"shape_attributes":{"name":"circle","cx":341,"cy":592,"r":9},"region_attributes":{"Type":"2","count":"9"}},{"shape_attributes":{"name":"circle","cx":295,"cy":635,"r":10},"region_attributes":{"Type":"2","count":"13"}},{"shape_attributes":{"name":"circle","cx":1168,"cy":935,"r":9},"region_attributes":{"Type":"2","count":"3"}},{"shape_attributes":{"name":"circle","cx":1081,"cy":819,"r":13},"region_attributes":{"Type":"2","count":"7"}},{"shape_attributes":{"name":"circle","cx":1169,"cy":754,"r":12},"region_attributes":{"Type":"2","count":"2"}},{"shape_attributes":{"name":"circle","cx":1321,"cy":788,"r":8},"region_attributes":{"Type":"2","count":"1"}},{"shape_attributes":{"name":"circle","cx":1194,"cy":820,"r":9},"region_attributes":{"Type":"2","count":"1"}},{"shape_attributes":{"name":"circle","cx":1377,"cy":816,"r":9},"region_attributes":{"Type":"2","count":"1"}},{"shape_attributes":{"name":"circle","cx":1324,"cy":445,"r":11},"region_attributes":{"Type":"2","count":"1"}},{"shape_attributes":{"name":"circle","cx":272,"cy":582,"r":9},"region_attributes":{"Type":"3","count":"1"}},{"shape_attributes":{"name":"circle","cx":273,"cy":605,"r":11},"region_attributes":{"Type":"3","count":"1"}},{"shape_attributes":{"name":"circle","cx":1153,"cy":891,"r":14},"region_attributes":{"Type":"3","count":"1"}},{"shape_attributes":{"name":"circle","cx":1354,"cy":791,"r":11},"region_attributes":{"Type":"3","count":"1"}},{"shape_attributes":{"name":"circle","cx":1332,"cy":754,"r":10},"region_attributes":{"Type":"3","count":"1"}},{"shape_attributes":{"name":"circle","cx":1355,"cy":361,"r":12},"region_attributes":{"Type":"3","count":"1"}},{"shape_attributes":{"name":"circle","cx":1357,"cy":332,"r":13},"region_attributes":{"Type":"3","count":"1"}},{"shape_attributes":{"name":"circle","cx":831,"cy":428,"r":12},"region_attributes":{"Type":"3","count":"1"}},{"shape_attributes":{"name":"circle","cx":339,"cy":624,"r":9},"region_attributes":{"Type":"1","count":"2"}},{"shape_attributes":{"name":"circle","cx":340,"cy":665,"r":8},"region_attributes":{"Type":"1","count":"2"}},{"shape_attributes":{"name":"circle","cx":389,"cy":628,"r":10},"region_attributes":{"Type":"1","count":"2"}},{"shape_attributes":{"name":"circle","cx":439,"cy":589,"r":13},"region_attributes":{"Type":"1","count":"4"}},{"shape_attributes":{"name":"circle","cx":499,"cy":576,"r":11},"region_attributes":{"Type":"1","count":"3"}},{"shape_attributes":{"name":"circle","cx":646,"cy":608,"r":14},"region_attributes":{"Type":"1","count":"1"}},{"shape_attributes":{"name":"circle","cx":689,"cy":611,"r":10},"region_attributes":{"Type":"1","count":"1"}},{"shape_attributes":{"name":"circle","cx":188,"cy":759,"r":13},"region_attributes":{"Type":"1","count":"4"}},{"shape_attributes":{"name":"circle","cx":209,"cy":814,"r":10},"region_attributes":{"Type":"1","count":"1"}},{"shape_attributes":{"name":"circle","cx":434,"cy":720,"r":12},"region_attributes":{"Type":"1","count":"1"}},{"shape_attributes":{"name":"circle","cx":696,"cy":816,"r":12},"region_attributes":{"Type":"1","count":"1"}},{"shape_attributes":{"name":"circle","cx":614,"cy":864,"r":10},"region_attributes":{"Type":"1","count":"1"}},{"shape_attributes":{"name":"circle","cx":586,"cy":897,"r":19},"region_attributes":{"Type":"1","count":"1"}},{"shape_attributes":{"name":"circle","cx":438,"cy":893,"r":19},"region_attributes":{"Type":"1","count":"1"}},{"shape_attributes":{"name":"circle","cx":416,"cy":860,"r":13},"region_attributes":{"Type":"1","count":"1"}},{"shape_attributes":{"name":"circle","cx":382,"cy":928,"r":15},"region_attributes":{"Type":"1","count":"1"}},{"shape_attributes":{"name":"circle","cx":328,"cy":957,"r":10},"region_attributes":{"Type":"1","count":"1"}},{"shape_attributes":{"name":"circle","cx":934,"cy":962,"r":16},"region_attributes":{"Type":"1","count":"1"}},{"shape_attributes":{"name":"circle","cx":1041,"cy":815,"r":13},"region_attributes":{"Type":"1","count":"4"}},{"shape_attributes":{"name":"circle","cx":1122,"cy":793,"r":10},"region_attributes":{"Type":"1","count":"1"}},{"shape_attributes":{"name":"circle","cx":1165,"cy":789,"r":9},"region_attributes":{"Type":"1","count":"1"}},{"shape_attributes":{"name":"circle","cx":1183,"cy":873,"r":9},"region_attributes":{"Type":"1","count":"1"}},{"shape_attributes":{"name":"circle","cx":1325,"cy":964,"r":15},"region_attributes":{"Type":"1","count":"1"}},{"shape_attributes":{"name":"circle","cx":1192,"cy":966,"r":14},"region_attributes":{"Type":"1","count":"6"}},{"shape_attributes":{"name":"circle","cx":1368,"cy":771,"r":8},"region_attributes":{"Type":"1","count":"1"}},{"shape_attributes":{"name":"circle","cx":1193,"cy":678,"r":9},"region_attributes":{"Type":"1","count":"1"}},{"shape_attributes":{"name":"circle","cx":1227,"cy":643,"r":14.766},"region_attributes":{"Type":"1","count":"1"}},{"shape_attributes":{"name":"circle","cx":1167,"cy":597,"r":13},"region_attributes":{"Type":"1","count":"1"}},{"shape_attributes":{"name":"circle","cx":794,"cy":507,"r":14},"region_attributes":{"Type":"1","count":"4"}}],"file_attributes":{"date":"2023-01-31","temp":"60","rain":"1","neighborhood":"East Village","total_count":""}}," https://lh3.googleusercontent.com/d/1hYilnSwObzq8ahZzkTxA7YIqXoN4xtOG\n":{"filename":" https://lh3.googleusercontent.com/d/1hYilnSwObzq8ahZzkTxA7YIqXoN4xtOG\n","size":-1,"regions":[{"shape_attributes":{"name":"circle","cx":315,"cy":577,"r":12},"region_attributes":{"Type":"2","count":"10"}},{"shape_attributes":{"name":"circle","cx":291,"cy":622,"r":15},"region_attributes":{"Type":"2","count":"16"}},{"shape_attributes":{"name":"circle","cx":326,"cy":652,"r":14},"region_attributes":{"Type":"2","count":"8"}},{"shape_attributes":{"name":"circle","cx":394,"cy":604,"r":12},"region_attributes":{"Type":"2","count":"14"}},{"shape_attributes":{"name":"circle","cx":433,"cy":614,"r":12},"region_attributes":{"Type":"2","count":"8"}},{"shape_attributes":{"name":"circle","cx":429,"cy":653,"r":13},"region_attributes":{"Type":"2","count":"5"}},{"shape_attributes":{"name":"circle","cx":491,"cy":751,"r":13},"region_attributes":{"Type":"2","count":"1"}},{"shape_attributes":{"name":"circle","cx":803,"cy":372,"r":10},"region_attributes":{"Type":"2","count":"1"}},{"shape_attributes":{"name":"circle","cx":907,"cy":365,"r":17},"region_attributes":{"Type":"2","count":"3"}},{"shape_attributes":{"name":"circle","cx":805,"cy":508,"r":13},"region_attributes":{"Type":"2","count":"18"}},{"shape_attributes":{"name":"circle","cx":1003,"cy":661,"r":15},"region_attributes":{"Type":"2","count":"1"}},{"shape_attributes":{"name":"circle","cx":1035,"cy":724,"r":11},"region_attributes":{"Type":"2","count":"1"}},{"shape_attributes":{"name":"circle","cx":1039,"cy":871,"r":12},"region_attributes":{"Type":"2","count":"2"}},{"shape_attributes":{"name":"circle","cx":1179,"cy":902,"r":10},"region_attributes":{"Type":"2","count":"2"}},{"shape_attributes":{"name":"circle","cx":1210,"cy":867,"r":10},"region_attributes":{"Type":"2","count":"1"}},{"shape_attributes":{"name":"circle","cx":1273,"cy":869,"r":10},"region_attributes":{"Type":"2","count":"1"}},{"shape_attributes":{"name":"circle","cx":1304,"cy":803,"r":11},"region_attributes":{"Type":"2","count":"1"}},{"shape_attributes":{"name":"circle","cx":1221,"cy":789,"r":15},"region_attributes":{"Type":"2","count":"1"}},{"shape_attributes":{"name":"circle","cx":1188,"cy":809,"r":11},"region_attributes":{"Type":"2","count":"1"}},{"shape_attributes":{"name":"circle","cx":464,"cy":601,"r":10},"region_attributes":{"Type":"3","count":"1"}},{"shape_attributes":{"name":"circle","cx":523,"cy":544,"r":13},"region_attributes":{"Type":"3","count":"1"}},{"shape_attributes":{"name":"circle","cx":359,"cy":602,"r":12},"region_attributes":{"Type":"3","count":"2"}},{"shape_attributes":{"name":"circle","cx":462,"cy":879,"r":19},"region_attributes":{"Type":"3","count":"1"}},{"shape_attributes":{"name":"circle","cx":1356,"cy":902,"r":12},"region_attributes":{"Type":"3","count":"1"}},{"shape_attributes":{"name":"circle","cx":1349,"cy":792,"r":13},"region_attributes":{"Type":"3","count":"1"}},{"shape_attributes":{"name":"circle","cx":1356,"cy":740,"r":19},"region_attributes":{"Type":"3","count":"1"}},{"shape_attributes":{"name":"circle","cx":1349,"cy":612,"r":13},"region_attributes":{"Type":"3","count":"1"}},{"shape_attributes":{"name":"circle","cx":1352,"cy":327,"r":18},"region_attributes":{"Type":"3","count":"1"}},{"shape_attributes":{"name":"circle","cx":186,"cy":657,"r":9},"region_attributes":{"Type":"1","count":"1"}},{"shape_attributes":{"name":"circle","cx":285,"cy":663,"r":10},"region_attributes":{"Type":"1","count":"1"}},{"shape_attributes":{"name":"circle","cx":385,"cy":638,"r":9},"region_attributes":{"Type":"1","count":"1"}},{"shape_attributes":{"name":"circle","cx":397,"cy":657,"r":10},"region_attributes":{"Type":"1","count":"4"}},{"shape_attributes":{"name":"circle","cx":389,"cy":570,"r":10},"region_attributes":{"Type":"1","count":"2"}},{"shape_attributes":{"name":"circle","cx":432,"cy":580,"r":11},"region_attributes":{"Type":"1","count":"6"}},{"shape_attributes":{"name":"circle","cx":592,"cy":653,"r":12},"region_attributes":{"Type":"1","count":"1"}},{"shape_attributes":{"name":"circle","cx":642,"cy":579,"r":10},"region_attributes":{"Type":"1","count":"1"}},{"shape_attributes":{"name":"circle","cx":642,"cy":657,"r":9},"region_attributes":{"Type":"1","count":"1"}},{"shape_attributes":{"name":"circle","cx":744,"cy":661,"r":9},"region_attributes":{"Type":"1","count":"1"}},{"shape_attributes":{"name":"circle","cx":594,"cy":728,"r":9},"region_attributes":{"Type":"1","count":"1"}},{"shape_attributes":{"name":"circle","cx":595,"cy":796,"r":10},"region_attributes":{"Type":"1","count":"1"}},{"shape_attributes":{"name":"circle","cx":438,"cy":722,"r":15},"region_attributes":{"Type":"1","count":"2"}},{"shape_attributes":{"name":"circle","cx":388,"cy":805,"r":13},"region_attributes":{"Type":"1","count":"2"}},{"shape_attributes":{"name":"circle","cx":435,"cy":800,"r":12},"region_attributes":{"Type":"1","count":"1"}},{"shape_attributes":{"name":"circle","cx":336,"cy":717,"r":10},"region_attributes":{"Type":"1","count":"2"}},{"shape_attributes":{"name":"circle","cx":311,"cy":723,"r":9},"region_attributes":{"Type":"1","count":"2"}},{"shape_attributes":{"name":"circle","cx":284,"cy":800,"r":7},"region_attributes":{"Type":"1","count":"1"}},{"shape_attributes":{"name":"circle","cx":179,"cy":755,"r":12},"region_attributes":{"Type":"1","count":"3"}},{"shape_attributes":{"name":"circle","cx":184,"cy":802,"r":12},"region_attributes":{"Type":"1","count":"1"}},{"shape_attributes":{"name":"circle","cx":184,"cy":876,"r":11},"region_attributes":{"Type":"1","count":"3"}},{"shape_attributes":{"name":"circle","cx":190,"cy":941,"r":9},"region_attributes":{"Type":"1","count":"1"}},{"shape_attributes":{"name":"circle","cx":286,"cy":867,"r":10},"region_attributes":{"Type":"1","count":"1"}},{"shape_attributes":{"name":"circle","cx":332,"cy":943,"r":9},"region_attributes":{"Type":"1","count":"1"}},{"shape_attributes":{"name":"circle","cx":632,"cy":945,"r":12},"region_attributes":{"Type":"1","count":"1"}},{"shape_attributes":{"name":"circle","cx":731,"cy":946,"r":10},"region_attributes":{"Type":"1","count":"1"}},{"shape_attributes":{"name":"circle","cx":789,"cy":867,"r":11},"region_attributes":{"Type":"1","count":"1"}},{"shape_attributes":{"name":"circle","cx":830,"cy":861,"r":13},"region_attributes":{"Type":"1","count":"2"}},{"shape_attributes":{"name":"circle","cx":1001,"cy":868,"r":9},"region_attributes":{"Type":"1","count":"1"}},{"shape_attributes":{"name":"circle","cx":1001,"cy":726,"r":10},"region_attributes":{"Type":"1","count":"1"}},{"shape_attributes":{"name":"circle","cx":1117,"cy":720,"r":11},"region_attributes":{"Type":"1","count":"1"}},{"shape_attributes":{"name":"circle","cx":1104,"cy":656,"r":12},"region_attributes":{"Type":"1","count":"1"}},{"shape_attributes":{"name":"circle","cx":1171,"cy":864,"r":10},"region_attributes":{"Type":"1","count":"1"}},{"shape_attributes":{"name":"circle","cx":1216,"cy":950,"r":13},"region_attributes":{"Type":"1","count":"3"}},{"shape_attributes":{"name":"circle","cx":1314,"cy":946,"r":11},"region_attributes":{"Type":"1","count":"2"}},{"shape_attributes":{"name":"circle","cx":1368,"cy":947,"r":13},"region_attributes":{"Type":"1","count":"1"}},{"shape_attributes":{"name":"circle","cx":1314,"cy":868,"r":12},"region_attributes":{"Type":"1","count":"1"}},{"shape_attributes":{"name":"circle","cx":1174,"cy":724,"r":12},"region_attributes":{"Type":"1","count":"3"}},{"shape_attributes":{"name":"circle","cx":1211,"cy":722,"r":9},"region_attributes":{"Type":"1","count":"2"}},{"shape_attributes":{"name":"circle","cx":1214,"cy":655,"r":10},"region_attributes":{"Type":"1","count":"1"}},{"shape_attributes":{"name":"circle","cx":1173,"cy":654,"r":9},"region_attributes":{"Type":"1","count":"1"}},{"shape_attributes":{"name":"circle","cx":1172,"cy":576,"r":10},"region_attributes":{"Type":"1","count":"1"}},{"shape_attributes":{"name":"circle","cx":1275,"cy":431,"r":12},"region_attributes":{"Type":"1","count":"1"}}],"file_attributes":{"date":"2023-02-22","temp":"48","rain":"1","neighborhood":"East Village","total_count":""}}," https://lh3.googleusercontent.com/d/1h8CwU7Kdmd3afmj3h9Hs_ZiLkCeptZcH\n":{"filename":" https://lh3.googleusercontent.com/d/1h8CwU7Kdmd3afmj3h9Hs_ZiLkCeptZcH\n","size":-1,"regions":[{"shape_attributes":{"name":"circle","cx":227,"cy":567,"r":14},"region_attributes":{"Type":"1","count":"2"}},{"shape_attributes":{"name":"circle","cx":321,"cy":566,"r":13},"region_attributes":{"Type":"1","count":"4"}},{"shape_attributes":{"name":"circle","cx":361,"cy":561,"r":13},"region_attributes":{"Type":"1","count":"2"}},{"shape_attributes":{"name":"circle","cx":422,"cy":571,"r":11},"region_attributes":{"Type":"1","count":"6"}},{"shape_attributes":{"name":"circle","cx":416,"cy":641,"r":10},"region_attributes":{"Type":"1","count":"2"}},{"shape_attributes":{"name":"circle","cx":518,"cy":572,"r":10},"region_attributes":{"Type":"1","count":"1"}},{"shape_attributes":{"name":"circle","cx":521,"cy":647,"r":10},"region_attributes":{"Type":"1","count":"5"}},{"shape_attributes":{"name":"circle","cx":617,"cy":655,"r":11},"region_attributes":{"Type":"1","count":"1"}},{"shape_attributes":{"name":"circle","cx":359,"cy":712,"r":12},"region_attributes":{"Type":"1","count":"2"}},{"shape_attributes":{"name":"circle","cx":360,"cy":780,"r":10},"region_attributes":{"Type":"1","count":"1"}},{"shape_attributes":{"name":"circle","cx":414,"cy":761,"r":11},"region_attributes":{"Type":"1","count":"1"}},{"shape_attributes":{"name":"circle","cx":462,"cy":771,"r":10},"region_attributes":{"Type":"1","count":"1"}},{"shape_attributes":{"name":"circle","cx":514,"cy":757,"r":10},"region_attributes":{"Type":"1","count":"1"}},{"shape_attributes":{"name":"circle","cx":513,"cy":710,"r":10},"region_attributes":{"Type":"1","count":"1"}},{"shape_attributes":{"name":"circle","cx":513,"cy":795,"r":10},"region_attributes":{"Type":"1","count":"1"}},{"shape_attributes":{"name":"circle","cx":460,"cy":710,"r":14},"region_attributes":{"Type":"1","count":"2"}},{"shape_attributes":{"name":"circle","cx":458,"cy":852,"r":14},"region_attributes":{"Type":"1","count":"3"}},{"shape_attributes":{"name":"circle","cx":413,"cy":920,"r":13},"region_attributes":{"Type":"1","count":"1"}},{"shape_attributes":{"name":"circle","cx":254,"cy":844,"r":12},"region_attributes":{"Type":"1","count":"1"}},{"shape_attributes":{"name":"circle","cx":872,"cy":295,"r":10},"region_attributes":{"Type":"1","count":"1"}},{"shape_attributes":{"name":"circle","cx":914,"cy":292,"r":9},"region_attributes":{"Type":"1","count":"1"}},{"shape_attributes":{"name":"circle","cx":913,"cy":444,"r":12},"region_attributes":{"Type":"1","count":"1"}},{"shape_attributes":{"name":"circle","cx":858,"cy":453,"r":11},"region_attributes":{"Type":"1","count":"2"}},{"shape_attributes":{"name":"circle","cx":809,"cy":518,"r":12},"region_attributes":{"Type":"1","count":"2"}},{"shape_attributes":{"name":"circle","cx":929,"cy":656,"r":10},"region_attributes":{"Type":"1","count":"2"}},{"shape_attributes":{"name":"circle","cx":857,"cy":578,"r":9},"region_attributes":{"Type":"1","count":"1"}},{"shape_attributes":{"name":"circle","cx":901,"cy":861,"r":10},"region_attributes":{"Type":"1","count":"1"}},{"shape_attributes":{"name":"circle","cx":1068,"cy":713,"r":9},"region_attributes":{"Type":"1","count":"1"}},{"shape_attributes":{"name":"circle","cx":1161,"cy":870,"r":12},"region_attributes":{"Type":"1","count":"1"}},{"shape_attributes":{"name":"circle","cx":1189,"cy":940,"r":12},"region_attributes":{"Type":"1","count":"6"}},{"shape_attributes":{"name":"circle","cx":1178,"cy":852,"r":10},"region_attributes":{"Type":"1","count":"1"}},{"shape_attributes":{"name":"circle","cx":1161,"cy":941,"r":9},"region_attributes":{"Type":"1","count":"1"}},{"shape_attributes":{"name":"circle","cx":1169,"cy":721,"r":9},"region_attributes":{"Type":"1","count":"2"}},{"shape_attributes":{"name":"circle","cx":1217,"cy":721,"r":13},"region_attributes":{"Type":"1","count":"2"}},{"shape_attributes":{"name":"circle","cx":1167,"cy":643,"r":12},"region_attributes":{"Type":"1","count":"1"}},{"shape_attributes":{"name":"circle","cx":1166,"cy":577,"r":9},"region_attributes":{"Type":"1","count":"1"}},{"shape_attributes":{"name":"circle","cx":1319,"cy":585,"r":13},"region_attributes":{"Type":"1","count":"2"}},{"shape_attributes":{"name":"circle","cx":328,"cy":614,"r":17},"region_attributes":{"Type":"2","count":"9"}},{"shape_attributes":{"name":"circle","cx":363,"cy":598,"r":11},"region_attributes":{"Type":"2","count":"9"}},{"shape_attributes":{"name":"circle","cx":359,"cy":645,"r":13},"region_attributes":{"Type":"2","count":"10"}},{"shape_attributes":{"name":"circle","cx":432,"cy":607,"r":15},"region_attributes":{"Type":"2","count":"22"}},{"shape_attributes":{"name":"circle","cx":459,"cy":651,"r":12},"region_attributes":{"Type":"2","count":"10"}},{"shape_attributes":{"name":"circle","cx":529,"cy":610,"r":14},"region_attributes":{"Type":"2","count":"7"}},{"shape_attributes":{"name":"circle","cx":1301,"cy":860,"r":11},"region_attributes":{"Type":"2","count":"1"}},{"shape_attributes":{"name":"circle","cx":1366,"cy":865,"r":14},"region_attributes":{"Type":"2","count":"1"}},{"shape_attributes":{"name":"circle","cx":1103,"cy":732,"r":21},"region_attributes":{"Type":"2","count":"2"}},{"shape_attributes":{"name":"circle","cx":1312,"cy":661,"r":11},"region_attributes":{"Type":"2","count":"1"}},{"shape_attributes":{"name":"circle","cx":919,"cy":362,"r":18},"region_attributes":{"Type":"2","count":"5"}},{"shape_attributes":{"name":"circle","cx":846,"cy":502,"r":14},"region_attributes":{"Type":"2","count":"6"}},{"shape_attributes":{"name":"circle","cx":817,"cy":460,"r":16},"region_attributes":{"Type":"2","count":"14"}}],"file_attributes":{"date":"2023-03-29","temp":"52","rain":"1","neighborhood":"East Village","total_count":""}}," https://lh3.googleusercontent.com/d/1DDU_HDNIA_nKiWvdt9MBJuWPDNNhl-uR\n":{"filename":" https://lh3.googleusercontent.com/d/1DDU_HDNIA_nKiWvdt9MBJuWPDNNhl-uR\n","size":-1,"regions":[{"shape_attributes":{"name":"circle","cx":307,"cy":576,"r":14},"region_attributes":{"Type":"1","count":"8"}},{"shape_attributes":{"name":"circle","cx":205,"cy":750,"r":15},"region_attributes":{"Type":"1","count":"1"}},{"shape_attributes":{"name":"circle","cx":204,"cy":785,"r":13},"region_attributes":{"Type":"1","count":"2"}},{"shape_attributes":{"name":"circle","cx":245,"cy":792,"r":12},"region_attributes":{"Type":"1","count":"1"}},{"shape_attributes":{"name":"circle","cx":399,"cy":724,"r":11},"region_attributes":{"Type":"1","count":"1"}},{"shape_attributes":{"name":"circle","cx":403,"cy":659,"r":10},"region_attributes":{"Type":"1","count":"3"}},{"shape_attributes":{"name":"circle","cx":441,"cy":720,"r":13},"region_attributes":{"Type":"1","count":"1"}},{"shape_attributes":{"name":"circle","cx":349,"cy":654,"r":12},"region_attributes":{"Type":"1","count":"7"}},{"shape_attributes":{"name":"circle","cx":364,"cy":552,"r":12},"region_attributes":{"Type":"1","count":"1"}},{"shape_attributes":{"name":"circle","cx":405,"cy":576,"r":13},"region_attributes":{"Type":"1","count":"2"}},{"shape_attributes":{"name":"circle","cx":457,"cy":577,"r":12},"region_attributes":{"Type":"1","count":"1"}},{"shape_attributes":{"name":"circle","cx":546,"cy":575,"r":13},"region_attributes":{"Type":"1","count":"1"}},{"shape_attributes":{"name":"circle","cx":551,"cy":641,"r":12},"region_attributes":{"Type":"1","count":"2"}},{"shape_attributes":{"name":"circle","cx":642,"cy":585,"r":13},"region_attributes":{"Type":"1","count":"2"}},{"shape_attributes":{"name":"circle","cx":498,"cy":799,"r":10},"region_attributes":{"Type":"1","count":"1"}},{"shape_attributes":{"name":"circle","cx":599,"cy":796,"r":11},"region_attributes":{"Type":"1","count":"2"}},{"shape_attributes":{"name":"circle","cx":698,"cy":657,"r":12},"region_attributes":{"Type":"1","count":"1"}},{"shape_attributes":{"name":"circle","cx":788,"cy":846,"r":13},"region_attributes":{"Type":"1","count":"1"}},{"shape_attributes":{"name":"circle","cx":787,"cy":916,"r":13},"region_attributes":{"Type":"1","count":"2"}},{"shape_attributes":{"name":"circle","cx":837,"cy":850,"r":9},"region_attributes":{"Type":"1","count":"1"}},{"shape_attributes":{"name":"circle","cx":890,"cy":928,"r":13},"region_attributes":{"Type":"1","count":"2"}},{"shape_attributes":{"name":"circle","cx":888,"cy":851,"r":10},"region_attributes":{"Type":"1","count":"1"}},{"shape_attributes":{"name":"circle","cx":838,"cy":894,"r":8},"region_attributes":{"Type":"1","count":"1"}},{"shape_attributes":{"name":"circle","cx":820,"cy":934,"r":9},"region_attributes":{"Type":"1","count":"1"}},{"shape_attributes":{"name":"circle","cx":1103,"cy":892,"r":13},"region_attributes":{"Type":"1","count":"2"}},{"shape_attributes":{"name":"circle","cx":838,"cy":328,"r":14},"region_attributes":{"Type":"1","count":"1"}},{"shape_attributes":{"name":"circle","cx":894,"cy":381,"r":15},"region_attributes":{"Type":"1","count":"2"}},{"shape_attributes":{"name":"circle","cx":934,"cy":334,"r":16},"region_attributes":{"Type":"1","count":"1"}},{"shape_attributes":{"name":"circle","cx":894,"cy":517,"r":9},"region_attributes":{"Type":"1","count":"1"}},{"shape_attributes":{"name":"circle","cx":897,"cy":651,"r":13},"region_attributes":{"Type":"1","count":"1"}},{"shape_attributes":{"name":"circle","cx":1256,"cy":658,"r":14},"region_attributes":{"Type":"1","count":"1"}},{"shape_attributes":{"name":"circle","cx":1345,"cy":788,"r":12},"region_attributes":{"Type":"1","count":"2"}},{"shape_attributes":{"name":"circle","cx":218,"cy":578,"r":11},"region_attributes":{"Type":"2","count":"2"}},{"shape_attributes":{"name":"circle","cx":241,"cy":624,"r":18},"region_attributes":{"Type":"2","count":"4"}},{"shape_attributes":{"name":"circle","cx":334,"cy":575,"r":11},"region_attributes":{"Type":"2","count":"5"}},{"shape_attributes":{"name":"circle","cx":308,"cy":619,"r":14},"region_attributes":{"Type":"2","count":"15"}},{"shape_attributes":{"name":"circle","cx":356,"cy":610,"r":13},"region_attributes":{"Type":"2","count":"14"}},{"shape_attributes":{"name":"circle","cx":310,"cy":659,"r":13},"region_attributes":{"Type":"2","count":"7"}},{"shape_attributes":{"name":"circle","cx":414,"cy":613,"r":14},"region_attributes":{"Type":"2","count":"18"}},{"shape_attributes":{"name":"circle","cx":441,"cy":655,"r":14},"region_attributes":{"Type":"2","count":"11"}},{"shape_attributes":{"name":"circle","cx":458,"cy":610,"r":10},"region_attributes":{"Type":"2","count":"1"}},{"shape_attributes":{"name":"circle","cx":429,"cy":565,"r":8},"region_attributes":{"Type":"2","count":"1"}},{"shape_attributes":{"name":"circle","cx":603,"cy":582,"r":14},"region_attributes":{"Type":"2","count":"2"}},{"shape_attributes":{"name":"circle","cx":636,"cy":770,"r":11},"region_attributes":{"Type":"2","count":"4"}},{"shape_attributes":{"name":"circle","cx":890,"cy":463,"r":9},"region_attributes":{"Type":"2","count":"3"}},{"shape_attributes":{"name":"circle","cx":938,"cy":433,"r":11},"region_attributes":{"Type":"2","count":"1"}},{"shape_attributes":{"name":"circle","cx":894,"cy":342,"r":15},"region_attributes":{"Type":"2","count":"4"}},{"shape_attributes":{"name":"circle","cx":835,"cy":374,"r":17.821},"region_attributes":{"Type":"2","count":"7"}},{"shape_attributes":{"name":"circle","cx":999,"cy":722,"r":17},"region_attributes":{"Type":"2","count":"1"}},{"shape_attributes":{"name":"circle","cx":1346,"cy":862,"r":15},"region_attributes":{"Type":"2","count":"4"}},{"shape_attributes":{"name":"circle","cx":1260,"cy":787,"r":15},"region_attributes":{"Type":"2","count":"3"}},{"shape_attributes":{"name":"circle","cx":1159,"cy":795,"r":13},"region_attributes":{"Type":"2","count":"1"}},{"shape_attributes":{"name":"circle","cx":1191,"cy":720,"r":12},"region_attributes":{"Type":"2","count":"2"}},{"shape_attributes":{"name":"circle","cx":1125,"cy":741,"r":10},"region_attributes":{"Type":"3","count":"1"}},{"shape_attributes":{"name":"circle","cx":1328,"cy":389,"r":10},"region_attributes":{"Type":"3","count":"1"}}],"file_attributes":{"date":"2023-04-27","temp":"59","rain":"2","neighborhood":"East Village","total_count":""}}," https://lh3.googleusercontent.com/d/1c-tjSdylIZKhj1q0Y9_tpq1ohLtFG4WW\n":{"filename":" https://lh3.googleusercontent.com/d/1c-tjSdylIZKhj1q0Y9_tpq1ohLtFG4WW\n","size":-1,"regions":[{"shape_attributes":{"name":"circle","cx":222,"cy":592,"r":13},"region_attributes":{"Type":"2","count":"8"}},{"shape_attributes":{"name":"circle","cx":211,"cy":639,"r":16},"region_attributes":{"Type":"2","count":"21"}},{"shape_attributes":{"name":"circle","cx":306,"cy":588,"r":13},"region_attributes":{"Type":"2","count":"27"}},{"shape_attributes":{"name":"circle","cx":284,"cy":631,"r":9},"region_attributes":{"Type":"2","count":"2"}},{"shape_attributes":{"name":"circle","cx":332,"cy":651,"r":11},"region_attributes":{"Type":"2","count":"16"}},{"shape_attributes":{"name":"circle","cx":312,"cy":686,"r":16},"region_attributes":{"Type":"2","count":"15"}},{"shape_attributes":{"name":"circle","cx":292,"cy":736,"r":12},"region_attributes":{"Type":"2","count":"4"}},{"shape_attributes":{"name":"circle","cx":397,"cy":665,"r":9},"region_attributes":{"Type":"2","count":"7"}},{"shape_attributes":{"name":"circle","cx":435,"cy":613,"r":8},"region_attributes":{"Type":"2","count":"1"}},{"shape_attributes":{"name":"circle","cx":503,"cy":624,"r":12},"region_attributes":{"Type":"2","count":"13"}},{"shape_attributes":{"name":"circle","cx":1113,"cy":808,"r":9},"region_attributes":{"Type":"2","count":"3"}},{"shape_attributes":{"name":"circle","cx":1176,"cy":874,"r":12},"region_attributes":{"Type":"2","count":"2"}},{"shape_attributes":{"name":"circle","cx":1312,"cy":805,"r":17},"region_attributes":{"Type":"2","count":"8"}},{"shape_attributes":{"name":"circle","cx":1216,"cy":735,"r":11},"region_attributes":{"Type":"2","count":"1"}},{"shape_attributes":{"name":"circle","cx":1278,"cy":731,"r":7},"region_attributes":{"Type":"2","count":"1"}},{"shape_attributes":{"name":"circle","cx":1006,"cy":373,"r":6},"region_attributes":{"Type":"2","count":"2"}},{"shape_attributes":{"name":"circle","cx":804,"cy":440,"r":11},"region_attributes":{"Type":"2","count":"5"}},{"shape_attributes":{"name":"circle","cx":188,"cy":583,"r":15},"region_attributes":{"Type":"1","count":"5"}},{"shape_attributes":{"name":"circle","cx":236,"cy":671,"r":10},"region_attributes":{"Type":"1","count":"2"}},{"shape_attributes":{"name":"circle","cx":342,"cy":614,"r":11},"region_attributes":{"Type":"1","count":"4"}},{"shape_attributes":{"name":"circle","cx":307,"cy":619,"r":5},"region_attributes":{"Type":"1","count":"2"}},{"shape_attributes":{"name":"circle","cx":289,"cy":663,"r":9},"region_attributes":{"Type":"1","count":"4"}},{"shape_attributes":{"name":"circle","cx":432,"cy":652,"r":13},"region_attributes":{"Type":"1","count":"4"}},{"shape_attributes":{"name":"circle","cx":441,"cy":578,"r":9},"region_attributes":{"Type":"1","count":"1"}},{"shape_attributes":{"name":"circle","cx":388,"cy":729,"r":8},"region_attributes":{"Type":"1","count":"1"}},{"shape_attributes":{"name":"circle","cx":391,"cy":770,"r":9},"region_attributes":{"Type":"1","count":"1"}},{"shape_attributes":{"name":"circle","cx":430,"cy":746,"r":13},"region_attributes":{"Type":"1","count":"2"}},{"shape_attributes":{"name":"circle","cx":328,"cy":768,"r":13},"region_attributes":{"Type":"1","count":"2"}},{"shape_attributes":{"name":"circle","cx":237,"cy":729,"r":12},"region_attributes":{"Type":"1","count":"1"}},{"shape_attributes":{"name":"circle","cx":235,"cy":813,"r":11},"region_attributes":{"Type":"1","count":"1"}},{"shape_attributes":{"name":"circle","cx":234,"cy":875,"r":9},"region_attributes":{"Type":"1","count":"1"}},{"shape_attributes":{"name":"circle","cx":418,"cy":880,"r":14},"region_attributes":{"Type":"1","count":"5"}},{"shape_attributes":{"name":"circle","cx":494,"cy":957,"r":8},"region_attributes":{"Type":"1","count":"1"}},{"shape_attributes":{"name":"circle","cx":533,"cy":952,"r":12},"region_attributes":{"Type":"1","count":"2"}},{"shape_attributes":{"name":"circle","cx":643,"cy":952,"r":14},"region_attributes":{"Type":"1","count":"1"}},{"shape_attributes":{"name":"circle","cx":694,"cy":730,"r":15},"region_attributes":{"Type":"1","count":"1"}},{"shape_attributes":{"name":"circle","cx":695,"cy":673,"r":10},"region_attributes":{"Type":"1","count":"1"}},{"shape_attributes":{"name":"circle","cx":496,"cy":666,"r":12},"region_attributes":{"Type":"1","count":"8"}},{"shape_attributes":{"name":"circle","cx":490,"cy":582,"r":13},"region_attributes":{"Type":"1","count":"1"}},{"shape_attributes":{"name":"circle","cx":796,"cy":663,"r":16},"region_attributes":{"Type":"1","count":"3"}},{"shape_attributes":{"name":"circle","cx":904,"cy":668,"r":14},"region_attributes":{"Type":"1","count":"2"}},{"shape_attributes":{"name":"circle","cx":835,"cy":467,"r":16.657},"region_attributes":{"Type":"1","count":"4"}},{"shape_attributes":{"name":"circle","cx":794,"cy":377,"r":12},"region_attributes":{"Type":"1","count":"1"}},{"shape_attributes":{"name":"circle","cx":947,"cy":377,"r":12},"region_attributes":{"Type":"1","count":"1"}},{"shape_attributes":{"name":"circle","cx":1006,"cy":295,"r":17},"region_attributes":{"Type":"1","count":"2"}},{"shape_attributes":{"name":"circle","cx":1109,"cy":300,"r":11},"region_attributes":{"Type":"1","count":"2"}},{"shape_attributes":{"name":"circle","cx":1058,"cy":381,"r":13},"region_attributes":{"Type":"1","count":"1"}},{"shape_attributes":{"name":"circle","cx":998,"cy":586,"r":11},"region_attributes":{"Type":"1","count":"1"}},{"shape_attributes":{"name":"circle","cx":1121,"cy":586,"r":10},"region_attributes":{"Type":"1","count":"1"}},{"shape_attributes":{"name":"circle","cx":1121,"cy":659,"r":14},"region_attributes":{"Type":"1","count":"1"}},{"shape_attributes":{"name":"circle","cx":894,"cy":872,"r":12},"region_attributes":{"Type":"1","count":"1"}},{"shape_attributes":{"name":"circle","cx":950,"cy":870,"r":14},"region_attributes":{"Type":"1","count":"1"}},{"shape_attributes":{"name":"circle","cx":950,"cy":954,"r":22},"region_attributes":{"Type":"1","count":"1"}},{"shape_attributes":{"name":"circle","cx":900,"cy":954,"r":13},"region_attributes":{"Type":"1","count":"1"}},{"shape_attributes":{"name":"circle","cx":839,"cy":954,"r":19},"region_attributes":{"Type":"1","count":"2"}},{"shape_attributes":{"name":"circle","cx":796,"cy":871,"r":13},"region_attributes":{"Type":"1","count":"2"}},{"shape_attributes":{"name":"circle","cx":1212,"cy":906,"r":20.337},"region_attributes":{"Type":"1","count":"3"}},{"shape_attributes":{"name":"circle","cx":1223,"cy":955,"r":13},"region_attributes":{"Type":"1","count":"3"}},{"shape_attributes":{"name":"circle","cx":1277,"cy":876,"r":10},"region_attributes":{"Type":"1","count":"1"}},{"shape_attributes":{"name":"circle","cx":1275,"cy":803,"r":14},"region_attributes":{"Type":"1","count":"1"}},{"shape_attributes":{"name":"circle","cx":1323,"cy":729,"r":10},"region_attributes":{"Type":"1","count":"1"}},{"shape_attributes":{"name":"circle","cx":1387,"cy":956,"r":13},"region_attributes":{"Type":"1","count":"2"}},{"shape_attributes":{"name":"circle","cx":354,"cy":553,"r":14},"region_attributes":{"Type":"3","count":"1"}},{"shape_attributes":{"name":"circle","cx":1347,"cy":900,"r":22},"region_attributes":{"Type":"3","count":"2"}}],"file_attributes":{"date":"2023-05-25","temp":"60","rain":"2","neighborhood":"East Village","total_count":""}}," https://lh3.googleusercontent.com/d/1VsvdscdmmSY-y5Zhcwy_gyrg6sjUGmeM\n":{"filename":" https://lh3.googleusercontent.com/d/1VsvdscdmmSY-y5Zhcwy_gyrg6sjUGmeM\n","size":-1,"regions":[{"shape_attributes":{"name":"circle","cx":216,"cy":573,"r":15},"region_attributes":{"Type":"2","count":"2"}},{"shape_attributes":{"name":"circle","cx":308,"cy":597,"r":13},"region_attributes":{"Type":"2","count":"7"}},{"shape_attributes":{"name":"circle","cx":353,"cy":636,"r":14},"region_attributes":{"Type":"2","count":"13"}},{"shape_attributes":{"name":"circle","cx":316,"cy":659,"r":12},"region_attributes":{"Type":"2","count":"8"}},{"shape_attributes":{"name":"circle","cx":406,"cy":644,"r":15},"region_attributes":{"Type":"2","count":"14"}},{"shape_attributes":{"name":"circle","cx":454,"cy":602,"r":12},"region_attributes":{"Type":"2","count":"16"}},{"shape_attributes":{"name":"circle","cx":423,"cy":572,"r":13},"region_attributes":{"Type":"2","count":"3"}},{"shape_attributes":{"name":"circle","cx":229,"cy":938,"r":11},"region_attributes":{"Type":"2","count":"1"}},{"shape_attributes":{"name":"circle","cx":629,"cy":852,"r":13},"region_attributes":{"Type":"2","count":"2"}},{"shape_attributes":{"name":"circle","cx":999,"cy":900,"r":14},"region_attributes":{"Type":"2","count":"5"}},{"shape_attributes":{"name":"circle","cx":1166,"cy":864,"r":13},"region_attributes":{"Type":"2","count":"1"}},{"shape_attributes":{"name":"circle","cx":1365,"cy":858,"r":10},"region_attributes":{"Type":"2","count":"4"}},{"shape_attributes":{"name":"circle","cx":902,"cy":340,"r":13},"region_attributes":{"Type":"2","count":"2"}},{"shape_attributes":{"name":"circle","cx":800,"cy":456,"r":12},"region_attributes":{"Type":"2","count":"5"}},{"shape_attributes":{"name":"circle","cx":252,"cy":570,"r":9},"region_attributes":{"Type":"1","count":"1"}},{"shape_attributes":{"name":"circle","cx":326,"cy":574,"r":10},"region_attributes":{"Type":"1","count":"1"}},{"shape_attributes":{"name":"circle","cx":354,"cy":601,"r":15},"region_attributes":{"Type":"1","count":"4"}},{"shape_attributes":{"name":"circle","cx":406,"cy":610,"r":9},"region_attributes":{"Type":"1","count":"3"}},{"shape_attributes":{"name":"circle","cx":458,"cy":648,"r":10},"region_attributes":{"Type":"1","count":"9"}},{"shape_attributes":{"name":"circle","cx":232,"cy":852,"r":13},"region_attributes":{"Type":"1","count":"1"}},{"shape_attributes":{"name":"circle","cx":529,"cy":716,"r":7},"region_attributes":{"Type":"1","count":"1"}},{"shape_attributes":{"name":"circle","cx":628,"cy":713,"r":8},"region_attributes":{"Type":"1","count":"1"}},{"shape_attributes":{"name":"circle","cx":700,"cy":857,"r":8},"region_attributes":{"Type":"1","count":"1"}},{"shape_attributes":{"name":"circle","cx":655,"cy":916,"r":10},"region_attributes":{"Type":"1","count":"1"}},{"shape_attributes":{"name":"circle","cx":601,"cy":913,"r":12},"region_attributes":{"Type":"1","count":"1"}},{"shape_attributes":{"name":"circle","cx":626,"cy":945,"r":9},"region_attributes":{"Type":"1","count":"1"}},{"shape_attributes":{"name":"circle","cx":900,"cy":863,"r":14},"region_attributes":{"Type":"1","count":"1"}},{"shape_attributes":{"name":"circle","cx":804,"cy":494,"r":12},"region_attributes":{"Type":"1","count":"1"}},{"shape_attributes":{"name":"circle","cx":1179,"cy":383,"r":11},"region_attributes":{"Type":"1","count":"1"}},{"shape_attributes":{"name":"circle","cx":1170,"cy":584,"r":12},"region_attributes":{"Type":"1","count":"3"}},{"shape_attributes":{"name":"circle","cx":1090,"cy":662,"r":10},"region_attributes":{"Type":"1","count":"1"}},{"shape_attributes":{"name":"circle","cx":1220,"cy":759,"r":13},"region_attributes":{"Type":"1","count":"1"}},{"shape_attributes":{"name":"circle","cx":1188,"cy":852,"r":13},"region_attributes":{"Type":"1","count":"1"}},{"shape_attributes":{"name":"circle","cx":1165,"cy":894,"r":9},"region_attributes":{"Type":"1","count":"1"}},{"shape_attributes":{"name":"circle","cx":1204,"cy":942,"r":10},"region_attributes":{"Type":"1","count":"1"}}],"file_attributes":{"date":"2023-06-28","temp":"60","rain":"2","neighborhood":"East Village","total_count":""}}," https://lh3.googleusercontent.com/d/11PTER6xFMBKtD_ctUJ_9urBQ6JlrxaMZ\n":{"filename":" https://lh3.googleusercontent.com/d/11PTER6xFMBKtD_ctUJ_9urBQ6JlrxaMZ\n","size":-1,"regions":[{"shape_attributes":{"name":"circle","cx":248,"cy":606,"r":18},"region_attributes":{"Type":"2","count":"3"}},{"shape_attributes":{"name":"circle","cx":290,"cy":590,"r":12},"region_attributes":{"Type":"2","count":"7"}},{"shape_attributes":{"name":"circle","cx":305,"cy":664,"r":14},"region_attributes":{"Type":"2","count":"7"}},{"shape_attributes":{"name":"circle","cx":336,"cy":628,"r":14},"region_attributes":{"Type":"2","count":"15"}},{"shape_attributes":{"name":"circle","cx":387,"cy":627,"r":12},"region_attributes":{"Type":"2","count":"17"}},{"shape_attributes":{"name":"circle","cx":437,"cy":629,"r":12},"region_attributes":{"Type":"2","count":"12"}},{"shape_attributes":{"name":"circle","cx":400,"cy":657,"r":13},"region_attributes":{"Type":"2","count":"13"}},{"shape_attributes":{"name":"circle","cx":429,"cy":570,"r":9},"region_attributes":{"Type":"2","count":"1"}},{"shape_attributes":{"name":"circle","cx":418,"cy":797,"r":9},"region_attributes":{"Type":"2","count":"1"}},{"shape_attributes":{"name":"circle","cx":1290,"cy":796,"r":12},"region_attributes":{"Type":"2","count":"1"}},{"shape_attributes":{"name":"circle","cx":1186,"cy":911,"r":11},"region_attributes":{"Type":"2","count":"3"}},{"shape_attributes":{"name":"circle","cx":1050,"cy":797,"r":10},"region_attributes":{"Type":"2","count":"1"}},{"shape_attributes":{"name":"circle","cx":882,"cy":363,"r":13},"region_attributes":{"Type":"2","count":"7"}},{"shape_attributes":{"name":"circle","cx":784,"cy":437,"r":15},"region_attributes":{"Type":"2","count":"10"}},{"shape_attributes":{"name":"circle","cx":831,"cy":471,"r":10},"region_attributes":{"Type":"2","count":"1"}},{"shape_attributes":{"name":"circle","cx":303,"cy":569,"r":8},"region_attributes":{"Type":"1","count":"1"}},{"shape_attributes":{"name":"circle","cx":344,"cy":595,"r":9},"region_attributes":{"Type":"1","count":"2"}},{"shape_attributes":{"name":"circle","cx":404,"cy":570,"r":9},"region_attributes":{"Type":"1","count":"3"}},{"shape_attributes":{"name":"circle","cx":390,"cy":602,"r":6},"region_attributes":{"Type":"1","count":"8"}},{"shape_attributes":{"name":"circle","cx":442,"cy":596,"r":10},"region_attributes":{"Type":"1","count":"6"}},{"shape_attributes":{"name":"circle","cx":436,"cy":654,"r":8},"region_attributes":{"Type":"1","count":"3"}},{"shape_attributes":{"name":"circle","cx":331,"cy":659,"r":7},"region_attributes":{"Type":"1","count":"1"}},{"shape_attributes":{"name":"circle","cx":244,"cy":638,"r":12},"region_attributes":{"Type":"1","count":"3"}},{"shape_attributes":{"name":"circle","cx":294,"cy":620,"r":8},"region_attributes":{"Type":"1","count":"3"}},{"shape_attributes":{"name":"circle","cx":438,"cy":712,"r":7},"region_attributes":{"Type":"1","count":"1"}},{"shape_attributes":{"name":"circle","cx":393,"cy":797,"r":8},"region_attributes":{"Type":"1","count":"1"}},{"shape_attributes":{"name":"circle","cx":193,"cy":754,"r":11},"region_attributes":{"Type":"1","count":"2"}},{"shape_attributes":{"name":"circle","cx":338,"cy":896,"r":10},"region_attributes":{"Type":"1","count":"1"}},{"shape_attributes":{"name":"circle","cx":410,"cy":936,"r":8},"region_attributes":{"Type":"1","count":"1"}},{"shape_attributes":{"name":"circle","cx":537,"cy":890,"r":10},"region_attributes":{"Type":"1","count":"1"}},{"shape_attributes":{"name":"circle","cx":582,"cy":851,"r":7},"region_attributes":{"Type":"1","count":"1"}},{"shape_attributes":{"name":"circle","cx":606,"cy":937,"r":7},"region_attributes":{"Type":"1","count":"1"}},{"shape_attributes":{"name":"circle","cx":630,"cy":851,"r":10},"region_attributes":{"Type":"1","count":"3"}},{"shape_attributes":{"name":"circle","cx":1239,"cy":748,"r":8},"region_attributes":{"Type":"1","count":"1"}},{"shape_attributes":{"name":"circle","cx":1267,"cy":714,"r":10},"region_attributes":{"Type":"1","count":"1"}},{"shape_attributes":{"name":"circle","cx":1258,"cy":796,"r":7},"region_attributes":{"Type":"1","count":"2"}},{"shape_attributes":{"name":"circle","cx":1145,"cy":941,"r":6},"region_attributes":{"Type":"1","count":"1"}},{"shape_attributes":{"name":"circle","cx":1187,"cy":942,"r":6},"region_attributes":{"Type":"1","count":"1"}},{"shape_attributes":{"name":"circle","cx":1190,"cy":870,"r":9},"region_attributes":{"Type":"1","count":"2"}},{"shape_attributes":{"name":"circle","cx":1141,"cy":854,"r":7},"region_attributes":{"Type":"1","count":"1"}},{"shape_attributes":{"name":"circle","cx":1006,"cy":662,"r":9},"region_attributes":{"Type":"1","count":"1"}},{"shape_attributes":{"name":"circle","cx":933,"cy":499,"r":11},"region_attributes":{"Type":"1","count":"1"}},{"shape_attributes":{"name":"circle","cx":787,"cy":489,"r":10},"region_attributes":{"Type":"1","count":"3"}},{"shape_attributes":{"name":"circle","cx":1018,"cy":383,"r":12},"region_attributes":{"Type":"1","count":"1"}},{"shape_attributes":{"name":"circle","cx":886,"cy":336,"r":13},"region_attributes":{"Type":"1","count":"5"}}],"file_attributes":{"date":"2023-07-27","temp":"68","rain":"2","neighborhood":"East Village","total_count":""}}," https://lh3.googleusercontent.com/d/10g4xx5J_vlfrrfu_teIoQ3CARwYf-MRQ\n":{"filename":" https://lh3.googleusercontent.com/d/10g4xx5J_vlfrrfu_teIoQ3CARwYf-MRQ\n","size":-1,"regions":[{"shape_attributes":{"name":"circle","cx":284,"cy":581,"r":13},"region_attributes":{"Type":"1","count":"5"}},{"shape_attributes":{"name":"circle","cx":341,"cy":618,"r":13},"region_attributes":{"Type":"1","count":"4"}},{"shape_attributes":{"name":"circle","cx":289,"cy":656,"r":11},"region_attributes":{"Type":"1","count":"1"}},{"shape_attributes":{"name":"circle","cx":390,"cy":618,"r":9},"region_attributes":{"Type":"1","count":"2"}},{"shape_attributes":{"name":"circle","cx":416,"cy":560,"r":8},"region_attributes":{"Type":"1","count":"1"}},{"shape_attributes":{"name":"circle","cx":445,"cy":574,"r":10},"region_attributes":{"Type":"1","count":"13"}},{"shape_attributes":{"name":"circle","cx":437,"cy":653,"r":9},"region_attributes":{"Type":"1","count":"8"}},{"shape_attributes":{"name":"circle","cx":415,"cy":709,"r":10},"region_attributes":{"Type":"1","count":"3"}},{"shape_attributes":{"name":"circle","cx":311,"cy":708,"r":10},"region_attributes":{"Type":"1","count":"1"}},{"shape_attributes":{"name":"circle","cx":189,"cy":758,"r":10},"region_attributes":{"Type":"1","count":"3"}},{"shape_attributes":{"name":"circle","cx":214,"cy":801,"r":9},"region_attributes":{"Type":"1","count":"2"}},{"shape_attributes":{"name":"circle","cx":216,"cy":851,"r":11},"region_attributes":{"Type":"1","count":"2"}},{"shape_attributes":{"name":"circle","cx":182,"cy":912,"r":9},"region_attributes":{"Type":"1","count":"1"}},{"shape_attributes":{"name":"circle","cx":386,"cy":932,"r":10},"region_attributes":{"Type":"1","count":"1"}},{"shape_attributes":{"name":"circle","cx":442,"cy":871,"r":12},"region_attributes":{"Type":"1","count":"1"}},{"shape_attributes":{"name":"circle","cx":643,"cy":715,"r":10},"region_attributes":{"Type":"1","count":"1"}},{"shape_attributes":{"name":"circle","cx":744,"cy":765,"r":9},"region_attributes":{"Type":"1","count":"1"}},{"shape_attributes":{"name":"circle","cx":587,"cy":875,"r":11},"region_attributes":{"Type":"1","count":"1"}},{"shape_attributes":{"name":"circle","cx":629,"cy":851,"r":13},"region_attributes":{"Type":"1","count":"3"}},{"shape_attributes":{"name":"circle","cx":815,"cy":943,"r":11},"region_attributes":{"Type":"1","count":"2"}},{"shape_attributes":{"name":"circle","cx":929,"cy":852,"r":12},"region_attributes":{"Type":"1","count":"2"}},{"shape_attributes":{"name":"circle","cx":793,"cy":755,"r":9},"region_attributes":{"Type":"1","count":"1"}},{"shape_attributes":{"name":"circle","cx":920,"cy":654,"r":11},"region_attributes":{"Type":"1","count":"1"}},{"shape_attributes":{"name":"circle","cx":995,"cy":589,"r":8},"region_attributes":{"Type":"1","count":"1"}},{"shape_attributes":{"name":"circle","cx":796,"cy":489,"r":10},"region_attributes":{"Type":"1","count":"3"}},{"shape_attributes":{"name":"circle","cx":1196,"cy":652,"r":12},"region_attributes":{"Type":"1","count":"2"}},{"shape_attributes":{"name":"circle","cx":1268,"cy":751,"r":11},"region_attributes":{"Type":"1","count":"1"}},{"shape_attributes":{"name":"circle","cx":1292,"cy":799,"r":11},"region_attributes":{"Type":"1","count":"1"}},{"shape_attributes":{"name":"circle","cx":1200,"cy":943,"r":14},"region_attributes":{"Type":"1","count":"3"}},{"shape_attributes":{"name":"circle","cx":1169,"cy":890,"r":11},"region_attributes":{"Type":"1","count":"2"}},{"shape_attributes":{"name":"circle","cx":894,"cy":327,"r":11},"region_attributes":{"Type":"2","count":"2"}},{"shape_attributes":{"name":"circle","cx":794,"cy":450,"r":10},"region_attributes":{"Type":"2","count":"13"}},{"shape_attributes":{"name":"circle","cx":947,"cy":435,"r":8},"region_attributes":{"Type":"2","count":"1"}},{"shape_attributes":{"name":"circle","cx":1222,"cy":863,"r":9},"region_attributes":{"Type":"2","count":"2"}},{"shape_attributes":{"name":"circle","cx":1164,"cy":859,"r":13},"region_attributes":{"Type":"2","count":"4"}},{"shape_attributes":{"name":"circle","cx":1323,"cy":935,"r":6},"region_attributes":{"Type":"2","count":"1"}},{"shape_attributes":{"name":"circle","cx":1221,"cy":741,"r":6},"region_attributes":{"Type":"2","count":"1"}},{"shape_attributes":{"name":"circle","cx":338,"cy":585,"r":11},"region_attributes":{"Type":"2","count":"10"}},{"shape_attributes":{"name":"circle","cx":394,"cy":587,"r":8},"region_attributes":{"Type":"2","count":"13"}},{"shape_attributes":{"name":"circle","cx":443,"cy":612,"r":12},"region_attributes":{"Type":"2","count":"8"}},{"shape_attributes":{"name":"circle","cx":411,"cy":659,"r":12},"region_attributes":{"Type":"2","count":"17"}},{"shape_attributes":{"name":"circle","cx":316,"cy":658,"r":9},"region_attributes":{"Type":"2","count":"10"}},{"shape_attributes":{"name":"circle","cx":285,"cy":615,"r":10},"region_attributes":{"Type":"2","count":"16"}}],"file_attributes":{"date":"2023-09-01","temp":"67","rain":"2","neighborhood":"East Village","total_count":""}}," https://lh3.googleusercontent.com/d/1bRCI8Hi3FXEVzW4qyL7vtYCDsFFcMV1X\n":{"filename":" https://lh3.googleusercontent.com/d/1bRCI8Hi3FXEVzW4qyL7vtYCDsFFcMV1X\n","size":-1,"regions":[{"shape_attributes":{"name":"circle","cx":219,"cy":567,"r":7},"region_attributes":{"Type":"1","count":"1"}},{"shape_attributes":{"name":"circle","cx":293,"cy":571,"r":11},"region_attributes":{"Type":"1","count":"11"}},{"shape_attributes":{"name":"circle","cx":344,"cy":612,"r":8},"region_attributes":{"Type":"1","count":"2"}},{"shape_attributes":{"name":"circle","cx":317,"cy":664,"r":8},"region_attributes":{"Type":"1","count":"2"}},{"shape_attributes":{"name":"circle","cx":387,"cy":624,"r":8},"region_attributes":{"Type":"1","count":"1"}},{"shape_attributes":{"name":"circle","cx":418,"cy":567,"r":8},"region_attributes":{"Type":"1","count":"3"}},{"shape_attributes":{"name":"circle","cx":444,"cy":592,"r":14},"region_attributes":{"Type":"1","count":"6"}},{"shape_attributes":{"name":"circle","cx":429,"cy":662,"r":8},"region_attributes":{"Type":"1","count":"3"}},{"shape_attributes":{"name":"circle","cx":312,"cy":711,"r":12},"region_attributes":{"Type":"1","count":"5"}},{"shape_attributes":{"name":"circle","cx":390,"cy":765,"r":9},"region_attributes":{"Type":"1","count":"2"}},{"shape_attributes":{"name":"circle","cx":446,"cy":754,"r":10},"region_attributes":{"Type":"1","count":"3"}},{"shape_attributes":{"name":"circle","cx":618,"cy":858,"r":16},"region_attributes":{"Type":"1","count":"3"}},{"shape_attributes":{"name":"circle","cx":517,"cy":855,"r":9},"region_attributes":{"Type":"1","count":"1"}},{"shape_attributes":{"name":"circle","cx":443,"cy":906,"r":8},"region_attributes":{"Type":"1","count":"1"}},{"shape_attributes":{"name":"circle","cx":714,"cy":950,"r":11},"region_attributes":{"Type":"1","count":"3"}},{"shape_attributes":{"name":"circle","cx":519,"cy":662,"r":9},"region_attributes":{"Type":"1","count":"3"}},{"shape_attributes":{"name":"circle","cx":547,"cy":619,"r":10},"region_attributes":{"Type":"1","count":"2"}},{"shape_attributes":{"name":"circle","cx":748,"cy":756,"r":8},"region_attributes":{"Type":"1","count":"1"}},{"shape_attributes":{"name":"circle","cx":817,"cy":715,"r":9},"region_attributes":{"Type":"1","count":"1"}},{"shape_attributes":{"name":"circle","cx":922,"cy":856,"r":8},"region_attributes":{"Type":"1","count":"1"}},{"shape_attributes":{"name":"circle","cx":998,"cy":926,"r":9},"region_attributes":{"Type":"1","count":"1"}},{"shape_attributes":{"name":"circle","cx":799,"cy":423,"r":9},"region_attributes":{"Type":"1","count":"1"}},{"shape_attributes":{"name":"circle","cx":793,"cy":467,"r":10},"region_attributes":{"Type":"1","count":"9"}},{"shape_attributes":{"name":"circle","cx":955,"cy":478,"r":11},"region_attributes":{"Type":"1","count":"1"}},{"shape_attributes":{"name":"circle","cx":1000,"cy":326,"r":9},"region_attributes":{"Type":"1","count":"1"}},{"shape_attributes":{"name":"circle","cx":1298,"cy":711,"r":9},"region_attributes":{"Type":"1","count":"1"}},{"shape_attributes":{"name":"circle","cx":1273,"cy":766,"r":10},"region_attributes":{"Type":"1","count":"3"}},{"shape_attributes":{"name":"circle","cx":1282,"cy":806,"r":8},"region_attributes":{"Type":"1","count":"2"}},{"shape_attributes":{"name":"circle","cx":1197,"cy":806,"r":8},"region_attributes":{"Type":"1","count":"1"}},{"shape_attributes":{"name":"circle","cx":1222,"cy":757,"r":12},"region_attributes":{"Type":"1","count":"6"}},{"shape_attributes":{"name":"circle","cx":1169,"cy":723,"r":9},"region_attributes":{"Type":"1","count":"1"}},{"shape_attributes":{"name":"circle","cx":1190,"cy":857,"r":12},"region_attributes":{"Type":"1","count":"3"}},{"shape_attributes":{"name":"circle","cx":338,"cy":582,"r":16},"region_attributes":{"Type":"2","count":"14"}},{"shape_attributes":{"name":"circle","cx":390,"cy":594,"r":9},"region_attributes":{"Type":"2","count":"8"}},{"shape_attributes":{"name":"circle","cx":441,"cy":627,"r":10},"region_attributes":{"Type":"2","count":"9"}},{"shape_attributes":{"name":"circle","cx":402,"cy":659,"r":11},"region_attributes":{"Type":"2","count":"11"}},{"shape_attributes":{"name":"circle","cx":286,"cy":636,"r":9},"region_attributes":{"Type":"2","count":"8"}},{"shape_attributes":{"name":"circle","cx":290,"cy":596,"r":8},"region_attributes":{"Type":"2","count":"21"}},{"shape_attributes":{"name":"circle","cx":184,"cy":787,"r":5},"region_attributes":{"Type":"2","count":"1"}},{"shape_attributes":{"name":"circle","cx":828,"cy":425,"r":10},"region_attributes":{"Type":"2","count":"2"}},{"shape_attributes":{"name":"circle","cx":803,"cy":495,"r":10},"region_attributes":{"Type":"2","count":"20"}},{"shape_attributes":{"name":"circle","cx":829,"cy":519,"r":10},"region_attributes":{"Type":"2","count":"1"}},{"shape_attributes":{"name":"circle","cx":953,"cy":440,"r":10},"region_attributes":{"Type":"2","count":"1"}},{"shape_attributes":{"name":"circle","cx":926,"cy":373,"r":5},"region_attributes":{"Type":"2","count":"1"}},{"shape_attributes":{"name":"circle","cx":808,"cy":373,"r":8},"region_attributes":{"Type":"2","count":"1"}},{"shape_attributes":{"name":"circle","cx":1222,"cy":734,"r":9},"region_attributes":{"Type":"2","count":"5"}},{"shape_attributes":{"name":"circle","cx":1189,"cy":711,"r":6},"region_attributes":{"Type":"2","count":"1"}},{"shape_attributes":{"name":"circle","cx":1306,"cy":807,"r":6},"region_attributes":{"Type":"2","count":"1"}},{"shape_attributes":{"name":"circle","cx":1367,"cy":926,"r":9},"region_attributes":{"Type":"2","count":"1"}},{"shape_attributes":{"name":"circle","cx":1357,"cy":895,"r":9},"region_attributes":{"Type":"3","count":"1"}}],"file_attributes":{"date":"2023-09-28","temp":"63","rain":"2","neighborhood":"East Village","total_count":""}}," https://lh3.googleusercontent.com/d/12Oj7_g3cd6rPJpP8mh8SlnNL1E-cEwpF\n":{"filename":" https://lh3.googleusercontent.com/d/12Oj7_g3cd6rPJpP8mh8SlnNL1E-cEwpF\n","size":-1,"regions":[{"shape_attributes":{"name":"circle","cx":286,"cy":580,"r":13},"region_attributes":{"Type":"1","count":"4"}},{"shape_attributes":{"name":"circle","cx":341,"cy":586,"r":10},"region_attributes":{"Type":"1","count":"4"}},{"shape_attributes":{"name":"circle","cx":392,"cy":589,"r":15},"region_attributes":{"Type":"1","count":"4"}},{"shape_attributes":{"name":"circle","cx":332,"cy":660,"r":8},"region_attributes":{"Type":"1","count":"2"}},{"shape_attributes":{"name":"circle","cx":419,"cy":564,"r":8},"region_attributes":{"Type":"1","count":"2"}},{"shape_attributes":{"name":"circle","cx":443,"cy":585,"r":8},"region_attributes":{"Type":"1","count":"3"}},{"shape_attributes":{"name":"circle","cx":400,"cy":660,"r":8},"region_attributes":{"Type":"1","count":"1"}},{"shape_attributes":{"name":"circle","cx":489,"cy":624,"r":9},"region_attributes":{"Type":"1","count":"3"}},{"shape_attributes":{"name":"circle","cx":428,"cy":711,"r":9},"region_attributes":{"Type":"1","count":"2"}},{"shape_attributes":{"name":"circle","cx":341,"cy":772,"r":10},"region_attributes":{"Type":"1","count":"5"}},{"shape_attributes":{"name":"circle","cx":324,"cy":708,"r":12},"region_attributes":{"Type":"1","count":"3"}},{"shape_attributes":{"name":"circle","cx":216,"cy":711,"r":8},"region_attributes":{"Type":"1","count":"2"}},{"shape_attributes":{"name":"circle","cx":595,"cy":857,"r":12},"region_attributes":{"Type":"1","count":"1"}},{"shape_attributes":{"name":"circle","cx":729,"cy":874,"r":12},"region_attributes":{"Type":"1","count":"3"}},{"shape_attributes":{"name":"circle","cx":645,"cy":760,"r":9},"region_attributes":{"Type":"1","count":"1"}},{"shape_attributes":{"name":"circle","cx":746,"cy":636,"r":16},"region_attributes":{"Type":"1","count":"3"}},{"shape_attributes":{"name":"circle","cx":628,"cy":566,"r":9},"region_attributes":{"Type":"1","count":"1"}},{"shape_attributes":{"name":"circle","cx":792,"cy":488,"r":9},"region_attributes":{"Type":"1","count":"5"}},{"shape_attributes":{"name":"circle","cx":811,"cy":520,"r":13},"region_attributes":{"Type":"1","count":"2"}},{"shape_attributes":{"name":"circle","cx":806,"cy":423,"r":12},"region_attributes":{"Type":"1","count":"1"}},{"shape_attributes":{"name":"circle","cx":793,"cy":299,"r":8},"region_attributes":{"Type":"1","count":"1"}},{"shape_attributes":{"name":"circle","cx":824,"cy":277,"r":5},"region_attributes":{"Type":"1","count":"1"}},{"shape_attributes":{"name":"circle","cx":898,"cy":353,"r":10},"region_attributes":{"Type":"1","count":"1"}},{"shape_attributes":{"name":"circle","cx":996,"cy":913,"r":10},"region_attributes":{"Type":"1","count":"1"}},{"shape_attributes":{"name":"circle","cx":1167,"cy":887,"r":14},"region_attributes":{"Type":"1","count":"3"}},{"shape_attributes":{"name":"circle","cx":1200,"cy":950,"r":10},"region_attributes":{"Type":"1","count":"2"}},{"shape_attributes":{"name":"circle","cx":1296,"cy":856,"r":15},"region_attributes":{"Type":"1","count":"2"}},{"shape_attributes":{"name":"circle","cx":1366,"cy":755,"r":10},"region_attributes":{"Type":"1","count":"1"}},{"shape_attributes":{"name":"circle","cx":1220,"cy":741,"r":11},"region_attributes":{"Type":"1","count":"1"}},{"shape_attributes":{"name":"circle","cx":289,"cy":614,"r":16},"region_attributes":{"Type":"2","count":"13"}},{"shape_attributes":{"name":"circle","cx":340,"cy":622,"r":13},"region_attributes":{"Type":"2","count":"9"}},{"shape_attributes":{"name":"circle","cx":393,"cy":626,"r":14},"region_attributes":{"Type":"2","count":"17"}},{"shape_attributes":{"name":"circle","cx":419,"cy":660,"r":8},"region_attributes":{"Type":"2","count":"2"}},{"shape_attributes":{"name":"circle","cx":437,"cy":614,"r":13},"region_attributes":{"Type":"2","count":"5"}},{"shape_attributes":{"name":"circle","cx":492,"cy":592,"r":13},"region_attributes":{"Type":"2","count":"3"}},{"shape_attributes":{"name":"circle","cx":306,"cy":661,"r":9},"region_attributes":{"Type":"2","count":"5"}},{"shape_attributes":{"name":"circle","cx":296,"cy":708,"r":10},"region_attributes":{"Type":"2","count":"6"}},{"shape_attributes":{"name":"circle","cx":341,"cy":740,"r":9},"region_attributes":{"Type":"2","count":"3"}},{"shape_attributes":{"name":"circle","cx":720,"cy":570,"r":12},"region_attributes":{"Type":"2","count":"2"}},{"shape_attributes":{"name":"circle","cx":627,"cy":855,"r":11},"region_attributes":{"Type":"2","count":"1"}},{"shape_attributes":{"name":"circle","cx":1195,"cy":852,"r":14},"region_attributes":{"Type":"2","count":"2"}},{"shape_attributes":{"name":"circle","cx":1371,"cy":727,"r":11},"region_attributes":{"Type":"2","count":"2"}},{"shape_attributes":{"name":"circle","cx":1370,"cy":326,"r":13},"region_attributes":{"Type":"2","count":"2"}},{"shape_attributes":{"name":"circle","cx":796,"cy":360,"r":18},"region_attributes":{"Type":"2","count":"2"}},{"shape_attributes":{"name":"circle","cx":900,"cy":320,"r":14},"region_attributes":{"Type":"2","count":"4"}},{"shape_attributes":{"name":"circle","cx":794,"cy":458,"r":12},"region_attributes":{"Type":"2","count":"30"}},{"shape_attributes":{"name":"circle","cx":832,"cy":422,"r":11},"region_attributes":{"Type":"2","count":"3"}},{"shape_attributes":{"name":"circle","cx":837,"cy":519,"r":9},"region_attributes":{"Type":"2","count":"1"}},{"shape_attributes":{"name":"circle","cx":1356,"cy":907,"r":10},"region_attributes":{"Type":"3","count":"1"}}],"file_attributes":{"date":"2023-10-26","temp":"62","rain":"2","neighborhood":"East Village","total_count":""}}," https://lh3.googleusercontent.com/d/1ULwLEhIFm_P-4euWIyk5laXbrE5e50UV\n":{"filename":" https://lh3.googleusercontent.com/d/1ULwLEhIFm_P-4euWIyk5laXbrE5e50UV\n","size":-1,"regions":[{"shape_attributes":{"name":"circle","cx":238,"cy":620,"r":11},"region_attributes":{"Type":"2","count":"2"}},{"shape_attributes":{"name":"circle","cx":291,"cy":627,"r":17},"region_attributes":{"Type":"2","count":"8"}},{"shape_attributes":{"name":"circle","cx":339,"cy":602,"r":11},"region_attributes":{"Type":"2","count":"7"}},{"shape_attributes":{"name":"circle","cx":391,"cy":619,"r":14},"region_attributes":{"Type":"2","count":"8"}},{"shape_attributes":{"name":"circle","cx":497,"cy":618,"r":13},"region_attributes":{"Type":"2","count":"3"}},{"shape_attributes":{"name":"circle","cx":439,"cy":629,"r":13},"region_attributes":{"Type":"2","count":"4"}},{"shape_attributes":{"name":"circle","cx":428,"cy":666,"r":11},"region_attributes":{"Type":"2","count":"7"}},{"shape_attributes":{"name":"circle","cx":330,"cy":721,"r":10},"region_attributes":{"Type":"2","count":"8"}},{"shape_attributes":{"name":"circle","cx":207,"cy":807,"r":12},"region_attributes":{"Type":"2","count":"1"}},{"shape_attributes":{"name":"circle","cx":627,"cy":865,"r":9},"region_attributes":{"Type":"2","count":"2"}},{"shape_attributes":{"name":"circle","cx":844,"cy":336,"r":13},"region_attributes":{"Type":"2","count":"3"}},{"shape_attributes":{"name":"circle","cx":898,"cy":335,"r":10},"region_attributes":{"Type":"2","count":"6"}},{"shape_attributes":{"name":"circle","cx":806,"cy":377,"r":11},"region_attributes":{"Type":"2","count":"1"}},{"shape_attributes":{"name":"circle","cx":844,"cy":443,"r":16},"region_attributes":{"Type":"2","count":"6"}},{"shape_attributes":{"name":"circle","cx":805,"cy":477,"r":16},"region_attributes":{"Type":"2","count":"32"}},{"shape_attributes":{"name":"circle","cx":1193,"cy":802,"r":19},"region_attributes":{"Type":"2","count":"4"}},{"shape_attributes":{"name":"circle","cx":1270,"cy":773,"r":11},"region_attributes":{"Type":"2","count":"2"}},{"shape_attributes":{"name":"circle","cx":1325,"cy":772,"r":14},"region_attributes":{"Type":"2","count":"2"}},{"shape_attributes":{"name":"circle","cx":1372,"cy":764,"r":14},"region_attributes":{"Type":"2","count":"1"}},{"shape_attributes":{"name":"circle","cx":1376,"cy":871,"r":11},"region_attributes":{"Type":"2","count":"2"}},{"shape_attributes":{"name":"circle","cx":1179,"cy":921,"r":16},"region_attributes":{"Type":"2","count":"2"}},{"shape_attributes":{"name":"circle","cx":1383,"cy":515,"r":11},"region_attributes":{"Type":"2","count":"2"}},{"shape_attributes":{"name":"circle","cx":287,"cy":595,"r":8},"region_attributes":{"Type":"1","count":"4"}},{"shape_attributes":{"name":"circle","cx":317,"cy":573,"r":9},"region_attributes":{"Type":"1","count":"5"}},{"shape_attributes":{"name":"circle","cx":340,"cy":630,"r":10},"region_attributes":{"Type":"1","count":"4"}},{"shape_attributes":{"name":"circle","cx":441,"cy":598,"r":7},"region_attributes":{"Type":"1","count":"3"}},{"shape_attributes":{"name":"circle","cx":402,"cy":665,"r":20},"region_attributes":{"Type":"1","count":"1"}},{"shape_attributes":{"name":"circle","cx":419,"cy":719,"r":13},"region_attributes":{"Type":"1","count":"1"}},{"shape_attributes":{"name":"circle","cx":303,"cy":719,"r":12},"region_attributes":{"Type":"1","count":"3"}},{"shape_attributes":{"name":"circle","cx":285,"cy":758,"r":11},"region_attributes":{"Type":"1","count":"1"}},{"shape_attributes":{"name":"circle","cx":443,"cy":901,"r":16},"region_attributes":{"Type":"1","count":"1"}},{"shape_attributes":{"name":"circle","cx":589,"cy":902,"r":12},"region_attributes":{"Type":"1","count":"1"}},{"shape_attributes":{"name":"circle","cx":600,"cy":869,"r":8},"region_attributes":{"Type":"1","count":"2"}},{"shape_attributes":{"name":"circle","cx":644,"cy":759,"r":10},"region_attributes":{"Type":"1","count":"2"}},{"shape_attributes":{"name":"circle","cx":917,"cy":945,"r":18},"region_attributes":{"Type":"1","count":"2"}},{"shape_attributes":{"name":"circle","cx":803,"cy":439,"r":11},"region_attributes":{"Type":"1","count":"3"}},{"shape_attributes":{"name":"circle","cx":920,"cy":377,"r":11},"region_attributes":{"Type":"1","count":"2"}},{"shape_attributes":{"name":"circle","cx":894,"cy":359,"r":10},"region_attributes":{"Type":"1","count":"1"}},{"shape_attributes":{"name":"circle","cx":1058,"cy":433,"r":13},"region_attributes":{"Type":"1","count":"1"}},{"shape_attributes":{"name":"circle","cx":1379,"cy":480,"r":13},"region_attributes":{"Type":"1","count":"3"}},{"shape_attributes":{"name":"circle","cx":1224,"cy":755,"r":10},"region_attributes":{"Type":"1","count":"1"}},{"shape_attributes":{"name":"circle","cx":1296,"cy":811,"r":17},"region_attributes":{"Type":"1","count":"2"}},{"shape_attributes":{"name":"circle","cx":1376,"cy":906,"r":14},"region_attributes":{"Type":"1","count":"2"}},{"shape_attributes":{"name":"circle","cx":1200,"cy":861,"r":14},"region_attributes":{"Type":"1","count":"3"}},{"shape_attributes":{"name":"circle","cx":1228,"cy":878,"r":10},"region_attributes":{"Type":"1","count":"1"}},{"shape_attributes":{"name":"circle","cx":1203,"cy":957,"r":11},"region_attributes":{"Type":"1","count":"1"}},{"shape_attributes":{"name":"circle","cx":1171,"cy":891,"r":10.157},"region_attributes":{"Type":"1","count":"2"}},{"shape_attributes":{"name":"circle","cx":1064,"cy":949,"r":10},"region_attributes":{"Type":"1","count":"3"}},{"shape_attributes":{"name":"circle","cx":1124,"cy":901,"r":8},"region_attributes":{"Type":"1","count":"1"}}],"file_attributes":{"date":"2023-11-30","temp":"56","rain":"1","neighborhood":"East Village","total_count":""}}," https://lh3.googleusercontent.com/d/1mq1Xm56BQyiFGDdyY1BAmw4keW3FRI1m\n":{"filename":" https://lh3.googleusercontent.com/d/1mq1Xm56BQyiFGDdyY1BAmw4keW3FRI1m\n","size":-1,"regions":[{"shape_attributes":{"name":"circle","cx":346,"cy":568,"r":15},"region_attributes":{"Type":"1","count":"1"}},{"shape_attributes":{"name":"circle","cx":396,"cy":574,"r":10},"region_attributes":{"Type":"1","count":"1"}},{"shape_attributes":{"name":"circle","cx":441,"cy":576,"r":15},"region_attributes":{"Type":"1","count":"8"}},{"shape_attributes":{"name":"circle","cx":292,"cy":655,"r":15},"region_attributes":{"Type":"1","count":"1"}},{"shape_attributes":{"name":"circle","cx":699,"cy":603,"r":18},"region_attributes":{"Type":"1","count":"2"}},{"shape_attributes":{"name":"circle","cx":751,"cy":634,"r":11},"region_attributes":{"Type":"1","count":"1"}},{"shape_attributes":{"name":"circle","cx":823,"cy":654,"r":20},"region_attributes":{"Type":"1","count":"1"}},{"shape_attributes":{"name":"circle","cx":810,"cy":300,"r":20},"region_attributes":{"Type":"1","count":"17"}},{"shape_attributes":{"name":"circle","cx":905,"cy":284,"r":16},"region_attributes":{"Type":"1","count":"3"}},{"shape_attributes":{"name":"circle","cx":1370,"cy":309,"r":18},"region_attributes":{"Type":"1","count":"4"}},{"shape_attributes":{"name":"circle","cx":1170,"cy":630,"r":15},"region_attributes":{"Type":"1","count":"1"}},{"shape_attributes":{"name":"circle","cx":1295,"cy":420,"r":14},"region_attributes":{"Type":"1","count":"1"}},{"shape_attributes":{"name":"circle","cx":1318,"cy":868,"r":20},"region_attributes":{"Type":"1","count":"2"}},{"shape_attributes":{"name":"circle","cx":1203,"cy":940,"r":14},"region_attributes":{"Type":"1","count":"2"}},{"shape_attributes":{"name":"circle","cx":1214,"cy":851,"r":14},"region_attributes":{"Type":"1","count":"1"}},{"shape_attributes":{"name":"circle","cx":1039,"cy":853,"r":20},"region_attributes":{"Type":"1","count":"3"}},{"shape_attributes":{"name":"circle","cx":345,"cy":600,"r":11},"region_attributes":{"Type":"2","count":"1"}},{"shape_attributes":{"name":"circle","cx":401,"cy":608,"r":16},"region_attributes":{"Type":"2","count":"2"}},{"shape_attributes":{"name":"circle","cx":439,"cy":612,"r":17},"region_attributes":{"Type":"2","count":"5"}},{"shape_attributes":{"name":"circle","cx":503,"cy":599,"r":15},"region_attributes":{"Type":"2","count":"4"}},{"shape_attributes":{"name":"circle","cx":815,"cy":513,"r":17},"region_attributes":{"Type":"2","count":"1"}},{"shape_attributes":{"name":"circle","cx":846,"cy":468,"r":13},"region_attributes":{"Type":"2","count":"1"}},{"shape_attributes":{"name":"circle","cx":911,"cy":457,"r":17},"region_attributes":{"Type":"2","count":"1"}},{"shape_attributes":{"name":"circle","cx":1307,"cy":644,"r":23},"region_attributes":{"Type":"2","count":"1"}},{"shape_attributes":{"name":"circle","cx":618,"cy":859,"r":24},"region_attributes":{"Type":"2","count":"3"}},{"shape_attributes":{"name":"circle","cx":1179,"cy":853,"r":11},"region_attributes":{"Type":"2","count":"4"}},{"shape_attributes":{"name":"circle","cx":1385,"cy":856,"r":16},"region_attributes":{"Type":"2","count":"3"}},{"shape_attributes":{"name":"circle","cx":1321,"cy":760,"r":15},"region_attributes":{"Type":"2","count":"2"}},{"shape_attributes":{"name":"circle","cx":1294,"cy":717,"r":23},"region_attributes":{"Type":"2","count":"5"}},{"shape_attributes":{"name":"circle","cx":1217,"cy":764,"r":17},"region_attributes":{"Type":"2","count":"15"}},{"shape_attributes":{"name":"circle","cx":1177,"cy":782,"r":17},"region_attributes":{"Type":"2","count":"4"}},{"shape_attributes":{"name":"circle","cx":1372,"cy":351,"r":13},"region_attributes":{"Type":"2","count":"3"}},{"shape_attributes":{"name":"circle","cx":907,"cy":333,"r":16},"region_attributes":{"Type":"2","count":"4"}},{"shape_attributes":{"name":"circle","cx":805,"cy":341,"r":20},"region_attributes":{"Type":"2","count":"3"}},{"shape_attributes":{"name":"circle","cx":1223,"cy":725,"r":14},"region_attributes":{"Type":"3","count":"1"}},{"shape_attributes":{"name":"circle","cx":1383,"cy":897,"r":9},"region_attributes":{"Type":"3","count":"1"}},{"shape_attributes":{"name":"circle","cx":341,"cy":635,"r":14},"region_attributes":{"Type":"3","count":"1"}}],"file_attributes":{"date":"2023-12-28","temp":"56","rain":"2","neighborhood":"East Village","total_count":""}}},"_via_attributes":{"region":{"Type":{"type":"dropdown","description":"","options":{"1":"Individual","2":"Structure","3":"Vehicle"},"default_options":{}},"count":{"type":"text","description":"","default_value":""}},"file":{"date":{"type":"text","description":"","default_value":""},"temp":{"type":"text","description":"","default_value":""},"rain":{"type":"dropdown","description":"","options":{"1":"rain","2":"clear"},"default_options":{"2":true}},"neighborhood":{"type":"text","description":"","default_value":"East Village"},"total_count":{"type":"text","description":"","default_value":""}}},"_via_data_format_version":"2.0.10","_via_image_id_list":[" https://lh3.googleusercontent.com/d/1kIk8VEu5j-KVBYL3xLXr2Xi6934Q5yeK\n"," https://lh3.googleusercontent.com/d/1hYilnSwObzq8ahZzkTxA7YIqXoN4xtOG\n"," https://lh3.googleusercontent.com/d/1h8CwU7Kdmd3afmj3h9Hs_ZiLkCeptZcH\n"," https://lh3.googleusercontent.com/d/1DDU_HDNIA_nKiWvdt9MBJuWPDNNhl-uR\n"," https://lh3.googleusercontent.com/d/1c-tjSdylIZKhj1q0Y9_tpq1ohLtFG4WW\n"," https://lh3.googleusercontent.com/d/1VsvdscdmmSY-y5Zhcwy_gyrg6sjUGmeM\n"," https://lh3.googleusercontent.com/d/11PTER6xFMBKtD_ctUJ_9urBQ6JlrxaMZ\n"," https://lh3.googleusercontent.com/d/10g4xx5J_vlfrrfu_teIoQ3CARwYf-MRQ\n"," https://lh3.googleusercontent.com/d/1bRCI8Hi3FXEVzW4qyL7vtYCDsFFcMV1X\n"," https://lh3.googleusercontent.com/d/12Oj7_g3cd6rPJpP8mh8SlnNL1E-cEwpF\n"," https://lh3.googleusercontent.com/d/1ULwLEhIFm_P-4euWIyk5laXbrE5e50UV\n"," https://lh3.googleusercontent.com/d/1mq1Xm56BQyiFGDdyY1BAmw4keW3FRI1m\n"]}