{"_via_settings":{"ui":{"annotation_editor_height":30,"annotation_editor_fontsize":0.8,"leftsidebar_width":18,"image_grid":{"img_height":80,"rshape_fill":"none","rshape_fill_opacity":0.3,"rshape_stroke":"yellow","rshape_stroke_width":2,"show_region_shape":true,"show_image_policy":"all"},"image":{"region_label":"__via_region_id__","region_color":"__via_default_region_color__","region_label_font":"10px Sans","on_image_annotation_editor_placement":"NEAR_REGION"}},"core":{"buffer_size":18,"filepath":{},"default_filepath":""},"project":{"name":"East Village South_2024_count_"}},"_via_img_metadata":{"https://lh3.googleusercontent.com/d/1fgzm3luMydJJVgiP8QSYyF1JFnk5wCm3\n":{"filename":"https://lh3.googleusercontent.com/d/1fgzm3luMydJJVgiP8QSYyF1JFnk5wCm3\n","size":-1,"regions":[{"shape_attributes":{"name":"circle","cx":305,"cy":318,"r":15},"region_attributes":{"Type":"1","count":"1"}},{"shape_attributes":{"name":"circle","cx":238,"cy":434,"r":17},"region_attributes":{"Type":"1","count":"3"}},{"shape_attributes":{"name":"circle","cx":217,"cy":557,"r":15},"region_attributes":{"Type":"1","count":"1"}},{"shape_attributes":{"name":"circle","cx":719,"cy":317,"r":13},"region_attributes":{"Type":"1","count":"1"}},{"shape_attributes":{"name":"circle","cx":821,"cy":379,"r":13},"region_attributes":{"Type":"1","count":"1"}},{"shape_attributes":{"name":"circle","cx":724,"cy":379,"r":14},"region_attributes":{"Type":"1","count":"1"}},{"shape_attributes":{"name":"circle","cx":870,"cy":495,"r":16},"region_attributes":{"Type":"1","count":"1"}},{"shape_attributes":{"name":"circle","cx":971,"cy":467,"r":16},"region_attributes":{"Type":"1","count":"1"}},{"shape_attributes":{"name":"circle","cx":955,"cy":370,"r":15},"region_attributes":{"Type":"1","count":"3"}},{"shape_attributes":{"name":"circle","cx":751,"cy":549,"r":15},"region_attributes":{"Type":"1","count":"2"}},{"shape_attributes":{"name":"circle","cx":716,"cy":569,"r":18},"region_attributes":{"Type":"1","count":"3"}},{"shape_attributes":{"name":"circle","cx":762,"cy":596,"r":19},"region_attributes":{"Type":"1","count":"41"}},{"shape_attributes":{"name":"circle","cx":681,"cy":680,"r":15},"region_attributes":{"Type":"1","count":"3"}},{"shape_attributes":{"name":"circle","cx":930,"cy":680,"r":13},"region_attributes":{"Type":"1","count":"1"}},{"shape_attributes":{"name":"circle","cx":827,"cy":759,"r":23},"region_attributes":{"Type":"1","count":"20"}},{"shape_attributes":{"name":"circle","cx":956,"cy":760,"r":13},"region_attributes":{"Type":"1","count":"1"}},{"shape_attributes":{"name":"circle","cx":958,"cy":818,"r":18},"region_attributes":{"Type":"1","count":"7"}},{"shape_attributes":{"name":"circle","cx":888,"cy":857,"r":14},"region_attributes":{"Type":"1","count":"1"}},{"shape_attributes":{"name":"circle","cx":836,"cy":859,"r":21},"region_attributes":{"Type":"1","count":"1"}},{"shape_attributes":{"name":"circle","cx":1089,"cy":855,"r":19},"region_attributes":{"Type":"1","count":"2"}},{"shape_attributes":{"name":"circle","cx":967,"cy":919,"r":17},"region_attributes":{"Type":"1","count":"4"}},{"shape_attributes":{"name":"circle","cx":1092,"cy":925,"r":23},"region_attributes":{"Type":"1","count":"25"}},{"shape_attributes":{"name":"circle","cx":1309,"cy":821,"r":20},"region_attributes":{"Type":"1","count":"4"}},{"shape_attributes":{"name":"circle","cx":1348,"cy":724,"r":22},"region_attributes":{"Type":"1","count":"10"}},{"shape_attributes":{"name":"circle","cx":1406,"cy":728,"r":15},"region_attributes":{"Type":"1","count":"1"}},{"shape_attributes":{"name":"circle","cx":1307,"cy":677,"r":13},"region_attributes":{"Type":"1","count":"3"}},{"shape_attributes":{"name":"circle","cx":1203,"cy":597,"r":12},"region_attributes":{"Type":"1","count":"1"}},{"shape_attributes":{"name":"circle","cx":1250,"cy":566,"r":13},"region_attributes":{"Type":"1","count":"4"}},{"shape_attributes":{"name":"circle","cx":1303,"cy":582,"r":13},"region_attributes":{"Type":"1","count":"1"}},{"shape_attributes":{"name":"circle","cx":1424,"cy":597,"r":17},"region_attributes":{"Type":"1","count":"3"}},{"shape_attributes":{"name":"circle","cx":1350,"cy":621,"r":17},"region_attributes":{"Type":"1","count":"6"}},{"shape_attributes":{"name":"circle","cx":1306,"cy":455,"r":15},"region_attributes":{"Type":"1","count":"2"}},{"shape_attributes":{"name":"circle","cx":1413,"cy":437,"r":12},"region_attributes":{"Type":"1","count":"1"}},{"shape_attributes":{"name":"circle","cx":1306,"cy":332,"r":11},"region_attributes":{"Type":"1","count":"1"}},{"shape_attributes":{"name":"circle","cx":1328,"cy":308,"r":14},"region_attributes":{"Type":"1","count":"1"}},{"shape_attributes":{"name":"circle","cx":1256,"cy":310,"r":10},"region_attributes":{"Type":"1","count":"1"}},{"shape_attributes":{"name":"circle","cx":1151,"cy":372,"r":17},"region_attributes":{"Type":"1","count":"1"}},{"shape_attributes":{"name":"circle","cx":1035,"cy":932,"r":16},"region_attributes":{"Type":"2","count":"7"}},{"shape_attributes":{"name":"circle","cx":1041,"cy":857,"r":13},"region_attributes":{"Type":"2","count":"1"}},{"shape_attributes":{"name":"circle","cx":956,"cy":857,"r":19},"region_attributes":{"Type":"2","count":"1"}},{"shape_attributes":{"name":"circle","cx":933,"cy":917,"r":11},"region_attributes":{"Type":"2","count":"1"}},{"shape_attributes":{"name":"circle","cx":879,"cy":681,"r":14},"region_attributes":{"Type":"2","count":"1"}},{"shape_attributes":{"name":"circle","cx":830,"cy":708,"r":22},"region_attributes":{"Type":"2","count":"1"}},{"shape_attributes":{"name":"circle","cx":735,"cy":641,"r":13},"region_attributes":{"Type":"2","count":"3"}},{"shape_attributes":{"name":"circle","cx":1221,"cy":626,"r":15},"region_attributes":{"Type":"2","count":"1"}},{"shape_attributes":{"name":"circle","cx":1254,"cy":588,"r":11},"region_attributes":{"Type":"2","count":"1"}},{"shape_attributes":{"name":"circle","cx":1312,"cy":618,"r":15},"region_attributes":{"Type":"2","count":"1"}},{"shape_attributes":{"name":"circle","cx":1406,"cy":686,"r":12},"region_attributes":{"Type":"2","count":"3"}},{"shape_attributes":{"name":"circle","cx":206,"cy":433,"r":15},"region_attributes":{"Type":"2","count":"4"}},{"shape_attributes":{"name":"circle","cx":307,"cy":353,"r":16},"region_attributes":{"Type":"2","count":"6"}},{"shape_attributes":{"name":"circle","cx":931,"cy":338,"r":15},"region_attributes":{"Type":"2","count":"1"}},{"shape_attributes":{"name":"circle","cx":1343,"cy":675,"r":11},"region_attributes":{"Type":"2","count":"2"}},{"shape_attributes":{"name":"circle","cx":1352,"cy":824,"r":12},"region_attributes":{"Type":"2","count":"2"}},{"shape_attributes":{"name":"circle","cx":1310,"cy":757,"r":16},"region_attributes":{"Type":"2","count":"4"}},{"shape_attributes":{"name":"circle","cx":1333,"cy":551,"r":15},"region_attributes":{"Type":"2","count":"2"}},{"shape_attributes":{"name":"circle","cx":1419,"cy":555,"r":11},"region_attributes":{"Type":"2","count":"15"}},{"shape_attributes":{"name":"circle","cx":1321,"cy":494,"r":16},"region_attributes":{"Type":"2","count":"2"}},{"shape_attributes":{"name":"circle","cx":1332,"cy":429,"r":12},"region_attributes":{"Type":"2","count":"2"}},{"shape_attributes":{"name":"circle","cx":1209,"cy":359,"r":14},"region_attributes":{"Type":"2","count":"4"}},{"shape_attributes":{"name":"circle","cx":1213,"cy":312,"r":18},"region_attributes":{"Type":"2","count":"5"}},{"shape_attributes":{"name":"circle","cx":1249,"cy":348,"r":12},"region_attributes":{"Type":"2","count":"1"}},{"shape_attributes":{"name":"circle","cx":1312,"cy":366,"r":12},"region_attributes":{"Type":"2","count":"1"}},{"shape_attributes":{"name":"circle","cx":1410,"cy":351,"r":11},"region_attributes":{"Type":"2","count":"1"}},{"shape_attributes":{"name":"circle","cx":1358,"cy":346,"r":13},"region_attributes":{"Type":"2","count":"6"}},{"shape_attributes":{"name":"circle","cx":899,"cy":760,"r":18},"region_attributes":{"Type":"3","count":"1"}},{"shape_attributes":{"name":"circle","cx":1327,"cy":978,"r":23},"region_attributes":{"Type":"3","count":"4"}}],"file_attributes":{"date":"2024-01-25","temp":"63","rain":"2","neighborhood":"East Village South","total_count":""}},"https://lh3.googleusercontent.com/d/1reP3nipQGd7UCs8beYcu21xKCQbXv3BE\n":{"filename":"https://lh3.googleusercontent.com/d/1reP3nipQGd7UCs8beYcu21xKCQbXv3BE\n","size":-1,"regions":[{"shape_attributes":{"name":"circle","cx":343,"cy":386,"r":16},"region_attributes":{"Type":"1","count":"2"}},{"shape_attributes":{"name":"circle","cx":547,"cy":562,"r":14},"region_attributes":{"Type":"1","count":"2"}},{"shape_attributes":{"name":"circle","cx":724,"cy":342,"r":12},"region_attributes":{"Type":"1","count":"1"}},{"shape_attributes":{"name":"circle","cx":768,"cy":379,"r":17},"region_attributes":{"Type":"1","count":"5"}},{"shape_attributes":{"name":"circle","cx":953,"cy":391,"r":11},"region_attributes":{"Type":"1","count":"1"}},{"shape_attributes":{"name":"circle","cx":963,"cy":486,"r":12},"region_attributes":{"Type":"1","count":"1"}},{"shape_attributes":{"name":"circle","cx":937,"cy":506,"r":14},"region_attributes":{"Type":"1","count":"2"}},{"shape_attributes":{"name":"circle","cx":772,"cy":586,"r":14},"region_attributes":{"Type":"1","count":"16"}},{"shape_attributes":{"name":"circle","cx":730,"cy":570,"r":16},"region_attributes":{"Type":"1","count":"4"}},{"shape_attributes":{"name":"circle","cx":678,"cy":598,"r":8},"region_attributes":{"Type":"1","count":"1"}},{"shape_attributes":{"name":"circle","cx":739,"cy":651,"r":13},"region_attributes":{"Type":"1","count":"1"}},{"shape_attributes":{"name":"circle","cx":610,"cy":751,"r":15},"region_attributes":{"Type":"1","count":"1"}},{"shape_attributes":{"name":"circle","cx":732,"cy":850,"r":9},"region_attributes":{"Type":"1","count":"1"}},{"shape_attributes":{"name":"circle","cx":508,"cy":954,"r":14},"region_attributes":{"Type":"1","count":"4"}},{"shape_attributes":{"name":"circle","cx":837,"cy":819,"r":23},"region_attributes":{"Type":"1","count":"34"}},{"shape_attributes":{"name":"circle","cx":889,"cy":831,"r":13},"region_attributes":{"Type":"1","count":"4"}},{"shape_attributes":{"name":"circle","cx":960,"cy":767,"r":21},"region_attributes":{"Type":"1","count":"9"}},{"shape_attributes":{"name":"circle","cx":945,"cy":724,"r":16},"region_attributes":{"Type":"1","count":"2"}},{"shape_attributes":{"name":"circle","cx":885,"cy":684,"r":15},"region_attributes":{"Type":"1","count":"8"}},{"shape_attributes":{"name":"circle","cx":1015,"cy":705,"r":14},"region_attributes":{"Type":"1","count":"6"}},{"shape_attributes":{"name":"circle","cx":818,"cy":749,"r":12},"region_attributes":{"Type":"1","count":"6"}},{"shape_attributes":{"name":"circle","cx":1028,"cy":846,"r":16},"region_attributes":{"Type":"1","count":"2"}},{"shape_attributes":{"name":"circle","cx":1071,"cy":902,"r":13},"region_attributes":{"Type":"1","count":"3"}},{"shape_attributes":{"name":"circle","cx":1025,"cy":906,"r":10.202},"region_attributes":{"Type":"1","count":"10"}},{"shape_attributes":{"name":"circle","cx":966,"cy":908,"r":13},"region_attributes":{"Type":"1","count":"4"}},{"shape_attributes":{"name":"circle","cx":939,"cy":966,"r":10},"region_attributes":{"Type":"1","count":"7"}},{"shape_attributes":{"name":"circle","cx":866,"cy":950,"r":13},"region_attributes":{"Type":"1","count":"14"}},{"shape_attributes":{"name":"circle","cx":1186,"cy":912,"r":13},"region_attributes":{"Type":"1","count":"9"}},{"shape_attributes":{"name":"circle","cx":1322,"cy":934,"r":13},"region_attributes":{"Type":"1","count":"1"}},{"shape_attributes":{"name":"circle","cx":1311,"cy":966,"r":11},"region_attributes":{"Type":"1","count":"1"}},{"shape_attributes":{"name":"circle","cx":1375,"cy":850,"r":15},"region_attributes":{"Type":"1","count":"6"}},{"shape_attributes":{"name":"circle","cx":1322,"cy":752,"r":12},"region_attributes":{"Type":"1","count":"4"}},{"shape_attributes":{"name":"circle","cx":1279,"cy":775,"r":13},"region_attributes":{"Type":"1","count":"9"}},{"shape_attributes":{"name":"circle","cx":1383,"cy":592,"r":12},"region_attributes":{"Type":"1","count":"2"}},{"shape_attributes":{"name":"circle","cx":1321,"cy":619,"r":16},"region_attributes":{"Type":"1","count":"9"}},{"shape_attributes":{"name":"circle","cx":1221,"cy":563,"r":12},"region_attributes":{"Type":"1","count":"2"}},{"shape_attributes":{"name":"circle","cx":1184,"cy":585,"r":12},"region_attributes":{"Type":"1","count":"4"}},{"shape_attributes":{"name":"circle","cx":1210,"cy":629,"r":12},"region_attributes":{"Type":"1","count":"2"}},{"shape_attributes":{"name":"circle","cx":1129,"cy":626,"r":10},"region_attributes":{"Type":"1","count":"1"}},{"shape_attributes":{"name":"circle","cx":1181,"cy":509,"r":12},"region_attributes":{"Type":"1","count":"1"}},{"shape_attributes":{"name":"circle","cx":1271,"cy":450,"r":8},"region_attributes":{"Type":"1","count":"1"}},{"shape_attributes":{"name":"circle","cx":1223,"cy":336,"r":9},"region_attributes":{"Type":"1","count":"1"}},{"shape_attributes":{"name":"circle","cx":1191,"cy":338,"r":19},"region_attributes":{"Type":"1","count":"2"}},{"shape_attributes":{"name":"circle","cx":732,"cy":608,"r":12},"region_attributes":{"Type":"2","count":"1"}},{"shape_attributes":{"name":"circle","cx":353,"cy":346,"r":17},"region_attributes":{"Type":"2","count":"2"}},{"shape_attributes":{"name":"circle","cx":940,"cy":827,"r":14},"region_attributes":{"Type":"2","count":"4"}},{"shape_attributes":{"name":"circle","cx":824,"cy":696,"r":10},"region_attributes":{"Type":"2","count":"3"}},{"shape_attributes":{"name":"circle","cx":940,"cy":906,"r":7},"region_attributes":{"Type":"2","count":"7"}},{"shape_attributes":{"name":"circle","cx":916,"cy":958,"r":11},"region_attributes":{"Type":"2","count":"5"}},{"shape_attributes":{"name":"circle","cx":1019,"cy":944,"r":12},"region_attributes":{"Type":"2","count":"1"}},{"shape_attributes":{"name":"circle","cx":1107,"cy":911,"r":13},"region_attributes":{"Type":"2","count":"2"}},{"shape_attributes":{"name":"circle","cx":1280,"cy":908,"r":13},"region_attributes":{"Type":"2","count":"1"}},{"shape_attributes":{"name":"circle","cx":1187,"cy":955,"r":13},"region_attributes":{"Type":"2","count":"1"}},{"shape_attributes":{"name":"circle","cx":1317,"cy":814,"r":13},"region_attributes":{"Type":"2","count":"1"}},{"shape_attributes":{"name":"circle","cx":1382,"cy":814,"r":16},"region_attributes":{"Type":"2","count":"2"}},{"shape_attributes":{"name":"circle","cx":1279,"cy":717,"r":14},"region_attributes":{"Type":"2","count":"8"}},{"shape_attributes":{"name":"circle","cx":1074,"cy":845,"r":14},"region_attributes":{"Type":"2","count":"1"}},{"shape_attributes":{"name":"circle","cx":1281,"cy":625,"r":14},"region_attributes":{"Type":"2","count":"2"}},{"shape_attributes":{"name":"circle","cx":1223,"cy":602,"r":9},"region_attributes":{"Type":"2","count":"5"}},{"shape_attributes":{"name":"circle","cx":1183,"cy":619,"r":10},"region_attributes":{"Type":"2","count":"1"}},{"shape_attributes":{"name":"circle","cx":1381,"cy":566,"r":14},"region_attributes":{"Type":"2","count":"19"}},{"shape_attributes":{"name":"circle","cx":1273,"cy":483,"r":11},"region_attributes":{"Type":"2","count":"3"}},{"shape_attributes":{"name":"circle","cx":1301,"cy":450,"r":9},"region_attributes":{"Type":"2","count":"2"}},{"shape_attributes":{"name":"circle","cx":1294,"cy":515,"r":9},"region_attributes":{"Type":"2","count":"2"}},{"shape_attributes":{"name":"circle","cx":1225,"cy":384,"r":15},"region_attributes":{"Type":"2","count":"2"}},{"shape_attributes":{"name":"circle","cx":1279,"cy":342,"r":10},"region_attributes":{"Type":"2","count":"1"}},{"shape_attributes":{"name":"circle","cx":1187,"cy":379,"r":7},"region_attributes":{"Type":"2","count":"1"}},{"shape_attributes":{"name":"circle","cx":1283,"cy":961,"r":14},"region_attributes":{"Type":"3","count":"1"}},{"shape_attributes":{"name":"circle","cx":1214,"cy":755,"r":17},"region_attributes":{"Type":"3","count":"1"}},{"shape_attributes":{"name":"circle","cx":1025,"cy":800,"r":14},"region_attributes":{"Type":"3","count":"1"}},{"shape_attributes":{"name":"circle","cx":1282,"cy":572,"r":10},"region_attributes":{"Type":"3","count":"1"}}],"file_attributes":{"date":"2024-02-22","temp":"53","rain":"2","neighborhood":"East Village South","total_count":""}},"https://lh3.googleusercontent.com/d/1lUFNePexJZc4uQ12q-r9TNITL0lB6uCR\n":{"filename":"https://lh3.googleusercontent.com/d/1lUFNePexJZc4uQ12q-r9TNITL0lB6uCR\n","size":-1,"regions":[{"shape_attributes":{"name":"circle","cx":264,"cy":397,"r":15},"region_attributes":{"Type":"1","count":"1"}},{"shape_attributes":{"name":"circle","cx":343,"cy":370,"r":16},"region_attributes":{"Type":"1","count":"1"}},{"shape_attributes":{"name":"circle","cx":386,"cy":486,"r":13},"region_attributes":{"Type":"1","count":"1"}},{"shape_attributes":{"name":"circle","cx":291,"cy":449,"r":13},"region_attributes":{"Type":"1","count":"7"}},{"shape_attributes":{"name":"circle","cx":534,"cy":925,"r":14},"region_attributes":{"Type":"1","count":"3"}},{"shape_attributes":{"name":"circle","cx":518,"cy":966,"r":15},"region_attributes":{"Type":"1","count":"2"}},{"shape_attributes":{"name":"circle","cx":847,"cy":929,"r":14},"region_attributes":{"Type":"1","count":"3"}},{"shape_attributes":{"name":"circle","cx":871,"cy":910,"r":13},"region_attributes":{"Type":"1","count":"1"}},{"shape_attributes":{"name":"circle","cx":954,"cy":905,"r":11},"region_attributes":{"Type":"1","count":"2"}},{"shape_attributes":{"name":"circle","cx":1024,"cy":911,"r":12},"region_attributes":{"Type":"1","count":"17"}},{"shape_attributes":{"name":"circle","cx":1126,"cy":905,"r":11},"region_attributes":{"Type":"1","count":"9"}},{"shape_attributes":{"name":"circle","cx":1150,"cy":961,"r":13},"region_attributes":{"Type":"1","count":"1"}},{"shape_attributes":{"name":"circle","cx":1228,"cy":965,"r":10.484},"region_attributes":{"Type":"1","count":"1"}},{"shape_attributes":{"name":"circle","cx":1276,"cy":965,"r":10},"region_attributes":{"Type":"1","count":"2"}},{"shape_attributes":{"name":"circle","cx":915,"cy":840,"r":13},"region_attributes":{"Type":"1","count":"5"}},{"shape_attributes":{"name":"circle","cx":858,"cy":844,"r":13},"region_attributes":{"Type":"1","count":"2"}},{"shape_attributes":{"name":"circle","cx":949,"cy":798,"r":14},"region_attributes":{"Type":"1","count":"12"}},{"shape_attributes":{"name":"circle","cx":842,"cy":799,"r":16},"region_attributes":{"Type":"1","count":"30"}},{"shape_attributes":{"name":"circle","cx":820,"cy":709,"r":12},"region_attributes":{"Type":"1","count":"4"}},{"shape_attributes":{"name":"circle","cx":950,"cy":680,"r":12},"region_attributes":{"Type":"1","count":"3"}},{"shape_attributes":{"name":"circle","cx":690,"cy":679,"r":11},"region_attributes":{"Type":"1","count":"3"}},{"shape_attributes":{"name":"circle","cx":771,"cy":578,"r":19},"region_attributes":{"Type":"1","count":"14"}},{"shape_attributes":{"name":"circle","cx":732,"cy":579,"r":11},"region_attributes":{"Type":"1","count":"6"}},{"shape_attributes":{"name":"circle","cx":730,"cy":637,"r":18},"region_attributes":{"Type":"1","count":"2"}},{"shape_attributes":{"name":"circle","cx":962,"cy":568,"r":12},"region_attributes":{"Type":"1","count":"1"}},{"shape_attributes":{"name":"circle","cx":1021,"cy":620,"r":10},"region_attributes":{"Type":"1","count":"2"}},{"shape_attributes":{"name":"circle","cx":673,"cy":505,"r":14},"region_attributes":{"Type":"1","count":"1"}},{"shape_attributes":{"name":"circle","cx":727,"cy":366,"r":13},"region_attributes":{"Type":"1","count":"1"}},{"shape_attributes":{"name":"circle","cx":747,"cy":332,"r":9},"region_attributes":{"Type":"1","count":"1"}},{"shape_attributes":{"name":"circle","cx":763,"cy":370,"r":12},"region_attributes":{"Type":"1","count":"2"}},{"shape_attributes":{"name":"circle","cx":961,"cy":391,"r":10.679},"region_attributes":{"Type":"1","count":"3"}},{"shape_attributes":{"name":"circle","cx":1175,"cy":340,"r":14},"region_attributes":{"Type":"1","count":"1"}},{"shape_attributes":{"name":"circle","cx":1229,"cy":335,"r":15},"region_attributes":{"Type":"1","count":"2"}},{"shape_attributes":{"name":"circle","cx":1177,"cy":396,"r":13},"region_attributes":{"Type":"1","count":"1"}},{"shape_attributes":{"name":"circle","cx":1372,"cy":472,"r":14},"region_attributes":{"Type":"1","count":"3"}},{"shape_attributes":{"name":"circle","cx":1316,"cy":619,"r":13},"region_attributes":{"Type":"1","count":"11"}},{"shape_attributes":{"name":"circle","cx":1279,"cy":565,"r":10},"region_attributes":{"Type":"1","count":"4"}},{"shape_attributes":{"name":"circle","cx":1222,"cy":611,"r":10},"region_attributes":{"Type":"1","count":"5"}},{"shape_attributes":{"name":"circle","cx":1311,"cy":675,"r":15},"region_attributes":{"Type":"1","count":"6"}},{"shape_attributes":{"name":"circle","cx":1370,"cy":707,"r":10},"region_attributes":{"Type":"1","count":"3"}},{"shape_attributes":{"name":"circle","cx":1379,"cy":793,"r":11},"region_attributes":{"Type":"1","count":"3"}},{"shape_attributes":{"name":"circle","cx":1323,"cy":772,"r":12},"region_attributes":{"Type":"1","count":"4"}},{"shape_attributes":{"name":"circle","cx":1273,"cy":780,"r":15.375},"region_attributes":{"Type":"1","count":"4"}},{"shape_attributes":{"name":"circle","cx":254,"cy":450,"r":18},"region_attributes":{"Type":"2","count":"1"}},{"shape_attributes":{"name":"circle","cx":848,"cy":683,"r":16},"region_attributes":{"Type":"2","count":"3"}},{"shape_attributes":{"name":"circle","cx":825,"cy":759,"r":12},"region_attributes":{"Type":"2","count":"2"}},{"shape_attributes":{"name":"circle","cx":1023,"cy":583,"r":10},"region_attributes":{"Type":"2","count":"1"}},{"shape_attributes":{"name":"circle","cx":963,"cy":365,"r":9},"region_attributes":{"Type":"2","count":"1"}},{"shape_attributes":{"name":"circle","cx":1199,"cy":335,"r":10},"region_attributes":{"Type":"2","count":"1"}},{"shape_attributes":{"name":"circle","cx":1220,"cy":372,"r":14},"region_attributes":{"Type":"2","count":"1"}},{"shape_attributes":{"name":"circle","cx":1316,"cy":365,"r":14},"region_attributes":{"Type":"2","count":"1"}},{"shape_attributes":{"name":"circle","cx":1303,"cy":449,"r":17},"region_attributes":{"Type":"2","count":"1"}},{"shape_attributes":{"name":"circle","cx":1303,"cy":516,"r":17},"region_attributes":{"Type":"2","count":"1"}},{"shape_attributes":{"name":"circle","cx":1382,"cy":577,"r":22},"region_attributes":{"Type":"2","count":"20"}},{"shape_attributes":{"name":"circle","cx":1314,"cy":561,"r":10},"region_attributes":{"Type":"2","count":"1"}},{"shape_attributes":{"name":"circle","cx":1217,"cy":574,"r":11},"region_attributes":{"Type":"2","count":"5"}},{"shape_attributes":{"name":"circle","cx":1185,"cy":613,"r":16},"region_attributes":{"Type":"2","count":"2"}},{"shape_attributes":{"name":"circle","cx":1276,"cy":597,"r":10},"region_attributes":{"Type":"2","count":"2"}},{"shape_attributes":{"name":"circle","cx":1283,"cy":622,"r":10},"region_attributes":{"Type":"2","count":"3"}},{"shape_attributes":{"name":"circle","cx":1279,"cy":677,"r":17},"region_attributes":{"Type":"2","count":"1"}},{"shape_attributes":{"name":"circle","cx":1276,"cy":730,"r":13},"region_attributes":{"Type":"2","count":"3"}},{"shape_attributes":{"name":"circle","cx":1371,"cy":683,"r":8},"region_attributes":{"Type":"2","count":"6"}},{"shape_attributes":{"name":"circle","cx":1372,"cy":837,"r":15},"region_attributes":{"Type":"2","count":"8"}},{"shape_attributes":{"name":"circle","cx":1322,"cy":820,"r":12},"region_attributes":{"Type":"2","count":"1"}},{"shape_attributes":{"name":"circle","cx":1058,"cy":903,"r":10},"region_attributes":{"Type":"2","count":"2"}},{"shape_attributes":{"name":"circle","cx":731,"cy":603,"r":12},"region_attributes":{"Type":"2","count":"1"}},{"shape_attributes":{"name":"circle","cx":954,"cy":734,"r":14},"region_attributes":{"Type":"3","count":"3"}},{"shape_attributes":{"name":"circle","cx":881,"cy":675,"r":9},"region_attributes":{"Type":"3","count":"1"}},{"shape_attributes":{"name":"circle","cx":1282,"cy":838,"r":12},"region_attributes":{"Type":"3","count":"1"}},{"shape_attributes":{"name":"circle","cx":1308,"cy":961,"r":11},"region_attributes":{"Type":"3","count":"2"}}],"file_attributes":{"date":"2024-03-21","temp":"56","rain":"2","neighborhood":"East Village South","total_count":""}},"https://lh3.googleusercontent.com/d/155Ij6Ywh5j088ptvK3OCa-uaK0NYhdXJ\n":{"filename":"https://lh3.googleusercontent.com/d/155Ij6Ywh5j088ptvK3OCa-uaK0NYhdXJ\n","size":-1,"regions":[{"shape_attributes":{"name":"circle","cx":293,"cy":448,"r":14},"region_attributes":{"Type":"1","count":"4"}},{"shape_attributes":{"name":"circle","cx":520,"cy":968,"r":17},"region_attributes":{"Type":"1","count":"2"}},{"shape_attributes":{"name":"circle","cx":677,"cy":616,"r":13},"region_attributes":{"Type":"1","count":"2"}},{"shape_attributes":{"name":"circle","cx":771,"cy":601,"r":15},"region_attributes":{"Type":"1","count":"23"}},{"shape_attributes":{"name":"circle","cx":729,"cy":567,"r":12},"region_attributes":{"Type":"1","count":"1"}},{"shape_attributes":{"name":"circle","cx":729,"cy":618,"r":10},"region_attributes":{"Type":"1","count":"1"}},{"shape_attributes":{"name":"circle","cx":748,"cy":662,"r":8},"region_attributes":{"Type":"1","count":"3"}},{"shape_attributes":{"name":"circle","cx":825,"cy":744,"r":12},"region_attributes":{"Type":"1","count":"2"}},{"shape_attributes":{"name":"circle","cx":872,"cy":685,"r":11},"region_attributes":{"Type":"1","count":"2"}},{"shape_attributes":{"name":"circle","cx":942,"cy":684,"r":16},"region_attributes":{"Type":"1","count":"5"}},{"shape_attributes":{"name":"circle","cx":960,"cy":720,"r":16},"region_attributes":{"Type":"1","count":"10"}},{"shape_attributes":{"name":"circle","cx":937,"cy":850,"r":10},"region_attributes":{"Type":"1","count":"3"}},{"shape_attributes":{"name":"circle","cx":956,"cy":912,"r":11},"region_attributes":{"Type":"1","count":"2"}},{"shape_attributes":{"name":"circle","cx":1019,"cy":918,"r":12},"region_attributes":{"Type":"1","count":"8"}},{"shape_attributes":{"name":"circle","cx":928,"cy":969,"r":16},"region_attributes":{"Type":"1","count":"4"}},{"shape_attributes":{"name":"circle","cx":1122,"cy":922,"r":13},"region_attributes":{"Type":"1","count":"2"}},{"shape_attributes":{"name":"circle","cx":837,"cy":832,"r":17},"region_attributes":{"Type":"1","count":"18"}},{"shape_attributes":{"name":"circle","cx":1026,"cy":827,"r":13},"region_attributes":{"Type":"1","count":"1"}},{"shape_attributes":{"name":"circle","cx":1202,"cy":914,"r":16},"region_attributes":{"Type":"1","count":"1"}},{"shape_attributes":{"name":"circle","cx":1281,"cy":918,"r":23},"region_attributes":{"Type":"1","count":"2"}},{"shape_attributes":{"name":"circle","cx":1383,"cy":859,"r":10},"region_attributes":{"Type":"1","count":"2"}},{"shape_attributes":{"name":"circle","cx":1324,"cy":756,"r":14},"region_attributes":{"Type":"1","count":"11"}},{"shape_attributes":{"name":"circle","cx":1282,"cy":798,"r":11},"region_attributes":{"Type":"1","count":"6"}},{"shape_attributes":{"name":"circle","cx":1226,"cy":799,"r":13},"region_attributes":{"Type":"1","count":"4"}},{"shape_attributes":{"name":"circle","cx":1200,"cy":693,"r":14},"region_attributes":{"Type":"1","count":"1"}},{"shape_attributes":{"name":"circle","cx":1322,"cy":685,"r":13},"region_attributes":{"Type":"1","count":"3"}},{"shape_attributes":{"name":"circle","cx":1373,"cy":728,"r":12},"region_attributes":{"Type":"1","count":"5"}},{"shape_attributes":{"name":"circle","cx":1321,"cy":625,"r":14},"region_attributes":{"Type":"1","count":"8"}},{"shape_attributes":{"name":"circle","cx":1284,"cy":573,"r":12},"region_attributes":{"Type":"1","count":"2"}},{"shape_attributes":{"name":"circle","cx":1324,"cy":570,"r":13},"region_attributes":{"Type":"1","count":"1"}},{"shape_attributes":{"name":"circle","cx":1204,"cy":629,"r":14},"region_attributes":{"Type":"1","count":"1"}},{"shape_attributes":{"name":"circle","cx":1184,"cy":597,"r":11},"region_attributes":{"Type":"1","count":"2"}},{"shape_attributes":{"name":"circle","cx":1220,"cy":568,"r":15},"region_attributes":{"Type":"1","count":"1"}},{"shape_attributes":{"name":"circle","cx":1126,"cy":624,"r":10},"region_attributes":{"Type":"1","count":"1"}},{"shape_attributes":{"name":"circle","cx":966,"cy":482,"r":15},"region_attributes":{"Type":"1","count":"1"}},{"shape_attributes":{"name":"circle","cx":1022,"cy":618,"r":14},"region_attributes":{"Type":"1","count":"2"}},{"shape_attributes":{"name":"circle","cx":1306,"cy":517,"r":12},"region_attributes":{"Type":"1","count":"1"}},{"shape_attributes":{"name":"circle","cx":1318,"cy":456,"r":13},"region_attributes":{"Type":"1","count":"2"}},{"shape_attributes":{"name":"circle","cx":1284,"cy":393,"r":13},"region_attributes":{"Type":"1","count":"1"}},{"shape_attributes":{"name":"circle","cx":1226,"cy":339,"r":13},"region_attributes":{"Type":"1","count":"2"}},{"shape_attributes":{"name":"circle","cx":1191,"cy":382,"r":11},"region_attributes":{"Type":"1","count":"2"}},{"shape_attributes":{"name":"circle","cx":1132,"cy":389,"r":13},"region_attributes":{"Type":"1","count":"1"}},{"shape_attributes":{"name":"circle","cx":1022,"cy":398,"r":13},"region_attributes":{"Type":"1","count":"1"}},{"shape_attributes":{"name":"circle","cx":965,"cy":368,"r":14},"region_attributes":{"Type":"1","count":"5"}},{"shape_attributes":{"name":"circle","cx":878,"cy":378,"r":8},"region_attributes":{"Type":"1","count":"1"}},{"shape_attributes":{"name":"circle","cx":827,"cy":386,"r":17},"region_attributes":{"Type":"1","count":"4"}},{"shape_attributes":{"name":"circle","cx":1295,"cy":352,"r":11},"region_attributes":{"Type":"2","count":"1"}},{"shape_attributes":{"name":"circle","cx":1284,"cy":487,"r":11},"region_attributes":{"Type":"2","count":"1"}},{"shape_attributes":{"name":"circle","cx":1330,"cy":489,"r":9},"region_attributes":{"Type":"2","count":"1"}},{"shape_attributes":{"name":"circle","cx":1283,"cy":632,"r":13.458},"region_attributes":{"Type":"2","count":"1"}},{"shape_attributes":{"name":"circle","cx":1279,"cy":599,"r":11},"region_attributes":{"Type":"2","count":"3"}},{"shape_attributes":{"name":"circle","cx":1232,"cy":374,"r":16},"region_attributes":{"Type":"2","count":"1"}},{"shape_attributes":{"name":"circle","cx":1322,"cy":603,"r":5},"region_attributes":{"Type":"2","count":"1"}},{"shape_attributes":{"name":"circle","cx":1227,"cy":599,"r":10},"region_attributes":{"Type":"2","count":"1"}},{"shape_attributes":{"name":"circle","cx":1092,"cy":629,"r":10},"region_attributes":{"Type":"2","count":"2"}},{"shape_attributes":{"name":"circle","cx":1027,"cy":582,"r":11},"region_attributes":{"Type":"2","count":"3"}},{"shape_attributes":{"name":"circle","cx":1287,"cy":750,"r":11},"region_attributes":{"Type":"2","count":"4"}},{"shape_attributes":{"name":"circle","cx":1290,"cy":686,"r":13},"region_attributes":{"Type":"2","count":"1"}},{"shape_attributes":{"name":"circle","cx":1376,"cy":694,"r":8},"region_attributes":{"Type":"2","count":"4"}},{"shape_attributes":{"name":"circle","cx":1387,"cy":811,"r":15},"region_attributes":{"Type":"2","count":"25"}},{"shape_attributes":{"name":"circle","cx":1325,"cy":821,"r":16},"region_attributes":{"Type":"2","count":"2"}},{"shape_attributes":{"name":"circle","cx":1059,"cy":919,"r":10},"region_attributes":{"Type":"2","count":"5"}},{"shape_attributes":{"name":"circle","cx":965,"cy":771,"r":10},"region_attributes":{"Type":"2","count":"5"}},{"shape_attributes":{"name":"circle","cx":824,"cy":788,"r":16},"region_attributes":{"Type":"2","count":"1"}},{"shape_attributes":{"name":"circle","cx":823,"cy":713,"r":9},"region_attributes":{"Type":"2","count":"1"}},{"shape_attributes":{"name":"circle","cx":756,"cy":638,"r":14},"region_attributes":{"Type":"2","count":"4"}},{"shape_attributes":{"name":"circle","cx":771,"cy":567,"r":11},"region_attributes":{"Type":"2","count":"1"}},{"shape_attributes":{"name":"circle","cx":728,"cy":639,"r":11},"region_attributes":{"Type":"2","count":"1"}},{"shape_attributes":{"name":"circle","cx":258,"cy":461,"r":14.337},"region_attributes":{"Type":"2","count":"7"}},{"shape_attributes":{"name":"circle","cx":963,"cy":819,"r":13},"region_attributes":{"Type":"3","count":"2"}},{"shape_attributes":{"name":"circle","cx":1222,"cy":754,"r":9},"region_attributes":{"Type":"3","count":"1"}},{"shape_attributes":{"name":"circle","cx":1316,"cy":968,"r":12},"region_attributes":{"Type":"3","count":"2"}}],"file_attributes":{"date":"2024-04-25","temp":"59","rain":"2","neighborhood":"East Village South","total_count":""}},"https://lh3.googleusercontent.com/d/1MHuucXTNJW_QWBkpbjI2diwvjVXfB3X6\n":{"filename":"https://lh3.googleusercontent.com/d/1MHuucXTNJW_QWBkpbjI2diwvjVXfB3X6\n","size":-1,"regions":[{"shape_attributes":{"name":"circle","cx":294,"cy":360,"r":17},"region_attributes":{"Type":"1","count":"5"}},{"shape_attributes":{"name":"circle","cx":336,"cy":332,"r":17},"region_attributes":{"Type":"1","count":"1"}},{"shape_attributes":{"name":"circle","cx":666,"cy":387,"r":17},"region_attributes":{"Type":"1","count":"1"}},{"shape_attributes":{"name":"circle","cx":731,"cy":387,"r":14},"region_attributes":{"Type":"1","count":"1"}},{"shape_attributes":{"name":"circle","cx":825,"cy":370,"r":18},"region_attributes":{"Type":"1","count":"5"}},{"shape_attributes":{"name":"circle","cx":863,"cy":345,"r":16},"region_attributes":{"Type":"1","count":"2"}},{"shape_attributes":{"name":"circle","cx":919,"cy":332,"r":12},"region_attributes":{"Type":"1","count":"2"}},{"shape_attributes":{"name":"circle","cx":924,"cy":384,"r":17},"region_attributes":{"Type":"1","count":"1"}},{"shape_attributes":{"name":"circle","cx":1184,"cy":334,"r":14},"region_attributes":{"Type":"1","count":"2"}},{"shape_attributes":{"name":"circle","cx":1184,"cy":384,"r":16},"region_attributes":{"Type":"1","count":"1"}},{"shape_attributes":{"name":"circle","cx":1180,"cy":461,"r":12},"region_attributes":{"Type":"1","count":"2"}},{"shape_attributes":{"name":"circle","cx":1224,"cy":447,"r":19},"region_attributes":{"Type":"1","count":"1"}},{"shape_attributes":{"name":"circle","cx":1270,"cy":449,"r":14},"region_attributes":{"Type":"1","count":"1"}},{"shape_attributes":{"name":"circle","cx":1318,"cy":481,"r":11},"region_attributes":{"Type":"1","count":"1"}},{"shape_attributes":{"name":"circle","cx":1219,"cy":562,"r":17},"region_attributes":{"Type":"1","count":"8"}},{"shape_attributes":{"name":"circle","cx":1311,"cy":609,"r":17},"region_attributes":{"Type":"1","count":"10"}},{"shape_attributes":{"name":"circle","cx":1182,"cy":614,"r":13},"region_attributes":{"Type":"1","count":"4"}},{"shape_attributes":{"name":"circle","cx":1037,"cy":556,"r":18},"region_attributes":{"Type":"1","count":"8"}},{"shape_attributes":{"name":"circle","cx":1122,"cy":497,"r":13},"region_attributes":{"Type":"1","count":"1"}},{"shape_attributes":{"name":"circle","cx":1016,"cy":612,"r":14},"region_attributes":{"Type":"1","count":"4"}},{"shape_attributes":{"name":"circle","cx":961,"cy":452,"r":19},"region_attributes":{"Type":"1","count":"1"}},{"shape_attributes":{"name":"circle","cx":966,"cy":499,"r":14},"region_attributes":{"Type":"1","count":"1"}},{"shape_attributes":{"name":"circle","cx":868,"cy":458,"r":13},"region_attributes":{"Type":"1","count":"1"}},{"shape_attributes":{"name":"circle","cx":926,"cy":448,"r":15},"region_attributes":{"Type":"1","count":"4"}},{"shape_attributes":{"name":"circle","cx":824,"cy":496,"r":17},"region_attributes":{"Type":"1","count":"3"}},{"shape_attributes":{"name":"circle","cx":772,"cy":563,"r":14},"region_attributes":{"Type":"1","count":"5"}},{"shape_attributes":{"name":"circle","cx":734,"cy":577,"r":10},"region_attributes":{"Type":"1","count":"1"}},{"shape_attributes":{"name":"circle","cx":737,"cy":646,"r":17},"region_attributes":{"Type":"1","count":"5"}},{"shape_attributes":{"name":"circle","cx":875,"cy":682,"r":12},"region_attributes":{"Type":"1","count":"7"}},{"shape_attributes":{"name":"circle","cx":825,"cy":735,"r":20},"region_attributes":{"Type":"1","count":"11"}},{"shape_attributes":{"name":"circle","cx":962,"cy":761,"r":14},"region_attributes":{"Type":"1","count":"7"}},{"shape_attributes":{"name":"circle","cx":966,"cy":819,"r":16},"region_attributes":{"Type":"1","count":"8"}},{"shape_attributes":{"name":"circle","cx":877,"cy":835,"r":13},"region_attributes":{"Type":"1","count":"5"}},{"shape_attributes":{"name":"circle","cx":836,"cy":813,"r":22},"region_attributes":{"Type":"1","count":"10"}},{"shape_attributes":{"name":"circle","cx":1017,"cy":817,"r":11},"region_attributes":{"Type":"1","count":"1"}},{"shape_attributes":{"name":"circle","cx":1066,"cy":898,"r":14},"region_attributes":{"Type":"1","count":"24"}},{"shape_attributes":{"name":"circle","cx":952,"cy":900,"r":19},"region_attributes":{"Type":"1","count":"5"}},{"shape_attributes":{"name":"circle","cx":1184,"cy":899,"r":17},"region_attributes":{"Type":"1","count":"6"}},{"shape_attributes":{"name":"circle","cx":1277,"cy":946,"r":20},"region_attributes":{"Type":"1","count":"2"}},{"shape_attributes":{"name":"circle","cx":1327,"cy":955,"r":15.699},"region_attributes":{"Type":"1","count":"1"}},{"shape_attributes":{"name":"circle","cx":1317,"cy":896,"r":14.14},"region_attributes":{"Type":"1","count":"4"}},{"shape_attributes":{"name":"circle","cx":1379,"cy":836,"r":22},"region_attributes":{"Type":"1","count":"4"}},{"shape_attributes":{"name":"circle","cx":1318,"cy":784,"r":16},"region_attributes":{"Type":"1","count":"12"}},{"shape_attributes":{"name":"circle","cx":1276,"cy":824,"r":13},"region_attributes":{"Type":"1","count":"10"}},{"shape_attributes":{"name":"circle","cx":1225,"cy":814,"r":14},"region_attributes":{"Type":"1","count":"2"}},{"shape_attributes":{"name":"circle","cx":1101,"cy":676,"r":12},"region_attributes":{"Type":"1","count":"1"}},{"shape_attributes":{"name":"circle","cx":1315,"cy":671,"r":11},"region_attributes":{"Type":"1","count":"5"}},{"shape_attributes":{"name":"circle","cx":1371,"cy":674,"r":15},"region_attributes":{"Type":"1","count":"2"}},{"shape_attributes":{"name":"circle","cx":256,"cy":394,"r":18},"region_attributes":{"Type":"2","count":"3"}},{"shape_attributes":{"name":"circle","cx":733,"cy":612,"r":11},"region_attributes":{"Type":"2","count":"1"}},{"shape_attributes":{"name":"circle","cx":961,"cy":700,"r":17},"region_attributes":{"Type":"2","count":"1"}},{"shape_attributes":{"name":"circle","cx":920,"cy":831,"r":21},"region_attributes":{"Type":"2","count":"5"}},{"shape_attributes":{"name":"circle","cx":1023,"cy":901,"r":15},"region_attributes":{"Type":"2","count":"2"}},{"shape_attributes":{"name":"circle","cx":1281,"cy":898,"r":11},"region_attributes":{"Type":"2","count":"1"}},{"shape_attributes":{"name":"circle","cx":1400,"cy":748,"r":22},"region_attributes":{"Type":"2","count":"25"}},{"shape_attributes":{"name":"circle","cx":1393,"cy":606,"r":14},"region_attributes":{"Type":"2","count":"3"}},{"shape_attributes":{"name":"circle","cx":1379,"cy":571,"r":11},"region_attributes":{"Type":"2","count":"1"}},{"shape_attributes":{"name":"circle","cx":1280,"cy":670,"r":12},"region_attributes":{"Type":"2","count":"1"}},{"shape_attributes":{"name":"circle","cx":1279,"cy":742,"r":15},"region_attributes":{"Type":"2","count":"2"}},{"shape_attributes":{"name":"circle","cx":1318,"cy":723,"r":15},"region_attributes":{"Type":"2","count":"11"}},{"shape_attributes":{"name":"circle","cx":1223,"cy":769,"r":13},"region_attributes":{"Type":"2","count":"1"}},{"shape_attributes":{"name":"circle","cx":1155,"cy":678,"r":12.803},"region_attributes":{"Type":"2","count":"2"}},{"shape_attributes":{"name":"circle","cx":1217,"cy":612,"r":10},"region_attributes":{"Type":"2","count":"4"}},{"shape_attributes":{"name":"circle","cx":1182,"cy":571,"r":10},"region_attributes":{"Type":"2","count":"3"}},{"shape_attributes":{"name":"circle","cx":1305,"cy":559,"r":19},"region_attributes":{"Type":"2","count":"1"}},{"shape_attributes":{"name":"circle","cx":1380,"cy":799,"r":14},"region_attributes":{"Type":"2","count":"3"}},{"shape_attributes":{"name":"circle","cx":1178,"cy":504,"r":8},"region_attributes":{"Type":"2","count":"1"}},{"shape_attributes":{"name":"circle","cx":1221,"cy":497,"r":13},"region_attributes":{"Type":"2","count":"1"}},{"shape_attributes":{"name":"circle","cx":1274,"cy":498,"r":12},"region_attributes":{"Type":"2","count":"2"}},{"shape_attributes":{"name":"circle","cx":1316,"cy":508,"r":11},"region_attributes":{"Type":"2","count":"1"}},{"shape_attributes":{"name":"circle","cx":1047,"cy":612,"r":11},"region_attributes":{"Type":"2","count":"2"}},{"shape_attributes":{"name":"circle","cx":1011,"cy":579,"r":12},"region_attributes":{"Type":"2","count":"2"}},{"shape_attributes":{"name":"circle","cx":1218,"cy":352,"r":14},"region_attributes":{"Type":"2","count":"1"}},{"shape_attributes":{"name":"circle","cx":1310,"cy":447,"r":10},"region_attributes":{"Type":"2","count":"2"}},{"shape_attributes":{"name":"circle","cx":1224,"cy":713,"r":9},"region_attributes":{"Type":"3","count":"1"}}],"file_attributes":{"date":"2024-05-23","temp":"60","rain":"2","neighborhood":"East Village South","total_count":""}}},"_via_attributes":{"region":{"Type":{"type":"dropdown","description":"","options":{"1":"Individual","2":"Structure","3":"Vehicle"},"default_options":{}},"count":{"type":"text","description":"","default_value":""}},"file":{"date":{"type":"text","description":"","default_value":""},"temp":{"type":"text","description":"","default_value":""},"rain":{"type":"dropdown","description":"","options":{"1":"rain","2":"clear"},"default_options":{"2":true}},"neighborhood":{"type":"text","description":"","default_value":"East Village South"},"total_count":{"type":"text","description":"","default_value":""}}},"_via_data_format_version":"2.0.10","_via_image_id_list":["https://lh3.googleusercontent.com/d/1fgzm3luMydJJVgiP8QSYyF1JFnk5wCm3\n","https://lh3.googleusercontent.com/d/1reP3nipQGd7UCs8beYcu21xKCQbXv3BE\n","https://lh3.googleusercontent.com/d/1lUFNePexJZc4uQ12q-r9TNITL0lB6uCR\n","https://lh3.googleusercontent.com/d/155Ij6Ywh5j088ptvK3OCa-uaK0NYhdXJ\n","https://lh3.googleusercontent.com/d/1MHuucXTNJW_QWBkpbjI2diwvjVXfB3X6\n"]}