{"_via_settings":{"ui":{"annotation_editor_height":60,"annotation_editor_fontsize":1.1,"leftsidebar_width":18,"image_grid":{"img_height":80,"rshape_fill":"none","rshape_fill_opacity":0.3,"rshape_stroke":"yellow","rshape_stroke_width":2,"show_region_shape":true,"show_image_policy":"all"},"image":{"region_label":"__via_region_id__","region_color":"__via_default_region_color__","region_label_font":"10px Sans","on_image_annotation_editor_placement":"NEAR_REGION"}},"core":{"buffer_size":18,"filepath":{},"default_filepath":""},"project":{"name":"Gaslamp_2023_count"}},"_via_img_metadata":{" https://lh3.googleusercontent.com/d/1SeWTYj-TCm3BasxQGClmvaZZcnsqeRan\n":{"filename":" https://lh3.googleusercontent.com/d/1SeWTYj-TCm3BasxQGClmvaZZcnsqeRan\n","size":-1,"regions":[{"shape_attributes":{"name":"circle","cx":1016,"cy":240,"r":16},"region_attributes":{"Type":"2","count":"1"}},{"shape_attributes":{"name":"circle","cx":1006,"cy":620,"r":14},"region_attributes":{"Type":"2","count":"1"}},{"shape_attributes":{"name":"circle","cx":1289,"cy":997,"r":9},"region_attributes":{"Type":"1","count":"1"}},{"shape_attributes":{"name":"circle","cx":1213,"cy":938,"r":11},"region_attributes":{"Type":"1","count":"1"}},{"shape_attributes":{"name":"circle","cx":1265,"cy":877,"r":18},"region_attributes":{"Type":"1","count":"1"}},{"shape_attributes":{"name":"circle","cx":1193,"cy":813,"r":13},"region_attributes":{"Type":"1","count":"1"}},{"shape_attributes":{"name":"circle","cx":1114,"cy":696,"r":17},"region_attributes":{"Type":"1","count":"1"}},{"shape_attributes":{"name":"circle","cx":1118,"cy":587,"r":14},"region_attributes":{"Type":"1","count":"1"}},{"shape_attributes":{"name":"circle","cx":1084,"cy":452,"r":11},"region_attributes":{"Type":"1","count":"1"}},{"shape_attributes":{"name":"circle","cx":1302,"cy":588,"r":12},"region_attributes":{"Type":"1","count":"1"}},{"shape_attributes":{"name":"circle","cx":1248,"cy":512,"r":14},"region_attributes":{"Type":"1","count":"1"}},{"shape_attributes":{"name":"circle","cx":1225,"cy":451,"r":7.615},"region_attributes":{"Type":"1","count":"1"}},{"shape_attributes":{"name":"circle","cx":1189,"cy":392,"r":15},"region_attributes":{"Type":"1","count":"1"}},{"shape_attributes":{"name":"circle","cx":1077,"cy":343,"r":11},"region_attributes":{"Type":"1","count":"1"}},{"shape_attributes":{"name":"circle","cx":1122,"cy":293,"r":12},"region_attributes":{"Type":"1","count":"1"}},{"shape_attributes":{"name":"circle","cx":1302,"cy":167,"r":13},"region_attributes":{"Type":"1","count":"1"}},{"shape_attributes":{"name":"circle","cx":1196,"cy":165,"r":12},"region_attributes":{"Type":"1","count":"4"}},{"shape_attributes":{"name":"circle","cx":1247,"cy":135,"r":13},"region_attributes":{"Type":"1","count":"4"}},{"shape_attributes":{"name":"circle","cx":1012,"cy":284,"r":17},"region_attributes":{"Type":"1","count":"4"}},{"shape_attributes":{"name":"circle","cx":1198,"cy":880,"r":13},"region_attributes":{"Type":"1","count":"4"}},{"shape_attributes":{"name":"circle","cx":1194,"cy":488,"r":12},"region_attributes":{"Type":"1","count":"2"}},{"shape_attributes":{"name":"circle","cx":1010,"cy":403,"r":8},"region_attributes":{"Type":"1","count":"3"}},{"shape_attributes":{"name":"circle","cx":1013,"cy":165,"r":16},"region_attributes":{"Type":"1","count":"7"}}],"file_attributes":{"date":"2023-01-31","temp":"60","rain":"1","neighborhood":"Gaslamp","total_count":""}}," https://lh3.googleusercontent.com/d/10G8jwmpzz2kxDX71poLV7HzOu1iYp1bi\n":{"filename":" https://lh3.googleusercontent.com/d/10G8jwmpzz2kxDX71poLV7HzOu1iYp1bi\n","size":-1,"regions":[{"shape_attributes":{"name":"circle","cx":1013,"cy":140,"r":12},"region_attributes":{"Type":"1","count":"2"}},{"shape_attributes":{"name":"circle","cx":1071,"cy":128,"r":9},"region_attributes":{"Type":"1","count":"1"}},{"shape_attributes":{"name":"circle","cx":1120,"cy":163,"r":10},"region_attributes":{"Type":"1","count":"1"}},{"shape_attributes":{"name":"circle","cx":1195,"cy":181,"r":17.106},"region_attributes":{"Type":"1","count":"1"}},{"shape_attributes":{"name":"circle","cx":1196,"cy":128,"r":12},"region_attributes":{"Type":"1","count":"1"}},{"shape_attributes":{"name":"circle","cx":1252,"cy":128,"r":14},"region_attributes":{"Type":"1","count":"8"}},{"shape_attributes":{"name":"circle","cx":1246,"cy":190,"r":12},"region_attributes":{"Type":"1","count":"1"}},{"shape_attributes":{"name":"circle","cx":1307,"cy":159,"r":14},"region_attributes":{"Type":"1","count":"5"}},{"shape_attributes":{"name":"circle","cx":1196,"cy":234,"r":10},"region_attributes":{"Type":"1","count":"1"}},{"shape_attributes":{"name":"circle","cx":1195,"cy":281,"r":15},"region_attributes":{"Type":"1","count":"2"}},{"shape_attributes":{"name":"circle","cx":1310,"cy":268,"r":16},"region_attributes":{"Type":"1","count":"2"}},{"shape_attributes":{"name":"circle","cx":1038,"cy":233,"r":13},"region_attributes":{"Type":"1","count":"6"}},{"shape_attributes":{"name":"circle","cx":1121,"cy":258,"r":16},"region_attributes":{"Type":"1","count":"1"}},{"shape_attributes":{"name":"circle","cx":1096,"cy":295,"r":10},"region_attributes":{"Type":"1","count":"1"}},{"shape_attributes":{"name":"circle","cx":1011,"cy":276,"r":13},"region_attributes":{"Type":"1","count":"3"}},{"shape_attributes":{"name":"circle","cx":1008,"cy":364,"r":16},"region_attributes":{"Type":"1","count":"3"}},{"shape_attributes":{"name":"circle","cx":1009,"cy":579,"r":14},"region_attributes":{"Type":"1","count":"3"}},{"shape_attributes":{"name":"circle","cx":1047,"cy":400,"r":19},"region_attributes":{"Type":"1","count":"2"}},{"shape_attributes":{"name":"circle","cx":1192,"cy":338,"r":13},"region_attributes":{"Type":"1","count":"1"}},{"shape_attributes":{"name":"circle","cx":1238,"cy":336,"r":12.202},"region_attributes":{"Type":"1","count":"1"}},{"shape_attributes":{"name":"circle","cx":1309,"cy":355,"r":13},"region_attributes":{"Type":"1","count":"1"}},{"shape_attributes":{"name":"circle","cx":1192,"cy":384,"r":17},"region_attributes":{"Type":"1","count":"1"}},{"shape_attributes":{"name":"circle","cx":1244,"cy":504,"r":12},"region_attributes":{"Type":"1","count":"1"}},{"shape_attributes":{"name":"circle","cx":1118,"cy":593,"r":14},"region_attributes":{"Type":"1","count":"2"}},{"shape_attributes":{"name":"circle","cx":1195,"cy":595,"r":13},"region_attributes":{"Type":"1","count":"2"}},{"shape_attributes":{"name":"circle","cx":928,"cy":587,"r":16},"region_attributes":{"Type":"1","count":"5"}},{"shape_attributes":{"name":"circle","cx":1114,"cy":715,"r":14},"region_attributes":{"Type":"1","count":"2"}},{"shape_attributes":{"name":"circle","cx":1192,"cy":703,"r":9},"region_attributes":{"Type":"1","count":"1"}},{"shape_attributes":{"name":"circle","cx":1304,"cy":671,"r":13},"region_attributes":{"Type":"1","count":"2"}},{"shape_attributes":{"name":"circle","cx":1191,"cy":794,"r":10},"region_attributes":{"Type":"1","count":"1"}},{"shape_attributes":{"name":"circle","cx":1224,"cy":870,"r":11},"region_attributes":{"Type":"1","count":"1"}},{"shape_attributes":{"name":"circle","cx":1192,"cy":900,"r":13},"region_attributes":{"Type":"1","count":"3"}},{"shape_attributes":{"name":"circle","cx":1223,"cy":930,"r":13},"region_attributes":{"Type":"1","count":"1"}},{"shape_attributes":{"name":"circle","cx":1113,"cy":897,"r":14},"region_attributes":{"Type":"1","count":"1"}},{"shape_attributes":{"name":"circle","cx":1238,"cy":991,"r":9},"region_attributes":{"Type":"1","count":"1"}},{"shape_attributes":{"name":"circle","cx":1282,"cy":1025,"r":15},"region_attributes":{"Type":"1","count":"1"}}],"file_attributes":{"date":"2023-02-23","temp":"47","rain":"1","neighborhood":"Gaslamp","total_count":""}}," https://lh3.googleusercontent.com/d/1rRG3c_4diWr8j18dzccItLCFP00eifeJ\n":{"filename":" https://lh3.googleusercontent.com/d/1rRG3c_4diWr8j18dzccItLCFP00eifeJ\n","size":-1,"regions":[{"shape_attributes":{"name":"circle","cx":1224,"cy":909,"r":11},"region_attributes":{"Type":"1","count":"1"}},{"shape_attributes":{"name":"circle","cx":1188,"cy":886,"r":12},"region_attributes":{"Type":"1","count":"1"}},{"shape_attributes":{"name":"circle","cx":1191,"cy":848,"r":14},"region_attributes":{"Type":"1","count":"1"}},{"shape_attributes":{"name":"circle","cx":1199,"cy":787,"r":14},"region_attributes":{"Type":"1","count":"2"}},{"shape_attributes":{"name":"circle","cx":1055,"cy":749,"r":14},"region_attributes":{"Type":"1","count":"1"}},{"shape_attributes":{"name":"circle","cx":1196,"cy":706,"r":17},"region_attributes":{"Type":"1","count":"1"}},{"shape_attributes":{"name":"circle","cx":1263,"cy":657,"r":12},"region_attributes":{"Type":"1","count":"1"}},{"shape_attributes":{"name":"circle","cx":1192,"cy":652,"r":13},"region_attributes":{"Type":"1","count":"2"}},{"shape_attributes":{"name":"circle","cx":1023,"cy":652,"r":15},"region_attributes":{"Type":"1","count":"2"}},{"shape_attributes":{"name":"circle","cx":1195,"cy":555,"r":12.82},"region_attributes":{"Type":"1","count":"1"}},{"shape_attributes":{"name":"circle","cx":1269,"cy":550,"r":14},"region_attributes":{"Type":"1","count":"1"}},{"shape_attributes":{"name":"circle","cx":1196,"cy":596,"r":17},"region_attributes":{"Type":"1","count":"3"}},{"shape_attributes":{"name":"circle","cx":1217,"cy":448,"r":16},"region_attributes":{"Type":"1","count":"1"}},{"shape_attributes":{"name":"circle","cx":1021,"cy":445,"r":21},"region_attributes":{"Type":"1","count":"1"}},{"shape_attributes":{"name":"circle","cx":1115,"cy":392,"r":17},"region_attributes":{"Type":"1","count":"1"}},{"shape_attributes":{"name":"circle","cx":1078,"cy":341,"r":17},"region_attributes":{"Type":"1","count":"1"}},{"shape_attributes":{"name":"circle","cx":1028,"cy":358,"r":16},"region_attributes":{"Type":"1","count":"2"}},{"shape_attributes":{"name":"circle","cx":1020,"cy":392,"r":14},"region_attributes":{"Type":"1","count":"1"}},{"shape_attributes":{"name":"circle","cx":1203,"cy":375,"r":17},"region_attributes":{"Type":"1","count":"1"}},{"shape_attributes":{"name":"circle","cx":1298,"cy":360,"r":14},"region_attributes":{"Type":"1","count":"1"}},{"shape_attributes":{"name":"circle","cx":1298,"cy":390,"r":13},"region_attributes":{"Type":"1","count":"1"}},{"shape_attributes":{"name":"circle","cx":1201,"cy":287,"r":15},"region_attributes":{"Type":"1","count":"2"}},{"shape_attributes":{"name":"circle","cx":1206,"cy":247,"r":15},"region_attributes":{"Type":"1","count":"1"}},{"shape_attributes":{"name":"circle","cx":1027,"cy":289,"r":15.68},"region_attributes":{"Type":"1","count":"4"}},{"shape_attributes":{"name":"circle","cx":1117,"cy":297,"r":19},"region_attributes":{"Type":"1","count":"1"}},{"shape_attributes":{"name":"circle","cx":1030,"cy":249,"r":19},"region_attributes":{"Type":"1","count":"5"}},{"shape_attributes":{"name":"circle","cx":1117,"cy":186,"r":14},"region_attributes":{"Type":"1","count":"1"}},{"shape_attributes":{"name":"circle","cx":1036,"cy":180,"r":17},"region_attributes":{"Type":"1","count":"6"}},{"shape_attributes":{"name":"circle","cx":1028,"cy":146,"r":13},"region_attributes":{"Type":"1","count":"4"}},{"shape_attributes":{"name":"circle","cx":1227,"cy":198,"r":13},"region_attributes":{"Type":"1","count":"2"}},{"shape_attributes":{"name":"circle","cx":1205,"cy":142,"r":18},"region_attributes":{"Type":"1","count":"2"}},{"shape_attributes":{"name":"circle","cx":1201,"cy":175,"r":13},"region_attributes":{"Type":"1","count":"1"}},{"shape_attributes":{"name":"circle","cx":1263,"cy":142,"r":16},"region_attributes":{"Type":"1","count":"7"}},{"shape_attributes":{"name":"circle","cx":1310,"cy":146,"r":15},"region_attributes":{"Type":"1","count":"1"}}],"file_attributes":{"date":"2023-03-30","temp":"52","rain":"1","neighborhood":"Gaslamp","total_count":""}}," https://lh3.googleusercontent.com/d/1DKzLl8asQyOne63N2Z-CSFcuPHsnIL6e\n":{"filename":" https://lh3.googleusercontent.com/d/1DKzLl8asQyOne63N2Z-CSFcuPHsnIL6e\n","size":-1,"regions":[{"shape_attributes":{"name":"circle","cx":1036,"cy":604,"r":16},"region_attributes":{"Type":"2","count":"1"}},{"shape_attributes":{"name":"circle","cx":1007,"cy":593,"r":13},"region_attributes":{"Type":"1","count":"2"}},{"shape_attributes":{"name":"circle","cx":1107,"cy":589,"r":10},"region_attributes":{"Type":"1","count":"1"}},{"shape_attributes":{"name":"circle","cx":1009,"cy":690,"r":12},"region_attributes":{"Type":"1","count":"1"}},{"shape_attributes":{"name":"circle","cx":1187,"cy":666,"r":12},"region_attributes":{"Type":"1","count":"1"}},{"shape_attributes":{"name":"circle","cx":1183,"cy":602,"r":11},"region_attributes":{"Type":"1","count":"1"}},{"shape_attributes":{"name":"circle","cx":1187,"cy":562,"r":11},"region_attributes":{"Type":"1","count":"1"}},{"shape_attributes":{"name":"circle","cx":1100,"cy":463,"r":12},"region_attributes":{"Type":"1","count":"2"}},{"shape_attributes":{"name":"circle","cx":1190,"cy":464,"r":15},"region_attributes":{"Type":"1","count":"3"}},{"shape_attributes":{"name":"circle","cx":1238,"cy":404,"r":16},"region_attributes":{"Type":"1","count":"2"}},{"shape_attributes":{"name":"circle","cx":1279,"cy":401,"r":11},"region_attributes":{"Type":"1","count":"1"}},{"shape_attributes":{"name":"circle","cx":1101,"cy":405,"r":15},"region_attributes":{"Type":"1","count":"1"}},{"shape_attributes":{"name":"circle","cx":1027,"cy":302,"r":14},"region_attributes":{"Type":"1","count":"1"}},{"shape_attributes":{"name":"circle","cx":1009,"cy":255,"r":9},"region_attributes":{"Type":"1","count":"1"}},{"shape_attributes":{"name":"circle","cx":1032,"cy":205,"r":16},"region_attributes":{"Type":"1","count":"2"}},{"shape_attributes":{"name":"circle","cx":1009,"cy":168,"r":14},"region_attributes":{"Type":"1","count":"2"}},{"shape_attributes":{"name":"circle","cx":1209,"cy":156,"r":23},"region_attributes":{"Type":"1","count":"4"}},{"shape_attributes":{"name":"circle","cx":1230,"cy":208,"r":16},"region_attributes":{"Type":"1","count":"2"}},{"shape_attributes":{"name":"circle","cx":1281,"cy":200,"r":15},"region_attributes":{"Type":"1","count":"1"}},{"shape_attributes":{"name":"circle","cx":1209,"cy":255,"r":17},"region_attributes":{"Type":"1","count":"1"}},{"shape_attributes":{"name":"circle","cx":1216,"cy":306,"r":15},"region_attributes":{"Type":"1","count":"1"}},{"shape_attributes":{"name":"circle","cx":1282,"cy":303,"r":16},"region_attributes":{"Type":"1","count":"1"}},{"shape_attributes":{"name":"circle","cx":1189,"cy":871,"r":16},"region_attributes":{"Type":"1","count":"6"}},{"shape_attributes":{"name":"circle","cx":1100,"cy":867,"r":15},"region_attributes":{"Type":"1","count":"3"}},{"shape_attributes":{"name":"circle","cx":1190,"cy":917,"r":16},"region_attributes":{"Type":"1","count":"2"}},{"shape_attributes":{"name":"circle","cx":1282,"cy":913,"r":14},"region_attributes":{"Type":"1","count":"1"}}],"file_attributes":{"date":"2023-04-27","temp":"59","rain":"2","neighborhood":"Gaslamp","total_count":""}}," https://lh3.googleusercontent.com/d/19AESclB7D9EYxWqeM755R06jSXysnR73\n":{"filename":" https://lh3.googleusercontent.com/d/19AESclB7D9EYxWqeM755R06jSXysnR73\n","size":-1,"regions":[{"shape_attributes":{"name":"circle","cx":1268,"cy":1001,"r":14},"region_attributes":{"Type":"1","count":"1"}},{"shape_attributes":{"name":"circle","cx":1303,"cy":929,"r":15},"region_attributes":{"Type":"1","count":"1"}},{"shape_attributes":{"name":"circle","cx":1202,"cy":929,"r":18},"region_attributes":{"Type":"1","count":"1"}},{"shape_attributes":{"name":"circle","cx":1198,"cy":880,"r":16},"region_attributes":{"Type":"1","count":"3"}},{"shape_attributes":{"name":"circle","cx":1107,"cy":880,"r":18},"region_attributes":{"Type":"1","count":"2"}},{"shape_attributes":{"name":"circle","cx":1109,"cy":921,"r":20},"region_attributes":{"Type":"1","count":"4"}},{"shape_attributes":{"name":"circle","cx":1196,"cy":779,"r":16},"region_attributes":{"Type":"1","count":"2"}},{"shape_attributes":{"name":"circle","cx":1298,"cy":832,"r":16},"region_attributes":{"Type":"1","count":"1"}},{"shape_attributes":{"name":"circle","cx":1012,"cy":716,"r":18},"region_attributes":{"Type":"1","count":"1"}},{"shape_attributes":{"name":"circle","cx":1016,"cy":678,"r":16},"region_attributes":{"Type":"1","count":"1"}},{"shape_attributes":{"name":"circle","cx":1016,"cy":613,"r":17},"region_attributes":{"Type":"1","count":"1"}},{"shape_attributes":{"name":"circle","cx":1304,"cy":617,"r":18},"region_attributes":{"Type":"1","count":"1"}},{"shape_attributes":{"name":"circle","cx":1112,"cy":454,"r":15},"region_attributes":{"Type":"1","count":"1"}},{"shape_attributes":{"name":"circle","cx":1109,"cy":503,"r":19},"region_attributes":{"Type":"1","count":"2"}},{"shape_attributes":{"name":"circle","cx":1193,"cy":506,"r":16},"region_attributes":{"Type":"1","count":"1"}},{"shape_attributes":{"name":"circle","cx":1296,"cy":501,"r":24},"region_attributes":{"Type":"1","count":"1"}},{"shape_attributes":{"name":"circle","cx":1297,"cy":293,"r":25},"region_attributes":{"Type":"1","count":"1"}},{"shape_attributes":{"name":"circle","cx":1195,"cy":247,"r":18.585},"region_attributes":{"Type":"1","count":"2"}},{"shape_attributes":{"name":"circle","cx":1042,"cy":295,"r":19.73},"region_attributes":{"Type":"1","count":"2"}},{"shape_attributes":{"name":"circle","cx":1011,"cy":268,"r":13},"region_attributes":{"Type":"1","count":"6"}},{"shape_attributes":{"name":"circle","cx":1013,"cy":388,"r":17},"region_attributes":{"Type":"1","count":"3"}},{"shape_attributes":{"name":"circle","cx":1109,"cy":356,"r":11},"region_attributes":{"Type":"1","count":"1"}},{"shape_attributes":{"name":"circle","cx":1059,"cy":240,"r":20},"region_attributes":{"Type":"1","count":"10"}},{"shape_attributes":{"name":"circle","cx":1062,"cy":142,"r":18},"region_attributes":{"Type":"1","count":"2"}},{"shape_attributes":{"name":"circle","cx":1107,"cy":179,"r":17},"region_attributes":{"Type":"1","count":"2"}},{"shape_attributes":{"name":"circle","cx":1192,"cy":174,"r":15},"region_attributes":{"Type":"1","count":"1"}},{"shape_attributes":{"name":"circle","cx":1295,"cy":142,"r":11},"region_attributes":{"Type":"1","count":"1"}},{"shape_attributes":{"name":"circle","cx":1295,"cy":181,"r":13},"region_attributes":{"Type":"1","count":"1"}},{"shape_attributes":{"name":"circle","cx":1009,"cy":182,"r":23},"region_attributes":{"Type":"1","count":"1"}}],"file_attributes":{"date":"2023-05-25","temp":"60","rain":"2","neighborhood":"Gaslamp","total_count":""}}," https://lh3.googleusercontent.com/d/1FFRkB5yObHb-ffhSYAeI4OqVK97ZxcRV\n":{"filename":" https://lh3.googleusercontent.com/d/1FFRkB5yObHb-ffhSYAeI4OqVK97ZxcRV\n","size":-1,"regions":[{"shape_attributes":{"name":"circle","cx":1229,"cy":253,"r":15},"region_attributes":{"Type":"2","count":"1"}},{"shape_attributes":{"name":"circle","cx":1300,"cy":380,"r":16},"region_attributes":{"Type":"2","count":"1"}},{"shape_attributes":{"name":"circle","cx":1261,"cy":153,"r":24},"region_attributes":{"Type":"1","count":"3"}},{"shape_attributes":{"name":"circle","cx":1303,"cy":277,"r":13},"region_attributes":{"Type":"1","count":"1"}},{"shape_attributes":{"name":"circle","cx":1210,"cy":453,"r":17},"region_attributes":{"Type":"1","count":"1"}},{"shape_attributes":{"name":"circle","cx":1198,"cy":690,"r":24},"region_attributes":{"Type":"1","count":"3"}},{"shape_attributes":{"name":"circle","cx":1215,"cy":761,"r":30},"region_attributes":{"Type":"1","count":"1"}},{"shape_attributes":{"name":"circle","cx":1056,"cy":856,"r":15},"region_attributes":{"Type":"1","count":"1"}},{"shape_attributes":{"name":"circle","cx":1125,"cy":789,"r":15},"region_attributes":{"Type":"1","count":"1"}},{"shape_attributes":{"name":"circle","cx":1010,"cy":784,"r":19},"region_attributes":{"Type":"1","count":"1"}},{"shape_attributes":{"name":"circle","cx":1114,"cy":905,"r":22},"region_attributes":{"Type":"1","count":"2"}},{"shape_attributes":{"name":"circle","cx":1270,"cy":983,"r":20},"region_attributes":{"Type":"1","count":"1"}}],"file_attributes":{"date":"2023-06-28","temp":"59","rain":"2","neighborhood":"Gaslamp","total_count":""}}," https://lh3.googleusercontent.com/d/1c14ZggpQGjPU3HUtf_IOXztYg5-ZLT9F\n":{"filename":" https://lh3.googleusercontent.com/d/1c14ZggpQGjPU3HUtf_IOXztYg5-ZLT9F\n","size":-1,"regions":[{"shape_attributes":{"name":"circle","cx":997,"cy":174,"r":15},"region_attributes":{"Type":"1","count":"8"}},{"shape_attributes":{"name":"circle","cx":1178,"cy":168,"r":14},"region_attributes":{"Type":"1","count":"1"}},{"shape_attributes":{"name":"circle","cx":1232,"cy":141,"r":14},"region_attributes":{"Type":"1","count":"1"}},{"shape_attributes":{"name":"circle","cx":997,"cy":273,"r":16},"region_attributes":{"Type":"1","count":"1"}},{"shape_attributes":{"name":"circle","cx":1184,"cy":302,"r":13},"region_attributes":{"Type":"1","count":"1"}},{"shape_attributes":{"name":"circle","cx":1273,"cy":276,"r":16},"region_attributes":{"Type":"1","count":"1"}},{"shape_attributes":{"name":"circle","cx":994,"cy":373,"r":17},"region_attributes":{"Type":"1","count":"2"}},{"shape_attributes":{"name":"circle","cx":1172,"cy":446,"r":19},"region_attributes":{"Type":"1","count":"1"}},{"shape_attributes":{"name":"circle","cx":1180,"cy":606,"r":23},"region_attributes":{"Type":"1","count":"1"}},{"shape_attributes":{"name":"circle","cx":991,"cy":658,"r":15},"region_attributes":{"Type":"1","count":"1"}},{"shape_attributes":{"name":"circle","cx":1046,"cy":707,"r":24},"region_attributes":{"Type":"1","count":"1"}},{"shape_attributes":{"name":"circle","cx":1166,"cy":785,"r":17},"region_attributes":{"Type":"1","count":"3"}},{"shape_attributes":{"name":"circle","cx":1085,"cy":886,"r":23},"region_attributes":{"Type":"1","count":"2"}},{"shape_attributes":{"name":"circle","cx":1229,"cy":1011,"r":24},"region_attributes":{"Type":"1","count":"1"}}],"file_attributes":{"date":"2023-07-27","temp":"67","rain":"2","neighborhood":"Gaslamp","total_count":""}}," https://lh3.googleusercontent.com/d/1qKqJCMEj5tEjh3lMq8Q3kbkUuE9qCzU7\n":{"filename":" https://lh3.googleusercontent.com/d/1qKqJCMEj5tEjh3lMq8Q3kbkUuE9qCzU7\n","size":-1,"regions":[{"shape_attributes":{"name":"circle","cx":1060,"cy":124,"r":22},"region_attributes":{"Type":"1","count":"5"}},{"shape_attributes":{"name":"circle","cx":1014,"cy":159,"r":17},"region_attributes":{"Type":"1","count":"4"}},{"shape_attributes":{"name":"circle","cx":1193,"cy":133,"r":16},"region_attributes":{"Type":"1","count":"1"}},{"shape_attributes":{"name":"circle","cx":1303,"cy":156,"r":17},"region_attributes":{"Type":"1","count":"1"}},{"shape_attributes":{"name":"circle","cx":1254,"cy":231,"r":15},"region_attributes":{"Type":"1","count":"2"}},{"shape_attributes":{"name":"circle","cx":1300,"cy":262,"r":17},"region_attributes":{"Type":"1","count":"1"}},{"shape_attributes":{"name":"circle","cx":1193,"cy":262,"r":12},"region_attributes":{"Type":"1","count":"1"}},{"shape_attributes":{"name":"circle","cx":1009,"cy":258,"r":17},"region_attributes":{"Type":"1","count":"1"}},{"shape_attributes":{"name":"circle","cx":1068,"cy":288,"r":20},"region_attributes":{"Type":"1","count":"2"}},{"shape_attributes":{"name":"circle","cx":1119,"cy":363,"r":24},"region_attributes":{"Type":"1","count":"2"}},{"shape_attributes":{"name":"circle","cx":1063,"cy":393,"r":19},"region_attributes":{"Type":"1","count":"2"}},{"shape_attributes":{"name":"circle","cx":1069,"cy":440,"r":15},"region_attributes":{"Type":"1","count":"1"}},{"shape_attributes":{"name":"circle","cx":1197,"cy":462,"r":17},"region_attributes":{"Type":"1","count":"3"}},{"shape_attributes":{"name":"circle","cx":1270,"cy":499,"r":12},"region_attributes":{"Type":"1","count":"1"}},{"shape_attributes":{"name":"circle","cx":1304,"cy":579,"r":17},"region_attributes":{"Type":"1","count":"1"}},{"shape_attributes":{"name":"circle","cx":1120,"cy":577,"r":20},"region_attributes":{"Type":"1","count":"3"}},{"shape_attributes":{"name":"circle","cx":1009,"cy":577,"r":17},"region_attributes":{"Type":"1","count":"1"}},{"shape_attributes":{"name":"circle","cx":1007,"cy":685,"r":13},"region_attributes":{"Type":"1","count":"1"}},{"shape_attributes":{"name":"circle","cx":1126,"cy":689,"r":16},"region_attributes":{"Type":"1","count":"1"}},{"shape_attributes":{"name":"circle","cx":1192,"cy":662,"r":15},"region_attributes":{"Type":"1","count":"1"}},{"shape_attributes":{"name":"circle","cx":1194,"cy":788,"r":17},"region_attributes":{"Type":"1","count":"3"}},{"shape_attributes":{"name":"circle","cx":1307,"cy":793,"r":17},"region_attributes":{"Type":"1","count":"1"}},{"shape_attributes":{"name":"circle","cx":1121,"cy":788,"r":13},"region_attributes":{"Type":"1","count":"1"}},{"shape_attributes":{"name":"circle","cx":1117,"cy":895,"r":17},"region_attributes":{"Type":"1","count":"2"}},{"shape_attributes":{"name":"circle","cx":1305,"cy":984,"r":20},"region_attributes":{"Type":"1","count":"1"}},{"shape_attributes":{"name":"circle","cx":1059,"cy":922,"r":18},"region_attributes":{"Type":"1","count":"1"}}],"file_attributes":{"date":"2023-09-01","temp":"66","rain":"2","neighborhood":"Gaslamp","total_count":""}}," https://lh3.googleusercontent.com/d/182KCPGx2YhUZHkU4PvNtkYJX4pGpzLWP\n":{"filename":" https://lh3.googleusercontent.com/d/182KCPGx2YhUZHkU4PvNtkYJX4pGpzLWP\n","size":-1,"regions":[{"shape_attributes":{"name":"circle","cx":1282,"cy":992,"r":15},"region_attributes":{"Type":"1","count":"1"}},{"shape_attributes":{"name":"circle","cx":1194,"cy":898,"r":16},"region_attributes":{"Type":"1","count":"3"}},{"shape_attributes":{"name":"circle","cx":1113,"cy":893,"r":17},"region_attributes":{"Type":"1","count":"4"}},{"shape_attributes":{"name":"circle","cx":1240,"cy":823,"r":17},"region_attributes":{"Type":"1","count":"1"}},{"shape_attributes":{"name":"circle","cx":1301,"cy":789,"r":16},"region_attributes":{"Type":"1","count":"1"}},{"shape_attributes":{"name":"circle","cx":1082,"cy":762,"r":20},"region_attributes":{"Type":"1","count":"1"}},{"shape_attributes":{"name":"circle","cx":1121,"cy":675,"r":14},"region_attributes":{"Type":"1","count":"1"}},{"shape_attributes":{"name":"circle","cx":1058,"cy":716,"r":12},"region_attributes":{"Type":"1","count":"1"}},{"shape_attributes":{"name":"circle","cx":1003,"cy":684,"r":17},"region_attributes":{"Type":"1","count":"1"}},{"shape_attributes":{"name":"circle","cx":1007,"cy":597,"r":12},"region_attributes":{"Type":"1","count":"1"}},{"shape_attributes":{"name":"circle","cx":1190,"cy":574,"r":14},"region_attributes":{"Type":"1","count":"1"}},{"shape_attributes":{"name":"circle","cx":1258,"cy":441,"r":14},"region_attributes":{"Type":"1","count":"1"}},{"shape_attributes":{"name":"circle","cx":1099,"cy":440,"r":15},"region_attributes":{"Type":"1","count":"1"}},{"shape_attributes":{"name":"circle","cx":1010,"cy":259,"r":17},"region_attributes":{"Type":"1","count":"3"}},{"shape_attributes":{"name":"circle","cx":1193,"cy":264,"r":20},"region_attributes":{"Type":"1","count":"2"}},{"shape_attributes":{"name":"circle","cx":1190,"cy":160,"r":20},"region_attributes":{"Type":"1","count":"1"}},{"shape_attributes":{"name":"circle","cx":1120,"cy":155,"r":20},"region_attributes":{"Type":"1","count":"2"}},{"shape_attributes":{"name":"circle","cx":1020,"cy":191,"r":20},"region_attributes":{"Type":"1","count":"4"}},{"shape_attributes":{"name":"circle","cx":1015,"cy":150,"r":19},"region_attributes":{"Type":"1","count":"16"}},{"shape_attributes":{"name":"circle","cx":1062,"cy":128,"r":16},"region_attributes":{"Type":"1","count":"3"}},{"shape_attributes":{"name":"circle","cx":1011,"cy":565,"r":13},"region_attributes":{"Type":"2","count":"1"}}],"file_attributes":{"date":"2023-09-28","temp":"62","rain":"2","neighborhood":"Gaslamp","total_count":""}}," https://lh3.googleusercontent.com/d/1447m1SItGMB2SODC9aZcnoQlkSQfNEuE\n":{"filename":" https://lh3.googleusercontent.com/d/1447m1SItGMB2SODC9aZcnoQlkSQfNEuE\n","size":-1,"regions":[{"shape_attributes":{"name":"circle","cx":1010,"cy":568,"r":16},"region_attributes":{"Type":"2","count":"1"}},{"shape_attributes":{"name":"circle","cx":1013,"cy":153,"r":18},"region_attributes":{"Type":"1","count":"6"}},{"shape_attributes":{"name":"circle","cx":1191,"cy":158,"r":18},"region_attributes":{"Type":"1","count":"6"}},{"shape_attributes":{"name":"circle","cx":1274,"cy":124,"r":16},"region_attributes":{"Type":"1","count":"2"}},{"shape_attributes":{"name":"circle","cx":1117,"cy":161,"r":14},"region_attributes":{"Type":"1","count":"7"}},{"shape_attributes":{"name":"circle","cx":1010,"cy":270,"r":13},"region_attributes":{"Type":"1","count":"2"}},{"shape_attributes":{"name":"circle","cx":1059,"cy":235,"r":11},"region_attributes":{"Type":"1","count":"1"}},{"shape_attributes":{"name":"circle","cx":1194,"cy":267,"r":12},"region_attributes":{"Type":"1","count":"1"}},{"shape_attributes":{"name":"circle","cx":1254,"cy":296,"r":13},"region_attributes":{"Type":"1","count":"1"}},{"shape_attributes":{"name":"circle","cx":1079,"cy":396,"r":14},"region_attributes":{"Type":"1","count":"2"}},{"shape_attributes":{"name":"circle","cx":1240,"cy":400,"r":18},"region_attributes":{"Type":"1","count":"1"}},{"shape_attributes":{"name":"circle","cx":1303,"cy":373,"r":14},"region_attributes":{"Type":"1","count":"1"}},{"shape_attributes":{"name":"circle","cx":1055,"cy":505,"r":14},"region_attributes":{"Type":"1","count":"1"}},{"shape_attributes":{"name":"circle","cx":1211,"cy":448,"r":10},"region_attributes":{"Type":"1","count":"1"}},{"shape_attributes":{"name":"circle","cx":1280,"cy":502,"r":14},"region_attributes":{"Type":"1","count":"1"}},{"shape_attributes":{"name":"circle","cx":1118,"cy":584,"r":15},"region_attributes":{"Type":"1","count":"1"}},{"shape_attributes":{"name":"circle","cx":1195,"cy":582,"r":17},"region_attributes":{"Type":"1","count":"1"}},{"shape_attributes":{"name":"circle","cx":1015,"cy":596,"r":13.232},"region_attributes":{"Type":"1","count":"2"}},{"shape_attributes":{"name":"circle","cx":1063,"cy":660,"r":14},"region_attributes":{"Type":"1","count":"1"}},{"shape_attributes":{"name":"circle","cx":1007,"cy":692,"r":19},"region_attributes":{"Type":"1","count":"1"}},{"shape_attributes":{"name":"circle","cx":1115,"cy":701,"r":14},"region_attributes":{"Type":"1","count":"1"}},{"shape_attributes":{"name":"circle","cx":1252,"cy":659,"r":21},"region_attributes":{"Type":"1","count":"1"}},{"shape_attributes":{"name":"circle","cx":1198,"cy":691,"r":13},"region_attributes":{"Type":"1","count":"2"}},{"shape_attributes":{"name":"circle","cx":1192,"cy":794,"r":13},"region_attributes":{"Type":"1","count":"2"}},{"shape_attributes":{"name":"circle","cx":1111,"cy":900,"r":16},"region_attributes":{"Type":"1","count":"2"}},{"shape_attributes":{"name":"circle","cx":1193,"cy":903,"r":15},"region_attributes":{"Type":"1","count":"2"}},{"shape_attributes":{"name":"circle","cx":1300,"cy":897,"r":26},"region_attributes":{"Type":"1","count":"1"}}],"file_attributes":{"date":"2023-10-26","temp":"61","rain":"2","neighborhood":"Gaslamp","total_count":""}}," https://lh3.googleusercontent.com/d/1awTo-JiLxdZawqcJC3MZEp64Jh8TqhWJ\n":{"filename":" https://lh3.googleusercontent.com/d/1awTo-JiLxdZawqcJC3MZEp64Jh8TqhWJ\n","size":-1,"regions":[{"shape_attributes":{"name":"circle","cx":1015,"cy":168,"r":19},"region_attributes":{"Type":"1","count":"8"}},{"shape_attributes":{"name":"circle","cx":1061,"cy":140,"r":16},"region_attributes":{"Type":"1","count":"1"}},{"shape_attributes":{"name":"circle","cx":1071,"cy":194,"r":12},"region_attributes":{"Type":"1","count":"1"}},{"shape_attributes":{"name":"circle","cx":1253,"cy":133,"r":29},"region_attributes":{"Type":"1","count":"1"}},{"shape_attributes":{"name":"circle","cx":1017,"cy":296,"r":25},"region_attributes":{"Type":"1","count":"1"}},{"shape_attributes":{"name":"circle","cx":1017,"cy":404,"r":25.447},"region_attributes":{"Type":"1","count":"1"}},{"shape_attributes":{"name":"circle","cx":1195,"cy":364,"r":14},"region_attributes":{"Type":"1","count":"1"}},{"shape_attributes":{"name":"circle","cx":1104,"cy":344,"r":12},"region_attributes":{"Type":"1","count":"2"}},{"shape_attributes":{"name":"circle","cx":1109,"cy":455,"r":19},"region_attributes":{"Type":"1","count":"2"}},{"shape_attributes":{"name":"circle","cx":1079,"cy":560,"r":13},"region_attributes":{"Type":"1","count":"2"}},{"shape_attributes":{"name":"circle","cx":1113,"cy":593,"r":26},"region_attributes":{"Type":"1","count":"1"}},{"shape_attributes":{"name":"circle","cx":1010,"cy":595,"r":17},"region_attributes":{"Type":"1","count":"3"}},{"shape_attributes":{"name":"circle","cx":1012,"cy":698,"r":18},"region_attributes":{"Type":"1","count":"2"}},{"shape_attributes":{"name":"circle","cx":1201,"cy":665,"r":15},"region_attributes":{"Type":"1","count":"1"}},{"shape_attributes":{"name":"circle","cx":1304,"cy":680,"r":12},"region_attributes":{"Type":"1","count":"1"}},{"shape_attributes":{"name":"circle","cx":1195,"cy":800,"r":20},"region_attributes":{"Type":"1","count":"2"}},{"shape_attributes":{"name":"circle","cx":1303,"cy":876,"r":18},"region_attributes":{"Type":"1","count":"1"}},{"shape_attributes":{"name":"circle","cx":1198,"cy":907,"r":13},"region_attributes":{"Type":"1","count":"3"}},{"shape_attributes":{"name":"circle","cx":1115,"cy":902,"r":14},"region_attributes":{"Type":"1","count":"1"}},{"shape_attributes":{"name":"circle","cx":1299,"cy":999,"r":13},"region_attributes":{"Type":"1","count":"1"}}],"file_attributes":{"date":"2023-11-30","temp":"55","rain":"2","neighborhood":"Gaslamp","total_count":""}}," https://lh3.googleusercontent.com/d/1CerIW2H3lRs-5f6QNvvvU9OznF38ZPXQ\n":{"filename":" https://lh3.googleusercontent.com/d/1CerIW2H3lRs-5f6QNvvvU9OznF38ZPXQ\n","size":-1,"regions":[{"shape_attributes":{"name":"circle","cx":1022,"cy":123,"r":19},"region_attributes":{"Type":"1","count":"13"}},{"shape_attributes":{"name":"circle","cx":1274,"cy":88,"r":18},"region_attributes":{"Type":"1","count":"6"}},{"shape_attributes":{"name":"circle","cx":1014,"cy":237,"r":16},"region_attributes":{"Type":"1","count":"1"}},{"shape_attributes":{"name":"circle","cx":1337,"cy":234,"r":10},"region_attributes":{"Type":"1","count":"1"}},{"shape_attributes":{"name":"circle","cx":1013,"cy":353,"r":19},"region_attributes":{"Type":"1","count":"1"}},{"shape_attributes":{"name":"circle","cx":1074,"cy":546,"r":15},"region_attributes":{"Type":"1","count":"1"}},{"shape_attributes":{"name":"circle","cx":1017,"cy":588,"r":13},"region_attributes":{"Type":"1","count":"2"}},{"shape_attributes":{"name":"circle","cx":1019,"cy":696,"r":18},"region_attributes":{"Type":"1","count":"2"}},{"shape_attributes":{"name":"circle","cx":1135,"cy":914,"r":15},"region_attributes":{"Type":"1","count":"3"}},{"shape_attributes":{"name":"circle","cx":1332,"cy":1013,"r":11},"region_attributes":{"Type":"1","count":"1"}}],"file_attributes":{"date":"2023-12-28","temp":"57","rain":"2","neighborhood":"Gaslamp","total_count":""}}},"_via_attributes":{"region":{"Type":{"type":"dropdown","description":"","options":{"1":"Individual","2":"Structure","3":"Vehicle"},"default_options":{}},"count":{"type":"text","description":"","default_value":""}},"file":{"date":{"type":"text","description":"","default_value":""},"temp":{"type":"text","description":"","default_value":""},"rain":{"type":"dropdown","description":"","options":{"1":"rain","2":"clear"},"default_options":{"2":true}},"neighborhood":{"type":"text","description":"","default_value":"Gaslamp"},"total_count":{"type":"text","description":"","default_value":""}}},"_via_data_format_version":"2.0.10","_via_image_id_list":[" https://lh3.googleusercontent.com/d/1SeWTYj-TCm3BasxQGClmvaZZcnsqeRan\n"," https://lh3.googleusercontent.com/d/10G8jwmpzz2kxDX71poLV7HzOu1iYp1bi\n"," https://lh3.googleusercontent.com/d/1rRG3c_4diWr8j18dzccItLCFP00eifeJ\n"," https://lh3.googleusercontent.com/d/1DKzLl8asQyOne63N2Z-CSFcuPHsnIL6e\n"," https://lh3.googleusercontent.com/d/19AESclB7D9EYxWqeM755R06jSXysnR73\n"," https://lh3.googleusercontent.com/d/1FFRkB5yObHb-ffhSYAeI4OqVK97ZxcRV\n"," https://lh3.googleusercontent.com/d/1c14ZggpQGjPU3HUtf_IOXztYg5-ZLT9F\n"," https://lh3.googleusercontent.com/d/1qKqJCMEj5tEjh3lMq8Q3kbkUuE9qCzU7\n"," https://lh3.googleusercontent.com/d/182KCPGx2YhUZHkU4PvNtkYJX4pGpzLWP\n"," https://lh3.googleusercontent.com/d/1447m1SItGMB2SODC9aZcnoQlkSQfNEuE\n"," https://lh3.googleusercontent.com/d/1awTo-JiLxdZawqcJC3MZEp64Jh8TqhWJ\n"," https://lh3.googleusercontent.com/d/1CerIW2H3lRs-5f6QNvvvU9OznF38ZPXQ\n"]}