{"_via_settings":{"ui":{"annotation_editor_height":35,"annotation_editor_fontsize":0.8,"leftsidebar_width":18,"image_grid":{"img_height":80,"rshape_fill":"none","rshape_fill_opacity":0.3,"rshape_stroke":"yellow","rshape_stroke_width":2,"show_region_shape":true,"show_image_policy":"all"},"image":{"region_label":"__via_region_id__","region_color":"__via_default_region_color__","region_label_font":"10px Sans","on_image_annotation_editor_placement":"NEAR_REGION"}},"core":{"buffer_size":18,"filepath":{},"default_filepath":""},"project":{"name":"Gaslamp_2024_count_"}},"_via_img_metadata":{"https://lh3.googleusercontent.com/d/1LnQx7kXNWdKlLZuE2F2G3gtOPbz-_QGf\n":{"filename":"https://lh3.googleusercontent.com/d/1LnQx7kXNWdKlLZuE2F2G3gtOPbz-_QGf\n","size":-1,"regions":[{"shape_attributes":{"name":"circle","cx":1034,"cy":101,"r":30},"region_attributes":{"Type":"1","count":"8"}},{"shape_attributes":{"name":"circle","cx":1028,"cy":160,"r":21},"region_attributes":{"Type":"1","count":"7"}},{"shape_attributes":{"name":"circle","cx":1256,"cy":93,"r":17},"region_attributes":{"Type":"1","count":"1"}},{"shape_attributes":{"name":"circle","cx":1286,"cy":202,"r":23},"region_attributes":{"Type":"1","count":"1"}},{"shape_attributes":{"name":"circle","cx":1340,"cy":243,"r":16},"region_attributes":{"Type":"1","count":"1"}},{"shape_attributes":{"name":"circle","cx":1030,"cy":249,"r":20},"region_attributes":{"Type":"1","count":"4"}},{"shape_attributes":{"name":"circle","cx":1028,"cy":377,"r":17},"region_attributes":{"Type":"1","count":"1"}},{"shape_attributes":{"name":"circle","cx":1140,"cy":432,"r":17},"region_attributes":{"Type":"1","count":"1"}},{"shape_attributes":{"name":"circle","cx":1026,"cy":488,"r":18},"region_attributes":{"Type":"1","count":"1"}},{"shape_attributes":{"name":"circle","cx":1279,"cy":436,"r":19},"region_attributes":{"Type":"1","count":"1"}},{"shape_attributes":{"name":"circle","cx":1226,"cy":462,"r":20},"region_attributes":{"Type":"1","count":"1"}},{"shape_attributes":{"name":"circle","cx":1243,"cy":497,"r":15},"region_attributes":{"Type":"1","count":"1"}},{"shape_attributes":{"name":"circle","cx":1232,"cy":551,"r":18},"region_attributes":{"Type":"1","count":"1"}},{"shape_attributes":{"name":"circle","cx":1133,"cy":563,"r":19},"region_attributes":{"Type":"1","count":"2"}},{"shape_attributes":{"name":"circle","cx":1236,"cy":609,"r":19},"region_attributes":{"Type":"1","count":"2"}},{"shape_attributes":{"name":"circle","cx":1230,"cy":796,"r":19},"region_attributes":{"Type":"1","count":"4"}},{"shape_attributes":{"name":"circle","cx":1269,"cy":826,"r":19},"region_attributes":{"Type":"1","count":"1"}},{"shape_attributes":{"name":"circle","cx":1022,"cy":606,"r":20},"region_attributes":{"Type":"1","count":"1"}},{"shape_attributes":{"name":"circle","cx":1054,"cy":834,"r":30},"region_attributes":{"Type":"1","count":"1"}},{"shape_attributes":{"name":"circle","cx":1133,"cy":908,"r":20},"region_attributes":{"Type":"1","count":"2"}},{"shape_attributes":{"name":"circle","cx":1340,"cy":1019,"r":21},"region_attributes":{"Type":"1","count":"1"}},{"shape_attributes":{"name":"circle","cx":1234,"cy":903,"r":22},"region_attributes":{"Type":"1","count":"4"}}],"file_attributes":{"date":"2024-01-25","temp":"57","rain":"2","neighborhood":"Gaslamp","total_count":""}},"https://lh3.googleusercontent.com/d/1WmbKrLu1k6ZiyTrNv_36SoAd9hLTAG9Z\n":{"filename":"https://lh3.googleusercontent.com/d/1WmbKrLu1k6ZiyTrNv_36SoAd9hLTAG9Z\n","size":-1,"regions":[{"shape_attributes":{"name":"circle","cx":1236,"cy":454,"r":19},"region_attributes":{"Type":"2","count":"1"}},{"shape_attributes":{"name":"circle","cx":1039,"cy":142,"r":19},"region_attributes":{"Type":"1","count":"11"}},{"shape_attributes":{"name":"circle","cx":1021,"cy":187,"r":17},"region_attributes":{"Type":"1","count":"9"}},{"shape_attributes":{"name":"circle","cx":1219,"cy":140,"r":21},"region_attributes":{"Type":"1","count":"6"}},{"shape_attributes":{"name":"circle","cx":1307,"cy":179,"r":17},"region_attributes":{"Type":"1","count":"2"}},{"shape_attributes":{"name":"circle","cx":1202,"cy":267,"r":27},"region_attributes":{"Type":"1","count":"2"}},{"shape_attributes":{"name":"circle","cx":1307,"cy":273,"r":24},"region_attributes":{"Type":"1","count":"2"}},{"shape_attributes":{"name":"circle","cx":1015,"cy":286,"r":19},"region_attributes":{"Type":"1","count":"1"}},{"shape_attributes":{"name":"circle","cx":1123,"cy":262,"r":19},"region_attributes":{"Type":"1","count":"1"}},{"shape_attributes":{"name":"circle","cx":1015,"cy":389,"r":21},"region_attributes":{"Type":"1","count":"1"}},{"shape_attributes":{"name":"circle","cx":1301,"cy":398,"r":16},"region_attributes":{"Type":"1","count":"1"}},{"shape_attributes":{"name":"circle","cx":1196,"cy":473,"r":16},"region_attributes":{"Type":"1","count":"1"}},{"shape_attributes":{"name":"circle","cx":1097,"cy":454,"r":21},"region_attributes":{"Type":"1","count":"1"}},{"shape_attributes":{"name":"circle","cx":1120,"cy":585,"r":23},"region_attributes":{"Type":"1","count":"1"}},{"shape_attributes":{"name":"circle","cx":1198,"cy":581,"r":25},"region_attributes":{"Type":"1","count":"3"}},{"shape_attributes":{"name":"circle","cx":1303,"cy":589,"r":23},"region_attributes":{"Type":"1","count":"1"}},{"shape_attributes":{"name":"circle","cx":1243,"cy":671,"r":18},"region_attributes":{"Type":"1","count":"1"}},{"shape_attributes":{"name":"circle","cx":1054,"cy":669,"r":16},"region_attributes":{"Type":"1","count":"1"}},{"shape_attributes":{"name":"circle","cx":1021,"cy":690,"r":18},"region_attributes":{"Type":"1","count":"1"}},{"shape_attributes":{"name":"circle","cx":1112,"cy":712,"r":20},"region_attributes":{"Type":"1","count":"2"}},{"shape_attributes":{"name":"circle","cx":1202,"cy":796,"r":20},"region_attributes":{"Type":"1","count":"3"}},{"shape_attributes":{"name":"circle","cx":1114,"cy":798,"r":23},"region_attributes":{"Type":"1","count":"1"}},{"shape_attributes":{"name":"circle","cx":1114,"cy":925,"r":21},"region_attributes":{"Type":"1","count":"1"}}],"file_attributes":{"date":"2024-02-22","temp":"51","rain":"2","neighborhood":"Gaslamp","total_count":""}},"https://lh3.googleusercontent.com/d/1O2eUOJmmH0KxRuGhgRubyBu3KYB2ujNK\n":{"filename":"https://lh3.googleusercontent.com/d/1O2eUOJmmH0KxRuGhgRubyBu3KYB2ujNK\n","size":-1,"regions":[{"shape_attributes":{"name":"circle","cx":1207,"cy":882,"r":16.042},"region_attributes":{"Type":"1","count":"3"}},{"shape_attributes":{"name":"circle","cx":1302,"cy":772,"r":21},"region_attributes":{"Type":"1","count":"1"}},{"shape_attributes":{"name":"circle","cx":1115,"cy":772,"r":19},"region_attributes":{"Type":"1","count":"1"}},{"shape_attributes":{"name":"circle","cx":1011,"cy":783,"r":23},"region_attributes":{"Type":"1","count":"1"}},{"shape_attributes":{"name":"circle","cx":1305,"cy":671,"r":21},"region_attributes":{"Type":"1","count":"1"}},{"shape_attributes":{"name":"circle","cx":1110,"cy":668,"r":18},"region_attributes":{"Type":"1","count":"2"}},{"shape_attributes":{"name":"circle","cx":1016,"cy":679,"r":18},"region_attributes":{"Type":"1","count":"1"}},{"shape_attributes":{"name":"circle","cx":1199,"cy":565,"r":22},"region_attributes":{"Type":"1","count":"1"}},{"shape_attributes":{"name":"circle","cx":1016,"cy":600,"r":21},"region_attributes":{"Type":"1","count":"1"}},{"shape_attributes":{"name":"circle","cx":1207,"cy":451,"r":18},"region_attributes":{"Type":"1","count":"1"}},{"shape_attributes":{"name":"circle","cx":1205,"cy":392,"r":20},"region_attributes":{"Type":"1","count":"1"}},{"shape_attributes":{"name":"circle","cx":1305,"cy":343,"r":28},"region_attributes":{"Type":"1","count":"1"}},{"shape_attributes":{"name":"circle","cx":1205,"cy":345,"r":22},"region_attributes":{"Type":"1","count":"2"}},{"shape_attributes":{"name":"circle","cx":1070,"cy":294,"r":17},"region_attributes":{"Type":"1","count":"1"}},{"shape_attributes":{"name":"circle","cx":1016,"cy":268,"r":14},"region_attributes":{"Type":"1","count":"2"}},{"shape_attributes":{"name":"circle","cx":1015,"cy":186,"r":16},"region_attributes":{"Type":"1","count":"8"}},{"shape_attributes":{"name":"circle","cx":1123,"cy":159,"r":18},"region_attributes":{"Type":"1","count":"6"}},{"shape_attributes":{"name":"circle","cx":1207,"cy":141,"r":21},"region_attributes":{"Type":"1","count":"2"}}],"file_attributes":{"date":"2024-03-21","temp":"58","rain":"2","neighborhood":"Gaslamp","total_count":""}},"https://lh3.googleusercontent.com/d/1AbVG7EleBghKOgocIzMuXiZj6sGwJJNR\n":{"filename":"https://lh3.googleusercontent.com/d/1AbVG7EleBghKOgocIzMuXiZj6sGwJJNR\n","size":-1,"regions":[{"shape_attributes":{"name":"circle","cx":1114,"cy":249,"r":16},"region_attributes":{"Type":"2","count":"1"}},{"shape_attributes":{"name":"circle","cx":1123,"cy":143,"r":14},"region_attributes":{"Type":"1","count":"6"}},{"shape_attributes":{"name":"circle","cx":1027,"cy":186,"r":15},"region_attributes":{"Type":"1","count":"6"}},{"shape_attributes":{"name":"circle","cx":1113,"cy":186,"r":16},"region_attributes":{"Type":"1","count":"8"}},{"shape_attributes":{"name":"circle","cx":1204,"cy":184,"r":11},"region_attributes":{"Type":"1","count":"1"}},{"shape_attributes":{"name":"circle","cx":1206,"cy":289,"r":14},"region_attributes":{"Type":"1","count":"1"}},{"shape_attributes":{"name":"circle","cx":1121,"cy":288,"r":15},"region_attributes":{"Type":"1","count":"3"}},{"shape_attributes":{"name":"circle","cx":1019,"cy":279,"r":20},"region_attributes":{"Type":"1","count":"2"}},{"shape_attributes":{"name":"circle","cx":1020,"cy":399,"r":16},"region_attributes":{"Type":"1","count":"1"}},{"shape_attributes":{"name":"circle","cx":1292,"cy":350,"r":18},"region_attributes":{"Type":"1","count":"1"}},{"shape_attributes":{"name":"circle","cx":1121,"cy":466,"r":14},"region_attributes":{"Type":"1","count":"1"}},{"shape_attributes":{"name":"circle","cx":1244,"cy":504,"r":17},"region_attributes":{"Type":"1","count":"1"}},{"shape_attributes":{"name":"circle","cx":1020,"cy":495,"r":16},"region_attributes":{"Type":"1","count":"1"}},{"shape_attributes":{"name":"circle","cx":1206,"cy":587,"r":16},"region_attributes":{"Type":"1","count":"2"}},{"shape_attributes":{"name":"circle","cx":1121,"cy":682,"r":12},"region_attributes":{"Type":"1","count":"1"}},{"shape_attributes":{"name":"circle","cx":1019,"cy":695,"r":14},"region_attributes":{"Type":"1","count":"2"}},{"shape_attributes":{"name":"circle","cx":1049,"cy":720,"r":11},"region_attributes":{"Type":"1","count":"1"}},{"shape_attributes":{"name":"circle","cx":1209,"cy":708,"r":16},"region_attributes":{"Type":"1","count":"1"}},{"shape_attributes":{"name":"circle","cx":1215,"cy":777,"r":19},"region_attributes":{"Type":"1","count":"7"}},{"shape_attributes":{"name":"circle","cx":1232,"cy":824,"r":14},"region_attributes":{"Type":"1","count":"1"}},{"shape_attributes":{"name":"circle","cx":1124,"cy":892,"r":17},"region_attributes":{"Type":"1","count":"3"}}],"file_attributes":{"date":"2024-04-25","temp":"58","rain":"2","neighborhood":"Gaslamp","total_count":""}},"https://lh3.googleusercontent.com/d/184AfkcjaUqYHCYl8MAbWau_9maFg2Fyg\n":{"filename":"https://lh3.googleusercontent.com/d/184AfkcjaUqYHCYl8MAbWau_9maFg2Fyg\n","size":-1,"regions":[{"shape_attributes":{"name":"circle","cx":1107,"cy":175,"r":23},"region_attributes":{"Type":"2","count":"1"}},{"shape_attributes":{"name":"circle","cx":1027,"cy":180,"r":23},"region_attributes":{"Type":"1","count":"28"}},{"shape_attributes":{"name":"circle","cx":1106,"cy":132,"r":17},"region_attributes":{"Type":"1","count":"5"}},{"shape_attributes":{"name":"circle","cx":1017,"cy":132,"r":16},"region_attributes":{"Type":"1","count":"2"}},{"shape_attributes":{"name":"circle","cx":1286,"cy":176,"r":16},"region_attributes":{"Type":"1","count":"2"}},{"shape_attributes":{"name":"circle","cx":1202,"cy":266,"r":18},"region_attributes":{"Type":"1","count":"2"}},{"shape_attributes":{"name":"circle","cx":1117,"cy":271,"r":14},"region_attributes":{"Type":"1","count":"1"}},{"shape_attributes":{"name":"circle","cx":1012,"cy":276,"r":21},"region_attributes":{"Type":"1","count":"9"}},{"shape_attributes":{"name":"circle","cx":1203,"cy":339,"r":16},"region_attributes":{"Type":"1","count":"1"}},{"shape_attributes":{"name":"circle","cx":1286,"cy":335,"r":15},"region_attributes":{"Type":"1","count":"1"}},{"shape_attributes":{"name":"circle","cx":1253,"cy":448,"r":12},"region_attributes":{"Type":"1","count":"1"}},{"shape_attributes":{"name":"circle","cx":1249,"cy":491,"r":14},"region_attributes":{"Type":"1","count":"1"}},{"shape_attributes":{"name":"circle","cx":1300,"cy":464,"r":20},"region_attributes":{"Type":"1","count":"2"}},{"shape_attributes":{"name":"circle","cx":1115,"cy":484,"r":13},"region_attributes":{"Type":"1","count":"1"}},{"shape_attributes":{"name":"circle","cx":1197,"cy":570,"r":16},"region_attributes":{"Type":"1","count":"6"}},{"shape_attributes":{"name":"circle","cx":1112,"cy":672,"r":16},"region_attributes":{"Type":"1","count":"3"}},{"shape_attributes":{"name":"circle","cx":1203,"cy":768,"r":14},"region_attributes":{"Type":"1","count":"1"}},{"shape_attributes":{"name":"circle","cx":1108,"cy":879,"r":18},"region_attributes":{"Type":"1","count":"5"}},{"shape_attributes":{"name":"circle","cx":1204,"cy":903,"r":17},"region_attributes":{"Type":"1","count":"1"}},{"shape_attributes":{"name":"circle","cx":1301,"cy":870,"r":18},"region_attributes":{"Type":"1","count":"1"}},{"shape_attributes":{"name":"circle","cx":1305,"cy":909,"r":11},"region_attributes":{"Type":"1","count":"1"}},{"shape_attributes":{"name":"circle","cx":1264,"cy":984,"r":17},"region_attributes":{"Type":"1","count":"1"}}],"file_attributes":{"date":"2024-05-23","temp":"60","rain":"2","neighborhood":"Gaslamp","total_count":""}}},"_via_attributes":{"region":{"Type":{"type":"dropdown","description":"","options":{"1":"Individual","2":"Structure","3":"Vehicle"},"default_options":{}},"count":{"type":"text","description":"","default_value":""}},"file":{"date":{"type":"text","description":"","default_value":""},"temp":{"type":"text","description":"","default_value":""},"rain":{"type":"dropdown","description":"","options":{"1":"rain","2":"clear"},"default_options":{"2":true}},"neighborhood":{"type":"text","description":"","default_value":"Gaslamp"},"total_count":{"type":"text","description":"","default_value":""}}},"_via_data_format_version":"2.0.10","_via_image_id_list":["https://lh3.googleusercontent.com/d/1LnQx7kXNWdKlLZuE2F2G3gtOPbz-_QGf\n","https://lh3.googleusercontent.com/d/1WmbKrLu1k6ZiyTrNv_36SoAd9hLTAG9Z\n","https://lh3.googleusercontent.com/d/1O2eUOJmmH0KxRuGhgRubyBu3KYB2ujNK\n","https://lh3.googleusercontent.com/d/1AbVG7EleBghKOgocIzMuXiZj6sGwJJNR\n","https://lh3.googleusercontent.com/d/184AfkcjaUqYHCYl8MAbWau_9maFg2Fyg\n"]}