{"_via_settings":{"ui":{"annotation_editor_height":45,"annotation_editor_fontsize":0.8,"leftsidebar_width":18,"image_grid":{"img_height":80,"rshape_fill":"none","rshape_fill_opacity":0.3,"rshape_stroke":"yellow","rshape_stroke_width":2,"show_region_shape":true,"show_image_policy":"all"},"image":{"region_label":"__via_region_id__","region_color":"__via_default_region_color__","region_label_font":"10px Sans","on_image_annotation_editor_placement":"NEAR_REGION"}},"core":{"buffer_size":18,"filepath":{},"default_filepath":""},"project":{"name":"Golden Hill_2023_count"}},"_via_img_metadata":{" https://lh3.googleusercontent.com/d/1aDvSUODpM7VYGqeFeJ3EWaVlJagDWLTP\n":{"filename":" https://lh3.googleusercontent.com/d/1aDvSUODpM7VYGqeFeJ3EWaVlJagDWLTP\n","size":-1,"regions":[{"shape_attributes":{"name":"circle","cx":250,"cy":350,"r":27},"region_attributes":{"Type":"2","count":"2"}},{"shape_attributes":{"name":"circle","cx":177,"cy":337,"r":17},"region_attributes":{"Type":"2","count":"2"}},{"shape_attributes":{"name":"circle","cx":202,"cy":363,"r":13},"region_attributes":{"Type":"3","count":""}},{"shape_attributes":{"name":"circle","cx":199,"cy":404,"r":17.091},"region_attributes":{"Type":"2","count":"10"}},{"shape_attributes":{"name":"circle","cx":197,"cy":468,"r":13},"region_attributes":{"Type":"1","count":"4"}},{"shape_attributes":{"name":"circle","cx":191,"cy":502,"r":10},"region_attributes":{"Type":"1","count":"6"}},{"shape_attributes":{"name":"circle","cx":209,"cy":511,"r":12},"region_attributes":{"Type":"2","count":""}},{"shape_attributes":{"name":"circle","cx":128,"cy":684,"r":16},"region_attributes":{"Type":"2","count":""}},{"shape_attributes":{"name":"circle","cx":236,"cy":868,"r":35},"region_attributes":{"Type":"2","count":"2"}}],"file_attributes":{"date":"","temp":"","rain":"2","neighborhood":"Golden Hill","total_count":"44"}}," https://lh3.googleusercontent.com/d/1DiOOwLPPQqbBHxB3ee07wlpaiMwXkM8m\n":{"filename":" https://lh3.googleusercontent.com/d/1DiOOwLPPQqbBHxB3ee07wlpaiMwXkM8m\n","size":-1,"regions":[{"shape_attributes":{"name":"circle","cx":131,"cy":572,"r":30},"region_attributes":{"Type":"2","count":"2"}},{"shape_attributes":{"name":"circle","cx":192,"cy":372,"r":20},"region_attributes":{"Type":"2","count":"4"}},{"shape_attributes":{"name":"circle","cx":187,"cy":331,"r":18},"region_attributes":{"Type":"2","count":""}},{"shape_attributes":{"name":"circle","cx":185,"cy":284,"r":28},"region_attributes":{"Type":"2","count":"3"}}],"file_attributes":{"date":"","temp":"","rain":"2","neighborhood":"Golden Hill","total_count":""}}," https://lh3.googleusercontent.com/d/1F7c_Yf-W4Zn6RbGUrXuM-zkjypQmbQ9H\n":{"filename":" https://lh3.googleusercontent.com/d/1F7c_Yf-W4Zn6RbGUrXuM-zkjypQmbQ9H\n","size":-1,"regions":[{"shape_attributes":{"name":"circle","cx":329,"cy":888,"r":36},"region_attributes":{"Type":"2","count":"2"}},{"shape_attributes":{"name":"circle","cx":466,"cy":882,"r":30},"region_attributes":{"Type":"2","count":"4"}},{"shape_attributes":{"name":"circle","cx":810,"cy":881,"r":29.597},"region_attributes":{"Type":"2","count":""}}],"file_attributes":{"date":"2023-03-30","temp":"","rain":"2","neighborhood":"Golden Hill","total_count":"12.75"}}," https://lh3.googleusercontent.com/d/1nnrFZZsRlDyd_rGZbfNRGH_F9zt8A2d5\n":{"filename":" https://lh3.googleusercontent.com/d/1nnrFZZsRlDyd_rGZbfNRGH_F9zt8A2d5\n","size":-1,"regions":[{"shape_attributes":{"name":"circle","cx":358,"cy":256,"r":26},"region_attributes":{"Type":"2","count":"2"}},{"shape_attributes":{"name":"circle","cx":271,"cy":195,"r":28},"region_attributes":{"Type":"2","count":"2"}},{"shape_attributes":{"name":"circle","cx":279,"cy":238,"r":21},"region_attributes":{"Type":"2","count":""}},{"shape_attributes":{"name":"circle","cx":210,"cy":249,"r":19.174},"region_attributes":{"Type":"1","count":"5"}},{"shape_attributes":{"name":"circle","cx":234,"cy":280,"r":20.25},"region_attributes":{"Type":"1","count":"5"}},{"shape_attributes":{"name":"circle","cx":214,"cy":336,"r":26},"region_attributes":{"Type":"2","count":"10"}},{"shape_attributes":{"name":"circle","cx":226,"cy":418,"r":21},"region_attributes":{"Type":"2","count":""}},{"shape_attributes":{"name":"circle","cx":244,"cy":492,"r":27},"region_attributes":{"Type":"3","count":"3"}},{"shape_attributes":{"name":"circle","cx":227,"cy":612,"r":19},"region_attributes":{"Type":"2","count":""}},{"shape_attributes":{"name":"circle","cx":243,"cy":639,"r":21},"region_attributes":{"Type":"3","count":""}},{"shape_attributes":{"name":"circle","cx":203,"cy":666,"r":28},"region_attributes":{"Type":"2","count":"2"}},{"shape_attributes":{"name":"circle","cx":222,"cy":738,"r":37},"region_attributes":{"Type":"2","count":"2"}},{"shape_attributes":{"name":"circle","cx":342,"cy":812,"r":17},"region_attributes":{"Type":"2","count":""}}],"file_attributes":{"date":"2023-04-27","temp":"59","rain":"2","neighborhood":"Golden Hill","total_count":"56.62"}}," https://lh3.googleusercontent.com/d/1qYOo9Z8uDf3nULb338mOrP04pFtUI2Ve\n":{"filename":" https://lh3.googleusercontent.com/d/1qYOo9Z8uDf3nULb338mOrP04pFtUI2Ve\n","size":-1,"regions":[{"shape_attributes":{"name":"circle","cx":233,"cy":795,"r":35},"region_attributes":{"Type":"2","count":"5"}}],"file_attributes":{"date":"2023-05-25","temp":"60","rain":"2","neighborhood":"Golden Hill","total_count":"8.75"}}," https://lh3.googleusercontent.com/d/1A60wsD1MRr0ZpILnBiC6PaSdBJUJQ6Vg\n":{"filename":" https://lh3.googleusercontent.com/d/1A60wsD1MRr0ZpILnBiC6PaSdBJUJQ6Vg\n","size":-1,"regions":[],"file_attributes":{"date":"","temp":"","rain":"2","neighborhood":"Golden Hill","total_count":"0"}}," https://lh3.googleusercontent.com/d/159d-xqSwdbvcZrOrxYS8WVYV-mpxK0A8\n":{"filename":" https://lh3.googleusercontent.com/d/159d-xqSwdbvcZrOrxYS8WVYV-mpxK0A8\n","size":-1,"regions":[{"shape_attributes":{"name":"circle","cx":206,"cy":301,"r":32},"region_attributes":{"Type":"2","count":"6"}}],"file_attributes":{"date":"","temp":"","rain":"2","neighborhood":"Golden Hill","total_count":"10.5"}}," https://lh3.googleusercontent.com/d/16cuH0QsJ0wNhOia2FUKpzGm_KXbZDL9H\n":{"filename":" https://lh3.googleusercontent.com/d/16cuH0QsJ0wNhOia2FUKpzGm_KXbZDL9H\n","size":-1,"regions":[{"shape_attributes":{"name":"circle","cx":184,"cy":339,"r":20.045},"region_attributes":{"Type":"2","count":"4"}},{"shape_attributes":{"name":"circle","cx":214,"cy":355,"r":12.82},"region_attributes":{"Type":"2","count":""}},{"shape_attributes":{"name":"circle","cx":213,"cy":399,"r":16.291},"region_attributes":{"Type":"2","count":""}},{"shape_attributes":{"name":"circle","cx":208,"cy":458,"r":18},"region_attributes":{"Type":"1","count":""}}],"file_attributes":{"date":"","temp":"67","rain":"2","neighborhood":"Golden Hill","total_count":""}}," https://lh3.googleusercontent.com/d/1gNSp-waDvLoo0ho_L3Ok5NTyeyP4eoeD\n":{"filename":" https://lh3.googleusercontent.com/d/1gNSp-waDvLoo0ho_L3Ok5NTyeyP4eoeD\n","size":-1,"regions":[{"shape_attributes":{"name":"circle","cx":251,"cy":302,"r":16},"region_attributes":{"Type":"1","count":"3"}},{"shape_attributes":{"name":"circle","cx":182,"cy":342,"r":22.717},"region_attributes":{"Type":"2","count":"2"}},{"shape_attributes":{"name":"circle","cx":252,"cy":338,"r":20},"region_attributes":{"Type":"2","count":"12"}}],"file_attributes":{"date":"","temp":"","rain":"2","neighborhood":"Golden Hill","total_count":""}}," https://lh3.googleusercontent.com/d/1ku4P4fAyhQWu4ky__WdIJbiZCUQHds2G\n":{"filename":" https://lh3.googleusercontent.com/d/1ku4P4fAyhQWu4ky__WdIJbiZCUQHds2G\n","size":-1,"regions":[{"shape_attributes":{"name":"circle","cx":256,"cy":358,"r":15},"region_attributes":{"Type":"2","count":""}},{"shape_attributes":{"name":"circle","cx":202,"cy":349,"r":20},"region_attributes":{"Type":"2","count":"16"}},{"shape_attributes":{"name":"circle","cx":173,"cy":346,"r":20.066},"region_attributes":{"Type":"1","count":"4"}},{"shape_attributes":{"name":"circle","cx":209,"cy":460,"r":19.566},"region_attributes":{"Type":"2","count":"4"}},{"shape_attributes":{"name":"circle","cx":185,"cy":456,"r":15.842},"region_attributes":{"Type":"1","count":"5"}},{"shape_attributes":{"name":"circle","cx":198,"cy":512,"r":23},"region_attributes":{"Type":"2","count":""}},{"shape_attributes":{"name":"circle","cx":437,"cy":820,"r":16},"region_attributes":{"Type":"2","count":""}}],"file_attributes":{"date":"","temp":"","rain":"2","neighborhood":"Golden Hill","total_count":""}}," https://lh3.googleusercontent.com/d/1yBHMVCSA9wbc9zYuDAY627_I3GaWRE5L\n":{"filename":" https://lh3.googleusercontent.com/d/1yBHMVCSA9wbc9zYuDAY627_I3GaWRE5L\n","size":-1,"regions":[{"shape_attributes":{"name":"circle","cx":179,"cy":278,"r":27},"region_attributes":{"Type":"2","count":""}},{"shape_attributes":{"name":"circle","cx":114,"cy":304,"r":27},"region_attributes":{"Type":"1","count":"4"}},{"shape_attributes":{"name":"circle","cx":183,"cy":324,"r":20},"region_attributes":{"Type":"1","count":"7"}},{"shape_attributes":{"name":"circle","cx":192,"cy":378,"r":28},"region_attributes":{"Type":"2","count":"25"}}],"file_attributes":{"date":"","temp":"","rain":"2","neighborhood":"Golden Hill","total_count":""}}," https://lh3.googleusercontent.com/d/1b4huA-83LQKYhCgm-64wqnhEb1E0hkGu\n":{"filename":" https://lh3.googleusercontent.com/d/1b4huA-83LQKYhCgm-64wqnhEb1E0hkGu\n","size":-1,"regions":[{"shape_attributes":{"name":"circle","cx":175,"cy":247,"r":38},"region_attributes":{"Type":"1","count":"3"}}],"file_attributes":{"date":"","temp":"","rain":"2","neighborhood":"Golden Hill","total_count":""}}},"_via_attributes":{"region":{"Type":{"type":"dropdown","description":"","options":{"1":"Individual","2":"Structure","3":"Vehicle"},"default_options":{}},"count":{"type":"text","description":"","default_value":""}},"file":{"date":{"type":"text","description":"","default_value":""},"temp":{"type":"text","description":"","default_value":""},"rain":{"type":"dropdown","description":"","options":{"1":"rain","2":"clear"},"default_options":{"2":true}},"neighborhood":{"type":"text","description":"","default_value":"Golden Hill"},"total_count":{"type":"text","description":"","default_value":""}}},"_via_data_format_version":"2.0.10","_via_image_id_list":[" https://lh3.googleusercontent.com/d/1aDvSUODpM7VYGqeFeJ3EWaVlJagDWLTP\n"," https://lh3.googleusercontent.com/d/1DiOOwLPPQqbBHxB3ee07wlpaiMwXkM8m\n"," https://lh3.googleusercontent.com/d/1F7c_Yf-W4Zn6RbGUrXuM-zkjypQmbQ9H\n"," https://lh3.googleusercontent.com/d/1nnrFZZsRlDyd_rGZbfNRGH_F9zt8A2d5\n"," https://lh3.googleusercontent.com/d/1qYOo9Z8uDf3nULb338mOrP04pFtUI2Ve\n"," https://lh3.googleusercontent.com/d/1A60wsD1MRr0ZpILnBiC6PaSdBJUJQ6Vg\n"," https://lh3.googleusercontent.com/d/159d-xqSwdbvcZrOrxYS8WVYV-mpxK0A8\n"," https://lh3.googleusercontent.com/d/16cuH0QsJ0wNhOia2FUKpzGm_KXbZDL9H\n"," https://lh3.googleusercontent.com/d/1gNSp-waDvLoo0ho_L3Ok5NTyeyP4eoeD\n"," https://lh3.googleusercontent.com/d/1ku4P4fAyhQWu4ky__WdIJbiZCUQHds2G\n"," https://lh3.googleusercontent.com/d/1yBHMVCSA9wbc9zYuDAY627_I3GaWRE5L\n"," https://lh3.googleusercontent.com/d/1b4huA-83LQKYhCgm-64wqnhEb1E0hkGu\n"]}