{"_via_settings":{"ui":{"annotation_editor_height":25,"annotation_editor_fontsize":0.8,"leftsidebar_width":18,"image_grid":{"img_height":80,"rshape_fill":"none","rshape_fill_opacity":0.3,"rshape_stroke":"yellow","rshape_stroke_width":2,"show_region_shape":true,"show_image_policy":"all"},"image":{"region_label":"__via_region_id__","region_color":"__via_default_region_color__","region_label_font":"10px Sans","on_image_annotation_editor_placement":"NEAR_REGION"}},"core":{"buffer_size":18,"filepath":{},"default_filepath":""},"project":{"name":"Golden Hill_2024_count"}},"_via_img_metadata":{"https://lh3.googleusercontent.com/d/17vz0hbrFa_synVZRWQGrcrhSvQq54V1k\n":{"filename":"https://lh3.googleusercontent.com/d/17vz0hbrFa_synVZRWQGrcrhSvQq54V1k\n","size":-1,"regions":[{"shape_attributes":{"name":"circle","cx":192,"cy":249,"r":30.499},"region_attributes":{"Type":"2","count":"4"}},{"shape_attributes":{"name":"circle","cx":191,"cy":324,"r":31.275},"region_attributes":{"Type":"2","count":"5"}},{"shape_attributes":{"name":"circle","cx":194,"cy":379,"r":26.876},"region_attributes":{"Type":"1","count":"1"}},{"shape_attributes":{"name":"circle","cx":205,"cy":756,"r":36},"region_attributes":{"Type":"2","count":"2"}}],"file_attributes":{"date":"","temp":"","rain":"2","neighborhood":"Golden Hill","total_count":""}},"https://lh3.googleusercontent.com/d/1Gk6qM0KqfvjVnR4bKc8bvzBfdjDhVdTz\n":{"filename":"https://lh3.googleusercontent.com/d/1Gk6qM0KqfvjVnR4bKc8bvzBfdjDhVdTz\n","size":-1,"regions":[{"shape_attributes":{"name":"circle","cx":192,"cy":237,"r":36},"region_attributes":{"Type":"2","count":"9"}},{"shape_attributes":{"name":"circle","cx":190,"cy":292,"r":25},"region_attributes":{"Type":"2","count":"12"}},{"shape_attributes":{"name":"circle","cx":193,"cy":329,"r":25},"region_attributes":{"Type":"1","count":"2"}},{"shape_attributes":{"name":"circle","cx":195,"cy":383,"r":25.936},"region_attributes":{"Type":"2","count":"2"}}],"file_attributes":{"date":"","temp":"","rain":"2","neighborhood":"Golden Hill","total_count":""}},"https://lh3.googleusercontent.com/d/1xD95O13kI-8ynF3iyHxeUu_D7V2fN-2D\n":{"filename":"https://lh3.googleusercontent.com/d/1xD95O13kI-8ynF3iyHxeUu_D7V2fN-2D\n","size":-1,"regions":[{"shape_attributes":{"name":"circle","cx":194,"cy":220,"r":33.999},"region_attributes":{"Type":"2","count":"14"}},{"shape_attributes":{"name":"circle","cx":197,"cy":273,"r":22.347},"region_attributes":{"Type":"1","count":"1"}}],"file_attributes":{"date":"","temp":"","rain":"2","neighborhood":"Golden Hill","total_count":""}},"https://lh3.googleusercontent.com/d/1QTEdKGZsd7HowGSlk6KvzP13jpFUIvah\n":{"filename":"https://lh3.googleusercontent.com/d/1QTEdKGZsd7HowGSlk6KvzP13jpFUIvah\n","size":-1,"regions":[{"shape_attributes":{"name":"circle","cx":193,"cy":236,"r":30.514},"region_attributes":{"Type":"2","count":"17"}},{"shape_attributes":{"name":"circle","cx":188,"cy":285,"r":20.635},"region_attributes":{"Type":"1","count":"2"}}],"file_attributes":{"date":"","temp":"","rain":"2","neighborhood":"Golden Hill","total_count":""}},"https://lh3.googleusercontent.com/d/10mmmOHFcAh49dPmh3EFJysg3mAc8vc2m\n":{"filename":"https://lh3.googleusercontent.com/d/10mmmOHFcAh49dPmh3EFJysg3mAc8vc2m\n","size":-1,"regions":[{"shape_attributes":{"name":"circle","cx":193,"cy":730,"r":23.55},"region_attributes":{"Type":"2","count":""}}],"file_attributes":{"date":"","temp":"","rain":"2","neighborhood":"Golden Hill","total_count":""}}},"_via_attributes":{"region":{"Type":{"type":"dropdown","description":"","options":{"1":"Individual","2":"Structure","3":"Vehicle"},"default_options":{}},"count":{"type":"text","description":"","default_value":""}},"file":{"date":{"type":"text","description":"","default_value":""},"temp":{"type":"text","description":"","default_value":""},"rain":{"type":"dropdown","description":"","options":{"1":"rain","2":"clear"},"default_options":{"2":true}},"neighborhood":{"type":"text","description":"","default_value":"Golden Hill"},"total_count":{"type":"text","description":"","default_value":""}}},"_via_data_format_version":"2.0.10","_via_image_id_list":["https://lh3.googleusercontent.com/d/17vz0hbrFa_synVZRWQGrcrhSvQq54V1k\n","https://lh3.googleusercontent.com/d/1Gk6qM0KqfvjVnR4bKc8bvzBfdjDhVdTz\n","https://lh3.googleusercontent.com/d/1xD95O13kI-8ynF3iyHxeUu_D7V2fN-2D\n","https://lh3.googleusercontent.com/d/1QTEdKGZsd7HowGSlk6KvzP13jpFUIvah\n","https://lh3.googleusercontent.com/d/10mmmOHFcAh49dPmh3EFJysg3mAc8vc2m\n"]}