{"_via_settings":{"ui":{"annotation_editor_height":40,"annotation_editor_fontsize":0.8,"leftsidebar_width":18,"image_grid":{"img_height":80,"rshape_fill":"none","rshape_fill_opacity":0.3,"rshape_stroke":"yellow","rshape_stroke_width":2,"show_region_shape":true,"show_image_policy":"all"},"image":{"region_label":"__via_region_id__","region_color":"__via_default_region_color__","region_label_font":"10px Sans","on_image_annotation_editor_placement":"NEAR_REGION"}},"core":{"buffer_size":18,"filepath":{},"default_filepath":""},"project":{"name":"Marina_2024_count"}},"_via_img_metadata":{"https://lh3.googleusercontent.com/d/14Vm6kNGyiUO7IQHwyGC-gxTKhztbX4Ve\n":{"filename":"https://lh3.googleusercontent.com/d/14Vm6kNGyiUO7IQHwyGC-gxTKhztbX4Ve\n","size":-1,"regions":[{"shape_attributes":{"name":"circle","cx":105,"cy":106,"r":30},"region_attributes":{"Type":"2","count":"3"}},{"shape_attributes":{"name":"circle","cx":160,"cy":70,"r":19},"region_attributes":{"Type":"1","count":""}},{"shape_attributes":{"name":"circle","cx":224,"cy":69,"r":20},"region_attributes":{"Type":"2","count":""}},{"shape_attributes":{"name":"circle","cx":418,"cy":74,"r":25},"region_attributes":{"Type":"1","count":""}},{"shape_attributes":{"name":"circle","cx":598,"cy":190,"r":28},"region_attributes":{"Type":"1","count":""}},{"shape_attributes":{"name":"circle","cx":1059,"cy":388,"r":35},"region_attributes":{"Type":"1","count":""}},{"shape_attributes":{"name":"circle","cx":1236,"cy":408,"r":22},"region_attributes":{"Type":"1","count":"2"}},{"shape_attributes":{"name":"circle","cx":1267,"cy":830,"r":29},"region_attributes":{"Type":"1","count":""}},{"shape_attributes":{"name":"circle","cx":1294,"cy":902,"r":29},"region_attributes":{"Type":"1","count":""}},{"shape_attributes":{"name":"circle","cx":1228,"cy":704,"r":29},"region_attributes":{"Type":"1","count":""}},{"shape_attributes":{"name":"circle","cx":1063,"cy":832,"r":30},"region_attributes":{"Type":"1","count":"3"}}],"file_attributes":{"date":"2024-01-25","temp":"63","rain":"2","neighborhood":"Marina","total_count":"19"}},"https://lh3.googleusercontent.com/d/1Iavcn3qI9SCuaBVdBRa2LxOvq8Ay4_zJ\n":{"filename":"https://lh3.googleusercontent.com/d/1Iavcn3qI9SCuaBVdBRa2LxOvq8Ay4_zJ\n","size":-1,"regions":[{"shape_attributes":{"name":"circle","cx":173,"cy":122,"r":28},"region_attributes":{"Type":"2","count":""}},{"shape_attributes":{"name":"circle","cx":167,"cy":186,"r":27},"region_attributes":{"Type":"1","count":""}},{"shape_attributes":{"name":"circle","cx":303,"cy":128,"r":33},"region_attributes":{"Type":"1","count":"2"}},{"shape_attributes":{"name":"circle","cx":467,"cy":259,"r":25},"region_attributes":{"Type":"1","count":""}},{"shape_attributes":{"name":"circle","cx":998,"cy":400,"r":32},"region_attributes":{"Type":"1","count":""}},{"shape_attributes":{"name":"circle","cx":1152,"cy":395,"r":24},"region_attributes":{"Type":"1","count":""}},{"shape_attributes":{"name":"circle","cx":1152,"cy":712,"r":33},"region_attributes":{"Type":"1","count":""}},{"shape_attributes":{"name":"circle","cx":1209,"cy":854,"r":25},"region_attributes":{"Type":"1","count":""}},{"shape_attributes":{"name":"circle","cx":1226,"cy":884,"r":25},"region_attributes":{"Type":"1","count":""}},{"shape_attributes":{"name":"circle","cx":1260,"cy":754,"r":25},"region_attributes":{"Type":"1","count":""}},{"shape_attributes":{"name":"circle","cx":1036,"cy":815,"r":21},"region_attributes":{"Type":"1","count":"5"}}],"file_attributes":{"date":"2024-02-22","temp":"52","rain":"2","neighborhood":"Marina","total_count":"16.75"}},"https://lh3.googleusercontent.com/d/15evkHjkJbvqdqIJ8nC33LD-mBgsSWfLk\n":{"filename":"https://lh3.googleusercontent.com/d/15evkHjkJbvqdqIJ8nC33LD-mBgsSWfLk\n","size":-1,"regions":[{"shape_attributes":{"name":"circle","cx":153,"cy":121,"r":30},"region_attributes":{"Type":"2","count":"3"}},{"shape_attributes":{"name":"circle","cx":154,"cy":169,"r":27},"region_attributes":{"Type":"1","count":"4"}},{"shape_attributes":{"name":"circle","cx":255,"cy":193,"r":23},"region_attributes":{"Type":"1","count":"2"}},{"shape_attributes":{"name":"circle","cx":596,"cy":300,"r":28},"region_attributes":{"Type":"1","count":""}},{"shape_attributes":{"name":"circle","cx":1003,"cy":462,"r":38},"region_attributes":{"Type":"1","count":"2"}},{"shape_attributes":{"name":"circle","cx":916,"cy":682,"r":31.015},"region_attributes":{"Type":"1","count":"2"}},{"shape_attributes":{"name":"circle","cx":1208,"cy":470,"r":33},"region_attributes":{"Type":"1","count":""}},{"shape_attributes":{"name":"circle","cx":1265,"cy":470,"r":26},"region_attributes":{"Type":"1","count":""}},{"shape_attributes":{"name":"circle","cx":1137,"cy":831,"r":33},"region_attributes":{"Type":"1","count":"2"}},{"shape_attributes":{"name":"circle","cx":1202,"cy":891,"r":28},"region_attributes":{"Type":"1","count":""}}],"file_attributes":{"date":"2024-03-21","temp":"55","rain":"2","neighborhood":"Marina","total_count":"21.25"}},"https://lh3.googleusercontent.com/d/1bb-aO4ywduLAZEey66LyRrtcwBYzUZXY\n":{"filename":"https://lh3.googleusercontent.com/d/1bb-aO4ywduLAZEey66LyRrtcwBYzUZXY\n","size":-1,"regions":[{"shape_attributes":{"name":"circle","cx":175,"cy":118,"r":23},"region_attributes":{"Type":"2","count":""}},{"shape_attributes":{"name":"circle","cx":311,"cy":126,"r":19},"region_attributes":{"Type":"1","count":"1"}},{"shape_attributes":{"name":"circle","cx":167,"cy":180,"r":21},"region_attributes":{"Type":"1","count":"2"}},{"shape_attributes":{"name":"circle","cx":406,"cy":435,"r":32},"region_attributes":{"Type":"1","count":""}},{"shape_attributes":{"name":"circle","cx":580,"cy":333,"r":30.949},"region_attributes":{"Type":"1","count":""}},{"shape_attributes":{"name":"circle","cx":1240,"cy":472,"r":28},"region_attributes":{"Type":"1","count":""}},{"shape_attributes":{"name":"circle","cx":1161,"cy":579,"r":24.096},"region_attributes":{"Type":"1","count":""}},{"shape_attributes":{"name":"circle","cx":1146,"cy":701,"r":22},"region_attributes":{"Type":"2","count":""}},{"shape_attributes":{"name":"circle","cx":1052,"cy":827,"r":30},"region_attributes":{"Type":"2","count":""}},{"shape_attributes":{"name":"circle","cx":1212,"cy":868,"r":21},"region_attributes":{"Type":"1","count":""}}],"file_attributes":{"date":"2024-04-25","temp":"58","rain":"2","neighborhood":"Marina","total_count":"13.25"}},"https://lh3.googleusercontent.com/d/1hp3KZaOUJT6KdrZkTjgE3fxYD9jvAOa_\n":{"filename":"https://lh3.googleusercontent.com/d/1hp3KZaOUJT6KdrZkTjgE3fxYD9jvAOa_\n","size":-1,"regions":[{"shape_attributes":{"name":"circle","cx":171,"cy":272,"r":25},"region_attributes":{"Type":"1","count":"4"}},{"shape_attributes":{"name":"circle","cx":318,"cy":265,"r":28},"region_attributes":{"Type":"1","count":"1"}},{"shape_attributes":{"name":"circle","cx":560,"cy":298,"r":45},"region_attributes":{"Type":"1","count":"1"}},{"shape_attributes":{"name":"circle","cx":264,"cy":305,"r":22},"region_attributes":{"Type":"2","count":"2"}},{"shape_attributes":{"name":"circle","cx":168,"cy":330,"r":22},"region_attributes":{"Type":"2","count":""}},{"shape_attributes":{"name":"circle","cx":724,"cy":595,"r":25},"region_attributes":{"Type":"1","count":""}},{"shape_attributes":{"name":"circle","cx":1003,"cy":400,"r":25},"region_attributes":{"Type":"1","count":""}},{"shape_attributes":{"name":"circle","cx":996,"cy":683,"r":23},"region_attributes":{"Type":"1","count":""}},{"shape_attributes":{"name":"circle","cx":1142,"cy":394,"r":21},"region_attributes":{"Type":"1","count":"2"}}],"file_attributes":{"date":"2024-05-23","temp":"59","rain":"2","neighborhood":"Marina","total_count":"16.25"}}},"_via_attributes":{"region":{"Type":{"type":"dropdown","description":"","options":{"1":"Individual","2":"Structure","3":"Vehicle"},"default_options":{}},"count":{"type":"text","description":"","default_value":""}},"file":{"date":{"type":"text","description":"","default_value":""},"temp":{"type":"text","description":"","default_value":""},"rain":{"type":"dropdown","description":"","options":{"1":"rain","2":"clear"},"default_options":{"2":true}},"neighborhood":{"type":"text","description":"","default_value":"Marina"},"total_count":{"type":"text","description":"","default_value":""}}},"_via_data_format_version":"2.0.10","_via_image_id_list":["https://lh3.googleusercontent.com/d/14Vm6kNGyiUO7IQHwyGC-gxTKhztbX4Ve\n","https://lh3.googleusercontent.com/d/1Iavcn3qI9SCuaBVdBRa2LxOvq8Ay4_zJ\n","https://lh3.googleusercontent.com/d/15evkHjkJbvqdqIJ8nC33LD-mBgsSWfLk\n","https://lh3.googleusercontent.com/d/1bb-aO4ywduLAZEey66LyRrtcwBYzUZXY\n","https://lh3.googleusercontent.com/d/1hp3KZaOUJT6KdrZkTjgE3fxYD9jvAOa_\n"]}