{"_via_settings":{"ui":{"annotation_editor_height":45,"annotation_editor_fontsize":0.8,"leftsidebar_width":18,"image_grid":{"img_height":80,"rshape_fill":"none","rshape_fill_opacity":0.3,"rshape_stroke":"yellow","rshape_stroke_width":2,"show_region_shape":true,"show_image_policy":"all"},"image":{"region_label":"__via_region_id__","region_color":"__via_default_region_color__","region_label_font":"10px Sans","on_image_annotation_editor_placement":"NEAR_REGION"}},"core":{"buffer_size":18,"filepath":{},"default_filepath":""},"project":{"name":"Marina_2023_count"}},"_via_img_metadata":{" https://lh3.googleusercontent.com/d/1A-K9NmIMr0JL7Y5ArTt3OPnKR0S1Oq3A\n":{"filename":" https://lh3.googleusercontent.com/d/1A-K9NmIMr0JL7Y5ArTt3OPnKR0S1Oq3A\n","size":-1,"regions":[{"shape_attributes":{"name":"circle","cx":198,"cy":114,"r":15},"region_attributes":{"Type":"1","count":""}},{"shape_attributes":{"name":"circle","cx":157,"cy":141,"r":13},"region_attributes":{"Type":"1","count":""}},{"shape_attributes":{"name":"circle","cx":166,"cy":173,"r":18},"region_attributes":{"Type":"2","count":"2"}},{"shape_attributes":{"name":"circle","cx":421,"cy":408,"r":20},"region_attributes":{"Type":"2","count":""}},{"shape_attributes":{"name":"circle","cx":365,"cy":327,"r":20},"region_attributes":{"Type":"1","count":""}},{"shape_attributes":{"name":"circle","cx":990,"cy":636,"r":20},"region_attributes":{"Type":"1","count":""}},{"shape_attributes":{"name":"circle","cx":1039,"cy":716,"r":16},"region_attributes":{"Type":"3","count":""}},{"shape_attributes":{"name":"circle","cx":1150,"cy":738,"r":18},"region_attributes":{"Type":"1","count":""}},{"shape_attributes":{"name":"circle","cx":1000,"cy":795,"r":27},"region_attributes":{"Type":"3","count":""}},{"shape_attributes":{"name":"circle","cx":1202,"cy":835,"r":19},"region_attributes":{"Type":"1","count":""}},{"shape_attributes":{"name":"circle","cx":1257,"cy":917,"r":15},"region_attributes":{"Type":"1","count":""}},{"shape_attributes":{"name":"circle","cx":1244,"cy":999,"r":22},"region_attributes":{"Type":"2","count":""}},{"shape_attributes":{"name":"circle","cx":1201,"cy":604,"r":20},"region_attributes":{"Type":"1","count":""}},{"shape_attributes":{"name":"circle","cx":1124,"cy":494,"r":21},"region_attributes":{"Type":"1","count":"2"}},{"shape_attributes":{"name":"circle","cx":1153,"cy":459,"r":19},"region_attributes":{"Type":"1","count":""}},{"shape_attributes":{"name":"circle","cx":1235,"cy":409,"r":24},"region_attributes":{"Type":"1","count":""}}],"file_attributes":{"date":"2023-01-31","temp":"60","rain":"1","neighborhood":"Marina","total_count":"23"}}," https://lh3.googleusercontent.com/d/1wbEgx-Wy26p765msTw-OADlurCpI9jRj\n":{"filename":" https://lh3.googleusercontent.com/d/1wbEgx-Wy26p765msTw-OADlurCpI9jRj\n","size":-1,"regions":[{"shape_attributes":{"name":"circle","cx":161,"cy":128,"r":24},"region_attributes":{"Type":"1","count":""}},{"shape_attributes":{"name":"circle","cx":163,"cy":171,"r":24},"region_attributes":{"Type":"2","count":"2"}},{"shape_attributes":{"name":"circle","cx":289,"cy":326,"r":29},"region_attributes":{"Type":"2","count":"2"}},{"shape_attributes":{"name":"circle","cx":425,"cy":400,"r":27},"region_attributes":{"Type":"1","count":""}},{"shape_attributes":{"name":"circle","cx":475,"cy":428,"r":21},"region_attributes":{"Type":"1","count":"3"}},{"shape_attributes":{"name":"circle","cx":484,"cy":481,"r":26},"region_attributes":{"Type":"1","count":"2"}},{"shape_attributes":{"name":"circle","cx":822,"cy":480,"r":30},"region_attributes":{"Type":"1","count":"1"}},{"shape_attributes":{"name":"circle","cx":1022,"cy":703,"r":34},"region_attributes":{"Type":"3","count":""}},{"shape_attributes":{"name":"circle","cx":1049,"cy":449,"r":22},"region_attributes":{"Type":"1","count":""}},{"shape_attributes":{"name":"circle","cx":1099,"cy":400,"r":15},"region_attributes":{"Type":"1","count":"3"}},{"shape_attributes":{"name":"circle","cx":1232,"cy":398,"r":21},"region_attributes":{"Type":"1","count":"3"}},{"shape_attributes":{"name":"circle","cx":1262,"cy":461,"r":40},"region_attributes":{"Type":"1","count":""}}],"file_attributes":{"date":"2023-03-23","temp":"47","rain":"1","neighborhood":"Marina","total_count":"25"}}," https://lh3.googleusercontent.com/d/1kpa7UYa3zwjNwZ0Aai9fJPMTwIRCy1Ia\n":{"filename":" https://lh3.googleusercontent.com/d/1kpa7UYa3zwjNwZ0Aai9fJPMTwIRCy1Ia\n","size":-1,"regions":[{"shape_attributes":{"name":"circle","cx":216,"cy":127,"r":33},"region_attributes":{"Type":"2","count":"8"}},{"shape_attributes":{"name":"circle","cx":267,"cy":151,"r":18},"region_attributes":{"Type":"1","count":"2"}},{"shape_attributes":{"name":"circle","cx":304,"cy":406,"r":36},"region_attributes":{"Type":"1","count":"1"}},{"shape_attributes":{"name":"circle","cx":1265,"cy":515,"r":30},"region_attributes":{"Type":"1","count":"1"}},{"shape_attributes":{"name":"circle","cx":1016,"cy":413,"r":40},"region_attributes":{"Type":"1","count":"3"}}],"file_attributes":{"date":"2023-03-30","temp":"52","rain":"1","neighborhood":"Marina","total_count":"17.03"}}," https://lh3.googleusercontent.com/d/13np40otXfS5Ikvq3VYyLEHSmirdLkzSA\n":{"filename":" https://lh3.googleusercontent.com/d/13np40otXfS5Ikvq3VYyLEHSmirdLkzSA\n","size":-1,"regions":[{"shape_attributes":{"name":"circle","cx":284,"cy":285,"r":16.426},"region_attributes":{"Type":"1","count":""}},{"shape_attributes":{"name":"circle","cx":239,"cy":285,"r":25},"region_attributes":{"Type":"1","count":""}},{"shape_attributes":{"name":"circle","cx":196,"cy":348,"r":32},"region_attributes":{"Type":"2","count":""}},{"shape_attributes":{"name":"circle","cx":195,"cy":428,"r":31.402},"region_attributes":{"Type":"2","count":"6"}},{"shape_attributes":{"name":"circle","cx":191,"cy":482,"r":28},"region_attributes":{"Type":"1","count":"2"}},{"shape_attributes":{"name":"circle","cx":589,"cy":485,"r":19.99},"region_attributes":{"Type":"1","count":"1"}},{"shape_attributes":{"name":"circle","cx":790,"cy":479,"r":19},"region_attributes":{"Type":"1","count":"1"}},{"shape_attributes":{"name":"circle","cx":928,"cy":680,"r":22},"region_attributes":{"Type":"1","count":"2"}},{"shape_attributes":{"name":"circle","cx":1091,"cy":409,"r":23.588},"region_attributes":{"Type":"1","count":"1"}},{"shape_attributes":{"name":"circle","cx":1041,"cy":477,"r":22.13},"region_attributes":{"Type":"1","count":"1"}},{"shape_attributes":{"name":"circle","cx":1087,"cy":551,"r":24.426},"region_attributes":{"Type":"1","count":"1"}},{"shape_attributes":{"name":"circle","cx":986,"cy":691,"r":20.887},"region_attributes":{"Type":"1","count":"1"}},{"shape_attributes":{"name":"circle","cx":1039,"cy":434,"r":21.452},"region_attributes":{"Type":"1","count":"1"}},{"shape_attributes":{"name":"circle","cx":989,"cy":759,"r":19.317},"region_attributes":{"Type":"1","count":"1"}},{"shape_attributes":{"name":"circle","cx":1135,"cy":620,"r":21.405},"region_attributes":{"Type":"1","count":"1"}},{"shape_attributes":{"name":"circle","cx":1032,"cy":752,"r":22},"region_attributes":{"Type":"1","count":"2"}},{"shape_attributes":{"name":"circle","cx":785,"cy":625,"r":22},"region_attributes":{"Type":"1","count":"2"}},{"shape_attributes":{"name":"circle","cx":1012,"cy":705,"r":17.139},"region_attributes":{"Type":"2","count":"1"}}],"file_attributes":{"date":"2023-04-27","temp":"59","rain":"2","neighborhood":"Marina","total_count":"33"}}," https://lh3.googleusercontent.com/d/1U_12eHboQDS7jJ_K0WASVIYnYwelRkE6\n":{"filename":" https://lh3.googleusercontent.com/d/1U_12eHboQDS7jJ_K0WASVIYnYwelRkE6\n","size":-1,"regions":[{"shape_attributes":{"name":"circle","cx":158,"cy":349,"r":26},"region_attributes":{"Type":"1","count":"1"}},{"shape_attributes":{"name":"circle","cx":201,"cy":485,"r":21},"region_attributes":{"Type":"1","count":"2"}},{"shape_attributes":{"name":"circle","cx":273,"cy":479,"r":31},"region_attributes":{"Type":"2","count":"12"}},{"shape_attributes":{"name":"circle","cx":469,"cy":412,"r":29},"region_attributes":{"Type":"1","count":""}},{"shape_attributes":{"name":"circle","cx":523,"cy":257,"r":31},"region_attributes":{"Type":"1","count":""}},{"shape_attributes":{"name":"circle","cx":683,"cy":409,"r":15},"region_attributes":{"Type":"1","count":""}},{"shape_attributes":{"name":"circle","cx":1209,"cy":413,"r":27},"region_attributes":{"Type":"1","count":"1"}},{"shape_attributes":{"name":"circle","cx":998,"cy":480,"r":27},"region_attributes":{"Type":"1","count":"1"}},{"shape_attributes":{"name":"circle","cx":888,"cy":443,"r":27},"region_attributes":{"Type":"1","count":"1"}},{"shape_attributes":{"name":"circle","cx":1048,"cy":555,"r":27},"region_attributes":{"Type":"1","count":"1"}},{"shape_attributes":{"name":"circle","cx":1224,"cy":546,"r":16.415},"region_attributes":{"Type":"1","count":"1"}},{"shape_attributes":{"name":"circle","cx":1200,"cy":560,"r":18.14},"region_attributes":{"Type":"1","count":"1"}},{"shape_attributes":{"name":"circle","cx":1262,"cy":561,"r":14.52},"region_attributes":{"Type":"1","count":"1"}},{"shape_attributes":{"name":"circle","cx":1260,"cy":630,"r":18.796},"region_attributes":{"Type":"1","count":"1"}},{"shape_attributes":{"name":"circle","cx":1263,"cy":724,"r":27},"region_attributes":{"Type":"1","count":"1"}},{"shape_attributes":{"name":"circle","cx":884,"cy":693,"r":27},"region_attributes":{"Type":"1","count":"1"}},{"shape_attributes":{"name":"circle","cx":1252,"cy":476,"r":27},"region_attributes":{"Type":"1","count":"1"}},{"shape_attributes":{"name":"circle","cx":932,"cy":694,"r":31},"region_attributes":{"Type":"2","count":""}},{"shape_attributes":{"name":"circle","cx":1207,"cy":838,"r":31},"region_attributes":{"Type":"1","count":"2"}},{"shape_attributes":{"name":"circle","cx":1107,"cy":446,"r":31.531},"region_attributes":{"Type":"1","count":"9"}}],"file_attributes":{"date":"2023-05-25","temp":"60","rain":"2","neighborhood":"Marina","total_count":"50.75"}}," https://lh3.googleusercontent.com/d/1A3NskWQYpZk8oCZOcB0d_qG6tsSSnHrd\n":{"filename":" https://lh3.googleusercontent.com/d/1A3NskWQYpZk8oCZOcB0d_qG6tsSSnHrd\n","size":-1,"regions":[{"shape_attributes":{"name":"circle","cx":200,"cy":324,"r":30},"region_attributes":{"Type":"2","count":""}},{"shape_attributes":{"name":"circle","cx":560,"cy":325,"r":17},"region_attributes":{"Type":"1","count":""}},{"shape_attributes":{"name":"circle","cx":499,"cy":358,"r":38},"region_attributes":{"Type":"1","count":"2"}},{"shape_attributes":{"name":"circle","cx":744,"cy":607,"r":28},"region_attributes":{"Type":"1","count":""}},{"shape_attributes":{"name":"circle","cx":965,"cy":735,"r":24},"region_attributes":{"Type":"1","count":"2"}},{"shape_attributes":{"name":"circle","cx":1259,"cy":747,"r":37},"region_attributes":{"Type":"1","count":""}},{"shape_attributes":{"name":"circle","cx":1127,"cy":761,"r":37},"region_attributes":{"Type":"1","count":""}},{"shape_attributes":{"name":"circle","cx":1205,"cy":452,"r":37},"region_attributes":{"Type":"1","count":""}},{"shape_attributes":{"name":"circle","cx":1129,"cy":406,"r":37},"region_attributes":{"Type":"1","count":""}},{"shape_attributes":{"name":"circle","cx":1055,"cy":418,"r":37},"region_attributes":{"Type":"1","count":""}},{"shape_attributes":{"name":"circle","cx":1005,"cy":474,"r":37},"region_attributes":{"Type":"1","count":""}},{"shape_attributes":{"name":"circle","cx":1262,"cy":408,"r":37},"region_attributes":{"Type":"1","count":""}},{"shape_attributes":{"name":"circle","cx":1002,"cy":417,"r":36},"region_attributes":{"Type":"1","count":"2"}}],"file_attributes":{"date":"2023-06-28","temp":"58","rain":"2","neighborhood":"Marina","total_count":"16.75"}}," https://lh3.googleusercontent.com/d/1tG8pemAQ9p0wVLUHRiRFTfUFgjtup9E9\n":{"filename":" https://lh3.googleusercontent.com/d/1tG8pemAQ9p0wVLUHRiRFTfUFgjtup9E9\n","size":-1,"regions":[{"shape_attributes":{"name":"circle","cx":189,"cy":150,"r":28},"region_attributes":{"Type":"2","count":"3"}},{"shape_attributes":{"name":"circle","cx":178,"cy":192,"r":23},"region_attributes":{"Type":"1","count":""}},{"shape_attributes":{"name":"circle","cx":493,"cy":347,"r":51},"region_attributes":{"Type":"1","count":""}},{"shape_attributes":{"name":"circle","cx":690,"cy":350,"r":24},"region_attributes":{"Type":"1","count":""}},{"shape_attributes":{"name":"circle","cx":832,"cy":704,"r":29},"region_attributes":{"Type":"1","count":""}},{"shape_attributes":{"name":"circle","cx":1221,"cy":446,"r":29},"region_attributes":{"Type":"1","count":"2"}},{"shape_attributes":{"name":"circle","cx":1047,"cy":864,"r":27},"region_attributes":{"Type":"1","count":""}}],"file_attributes":{"date":"2023-07-27","temp":"67","rain":"2","neighborhood":"Marina","total_count":"12.25"}}," https://lh3.googleusercontent.com/d/1qee35BarQYSHvkJUhbVgLfDK0rUpEXzH\n":{"filename":" https://lh3.googleusercontent.com/d/1qee35BarQYSHvkJUhbVgLfDK0rUpEXzH\n","size":-1,"regions":[{"shape_attributes":{"name":"circle","cx":198,"cy":109,"r":23},"region_attributes":{"Type":"1","count":""}},{"shape_attributes":{"name":"circle","cx":707,"cy":254,"r":22},"region_attributes":{"Type":"1","count":""}},{"shape_attributes":{"name":"circle","cx":499,"cy":271,"r":22},"region_attributes":{"Type":"1","count":""}},{"shape_attributes":{"name":"circle","cx":468,"cy":337,"r":22},"region_attributes":{"Type":"1","count":""}},{"shape_attributes":{"name":"circle","cx":372,"cy":337,"r":22},"region_attributes":{"Type":"1","count":""}},{"shape_attributes":{"name":"circle","cx":462,"cy":245,"r":22},"region_attributes":{"Type":"1","count":""}},{"shape_attributes":{"name":"circle","cx":1121,"cy":388,"r":26},"region_attributes":{"Type":"1","count":""}},{"shape_attributes":{"name":"circle","cx":1044,"cy":433,"r":26},"region_attributes":{"Type":"1","count":""}},{"shape_attributes":{"name":"circle","cx":1125,"cy":476,"r":26},"region_attributes":{"Type":"1","count":""}},{"shape_attributes":{"name":"circle","cx":1125,"cy":625,"r":26},"region_attributes":{"Type":"1","count":""}},{"shape_attributes":{"name":"circle","cx":940,"cy":693,"r":26},"region_attributes":{"Type":"1","count":""}},{"shape_attributes":{"name":"circle","cx":802,"cy":672,"r":26},"region_attributes":{"Type":"1","count":""}},{"shape_attributes":{"name":"circle","cx":739,"cy":591,"r":26},"region_attributes":{"Type":"1","count":""}},{"shape_attributes":{"name":"circle","cx":1203,"cy":431,"r":26},"region_attributes":{"Type":"1","count":""}},{"shape_attributes":{"name":"circle","cx":1029,"cy":474,"r":29},"region_attributes":{"Type":"1","count":"3"}},{"shape_attributes":{"name":"circle","cx":986,"cy":577,"r":29},"region_attributes":{"Type":"1","count":"3"}}],"file_attributes":{"date":"2023-09-01","temp":"66","rain":"2","neighborhood":"Marina","total_count":"20"}}," https://lh3.googleusercontent.com/d/1osThmVt7tSihDYGZY7_nC9l9YdlDq0OZ\n":{"filename":" https://lh3.googleusercontent.com/d/1osThmVt7tSihDYGZY7_nC9l9YdlDq0OZ\n","size":-1,"regions":[{"shape_attributes":{"name":"circle","cx":215,"cy":198,"r":30},"region_attributes":{"Type":"1","count":""}},{"shape_attributes":{"name":"circle","cx":298,"cy":344,"r":25},"region_attributes":{"Type":"1","count":""}},{"shape_attributes":{"name":"circle","cx":685,"cy":179,"r":31},"region_attributes":{"Type":"1","count":""}},{"shape_attributes":{"name":"circle","cx":477,"cy":484,"r":20},"region_attributes":{"Type":"1","count":""}},{"shape_attributes":{"name":"circle","cx":433,"cy":522,"r":24},"region_attributes":{"Type":"1","count":""}},{"shape_attributes":{"name":"circle","cx":943,"cy":705,"r":24},"region_attributes":{"Type":"1","count":""}},{"shape_attributes":{"name":"circle","cx":1209,"cy":419,"r":25},"region_attributes":{"Type":"1","count":""}},{"shape_attributes":{"name":"circle","cx":1130,"cy":397,"r":25},"region_attributes":{"Type":"1","count":""}},{"shape_attributes":{"name":"circle","cx":1044,"cy":444,"r":25},"region_attributes":{"Type":"1","count":""}},{"shape_attributes":{"name":"circle","cx":987,"cy":448,"r":25},"region_attributes":{"Type":"1","count":""}},{"shape_attributes":{"name":"circle","cx":1223,"cy":539,"r":25},"region_attributes":{"Type":"1","count":""}},{"shape_attributes":{"name":"circle","cx":1202,"cy":591,"r":24},"region_attributes":{"Type":"1","count":"2"}}],"file_attributes":{"date":"2023-09-28","temp":"63","rain":"2","neighborhood":"Marina","total_count":"13"}}," https://lh3.googleusercontent.com/d/1PKp_xz5ljLlIGIMLiUi-Cc6NP01K5fCh\n":{"filename":" https://lh3.googleusercontent.com/d/1PKp_xz5ljLlIGIMLiUi-Cc6NP01K5fCh\n","size":-1,"regions":[{"shape_attributes":{"name":"circle","cx":161,"cy":144,"r":39},"region_attributes":{"Type":"2","count":"3"}},{"shape_attributes":{"name":"circle","cx":533,"cy":310,"r":34},"region_attributes":{"Type":"1","count":"2"}},{"shape_attributes":{"name":"circle","cx":468,"cy":337,"r":29},"region_attributes":{"Type":"1","count":"1"}},{"shape_attributes":{"name":"circle","cx":807,"cy":474,"r":33},"region_attributes":{"Type":"1","count":"4"}},{"shape_attributes":{"name":"circle","cx":1231,"cy":393,"r":24},"region_attributes":{"Type":"1","count":"2"}},{"shape_attributes":{"name":"circle","cx":1202,"cy":442,"r":25},"region_attributes":{"Type":"1","count":"2"}},{"shape_attributes":{"name":"circle","cx":992,"cy":549,"r":20},"region_attributes":{"Type":"1","count":"1"}},{"shape_attributes":{"name":"circle","cx":1095,"cy":732,"r":20},"region_attributes":{"Type":"1","count":"1"}},{"shape_attributes":{"name":"circle","cx":1227,"cy":759,"r":20},"region_attributes":{"Type":"1","count":"1"}},{"shape_attributes":{"name":"circle","cx":1049,"cy":453,"r":20},"region_attributes":{"Type":"1","count":"1"}},{"shape_attributes":{"name":"circle","cx":1019,"cy":483,"r":24},"region_attributes":{"Type":"1","count":"2"}}],"file_attributes":{"date":"2023-10-26","temp":"61","rain":"2","neighborhood":"Marina","total_count":"22.25"}}," https://lh3.googleusercontent.com/d/1PGVkLZVuVc61oYWwxF5z6pGI4UKO69T0\n":{"filename":" https://lh3.googleusercontent.com/d/1PGVkLZVuVc61oYWwxF5z6pGI4UKO69T0\n","size":-1,"regions":[{"shape_attributes":{"name":"circle","cx":159,"cy":167,"r":25},"region_attributes":{"Type":"2","count":""}},{"shape_attributes":{"name":"circle","cx":399,"cy":345,"r":22},"region_attributes":{"Type":"1","count":"2"}},{"shape_attributes":{"name":"circle","cx":1257,"cy":612,"r":22},"region_attributes":{"Type":"1","count":"1"}},{"shape_attributes":{"name":"circle","cx":1096,"cy":633,"r":22},"region_attributes":{"Type":"1","count":"1"}},{"shape_attributes":{"name":"circle","cx":987,"cy":547,"r":22},"region_attributes":{"Type":"1","count":"1"}},{"shape_attributes":{"name":"circle","cx":1201,"cy":439,"r":22},"region_attributes":{"Type":"1","count":"1"}},{"shape_attributes":{"name":"circle","cx":1007,"cy":392,"r":22},"region_attributes":{"Type":"1","count":"2"}},{"shape_attributes":{"name":"circle","cx":1006,"cy":820,"r":27},"region_attributes":{"Type":"1","count":"2"}},{"shape_attributes":{"name":"circle","cx":1216,"cy":906,"r":30},"region_attributes":{"Type":"1","count":"1"}}],"file_attributes":{"date":"2023-11-30","temp":"55","rain":"2","neighborhood":"Marina","total_count":"12.75"}}," https://lh3.googleusercontent.com/d/17lQP05xNkrw4ye2WWtSQNL0nDUYl0QVR\n":{"filename":" https://lh3.googleusercontent.com/d/17lQP05xNkrw4ye2WWtSQNL0nDUYl0QVR\n","size":-1,"regions":[{"shape_attributes":{"name":"circle","cx":157,"cy":147,"r":31},"region_attributes":{"Type":"2","count":"3"}},{"shape_attributes":{"name":"circle","cx":222,"cy":188,"r":27},"region_attributes":{"Type":"2","count":"2"}},{"shape_attributes":{"name":"circle","cx":466,"cy":254,"r":20},"region_attributes":{"Type":"1","count":"1"}},{"shape_attributes":{"name":"circle","cx":401,"cy":342,"r":18},"region_attributes":{"Type":"1","count":""}},{"shape_attributes":{"name":"circle","cx":408,"cy":395,"r":19},"region_attributes":{"Type":"1","count":"2"}},{"shape_attributes":{"name":"circle","cx":1153,"cy":586,"r":30.883},"region_attributes":{"Type":"1","count":"2"}},{"shape_attributes":{"name":"circle","cx":1014,"cy":808,"r":19},"region_attributes":{"Type":"1","count":""}},{"shape_attributes":{"name":"circle","cx":1252,"cy":391,"r":34},"region_attributes":{"Type":"1","count":""}}],"file_attributes":{"date":"2023-12-28","temp":"55","rain":"2","neighborhood":"Marina","total_count":"16.75"}}},"_via_attributes":{"region":{"Type":{"type":"dropdown","description":"","options":{"1":"Individual","2":"Structure","3":"Vehicle"},"default_options":{}},"count":{"type":"text","description":"","default_value":""}},"file":{"date":{"type":"text","description":"","default_value":""},"temp":{"type":"text","description":"","default_value":""},"rain":{"type":"dropdown","description":"","options":{"1":"rain","2":"clear"},"default_options":{"2":true}},"neighborhood":{"type":"text","description":"","default_value":"Marina"},"total_count":{"type":"text","description":"","default_value":""}}},"_via_data_format_version":"2.0.10","_via_image_id_list":[" https://lh3.googleusercontent.com/d/1A-K9NmIMr0JL7Y5ArTt3OPnKR0S1Oq3A\n"," https://lh3.googleusercontent.com/d/1wbEgx-Wy26p765msTw-OADlurCpI9jRj\n"," https://lh3.googleusercontent.com/d/1kpa7UYa3zwjNwZ0Aai9fJPMTwIRCy1Ia\n"," https://lh3.googleusercontent.com/d/13np40otXfS5Ikvq3VYyLEHSmirdLkzSA\n"," https://lh3.googleusercontent.com/d/1U_12eHboQDS7jJ_K0WASVIYnYwelRkE6\n"," https://lh3.googleusercontent.com/d/1A3NskWQYpZk8oCZOcB0d_qG6tsSSnHrd\n"," https://lh3.googleusercontent.com/d/1tG8pemAQ9p0wVLUHRiRFTfUFgjtup9E9\n"," https://lh3.googleusercontent.com/d/1qee35BarQYSHvkJUhbVgLfDK0rUpEXzH\n"," https://lh3.googleusercontent.com/d/1osThmVt7tSihDYGZY7_nC9l9YdlDq0OZ\n"," https://lh3.googleusercontent.com/d/1PKp_xz5ljLlIGIMLiUi-Cc6NP01K5fCh\n"," https://lh3.googleusercontent.com/d/1PGVkLZVuVc61oYWwxF5z6pGI4UKO69T0\n"," https://lh3.googleusercontent.com/d/17lQP05xNkrw4ye2WWtSQNL0nDUYl0QVR\n"]}