{"_via_settings":{"ui":{"annotation_editor_height":25,"annotation_editor_fontsize":0.8,"leftsidebar_width":18,"image_grid":{"img_height":80,"rshape_fill":"none","rshape_fill_opacity":0.3,"rshape_stroke":"yellow","rshape_stroke_width":2,"show_region_shape":true,"show_image_policy":"all"},"image":{"region_label":"__via_region_id__","region_color":"__via_default_region_color__","region_label_font":"10px Sans","on_image_annotation_editor_placement":"NEAR_REGION"}},"core":{"buffer_size":18,"filepath":{},"default_filepath":""},"project":{"name":"Sherman Heights_2024_count"}},"_via_img_metadata":{"https://lh3.googleusercontent.com/d/1eQiUBuIZrRJ7J3XhIvEyBOLtC6G7PKHS\n":{"filename":"https://lh3.googleusercontent.com/d/1eQiUBuIZrRJ7J3XhIvEyBOLtC6G7PKHS\n","size":-1,"regions":[{"shape_attributes":{"name":"circle","cx":183,"cy":470,"r":20},"region_attributes":{"Type":"2","count":"1"}},{"shape_attributes":{"name":"circle","cx":153,"cy":480,"r":23},"region_attributes":{"Type":"3","count":"2"}},{"shape_attributes":{"name":"circle","cx":199,"cy":504,"r":28},"region_attributes":{"Type":"1","count":""}},{"shape_attributes":{"name":"circle","cx":166,"cy":553,"r":30},"region_attributes":{"Type":"3","count":"3"}},{"shape_attributes":{"name":"circle","cx":169,"cy":606,"r":26},"region_attributes":{"Type":"3","count":""}},{"shape_attributes":{"name":"circle","cx":193,"cy":753,"r":25},"region_attributes":{"Type":"1","count":""}}],"file_attributes":{"date":"","temp":"","rain":"2","neighborhood":"Sherman Heights","total_count":""}},"https://lh3.googleusercontent.com/d/1LzYGDHFRYyTEf9eI7H8izny_9QF7khz9\n":{"filename":"https://lh3.googleusercontent.com/d/1LzYGDHFRYyTEf9eI7H8izny_9QF7khz9\n","size":-1,"regions":[{"shape_attributes":{"name":"circle","cx":419,"cy":131,"r":35},"region_attributes":{"Type":"2","count":""}},{"shape_attributes":{"name":"circle","cx":178,"cy":262,"r":26},"region_attributes":{"Type":"2","count":""}},{"shape_attributes":{"name":"circle","cx":149,"cy":265,"r":20},"region_attributes":{"Type":"1","count":""}},{"shape_attributes":{"name":"circle","cx":153,"cy":412,"r":15},"region_attributes":{"count":"","Type":"1"}},{"shape_attributes":{"name":"circle","cx":158,"cy":554,"r":27.045},"region_attributes":{"Type":"3","count":"2"}},{"shape_attributes":{"name":"circle","cx":165,"cy":611,"r":24},"region_attributes":{"Type":"3","count":""}},{"shape_attributes":{"name":"circle","cx":168,"cy":968,"r":28},"region_attributes":{"Type":"1","count":""}}],"file_attributes":{"date":"","temp":"","rain":"2","neighborhood":"Sherman Heights","total_count":""}},"https://lh3.googleusercontent.com/d/15r_81uwdciDo-xsqyFopLn9aausk3ydG\n":{"filename":"https://lh3.googleusercontent.com/d/15r_81uwdciDo-xsqyFopLn9aausk3ydG\n","size":-1,"regions":[{"shape_attributes":{"name":"circle","cx":179,"cy":249,"r":38},"region_attributes":{"Type":"1","count":""}},{"shape_attributes":{"name":"circle","cx":179,"cy":531,"r":25},"region_attributes":{"Type":"3","count":""}},{"shape_attributes":{"name":"circle","cx":181,"cy":595,"r":33},"region_attributes":{"Type":"1","count":"2"}},{"shape_attributes":{"name":"circle","cx":159,"cy":952,"r":22},"region_attributes":{"Type":"1","count":"2"}}],"file_attributes":{"date":"","temp":"","rain":"2","neighborhood":"Sherman Heights","total_count":""}},"https://lh3.googleusercontent.com/d/1OWiWYxIcj3cIajR6lIVgNSaoTU75ZoMn\n":{"filename":"https://lh3.googleusercontent.com/d/1OWiWYxIcj3cIajR6lIVgNSaoTU75ZoMn\n","size":-1,"regions":[{"shape_attributes":{"name":"circle","cx":487,"cy":132,"r":30},"region_attributes":{"Type":"3","count":""}},{"shape_attributes":{"name":"circle","cx":438,"cy":132,"r":25},"region_attributes":{"Type":"2","count":"10"}},{"shape_attributes":{"name":"circle","cx":386,"cy":135,"r":34},"region_attributes":{"Type":"1","count":"2"}},{"shape_attributes":{"name":"circle","cx":177,"cy":562,"r":21.08},"region_attributes":{"Type":"3","count":"3"}},{"shape_attributes":{"name":"circle","cx":145,"cy":560,"r":19.431},"region_attributes":{"Type":"1","count":""}}],"file_attributes":{"date":"","temp":"","rain":"2","neighborhood":"Sherman Heights","total_count":""}},"https://lh3.googleusercontent.com/d/1D7z7b8Zr4zeiqSqpLd5BwS4RoUSkbdhU\n":{"filename":"https://lh3.googleusercontent.com/d/1D7z7b8Zr4zeiqSqpLd5BwS4RoUSkbdhU\n","size":-1,"regions":[{"shape_attributes":{"name":"circle","cx":622,"cy":131,"r":26},"region_attributes":{"Type":"1","count":"3"}},{"shape_attributes":{"name":"circle","cx":342,"cy":129,"r":30},"region_attributes":{"Type":"1","count":"3"}},{"shape_attributes":{"name":"circle","cx":147,"cy":416,"r":24},"region_attributes":{"Type":"1","count":"2"}},{"shape_attributes":{"name":"circle","cx":189,"cy":413,"r":33},"region_attributes":{"Type":"2","count":""}},{"shape_attributes":{"name":"circle","cx":152,"cy":559,"r":21.994},"region_attributes":{"Type":"1","count":"1"}},{"shape_attributes":{"name":"circle","cx":185,"cy":556,"r":28.158},"region_attributes":{"Type":"3","count":"3"}},{"shape_attributes":{"name":"circle","cx":163,"cy":745,"r":26},"region_attributes":{"Type":"1","count":"2"}},{"shape_attributes":{"name":"circle","cx":165,"cy":793,"r":30},"region_attributes":{"Type":"2","count":"1"}}],"file_attributes":{"date":"","temp":"","rain":"2","neighborhood":"Sherman Heights","total_count":""}}},"_via_attributes":{"region":{"Type":{"type":"dropdown","description":"","options":{"1":"Individual","2":"Structure","3":"Vehicle"},"default_options":{}},"count":{"type":"text","description":"","default_value":""}},"file":{"date":{"type":"text","description":"","default_value":""},"temp":{"type":"text","description":"","default_value":""},"rain":{"type":"dropdown","description":"","options":{"1":"rain","2":"clear"},"default_options":{"2":true}},"neighborhood":{"type":"text","description":"","default_value":"Sherman Heights"},"total_count":{"type":"text","description":"","default_value":""}}},"_via_data_format_version":"2.0.10","_via_image_id_list":["https://lh3.googleusercontent.com/d/1eQiUBuIZrRJ7J3XhIvEyBOLtC6G7PKHS\n","https://lh3.googleusercontent.com/d/1LzYGDHFRYyTEf9eI7H8izny_9QF7khz9\n","https://lh3.googleusercontent.com/d/15r_81uwdciDo-xsqyFopLn9aausk3ydG\n","https://lh3.googleusercontent.com/d/1OWiWYxIcj3cIajR6lIVgNSaoTU75ZoMn\n","https://lh3.googleusercontent.com/d/1D7z7b8Zr4zeiqSqpLd5BwS4RoUSkbdhU\n"]}