{"_via_settings":{"ui":{"annotation_editor_height":40,"annotation_editor_fontsize":0.8,"leftsidebar_width":18,"image_grid":{"img_height":80,"rshape_fill":"none","rshape_fill_opacity":0.3,"rshape_stroke":"yellow","rshape_stroke_width":2,"show_region_shape":true,"show_image_policy":"all"},"image":{"region_label":"__via_region_id__","region_color":"__via_default_region_color__","region_label_font":"10px Sans","on_image_annotation_editor_placement":"NEAR_REGION"}},"core":{"buffer_size":18,"filepath":{},"default_filepath":""},"project":{"name":"Sherman Heights_2023_count"}},"_via_img_metadata":{" https://lh3.googleusercontent.com/d/1qYXD_oaQfzIDvKAUlQ2j5-dNhYIacRmd\n":{"filename":" https://lh3.googleusercontent.com/d/1qYXD_oaQfzIDvKAUlQ2j5-dNhYIacRmd\n","size":-1,"regions":[{"shape_attributes":{"name":"circle","cx":172,"cy":856,"r":11.278},"region_attributes":{"Type":"3","count":""}},{"shape_attributes":{"name":"circle","cx":175,"cy":877,"r":10.8},"region_attributes":{"Type":"3","count":""}},{"shape_attributes":{"name":"circle","cx":178,"cy":894,"r":10.452},"region_attributes":{"Type":"3","count":""}},{"shape_attributes":{"name":"circle","cx":187,"cy":574,"r":13.62},"region_attributes":{"Type":"3","count":""}},{"shape_attributes":{"name":"circle","cx":168,"cy":572,"r":13.62},"region_attributes":{"Type":"3","count":""}},{"shape_attributes":{"name":"circle","cx":145,"cy":435,"r":17.41},"region_attributes":{"Type":"3","count":""}},{"shape_attributes":{"name":"circle","cx":192,"cy":281,"r":14.977},"region_attributes":{"Type":"3","count":""}},{"shape_attributes":{"name":"circle","cx":173,"cy":282,"r":13.273},"region_attributes":{"Type":"3","count":""}},{"shape_attributes":{"name":"circle","cx":192,"cy":758,"r":25},"region_attributes":{"Type":"3","count":""}},{"shape_attributes":{"name":"circle","cx":159,"cy":258,"r":25.656},"region_attributes":{"Type":"2","count":"11"}},{"shape_attributes":{"name":"circle","cx":165,"cy":332,"r":26},"region_attributes":{"Type":"2","count":"5"}},{"shape_attributes":{"name":"circle","cx":88,"cy":418,"r":22},"region_attributes":{"Type":"2","count":"2"}},{"shape_attributes":{"name":"circle","cx":174,"cy":423,"r":22.982},"region_attributes":{"Type":"2","count":"21"}},{"shape_attributes":{"name":"circle","cx":174,"cy":474,"r":26},"region_attributes":{"Type":"2","count":"16"}},{"shape_attributes":{"name":"circle","cx":150,"cy":548,"r":20},"region_attributes":{"Type":"2","count":"19"}},{"shape_attributes":{"name":"circle","cx":166,"cy":612,"r":23},"region_attributes":{"Type":"2","count":"12"}},{"shape_attributes":{"name":"circle","cx":131,"cy":675,"r":14},"region_attributes":{"Type":"2","count":"1"}},{"shape_attributes":{"name":"circle","cx":138,"cy":738,"r":21},"region_attributes":{"Type":"2","count":"3"}},{"shape_attributes":{"name":"circle","cx":178,"cy":928,"r":20},"region_attributes":{"Type":"2","count":"2"}},{"shape_attributes":{"name":"circle","cx":169,"cy":1003,"r":18.16},"region_attributes":{"Type":"1","count":"4"}},{"shape_attributes":{"name":"circle","cx":180,"cy":973,"r":15.118},"region_attributes":{"Type":"2","count":""}}],"file_attributes":{"date":"","temp":"","rain":"2","neighborhood":"Sherman Heights","total_count":"185"}}," https://lh3.googleusercontent.com/d/15LybyLDB2bmxijNl3Qp9sPQAP-E2xMKV\n":{"filename":" https://lh3.googleusercontent.com/d/15LybyLDB2bmxijNl3Qp9sPQAP-E2xMKV\n","size":-1,"regions":[{"shape_attributes":{"name":"circle","cx":165,"cy":265,"r":18},"region_attributes":{"Type":"2","count":""}},{"shape_attributes":{"name":"circle","cx":165,"cy":297,"r":26.173},"region_attributes":{"Type":"3","count":"3"}},{"shape_attributes":{"name":"circle","cx":164,"cy":340,"r":29},"region_attributes":{"Type":"2","count":"7"}},{"shape_attributes":{"name":"circle","cx":156,"cy":411,"r":21},"region_attributes":{"Type":"2","count":"14"}},{"shape_attributes":{"name":"circle","cx":186,"cy":411,"r":20},"region_attributes":{"Type":"1","count":"2"}},{"shape_attributes":{"name":"circle","cx":163,"cy":444,"r":22},"region_attributes":{"Type":"3","count":"2"}},{"shape_attributes":{"name":"circle","cx":155,"cy":481,"r":21},"region_attributes":{"Type":"2","count":"14"}},{"shape_attributes":{"name":"circle","cx":187,"cy":477,"r":20},"region_attributes":{"Type":"1","count":"3"}},{"shape_attributes":{"name":"circle","cx":154,"cy":554,"r":23},"region_attributes":{"Type":"2","count":"15"}},{"shape_attributes":{"name":"circle","cx":186,"cy":547,"r":23},"region_attributes":{"Type":"1","count":"2"}},{"shape_attributes":{"name":"circle","cx":165,"cy":587,"r":20},"region_attributes":{"Type":"3","count":"3"}},{"shape_attributes":{"name":"circle","cx":179,"cy":638,"r":29},"region_attributes":{"Type":"2","count":"16"}},{"shape_attributes":{"name":"circle","cx":189,"cy":742,"r":18},"region_attributes":{"Type":"2","count":"3"}},{"shape_attributes":{"name":"circle","cx":191,"cy":777,"r":18},"region_attributes":{"Type":"1","count":"2"}},{"shape_attributes":{"name":"circle","cx":206,"cy":806,"r":22.925},"region_attributes":{"Type":"3","count":"3"}},{"shape_attributes":{"name":"circle","cx":155,"cy":996,"r":21},"region_attributes":{"Type":"1","count":"3"}}],"file_attributes":{"date":"2023-02-23","temp":"","rain":"2","neighborhood":"Sherman Heights","total_count":""}}," https://lh3.googleusercontent.com/d/1QuBdzLXS1MRpu7Lb-txG44kO3ReyJ2IY\n":{"filename":" https://lh3.googleusercontent.com/d/1QuBdzLXS1MRpu7Lb-txG44kO3ReyJ2IY\n","size":-1,"regions":[{"shape_attributes":{"name":"circle","cx":191,"cy":855,"r":36},"region_attributes":{"Type":"2","count":"10"}},{"shape_attributes":{"name":"circle","cx":237,"cy":780,"r":29},"region_attributes":{"Type":"3","count":"4"}},{"shape_attributes":{"name":"circle","cx":212,"cy":618,"r":30},"region_attributes":{"Type":"2","count":"12"}},{"shape_attributes":{"name":"circle","cx":248,"cy":511,"r":26},"region_attributes":{"Type":"3","count":"2"}},{"shape_attributes":{"name":"circle","cx":205,"cy":548,"r":31},"region_attributes":{"Type":"2","count":"7"}},{"shape_attributes":{"name":"circle","cx":203,"cy":473,"r":25},"region_attributes":{"Type":"2","count":"5"}},{"shape_attributes":{"name":"circle","cx":253,"cy":397,"r":20},"region_attributes":{"Type":"3","count":"2"}},{"shape_attributes":{"name":"circle","cx":204,"cy":400,"r":19},"region_attributes":{"Type":"2","count":"5"}},{"shape_attributes":{"name":"circle","cx":226,"cy":370,"r":21},"region_attributes":{"Type":"1","count":"2"}},{"shape_attributes":{"name":"circle","cx":223,"cy":330,"r":19},"region_attributes":{"Type":"2","count":""}},{"shape_attributes":{"name":"circle","cx":219,"cy":258,"r":26},"region_attributes":{"Type":"1","count":""}}],"file_attributes":{"date":"2023-03-30","temp":"","rain":"2","neighborhood":"Sherman Heights","total_count":"82.24"}}," https://lh3.googleusercontent.com/d/1ugbbuRIedruV2YL-f2VPvVBwUYjxhdYS\n":{"filename":" https://lh3.googleusercontent.com/d/1ugbbuRIedruV2YL-f2VPvVBwUYjxhdYS\n","size":-1,"regions":[{"shape_attributes":{"name":"circle","cx":193,"cy":280,"r":34},"region_attributes":{"Type":"2","count":"2"}},{"shape_attributes":{"name":"circle","cx":195,"cy":348,"r":22},"region_attributes":{"Type":"2","count":""}},{"shape_attributes":{"name":"circle","cx":231,"cy":373,"r":21},"region_attributes":{"Type":"3","count":""}},{"shape_attributes":{"name":"circle","cx":197,"cy":421,"r":21},"region_attributes":{"Type":"2","count":"9"}},{"shape_attributes":{"name":"circle","cx":192,"cy":478,"r":21},"region_attributes":{"Type":"2","count":"11"}},{"shape_attributes":{"name":"circle","cx":233,"cy":506,"r":24},"region_attributes":{"Type":"3","count":"2"}},{"shape_attributes":{"name":"circle","cx":209,"cy":533,"r":19},"region_attributes":{"Type":"1","count":"1"}},{"shape_attributes":{"name":"circle","cx":189,"cy":564,"r":21},"region_attributes":{"Type":"2","count":"20"}},{"shape_attributes":{"name":"circle","cx":201,"cy":621,"r":26},"region_attributes":{"Type":"2","count":"14"}},{"shape_attributes":{"name":"circle","cx":230,"cy":664,"r":25},"region_attributes":{"Type":"3","count":"1"}}],"file_attributes":{"date":"2023-04-27","temp":"59","rain":"2","neighborhood":"Sherman Heights","total_count":"108.87"}}," https://lh3.googleusercontent.com/d/1udsy7Aey5WL57FQKi18qb9mxaxWxr29j\n":{"filename":" https://lh3.googleusercontent.com/d/1udsy7Aey5WL57FQKi18qb9mxaxWxr29j\n","size":-1,"regions":[{"shape_attributes":{"name":"circle","cx":207,"cy":141,"r":19},"region_attributes":{"Type":"1","count":"2"}},{"shape_attributes":{"name":"circle","cx":136,"cy":212,"r":20},"region_attributes":{"Type":"1","count":""}},{"shape_attributes":{"name":"circle","cx":163,"cy":271,"r":30},"region_attributes":{"Type":"2","count":"3"}},{"shape_attributes":{"name":"circle","cx":153,"cy":340,"r":30},"region_attributes":{"Type":"2","count":"9"}},{"shape_attributes":{"name":"circle","cx":188,"cy":378,"r":31},"region_attributes":{"Type":"1","count":""}},{"shape_attributes":{"name":"circle","cx":148,"cy":418,"r":27.042},"region_attributes":{"Type":"2","count":"20"}},{"shape_attributes":{"name":"circle","cx":150,"cy":488,"r":25},"region_attributes":{"Type":"2","count":"15"}},{"shape_attributes":{"name":"circle","cx":185,"cy":514,"r":27},"region_attributes":{"Type":"1","count":"11"}},{"shape_attributes":{"name":"circle","cx":150,"cy":560,"r":29},"region_attributes":{"Type":"2","count":"26"}},{"shape_attributes":{"name":"circle","cx":144,"cy":619,"r":21},"region_attributes":{"Type":"1","count":"3"}},{"shape_attributes":{"name":"circle","cx":181,"cy":634,"r":29},"region_attributes":{"Type":"2","count":"25"}},{"shape_attributes":{"name":"circle","cx":177,"cy":699,"r":31},"region_attributes":{"Type":"2","count":"4"}},{"shape_attributes":{"name":"circle","cx":181,"cy":741,"r":23},"region_attributes":{"Type":"1","count":"2"}},{"shape_attributes":{"name":"circle","cx":245,"cy":705,"r":23},"region_attributes":{"Type":"1","count":"2"}}],"file_attributes":{"date":"2023-05-25","temp":"60","rain":"2","neighborhood":"Sherman Heights","total_count":"200.5"}}," https://lh3.googleusercontent.com/d/1q8lZK905P2QRm3N_343ujDDVZVKOH0IL\n":{"filename":" https://lh3.googleusercontent.com/d/1q8lZK905P2QRm3N_343ujDDVZVKOH0IL\n","size":-1,"regions":[{"shape_attributes":{"name":"circle","cx":190,"cy":275,"r":24},"region_attributes":{"Type":"2","count":"7"}},{"shape_attributes":{"name":"circle","cx":208,"cy":337,"r":26},"region_attributes":{"Type":"2","count":"15"}},{"shape_attributes":{"name":"circle","cx":181,"cy":422,"r":21},"region_attributes":{"Type":"2","count":"9"}},{"shape_attributes":{"name":"circle","cx":211,"cy":478,"r":23},"region_attributes":{"Type":"1","count":"4"}},{"shape_attributes":{"name":"circle","cx":177,"cy":474,"r":25},"region_attributes":{"Type":"2","count":"19"}},{"shape_attributes":{"name":"circle","cx":214,"cy":561,"r":24},"region_attributes":{"Type":"2","count":"29"}},{"shape_attributes":{"name":"circle","cx":170,"cy":561,"r":25},"region_attributes":{"Type":"1","count":"6"}},{"shape_attributes":{"name":"circle","cx":181,"cy":608,"r":21},"region_attributes":{"Type":"1","count":"7"}},{"shape_attributes":{"name":"circle","cx":218,"cy":609,"r":25},"region_attributes":{"Type":"2","count":"17"}},{"shape_attributes":{"name":"circle","cx":223,"cy":645,"r":29},"region_attributes":{"Type":"3","count":""}},{"shape_attributes":{"name":"circle","cx":212,"cy":745,"r":20},"region_attributes":{"Type":"2","count":"9"}},{"shape_attributes":{"name":"circle","cx":221,"cy":816,"r":13},"region_attributes":{"Type":"3","count":"1"}},{"shape_attributes":{"name":"circle","cx":221,"cy":786,"r":13},"region_attributes":{"Type":"3","count":"1"}}],"file_attributes":{"date":"","temp":"","rain":"2","neighborhood":"Sherman Heights","total_count":"206.84"}}," https://lh3.googleusercontent.com/d/1lKx2jGJzfhI4LhHpd29tt3tGw0ij251E\n":{"filename":" https://lh3.googleusercontent.com/d/1lKx2jGJzfhI4LhHpd29tt3tGw0ij251E\n","size":-1,"regions":[{"shape_attributes":{"name":"circle","cx":199,"cy":278,"r":27},"region_attributes":{"Type":"2","count":"13"}},{"shape_attributes":{"name":"circle","cx":167,"cy":275,"r":19},"region_attributes":{"Type":"1","count":"4"}},{"shape_attributes":{"name":"circle","cx":172,"cy":294,"r":23},"region_attributes":{"Type":"3","count":""}},{"shape_attributes":{"name":"circle","cx":156,"cy":338,"r":18},"region_attributes":{"Type":"1","count":"3"}},{"shape_attributes":{"name":"circle","cx":193,"cy":335,"r":24},"region_attributes":{"Type":"2","count":"20"}},{"shape_attributes":{"name":"circle","cx":164,"cy":410,"r":18.623},"region_attributes":{"Type":"2","count":"16"}},{"shape_attributes":{"name":"circle","cx":200,"cy":412,"r":12.06},"region_attributes":{"Type":"1","count":"6"}},{"shape_attributes":{"name":"circle","cx":200,"cy":437,"r":12.445},"region_attributes":{"Type":"3","count":""}},{"shape_attributes":{"name":"circle","cx":183,"cy":458,"r":15.508},"region_attributes":{"Type":"3","count":""}},{"shape_attributes":{"name":"circle","cx":169,"cy":438,"r":13.171},"region_attributes":{"Type":"3","count":""}},{"shape_attributes":{"name":"circle","cx":204,"cy":472,"r":12.541},"region_attributes":{"Type":"1","count":"6"}},{"shape_attributes":{"name":"circle","cx":162,"cy":478,"r":18.265},"region_attributes":{"Type":"2","count":"23"}},{"shape_attributes":{"name":"circle","cx":192,"cy":554,"r":15.947},"region_attributes":{"Type":"2","count":"27"}},{"shape_attributes":{"name":"circle","cx":158,"cy":553,"r":15.919},"region_attributes":{"Type":"1","count":"5"}},{"shape_attributes":{"name":"circle","cx":169,"cy":576,"r":13.171},"region_attributes":{"Type":"3","count":"1"}},{"shape_attributes":{"name":"circle","cx":172,"cy":589,"r":10.075},"region_attributes":{"Type":"3","count":"1"}},{"shape_attributes":{"name":"circle","cx":195,"cy":588,"r":9.711},"region_attributes":{"Type":"3","count":"1"}},{"shape_attributes":{"name":"circle","cx":167,"cy":609,"r":13.945},"region_attributes":{"Type":"1","count":"7"}},{"shape_attributes":{"name":"circle","cx":200,"cy":615,"r":20.942},"region_attributes":{"Type":"2","count":"23"}},{"shape_attributes":{"name":"circle","cx":200,"cy":740,"r":16},"region_attributes":{"Type":"2","count":"3"}},{"shape_attributes":{"name":"circle","cx":194,"cy":763,"r":11.719},"region_attributes":{"Type":"1","count":"1"}},{"shape_attributes":{"name":"circle","cx":213,"cy":769,"r":13.47},"region_attributes":{"Type":"3","count":"1"}},{"shape_attributes":{"name":"circle","cx":205,"cy":803,"r":18},"region_attributes":{"Type":"2","count":""}}],"file_attributes":{"date":"","temp":"","rain":"2","neighborhood":"Sherman Heights","total_count":"268.74"}}," https://lh3.googleusercontent.com/d/1TEsZpohGbUeEgXDn8U7HWb-BTUi21jBX\n":{"filename":" https://lh3.googleusercontent.com/d/1TEsZpohGbUeEgXDn8U7HWb-BTUi21jBX\n","size":-1,"regions":[{"shape_attributes":{"name":"circle","cx":265,"cy":125,"r":21},"region_attributes":{"Type":"2","count":"5"}},{"shape_attributes":{"name":"circle","cx":175,"cy":312,"r":23},"region_attributes":{"Type":"3","count":""}},{"shape_attributes":{"name":"circle","cx":182,"cy":463,"r":19},"region_attributes":{"Type":"1","count":""}},{"shape_attributes":{"name":"circle","cx":189,"cy":601,"r":23},"region_attributes":{"Type":"2","count":""}},{"shape_attributes":{"name":"circle","cx":192,"cy":755,"r":20.978},"region_attributes":{"Type":"2","count":"18"}},{"shape_attributes":{"name":"circle","cx":195,"cy":786,"r":16.499},"region_attributes":{"Type":"1","count":"8"}},{"shape_attributes":{"name":"circle","cx":197,"cy":818,"r":14.381},"region_attributes":{"Type":"3","count":""}},{"shape_attributes":{"name":"circle","cx":174,"cy":877,"r":24},"region_attributes":{"Type":"2","count":""}}],"file_attributes":{"date":"","temp":"66","rain":"2","neighborhood":"Sherman Heights","total_count":""}}," https://lh3.googleusercontent.com/d/1FpbJfvhJ7cxMTMmKwxIl8lw9is9Fx0gm\n":{"filename":" https://lh3.googleusercontent.com/d/1FpbJfvhJ7cxMTMmKwxIl8lw9is9Fx0gm\n","size":-1,"regions":[{"shape_attributes":{"name":"circle","cx":183,"cy":327,"r":16.186},"region_attributes":{"Type":"2","count":""}},{"shape_attributes":{"name":"circle","cx":164,"cy":423,"r":17},"region_attributes":{"Type":"3","count":""}},{"shape_attributes":{"name":"circle","cx":165,"cy":462,"r":21},"region_attributes":{"Type":"3","count":""}},{"shape_attributes":{"name":"circle","cx":194,"cy":517,"r":23},"region_attributes":{"Type":"1","count":""}},{"shape_attributes":{"name":"circle","cx":169,"cy":641,"r":17},"region_attributes":{"Type":"2","count":""}},{"shape_attributes":{"name":"circle","cx":201,"cy":743,"r":13.06},"region_attributes":{"Type":"3","count":""}},{"shape_attributes":{"name":"circle","cx":195,"cy":764,"r":12.189},"region_attributes":{"Type":"1","count":"5"}},{"shape_attributes":{"name":"circle","cx":196,"cy":789,"r":18},"region_attributes":{"Type":"2","count":"21"}},{"shape_attributes":{"name":"circle","cx":200,"cy":821,"r":14.061},"region_attributes":{"Type":"3","count":""}},{"shape_attributes":{"name":"circle","cx":184,"cy":995,"r":28},"region_attributes":{"Type":"2","count":""}}],"file_attributes":{"date":"","temp":"","rain":"2","neighborhood":"Sherman Heights","total_count":""}}," https://lh3.googleusercontent.com/d/1jv2a0l28JMc4frk3WE16jLLRvAb_SGvH\n":{"filename":" https://lh3.googleusercontent.com/d/1jv2a0l28JMc4frk3WE16jLLRvAb_SGvH\n","size":-1,"regions":[{"shape_attributes":{"name":"circle","cx":195,"cy":795,"r":19},"region_attributes":{"Type":"3","count":""}}],"file_attributes":{"date":"","temp":"","rain":"2","neighborhood":"Sherman Heights","total_count":""}}," https://lh3.googleusercontent.com/d/1T2BHMQBBwewdCRciVj-2GNFEqAnuVw5D\n":{"filename":" https://lh3.googleusercontent.com/d/1T2BHMQBBwewdCRciVj-2GNFEqAnuVw5D\n","size":-1,"regions":[{"shape_attributes":{"name":"circle","cx":182,"cy":607,"r":17.276},"region_attributes":{"Type":"3","count":"1"}},{"shape_attributes":{"name":"circle","cx":148,"cy":614,"r":20.369},"region_attributes":{"Type":"1","count":"2"}}],"file_attributes":{"date":"","temp":"","rain":"2","neighborhood":"Sherman Heights","total_count":""}}," https://lh3.googleusercontent.com/d/1_se1Cs74Tzzp3zOkRlVPmi5BblrkC-jd\n":{"filename":" https://lh3.googleusercontent.com/d/1_se1Cs74Tzzp3zOkRlVPmi5BblrkC-jd\n","size":-1,"regions":[{"shape_attributes":{"name":"circle","cx":189,"cy":328,"r":16.944},"region_attributes":{"Type":"1","count":""}},{"shape_attributes":{"name":"circle","cx":160,"cy":327,"r":15.088},"region_attributes":{"Type":"2","count":""}},{"shape_attributes":{"name":"circle","cx":155,"cy":418,"r":23},"region_attributes":{"Type":"2","count":"5"}},{"shape_attributes":{"name":"circle","cx":194,"cy":419,"r":20},"region_attributes":{"Type":"1","count":""}},{"shape_attributes":{"name":"circle","cx":189,"cy":468,"r":21},"region_attributes":{"Type":"1","count":""}},{"shape_attributes":{"name":"circle","cx":151,"cy":466,"r":26},"region_attributes":{"Type":"2","count":"4"}},{"shape_attributes":{"name":"circle","cx":173,"cy":560,"r":19},"region_attributes":{"Type":"1","count":"2"}},{"shape_attributes":{"name":"circle","cx":182,"cy":603,"r":22},"region_attributes":{"Type":"2","count":""}},{"shape_attributes":{"name":"circle","cx":149,"cy":726,"r":18},"region_attributes":{"Type":"1","count":"3"}},{"shape_attributes":{"name":"circle","cx":167,"cy":779,"r":26},"region_attributes":{"Type":"2","count":"2"}}],"file_attributes":{"date":"","temp":"","rain":"2","neighborhood":"Sherman Heights","total_count":""}}},"_via_attributes":{"region":{"Type":{"type":"dropdown","description":"","options":{"1":"Individual","2":"Structure","3":"Vehicle"},"default_options":{}},"count":{"type":"text","description":"","default_value":""}},"file":{"date":{"type":"text","description":"","default_value":""},"temp":{"type":"text","description":"","default_value":""},"rain":{"type":"dropdown","description":"","options":{"1":"rain","2":"clear"},"default_options":{"2":true}},"neighborhood":{"type":"text","description":"","default_value":"Sherman Heights"},"total_count":{"type":"text","description":"","default_value":""}}},"_via_data_format_version":"2.0.10","_via_image_id_list":[" https://lh3.googleusercontent.com/d/1qYXD_oaQfzIDvKAUlQ2j5-dNhYIacRmd\n"," https://lh3.googleusercontent.com/d/15LybyLDB2bmxijNl3Qp9sPQAP-E2xMKV\n"," https://lh3.googleusercontent.com/d/1QuBdzLXS1MRpu7Lb-txG44kO3ReyJ2IY\n"," https://lh3.googleusercontent.com/d/1ugbbuRIedruV2YL-f2VPvVBwUYjxhdYS\n"," https://lh3.googleusercontent.com/d/1udsy7Aey5WL57FQKi18qb9mxaxWxr29j\n"," https://lh3.googleusercontent.com/d/1q8lZK905P2QRm3N_343ujDDVZVKOH0IL\n"," https://lh3.googleusercontent.com/d/1lKx2jGJzfhI4LhHpd29tt3tGw0ij251E\n"," https://lh3.googleusercontent.com/d/1TEsZpohGbUeEgXDn8U7HWb-BTUi21jBX\n"," https://lh3.googleusercontent.com/d/1FpbJfvhJ7cxMTMmKwxIl8lw9is9Fx0gm\n"," https://lh3.googleusercontent.com/d/1jv2a0l28JMc4frk3WE16jLLRvAb_SGvH\n"," https://lh3.googleusercontent.com/d/1T2BHMQBBwewdCRciVj-2GNFEqAnuVw5D\n"," https://lh3.googleusercontent.com/d/1_se1Cs74Tzzp3zOkRlVPmi5BblrkC-jd\n"]}