{"_via_settings": {"ui": {"annotation_editor_height": 25, "annotation_editor_fontsize": 0.8, "leftsidebar_width": 18, "image_grid": {"img_height": 80, "rshape_fill": "none", "rshape_fill_opacity": 0.3, "rshape_stroke": "yellow", "rshape_stroke_width": 2, "show_region_shape": true, "show_image_policy": "all"}, "image": {"region_label": "__via_region_id__", "region_color": "__via_default_region_color__", "region_label_font": "10px Sans", "on_image_annotation_editor_placement": "NEAR_REGION"}}, "core": {"buffer_size": 18, "filepath": {}, "default_filepath": ""}, "project": {"name": "Barrio Logan_2021_gcp"}}, "_via_img_metadata": {"https://drive.google.com/uc?export=view&id=1unb_tYCIgCBujCQP0I23ptQ03d8DOg0T\n": {"filename": "https://drive.google.com/uc?export=view&id=1unb_tYCIgCBujCQP0I23ptQ03d8DOg0T\n", "size": -1, "regions": [{"shape_attributes": {"name": "rect", "x": 242, "y": 65, "width": 12, "height": 16}, "region_attributes": {"Intersection": "1"}}, {"shape_attributes": {"name": "rect", "x": 219, "y": 251, "width": 12, "height": 14}, "region_attributes": {"Intersection": "2"}}, {"shape_attributes": {"name": "rect", "x": 508, "y": 485, "width": 16, "height": 17}, "region_attributes": {"Intersection": "4"}}, {"shape_attributes": {"name": "rect", "x": 609, "y": 360, "width": 13, "height": 16}, "region_attributes": {"Intersection": "3"}}], "file_attributes": {"neighborhood": "Barrio Logan"}}, "https://drive.google.com/uc?export=view&id=1kL2pvwexKMAxM_dpasE_4gukuSUoGWmj\n": {"filename": "https://drive.google.com/uc?export=view&id=1kL2pvwexKMAxM_dpasE_4gukuSUoGWmj\n", "size": -1, "regions": [{"shape_attributes": {"name": "rect", "x": 250, "y": 70, "width": 8, "height": 16}, "region_attributes": {"Intersection": "1"}}, {"shape_attributes": {"name": "rect", "x": 219, "y": 255, "width": 12, "height": 14}, "region_attributes": {"Intersection": "2"}}, {"shape_attributes": {"name": "rect", "x": 505, "y": 488, "width": 16, "height": 17}, "region_attributes": {"Intersection": "4"}}, {"shape_attributes": {"name": "rect", "x": 609, "y": 360, "width": 13, "height": 16}, "region_attributes": {"Intersection": "3"}}], "file_attributes": {"neighborhood": "Barrio Logan"}}, "https://drive.google.com/uc?export=view&id=1NLXu4uZduGkWKuPKq_Vd1-ixIGqKiADV\n": {"filename": "https://drive.google.com/uc?export=view&id=1NLXu4uZduGkWKuPKq_Vd1-ixIGqKiADV\n", "size": -1, "regions": [{"shape_attributes": {"name": "rect", "x": 224, "y": 51, "width": 12, "height": 16}, "region_attributes": {"Intersection": "1"}}, {"shape_attributes": {"name": "rect", "x": 193, "y": 251, "width": 12, "height": 15}, "region_attributes": {"Intersection": "2"}}, {"shape_attributes": {"name": "rect", "x": 509, "y": 506, "width": 16, "height": 17}, "region_attributes": {"Intersection": "4"}}, {"shape_attributes": {"name": "rect", "x": 621, "y": 370, "width": 13, "height": 16}, "region_attributes": {"Intersection": "3"}}], "file_attributes": {"neighborhood": "Barrio Logan"}}, "https://drive.google.com/uc?export=view&id=1JW0G_6R9ER3Aw1ZbuEtQuukwz4kIKHZJ\n": {"filename": "https://drive.google.com/uc?export=view&id=1JW0G_6R9ER3Aw1ZbuEtQuukwz4kIKHZJ\n", "size": -1, "regions": [{"shape_attributes": {"name": "rect", "x": 229, "y": 39, "width": 12, "height": 16}, "region_attributes": {"Intersection": "1"}}, {"shape_attributes": {"name": "rect", "x": 198, "y": 242, "width": 12, "height": 14}, "region_attributes": {"Intersection": "2"}}, {"shape_attributes": {"name": "rect", "x": 517, "y": 496, "width": 16, "height": 17}, "region_attributes": {"Intersection": "4"}}, {"shape_attributes": {"name": "rect", "x": 626, "y": 359, "width": 13, "height": 16}, "region_attributes": {"Intersection": "3"}}], "file_attributes": {"neighborhood": "Barrio Logan"}}, "https://drive.google.com/uc?export=view&id=1DrGpl-XLZ9dls8MbR_aKyi9lT_wmsTCM\n": {"filename": "https://drive.google.com/uc?export=view&id=1DrGpl-XLZ9dls8MbR_aKyi9lT_wmsTCM\n", "size": -1, "regions": [{"shape_attributes": {"name": "rect", "x": 228, "y": 42, "width": 12, "height": 16}, "region_attributes": {"Intersection": "1"}}, {"shape_attributes": {"name": "rect", "x": 198, "y": 243, "width": 12, "height": 14}, "region_attributes": {"Intersection": "2"}}, {"shape_attributes": {"name": "rect", "x": 515, "y": 495, "width": 16, "height": 17}, "region_attributes": {"Intersection": "4"}}, {"shape_attributes": {"name": "rect", "x": 623, "y": 357, "width": 13, "height": 16}, "region_attributes": {"Intersection": "3"}}], "file_attributes": {"neighborhood": "Barrio Logan"}}, "https://drive.google.com/uc?export=view&id=1NkXj7cuhAQ0tGLiTVlbpRgevHu7Cm5y7\n": {"filename": "https://drive.google.com/uc?export=view&id=1NkXj7cuhAQ0tGLiTVlbpRgevHu7Cm5y7\n", "size": -1, "regions": [{"shape_attributes": {"name": "rect", "x": 204, "y": 22, "width": 12, "height": 16}, "region_attributes": {"Intersection": "1"}}, {"shape_attributes": {"name": "rect", "x": 176, "y": 211, "width": 12, "height": 14}, "region_attributes": {"Intersection": "2"}}, {"shape_attributes": {"name": "rect", "x": 469, "y": 452, "width": 16, "height": 17}, "region_attributes": {"Intersection": "4"}}, {"shape_attributes": {"name": "rect", "x": 573, "y": 322, "width": 13, "height": 16}, "region_attributes": {"Intersection": "3"}}], "file_attributes": {"neighborhood": "Barrio Logan"}}, "https://drive.google.com/uc?export=view&id=15hYO9r7sm1kzerSrhz-g9fc1wO5eZYHo\n": {"filename": "https://drive.google.com/uc?export=view&id=15hYO9r7sm1kzerSrhz-g9fc1wO5eZYHo\n", "size": -1, "regions": [{"shape_attributes": {"name": "rect", "x": 235, "y": 32, "width": 12, "height": 16}, "region_attributes": {"Intersection": "1"}}, {"shape_attributes": {"name": "rect", "x": 204, "y": 231, "width": 12, "height": 14}, "region_attributes": {"Intersection": "2"}}, {"shape_attributes": {"name": "rect", "x": 516, "y": 486, "width": 16, "height": 17}, "region_attributes": {"Intersection": "4"}}, {"shape_attributes": {"name": "rect", "x": 631, "y": 349, "width": 13, "height": 16}, "region_attributes": {"Intersection": "3"}}], "file_attributes": {"neighborhood": "Barrio Logan"}}, "https://drive.google.com/uc?export=view&id=1aQZ5XbW3FDX-1eNDrzXJqY3dFNx4cD_3\n": {"filename": "https://drive.google.com/uc?export=view&id=1aQZ5XbW3FDX-1eNDrzXJqY3dFNx4cD_3\n", "size": -1, "regions": [{"shape_attributes": {"name": "rect", "x": 242, "y": 59, "width": 12, "height": 16}, "region_attributes": {"Intersection": "1"}}, {"shape_attributes": {"name": "rect", "x": 208, "y": 246, "width": 12, "height": 14}, "region_attributes": {"Intersection": "2"}}, {"shape_attributes": {"name": "rect", "x": 502, "y": 484, "width": 16, "height": 17}, "region_attributes": {"Intersection": "4"}}, {"shape_attributes": {"name": "rect", "x": 607, "y": 356, "width": 11, "height": 16}, "region_attributes": {"Intersection": "3"}}], "file_attributes": {"neighborhood": "Barrio Logan"}}}, "_via_attributes": {"region": {"Intersection": {"type": "dropdown", "description": "", "options": {"1": "16th_Logan", "2": "Main_Sigsbee", "3": "Logan_Evans", "4": "Main_Evans"}, "default_options": {}}}, "file": {"neighborhood": {"type": "text", "description": "", "default_value": "Barrio Logan"}}}, "_via_data_format_version": "2.0.10", "_via_image_id_list": ["https://drive.google.com/uc?export=view&id=1unb_tYCIgCBujCQP0I23ptQ03d8DOg0T\n", "https://drive.google.com/uc?export=view&id=1kL2pvwexKMAxM_dpasE_4gukuSUoGWmj\n", "https://drive.google.com/uc?export=view&id=1NLXu4uZduGkWKuPKq_Vd1-ixIGqKiADV\n", "https://drive.google.com/uc?export=view&id=1JW0G_6R9ER3Aw1ZbuEtQuukwz4kIKHZJ\n", "https://drive.google.com/uc?export=view&id=1DrGpl-XLZ9dls8MbR_aKyi9lT_wmsTCM\n", "https://drive.google.com/uc?export=view&id=1NkXj7cuhAQ0tGLiTVlbpRgevHu7Cm5y7\n", "https://drive.google.com/uc?export=view&id=15hYO9r7sm1kzerSrhz-g9fc1wO5eZYHo\n", "https://drive.google.com/uc?export=view&id=1aQZ5XbW3FDX-1eNDrzXJqY3dFNx4cD_3\n"]}