{"_via_settings":{"ui":{"annotation_editor_height":25,"annotation_editor_fontsize":0.8,"leftsidebar_width":18,"image_grid":{"img_height":80,"rshape_fill":"none","rshape_fill_opacity":0.3,"rshape_stroke":"yellow","rshape_stroke_width":2,"show_region_shape":true,"show_image_policy":"all"},"image":{"region_label":"__via_region_id__","region_color":"__via_default_region_color__","region_label_font":"0px Sans","on_image_annotation_editor_placement":"NEAR_REGION"}},"core":{"buffer_size":"18","filepath":{},"default_filepath":""},"project":{"name":"City Center_2021_change"}},"_via_img_metadata":{"https://drive.google.com/uc?export=view&id=1-quXvc0GNjU7svP4tIIK4wqNEpNSno88\n":{"filename":"https://drive.google.com/uc?export=view&id=1-quXvc0GNjU7svP4tIIK4wqNEpNSno88\n","size":-1,"regions":[{"shape_attributes":{"name":"circle","cx":180,"cy":174,"r":10.404326023342406},"region_attributes":{"Type":"1","count":"1"}},{"shape_attributes":{"name":"circle","cx":187,"cy":192,"r":10.770329614269007},"region_attributes":{"Type":"2","count":""}},{"shape_attributes":{"name":"circle","cx":204,"cy":184,"r":10.124228365658293},"region_attributes":{"Type":"1","count":"5"}},{"shape_attributes":{"name":"circle","cx":195,"cy":212,"r":13.124404748406688},"region_attributes":{"Type":"1","count":"4"}},{"shape_attributes":{"name":"circle","cx":183,"cy":231,"r":18.027756377319946},"region_attributes":{"Type":"1","count":"2"}},{"shape_attributes":{"name":"circle","cx":272,"cy":423,"r":20.180436070610565},"region_attributes":{"Type":"1","count":"1"}},{"shape_attributes":{"name":"circle","cx":270,"cy":366,"r":14.5},"region_attributes":{"Type":"1","count":"1"}},{"shape_attributes":{"name":"circle","cx":283,"cy":247,"r":26.92582403567252},"region_attributes":{"Type":"1","count":"2"}},{"shape_attributes":{"name":"circle","cx":306,"cy":238,"r":19.60867155112758},"region_attributes":{"Type":"1","count":"16"}},{"shape_attributes":{"name":"circle","cx":327,"cy":234,"r":15},"region_attributes":{"Type":"1","count":"1"}},{"shape_attributes":{"name":"circle","cx":306,"cy":278,"r":10.965856099730654},"region_attributes":{"Type":"1","count":"1"}},{"shape_attributes":{"name":"circle","cx":330,"cy":270,"r":16.507574019219177},"region_attributes":{"Type":"1","count":"4"}},{"shape_attributes":{"name":"circle","cx":354,"cy":244,"r":10},"region_attributes":{"Type":"1","count":"4"}},{"shape_attributes":{"name":"circle","cx":350,"cy":226,"r":14.159802258506296},"region_attributes":{"Type":"1","count":"5"}},{"shape_attributes":{"name":"circle","cx":368,"cy":184,"r":12.103718436910205},"region_attributes":{"Type":"1","count":"2"}},{"shape_attributes":{"name":"circle","cx":390,"cy":226,"r":13.200378782444085},"region_attributes":{"Type":"1","count":"2"}},{"shape_attributes":{"name":"circle","cx":414,"cy":246,"r":19.849433241279208},"region_attributes":{"Type":"1","count":"2"}},{"shape_attributes":{"name":"circle","cx":399,"cy":302,"r":13.601470508735444},"region_attributes":{"Type":"1","count":"1"}},{"shape_attributes":{"name":"circle","cx":528,"cy":330,"r":20.700241544484452},"region_attributes":{"Type":"2","count":"1"}},{"shape_attributes":{"name":"circle","cx":536,"cy":370,"r":17.67766952966369},"region_attributes":{"Type":"1","count":"8"}},{"shape_attributes":{"name":"circle","cx":574,"cy":367,"r":14.866068747318506},"region_attributes":{"Type":"1","count":"1"}},{"shape_attributes":{"name":"circle","cx":574,"cy":327,"r":11.926860441876563},"region_attributes":{"Type":"1","count":"5"}},{"shape_attributes":{"name":"circle","cx":592,"cy":289,"r":15},"region_attributes":{"Type":"2","count":"3"}},{"shape_attributes":{"name":"circle","cx":590,"cy":268,"r":14.916433890176299},"region_attributes":{"Type":"2","count":"3"}},{"shape_attributes":{"name":"circle","cx":569,"cy":270,"r":14.534441853748634},"region_attributes":{"Type":"1","count":"3"}},{"shape_attributes":{"name":"circle","cx":570,"cy":294,"r":13.0862523283024},"region_attributes":{"Type":"1","count":"3"}},{"shape_attributes":{"name":"circle","cx":532,"cy":186,"r":13.901438774457844},"region_attributes":{"Type":"1","count":"1"}},{"shape_attributes":{"name":"circle","cx":546,"cy":209,"r":14.142135623730951},"region_attributes":{"Type":"1","count":"1"}},{"shape_attributes":{"name":"circle","cx":592,"cy":219,"r":18.867962264113206},"region_attributes":{"Type":"1","count":"7"}},{"shape_attributes":{"name":"circle","cx":614,"cy":222,"r":14.603081866510234},"region_attributes":{"Type":"2","count":"3"}},{"shape_attributes":{"name":"circle","cx":608,"cy":238,"r":9.924716620639604},"region_attributes":{"Type":"1","count":"3"}},{"shape_attributes":{"name":"circle","cx":622,"cy":246,"r":10.124228365658293},"region_attributes":{"Type":"1","count":"1"}},{"shape_attributes":{"name":"circle","cx":632,"cy":291,"r":12.041594578792296},"region_attributes":{"Type":"2","count":"1"}},{"shape_attributes":{"name":"circle","cx":631,"cy":268,"r":12.041594578792296},"region_attributes":{"Type":"1","count":"1"}},{"shape_attributes":{"name":"circle","cx":666,"cy":304,"r":14.212670403551895},"region_attributes":{"Type":"1","count":"2"}},{"shape_attributes":{"name":"circle","cx":704,"cy":269,"r":10.307764064044152},"region_attributes":{"Type":"1","count":"1"}},{"shape_attributes":{"name":"circle","cx":696,"cy":291,"r":10.307764064044152},"region_attributes":{"Type":"1","count":"1"}},{"shape_attributes":{"name":"circle","cx":696,"cy":170,"r":10.307764064044152},"region_attributes":{"Type":"1","count":"1"}},{"shape_attributes":{"name":"circle","cx":710,"cy":145,"r":10.307764064044152},"region_attributes":{"Type":"1","count":"1"}},{"shape_attributes":{"name":"circle","cx":678,"cy":174,"r":10.307764064044152},"region_attributes":{"Type":"1","count":"1"}},{"shape_attributes":{"name":"circle","cx":716,"cy":307,"r":10.307764064044152},"region_attributes":{"Type":"1","count":"1"}},{"shape_attributes":{"name":"circle","cx":650,"cy":240,"r":10.700467279516348},"region_attributes":{"Type":"1","count":"2"}},{"shape_attributes":{"name":"circle","cx":674,"cy":206,"r":11.335784048754634},"region_attributes":{"Type":"1","count":"2"}},{"shape_attributes":{"name":"circle","cx":712,"cy":208,"r":11.335784048754634},"region_attributes":{"Type":"1","count":"2"}},{"shape_attributes":{"name":"circle","cx":662,"cy":186,"r":11.335784048754634},"region_attributes":{"Type":"1","count":"2"}},{"shape_attributes":{"name":"circle","cx":694,"cy":239,"r":12.379418403139947},"region_attributes":{"Type":"1","count":"3"}}],"file_attributes":{"date":"2021-01-28","temp":"46","rain":"2","neighborhood":"City Center","total_count":""}},"https://drive.google.com/uc?export=view&id=1cFqbXlMFV5V-ppHDuntQkmgIONI8juWS\n":{"filename":"https://drive.google.com/uc?export=view&id=1cFqbXlMFV5V-ppHDuntQkmgIONI8juWS\n","size":-1,"regions":[{"shape_attributes":{"name":"circle","cx":168,"cy":216,"r":14.603081866510234},"region_attributes":{"Type":"1","count":"3"}},{"shape_attributes":{"name":"circle","cx":628,"cy":286,"r":14.603081866510234},"region_attributes":{"Type":"1","count":"3"}},{"shape_attributes":{"name":"circle","cx":165,"cy":170,"r":18.027756377319946},"region_attributes":{"Type":"1","count":"3"}},{"shape_attributes":{"name":"circle","cx":184,"cy":163,"r":13.0862523283024},"region_attributes":{"Type":"2","count":"3"}},{"shape_attributes":{"name":"circle","cx":181,"cy":192,"r":14.534441853748634},"region_attributes":{"Type":"1","count":"6"}},{"shape_attributes":{"name":"circle","cx":282,"cy":220,"r":16.224980739587952},"region_attributes":{"Type":"1","count":"23"}},{"shape_attributes":{"name":"circle","cx":308,"cy":210,"r":19.300259065618782},"region_attributes":{"Type":"2","count":"1"}},{"shape_attributes":{"name":"circle","cx":307,"cy":267,"r":18.601075237738275},"region_attributes":{"Type":"1","count":"4"}},{"shape_attributes":{"name":"circle","cx":352,"cy":191,"r":14.866068747318506},"region_attributes":{"Type":"1","count":"1"}},{"shape_attributes":{"name":"circle","cx":333,"cy":163,"r":14.866068747318506},"region_attributes":{"Type":"1","count":"1"}},{"shape_attributes":{"name":"circle","cx":360,"cy":235,"r":14.866068747318506},"region_attributes":{"Type":"1","count":"1"}},{"shape_attributes":{"name":"circle","cx":397,"cy":227,"r":14.866068747318506},"region_attributes":{"Type":"1","count":"1"}},{"shape_attributes":{"name":"circle","cx":522,"cy":205,"r":14.866068747318506},"region_attributes":{"Type":"1","count":"1"}},{"shape_attributes":{"name":"circle","cx":564,"cy":207,"r":14.866068747318506},"region_attributes":{"Type":"1","count":"1"}},{"shape_attributes":{"name":"circle","cx":595,"cy":135,"r":14.866068747318506},"region_attributes":{"Type":"1","count":"1"}},{"shape_attributes":{"name":"circle","cx":603,"cy":186,"r":14.866068747318506},"region_attributes":{"Type":"1","count":"1"}},{"shape_attributes":{"name":"circle","cx":649,"cy":146,"r":14.866068747318506},"region_attributes":{"Type":"1","count":"1"}},{"shape_attributes":{"name":"circle","cx":690,"cy":188,"r":14.866068747318506},"region_attributes":{"Type":"1","count":"1"}},{"shape_attributes":{"name":"circle","cx":398,"cy":286,"r":14.866068747318506},"region_attributes":{"Type":"1","count":"1"}},{"shape_attributes":{"name":"circle","cx":598,"cy":249,"r":17.204650534085253},"region_attributes":{"Type":"1","count":"1"}},{"shape_attributes":{"name":"circle","cx":688,"cy":284,"r":14.866068747318506},"region_attributes":{"Type":"1","count":"1"}},{"shape_attributes":{"name":"circle","cx":649,"cy":325,"r":14.866068747318506},"region_attributes":{"Type":"1","count":"1"}},{"shape_attributes":{"name":"circle","cx":340,"cy":256,"r":14.866068747318506},"region_attributes":{"Type":"1","count":"1"}},{"shape_attributes":{"name":"circle","cx":358,"cy":164,"r":18.398369492974098},"region_attributes":{"Type":"2","count":"2"}},{"shape_attributes":{"name":"circle","cx":465,"cy":228,"r":17.613914953808536},"region_attributes":{"Type":"1","count":"4"}},{"shape_attributes":{"name":"circle","cx":626,"cy":190,"r":16.401219466856727},"region_attributes":{"Type":"1","count":"2"}},{"shape_attributes":{"name":"circle","cx":639,"cy":224,"r":16.401219466856727},"region_attributes":{"Type":"1","count":"2"}},{"shape_attributes":{"name":"circle","cx":681,"cy":229,"r":16.401219466856727},"region_attributes":{"Type":"1","count":"2"}},{"shape_attributes":{"name":"circle","cx":550,"cy":239,"r":16.401219466856727},"region_attributes":{"Type":"1","count":"2"}},{"shape_attributes":{"name":"circle","cx":651,"cy":197,"r":16.401219466856727},"region_attributes":{"Type":"1","count":"2"}},{"shape_attributes":{"name":"circle","cx":564,"cy":268,"r":12.419742348374221},"region_attributes":{"Type":"2","count":"3"}},{"shape_attributes":{"name":"circle","cx":590,"cy":207,"r":12.419742348374221},"region_attributes":{"Type":"2","count":"3"}},{"shape_attributes":{"name":"circle","cx":540,"cy":268,"r":12.419742348374221},"region_attributes":{"Type":"2","count":"3"}},{"shape_attributes":{"name":"circle","cx":555,"cy":286,"r":11.926860441876563},"region_attributes":{"Type":"2","count":"2"}},{"shape_attributes":{"name":"circle","cx":544,"cy":326,"r":16.98528775146303},"region_attributes":{"Type":"2","count":"1"}},{"shape_attributes":{"name":"circle","cx":605,"cy":276,"r":10.965856099730654},"region_attributes":{"Type":"2","count":"1"}},{"shape_attributes":{"name":"circle","cx":562,"cy":351,"r":13.200378782444085},"region_attributes":{"Type":"1","count":"8"}},{"shape_attributes":{"name":"circle","cx":538,"cy":349,"r":8.73212459828649},"region_attributes":{"Type":"1","count":"6"}},{"shape_attributes":{"name":"circle","cx":649,"cy":286,"r":11.40175425099138},"region_attributes":{"Type":"2","count":"1"}}],"file_attributes":{"date":"2021-02-25","temp":"55","rain":"2","neighborhood":"City Center","total_count":""}},"https://drive.google.com/uc?export=view&id=1f9Zr_0JkeOIKeBJTIOWK2N9_FihSM2GR\n":{"filename":"https://drive.google.com/uc?export=view&id=1f9Zr_0JkeOIKeBJTIOWK2N9_FihSM2GR\n","size":-1,"regions":[{"shape_attributes":{"name":"circle","cx":183,"cy":166,"r":12.727922061357855},"region_attributes":{"Type":"2","count":"1"}},{"shape_attributes":{"name":"circle","cx":182,"cy":188,"r":12.747548783981962},"region_attributes":{"Type":"2","count":"5"}},{"shape_attributes":{"name":"circle","cx":198,"cy":188,"r":9.300537618869138},"region_attributes":{"Type":"1","count":"3"}},{"shape_attributes":{"name":"circle","cx":182,"cy":213,"r":11.800423721205947},"region_attributes":{"Type":"2","count":"4"}},{"shape_attributes":{"name":"circle","cx":199,"cy":216,"r":11.800423721205947},"region_attributes":{"Type":"1","count":"3"}},{"shape_attributes":{"name":"circle","cx":184,"cy":236,"r":16.32482771731451},"region_attributes":{"Type":"1","count":"2"}},{"shape_attributes":{"name":"circle","cx":349,"cy":162,"r":11.800423721205947},"region_attributes":{"Type":"1","count":"1"}},{"shape_attributes":{"name":"circle","cx":540,"cy":268,"r":12.419742348374221},"region_attributes":{"Type":"2","count":"3"}},{"shape_attributes":{"name":"circle","cx":346,"cy":184,"r":11.510864433221338},"region_attributes":{"Type":"1","count":"1"}},{"shape_attributes":{"name":"circle","cx":372,"cy":178,"r":11.800423721205947},"region_attributes":{"Type":"1","count":"1"}},{"shape_attributes":{"name":"circle","cx":642,"cy":160,"r":11.800423721205947},"region_attributes":{"Type":"1","count":"1"}},{"shape_attributes":{"name":"circle","cx":640,"cy":186,"r":11.800423721205947},"region_attributes":{"Type":"1","count":"1"}},{"shape_attributes":{"name":"circle","cx":664,"cy":186,"r":11.800423721205947},"region_attributes":{"Type":"1","count":"1"}},{"shape_attributes":{"name":"circle","cx":704,"cy":152,"r":11.800423721205947},"region_attributes":{"Type":"1","count":"1"}},{"shape_attributes":{"name":"circle","cx":362,"cy":206,"r":11.800423721205947},"region_attributes":{"Type":"1","count":"1"}},{"shape_attributes":{"name":"circle","cx":296,"cy":198,"r":12.747548783981962},"region_attributes":{"Type":"1","count":"1"}},{"shape_attributes":{"name":"circle","cx":368,"cy":149,"r":10.63014581273465},"region_attributes":{"Type":"1","count":"2"}},{"shape_attributes":{"name":"circle","cx":306,"cy":274,"r":8.74642784226795},"region_attributes":{"Type":"1","count":"1"}},{"shape_attributes":{"name":"circle","cx":308,"cy":250,"r":13.209844813622906},"region_attributes":{"Type":"1","count":"3"}},{"shape_attributes":{"name":"circle","cx":324,"cy":238,"r":11.40175425099138},"region_attributes":{"Type":"1","count":"1"}},{"shape_attributes":{"name":"circle","cx":346,"cy":220,"r":9.300537618869138},"region_attributes":{"Type":"1","count":"11"}},{"shape_attributes":{"name":"circle","cx":348,"cy":236,"r":8.200609733428363},"region_attributes":{"Type":"2","count":"2"}},{"shape_attributes":{"name":"circle","cx":358,"cy":246,"r":9.604686356149273},"region_attributes":{"Type":"1","count":"23"}},{"shape_attributes":{"name":"circle","cx":374,"cy":242,"r":13.124404748406688},"region_attributes":{"Type":"2","count":"1"}},{"shape_attributes":{"name":"circle","cx":362,"cy":269,"r":6.726812023536855},"region_attributes":{"Type":"1","count":"1"}},{"shape_attributes":{"name":"circle","cx":330,"cy":284,"r":12.747548783981962},"region_attributes":{"Type":"1","count":"3"}},{"shape_attributes":{"name":"circle","cx":484,"cy":209,"r":13.793114224133722},"region_attributes":{"Type":"1","count":"1"}},{"shape_attributes":{"name":"circle","cx":314,"cy":329,"r":13.793114224133722},"region_attributes":{"Type":"1","count":"1"}},{"shape_attributes":{"name":"circle","cx":398,"cy":304,"r":13.793114224133722},"region_attributes":{"Type":"1","count":"1"}},{"shape_attributes":{"name":"circle","cx":556,"cy":226,"r":13.793114224133722},"region_attributes":{"Type":"1","count":"1"}},{"shape_attributes":{"name":"circle","cx":706,"cy":266,"r":13.793114224133722},"region_attributes":{"Type":"1","count":"1"}},{"shape_attributes":{"name":"circle","cx":584,"cy":341,"r":13.793114224133722},"region_attributes":{"Type":"1","count":"1"}},{"shape_attributes":{"name":"circle","cx":606,"cy":286,"r":13.793114224133722},"region_attributes":{"Type":"1","count":"1"}},{"shape_attributes":{"name":"circle","cx":684,"cy":284,"r":13.793114224133722},"region_attributes":{"Type":"1","count":"1"}},{"shape_attributes":{"name":"circle","cx":654,"cy":244,"r":13.793114224133722},"region_attributes":{"Type":"1","count":"1"}},{"shape_attributes":{"name":"circle","cx":414,"cy":158,"r":13.793114224133722},"region_attributes":{"Type":"1","count":"1"}},{"shape_attributes":{"name":"circle","cx":402,"cy":271,"r":13.901438774457844},"region_attributes":{"Type":"1","count":"3"}},{"shape_attributes":{"name":"circle","cx":474,"cy":296,"r":16.62077013859466},"region_attributes":{"Type":"2","count":"1"}},{"shape_attributes":{"name":"circle","cx":544,"cy":294,"r":18.062391868188442},"region_attributes":{"Type":"1","count":"3"}},{"shape_attributes":{"name":"circle","cx":576,"cy":268,"r":6.363961030678928},"region_attributes":{"Type":"1","count":"1"}},{"shape_attributes":{"name":"circle","cx":582,"cy":286,"r":12.379418403139947},"region_attributes":{"Type":"2","count":"1"}},{"shape_attributes":{"name":"circle","cx":558,"cy":346,"r":11.672617529928752},"region_attributes":{"Type":"1","count":"1"}},{"shape_attributes":{"name":"circle","cx":571,"cy":366,"r":11.10180165558726},"region_attributes":{"Type":"1","count":"9"}},{"shape_attributes":{"name":"circle","cx":600,"cy":216,"r":14.300349646075091},"region_attributes":{"Type":"2","count":"8"}},{"shape_attributes":{"name":"circle","cx":624,"cy":213,"r":13.124404748406688},"region_attributes":{"Type":"1","count":"4"}},{"shape_attributes":{"name":"circle","cx":602,"cy":240,"r":9.192388155425117},"region_attributes":{"Type":"1","count":"2"}},{"shape_attributes":{"name":"circle","cx":581,"cy":238,"r":13.45362404707371},"region_attributes":{"Type":"2","count":"1"}},{"shape_attributes":{"name":"circle","cx":686,"cy":240,"r":11.926860441876563},"region_attributes":{"Type":"1","count":"2"}},{"shape_attributes":{"name":"circle","cx":640,"cy":285,"r":13.200378782444085},"region_attributes":{"Type":"1","count":"2"}},{"shape_attributes":{"name":"circle","cx":653,"cy":307,"r":12.041594578792296},"region_attributes":{"Type":"1","count":"3"}}],"file_attributes":{"date":"2021-03-25","temp":"54","rain":"2","neighborhood":"City Center","total_count":""}},"https://drive.google.com/uc?export=view&id=1H8eqGjzxVmD9FEqtSwX46gxOinjPMomE\n":{"filename":"https://drive.google.com/uc?export=view&id=1H8eqGjzxVmD9FEqtSwX46gxOinjPMomE\n","size":-1,"regions":[{"shape_attributes":{"name":"circle","cx":178,"cy":161,"r":12.379418403139947},"region_attributes":{"count":"1","Type":"2"}},{"shape_attributes":{"name":"circle","cx":180,"cy":194,"r":11.926860441876563},"region_attributes":{"Type":"1","count":"1"}},{"shape_attributes":{"name":"circle","cx":201,"cy":192,"r":19.1049731745428},"region_attributes":{"Type":"2","count":"4"}},{"shape_attributes":{"name":"circle","cx":194,"cy":222,"r":16.80029761641144},"region_attributes":{"Type":"1","count":"4"}},{"shape_attributes":{"name":"circle","cx":176,"cy":242,"r":13.82931668593933},"region_attributes":{"Type":"1","count":"5"}},{"shape_attributes":{"name":"circle","cx":342,"cy":176,"r":11.335784048754634},"region_attributes":{"Type":"1","count":"1"}},{"shape_attributes":{"name":"circle","cx":322,"cy":294,"r":11.335784048754634},"region_attributes":{"Type":"1","count":"1"}},{"shape_attributes":{"name":"circle","cx":356,"cy":278,"r":11.335784048754634},"region_attributes":{"Type":"1","count":"1"}},{"shape_attributes":{"name":"circle","cx":396,"cy":214,"r":11.335784048754634},"region_attributes":{"Type":"1","count":"1"}},{"shape_attributes":{"name":"circle","cx":594,"cy":186,"r":11.335784048754634},"region_attributes":{"Type":"1","count":"1"}},{"shape_attributes":{"name":"circle","cx":320,"cy":210,"r":11.335784048754634},"region_attributes":{"Type":"1","count":"1"}},{"shape_attributes":{"name":"circle","cx":368,"cy":172,"r":13.601470508735444},"region_attributes":{"Type":"2","count":"1"}},{"shape_attributes":{"name":"circle","cx":350,"cy":192,"r":12.349089035228468},"region_attributes":{"Type":"2","count":"2"}},{"shape_attributes":{"name":"circle","cx":348,"cy":219,"r":12.776932339180638},"region_attributes":{"Type":"1","count":"13"}},{"shape_attributes":{"name":"circle","cx":342,"cy":242,"r":6.363961030678928},"region_attributes":{"Type":"2","count":"2"}},{"shape_attributes":{"name":"circle","cx":357,"cy":249,"r":13.45362404707371},"region_attributes":{"Type":"1","count":"13"}},{"shape_attributes":{"name":"circle","cx":550,"cy":228,"r":9.192388155425117},"region_attributes":{"Type":"2","count":"2"}},{"shape_attributes":{"name":"circle","cx":570,"cy":220,"r":12.747548783981962},"region_attributes":{"Type":"2","count":"1"}},{"shape_attributes":{"name":"circle","cx":598,"cy":220,"r":10.307764064044152},"region_attributes":{"Type":"2","count":"3"}},{"shape_attributes":{"name":"circle","cx":598,"cy":244,"r":9.300537618869138},"region_attributes":{"Type":"1","count":"5"}},{"shape_attributes":{"name":"circle","cx":572,"cy":246,"r":9.924716620639604},"region_attributes":{"Type":"1","count":"2"}},{"shape_attributes":{"name":"circle","cx":698,"cy":228,"r":17.10263137648707},"region_attributes":{"Type":"1","count":"1"}},{"shape_attributes":{"name":"circle","cx":590,"cy":266,"r":17.10263137648707},"region_attributes":{"Type":"1","count":"1"}},{"shape_attributes":{"name":"circle","cx":590,"cy":296,"r":17.10263137648707},"region_attributes":{"Type":"1","count":"1"}},{"shape_attributes":{"name":"circle","cx":598,"cy":328,"r":17.10263137648707},"region_attributes":{"Type":"1","count":"1"}},{"shape_attributes":{"name":"circle","cx":638,"cy":292,"r":17.10263137648707},"region_attributes":{"Type":"1","count":"1"}},{"shape_attributes":{"name":"circle","cx":640,"cy":234,"r":17.10263137648707},"region_attributes":{"Type":"1","count":"1"}},{"shape_attributes":{"name":"circle","cx":514,"cy":272,"r":13.313526955694348},"region_attributes":{"Type":"2","count":"1"}},{"shape_attributes":{"name":"circle","cx":532,"cy":288,"r":13.46291201783626},"region_attributes":{"Type":"2","count":"1"}},{"shape_attributes":{"name":"circle","cx":511,"cy":297,"r":14.212670403551895},"region_attributes":{"Type":"1","count":"9"}},{"shape_attributes":{"name":"circle","cx":574,"cy":292,"r":10.124228365658293},"region_attributes":{"Type":"1","count":"3"}},{"shape_attributes":{"name":"circle","cx":574,"cy":332,"r":12.103718436910205},"region_attributes":{"Type":"1","count":"8"}},{"shape_attributes":{"name":"circle","cx":572,"cy":356,"r":10.606601717798213},"region_attributes":{"Type":"2","count":"1"}},{"shape_attributes":{"name":"circle","cx":559,"cy":371,"r":12.206555615733702},"region_attributes":{"Type":"1","count":"9"}},{"shape_attributes":{"name":"circle","cx":549,"cy":350,"r":11.01135777277262},"region_attributes":{"Type":"1","count":"1"}},{"shape_attributes":{"name":"circle","cx":689,"cy":256,"r":16.55294535724685},"region_attributes":{"Type":"1","count":"2"}},{"shape_attributes":{"name":"circle","cx":689,"cy":186,"r":12.419742348374221},"region_attributes":{"Type":"2","count":"1"}},{"shape_attributes":{"name":"circle","cx":660,"cy":178,"r":16.98528775146303},"region_attributes":{"Type":"1","count":"2"}},{"shape_attributes":{"name":"circle","cx":618,"cy":188,"r":15.945218719101975},"region_attributes":{"Type":"1","count":"2"}},{"shape_attributes":{"name":"circle","cx":656,"cy":351,"r":11.672617529928752},"region_attributes":{"Type":"1","count":"1"}},{"shape_attributes":{"name":"circle","cx":650,"cy":312,"r":12.747548783981962},"region_attributes":{"Type":"1","count":"3"}},{"shape_attributes":{"name":"circle","cx":618,"cy":302,"r":11.335784048754634},"region_attributes":{"Type":"2","count":"1"}},{"shape_attributes":{"name":"circle","cx":614,"cy":278,"r":13.0862523283024},"region_attributes":{"Type":"2","count":"1"}},{"shape_attributes":{"name":"circle","cx":313,"cy":278,"r":12},"region_attributes":{"Type":"1","count":"2"}}],"file_attributes":{"date":"2021-04-29","temp":"61","rain":"2","neighborhood":"City Center","total_count":""}},"https://drive.google.com/uc?export=view&id=1uq3RrEHYVCsQ9s-HICa3pfu7b2i7iKIn\n":{"filename":"https://drive.google.com/uc?export=view&id=1uq3RrEHYVCsQ9s-HICa3pfu7b2i7iKIn\n","size":-1,"regions":[{"shape_attributes":{"name":"circle","cx":184,"cy":151,"r":9.433981132056603},"region_attributes":{"count":"1","Type":"2"}},{"shape_attributes":{"name":"circle","cx":168,"cy":161,"r":10.816653826391969},"region_attributes":{"Type":"3","count":"1"}},{"shape_attributes":{"name":"circle","cx":197,"cy":178,"r":15.402921800749363},"region_attributes":{"Type":"2","count":"5"}},{"shape_attributes":{"name":"circle","cx":178,"cy":178,"r":7.905694150420948},"region_attributes":{"Type":"1","count":"1"}},{"shape_attributes":{"name":"circle","cx":263,"cy":358,"r":12.619429464123963},"region_attributes":{"Type":"1","count":"1"}},{"shape_attributes":{"name":"circle","cx":260,"cy":446,"r":12.619429464123963},"region_attributes":{"Type":"1","count":"1"}},{"shape_attributes":{"name":"circle","cx":220,"cy":282,"r":12.619429464123963},"region_attributes":{"Type":"1","count":"1"}},{"shape_attributes":{"name":"circle","cx":283,"cy":282,"r":12.619429464123963},"region_attributes":{"Type":"1","count":"1"}},{"shape_attributes":{"name":"circle","cx":343,"cy":274,"r":12.619429464123963},"region_attributes":{"Type":"1","count":"1"}},{"shape_attributes":{"name":"circle","cx":400,"cy":260,"r":12.619429464123963},"region_attributes":{"Type":"1","count":"1"}},{"shape_attributes":{"name":"circle","cx":410,"cy":226,"r":12.619429464123963},"region_attributes":{"Type":"1","count":"1"}},{"shape_attributes":{"name":"circle","cx":355,"cy":184,"r":12.619429464123963},"region_attributes":{"Type":"1","count":"1"}},{"shape_attributes":{"name":"circle","cx":429,"cy":148,"r":12.619429464123963},"region_attributes":{"Type":"1","count":"1"}},{"shape_attributes":{"name":"circle","cx":450,"cy":156,"r":12.619429464123963},"region_attributes":{"Type":"1","count":"1"}},{"shape_attributes":{"name":"circle","cx":454,"cy":182,"r":12.619429464123963},"region_attributes":{"Type":"1","count":"1"}},{"shape_attributes":{"name":"circle","cx":689,"cy":330,"r":12.619429464123963},"region_attributes":{"Type":"1","count":"1"}},{"shape_attributes":{"name":"circle","cx":701,"cy":226,"r":12.619429464123963},"region_attributes":{"Type":"1","count":"1"}},{"shape_attributes":{"name":"circle","cx":690,"cy":240,"r":12.619429464123963},"region_attributes":{"Type":"1","count":"1"}},{"shape_attributes":{"name":"circle","cx":575,"cy":196,"r":12.619429464123963},"region_attributes":{"Type":"1","count":"1"}},{"shape_attributes":{"name":"circle","cx":610,"cy":238,"r":12.619429464123963},"region_attributes":{"Type":"1","count":"1"}},{"shape_attributes":{"name":"circle","cx":241,"cy":340,"r":12.619429464123963},"region_attributes":{"Type":"1","count":"1"}},{"shape_attributes":{"name":"circle","cx":196,"cy":198,"r":16.263455967290593},"region_attributes":{"Type":"1","count":"2"}},{"shape_attributes":{"name":"circle","cx":434,"cy":178,"r":16.263455967290593},"region_attributes":{"Type":"1","count":"2"}},{"shape_attributes":{"name":"circle","cx":368,"cy":206,"r":16.263455967290593},"region_attributes":{"Type":"1","count":"2"}},{"shape_attributes":{"name":"circle","cx":556,"cy":276,"r":16.263455967290593},"region_attributes":{"Type":"1","count":"2"}},{"shape_attributes":{"name":"circle","cx":476,"cy":222,"r":16.263455967290593},"region_attributes":{"Type":"1","count":"2"}},{"shape_attributes":{"name":"circle","cx":648,"cy":146,"r":16.263455967290593},"region_attributes":{"Type":"1","count":"2"}},{"shape_attributes":{"name":"circle","cx":688,"cy":298,"r":16.263455967290593},"region_attributes":{"Type":"1","count":"2"}},{"shape_attributes":{"name":"circle","cx":226,"cy":208,"r":16.263455967290593},"region_attributes":{"Type":"1","count":"2"}},{"shape_attributes":{"name":"circle","cx":359,"cy":246,"r":16.62077013859466},"region_attributes":{"Type":"1","count":"18"}},{"shape_attributes":{"name":"circle","cx":344,"cy":221,"r":18.76832437912346},"region_attributes":{"Type":"1","count":"11"}},{"shape_attributes":{"name":"circle","cx":314,"cy":242,"r":16.650825805346713},"region_attributes":{"Type":"1","count":"3"}},{"shape_attributes":{"name":"circle","cx":182,"cy":234,"r":12.5},"region_attributes":{"Type":"1","count":"3"}},{"shape_attributes":{"name":"circle","cx":180,"cy":210,"r":14.159802258506296},"region_attributes":{"Type":"2","count":"1"}},{"shape_attributes":{"name":"circle","cx":524,"cy":264,"r":11.40175425099138},"region_attributes":{"Type":"1","count":"8"}},{"shape_attributes":{"name":"circle","cx":558,"cy":224,"r":14.300349646075091},"region_attributes":{"Type":"2","count":"1"}},{"shape_attributes":{"name":"circle","cx":690,"cy":180,"r":14.159802258506296},"region_attributes":{"Type":"2","count":"1"}},{"shape_attributes":{"name":"circle","cx":663,"cy":180,"r":19.849433241279208},"region_attributes":{"Type":"1","count":"4"}},{"shape_attributes":{"name":"circle","cx":634,"cy":204,"r":16.32482771731451},"region_attributes":{"Type":"2","count":"2"}},{"shape_attributes":{"name":"circle","cx":640,"cy":235,"r":10.547511554864494},"region_attributes":{"Type":"1","count":"6"}},{"shape_attributes":{"name":"circle","cx":626,"cy":280,"r":14.916433890176299},"region_attributes":{"Type":"2","count":"1"}},{"shape_attributes":{"name":"circle","cx":598,"cy":266,"r":12.206555615733702},"region_attributes":{"Type":"2","count":"1"}},{"shape_attributes":{"name":"circle","cx":649,"cy":304,"r":15.692354826475215},"region_attributes":{"Type":"1","count":"3"}},{"shape_attributes":{"name":"circle","cx":572,"cy":327,"r":13.45362404707371},"region_attributes":{"Type":"2","count":"2"}},{"shape_attributes":{"name":"circle","cx":572,"cy":356,"r":12.020815280171307},"region_attributes":{"Type":"1","count":"11"}},{"shape_attributes":{"name":"circle","cx":556,"cy":358,"r":11.335784048754634},"region_attributes":{"Type":"2","count":"3"}},{"shape_attributes":{"name":"circle","cx":606,"cy":205,"r":12.379418403139947},"region_attributes":{"Type":"1","count":"3"}}],"file_attributes":{"date":"2021-05-27","temp":"59","rain":"2","neighborhood":"City Center","total_count":""}},"https://drive.google.com/uc?export=view&id=1XHcELSmWLCUGqZa0HQ7lez2UoYwbwBET\n":{"filename":"https://drive.google.com/uc?export=view&id=1XHcELSmWLCUGqZa0HQ7lez2UoYwbwBET\n","size":-1,"regions":[{"shape_attributes":{"name":"circle","cx":192,"cy":176,"r":14.705441169852742},"region_attributes":{"Type":"1","count":"5"}},{"shape_attributes":{"name":"circle","cx":182,"cy":206,"r":14.5},"region_attributes":{"Type":"1","count":"14"}},{"shape_attributes":{"name":"circle","cx":188,"cy":239,"r":14.5},"region_attributes":{"Type":"2","count":"2"}},{"shape_attributes":{"name":"circle","cx":204,"cy":204,"r":13.0862523283024},"region_attributes":{"Type":"2","count":"4"}},{"shape_attributes":{"name":"circle","cx":362,"cy":177,"r":15.20690632574555},"region_attributes":{"Type":"2","count":"1"}},{"shape_attributes":{"name":"circle","cx":348,"cy":214,"r":15.620499351813308},"region_attributes":{"Type":"1","count":"15"}},{"shape_attributes":{"name":"circle","cx":352,"cy":242,"r":13.729530217745982},"region_attributes":{"Type":"1","count":"27"}},{"shape_attributes":{"name":"circle","cx":376,"cy":238,"r":12.619429464123963},"region_attributes":{"Type":"2","count":"1"}},{"shape_attributes":{"name":"circle","cx":366,"cy":202,"r":11.926860441876563},"region_attributes":{"Type":"1","count":"2"}},{"shape_attributes":{"name":"circle","cx":328,"cy":255,"r":17.69180601295413},"region_attributes":{"Type":"1","count":"2"}},{"shape_attributes":{"name":"circle","cx":622,"cy":215,"r":17.69180601295413},"region_attributes":{"Type":"1","count":"2"}},{"shape_attributes":{"name":"circle","cx":324,"cy":325,"r":16.401219466856727},"region_attributes":{"Type":"1","count":"2"}},{"shape_attributes":{"name":"circle","cx":715,"cy":234,"r":17.69180601295413},"region_attributes":{"Type":"1","count":"2"}},{"shape_attributes":{"name":"circle","cx":290,"cy":204,"r":12.379418403139947},"region_attributes":{"Type":"1","count":"1"}},{"shape_attributes":{"name":"circle","cx":456,"cy":182,"r":12.379418403139947},"region_attributes":{"Type":"1","count":"1"}},{"shape_attributes":{"name":"circle","cx":440,"cy":290,"r":12.379418403139947},"region_attributes":{"Type":"1","count":"1"}},{"shape_attributes":{"name":"circle","cx":486,"cy":297,"r":12.379418403139947},"region_attributes":{"Type":"1","count":"1"}},{"shape_attributes":{"name":"circle","cx":570,"cy":207,"r":12.379418403139947},"region_attributes":{"Type":"1","count":"1"}},{"shape_attributes":{"name":"circle","cx":648,"cy":147,"r":12.379418403139947},"region_attributes":{"Type":"1","count":"1"}},{"shape_attributes":{"name":"circle","cx":702,"cy":180,"r":12.379418403139947},"region_attributes":{"Type":"1","count":"1"}},{"shape_attributes":{"name":"circle","cx":692,"cy":232,"r":12.379418403139947},"region_attributes":{"Type":"1","count":"1"}},{"shape_attributes":{"name":"circle","cx":708,"cy":263,"r":12.379418403139947},"region_attributes":{"Type":"1","count":"1"}},{"shape_attributes":{"name":"circle","cx":694,"cy":266,"r":12.379418403139947},"region_attributes":{"Type":"1","count":"1"}},{"shape_attributes":{"name":"circle","cx":688,"cy":286,"r":12.379418403139947},"region_attributes":{"Type":"1","count":"1"}},{"shape_attributes":{"name":"circle","cx":302,"cy":238,"r":12.379418403139947},"region_attributes":{"Type":"1","count":"1"}},{"shape_attributes":{"name":"circle","cx":492,"cy":149,"r":13.793114224133722},"region_attributes":{"Type":"2","count":"1"}},{"shape_attributes":{"name":"circle","cx":478,"cy":170,"r":11.510864433221338},"region_attributes":{"Type":"1","count":"5"}},{"shape_attributes":{"name":"circle","cx":562,"cy":333,"r":10.63014581273465},"region_attributes":{"Type":"2","count":"7"}},{"shape_attributes":{"name":"circle","cx":361,"cy":262,"r":11.715374513859981},"region_attributes":{"Type":"1","count":"3"}},{"shape_attributes":{"name":"circle","cx":558,"cy":238,"r":10.965856099730654},"region_attributes":{"Type":"1","count":"2"}},{"shape_attributes":{"name":"circle","cx":564,"cy":266,"r":12.806248474865697},"region_attributes":{"Type":"1","count":"4"}},{"shape_attributes":{"name":"circle","cx":584,"cy":264,"r":10.977249200050075},"region_attributes":{"Type":"2","count":"1"}},{"shape_attributes":{"name":"circle","cx":604,"cy":264,"r":10.307764064044152},"region_attributes":{"Type":"1","count":"1"}},{"shape_attributes":{"name":"circle","cx":624,"cy":260,"r":7.905694150420948},"region_attributes":{"Type":"2","count":"1"}},{"shape_attributes":{"name":"circle","cx":625,"cy":286,"r":12.379418403139947},"region_attributes":{"Type":"2","count":"1"}},{"shape_attributes":{"name":"circle","cx":667,"cy":298,"r":14.0089257261219},"region_attributes":{"Type":"1","count":"3"}},{"shape_attributes":{"name":"circle","cx":570,"cy":356,"r":11.800423721205947},"region_attributes":{"Type":"1","count":"8"}},{"shape_attributes":{"name":"circle","cx":585,"cy":330,"r":14.142135623730951},"region_attributes":{"Type":"1","count":"4"}},{"shape_attributes":{"name":"circle","cx":589,"cy":354,"r":14.534441853748634},"region_attributes":{"Type":"2","count":"1"}}],"file_attributes":{"date":"2021-06-01","temp":"","rain":"2","neighborhood":"City Center","total_count":""}},"https://drive.google.com/uc?export=view&id=1oFE1MChhntKGyV3rTDH9OGSiNFGksDDo\n":{"filename":"https://drive.google.com/uc?export=view&id=1oFE1MChhntKGyV3rTDH9OGSiNFGksDDo\n","size":-1,"regions":[{"shape_attributes":{"name":"circle","cx":231,"cy":227,"r":16.278820596099706},"region_attributes":{"Type":"1","count":"1"}},{"shape_attributes":{"name":"circle","cx":275,"cy":237,"r":16.278820596099706},"region_attributes":{"Type":"1","count":"1"}},{"shape_attributes":{"name":"circle","cx":264,"cy":263,"r":16.278820596099706},"region_attributes":{"Type":"1","count":"1"}},{"shape_attributes":{"name":"circle","cx":262,"cy":297,"r":16.278820596099706},"region_attributes":{"Type":"1","count":"1"}},{"shape_attributes":{"name":"circle","cx":268,"cy":329,"r":16.278820596099706},"region_attributes":{"Type":"1","count":"1"}},{"shape_attributes":{"name":"circle","cx":308,"cy":298,"r":16.278820596099706},"region_attributes":{"Type":"1","count":"1"}},{"shape_attributes":{"name":"circle","cx":307,"cy":365,"r":16.278820596099706},"region_attributes":{"Type":"1","count":"1"}},{"shape_attributes":{"name":"circle","cx":313,"cy":167,"r":16.278820596099706},"region_attributes":{"Type":"1","count":"1"}},{"shape_attributes":{"name":"circle","cx":318,"cy":198,"r":18.117670931993437},"region_attributes":{"Type":"1","count":"1"}},{"shape_attributes":{"name":"circle","cx":338,"cy":155,"r":16.278820596099706},"region_attributes":{"Type":"1","count":"1"}},{"shape_attributes":{"name":"circle","cx":357,"cy":141,"r":16.278820596099706},"region_attributes":{"Type":"1","count":"1"}},{"shape_attributes":{"name":"circle","cx":388,"cy":144,"r":16.278820596099706},"region_attributes":{"Type":"1","count":"1"}},{"shape_attributes":{"name":"circle","cx":423,"cy":176,"r":16.278820596099706},"region_attributes":{"Type":"1","count":"1"}},{"shape_attributes":{"name":"circle","cx":368,"cy":179,"r":16.278820596099706},"region_attributes":{"Type":"1","count":"1"}},{"shape_attributes":{"name":"circle","cx":404,"cy":263,"r":16.278820596099706},"region_attributes":{"Type":"1","count":"1"}},{"shape_attributes":{"name":"circle","cx":425,"cy":283,"r":16.278820596099706},"region_attributes":{"Type":"1","count":"1"}},{"shape_attributes":{"name":"circle","cx":361,"cy":353,"r":16.278820596099706},"region_attributes":{"Type":"1","count":"1"}},{"shape_attributes":{"name":"circle","cx":460,"cy":269,"r":16.278820596099706},"region_attributes":{"Type":"1","count":"1"}},{"shape_attributes":{"name":"circle","cx":439,"cy":302,"r":16.278820596099706},"region_attributes":{"Type":"1","count":"1"}},{"shape_attributes":{"name":"circle","cx":608,"cy":144,"r":16.278820596099706},"region_attributes":{"Type":"1","count":"1"}},{"shape_attributes":{"name":"circle","cx":602,"cy":179,"r":16.278820596099706},"region_attributes":{"Type":"1","count":"1"}},{"shape_attributes":{"name":"circle","cx":599,"cy":199,"r":16.278820596099706},"region_attributes":{"Type":"1","count":"1"}},{"shape_attributes":{"name":"circle","cx":666,"cy":140,"r":16.278820596099706},"region_attributes":{"Type":"1","count":"1"}},{"shape_attributes":{"name":"circle","cx":637,"cy":161,"r":16.278820596099706},"region_attributes":{"Type":"1","count":"1"}},{"shape_attributes":{"name":"circle","cx":643,"cy":175,"r":16.278820596099706},"region_attributes":{"Type":"1","count":"1"}},{"shape_attributes":{"name":"circle","cx":693,"cy":239,"r":16.278820596099706},"region_attributes":{"Type":"1","count":"1"}},{"shape_attributes":{"name":"circle","cx":644,"cy":210,"r":16.278820596099706},"region_attributes":{"Type":"1","count":"1"}},{"shape_attributes":{"name":"circle","cx":687,"cy":171,"r":16.278820596099706},"region_attributes":{"Type":"1","count":"1"}},{"shape_attributes":{"name":"circle","cx":689,"cy":293,"r":16.278820596099706},"region_attributes":{"Type":"1","count":"1"}},{"shape_attributes":{"name":"circle","cx":692,"cy":317,"r":16.278820596099706},"region_attributes":{"Type":"1","count":"1"}},{"shape_attributes":{"name":"circle","cx":688,"cy":358,"r":16.278820596099706},"region_attributes":{"Type":"1","count":"1"}},{"shape_attributes":{"name":"circle","cx":629,"cy":353,"r":16.278820596099706},"region_attributes":{"Type":"1","count":"1"}},{"shape_attributes":{"name":"circle","cx":583,"cy":319,"r":16.278820596099706},"region_attributes":{"Type":"1","count":"1"}},{"shape_attributes":{"name":"circle","cx":531,"cy":340,"r":16.278820596099706},"region_attributes":{"Type":"1","count":"1"}},{"shape_attributes":{"name":"circle","cx":370,"cy":207,"r":16.278820596099706},"region_attributes":{"Type":"1","count":"1"}},{"shape_attributes":{"name":"circle","cx":348,"cy":183,"r":16.278820596099706},"region_attributes":{"Type":"2","count":"1"}},{"shape_attributes":{"name":"circle","cx":257,"cy":172,"r":16.278820596099706},"region_attributes":{"Type":"1","count":"1"}},{"shape_attributes":{"name":"circle","cx":349,"cy":210,"r":14.7648230602334},"region_attributes":{"Type":"2","count":"1"}},{"shape_attributes":{"name":"circle","cx":314,"cy":222,"r":14.916433890176299},"region_attributes":{"Type":"1","count":"3"}},{"shape_attributes":{"name":"circle","cx":560,"cy":329,"r":13.601470508735444},"region_attributes":{"Type":"2","count":"2"}},{"shape_attributes":{"name":"circle","cx":554,"cy":347,"r":10},"region_attributes":{"Type":"1","count":"1"}},{"shape_attributes":{"name":"circle","cx":566,"cy":363,"r":11.01135777277262},"region_attributes":{"Type":"1","count":"15"}},{"shape_attributes":{"name":"circle","cx":580,"cy":348,"r":10.816653826391969},"region_attributes":{"Type":"1","count":"3"}},{"shape_attributes":{"name":"circle","cx":607,"cy":262,"r":11.672617529928752},"region_attributes":{"Type":"2","count":"3"}},{"shape_attributes":{"name":"circle","cx":622,"cy":206,"r":9.5524865872714},"region_attributes":{"Type":"1","count":"3"}},{"shape_attributes":{"name":"circle","cx":623,"cy":290,"r":14.0089257261219},"region_attributes":{"Type":"2","count":"1"}},{"shape_attributes":{"name":"circle","cx":600,"cy":282,"r":14.916433890176299},"region_attributes":{"Type":"2","count":"4"}},{"shape_attributes":{"name":"circle","cx":646,"cy":226,"r":13.313526955694348},"region_attributes":{"Type":"2","count":"1"}},{"shape_attributes":{"name":"circle","cx":658,"cy":297,"r":13.901438774457844},"region_attributes":{"Type":"1","count":"2"}},{"shape_attributes":{"name":"circle","cx":482,"cy":243,"r":15.239750654128171},"region_attributes":{"Type":"1","count":"2"}},{"shape_attributes":{"name":"circle","cx":448,"cy":147,"r":15},"region_attributes":{"Type":"1","count":"3"}},{"shape_attributes":{"name":"circle","cx":348,"cy":268,"r":10.965856099730654},"region_attributes":{"Type":"1","count":"2"}},{"shape_attributes":{"name":"circle","cx":350,"cy":245,"r":15.402921800749363},"region_attributes":{"Type":"1","count":"12"}},{"shape_attributes":{"name":"circle","cx":384,"cy":270,"r":13.82931668593933},"region_attributes":{"Type":"2","count":"1"}}],"file_attributes":{"date":"2021-07-30","temp":"66","rain":"2","neighborhood":"City Center","total_count":""}},"https://drive.google.com/uc?export=view&id=1TPcrSFjPgEr553QdR933vFd8-C7pmzuV\n":{"filename":"https://drive.google.com/uc?export=view&id=1TPcrSFjPgEr553QdR933vFd8-C7pmzuV\n","size":-1,"regions":[{"shape_attributes":{"name":"circle","cx":202,"cy":284,"r":16.80029761641144},"region_attributes":{"Type":"1","count":"1"}},{"shape_attributes":{"name":"circle","cx":260,"cy":282,"r":16.80029761641144},"region_attributes":{"Type":"1","count":"1"}},{"shape_attributes":{"name":"circle","cx":306,"cy":356,"r":17.10263137648707},"region_attributes":{"Type":"1","count":"1"}},{"shape_attributes":{"name":"circle","cx":364,"cy":350,"r":16.80029761641144},"region_attributes":{"Type":"1","count":"1"}},{"shape_attributes":{"name":"circle","cx":248,"cy":400,"r":16.80029761641144},"region_attributes":{"Type":"1","count":"1"}},{"shape_attributes":{"name":"circle","cx":302,"cy":220,"r":16.80029761641144},"region_attributes":{"Type":"1","count":"1"}},{"shape_attributes":{"name":"circle","cx":274,"cy":230,"r":16.80029761641144},"region_attributes":{"Type":"1","count":"1"}},{"shape_attributes":{"name":"circle","cx":347,"cy":160,"r":16.80029761641144},"region_attributes":{"Type":"1","count":"1"}},{"shape_attributes":{"name":"circle","cx":358,"cy":262,"r":16.80029761641144},"region_attributes":{"Type":"1","count":"1"}},{"shape_attributes":{"name":"circle","cx":406,"cy":244,"r":16.80029761641144},"region_attributes":{"Type":"1","count":"1"}},{"shape_attributes":{"name":"circle","cx":410,"cy":288,"r":16.80029761641144},"region_attributes":{"Type":"1","count":"1"}},{"shape_attributes":{"name":"circle","cx":161,"cy":406,"r":16.80029761641144},"region_attributes":{"Type":"1","count":"1"}},{"shape_attributes":{"name":"circle","cx":488,"cy":286,"r":16.80029761641144},"region_attributes":{"Type":"1","count":"1"}},{"shape_attributes":{"name":"circle","cx":546,"cy":190,"r":16.80029761641144},"region_attributes":{"Type":"1","count":"1"}},{"shape_attributes":{"name":"circle","cx":540,"cy":304,"r":16.80029761641144},"region_attributes":{"Type":"1","count":"1"}},{"shape_attributes":{"name":"circle","cx":546,"cy":336,"r":16.80029761641144},"region_attributes":{"Type":"1","count":"1"}},{"shape_attributes":{"name":"circle","cx":621,"cy":154,"r":16.80029761641144},"region_attributes":{"Type":"1","count":"1"}},{"shape_attributes":{"name":"circle","cx":735,"cy":86,"r":16.80029761641144},"region_attributes":{"Type":"1","count":"1"}},{"shape_attributes":{"name":"circle","cx":738,"cy":114,"r":16.80029761641144},"region_attributes":{"Type":"1","count":"1"}},{"shape_attributes":{"name":"circle","cx":708,"cy":128,"r":16.80029761641144},"region_attributes":{"Type":"1","count":"1"}},{"shape_attributes":{"name":"circle","cx":620,"cy":234,"r":16.80029761641144},"region_attributes":{"Type":"1","count":"1"}},{"shape_attributes":{"name":"circle","cx":742,"cy":188,"r":16.80029761641144},"region_attributes":{"Type":"1","count":"1"}},{"shape_attributes":{"name":"circle","cx":744,"cy":218,"r":16.80029761641144},"region_attributes":{"Type":"1","count":"1"}},{"shape_attributes":{"name":"circle","cx":700,"cy":208,"r":16.80029761641144},"region_attributes":{"Type":"1","count":"1"}},{"shape_attributes":{"name":"circle","cx":708,"cy":290,"r":17.10263137648707},"region_attributes":{"Type":"1","count":"1"}},{"shape_attributes":{"name":"circle","cx":182,"cy":156,"r":16.80029761641144},"region_attributes":{"Type":"1","count":"1"}},{"shape_attributes":{"name":"circle","cx":738,"cy":322,"r":16.80029761641144},"region_attributes":{"Type":"1","count":"1"}},{"shape_attributes":{"name":"circle","cx":162,"cy":164,"r":14.534441853748634},"region_attributes":{"Type":"2","count":"2"}},{"shape_attributes":{"name":"circle","cx":160,"cy":188,"r":12.776932339180638},"region_attributes":{"Type":"2","count":"5"}},{"shape_attributes":{"name":"circle","cx":180,"cy":186,"r":10.124228365658293},"region_attributes":{"Type":"1","count":"3"}},{"shape_attributes":{"name":"circle","cx":158,"cy":219,"r":18.82153022471871},"region_attributes":{"Type":"1","count":"7"}},{"shape_attributes":{"name":"circle","cx":160,"cy":346,"r":12.103718436910205},"region_attributes":{"Type":"2","count":"1"}},{"shape_attributes":{"name":"circle","cx":311,"cy":252,"r":10.735455276791944},"region_attributes":{"Type":"1","count":"4"}},{"shape_attributes":{"name":"circle","cx":224,"cy":252,"r":14.603081866510234},"region_attributes":{"Type":"1","count":"3"}},{"shape_attributes":{"name":"circle","cx":322,"cy":180,"r":9.5524865872714},"region_attributes":{"Type":"1","count":""}},{"shape_attributes":{"name":"circle","cx":364,"cy":151,"r":12.529964086141668},"region_attributes":{"Type":"2","count":"1"}},{"shape_attributes":{"name":"circle","cx":723,"cy":158,"r":11.01135777277262},"region_attributes":{"Type":"2","count":"1"}},{"shape_attributes":{"name":"circle","cx":642,"cy":191,"r":13.793114224133722},"region_attributes":{"Type":"1","count":"2"}},{"shape_attributes":{"name":"circle","cx":718,"cy":184,"r":13.200378782444085},"region_attributes":{"Type":"1","count":"3"}},{"shape_attributes":{"name":"circle","cx":574,"cy":194,"r":15.305227865013967},"region_attributes":{"Type":"2","count":"2"}},{"shape_attributes":{"name":"circle","cx":572,"cy":322,"r":13.45362404707371},"region_attributes":{"Type":"2","count":"2"}},{"shape_attributes":{"name":"circle","cx":597,"cy":274,"r":17.613914953808536},"region_attributes":{"Type":"2","count":"4"}},{"shape_attributes":{"name":"circle","cx":605,"cy":330,"r":11.236102527122116},"region_attributes":{"Type":"3","count":"2"}},{"shape_attributes":{"name":"circle","cx":596,"cy":338,"r":13.209844813622906},"region_attributes":{"Type":"1","count":"6"}},{"shape_attributes":{"name":"circle","cx":591,"cy":359,"r":16.64331697709324},"region_attributes":{"Type":"1","count":"2"}},{"shape_attributes":{"name":"circle","cx":728,"cy":278,"r":12.747548783981962},"region_attributes":{"Type":"1","count":"4"}},{"shape_attributes":{"name":"circle","cx":392,"cy":268,"r":11.412712210513327},"region_attributes":{"Type":"1","count":"2"}},{"shape_attributes":{"name":"circle","cx":642,"cy":250,"r":11.510864433221338},"region_attributes":{"Type":"2","count":"1"}},{"shape_attributes":{"name":"circle","cx":713,"cy":224,"r":8.5},"region_attributes":{"Type":"1","count":"2"}},{"shape_attributes":{"name":"circle","cx":338,"cy":195,"r":20},"region_attributes":{"Type":"1","count":"9"}},{"shape_attributes":{"name":"circle","cx":362,"cy":220,"r":16},"region_attributes":{"Type":"1","count":"21"}},{"shape_attributes":{"name":"circle","cx":570,"cy":343,"r":16.64331697709324},"region_attributes":{"Type":"1","count":"2"}},{"shape_attributes":{"name":"circle","cx":617,"cy":294,"r":16.64331697709324},"region_attributes":{"Type":"1","count":"2"}},{"shape_attributes":{"name":"circle","cx":680,"cy":338,"r":16.64331697709324},"region_attributes":{"Type":"1","count":"2"}},{"shape_attributes":{"name":"circle","cx":643,"cy":295,"r":13},"region_attributes":{"Type":"1","count":"1"}},{"shape_attributes":{"name":"circle","cx":639,"cy":269,"r":16},"region_attributes":{"Type":"2","count":"1"}}],"file_attributes":{"date":"2021-08-27","temp":"70","rain":"2","neighborhood":"City Center","total_count":""}},"https://drive.google.com/uc?export=view&id=1DjUZoFEg_hAagWyrG_sNkC7FnmL7LJcR\n":{"filename":"https://drive.google.com/uc?export=view&id=1DjUZoFEg_hAagWyrG_sNkC7FnmL7LJcR\n","size":-1,"regions":[{"shape_attributes":{"name":"circle","cx":224,"cy":331,"r":20.180436070610565},"region_attributes":{"Type":"1","count":"1"}},{"shape_attributes":{"name":"circle","cx":252,"cy":290,"r":20.180436070610565},"region_attributes":{"Type":"1","count":"1"}},{"shape_attributes":{"name":"circle","cx":266,"cy":273,"r":20.180436070610565},"region_attributes":{"Type":"1","count":"1"}},{"shape_attributes":{"name":"circle","cx":312,"cy":269,"r":20.180436070610565},"region_attributes":{"Type":"1","count":"1"}},{"shape_attributes":{"name":"circle","cx":256,"cy":377,"r":20.180436070610565},"region_attributes":{"Type":"1","count":"1"}},{"shape_attributes":{"name":"circle","cx":360,"cy":289,"r":20.180436070610565},"region_attributes":{"Type":"1","count":"1"}},{"shape_attributes":{"name":"circle","cx":350,"cy":268,"r":20.180436070610565},"region_attributes":{"Type":"1","count":"1"}},{"shape_attributes":{"name":"circle","cx":410,"cy":300,"r":20.180436070610565},"region_attributes":{"Type":"1","count":"1"}},{"shape_attributes":{"name":"circle","cx":380,"cy":295,"r":20.180436070610565},"region_attributes":{"Type":"1","count":"1"}},{"shape_attributes":{"name":"circle","cx":374,"cy":277,"r":20.180436070610565},"region_attributes":{"Type":"1","count":"1"}},{"shape_attributes":{"name":"circle","cx":532,"cy":224,"r":20.180436070610565},"region_attributes":{"Type":"1","count":"1"}},{"shape_attributes":{"name":"circle","cx":612,"cy":168,"r":20.180436070610565},"region_attributes":{"Type":"1","count":"1"}},{"shape_attributes":{"name":"circle","cx":588,"cy":204,"r":20.180436070610565},"region_attributes":{"Type":"1","count":"1"}},{"shape_attributes":{"name":"circle","cx":482,"cy":351,"r":20.180436070610565},"region_attributes":{"Type":"1","count":"1"}},{"shape_attributes":{"name":"circle","cx":668,"cy":262,"r":20.180436070610565},"region_attributes":{"Type":"1","count":"1"}},{"shape_attributes":{"name":"circle","cx":708,"cy":244,"r":20.180436070610565},"region_attributes":{"Type":"1","count":"1"}},{"shape_attributes":{"name":"circle","cx":680,"cy":239,"r":20.180436070610565},"region_attributes":{"Type":"1","count":"1"}},{"shape_attributes":{"name":"circle","cx":610,"cy":300,"r":20.180436070610565},"region_attributes":{"Type":"1","count":"1"}},{"shape_attributes":{"name":"circle","cx":632,"cy":261,"r":20.180436070610565},"region_attributes":{"Type":"1","count":"1"}},{"shape_attributes":{"name":"circle","cx":576,"cy":268,"r":20.180436070610565},"region_attributes":{"Type":"1","count":"1"}},{"shape_attributes":{"name":"circle","cx":548,"cy":320,"r":22.34390297150433},"region_attributes":{"Type":"1","count":"1"}},{"shape_attributes":{"name":"circle","cx":340,"cy":162,"r":20.180436070610565},"region_attributes":{"Type":"1","count":"2"}},{"shape_attributes":{"name":"circle","cx":264,"cy":233,"r":20.180436070610565},"region_attributes":{"Type":"1","count":"1"}},{"shape_attributes":{"name":"circle","cx":365,"cy":196,"r":15.402921800749363},"region_attributes":{"Type":"2","count":"1"}},{"shape_attributes":{"name":"circle","cx":342,"cy":194,"r":12.419742348374221},"region_attributes":{"Type":"2","count":"1"}},{"shape_attributes":{"name":"circle","cx":341,"cy":210,"r":9.7082439194738},"region_attributes":{"Type":"1","count":"9"}},{"shape_attributes":{"name":"circle","cx":297,"cy":231,"r":12.206555615733702},"region_attributes":{"Type":"1","count":"5"}},{"shape_attributes":{"name":"circle","cx":319,"cy":228,"r":13.0862523283024},"region_attributes":{"Type":"1","count":"3"}},{"shape_attributes":{"name":"circle","cx":357,"cy":231,"r":14.212670403551895},"region_attributes":{"Type":"1","count":"12"}},{"shape_attributes":{"name":"circle","cx":390,"cy":216,"r":15.20690632574555},"region_attributes":{"Type":"2","count":"1"}},{"shape_attributes":{"name":"circle","cx":396,"cy":257,"r":13.124404748406688},"region_attributes":{"Type":"1","count":"3"}},{"shape_attributes":{"name":"circle","cx":552,"cy":345,"r":16.710774967068403},"region_attributes":{"Type":"1","count":"2"}},{"shape_attributes":{"name":"circle","cx":670,"cy":342,"r":16.710774967068403},"region_attributes":{"Type":"1","count":"2"}},{"shape_attributes":{"name":"circle","cx":618,"cy":215,"r":16.710774967068403},"region_attributes":{"Type":"1","count":"2"}},{"shape_attributes":{"name":"circle","cx":534,"cy":257,"r":16.710774967068403},"region_attributes":{"Type":"1","count":"2"}},{"shape_attributes":{"name":"circle","cx":566,"cy":230,"r":16.710774967068403},"region_attributes":{"Type":"1","count":"2"}},{"shape_attributes":{"name":"circle","cx":484,"cy":232,"r":16.710774967068403},"region_attributes":{"Type":"1","count":"2"}},{"shape_attributes":{"name":"circle","cx":488,"cy":290,"r":16.98528775146303},"region_attributes":{"Type":"1","count":"3"}},{"shape_attributes":{"name":"circle","cx":650,"cy":205,"r":13.901438774457844},"region_attributes":{"Type":"2","count":"1"}},{"shape_attributes":{"name":"circle","cx":578,"cy":348,"r":16.224980739587952},"region_attributes":{"Type":"2","count":"4"}},{"shape_attributes":{"name":"circle","cx":570,"cy":314,"r":19.45507645834372},"region_attributes":{"Type":"1","count":"3"}},{"shape_attributes":{"name":"circle","cx":707,"cy":208,"r":12.727922061357855},"region_attributes":{"Type":"2","count":"1"}},{"shape_attributes":{"name":"circle","cx":228,"cy":288,"r":16.32482771731451},"region_attributes":{"Type":"1","count":"2"}},{"shape_attributes":{"name":"circle","cx":610,"cy":256,"r":15},"region_attributes":{"Type":"2","count":"1"}}],"file_attributes":{"date":"2021-09-30","temp":"66","rain":"2","neighborhood":"City Center","total_count":""}},"https://drive.google.com/uc?export=view&id=1Nk2roOnNWz_zJGq_kr6RMLkt8WC1kDLP\n":{"filename":"https://drive.google.com/uc?export=view&id=1Nk2roOnNWz_zJGq_kr6RMLkt8WC1kDLP\n","size":-1,"regions":[{"shape_attributes":{"name":"circle","cx":236,"cy":102,"r":13.435028842544403},"region_attributes":{"Type":"1","count":"1"}},{"shape_attributes":{"name":"circle","cx":264,"cy":198,"r":13.435028842544403},"region_attributes":{"Type":"1","count":"1"}},{"shape_attributes":{"name":"circle","cx":284,"cy":158,"r":13.435028842544403},"region_attributes":{"Type":"1","count":"1"}},{"shape_attributes":{"name":"circle","cx":438,"cy":136,"r":13.435028842544403},"region_attributes":{"Type":"1","count":"1"}},{"shape_attributes":{"name":"circle","cx":678,"cy":288,"r":14.159802258506296},"region_attributes":{"Type":"1","count":"1"}},{"shape_attributes":{"name":"circle","cx":292,"cy":244,"r":13.435028842544403},"region_attributes":{"Type":"1","count":"1"}},{"shape_attributes":{"name":"circle","cx":330,"cy":234,"r":13.435028842544403},"region_attributes":{"Type":"1","count":"1"}},{"shape_attributes":{"name":"circle","cx":498,"cy":182,"r":13.435028842544403},"region_attributes":{"Type":"1","count":"1"}},{"shape_attributes":{"name":"circle","cx":490,"cy":280,"r":13.435028842544403},"region_attributes":{"Type":"1","count":"1"}},{"shape_attributes":{"name":"circle","cx":500,"cy":236,"r":13.435028842544403},"region_attributes":{"Type":"1","count":"1"}},{"shape_attributes":{"name":"circle","cx":566,"cy":178,"r":13.435028842544403},"region_attributes":{"Type":"1","count":"1"}},{"shape_attributes":{"name":"circle","cx":662,"cy":158,"r":13.435028842544403},"region_attributes":{"Type":"1","count":"1"}},{"shape_attributes":{"name":"circle","cx":526,"cy":208,"r":13.435028842544403},"region_attributes":{"Type":"1","count":"1"}},{"shape_attributes":{"name":"circle","cx":682,"cy":242,"r":13.435028842544403},"region_attributes":{"Type":"1","count":"1"}},{"shape_attributes":{"name":"circle","cx":632,"cy":234,"r":13.435028842544403},"region_attributes":{"Type":"1","count":"1"}},{"shape_attributes":{"name":"circle","cx":138,"cy":98,"r":13.435028842544403},"region_attributes":{"Type":"1","count":"1"}},{"shape_attributes":{"name":"circle","cx":142,"cy":116,"r":10.124228365658293},"region_attributes":{"Type":"2","count":"1"}},{"shape_attributes":{"name":"circle","cx":138,"cy":141,"r":12.041594578792296},"region_attributes":{"Type":"1","count":"2"}},{"shape_attributes":{"name":"circle","cx":156,"cy":135,"r":8.48528137423857},"region_attributes":{"Type":"2","count":"2"}},{"shape_attributes":{"name":"circle","cx":155,"cy":163,"r":8.48528137423857},"region_attributes":{"Type":"2","count":"2"}},{"shape_attributes":{"name":"circle","cx":141,"cy":164,"r":10},"region_attributes":{"Type":"1","count":"4"}},{"shape_attributes":{"name":"circle","cx":138,"cy":182,"r":9.7082439194738},"region_attributes":{"Type":"1","count":"2"}},{"shape_attributes":{"name":"circle","cx":146,"cy":200,"r":13.729530217745982},"region_attributes":{"Type":"2","count":"4"}},{"shape_attributes":{"name":"circle","cx":191,"cy":252,"r":16.00781059358212},"region_attributes":{"Type":"1","count":"2"}},{"shape_attributes":{"name":"circle","cx":368,"cy":226,"r":14.159802258506296},"region_attributes":{"Type":"1","count":"2"}},{"shape_attributes":{"name":"circle","cx":334,"cy":180,"r":8.94427190999916},"region_attributes":{"Type":"1","count":"2"}},{"shape_attributes":{"name":"circle","cx":312,"cy":168,"r":8.514693182963201},"region_attributes":{"Type":"1","count":"2"}},{"shape_attributes":{"name":"circle","cx":315,"cy":187,"r":7.211102550927978},"region_attributes":{"Type":"2","count":"1"}},{"shape_attributes":{"name":"circle","cx":325,"cy":196,"r":12.529964086141668},"region_attributes":{"Type":"1","count":"17"}},{"shape_attributes":{"name":"circle","cx":276,"cy":226,"r":9.433981132056603},"region_attributes":{"Type":"1","count":"3"}},{"shape_attributes":{"name":"circle","cx":286,"cy":177,"r":9.899494936611665},"region_attributes":{"Type":"3","count":"1"}},{"shape_attributes":{"name":"circle","cx":439,"cy":260,"r":16.224980739587952},"region_attributes":{"Type":"1","count":"5"}},{"shape_attributes":{"name":"circle","cx":545,"cy":235,"r":10.63014581273465},"region_attributes":{"Type":"1","count":"3"}},{"shape_attributes":{"name":"circle","cx":526,"cy":174,"r":13.209844813622906},"region_attributes":{"Type":"2","count":"1"}},{"shape_attributes":{"name":"circle","cx":546,"cy":253,"r":12.041594578792296},"region_attributes":{"Type":"2","count":"1"}},{"shape_attributes":{"name":"circle","cx":544,"cy":198,"r":11.335784048754634},"region_attributes":{"Type":"3","count":"1"}},{"shape_attributes":{"name":"circle","cx":526,"cy":290,"r":10.307764064044152},"region_attributes":{"Type":"1","count":"5"}},{"shape_attributes":{"name":"circle","cx":522,"cy":308,"r":9.219544457292887},"region_attributes":{"Type":"2","count":"3"}},{"shape_attributes":{"name":"circle","cx":530,"cy":320,"r":11.067971810589327},"region_attributes":{"Type":"1","count":"5"}},{"shape_attributes":{"name":"circle","cx":546,"cy":308,"r":10},"region_attributes":{"Type":"1","count":"4"}},{"shape_attributes":{"name":"circle","cx":622,"cy":258,"r":9.604686356149273},"region_attributes":{"Type":"1","count":"3"}},{"shape_attributes":{"name":"circle","cx":658,"cy":259,"r":8.139410298049853},"region_attributes":{"Type":"1","count":"1"}},{"shape_attributes":{"name":"circle","cx":658,"cy":286,"r":12.90348790056394},"region_attributes":{"Type":"1","count":"2"}},{"shape_attributes":{"name":"circle","cx":663,"cy":223,"r":10.63014581273465},"region_attributes":{"Type":"1","count":"2"}},{"shape_attributes":{"name":"circle","cx":675,"cy":174,"r":9.394147114027968},"region_attributes":{"Type":"2","count":"1"}},{"shape_attributes":{"name":"circle","cx":670,"cy":190,"r":15.953056133543816},"region_attributes":{"Type":"1","count":"3"}},{"shape_attributes":{"name":"circle","cx":614,"cy":170,"r":13.038404810405298},"region_attributes":{"Type":"1","count":"3"}},{"shape_attributes":{"name":"circle","cx":609,"cy":188,"r":14.0089257261219},"region_attributes":{"Type":"2","count":"2"}},{"shape_attributes":{"name":"circle","cx":586,"cy":181,"r":7.211102550927978},"region_attributes":{"Type":"1","count":"2"}},{"shape_attributes":{"name":"circle","cx":281,"cy":131,"r":18},"region_attributes":{"Type":"1","count":"2"}},{"shape_attributes":{"name":"circle","cx":441,"cy":110,"r":13},"region_attributes":{"Type":"2","count":"1"}}],"file_attributes":{"date":"2021-10-28","temp":"61","rain":"2","neighborhood":"City Center","total_count":""}},"https://drive.google.com/uc?export=view&id=1CFjNNuZZ1Z26WcVPjN2N1pVdRJyCLpe1\n":{"filename":"https://drive.google.com/uc?export=view&id=1CFjNNuZZ1Z26WcVPjN2N1pVdRJyCLpe1\n","size":-1,"regions":[{"shape_attributes":{"name":"circle","cx":166,"cy":134,"r":13.0862523283024},"region_attributes":{"Type":"1","count":"2"}},{"shape_attributes":{"name":"circle","cx":167,"cy":150,"r":10.307764064044152},"region_attributes":{"Type":"2","count":"3"}},{"shape_attributes":{"name":"circle","cx":232,"cy":128,"r":14.0089257261219},"region_attributes":{"Type":"1","count":"1"}},{"shape_attributes":{"name":"circle","cx":378,"cy":136,"r":14.0089257261219},"region_attributes":{"Type":"1","count":"1"}},{"shape_attributes":{"name":"circle","cx":298,"cy":162,"r":14.0089257261219},"region_attributes":{"Type":"1","count":"1"}},{"shape_attributes":{"name":"circle","cx":231,"cy":192,"r":14.0089257261219},"region_attributes":{"Type":"1","count":"1"}},{"shape_attributes":{"name":"circle","cx":229,"cy":252,"r":14.0089257261219},"region_attributes":{"Type":"1","count":"1"}},{"shape_attributes":{"name":"circle","cx":451,"cy":208,"r":14.0089257261219},"region_attributes":{"Type":"1","count":"1"}},{"shape_attributes":{"name":"circle","cx":390,"cy":264,"r":13.46291201783626},"region_attributes":{"Type":"1","count":"1"}},{"shape_attributes":{"name":"circle","cx":403,"cy":284,"r":14.0089257261219},"region_attributes":{"Type":"1","count":"1"}},{"shape_attributes":{"name":"circle","cx":418,"cy":270,"r":14.0089257261219},"region_attributes":{"Type":"1","count":"1"}},{"shape_attributes":{"name":"circle","cx":450,"cy":236,"r":14.0089257261219},"region_attributes":{"Type":"1","count":"1"}},{"shape_attributes":{"name":"circle","cx":444,"cy":280,"r":14.0089257261219},"region_attributes":{"Type":"1","count":"1"}},{"shape_attributes":{"name":"circle","cx":485,"cy":262,"r":12.419742348374221},"region_attributes":{"Type":"1","count":"1"}},{"shape_attributes":{"name":"circle","cx":554,"cy":196,"r":14.0089257261219},"region_attributes":{"Type":"1","count":"1"}},{"shape_attributes":{"name":"circle","cx":533,"cy":278,"r":14.0089257261219},"region_attributes":{"Type":"1","count":"1"}},{"shape_attributes":{"name":"circle","cx":574,"cy":262,"r":13.729530217745982},"region_attributes":{"Type":"1","count":"1"}},{"shape_attributes":{"name":"circle","cx":575,"cy":136,"r":14.0089257261219},"region_attributes":{"Type":"1","count":"1"}},{"shape_attributes":{"name":"circle","cx":190,"cy":150,"r":14.0089257261219},"region_attributes":{"Type":"1","count":"1"}},{"shape_attributes":{"name":"circle","cx":719,"cy":114,"r":9.013878188659973},"region_attributes":{"Type":"1","count":"1"}},{"shape_attributes":{"name":"circle","cx":730,"cy":173,"r":15},"region_attributes":{"Type":"1","count":"1"}},{"shape_attributes":{"name":"circle","cx":737,"cy":211,"r":12.206555615733702},"region_attributes":{"Type":"2","count":"2"}},{"shape_attributes":{"name":"circle","cx":720,"cy":199,"r":10.547511554864494},"region_attributes":{"Type":"1","count":"2"}},{"shape_attributes":{"name":"circle","cx":184,"cy":179,"r":14.142135623730951},"region_attributes":{"Type":"2","count":"1"}},{"shape_attributes":{"name":"circle","cx":163,"cy":187,"r":17.204650534085253},"region_attributes":{"Type":"1","count":"5"}},{"shape_attributes":{"name":"circle","cx":166,"cy":213,"r":10.770329614269007},"region_attributes":{"Type":"2","count":"5"}},{"shape_attributes":{"name":"circle","cx":262,"cy":135,"r":13.901438774457844},"region_attributes":{"Type":"1","count":"3"}},{"shape_attributes":{"name":"circle","cx":257,"cy":175,"r":14.142135623730951},"region_attributes":{"Type":"1","count":"4"}},{"shape_attributes":{"name":"circle","cx":296,"cy":210,"r":16.507574019219177},"region_attributes":{"Type":"1","count":"8"}},{"shape_attributes":{"name":"circle","cx":328,"cy":184,"r":14.916433890176299},"region_attributes":{"Type":"1","count":"2"}},{"shape_attributes":{"name":"circle","cx":352,"cy":177,"r":9.219544457292887},"region_attributes":{"Type":"1","count":"12"}},{"shape_attributes":{"name":"circle","cx":347,"cy":198,"r":9.5524865872714},"region_attributes":{"Type":"2","count":"1"}},{"shape_attributes":{"name":"circle","cx":358,"cy":214,"r":16.507574019219177},"region_attributes":{"Type":"1","count":"13"}},{"shape_attributes":{"name":"circle","cx":372,"cy":178,"r":10.307764064044152},"region_attributes":{"Type":"1","count":"3"}},{"shape_attributes":{"name":"circle","cx":447,"cy":133,"r":13.45362404707371},"region_attributes":{"Type":"1","count":"2"}},{"shape_attributes":{"name":"circle","cx":376,"cy":200,"r":10.062305898749054},"region_attributes":{"Type":"2","count":"1"}},{"shape_attributes":{"name":"circle","cx":694,"cy":148,"r":14.5},"region_attributes":{"Type":"1","count":"3"}},{"shape_attributes":{"name":"circle","cx":741,"cy":258,"r":14.326548781894402},"region_attributes":{"Type":"1","count":"10"}},{"shape_attributes":{"name":"circle","cx":714,"cy":258,"r":9.924716620639604},"region_attributes":{"Type":"1","count":"5"}},{"shape_attributes":{"name":"circle","cx":714,"cy":274,"r":7.7781745930520225},"region_attributes":{"Type":"2","count":"1"}},{"shape_attributes":{"name":"circle","cx":716,"cy":347,"r":15.620499351813308},"region_attributes":{"Type":"1","count":"1"}},{"shape_attributes":{"name":"circle","cx":686,"cy":323,"r":16.101242188104617},"region_attributes":{"Type":"1","count":"5"}},{"shape_attributes":{"name":"circle","cx":632,"cy":334,"r":19.00657780874821},"region_attributes":{"Type":"1","count":"1"}},{"shape_attributes":{"name":"circle","cx":606,"cy":318,"r":11.853269591129697},"region_attributes":{"Type":"1","count":"3"}},{"shape_attributes":{"name":"circle","cx":580,"cy":338,"r":13.285330255586423},"region_attributes":{"Type":"1","count":"6"}},{"shape_attributes":{"name":"circle","cx":598,"cy":345,"r":15.008331019803634},"region_attributes":{"Type":"2","count":"1"}},{"shape_attributes":{"name":"circle","cx":696,"cy":186,"r":11.661903789690601},"region_attributes":{"Type":"1","count":"3"}},{"shape_attributes":{"name":"circle","cx":685,"cy":198,"r":13.793114224133722},"region_attributes":{"Type":"2","count":"1"}},{"shape_attributes":{"name":"circle","cx":604,"cy":178,"r":9.219544457292887},"region_attributes":{"Type":"1","count":"6"}},{"shape_attributes":{"name":"circle","cx":578,"cy":192,"r":9.300537618869138},"region_attributes":{"Type":"1","count":"1"}},{"shape_attributes":{"name":"circle","cx":587,"cy":204,"r":7.433034373659253},"region_attributes":{"Type":"3","count":"1"}},{"shape_attributes":{"name":"circle","cx":626,"cy":198,"r":11.335784048754634},"region_attributes":{"Type":"1","count":"3"}},{"shape_attributes":{"name":"circle","cx":599,"cy":194,"r":13.82931668593933},"region_attributes":{"Type":"2","count":"3"}},{"shape_attributes":{"name":"circle","cx":536,"cy":243,"r":11.40175425099138},"region_attributes":{"Type":"1","count":"2"}},{"shape_attributes":{"name":"circle","cx":300,"cy":323,"r":13.0862523283024},"region_attributes":{"Type":"1","count":"1"}},{"shape_attributes":{"name":"circle","cx":358,"cy":147,"r":16.279},"region_attributes":{"Type":"1","count":"1"}},{"shape_attributes":{"name":"circle","cx":313,"cy":114,"r":14.0089257261219},"region_attributes":{"Type":"1","count":"1"}},{"shape_attributes":{"name":"circle","cx":345,"cy":135,"r":14.0089257261219},"region_attributes":{"Type":"1","count":"1"}},{"shape_attributes":{"name":"circle","cx":741,"cy":187,"r":15},"region_attributes":{"Type":"1","count":"1"}},{"shape_attributes":{"name":"circle","cx":644,"cy":166,"r":15},"region_attributes":{"Type":"1","count":"1"}},{"shape_attributes":{"name":"circle","cx":650,"cy":217,"r":15},"region_attributes":{"Type":"1","count":"1"}},{"shape_attributes":{"name":"circle","cx":746,"cy":85,"r":15},"region_attributes":{"Type":"1","count":"1"}},{"shape_attributes":{"name":"circle","cx":652,"cy":188,"r":13},"region_attributes":{"Type":"1","count":"2"}},{"shape_attributes":{"name":"circle","cx":624,"cy":176,"r":14},"region_attributes":{"Type":"1","count":"3"}},{"shape_attributes":{"name":"circle","cx":623,"cy":217,"r":19},"region_attributes":{"Type":"1","count":"2"}},{"shape_attributes":{"name":"circle","cx":406,"cy":239,"r":21},"region_attributes":{"Type":"1","count":"4"}}],"file_attributes":{"date":"2021-11-23","temp":"59","rain":"2","neighborhood":"City Center","total_count":""}},"https://drive.google.com/uc?export=view&id=1O5Lauo5EWQ60TcILmDn2QPdIUpLcFNzo\n":{"filename":"https://drive.google.com/uc?export=view&id=1O5Lauo5EWQ60TcILmDn2QPdIUpLcFNzo\n","size":-1,"regions":[{"shape_attributes":{"name":"circle","cx":175,"cy":144,"r":13.793114224133722},"region_attributes":{"Type":"2","count":"1"}},{"shape_attributes":{"name":"circle","cx":178,"cy":317,"r":14.5},"region_attributes":{"Type":"1","count":"1"}},{"shape_attributes":{"name":"circle","cx":270,"cy":332,"r":14.5},"region_attributes":{"Type":"1","count":"1"}},{"shape_attributes":{"name":"circle","cx":308,"cy":374,"r":14.5},"region_attributes":{"Type":"1","count":"1"}},{"shape_attributes":{"name":"circle","cx":366,"cy":380,"r":14.5},"region_attributes":{"Type":"1","count":"1"}},{"shape_attributes":{"name":"circle","cx":426,"cy":136,"r":14.5},"region_attributes":{"Type":"1","count":"1"}},{"shape_attributes":{"name":"circle","cx":547,"cy":264,"r":14.5},"region_attributes":{"Type":"1","count":"1"}},{"shape_attributes":{"name":"circle","cx":226,"cy":226,"r":14.5},"region_attributes":{"Type":"1","count":"1"}},{"shape_attributes":{"name":"circle","cx":226,"cy":252,"r":14.5},"region_attributes":{"Type":"1","count":"1"}},{"shape_attributes":{"name":"circle","cx":232,"cy":264,"r":14.5},"region_attributes":{"Type":"1","count":"1"}},{"shape_attributes":{"name":"circle","cx":170,"cy":175,"r":10.5},"region_attributes":{"Type":"1","count":"1"}},{"shape_attributes":{"name":"circle","cx":260,"cy":256,"r":14.5},"region_attributes":{"Type":"1","count":"1"}},{"shape_attributes":{"name":"circle","cx":270,"cy":264,"r":14.5},"region_attributes":{"Type":"1","count":"1"}},{"shape_attributes":{"name":"circle","cx":312,"cy":260,"r":14.5},"region_attributes":{"Type":"1","count":"1"}},{"shape_attributes":{"name":"circle","cx":292,"cy":273,"r":14.5},"region_attributes":{"Type":"1","count":"1"}},{"shape_attributes":{"name":"circle","cx":308,"cy":281,"r":14.5},"region_attributes":{"Type":"1","count":"1"}},{"shape_attributes":{"name":"circle","cx":310,"cy":311,"r":14.5},"region_attributes":{"Type":"1","count":"1"}},{"shape_attributes":{"name":"circle","cx":576,"cy":166,"r":14.5},"region_attributes":{"Type":"1","count":"1"}},{"shape_attributes":{"name":"circle","cx":638,"cy":130,"r":14.5},"region_attributes":{"Type":"1","count":"1"}},{"shape_attributes":{"name":"circle","cx":658,"cy":147,"r":14.5},"region_attributes":{"Type":"1","count":"1"}},{"shape_attributes":{"name":"circle","cx":652,"cy":164,"r":14.5},"region_attributes":{"Type":"1","count":"1"}},{"shape_attributes":{"name":"circle","cx":688,"cy":163,"r":14.5},"region_attributes":{"Type":"1","count":"1"}},{"shape_attributes":{"name":"circle","cx":396,"cy":226,"r":14.5},"region_attributes":{"Type":"1","count":"1"}},{"shape_attributes":{"name":"circle","cx":687,"cy":145,"r":16.76305461424021},"region_attributes":{"Type":"3","count":"1"}},{"shape_attributes":{"name":"circle","cx":395,"cy":257,"r":12.806248474865697},"region_attributes":{"Type":"1","count":"1"}},{"shape_attributes":{"name":"circle","cx":316,"cy":350,"r":12.5},"region_attributes":{"Type":"2","count":"2"}},{"shape_attributes":{"name":"circle","cx":264,"cy":154,"r":15.700318468107582},"region_attributes":{"Type":"2","count":"2"}},{"shape_attributes":{"name":"circle","cx":358,"cy":266,"r":15.700318468107582},"region_attributes":{"Type":"2","count":"2"}},{"shape_attributes":{"name":"circle","cx":482,"cy":254,"r":15.692354826475215},"region_attributes":{"Type":"2","count":"2"}},{"shape_attributes":{"name":"circle","cx":564,"cy":202,"r":15.700318468107582},"region_attributes":{"Type":"2","count":"2"}},{"shape_attributes":{"name":"circle","cx":216,"cy":280,"r":15.700318468107582},"region_attributes":{"Type":"2","count":"2"}},{"shape_attributes":{"name":"circle","cx":216,"cy":280,"r":15.700318468107582},"region_attributes":{"Type":"2","count":"2"}},{"shape_attributes":{"name":"circle","cx":190,"cy":172,"r":19.60867155112758},"region_attributes":{"Type":"2","count":"2"}},{"shape_attributes":{"name":"circle","cx":194,"cy":198,"r":10.295630140987},"region_attributes":{"Type":"2","count":"2"}},{"shape_attributes":{"name":"circle","cx":178,"cy":200,"r":7.433034373659253},"region_attributes":{"Type":"1","count":"4"}},{"shape_attributes":{"name":"circle","cx":174,"cy":215,"r":8.200609733428363},"region_attributes":{"Type":"2","count":"4"}},{"shape_attributes":{"name":"circle","cx":170,"cy":232,"r":9.617692030835672},"region_attributes":{"Type":"1","count":"4"}},{"shape_attributes":{"name":"circle","cx":352,"cy":172,"r":14.150971698084906},"region_attributes":{"Type":"1","count":"3"}},{"shape_attributes":{"name":"circle","cx":341,"cy":194,"r":6.264982043070834},"region_attributes":{"Type":"1","count":"1"}},{"shape_attributes":{"name":"circle","cx":358,"cy":197,"r":9.394147114027968},"region_attributes":{"Type":"2","count":"2"}},{"shape_attributes":{"name":"circle","cx":346,"cy":216,"r":9.300537618869138},"region_attributes":{"Type":"2","count":"1"}},{"shape_attributes":{"name":"circle","cx":369,"cy":218,"r":8.48528137423857},"region_attributes":{"Type":"2","count":"1"}},{"shape_attributes":{"name":"circle","cx":357,"cy":235,"r":18.681541692269406},"region_attributes":{"Type":"1","count":"31"}},{"shape_attributes":{"name":"circle","cx":448,"cy":260,"r":13.038404810405298},"region_attributes":{"Type":"1","count":"4"}},{"shape_attributes":{"name":"circle","cx":646,"cy":194,"r":11.715374513859981},"region_attributes":{"Type":"2","count":"1"}},{"shape_attributes":{"name":"circle","cx":702,"cy":352,"r":11.704699910719626},"region_attributes":{"Type":"1","count":"1"}},{"shape_attributes":{"name":"circle","cx":666,"cy":334,"r":18.7949461292125},"region_attributes":{"Type":"2","count":"3"}},{"shape_attributes":{"name":"circle","cx":638,"cy":330,"r":12.103718436910205},"region_attributes":{"Type":"1","count":"2"}},{"shape_attributes":{"name":"circle","cx":622,"cy":367,"r":13.416407864998739},"region_attributes":{"Type":"3","count":"1"}},{"shape_attributes":{"name":"circle","cx":609,"cy":344,"r":16.76305461424021},"region_attributes":{"Type":"1","count":"2"}},{"shape_attributes":{"name":"circle","cx":602,"cy":188,"r":12.419742348374221},"region_attributes":{"Type":"2","count":"2"}},{"shape_attributes":{"name":"circle","cx":627,"cy":190,"r":10.307764064044152},"region_attributes":{"Type":"1","count":"2"}},{"shape_attributes":{"name":"circle","cx":597,"cy":211,"r":6.708203932499369},"region_attributes":{"Type":"1","count":"6"}},{"shape_attributes":{"name":"circle","cx":558,"cy":226,"r":10.259142264341596},"region_attributes":{"Type":"2","count":"1"}},{"shape_attributes":{"name":"circle","cx":574,"cy":230,"r":9.617692030835672},"region_attributes":{"Type":"1","count":"2"}},{"shape_attributes":{"name":"circle","cx":621,"cy":228,"r":13.0862523283024},"region_attributes":{"Type":"2","count":"1"}},{"shape_attributes":{"name":"circle","cx":606,"cy":228,"r":10.404326023342406},"region_attributes":{"Type":"1","count":"1"}},{"shape_attributes":{"name":"circle","cx":620,"cy":258,"r":11.800423721205947},"region_attributes":{"Type":"1","count":"1"}},{"shape_attributes":{"name":"circle","cx":610,"cy":288,"r":10.700467279516348},"region_attributes":{"Type":"1","count":"1"}},{"shape_attributes":{"name":"circle","cx":654,"cy":250,"r":7.3824115301167},"region_attributes":{"Type":"1","count":"1"}},{"shape_attributes":{"name":"circle","cx":661,"cy":264,"r":8.54400374531753},"region_attributes":{"Type":"1","count":"1"}},{"shape_attributes":{"name":"circle","cx":643,"cy":266,"r":10.63014581273465},"region_attributes":{"Type":"2","count":"1"}},{"shape_attributes":{"name":"circle","cx":647,"cy":290,"r":8.48528137423857},"region_attributes":{"Type":"1","count":"3"}},{"shape_attributes":{"name":"circle","cx":664,"cy":287,"r":9.219544457292887},"region_attributes":{"Type":"2","count":"1"}},{"shape_attributes":{"name":"circle","cx":576,"cy":324,"r":13.0862523283024},"region_attributes":{"Type":"2","count":"3"}},{"shape_attributes":{"name":"circle","cx":556,"cy":329,"r":10.63014581273465},"region_attributes":{"Type":"1","count":"2"}},{"shape_attributes":{"name":"circle","cx":551,"cy":347,"r":7.810249675906654},"region_attributes":{"Type":"1","count":"6"}},{"shape_attributes":{"name":"circle","cx":568,"cy":352,"r":7.433034373659253},"region_attributes":{"Type":"2","count":"1"}},{"shape_attributes":{"name":"circle","cx":578,"cy":342,"r":10.965856099730654},"region_attributes":{"Type":"1","count":"1"}},{"shape_attributes":{"name":"circle","cx":578,"cy":272,"r":14.5},"region_attributes":{"Type":"1","count":"1"}},{"shape_attributes":{"name":"circle","cx":642,"cy":219,"r":14.5},"region_attributes":{"Type":"1","count":"1"}},{"shape_attributes":{"name":"circle","cx":657,"cy":224,"r":14.5},"region_attributes":{"Type":"1","count":"1"}},{"shape_attributes":{"name":"circle","cx":682,"cy":277,"r":14.5},"region_attributes":{"Type":"1","count":"1"}},{"shape_attributes":{"name":"circle","cx":693,"cy":287,"r":14.5},"region_attributes":{"Type":"1","count":"1"}},{"shape_attributes":{"name":"circle","cx":499,"cy":272,"r":14.5},"region_attributes":{"Type":"1","count":"1"}},{"shape_attributes":{"name":"circle","cx":258,"cy":216,"r":20},"region_attributes":{"Type":"1","count":"3"}},{"shape_attributes":{"name":"circle","cx":292,"cy":220,"r":19},"region_attributes":{"Type":"1","count":"3"}},{"shape_attributes":{"name":"circle","cx":317,"cy":219,"r":21},"region_attributes":{"Type":"1","count":"5"}},{"shape_attributes":{"name":"circle","cx":472,"cy":154,"r":14.5},"region_attributes":{"Type":"1","count":"1"}},{"shape_attributes":{"name":"circle","cx":465,"cy":270,"r":15},"region_attributes":{"Type":"1","count":"2"}}],"file_attributes":{"date":"2021-12-22","temp":"54","rain":"2","neighborhood":"City Center","total_count":""}}},"_via_attributes":{"region":{"Type":{"type":"dropdown","description":"","options":{"1":"Individual","2":"Structure","3":"Vehicle"},"default_options":{}},"count":{"type":"text","description":"","default_value":""}},"file":{"date":{"type":"text","description":"","default_value":""},"temp":{"type":"text","description":"","default_value":""},"rain":{"type":"dropdown","description":"","options":{"1":"rain","2":"clear"},"default_options":{"2":true}},"neighborhood":{"type":"text","description":"","default_value":"City Center"},"total_count":{"type":"text","description":"","default_value":""}}}}