{"_via_settings":{"ui":{"annotation_editor_height":25,"annotation_editor_fontsize":0.8,"leftsidebar_width":18,"image_grid":{"img_height":80,"rshape_fill":"none","rshape_fill_opacity":0.3,"rshape_stroke":"yellow","rshape_stroke_width":2,"show_region_shape":true,"show_image_policy":"all"},"image":{"region_label":"__via_region_id__","region_color":"__via_default_region_color__","region_label_font":"10px Sans","on_image_annotation_editor_placement":"NEAR_REGION"}},"core":{"buffer_size":18,"filepath":{},"default_filepath":""},"project":{"name":"Columbia_2018_count"}},"_via_img_metadata":{"https://drive.google.com/uc?export=view&id=1Xm-tEFsCdiUeaSCabMS8CIm0vN8rmtna\n":{"filename":"https://drive.google.com/uc?export=view&id=1Xm-tEFsCdiUeaSCabMS8CIm0vN8rmtna\n","size":-1,"regions":[{"shape_attributes":{"name":"circle","cx":1623,"cy":1798,"r":76},"region_attributes":{"Type":"1","count":"1"}},{"shape_attributes":{"name":"circle","cx":1808,"cy":1783,"r":64},"region_attributes":{"Type":"1","count":"3"}},{"shape_attributes":{"name":"circle","cx":2507,"cy":385,"r":85},"region_attributes":{"Type":"1","count":"1"}},{"shape_attributes":{"name":"circle","cx":2407,"cy":1368,"r":81},"region_attributes":{"Type":"1","count":"1"}},{"shape_attributes":{"name":"circle","cx":2807,"cy":1328,"r":93},"region_attributes":{"Type":"1","count":"1"}},{"shape_attributes":{"name":"circle","cx":3346,"cy":1284,"r":78},"region_attributes":{"Type":"1","count":"1"}},{"shape_attributes":{"name":"circle","cx":2652,"cy":489,"r":99},"region_attributes":{"Type":"2","count":"1"}},{"shape_attributes":{"name":"circle","cx":3306,"cy":345,"r":75},"region_attributes":{"Type":"1","count":"3"}},{"shape_attributes":{"name":"circle","cx":3606,"cy":894,"r":117},"region_attributes":{"Type":"2","count":"1"}},{"shape_attributes":{"name":"circle","cx":3606,"cy":425,"r":87},"region_attributes":{"Type":"2","count":"1"}},{"shape_attributes":{"name":"circle","cx":3606,"cy":574,"r":67},"region_attributes":{"Type":"1","count":"2"}},{"shape_attributes":{"name":"circle","cx":3816,"cy":464,"r":89},"region_attributes":{"Type":"1","count":"12"}}],"file_attributes":{"date":"2018-07-25","temp":"70","rain":"2","neighborhood":"Columbia","total_count":""}},"https://drive.google.com/uc?export=view&id=1CSd-u66C-KNLDcn-O4vIOOtc2UWyjVK6\n":{"filename":"https://drive.google.com/uc?export=view&id=1CSd-u66C-KNLDcn-O4vIOOtc2UWyjVK6\n","size":-1,"regions":[{"shape_attributes":{"name":"circle","cx":1673,"cy":589,"r":95},"region_attributes":{"Type":"1","count":"1"}},{"shape_attributes":{"name":"circle","cx":2267,"cy":1363,"r":78},"region_attributes":{"Type":"1","count":"1"}},{"shape_attributes":{"name":"circle","cx":2068,"cy":1828,"r":76},"region_attributes":{"Type":"1","count":"2"}},{"shape_attributes":{"name":"circle","cx":2497,"cy":1813,"r":87},"region_attributes":{"Type":"1","count":"2"}},{"shape_attributes":{"name":"circle","cx":2487,"cy":1328,"r":78},"region_attributes":{"Type":"1","count":"3"}},{"shape_attributes":{"name":"circle","cx":2557,"cy":639,"r":56},"region_attributes":{"Type":"1","count":"1"}},{"shape_attributes":{"name":"circle","cx":2597,"cy":504,"r":64},"region_attributes":{"Type":"1","count":"1"}},{"shape_attributes":{"name":"circle","cx":3276,"cy":514,"r":92},"region_attributes":{"Type":"1","count":"1"}},{"shape_attributes":{"name":"circle","cx":2872,"cy":1588,"r":67},"region_attributes":{"Type":"1","count":"2"}},{"shape_attributes":{"name":"circle","cx":3081,"cy":1603,"r":85},"region_attributes":{"Type":"1","count":"1"}},{"shape_attributes":{"name":"circle","cx":2847,"cy":1743,"r":54},"region_attributes":{"Type":"1","count":"1"}},{"shape_attributes":{"name":"circle","cx":2622,"cy":2063,"r":71},"region_attributes":{"Type":"1","count":"1"}},{"shape_attributes":{"name":"circle","cx":2982,"cy":1818,"r":60},"region_attributes":{"Type":"1","count":"1"}},{"shape_attributes":{"name":"circle","cx":3106,"cy":1788,"r":69},"region_attributes":{"Type":"1","count":"1"}},{"shape_attributes":{"name":"circle","cx":2942,"cy":2048,"r":78},"region_attributes":{"Type":"1","count":"1"}},{"shape_attributes":{"name":"circle","cx":3666,"cy":969,"r":64},"region_attributes":{"Type":"1","count":"1"}},{"shape_attributes":{"name":"circle","cx":3776,"cy":794,"r":60.759},"region_attributes":{"Type":"1","count":"9"}},{"shape_attributes":{"name":"circle","cx":3661,"cy":599,"r":60.759},"region_attributes":{"Type":"1","count":"1"}},{"shape_attributes":{"name":"circle","cx":3886,"cy":479,"r":86},"region_attributes":{"Type":"1","count":"13"}},{"shape_attributes":{"name":"circle","cx":3776,"cy":325,"r":78},"region_attributes":{"Type":"2","count":"4"}},{"shape_attributes":{"name":"circle","cx":3656,"cy":460,"r":71},"region_attributes":{"Type":"2","count":"1"}},{"shape_attributes":{"name":"circle","cx":3791,"cy":639,"r":67},"region_attributes":{"Type":"1","count":"1"}},{"shape_attributes":{"name":"circle","cx":3641,"cy":804,"r":71},"region_attributes":{"Type":"2","count":"1"}}],"file_attributes":{"date":"2018-08-29","temp":"70","rain":"2","neighborhood":"Columbia","total_count":""}},"https://drive.google.com/uc?export=view&id=1euVJ8MQbsqsrhX60SD-MIQ4E4J6Pum2L\n":{"filename":"https://drive.google.com/uc?export=view&id=1euVJ8MQbsqsrhX60SD-MIQ4E4J6Pum2L\n","size":-1,"regions":[{"shape_attributes":{"name":"circle","cx":2512,"cy":2247,"r":64},"region_attributes":{"Type":"1","count":""}},{"shape_attributes":{"name":"circle","cx":2407,"cy":844,"r":75},"region_attributes":{"Type":"1","count":"2"}},{"shape_attributes":{"name":"circle","cx":2987,"cy":320,"r":78},"region_attributes":{"Type":"1","count":"1"}},{"shape_attributes":{"name":"circle","cx":3686,"cy":310,"r":60},"region_attributes":{"Type":"1","count":"1"}},{"shape_attributes":{"name":"circle","cx":3826,"cy":285,"r":88},"region_attributes":{"Type":"2","count":"1"}},{"shape_attributes":{"name":"circle","cx":3611,"cy":489,"r":78},"region_attributes":{"Type":"2","count":"1"}},{"shape_attributes":{"name":"circle","cx":3851,"cy":474,"r":82},"region_attributes":{"Type":"1","count":"9"}},{"shape_attributes":{"name":"circle","cx":3616,"cy":839,"r":70},"region_attributes":{"Type":"2","count":"1"}},{"shape_attributes":{"name":"circle","cx":3841,"cy":829,"r":60},"region_attributes":{"Type":"1","count":"3"}},{"shape_attributes":{"name":"circle","cx":3626,"cy":979,"r":75},"region_attributes":{"Type":"1","count":"1"}},{"shape_attributes":{"name":"circle","cx":3466,"cy":1284,"r":57},"region_attributes":{"Type":"1","count":"1"}},{"shape_attributes":{"name":"circle","cx":2822,"cy":1558,"r":58},"region_attributes":{"Type":"1","count":"2"}}],"file_attributes":{"date":"2018-09-29","temp":"68","rain":"2","neighborhood":"Columbia","total_count":""}},"https://drive.google.com/uc?export=view&id=1N8L2lGccx2H0ncBATyA8Q0qMhHfebLOj\n":{"filename":"https://drive.google.com/uc?export=view&id=1N8L2lGccx2H0ncBATyA8Q0qMhHfebLOj\n","size":-1,"regions":[{"shape_attributes":{"name":"circle","cx":1773,"cy":380,"r":104},"region_attributes":{"Type":"1","count":"1"}},{"shape_attributes":{"name":"circle","cx":2222,"cy":375,"r":98},"region_attributes":{"Type":"1","count":"1"}},{"shape_attributes":{"name":"circle","cx":1828,"cy":1798,"r":85},"region_attributes":{"Type":"1","count":"1"}},{"shape_attributes":{"name":"circle","cx":2058,"cy":1788,"r":76},"region_attributes":{"Type":"1","count":"1"}},{"shape_attributes":{"name":"circle","cx":3241,"cy":345,"r":72},"region_attributes":{"Type":"1","count":"1"}},{"shape_attributes":{"name":"circle","cx":3766,"cy":350,"r":64},"region_attributes":{"Type":"1","count":"2"}},{"shape_attributes":{"name":"circle","cx":3631,"cy":405,"r":63},"region_attributes":{"Type":"1","count":"3"}},{"shape_attributes":{"name":"circle","cx":3606,"cy":564,"r":92},"region_attributes":{"Type":"2","count":"2"}},{"shape_attributes":{"name":"circle","cx":3856,"cy":464,"r":64},"region_attributes":{"Type":"2","count":"1"}},{"shape_attributes":{"name":"circle","cx":3826,"cy":604,"r":71},"region_attributes":{"Type":"1","count":"8"}},{"shape_attributes":{"name":"circle","cx":3686,"cy":744,"r":92},"region_attributes":{"Type":"2","count":"1"}},{"shape_attributes":{"name":"circle","cx":3816,"cy":784,"r":74},"region_attributes":{"Type":"1","count":"5"}},{"shape_attributes":{"name":"circle","cx":3676,"cy":1443,"r":81},"region_attributes":{"Type":"1","count":"1"}},{"shape_attributes":{"name":"circle","cx":3316,"cy":2033,"r":89},"region_attributes":{"Type":"1","count":"1"}},{"shape_attributes":{"name":"circle","cx":2447,"cy":2237,"r":78},"region_attributes":{"Type":"1","count":"1"}},{"shape_attributes":{"name":"circle","cx":3231,"cy":574,"r":71},"region_attributes":{"Type":"1","count":"1"}}],"file_attributes":{"date":"2018-10-01","temp":"","rain":"2","neighborhood":"Columbia","total_count":""}},"https://drive.google.com/uc?export=view&id=12nMXXC8eJE4bDtSBAQoMacKRTjdcsVEc\n":{"filename":"https://drive.google.com/uc?export=view&id=12nMXXC8eJE4bDtSBAQoMacKRTjdcsVEc\n","size":-1,"regions":[{"shape_attributes":{"name":"circle","cx":2547,"cy":644,"r":110},"region_attributes":{"Type":"2","count":"1"}},{"shape_attributes":{"name":"circle","cx":2467,"cy":1044,"r":92},"region_attributes":{"Type":"1","count":"1"}},{"shape_attributes":{"name":"circle","cx":3291,"cy":494,"r":89},"region_attributes":{"Type":"1","count":"3"}},{"shape_attributes":{"name":"circle","cx":3686,"cy":395,"r":64},"region_attributes":{"Type":"1","count":"2"}},{"shape_attributes":{"name":"circle","cx":3846,"cy":385,"r":69},"region_attributes":{"Type":"2","count":"2"}},{"shape_attributes":{"name":"circle","cx":3918,"cy":518,"r":67},"region_attributes":{"Type":"2","count":"1"}},{"shape_attributes":{"name":"circle","cx":3886,"cy":652,"r":67},"region_attributes":{"Type":"1","count":"10"}},{"shape_attributes":{"name":"circle","cx":3781,"cy":799,"r":60},"region_attributes":{"Type":"1","count":"7"}},{"shape_attributes":{"name":"circle","cx":1659,"cy":1829,"r":63},"region_attributes":{"Type":"1","count":"2"}},{"shape_attributes":{"name":"circle","cx":2084,"cy":1839,"r":62},"region_attributes":{"Type":"1","count":"2"}},{"shape_attributes":{"name":"circle","cx":2233,"cy":1860,"r":68},"region_attributes":{"Type":"2","count":"1"}},{"shape_attributes":{"name":"circle","cx":2503,"cy":1857,"r":66},"region_attributes":{"Type":"1","count":"1"}},{"shape_attributes":{"name":"circle","cx":2621,"cy":1722,"r":72},"region_attributes":{"Type":"1","count":"2"}},{"shape_attributes":{"name":"circle","cx":3082,"cy":1438,"r":74},"region_attributes":{"Type":"1","count":"1"}},{"shape_attributes":{"name":"circle","cx":3277,"cy":1342,"r":59},"region_attributes":{"Type":"1","count":"2"}},{"shape_attributes":{"name":"circle","cx":3290,"cy":1461,"r":47},"region_attributes":{"Type":"1","count":"1"}},{"shape_attributes":{"name":"circle","cx":3074,"cy":1646,"r":75},"region_attributes":{"Type":"1","count":"1"}},{"shape_attributes":{"name":"circle","cx":2472,"cy":2084,"r":54},"region_attributes":{"Type":"1","count":"1"}}],"file_attributes":{"date":"2018-12-20","temp":"59","rain":"2","neighborhood":"Columbia","total_count":""}}},"_via_attributes":{"region":{"Type":{"type":"dropdown","description":"","options":{"1":"Individual","2":"Structure","3":"Vehicle"},"default_options":{}},"count":{"type":"text","description":"","default_value":""}},"file":{"date":{"type":"text","description":"","default_value":""},"temp":{"type":"text","description":"","default_value":""},"rain":{"type":"dropdown","description":"","options":{"1":"rain","2":"clear"},"default_options":{"2":true}},"neighborhood":{"type":"text","description":"","default_value":"Columbia"},"total_count":{"type":"text","description":"","default_value":""}}}}