{"_via_settings":{"ui":{"annotation_editor_height":25,"annotation_editor_fontsize":0.8,"leftsidebar_width":18,"image_grid":{"img_height":80,"rshape_fill":"none","rshape_fill_opacity":0.3,"rshape_stroke":"yellow","rshape_stroke_width":2,"show_region_shape":true,"show_image_policy":"all"},"image":{"region_label":"__via_region_id__","region_color":"__via_default_region_color__","region_label_font":"10px Sans","on_image_annotation_editor_placement":"NEAR_REGION"}},"core":{"buffer_size":18,"filepath":{},"default_filepath":""},"project":{"name":"Gaslamp_2022_count"}},"_via_img_metadata":{"https://drive.google.com/uc?export=view&id=1wRDD6VqlX6PNHG5stKR8bZcFPAOm7OK7\n":{"filename":"https://drive.google.com/uc?export=view&id=1wRDD6VqlX6PNHG5stKR8bZcFPAOm7OK7\n","size":-1,"regions":[{"shape_attributes":{"name":"circle","cx":514,"cy":67,"r":10},"region_attributes":{"Type":"1","count":"12"}},{"shape_attributes":{"name":"circle","cx":547,"cy":47,"r":10},"region_attributes":{"Type":"1","count":"4"}},{"shape_attributes":{"name":"circle","cx":546,"cy":82,"r":10},"region_attributes":{"Type":"1","count":"3"}},{"shape_attributes":{"name":"circle","cx":574,"cy":81,"r":10},"region_attributes":{"Type":"1","count":"1"}},{"shape_attributes":{"name":"circle","cx":611,"cy":65,"r":10},"region_attributes":{"Type":"1","count":"6"}},{"shape_attributes":{"name":"circle","cx":640,"cy":46,"r":10},"region_attributes":{"Type":"1","count":"7"}},{"shape_attributes":{"name":"circle","cx":514,"cy":105,"r":10},"region_attributes":{"Type":"1","count":"6"}},{"shape_attributes":{"name":"circle","cx":511,"cy":128,"r":10},"region_attributes":{"Type":"1","count":"1"}},{"shape_attributes":{"name":"circle","cx":610,"cy":128,"r":10},"region_attributes":{"Type":"1","count":"1"}},{"shape_attributes":{"name":"circle","cx":511,"cy":159,"r":10},"region_attributes":{"Type":"1","count":"1"}},{"shape_attributes":{"name":"circle","cx":513,"cy":189,"r":10},"region_attributes":{"Type":"1","count":"1"}},{"shape_attributes":{"name":"circle","cx":670,"cy":173,"r":12.021},"region_attributes":{"Type":"2","count":"1"}},{"shape_attributes":{"name":"circle","cx":670,"cy":186,"r":7.517},"region_attributes":{"Type":"1","count":"2"}},{"shape_attributes":{"name":"circle","cx":544,"cy":218,"r":10},"region_attributes":{"Type":"1","count":"3"}},{"shape_attributes":{"name":"circle","cx":571,"cy":236,"r":10},"region_attributes":{"Type":"1","count":"1"}},{"shape_attributes":{"name":"circle","cx":637,"cy":214,"r":10},"region_attributes":{"Type":"1","count":"1"}},{"shape_attributes":{"name":"circle","cx":638,"cy":246,"r":10},"region_attributes":{"Type":"1","count":"1"}},{"shape_attributes":{"name":"circle","cx":511,"cy":292,"r":10},"region_attributes":{"Type":"1","count":"1"}},{"shape_attributes":{"name":"circle","cx":570,"cy":332,"r":10},"region_attributes":{"Type":"1","count":"1"}},{"shape_attributes":{"name":"circle","cx":609,"cy":333,"r":10},"region_attributes":{"Type":"1","count":"1"}},{"shape_attributes":{"name":"circle","cx":571,"cy":399,"r":10},"region_attributes":{"Type":"1","count":"1"}},{"shape_attributes":{"name":"circle","cx":612,"cy":463,"r":10},"region_attributes":{"Type":"1","count":"4"}},{"shape_attributes":{"name":"circle","cx":568,"cy":501,"r":10},"region_attributes":{"Type":"1","count":"1"}},{"shape_attributes":{"name":"circle","cx":650,"cy":501,"r":10},"region_attributes":{"Type":"1","count":"1"}}],"file_attributes":{"date":"2022-01-27","temp":"48","rain":"2","neighborhood":"Gaslamp","total_count":""}},"https://drive.google.com/uc?export=view&id=1Rzx7_fNun25_2Qd8RUYrv2Opr5iYDd25\n":{"filename":"https://drive.google.com/uc?export=view&id=1Rzx7_fNun25_2Qd8RUYrv2Opr5iYDd25\n","size":-1,"regions":[{"shape_attributes":{"name":"circle","cx":536,"cy":42,"r":10},"region_attributes":{"Type":"1","count":"1"}},{"shape_attributes":{"name":"circle","cx":506,"cy":64,"r":10},"region_attributes":{"Type":"1","count":"3"}},{"shape_attributes":{"name":"circle","cx":537,"cy":77,"r":10},"region_attributes":{"Type":"1","count":"5"}},{"shape_attributes":{"name":"circle","cx":609,"cy":63,"r":10},"region_attributes":{"Type":"1","count":"3"}},{"shape_attributes":{"name":"circle","cx":535,"cy":98,"r":10},"region_attributes":{"Type":"1","count":"1"}},{"shape_attributes":{"name":"circle","cx":567,"cy":115,"r":10},"region_attributes":{"Type":"1","count":"1"}},{"shape_attributes":{"name":"circle","cx":669,"cy":124,"r":10},"region_attributes":{"Type":"1","count":"2"}},{"shape_attributes":{"name":"circle","cx":566,"cy":176,"r":10},"region_attributes":{"Type":"1","count":"1"}},{"shape_attributes":{"name":"circle","cx":628,"cy":187,"r":10},"region_attributes":{"Type":"1","count":"1"}},{"shape_attributes":{"name":"circle","cx":607,"cy":223,"r":10},"region_attributes":{"Type":"1","count":"2"}},{"shape_attributes":{"name":"circle","cx":639,"cy":213,"r":10},"region_attributes":{"Type":"1","count":"1"}},{"shape_attributes":{"name":"circle","cx":467,"cy":302,"r":10},"region_attributes":{"Type":"1","count":"1"}},{"shape_attributes":{"name":"circle","cx":496,"cy":279,"r":10},"region_attributes":{"Type":"3","count":"1"}},{"shape_attributes":{"name":"circle","cx":566,"cy":289,"r":10},"region_attributes":{"Type":"1","count":"3"}},{"shape_attributes":{"name":"circle","cx":605,"cy":290,"r":10},"region_attributes":{"Type":"1","count":"2"}},{"shape_attributes":{"name":"circle","cx":604,"cy":329,"r":10},"region_attributes":{"Type":"1","count":"1"}},{"shape_attributes":{"name":"circle","cx":556,"cy":385,"r":10},"region_attributes":{"Type":"1","count":"1"}},{"shape_attributes":{"name":"circle","cx":509,"cy":409,"r":10},"region_attributes":{"Type":"1","count":"1"}},{"shape_attributes":{"name":"circle","cx":538,"cy":415,"r":10},"region_attributes":{"Type":"1","count":"1"}},{"shape_attributes":{"name":"circle","cx":642,"cy":440,"r":10},"region_attributes":{"Type":"1","count":"1"}},{"shape_attributes":{"name":"circle","cx":606,"cy":465,"r":10},"region_attributes":{"Type":"1","count":"4"}},{"shape_attributes":{"name":"circle","cx":604,"cy":505,"r":10},"region_attributes":{"Type":"1","count":"1"}}],"file_attributes":{"date":"2022-03-01","temp":"54","rain":"2","neighborhood":"Gaslamp","total_count":""}},"https://drive.google.com/uc?export=view&id=14ZC0OBtrk75PFSEU2_oXOjw2SWCDB6h6\n":{"filename":"https://drive.google.com/uc?export=view&id=14ZC0OBtrk75PFSEU2_oXOjw2SWCDB6h6\n","size":-1,"regions":[{"shape_attributes":{"name":"circle","cx":500,"cy":74,"r":10},"region_attributes":{"Type":"1","count":"2"}},{"shape_attributes":{"name":"circle","cx":555,"cy":66,"r":8.732},"region_attributes":{"Type":"1","count":"1"}},{"shape_attributes":{"name":"circle","cx":553,"cy":83,"r":10},"region_attributes":{"Type":"2","count":"1"}},{"shape_attributes":{"name":"circle","cx":522,"cy":94,"r":10},"region_attributes":{"Type":"1","count":"16"}},{"shape_attributes":{"name":"circle","cx":622,"cy":65,"r":10},"region_attributes":{"Type":"1","count":"3"}},{"shape_attributes":{"name":"circle","cx":530,"cy":116,"r":10},"region_attributes":{"Type":"1","count":"1"}},{"shape_attributes":{"name":"circle","cx":548,"cy":132,"r":10},"region_attributes":{"Type":"1","count":"5"}},{"shape_attributes":{"name":"circle","cx":502,"cy":175,"r":13.583},"region_attributes":{"Type":"1","count":"1"}},{"shape_attributes":{"name":"circle","cx":504,"cy":189,"r":10.548},"region_attributes":{"Type":"1","count":"1"}},{"shape_attributes":{"name":"circle","cx":529,"cy":197,"r":10},"region_attributes":{"Type":"1","count":"2"}},{"shape_attributes":{"name":"circle","cx":556,"cy":181,"r":10},"region_attributes":{"Type":"1","count":"2"}},{"shape_attributes":{"name":"circle","cx":613,"cy":196,"r":10},"region_attributes":{"Type":"1","count":"1"}},{"shape_attributes":{"name":"circle","cx":649,"cy":184,"r":10},"region_attributes":{"Type":"1","count":"1"}},{"shape_attributes":{"name":"circle","cx":525,"cy":218,"r":10},"region_attributes":{"Type":"1","count":"2"}},{"shape_attributes":{"name":"circle","cx":532,"cy":248,"r":10},"region_attributes":{"Type":"1","count":"1"}},{"shape_attributes":{"name":"circle","cx":610,"cy":249,"r":10},"region_attributes":{"Type":"2","count":"1"}},{"shape_attributes":{"name":"circle","cx":631,"cy":249,"r":10},"region_attributes":{"Type":"1","count":"2"}},{"shape_attributes":{"name":"circle","cx":558,"cy":285,"r":10},"region_attributes":{"Type":"1","count":"3"}},{"shape_attributes":{"name":"circle","cx":533,"cy":303,"r":10},"region_attributes":{"Type":"1","count":"1"}},{"shape_attributes":{"name":"circle","cx":494,"cy":307,"r":10},"region_attributes":{"Type":"1","count":"6"}},{"shape_attributes":{"name":"circle","cx":594,"cy":287,"r":10},"region_attributes":{"Type":"1","count":"1"}},{"shape_attributes":{"name":"circle","cx":620,"cy":305,"r":10},"region_attributes":{"Type":"1","count":"1"}},{"shape_attributes":{"name":"circle","cx":554,"cy":341,"r":10},"region_attributes":{"Type":"1","count":"1"}},{"shape_attributes":{"name":"circle","cx":592,"cy":342,"r":10},"region_attributes":{"Type":"1","count":"1"}},{"shape_attributes":{"name":"circle","cx":533,"cy":377,"r":10},"region_attributes":{"Type":"1","count":"1"}},{"shape_attributes":{"name":"circle","cx":555,"cy":391,"r":10},"region_attributes":{"Type":"1","count":"2"}},{"shape_attributes":{"name":"circle","cx":591,"cy":392,"r":10},"region_attributes":{"Type":"1","count":"1"}},{"shape_attributes":{"name":"circle","cx":665,"cy":445,"r":8.515},"region_attributes":{"Type":"1","count":"1"}},{"shape_attributes":{"name":"circle","cx":623,"cy":504,"r":10},"region_attributes":{"Type":"1","count":"4"}},{"shape_attributes":{"name":"circle","cx":542,"cy":516,"r":10},"region_attributes":{"Type":"1","count":"2"}}],"file_attributes":{"date":"2022-03-29","temp":"55","rain":"2","neighborhood":"Gaslamp","total_count":""}},"https://drive.google.com/uc?export=view&id=1Jk1p94LmGAcG2lO0Hjdw1LuTrCez_13M\n":{"filename":"https://drive.google.com/uc?export=view&id=1Jk1p94LmGAcG2lO0Hjdw1LuTrCez_13M\n","size":-1,"regions":[{"shape_attributes":{"name":"circle","cx":505,"cy":79,"r":10},"region_attributes":{"Type":"1","count":"1"}},{"shape_attributes":{"name":"circle","cx":530,"cy":67,"r":10},"region_attributes":{"Type":"1","count":"1"}},{"shape_attributes":{"name":"circle","cx":521,"cy":99,"r":10},"region_attributes":{"Type":"1","count":"5"}},{"shape_attributes":{"name":"circle","cx":589,"cy":87,"r":10},"region_attributes":{"Type":"1","count":"1"}},{"shape_attributes":{"name":"circle","cx":505,"cy":120,"r":10},"region_attributes":{"Type":"1","count":"1"}},{"shape_attributes":{"name":"circle","cx":497,"cy":143,"r":10},"region_attributes":{"Type":"1","count":"1"}},{"shape_attributes":{"name":"circle","cx":499,"cy":190,"r":10},"region_attributes":{"Type":"1","count":"2"}},{"shape_attributes":{"name":"circle","cx":555,"cy":186,"r":10},"region_attributes":{"Type":"1","count":"4"}},{"shape_attributes":{"name":"circle","cx":587,"cy":188,"r":10},"region_attributes":{"Type":"1","count":"1"}},{"shape_attributes":{"name":"circle","cx":527,"cy":223,"r":10},"region_attributes":{"Type":"1","count":"1"}},{"shape_attributes":{"name":"circle","cx":506,"cy":253,"r":10},"region_attributes":{"Type":"1","count":"1"}},{"shape_attributes":{"name":"circle","cx":588,"cy":239,"r":10},"region_attributes":{"Type":"1","count":"3"}},{"shape_attributes":{"name":"circle","cx":497,"cy":295,"r":10},"region_attributes":{"Type":"1","count":"1"}},{"shape_attributes":{"name":"circle","cx":553,"cy":290,"r":10},"region_attributes":{"Type":"1","count":"3"}},{"shape_attributes":{"name":"circle","cx":498,"cy":347,"r":10},"region_attributes":{"Type":"1","count":"3"}},{"shape_attributes":{"name":"circle","cx":554,"cy":341,"r":10},"region_attributes":{"Type":"1","count":"2"}},{"shape_attributes":{"name":"circle","cx":535,"cy":425,"r":10},"region_attributes":{"Type":"1","count":"1"}},{"shape_attributes":{"name":"circle","cx":500,"cy":447,"r":10},"region_attributes":{"Type":"1","count":"2"}},{"shape_attributes":{"name":"circle","cx":588,"cy":444,"r":10},"region_attributes":{"Type":"1","count":"1"}},{"shape_attributes":{"name":"circle","cx":628,"cy":483,"r":10},"region_attributes":{"Type":"1","count":"1"}},{"shape_attributes":{"name":"circle","cx":556,"cy":88,"r":10},"region_attributes":{"Type":"1","count":"8"}}],"file_attributes":{"date":"2022-04-29","temp":"56","rain":"2","neighborhood":"Gaslamp","total_count":""}},"https://drive.google.com/uc?export=view&id=1eBlW6LuQbrqb3BQsdcsj7mOqzIFRkT8Z\n":{"filename":"https://drive.google.com/uc?export=view&id=1eBlW6LuQbrqb3BQsdcsj7mOqzIFRkT8Z\n","size":-1,"regions":[{"shape_attributes":{"name":"circle","cx":502,"cy":78,"r":10},"region_attributes":{"Type":"1","count":"2"}},{"shape_attributes":{"name":"circle","cx":559,"cy":80,"r":10},"region_attributes":{"Type":"1","count":"2"}},{"shape_attributes":{"name":"circle","cx":619,"cy":62,"r":10},"region_attributes":{"Type":"1","count":"1"}},{"shape_attributes":{"name":"circle","cx":642,"cy":62,"r":10},"region_attributes":{"Type":"1","count":"1"}},{"shape_attributes":{"name":"circle","cx":503,"cy":133,"r":10},"region_attributes":{"Type":"1","count":"2"}},{"shape_attributes":{"name":"circle","cx":553,"cy":129,"r":11.236},"region_attributes":{"Type":"2","count":"1"}},{"shape_attributes":{"name":"circle","cx":557,"cy":142,"r":10},"region_attributes":{"Type":"1","count":"1"}},{"shape_attributes":{"name":"circle","cx":594,"cy":144,"r":10},"region_attributes":{"Type":"1","count":"6"}},{"shape_attributes":{"name":"circle","cx":503,"cy":187,"r":10},"region_attributes":{"Type":"1","count":"5"}},{"shape_attributes":{"name":"circle","cx":594,"cy":185,"r":10},"region_attributes":{"Type":"1","count":"2"}},{"shape_attributes":{"name":"circle","cx":500,"cy":238,"r":10},"region_attributes":{"Type":"1","count":"1"}},{"shape_attributes":{"name":"circle","cx":555,"cy":225,"r":10},"region_attributes":{"Type":"1","count":"4"}},{"shape_attributes":{"name":"circle","cx":637,"cy":252,"r":10},"region_attributes":{"Type":"1","count":"3"}},{"shape_attributes":{"name":"circle","cx":652,"cy":232,"r":10},"region_attributes":{"Type":"1","count":"1"}},{"shape_attributes":{"name":"circle","cx":501,"cy":290,"r":10},"region_attributes":{"Type":"1","count":"1"}},{"shape_attributes":{"name":"circle","cx":558,"cy":282,"r":10},"region_attributes":{"Type":"1","count":"1"}},{"shape_attributes":{"name":"circle","cx":501,"cy":308,"r":10},"region_attributes":{"Type":"1","count":"1"}},{"shape_attributes":{"name":"circle","cx":648,"cy":327,"r":10},"region_attributes":{"Type":"1","count":"1"}},{"shape_attributes":{"name":"circle","cx":594,"cy":350,"r":10},"region_attributes":{"Type":"1","count":"1"}},{"shape_attributes":{"name":"circle","cx":648,"cy":351,"r":10},"region_attributes":{"Type":"1","count":"1"}},{"shape_attributes":{"name":"circle","cx":557,"cy":350,"r":10},"region_attributes":{"Type":"1","count":"4"}},{"shape_attributes":{"name":"circle","cx":555,"cy":445,"r":10},"region_attributes":{"Type":"1","count":"2"}},{"shape_attributes":{"name":"circle","cx":643,"cy":491,"r":10},"region_attributes":{"Type":"1","count":"1"}}],"file_attributes":{"date":"2022-05-27","temp":"61","rain":"2","neighborhood":"Gaslamp","total_count":""}},"https://drive.google.com/uc?export=view&id=1XjBhIT8xcavDqORne2ZC1DUZx7H5k648\n":{"filename":"https://drive.google.com/uc?export=view&id=1XjBhIT8xcavDqORne2ZC1DUZx7H5k648\n","size":-1,"regions":[{"shape_attributes":{"name":"circle","cx":499,"cy":64,"r":10},"region_attributes":{"Type":"1","count":"3"}},{"shape_attributes":{"name":"circle","cx":524,"cy":65,"r":10},"region_attributes":{"Type":"1","count":"2"}},{"shape_attributes":{"name":"circle","cx":499,"cy":91,"r":10},"region_attributes":{"Type":"1","count":"3"}},{"shape_attributes":{"name":"circle","cx":590,"cy":72,"r":10},"region_attributes":{"Type":"1","count":"2"}},{"shape_attributes":{"name":"circle","cx":648,"cy":78,"r":10},"region_attributes":{"Type":"1","count":"1"}},{"shape_attributes":{"name":"circle","cx":628,"cy":94,"r":10},"region_attributes":{"Type":"1","count":"1"}},{"shape_attributes":{"name":"circle","cx":528,"cy":116,"r":10},"region_attributes":{"Type":"1","count":"1"}},{"shape_attributes":{"name":"circle","cx":501,"cy":134,"r":10},"region_attributes":{"Type":"1","count":"2"}},{"shape_attributes":{"name":"circle","cx":588,"cy":132,"r":10},"region_attributes":{"Type":"1","count":"1"}},{"shape_attributes":{"name":"circle","cx":523,"cy":167,"r":10},"region_attributes":{"Type":"1","count":"1"}},{"shape_attributes":{"name":"circle","cx":553,"cy":181,"r":10},"region_attributes":{"Type":"1","count":"1"}},{"shape_attributes":{"name":"circle","cx":532,"cy":199,"r":10},"region_attributes":{"Type":"1","count":"1"}},{"shape_attributes":{"name":"circle","cx":501,"cy":201,"r":10},"region_attributes":{"Type":"1","count":"1"}},{"shape_attributes":{"name":"circle","cx":498,"cy":243,"r":10},"region_attributes":{"Type":"1","count":"1"}},{"shape_attributes":{"name":"circle","cx":521,"cy":251,"r":10},"region_attributes":{"Type":"1","count":"1"}},{"shape_attributes":{"name":"circle","cx":558,"cy":244,"r":10},"region_attributes":{"Type":"1","count":"1"}},{"shape_attributes":{"name":"circle","cx":639,"cy":273,"r":10},"region_attributes":{"Type":"1","count":"1"}},{"shape_attributes":{"name":"circle","cx":514,"cy":274,"r":10},"region_attributes":{"Type":"1","count":"2"}},{"shape_attributes":{"name":"circle","cx":591,"cy":291,"r":10},"region_attributes":{"Type":"1","count":"4"}},{"shape_attributes":{"name":"circle","cx":643,"cy":305,"r":10},"region_attributes":{"Type":"1","count":"1"}},{"shape_attributes":{"name":"circle","cx":649,"cy":295,"r":10},"region_attributes":{"Type":"1","count":"1"}},{"shape_attributes":{"name":"circle","cx":503,"cy":346,"r":10},"region_attributes":{"Type":"1","count":"1"}},{"shape_attributes":{"name":"circle","cx":558,"cy":384,"r":10},"region_attributes":{"Type":"1","count":"3"}},{"shape_attributes":{"name":"circle","cx":598,"cy":390,"r":10},"region_attributes":{"Type":"1","count":"2"}},{"shape_attributes":{"name":"circle","cx":642,"cy":374,"r":10},"region_attributes":{"Type":"1","count":"1"}},{"shape_attributes":{"name":"circle","cx":637,"cy":411,"r":10},"region_attributes":{"Type":"1","count":"1"}},{"shape_attributes":{"name":"circle","cx":558,"cy":441,"r":10},"region_attributes":{"Type":"1","count":"1"}},{"shape_attributes":{"name":"circle","cx":593,"cy":437,"r":10},"region_attributes":{"Type":"1","count":"3"}},{"shape_attributes":{"name":"circle","cx":496,"cy":501,"r":10},"region_attributes":{"Type":"1","count":"2"}},{"shape_attributes":{"name":"circle","cx":610,"cy":487,"r":10},"region_attributes":{"Type":"1","count":"2"}},{"shape_attributes":{"name":"circle","cx":652,"cy":515,"r":10},"region_attributes":{"Type":"1","count":"2"}}],"file_attributes":{"date":"2022-06-30","temp":"67","rain":"2","neighborhood":"Gaslamp","total_count":""}},"https://drive.google.com/uc?export=view&id=1wNfjk1R7D97L_OVtpSv3E2YbjwesXa3K\n":{"filename":"https://drive.google.com/uc?export=view&id=1wNfjk1R7D97L_OVtpSv3E2YbjwesXa3K\n","size":-1,"regions":[{"shape_attributes":{"name":"circle","cx":502,"cy":82,"r":10},"region_attributes":{"Type":"1","count":"1"}},{"shape_attributes":{"name":"circle","cx":520,"cy":62,"r":10},"region_attributes":{"Type":"1","count":"1"}},{"shape_attributes":{"name":"circle","cx":529,"cy":92,"r":10},"region_attributes":{"Type":"1","count":"10"}},{"shape_attributes":{"name":"circle","cx":633,"cy":65,"r":10},"region_attributes":{"Type":"1","count":"3"}},{"shape_attributes":{"name":"circle","cx":595,"cy":171,"r":10},"region_attributes":{"Type":"1","count":"2"}},{"shape_attributes":{"name":"circle","cx":617,"cy":220,"r":10},"region_attributes":{"Type":"2","count":"1"}},{"shape_attributes":{"name":"circle","cx":462,"cy":305,"r":10},"region_attributes":{"Type":"1","count":"1"}},{"shape_attributes":{"name":"circle","cx":593,"cy":293,"r":10},"region_attributes":{"Type":"1","count":"2"}},{"shape_attributes":{"name":"circle","cx":554,"cy":395,"r":10},"region_attributes":{"Type":"1","count":"1"}},{"shape_attributes":{"name":"circle","cx":591,"cy":396,"r":10},"region_attributes":{"Type":"1","count":"1"}},{"shape_attributes":{"name":"circle","cx":643,"cy":396,"r":10},"region_attributes":{"Type":"1","count":"1"}},{"shape_attributes":{"name":"circle","cx":592,"cy":449,"r":10},"region_attributes":{"Type":"1","count":"2"}},{"shape_attributes":{"name":"circle","cx":644,"cy":493,"r":10},"region_attributes":{"Type":"1","count":"1"}}],"file_attributes":{"date":"2022-07-29","temp":"70","rain":"2","neighborhood":"Gaslamp","total_count":""}},"https://drive.google.com/uc?export=view&id=1rM52xBz0FWtUbDA6pTrP3AMvgq_-ekCd\n":{"filename":"https://drive.google.com/uc?export=view&id=1rM52xBz0FWtUbDA6pTrP3AMvgq_-ekCd\n","size":-1,"regions":[{"shape_attributes":{"name":"circle","cx":499,"cy":82,"r":10},"region_attributes":{"Type":"1","count":"2"}},{"shape_attributes":{"name":"circle","cx":527,"cy":65,"r":10},"region_attributes":{"Type":"1","count":"4"}},{"shape_attributes":{"name":"circle","cx":550,"cy":99,"r":10},"region_attributes":{"Type":"1","count":"3"}},{"shape_attributes":{"name":"circle","cx":593,"cy":81,"r":10},"region_attributes":{"Type":"1","count":"2"}},{"shape_attributes":{"name":"circle","cx":616,"cy":64,"r":10},"region_attributes":{"Type":"1","count":"4"}},{"shape_attributes":{"name":"circle","cx":628,"cy":93,"r":10},"region_attributes":{"Type":"1","count":"3"}},{"shape_attributes":{"name":"circle","cx":519,"cy":113,"r":10},"region_attributes":{"Type":"1","count":"1"}},{"shape_attributes":{"name":"circle","cx":498,"cy":133,"r":10},"region_attributes":{"Type":"1","count":"2"}},{"shape_attributes":{"name":"circle","cx":599,"cy":115,"r":10},"region_attributes":{"Type":"1","count":"2"}},{"shape_attributes":{"name":"circle","cx":499,"cy":186,"r":10},"region_attributes":{"Type":"1","count":"2"}},{"shape_attributes":{"name":"circle","cx":556,"cy":185,"r":10},"region_attributes":{"Type":"1","count":"1"}},{"shape_attributes":{"name":"circle","cx":592,"cy":183,"r":10},"region_attributes":{"Type":"1","count":"2"}},{"shape_attributes":{"name":"circle","cx":523,"cy":248,"r":10},"region_attributes":{"Type":"1","count":"1"}},{"shape_attributes":{"name":"circle","cx":524,"cy":273,"r":10},"region_attributes":{"Type":"1","count":"1"}},{"shape_attributes":{"name":"circle","cx":504,"cy":294,"r":10},"region_attributes":{"Type":"1","count":"2"}},{"shape_attributes":{"name":"circle","cx":536,"cy":307,"r":10},"region_attributes":{"Type":"1","count":"2"}},{"shape_attributes":{"name":"circle","cx":556,"cy":295,"r":10},"region_attributes":{"Type":"1","count":"1"}},{"shape_attributes":{"name":"circle","cx":590,"cy":289,"r":10},"region_attributes":{"Type":"1","count":"1"}},{"shape_attributes":{"name":"circle","cx":498,"cy":343,"r":10},"region_attributes":{"Type":"1","count":"1"}},{"shape_attributes":{"name":"circle","cx":532,"cy":377,"r":10},"region_attributes":{"Type":"1","count":"1"}},{"shape_attributes":{"name":"circle","cx":558,"cy":393,"r":10},"region_attributes":{"Type":"1","count":"1"}},{"shape_attributes":{"name":"circle","cx":593,"cy":397,"r":10},"region_attributes":{"Type":"1","count":"2"}},{"shape_attributes":{"name":"circle","cx":556,"cy":444,"r":10},"region_attributes":{"Type":"1","count":"1"}},{"shape_attributes":{"name":"circle","cx":595,"cy":463,"r":10},"region_attributes":{"Type":"1","count":"1"}},{"shape_attributes":{"name":"circle","cx":603,"cy":491,"r":10},"region_attributes":{"Type":"1","count":"1"}}],"file_attributes":{"date":"2022-08-25","temp":"68","rain":"2","neighborhood":"Gaslamp","total_count":""}},"https://drive.google.com/uc?export=view&id=1XWOXBlVw3SjnIVLkd77jm0Xdj_an0v0A\n":{"filename":"https://drive.google.com/uc?export=view&id=1XWOXBlVw3SjnIVLkd77jm0Xdj_an0v0A\n","size":-1,"regions":[{"shape_attributes":{"name":"circle","cx":502,"cy":83,"r":10},"region_attributes":{"Type":"1","count":"6"}},{"shape_attributes":{"name":"circle","cx":540,"cy":67,"r":10},"region_attributes":{"Type":"1","count":"1"}},{"shape_attributes":{"name":"circle","cx":556,"cy":85,"r":10},"region_attributes":{"Type":"1","count":"3"}},{"shape_attributes":{"name":"circle","cx":498,"cy":100,"r":10},"region_attributes":{"Type":"1","count":"1"}},{"shape_attributes":{"name":"circle","cx":531,"cy":102,"r":10},"region_attributes":{"Type":"1","count":"5"}},{"shape_attributes":{"name":"circle","cx":621,"cy":72,"r":10},"region_attributes":{"Type":"1","count":"3"}},{"shape_attributes":{"name":"circle","cx":649,"cy":89,"r":10},"region_attributes":{"Type":"1","count":"1"}},{"shape_attributes":{"name":"circle","cx":591,"cy":139,"r":10},"region_attributes":{"Type":"1","count":"2"}},{"shape_attributes":{"name":"circle","cx":555,"cy":191,"r":10},"region_attributes":{"Type":"1","count":"5"}},{"shape_attributes":{"name":"circle","cx":601,"cy":175,"r":10},"region_attributes":{"Type":"1","count":"1"}},{"shape_attributes":{"name":"circle","cx":499,"cy":244,"r":10},"region_attributes":{"Type":"1","count":"1"}},{"shape_attributes":{"name":"circle","cx":555,"cy":254,"r":10},"region_attributes":{"Type":"1","count":"1"}},{"shape_attributes":{"name":"circle","cx":603,"cy":226,"r":15.008},"region_attributes":{"Type":"2","count":"2"}},{"shape_attributes":{"name":"circle","cx":500,"cy":297,"r":10},"region_attributes":{"Type":"1","count":"1"}},{"shape_attributes":{"name":"circle","cx":530,"cy":310,"r":10},"region_attributes":{"Type":"1","count":"1"}},{"shape_attributes":{"name":"circle","cx":591,"cy":298,"r":10},"region_attributes":{"Type":"1","count":"4"}},{"shape_attributes":{"name":"circle","cx":630,"cy":309,"r":10},"region_attributes":{"Type":"1","count":"1"}},{"shape_attributes":{"name":"circle","cx":498,"cy":331,"r":10},"region_attributes":{"Type":"1","count":"1"}},{"shape_attributes":{"name":"circle","cx":500,"cy":360,"r":10},"region_attributes":{"Type":"1","count":"1"}},{"shape_attributes":{"name":"circle","cx":557,"cy":348,"r":10},"region_attributes":{"Type":"1","count":"1"}},{"shape_attributes":{"name":"circle","cx":613,"cy":415,"r":10},"region_attributes":{"Type":"1","count":"1"}},{"shape_attributes":{"name":"circle","cx":593,"cy":451,"r":10},"region_attributes":{"Type":"1","count":"5"}},{"shape_attributes":{"name":"circle","cx":621,"cy":438,"r":10},"region_attributes":{"Type":"1","count":"2"}},{"shape_attributes":{"name":"circle","cx":619,"cy":497,"r":10},"region_attributes":{"Type":"1","count":"1"}},{"shape_attributes":{"name":"circle","cx":632,"cy":514,"r":10},"region_attributes":{"Type":"1","count":"9"}},{"shape_attributes":{"name":"circle","cx":645,"cy":519,"r":10},"region_attributes":{"Type":"2","count":"1"}}],"file_attributes":{"date":"2022-09-30","temp":"67","rain":"2","neighborhood":"Gaslamp","total_count":""}},"https://drive.google.com/uc?export=view&id=1-fX8Zc7gzmQjgGR5MEohf8lPONb6_q69\n":{"filename":"https://drive.google.com/uc?export=view&id=1-fX8Zc7gzmQjgGR5MEohf8lPONb6_q69\n","size":-1,"regions":[{"shape_attributes":{"name":"circle","cx":500,"cy":81,"r":10},"region_attributes":{"Type":"1","count":"8"}},{"shape_attributes":{"name":"circle","cx":529,"cy":64,"r":10},"region_attributes":{"Type":"1","count":"5"}},{"shape_attributes":{"name":"circle","cx":554,"cy":81,"r":10},"region_attributes":{"Type":"1","count":"9"}},{"shape_attributes":{"name":"circle","cx":590,"cy":79,"r":10},"region_attributes":{"Type":"1","count":"1"}},{"shape_attributes":{"name":"circle","cx":620,"cy":64,"r":10},"region_attributes":{"Type":"1","count":"5"}},{"shape_attributes":{"name":"circle","cx":502,"cy":136,"r":10},"region_attributes":{"Type":"1","count":"4"}},{"shape_attributes":{"name":"circle","cx":556,"cy":131,"r":10},"region_attributes":{"Type":"1","count":"1"}},{"shape_attributes":{"name":"circle","cx":591,"cy":134,"r":10},"region_attributes":{"Type":"1","count":"1"}},{"shape_attributes":{"name":"circle","cx":621,"cy":116,"r":10},"region_attributes":{"Type":"1","count":"1"}},{"shape_attributes":{"name":"circle","cx":648,"cy":136,"r":10},"region_attributes":{"Type":"1","count":"1"}},{"shape_attributes":{"name":"circle","cx":501,"cy":188,"r":10},"region_attributes":{"Type":"1","count":"3"}},{"shape_attributes":{"name":"circle","cx":534,"cy":199,"r":10},"region_attributes":{"Type":"1","count":"1"}},{"shape_attributes":{"name":"circle","cx":555,"cy":181,"r":10},"region_attributes":{"Type":"1","count":"1"}},{"shape_attributes":{"name":"circle","cx":592,"cy":186,"r":10},"region_attributes":{"Type":"1","count":"2"}},{"shape_attributes":{"name":"circle","cx":531,"cy":220,"r":10},"region_attributes":{"Type":"1","count":"1"}},{"shape_attributes":{"name":"circle","cx":598,"cy":248,"r":10},"region_attributes":{"Type":"1","count":"1"}},{"shape_attributes":{"name":"circle","cx":502,"cy":292,"r":10},"region_attributes":{"Type":"1","count":"4"}},{"shape_attributes":{"name":"circle","cx":555,"cy":289,"r":10},"region_attributes":{"Type":"1","count":"1"}},{"shape_attributes":{"name":"circle","cx":591,"cy":289,"r":10},"region_attributes":{"Type":"1","count":"1"}},{"shape_attributes":{"name":"circle","cx":644,"cy":288,"r":10},"region_attributes":{"Type":"1","count":"1"}},{"shape_attributes":{"name":"circle","cx":500,"cy":342,"r":10},"region_attributes":{"Type":"1","count":"1"}},{"shape_attributes":{"name":"circle","cx":592,"cy":379,"r":10},"region_attributes":{"Type":"1","count":"1"}},{"shape_attributes":{"name":"circle","cx":618,"cy":378,"r":10},"region_attributes":{"Type":"1","count":"1"}},{"shape_attributes":{"name":"circle","cx":594,"cy":445,"r":10},"region_attributes":{"Type":"1","count":"1"}},{"shape_attributes":{"name":"circle","cx":623,"cy":430,"r":10},"region_attributes":{"Type":"1","count":"4"}},{"shape_attributes":{"name":"circle","cx":647,"cy":444,"r":10},"region_attributes":{"Type":"1","count":"1"}},{"shape_attributes":{"name":"circle","cx":622,"cy":498,"r":10},"region_attributes":{"Type":"1","count":"1"}}],"file_attributes":{"date":"2022-10-28","temp":"57","rain":"2","neighborhood":"Gaslamp","total_count":""}},"https://drive.google.com/uc?export=view&id=1fM6cN3rVVW3WIFctsvqkbYV379zbOwY2\n":{"filename":"https://drive.google.com/uc?export=view&id=1fM6cN3rVVW3WIFctsvqkbYV379zbOwY2\n","size":-1,"regions":[{"shape_attributes":{"name":"circle","cx":503,"cy":95,"r":10},"region_attributes":{"Type":"1","count":"7"}},{"shape_attributes":{"name":"circle","cx":593,"cy":83,"r":10},"region_attributes":{"Type":"1","count":"1"}},{"shape_attributes":{"name":"circle","cx":627,"cy":66,"r":10},"region_attributes":{"Type":"1","count":"4"}},{"shape_attributes":{"name":"circle","cx":651,"cy":81,"r":10},"region_attributes":{"Type":"1","count":"2"}},{"shape_attributes":{"name":"circle","cx":508,"cy":118,"r":10},"region_attributes":{"Type":"2","count":"1"}},{"shape_attributes":{"name":"circle","cx":500,"cy":135,"r":10},"region_attributes":{"Type":"1","count":"4"}},{"shape_attributes":{"name":"circle","cx":556,"cy":124,"r":11.102},"region_attributes":{"Type":"1","count":"1"}},{"shape_attributes":{"name":"circle","cx":554,"cy":135,"r":6.5},"region_attributes":{"Type":"2","count":"1"}},{"shape_attributes":{"name":"circle","cx":598,"cy":134,"r":10},"region_attributes":{"Type":"1","count":"3"}},{"shape_attributes":{"name":"circle","cx":524,"cy":170,"r":10},"region_attributes":{"Type":"1","count":"5"}},{"shape_attributes":{"name":"circle","cx":499,"cy":189,"r":10},"region_attributes":{"Type":"1","count":"4"}},{"shape_attributes":{"name":"circle","cx":557,"cy":186,"r":10},"region_attributes":{"Type":"1","count":"1"}},{"shape_attributes":{"name":"circle","cx":592,"cy":188,"r":10},"region_attributes":{"Type":"1","count":"1"}},{"shape_attributes":{"name":"circle","cx":621,"cy":201,"r":10},"region_attributes":{"Type":"1","count":"1"}},{"shape_attributes":{"name":"circle","cx":537,"cy":222,"r":10},"region_attributes":{"Type":"1","count":"1"}},{"shape_attributes":{"name":"circle","cx":593,"cy":239,"r":10},"region_attributes":{"Type":"1","count":"1"}},{"shape_attributes":{"name":"circle","cx":464,"cy":293,"r":10},"region_attributes":{"Type":"1","count":"1"}},{"shape_attributes":{"name":"circle","cx":501,"cy":278,"r":10},"region_attributes":{"Type":"2","count":"1"}},{"shape_attributes":{"name":"circle","cx":501,"cy":295,"r":10},"region_attributes":{"Type":"1","count":"3"}},{"shape_attributes":{"name":"circle","cx":559,"cy":292,"r":10},"region_attributes":{"Type":"1","count":"1"}},{"shape_attributes":{"name":"circle","cx":501,"cy":347,"r":10},"region_attributes":{"Type":"1","count":"1"}},{"shape_attributes":{"name":"circle","cx":590,"cy":398,"r":10},"region_attributes":{"Type":"1","count":"1"}},{"shape_attributes":{"name":"circle","cx":498,"cy":448,"r":10},"region_attributes":{"Type":"1","count":"1"}},{"shape_attributes":{"name":"circle","cx":621,"cy":434,"r":10},"region_attributes":{"Type":"1","count":"1"}},{"shape_attributes":{"name":"circle","cx":625,"cy":504,"r":10},"region_attributes":{"Type":"1","count":"3"}},{"shape_attributes":{"name":"circle","cx":592,"cy":518,"r":10},"region_attributes":{"Type":"1","count":"1"}}],"file_attributes":{"date":"2022-11-23","temp":"50","rain":"2","neighborhood":"Gaslamp","total_count":""}},"https://drive.google.com/uc?export=view&id=1PthnzWCvVV-rRKyVt3EXOiHj5bspYw1e\n":{"filename":"https://drive.google.com/uc?export=view&id=1PthnzWCvVV-rRKyVt3EXOiHj5bspYw1e\n","size":-1,"regions":[{"shape_attributes":{"name":"circle","cx":533,"cy":61,"r":10},"region_attributes":{"Type":"1","count":"1"}},{"shape_attributes":{"name":"circle","cx":499,"cy":79,"r":10},"region_attributes":{"Type":"1","count":"7"}},{"shape_attributes":{"name":"circle","cx":553,"cy":76,"r":10},"region_attributes":{"Type":"1","count":"1"}},{"shape_attributes":{"name":"circle","cx":591,"cy":74,"r":10},"region_attributes":{"Type":"1","count":"1"}},{"shape_attributes":{"name":"circle","cx":622,"cy":60,"r":12.258},"region_attributes":{"Type":"1","count":"6"}},{"shape_attributes":{"name":"circle","cx":640,"cy":58,"r":10},"region_attributes":{"Type":"2","count":"2"}},{"shape_attributes":{"name":"circle","cx":650,"cy":83,"r":10},"region_attributes":{"Type":"1","count":"1"}},{"shape_attributes":{"name":"circle","cx":627,"cy":92,"r":10},"region_attributes":{"Type":"1","count":"2"}},{"shape_attributes":{"name":"circle","cx":506,"cy":133,"r":10},"region_attributes":{"Type":"1","count":"5"}},{"shape_attributes":{"name":"circle","cx":591,"cy":118,"r":10},"region_attributes":{"Type":"1","count":"1"}},{"shape_attributes":{"name":"circle","cx":637,"cy":125,"r":10},"region_attributes":{"Type":"1","count":"3"}},{"shape_attributes":{"name":"circle","cx":504,"cy":183,"r":10},"region_attributes":{"Type":"1","count":"2"}},{"shape_attributes":{"name":"circle","cx":544,"cy":194,"r":10},"region_attributes":{"Type":"1","count":"1"}},{"shape_attributes":{"name":"circle","cx":587,"cy":177,"r":10},"region_attributes":{"Type":"1","count":"1"}},{"shape_attributes":{"name":"circle","cx":618,"cy":196,"r":10},"region_attributes":{"Type":"1","count":"1"}},{"shape_attributes":{"name":"circle","cx":594,"cy":228,"r":10},"region_attributes":{"Type":"1","count":"5"}},{"shape_attributes":{"name":"circle","cx":615,"cy":243,"r":10},"region_attributes":{"Type":"1","count":"1"}},{"shape_attributes":{"name":"circle","cx":503,"cy":290,"r":10},"region_attributes":{"Type":"1","count":"1"}},{"shape_attributes":{"name":"circle","cx":556,"cy":291,"r":10},"region_attributes":{"Type":"1","count":"1"}},{"shape_attributes":{"name":"circle","cx":597,"cy":288,"r":10},"region_attributes":{"Type":"1","count":"5"}},{"shape_attributes":{"name":"circle","cx":615,"cy":297,"r":10},"region_attributes":{"Type":"1","count":"1"}},{"shape_attributes":{"name":"circle","cx":506,"cy":345,"r":10},"region_attributes":{"Type":"1","count":"2"}},{"shape_attributes":{"name":"circle","cx":599,"cy":324,"r":10},"region_attributes":{"Type":"1","count":"1"}},{"shape_attributes":{"name":"circle","cx":506,"cy":396,"r":10},"region_attributes":{"Type":"1","count":"1"}},{"shape_attributes":{"name":"circle","cx":592,"cy":389,"r":10},"region_attributes":{"Type":"1","count":"1"}},{"shape_attributes":{"name":"circle","cx":633,"cy":372,"r":10},"region_attributes":{"Type":"1","count":"1"}},{"shape_attributes":{"name":"circle","cx":618,"cy":401,"r":10},"region_attributes":{"Type":"1","count":"2"}},{"shape_attributes":{"name":"circle","cx":635,"cy":425,"r":10},"region_attributes":{"Type":"1","count":"1"}},{"shape_attributes":{"name":"circle","cx":596,"cy":451,"r":10},"region_attributes":{"Type":"1","count":"6"}},{"shape_attributes":{"name":"circle","cx":619,"cy":521,"r":10},"region_attributes":{"Type":"1","count":"2"}}],"file_attributes":{"date":"2022-12-29","temp":"59","rain":"2","neighborhood":"Gaslamp","total_count":""}}},"_via_attributes":{"region":{"Type":{"type":"dropdown","description":"","options":{"1":"Individual","2":"Structure","3":"Vehicle"},"default_options":{}},"count":{"type":"text","description":"","default_value":""}},"file":{"date":{"type":"text","description":"","default_value":""},"temp":{"type":"text","description":"","default_value":""},"rain":{"type":"dropdown","description":"","options":{"1":"rain","2":"clear"},"default_options":{"2":true}},"neighborhood":{"type":"text","description":"","default_value":"Gaslamp"},"total_count":{"type":"text","description":"","default_value":""}}},"_via_data_format_version":"2.0.10","_via_image_id_list":["https://drive.google.com/uc?export=view&id=1wRDD6VqlX6PNHG5stKR8bZcFPAOm7OK7\n","https://drive.google.com/uc?export=view&id=1Rzx7_fNun25_2Qd8RUYrv2Opr5iYDd25\n","https://drive.google.com/uc?export=view&id=14ZC0OBtrk75PFSEU2_oXOjw2SWCDB6h6\n","https://drive.google.com/uc?export=view&id=1Jk1p94LmGAcG2lO0Hjdw1LuTrCez_13M\n","https://drive.google.com/uc?export=view&id=1eBlW6LuQbrqb3BQsdcsj7mOqzIFRkT8Z\n","https://drive.google.com/uc?export=view&id=1XjBhIT8xcavDqORne2ZC1DUZx7H5k648\n","https://drive.google.com/uc?export=view&id=1wNfjk1R7D97L_OVtpSv3E2YbjwesXa3K\n","https://drive.google.com/uc?export=view&id=1rM52xBz0FWtUbDA6pTrP3AMvgq_-ekCd\n","https://drive.google.com/uc?export=view&id=1XWOXBlVw3SjnIVLkd77jm0Xdj_an0v0A\n","https://drive.google.com/uc?export=view&id=1-fX8Zc7gzmQjgGR5MEohf8lPONb6_q69\n","https://drive.google.com/uc?export=view&id=1fM6cN3rVVW3WIFctsvqkbYV379zbOwY2\n","https://drive.google.com/uc?export=view&id=1PthnzWCvVV-rRKyVt3EXOiHj5bspYw1e\n"]}