{"_via_settings":{"ui":{"annotation_editor_height":35,"annotation_editor_fontsize":0.8,"leftsidebar_width":18,"image_grid":{"img_height":80,"rshape_fill":"none","rshape_fill_opacity":0.3,"rshape_stroke":"yellow","rshape_stroke_width":2,"show_region_shape":true,"show_image_policy":"all"},"image":{"region_label":"__via_region_id__","region_color":"__via_default_region_color__","region_label_font":"10px Sans","on_image_annotation_editor_placement":"NEAR_REGION"}},"core":{"buffer_size":18,"filepath":{},"default_filepath":""},"project":{"name":"Gaslamp_2019_count"}},"_via_img_metadata":{"https://drive.google.com/uc?export=view&id=19hJ6AujQX1udDQ-XYsoAVRUVPADmUC_n\n":{"filename":"https://drive.google.com/uc?export=view&id=19hJ6AujQX1udDQ-XYsoAVRUVPADmUC_n\n","size":-1,"regions":[{"shape_attributes":{"name":"circle","cx":502,"cy":70,"r":13.537},"region_attributes":{"Type":"2","count":"2"}},{"shape_attributes":{"name":"circle","cx":503,"cy":91,"r":8.515},"region_attributes":{"Type":"1","count":"3"}},{"shape_attributes":{"name":"circle","cx":525,"cy":90,"r":11},"region_attributes":{"Type":"1","count":"1"}},{"shape_attributes":{"name":"circle","cx":551,"cy":78,"r":10},"region_attributes":{"Type":"1","count":"1"}},{"shape_attributes":{"name":"circle","cx":596,"cy":81,"r":12.01},"region_attributes":{"Type":"1","count":"1"}},{"shape_attributes":{"name":"circle","cx":643,"cy":78,"r":13},"region_attributes":{"Type":"1","count":"3"}},{"shape_attributes":{"name":"circle","cx":597,"cy":130,"r":11},"region_attributes":{"Type":"1","count":"1"}},{"shape_attributes":{"name":"circle","cx":648,"cy":130,"r":10},"region_attributes":{"Type":"1","count":"1"}},{"shape_attributes":{"name":"circle","cx":507,"cy":181,"r":9},"region_attributes":{"Type":"1","count":"1"}},{"shape_attributes":{"name":"circle","cx":550,"cy":178,"r":13},"region_attributes":{"Type":"1","count":"1"}},{"shape_attributes":{"name":"circle","cx":595,"cy":183,"r":11},"region_attributes":{"Type":"1","count":"1"}},{"shape_attributes":{"name":"circle","cx":645,"cy":183,"r":10},"region_attributes":{"Type":"1","count":"1"}},{"shape_attributes":{"name":"circle","cx":521,"cy":222,"r":11},"region_attributes":{"Type":"1","count":"4"}},{"shape_attributes":{"name":"circle","cx":506,"cy":239,"r":13},"region_attributes":{"Type":"1","count":"1"}},{"shape_attributes":{"name":"circle","cx":596,"cy":238,"r":11},"region_attributes":{"Type":"1","count":"1"}},{"shape_attributes":{"name":"circle","cx":620,"cy":224,"r":11},"region_attributes":{"Type":"1","count":"2"}},{"shape_attributes":{"name":"circle","cx":555,"cy":290,"r":12},"region_attributes":{"Type":"1","count":"1"}},{"shape_attributes":{"name":"circle","cx":594,"cy":291,"r":14},"region_attributes":{"Type":"1","count":"11"}},{"shape_attributes":{"name":"circle","cx":503,"cy":344,"r":12},"region_attributes":{"Type":"1","count":"5"}},{"shape_attributes":{"name":"circle","cx":550,"cy":353,"r":13},"region_attributes":{"Type":"1","count":"1"}},{"shape_attributes":{"name":"circle","cx":617,"cy":328,"r":11},"region_attributes":{"Type":"1","count":"2"}},{"shape_attributes":{"name":"circle","cx":504,"cy":395,"r":10},"region_attributes":{"Type":"1","count":"2"}},{"shape_attributes":{"name":"circle","cx":542,"cy":432,"r":13},"region_attributes":{"Type":"1","count":"1"}},{"shape_attributes":{"name":"circle","cx":592,"cy":445,"r":11},"region_attributes":{"Type":"1","count":"4"}},{"shape_attributes":{"name":"circle","cx":610,"cy":459,"r":12},"region_attributes":{"Type":"1","count":"1"}},{"shape_attributes":{"name":"circle","cx":649,"cy":518,"r":12},"region_attributes":{"Type":"1","count":"4"}}],"file_attributes":{"date":"2019-01-31","temp":"55","rain":"2","neighborhood":"Gaslamp","total_count":""}},"https://drive.google.com/uc?export=view&id=12xeUBGjhvEbaoIPcFqleh0AEwMg22Dkn\n":{"filename":"https://drive.google.com/uc?export=view&id=12xeUBGjhvEbaoIPcFqleh0AEwMg22Dkn\n","size":-1,"regions":[{"shape_attributes":{"name":"circle","cx":505,"cy":76,"r":11},"region_attributes":{"Type":"1","count":"2"}},{"shape_attributes":{"name":"circle","cx":556,"cy":74,"r":12},"region_attributes":{"Type":"1","count":"3"}},{"shape_attributes":{"name":"circle","cx":595,"cy":74,"r":9},"region_attributes":{"Type":"1","count":"3"}},{"shape_attributes":{"name":"circle","cx":603,"cy":90,"r":9},"region_attributes":{"Type":"1","count":"2"}},{"shape_attributes":{"name":"circle","cx":646,"cy":77,"r":12},"region_attributes":{"Type":"1","count":"4"}},{"shape_attributes":{"name":"circle","cx":503,"cy":129,"r":12},"region_attributes":{"Type":"1","count":"1"}},{"shape_attributes":{"name":"circle","cx":556,"cy":114,"r":9},"region_attributes":{"Type":"1","count":"7"}},{"shape_attributes":{"name":"circle","cx":552,"cy":141,"r":12},"region_attributes":{"Type":"1","count":"2"}},{"shape_attributes":{"name":"circle","cx":650,"cy":125,"r":9},"region_attributes":{"Type":"1","count":"1"}},{"shape_attributes":{"name":"circle","cx":621,"cy":141,"r":10},"region_attributes":{"Type":"1","count":"3"}},{"shape_attributes":{"name":"circle","cx":525,"cy":167,"r":8},"region_attributes":{"Type":"1","count":"1"}},{"shape_attributes":{"name":"circle","cx":502,"cy":181,"r":11},"region_attributes":{"Type":"1","count":"1"}},{"shape_attributes":{"name":"circle","cx":649,"cy":181,"r":8},"region_attributes":{"Type":"1","count":"1"}},{"shape_attributes":{"name":"circle","cx":505,"cy":223,"r":10},"region_attributes":{"Type":"1","count":"3"}},{"shape_attributes":{"name":"circle","cx":554,"cy":232,"r":9},"region_attributes":{"Type":"1","count":"2"}},{"shape_attributes":{"name":"circle","cx":597,"cy":232,"r":12},"region_attributes":{"Type":"1","count":"2"}},{"shape_attributes":{"name":"circle","cx":532,"cy":276,"r":12},"region_attributes":{"Type":"1","count":"3"}},{"shape_attributes":{"name":"circle","cx":554,"cy":288,"r":8},"region_attributes":{"Type":"1","count":"3"}},{"shape_attributes":{"name":"circle","cx":599,"cy":287,"r":8},"region_attributes":{"Type":"1","count":"1"}},{"shape_attributes":{"name":"circle","cx":648,"cy":286,"r":9},"region_attributes":{"Type":"1","count":"1"}},{"shape_attributes":{"name":"circle","cx":503,"cy":299,"r":10},"region_attributes":{"Type":"1","count":"1"}},{"shape_attributes":{"name":"circle","cx":502,"cy":330,"r":13},"region_attributes":{"Type":"2","count":"1"}},{"shape_attributes":{"name":"circle","cx":503,"cy":351,"r":10},"region_attributes":{"Type":"1","count":"3"}},{"shape_attributes":{"name":"circle","cx":529,"cy":352,"r":11},"region_attributes":{"Type":"1","count":"2"}},{"shape_attributes":{"name":"circle","cx":553,"cy":336,"r":9},"region_attributes":{"Type":"1","count":"1"}},{"shape_attributes":{"name":"circle","cx":596,"cy":355,"r":11},"region_attributes":{"Type":"1","count":"1"}},{"shape_attributes":{"name":"circle","cx":593,"cy":391,"r":11},"region_attributes":{"Type":"1","count":"2"}},{"shape_attributes":{"name":"circle","cx":595,"cy":455,"r":11},"region_attributes":{"Type":"1","count":"5"}},{"shape_attributes":{"name":"circle","cx":612,"cy":488,"r":10},"region_attributes":{"Type":"1","count":"3"}},{"shape_attributes":{"name":"circle","cx":644,"cy":507,"r":10},"region_attributes":{"Type":"1","count":"2"}}],"file_attributes":{"date":"2019-02-27","temp":"55","rain":"2","neighborhood":"Gaslamp","total_count":""}},"https://drive.google.com/uc?export=view&id=1qfexE1s5JaROnLSl6mzMWELGeWw2QPPd\n":{"filename":"https://drive.google.com/uc?export=view&id=1qfexE1s5JaROnLSl6mzMWELGeWw2QPPd\n","size":-1,"regions":[{"shape_attributes":{"name":"circle","cx":462,"cy":294,"r":12},"region_attributes":{"Type":"1","count":"4"}},{"shape_attributes":{"name":"circle","cx":501,"cy":72,"r":13},"region_attributes":{"Type":"1","count":"5"}},{"shape_attributes":{"name":"circle","cx":592,"cy":74,"r":11},"region_attributes":{"Type":"1","count":"2"}},{"shape_attributes":{"name":"circle","cx":615,"cy":85,"r":11},"region_attributes":{"Type":"1","count":"1"}},{"shape_attributes":{"name":"circle","cx":649,"cy":70,"r":13},"region_attributes":{"Type":"1","count":"1"}},{"shape_attributes":{"name":"circle","cx":594,"cy":127,"r":13},"region_attributes":{"Type":"1","count":"2"}},{"shape_attributes":{"name":"circle","cx":499,"cy":176,"r":11},"region_attributes":{"Type":"1","count":"2"}},{"shape_attributes":{"name":"circle","cx":552,"cy":174,"r":10},"region_attributes":{"Type":"1","count":"4"}},{"shape_attributes":{"name":"circle","cx":595,"cy":166,"r":12},"region_attributes":{"Type":"1","count":"1"}},{"shape_attributes":{"name":"circle","cx":643,"cy":188,"r":11},"region_attributes":{"Type":"1","count":"3"}},{"shape_attributes":{"name":"circle","cx":552,"cy":228,"r":10},"region_attributes":{"Type":"1","count":"3"}},{"shape_attributes":{"name":"circle","cx":500,"cy":292,"r":13},"region_attributes":{"Type":"1","count":"1"}},{"shape_attributes":{"name":"circle","cx":592,"cy":282,"r":11},"region_attributes":{"Type":"1","count":"8"}},{"shape_attributes":{"name":"circle","cx":500,"cy":339,"r":11},"region_attributes":{"Type":"1","count":"4"}},{"shape_attributes":{"name":"circle","cx":553,"cy":339,"r":12},"region_attributes":{"Type":"1","count":"2"}},{"shape_attributes":{"name":"circle","cx":543,"cy":400,"r":10},"region_attributes":{"Type":"1","count":"1"}},{"shape_attributes":{"name":"circle","cx":590,"cy":385,"r":10},"region_attributes":{"Type":"1","count":"1"}},{"shape_attributes":{"name":"circle","cx":621,"cy":374,"r":11},"region_attributes":{"Type":"1","count":"2"}},{"shape_attributes":{"name":"circle","cx":592,"cy":437,"r":11},"region_attributes":{"Type":"1","count":"4"}},{"shape_attributes":{"name":"circle","cx":612,"cy":427,"r":10},"region_attributes":{"Type":"1","count":"4"}},{"shape_attributes":{"name":"circle","cx":641,"cy":506,"r":11},"region_attributes":{"Type":"1","count":"4"}}],"file_attributes":{"date":"2019-03-01","temp":"","rain":"2","neighborhood":"Gaslamp","total_count":""}},"https://drive.google.com/uc?export=view&id=1NHbYSYrGGoNqtQorGAuBLbbUElMlN6b6\n":{"filename":"https://drive.google.com/uc?export=view&id=1NHbYSYrGGoNqtQorGAuBLbbUElMlN6b6\n","size":-1,"regions":[{"shape_attributes":{"name":"circle","cx":510,"cy":86,"r":12},"region_attributes":{"Type":"1","count":"5"}},{"shape_attributes":{"name":"circle","cx":605,"cy":88,"r":11},"region_attributes":{"Type":"1","count":"1"}},{"shape_attributes":{"name":"circle","cx":510,"cy":190,"r":10},"region_attributes":{"Type":"1","count":"2"}},{"shape_attributes":{"name":"circle","cx":560,"cy":189,"r":11},"region_attributes":{"Type":"1","count":"1"}},{"shape_attributes":{"name":"circle","cx":605,"cy":191,"r":10},"region_attributes":{"Type":"1","count":"2"}},{"shape_attributes":{"name":"circle","cx":655,"cy":189,"r":12},"region_attributes":{"Type":"1","count":"1"}},{"shape_attributes":{"name":"circle","cx":659,"cy":136,"r":11},"region_attributes":{"Type":"1","count":"1"}},{"shape_attributes":{"name":"circle","cx":624,"cy":228,"r":12},"region_attributes":{"Type":"1","count":"1"}},{"shape_attributes":{"name":"circle","cx":472,"cy":297,"r":10},"region_attributes":{"Type":"1","count":"1"}},{"shape_attributes":{"name":"circle","cx":509,"cy":296,"r":12.01},"region_attributes":{"Type":"1","count":"1"}},{"shape_attributes":{"name":"circle","cx":537,"cy":337,"r":11},"region_attributes":{"Type":"1","count":"1"}},{"shape_attributes":{"name":"circle","cx":563,"cy":347,"r":12.166},"region_attributes":{"Type":"1","count":"2"}},{"shape_attributes":{"name":"circle","cx":606,"cy":385,"r":10},"region_attributes":{"Type":"1","count":"1"}},{"shape_attributes":{"name":"circle","cx":505,"cy":450,"r":13},"region_attributes":{"Type":"1","count":"1"}},{"shape_attributes":{"name":"circle","cx":561,"cy":450,"r":12},"region_attributes":{"Type":"1","count":"1"}},{"shape_attributes":{"name":"circle","cx":602,"cy":451,"r":11},"region_attributes":{"Type":"1","count":"3\n"}},{"shape_attributes":{"name":"circle","cx":630,"cy":439,"r":10},"region_attributes":{"Type":"1","count":"3"}},{"shape_attributes":{"name":"circle","cx":652,"cy":513,"r":11},"region_attributes":{"Type":"1","count":"8"}}],"file_attributes":{"date":"2019-04-25","temp":"59","rain":"2","neighborhood":"Gaslamp","total_count":""}},"https://drive.google.com/uc?export=view&id=10tL6u70igQTh58xfV1A0ZuQ8KzsW-Yso\n":{"filename":"https://drive.google.com/uc?export=view&id=10tL6u70igQTh58xfV1A0ZuQ8KzsW-Yso\n","size":-1,"regions":[{"shape_attributes":{"name":"circle","cx":525,"cy":70,"r":11},"region_attributes":{"Type":"1","count":"1"}},{"shape_attributes":{"name":"circle","cx":504,"cy":86,"r":12},"region_attributes":{"Type":"1","count":"3"}},{"shape_attributes":{"name":"circle","cx":596,"cy":72,"r":10},"region_attributes":{"Type":"1","count":"4"}},{"shape_attributes":{"name":"circle","cx":594,"cy":94,"r":12},"region_attributes":{"Type":"2","count":"1"}},{"shape_attributes":{"name":"circle","cx":504,"cy":136,"r":13},"region_attributes":{"Type":"1","count":"1"}},{"shape_attributes":{"name":"circle","cx":617,"cy":122,"r":13},"region_attributes":{"Type":"1","count":"3"}},{"shape_attributes":{"name":"circle","cx":500,"cy":185,"r":10},"region_attributes":{"Type":"1","count":"1"}},{"shape_attributes":{"name":"circle","cx":536,"cy":176,"r":10.548},"region_attributes":{"Type":"1","count":"1"}},{"shape_attributes":{"name":"circle","cx":520,"cy":200,"r":10},"region_attributes":{"Type":"1","count":"3"}},{"shape_attributes":{"name":"circle","cx":551,"cy":192,"r":10},"region_attributes":{"Type":"1","count":"2"}},{"shape_attributes":{"name":"circle","cx":618,"cy":174,"r":10},"region_attributes":{"Type":"1","count":"1"}},{"shape_attributes":{"name":"circle","cx":594,"cy":188,"r":10},"region_attributes":{"Type":"1","count":"2"}},{"shape_attributes":{"name":"circle","cx":618,"cy":197,"r":9},"region_attributes":{"Type":"1","count":"4"}},{"shape_attributes":{"name":"circle","cx":647,"cy":180,"r":13},"region_attributes":{"Type":"2","count":"1"}},{"shape_attributes":{"name":"circle","cx":645,"cy":198,"r":12},"region_attributes":{"Type":"1","count":"3"}},{"shape_attributes":{"name":"circle","cx":592,"cy":242,"r":15},"region_attributes":{"Type":"1","count":"1"}},{"shape_attributes":{"name":"circle","cx":621,"cy":227,"r":14},"region_attributes":{"Type":"1","count":"1"}},{"shape_attributes":{"name":"circle","cx":458,"cy":285,"r":13},"region_attributes":{"Type":"1","count":"3"}},{"shape_attributes":{"name":"circle","cx":460,"cy":304,"r":16},"region_attributes":{"Type":"2","count":"1"}},{"shape_attributes":{"name":"circle","cx":502,"cy":295,"r":13},"region_attributes":{"Type":"1","count":"1"}},{"shape_attributes":{"name":"circle","cx":550,"cy":292,"r":13},"region_attributes":{"Type":"1","count":"3"}},{"shape_attributes":{"name":"circle","cx":592,"cy":303,"r":12},"region_attributes":{"Type":"1","count":"3"}},{"shape_attributes":{"name":"circle","cx":523,"cy":334,"r":11},"region_attributes":{"Type":"1","count":"2"}},{"shape_attributes":{"name":"circle","cx":593,"cy":347,"r":11},"region_attributes":{"Type":"1","count":"1"}},{"shape_attributes":{"name":"circle","cx":621,"cy":333,"r":11},"region_attributes":{"Type":"1","count":"1"}},{"shape_attributes":{"name":"circle","cx":502,"cy":399,"r":11},"region_attributes":{"Type":"1","count":"1"}},{"shape_attributes":{"name":"circle","cx":617,"cy":433,"r":13},"region_attributes":{"Type":"1","count":"3"}},{"shape_attributes":{"name":"circle","cx":593,"cy":461,"r":13},"region_attributes":{"Type":"1","count":"3"}},{"shape_attributes":{"name":"circle","cx":552,"cy":451,"r":11},"region_attributes":{"Type":"1","count":"1"}},{"shape_attributes":{"name":"circle","cx":660,"cy":527,"r":12},"region_attributes":{"Type":"1","count":"6"}}],"file_attributes":{"date":"2019-05-29","temp":"60","rain":"2","neighborhood":"Gaslamp","total_count":""}},"https://drive.google.com/uc?export=view&id=1L3PZRtvOY3D-0zpv8rwjLo45e-4Z1lgw\n":{"filename":"https://drive.google.com/uc?export=view&id=1L3PZRtvOY3D-0zpv8rwjLo45e-4Z1lgw\n","size":-1,"regions":[{"shape_attributes":{"name":"circle","cx":537,"cy":65,"r":13},"region_attributes":{"Type":"1","count":"7"}},{"shape_attributes":{"name":"circle","cx":537,"cy":115,"r":15},"region_attributes":{"Type":"1","count":"1"}},{"shape_attributes":{"name":"circle","cx":632,"cy":103,"r":13},"region_attributes":{"Type":"1","count":"1"}},{"shape_attributes":{"name":"circle","cx":646,"cy":140,"r":12.042},"region_attributes":{"Type":"1","count":"4"}},{"shape_attributes":{"name":"circle","cx":655,"cy":151,"r":8},"region_attributes":{"Type":"1","count":"1"}},{"shape_attributes":{"name":"circle","cx":681,"cy":165,"r":10.607},"region_attributes":{"Type":"1","count":"1"}},{"shape_attributes":{"name":"circle","cx":656,"cy":180,"r":9.055},"region_attributes":{"Type":"1","count":"2"}},{"shape_attributes":{"name":"circle","cx":626,"cy":178,"r":11},"region_attributes":{"Type":"1","count":"2"}},{"shape_attributes":{"name":"circle","cx":627,"cy":160,"r":15},"region_attributes":{"Type":"2","count":"1"}},{"shape_attributes":{"name":"circle","cx":559,"cy":203,"r":11},"region_attributes":{"Type":"1","count":"1"}},{"shape_attributes":{"name":"circle","cx":535,"cy":221,"r":11},"region_attributes":{"Type":"1","count":"1"}},{"shape_attributes":{"name":"circle","cx":485,"cy":259,"r":8},"region_attributes":{"Type":"1","count":"1"}},{"shape_attributes":{"name":"circle","cx":497,"cy":261,"r":13},"region_attributes":{"Type":"2","count":"1"}},{"shape_attributes":{"name":"circle","cx":497,"cy":281,"r":11},"region_attributes":{"Type":"1","count":"3"}},{"shape_attributes":{"name":"circle","cx":533,"cy":273,"r":11},"region_attributes":{"Type":"1","count":"2"}},{"shape_attributes":{"name":"circle","cx":589,"cy":273,"r":10},"region_attributes":{"Type":"1","count":"2"}},{"shape_attributes":{"name":"circle","cx":627,"cy":272,"r":10},"region_attributes":{"Type":"1","count":"1"}},{"shape_attributes":{"name":"circle","cx":606,"cy":265,"r":8},"region_attributes":{"Type":"1","count":"2"}},{"shape_attributes":{"name":"circle","cx":627,"cy":219,"r":12},"region_attributes":{"Type":"1","count":"1"}},{"shape_attributes":{"name":"circle","cx":657,"cy":205,"r":11},"region_attributes":{"Type":"1","count":"2"}},{"shape_attributes":{"name":"circle","cx":534,"cy":313,"r":9},"region_attributes":{"Type":"1","count":"1"}},{"shape_attributes":{"name":"circle","cx":533,"cy":331,"r":13},"region_attributes":{"Type":"2","count":"2"}},{"shape_attributes":{"name":"circle","cx":627,"cy":313,"r":10},"region_attributes":{"Type":"1","count":"1"}},{"shape_attributes":{"name":"circle","cx":654,"cy":362,"r":10},"region_attributes":{"Type":"1","count":"2"}},{"shape_attributes":{"name":"circle","cx":629,"cy":439,"r":9},"region_attributes":{"Type":"1","count":"4"}},{"shape_attributes":{"name":"circle","cx":679,"cy":415,"r":9.014},"region_attributes":{"Type":"1","count":"1"}},{"shape_attributes":{"name":"circle","cx":651,"cy":475,"r":11.543},"region_attributes":{"Type":"1","count":"1"}},{"shape_attributes":{"name":"circle","cx":661,"cy":483,"r":13},"region_attributes":{"Type":"1","count":"4"}},{"shape_attributes":{"name":"circle","cx":679,"cy":473,"r":13.01},"region_attributes":{"Type":"1","count":"4"}}],"file_attributes":{"date":"2019-06-26","temp":"63","rain":"2","neighborhood":"Gaslamp","total_count":""}},"https://drive.google.com/uc?export=view&id=1NVz66Dpk9dYLNKhPzuXXAaNHnIBLQErA\n":{"filename":"https://drive.google.com/uc?export=view&id=1NVz66Dpk9dYLNKhPzuXXAaNHnIBLQErA\n","size":-1,"regions":[{"shape_attributes":{"name":"circle","cx":512,"cy":78,"r":16},"region_attributes":{"Type":"1","count":"10"}},{"shape_attributes":{"name":"circle","cx":536,"cy":71,"r":10},"region_attributes":{"Type":"1","count":"2"}},{"shape_attributes":{"name":"circle","cx":550,"cy":97,"r":13.583},"region_attributes":{"Type":"1","count":"2"}},{"shape_attributes":{"name":"circle","cx":601,"cy":84,"r":14},"region_attributes":{"Type":"1","count":"2"}},{"shape_attributes":{"name":"circle","cx":639,"cy":75,"r":14},"region_attributes":{"Type":"1","count":"2"}},{"shape_attributes":{"name":"circle","cx":509,"cy":137,"r":12},"region_attributes":{"Type":"1","count":"2"}},{"shape_attributes":{"name":"circle","cx":601,"cy":134,"r":14},"region_attributes":{"Type":"1","count":"3"}},{"shape_attributes":{"name":"circle","cx":652,"cy":142,"r":12},"region_attributes":{"Type":"1","count":"1"}},{"shape_attributes":{"name":"circle","cx":508,"cy":187,"r":13},"region_attributes":{"Type":"1","count":"1"}},{"shape_attributes":{"name":"circle","cx":563,"cy":186,"r":12},"region_attributes":{"Type":"1","count":"1"}},{"shape_attributes":{"name":"circle","cx":650,"cy":188,"r":13},"region_attributes":{"Type":"1","count":"2"}},{"shape_attributes":{"name":"circle","cx":535,"cy":229,"r":14},"region_attributes":{"Type":"1","count":"1"}},{"shape_attributes":{"name":"circle","cx":601,"cy":238,"r":14},"region_attributes":{"Type":"1","count":"4"}},{"shape_attributes":{"name":"circle","cx":629,"cy":227,"r":19},"region_attributes":{"Type":"2","count":"1"}},{"shape_attributes":{"name":"circle","cx":511,"cy":285,"r":12},"region_attributes":{"Type":"1","count":"2"}},{"shape_attributes":{"name":"circle","cx":600,"cy":296,"r":14},"region_attributes":{"Type":"1","count":"3"}},{"shape_attributes":{"name":"circle","cx":506,"cy":347,"r":14},"region_attributes":{"Type":"1","count":"1"}},{"shape_attributes":{"name":"circle","cx":534,"cy":360,"r":15},"region_attributes":{"Type":"1","count":"1"}},{"shape_attributes":{"name":"circle","cx":599,"cy":390,"r":13},"region_attributes":{"Type":"1","count":"1"}},{"shape_attributes":{"name":"circle","cx":623,"cy":440,"r":14},"region_attributes":{"Type":"1","count":"2"}},{"shape_attributes":{"name":"circle","cx":601,"cy":452,"r":14},"region_attributes":{"Type":"1","count":"2"}},{"shape_attributes":{"name":"circle","cx":665,"cy":526,"r":11},"region_attributes":{"Type":"1","count":"2"}},{"shape_attributes":{"name":"circle","cx":633,"cy":527,"r":13},"region_attributes":{"Type":"1","count":"3"}}],"file_attributes":{"date":"2019-07-24","temp":"73","rain":"2","neighborhood":"Gaslamp","total_count":""}},"https://drive.google.com/uc?export=view&id=1xpBwB1v7YGYRhdDY9CWfmICC8GjovSKv\n":{"filename":"https://drive.google.com/uc?export=view&id=1xpBwB1v7YGYRhdDY9CWfmICC8GjovSKv\n","size":-1,"regions":[{"shape_attributes":{"name":"circle","cx":497,"cy":83,"r":16},"region_attributes":{"Type":"2","count":"1"}},{"shape_attributes":{"name":"circle","cx":497,"cy":100,"r":12},"region_attributes":{"Type":"1","count":"4"}},{"shape_attributes":{"name":"circle","cx":587,"cy":89,"r":12},"region_attributes":{"Type":"1","count":"3"}},{"shape_attributes":{"name":"circle","cx":547,"cy":141,"r":14},"region_attributes":{"Type":"1","count":"1"}},{"shape_attributes":{"name":"circle","cx":610,"cy":149,"r":16},"region_attributes":{"Type":"1","count":"1"}},{"shape_attributes":{"name":"circle","cx":639,"cy":138,"r":15},"region_attributes":{"Type":"1","count":"1"}},{"shape_attributes":{"name":"circle","cx":495,"cy":190,"r":12},"region_attributes":{"Type":"1","count":"1"}},{"shape_attributes":{"name":"circle","cx":546,"cy":191,"r":11},"region_attributes":{"Type":"1","count":"6"}},{"shape_attributes":{"name":"circle","cx":618,"cy":178,"r":10},"region_attributes":{"Type":"1","count":"1"}},{"shape_attributes":{"name":"circle","cx":638,"cy":189,"r":12},"region_attributes":{"Type":"1","count":"5"}},{"shape_attributes":{"name":"circle","cx":520,"cy":228,"r":13},"region_attributes":{"Type":"1","count":"1"}},{"shape_attributes":{"name":"circle","cx":545,"cy":243,"r":11},"region_attributes":{"Type":"1","count":"1"}},{"shape_attributes":{"name":"circle","cx":605,"cy":224,"r":12},"region_attributes":{"Type":"2","count":"1"}},{"shape_attributes":{"name":"circle","cx":627,"cy":226,"r":12.5},"region_attributes":{"Type":"1","count":"1"}},{"shape_attributes":{"name":"circle","cx":584,"cy":240,"r":13},"region_attributes":{"Type":"1","count":"5"}},{"shape_attributes":{"name":"circle","cx":516,"cy":279,"r":12.59},"region_attributes":{"Type":"1","count":"1"}},{"shape_attributes":{"name":"circle","cx":495,"cy":290,"r":12.258},"region_attributes":{"Type":"1","count":"1"}},{"shape_attributes":{"name":"circle","cx":543,"cy":290,"r":11.011},"region_attributes":{"Type":"1","count":"3"}},{"shape_attributes":{"name":"circle","cx":519,"cy":304,"r":12.51},"region_attributes":{"Type":"1","count":"2"}},{"shape_attributes":{"name":"circle","cx":609,"cy":275,"r":13},"region_attributes":{"Type":"1","count":"1"}},{"shape_attributes":{"name":"circle","cx":583,"cy":292,"r":18},"region_attributes":{"Type":"1","count":"1"}},{"shape_attributes":{"name":"circle","cx":633,"cy":291,"r":14},"region_attributes":{"Type":"1","count":"2"}},{"shape_attributes":{"name":"circle","cx":503,"cy":327,"r":9.5},"region_attributes":{"Type":"1","count":"1"}},{"shape_attributes":{"name":"circle","cx":491,"cy":344,"r":11},"region_attributes":{"Type":"1","count":"1"}},{"shape_attributes":{"name":"circle","cx":515,"cy":353,"r":14.509},"region_attributes":{"Type":"2","count":"1"}},{"shape_attributes":{"name":"circle","cx":600,"cy":428,"r":12},"region_attributes":{"Type":"1","count":"6"}},{"shape_attributes":{"name":"circle","cx":538,"cy":488,"r":13.509},"region_attributes":{"Type":"1","count":"2"}},{"shape_attributes":{"name":"circle","cx":630,"cy":500,"r":14},"region_attributes":{"Type":"1","count":"4"}}],"file_attributes":{"date":"2019-08-01","temp":"","rain":"2","neighborhood":"Gaslamp","total_count":""}},"https://drive.google.com/uc?export=view&id=1BByCXYvqWLSzaj7KX8SwT-sd6CPZ7y_4\n":{"filename":"https://drive.google.com/uc?export=view&id=1BByCXYvqWLSzaj7KX8SwT-sd6CPZ7y_4\n","size":-1,"regions":[{"shape_attributes":{"name":"circle","cx":495,"cy":74,"r":11},"region_attributes":{"Type":"1","count":"5"}},{"shape_attributes":{"name":"circle","cx":498,"cy":127,"r":11},"region_attributes":{"Type":"1","count":"1"}},{"shape_attributes":{"name":"circle","cx":590,"cy":122,"r":12},"region_attributes":{"Type":"1","count":"2"}},{"shape_attributes":{"name":"circle","cx":641,"cy":124,"r":13},"region_attributes":{"Type":"1","count":"4"}},{"shape_attributes":{"name":"circle","cx":616,"cy":116,"r":15},"region_attributes":{"Type":"1","count":"1"}},{"shape_attributes":{"name":"circle","cx":520,"cy":165,"r":14},"region_attributes":{"Type":"1","count":"1"}},{"shape_attributes":{"name":"circle","cx":496,"cy":179,"r":15},"region_attributes":{"Type":"1","count":"1"}},{"shape_attributes":{"name":"circle","cx":546,"cy":179,"r":15},"region_attributes":{"Type":"1","count":"3"}},{"shape_attributes":{"name":"circle","cx":512,"cy":192,"r":12},"region_attributes":{"Type":"1","count":"1"}},{"shape_attributes":{"name":"circle","cx":610,"cy":167,"r":14},"region_attributes":{"Type":"1","count":"3"}},{"shape_attributes":{"name":"circle","cx":586,"cy":180,"r":14},"region_attributes":{"Type":"1","count":"2"}},{"shape_attributes":{"name":"circle","cx":640,"cy":179,"r":13.583},"region_attributes":{"Type":"1","count":"8"}},{"shape_attributes":{"name":"circle","cx":618,"cy":191,"r":11},"region_attributes":{"Type":"1","count":"1"}},{"shape_attributes":{"name":"circle","cx":586,"cy":222,"r":13},"region_attributes":{"Type":"1","count":"1"}},{"shape_attributes":{"name":"circle","cx":627,"cy":221,"r":14},"region_attributes":{"Type":"1","count":"1"}},{"shape_attributes":{"name":"circle","cx":583,"cy":240,"r":14},"region_attributes":{"Type":"1","count":"1"}},{"shape_attributes":{"name":"circle","cx":515,"cy":274,"r":12.659},"region_attributes":{"Type":"1","count":"1"}},{"shape_attributes":{"name":"circle","cx":493,"cy":298,"r":14},"region_attributes":{"Type":"1","count":"1"}},{"shape_attributes":{"name":"circle","cx":545,"cy":289,"r":15.133},"region_attributes":{"Type":"1","count":"2"}},{"shape_attributes":{"name":"circle","cx":585,"cy":291,"r":16},"region_attributes":{"Type":"1","count":"3"}},{"shape_attributes":{"name":"circle","cx":544,"cy":335,"r":17},"region_attributes":{"Type":"1","count":"3"}},{"shape_attributes":{"name":"circle","cx":611,"cy":352,"r":14},"region_attributes":{"Type":"1","count":"1"}},{"shape_attributes":{"name":"circle","cx":639,"cy":327,"r":15.008},"region_attributes":{"Type":"1","count":"2"}},{"shape_attributes":{"name":"circle","cx":589,"cy":400,"r":15},"region_attributes":{"Type":"1","count":"1"}},{"shape_attributes":{"name":"circle","cx":638,"cy":393,"r":13.946},"region_attributes":{"Type":"1","count":"1"}},{"shape_attributes":{"name":"circle","cx":542,"cy":446,"r":14},"region_attributes":{"Type":"1","count":"1"}},{"shape_attributes":{"name":"circle","cx":584,"cy":445,"r":16},"region_attributes":{"Type":"1","count":"4"}},{"shape_attributes":{"name":"circle","cx":617,"cy":432,"r":14},"region_attributes":{"Type":"1","count":"4"}},{"shape_attributes":{"name":"circle","cx":615,"cy":490,"r":13},"region_attributes":{"Type":"1","count":"1"}},{"shape_attributes":{"name":"circle","cx":636,"cy":500,"r":9},"region_attributes":{"Type":"1","count":"5"}},{"shape_attributes":{"name":"circle","cx":648,"cy":522,"r":14},"region_attributes":{"Type":"1","count":"10"}}],"file_attributes":{"date":"2019-09-01","temp":"","rain":"1","neighborhood":"Gaslamp","total_count":""}},"https://drive.google.com/uc?export=view&id=1PXxMIwP6y-DFQfYUCAop_Uut9PALVuWl\n":{"filename":"https://drive.google.com/uc?export=view&id=1PXxMIwP6y-DFQfYUCAop_Uut9PALVuWl\n","size":-1,"regions":[{"shape_attributes":{"name":"circle","cx":505,"cy":74,"r":16},"region_attributes":{"Type":"1","count":"6"}},{"shape_attributes":{"name":"circle","cx":532,"cy":64,"r":15.532},"region_attributes":{"Type":"1","count":"1"}},{"shape_attributes":{"name":"circle","cx":556,"cy":76,"r":18},"region_attributes":{"Type":"1","count":"4"}},{"shape_attributes":{"name":"circle","cx":601,"cy":80,"r":19.558},"region_attributes":{"Type":"1","count":"1"}},{"shape_attributes":{"name":"circle","cx":508,"cy":127,"r":16},"region_attributes":{"Type":"1","count":"1"}},{"shape_attributes":{"name":"circle","cx":559,"cy":123,"r":18.608},"region_attributes":{"Type":"1","count":"1"}},{"shape_attributes":{"name":"circle","cx":598,"cy":130,"r":12.816},"region_attributes":{"Type":"1","count":"2"}},{"shape_attributes":{"name":"circle","cx":507,"cy":179,"r":16},"region_attributes":{"Type":"1","count":"3"}},{"shape_attributes":{"name":"circle","cx":556,"cy":177,"r":11.102},"region_attributes":{"Type":"1","count":"4"}},{"shape_attributes":{"name":"circle","cx":562,"cy":164,"r":11.045},"region_attributes":{"Type":"2","count":"1"}},{"shape_attributes":{"name":"circle","cx":531,"cy":191,"r":16.008},"region_attributes":{"Type":"1","count":"3"}},{"shape_attributes":{"name":"circle","cx":601,"cy":181,"r":17},"region_attributes":{"Type":"1","count":"3"}},{"shape_attributes":{"name":"circle","cx":646,"cy":183,"r":17},"region_attributes":{"Type":"1","count":"6"}},{"shape_attributes":{"name":"circle","cx":559,"cy":229,"r":11.011},"region_attributes":{"Type":"1","count":"1"}},{"shape_attributes":{"name":"circle","cx":604,"cy":232,"r":18},"region_attributes":{"Type":"1","count":"1"}},{"shape_attributes":{"name":"circle","cx":505,"cy":283,"r":14},"region_attributes":{"Type":"1","count":"2"}},{"shape_attributes":{"name":"circle","cx":597,"cy":274,"r":18.828},"region_attributes":{"Type":"2","count":"1"}},{"shape_attributes":{"name":"circle","cx":601,"cy":298,"r":15.788},"region_attributes":{"Type":"1","count":"4"}},{"shape_attributes":{"name":"circle","cx":532,"cy":346,"r":17.029},"region_attributes":{"Type":"1","count":"1"}},{"shape_attributes":{"name":"circle","cx":532,"cy":377,"r":18.527},"region_attributes":{"Type":"1","count":"1"}},{"shape_attributes":{"name":"circle","cx":506,"cy":390,"r":17.529},"region_attributes":{"Type":"1","count":"1"}},{"shape_attributes":{"name":"circle","cx":508,"cy":441,"r":20},"region_attributes":{"Type":"1","count":"1"}},{"shape_attributes":{"name":"circle","cx":622,"cy":430,"r":13.01},"region_attributes":{"Type":"1","count":"5"}},{"shape_attributes":{"name":"circle","cx":637,"cy":501,"r":12},"region_attributes":{"Type":"1","count":"2"}},{"shape_attributes":{"name":"circle","cx":665,"cy":516,"r":11},"region_attributes":{"Type":"1","count":"3"}}],"file_attributes":{"date":"2019-10-30","temp":"","rain":"2","neighborhood":"Gaslamp","total_count":""}},"https://drive.google.com/uc?export=view&id=15iDXSOmiEzCMZ2Rsd8I95KPm0cnlh1bh\n":{"filename":"https://drive.google.com/uc?export=view&id=15iDXSOmiEzCMZ2Rsd8I95KPm0cnlh1bh\n","size":-1,"regions":[{"shape_attributes":{"name":"circle","cx":507,"cy":75,"r":14.221},"region_attributes":{"Type":"1","count":"2"}},{"shape_attributes":{"name":"circle","cx":508,"cy":91,"r":12.369},"region_attributes":{"Type":"2","count":"1"}},{"shape_attributes":{"name":"circle","cx":510,"cy":189,"r":19.059},"region_attributes":{"Type":"1","count":"1"}},{"shape_attributes":{"name":"circle","cx":651,"cy":191,"r":14.08},"region_attributes":{"Type":"1","count":"5"}},{"shape_attributes":{"name":"circle","cx":626,"cy":253,"r":16.508},"region_attributes":{"Type":"1","count":"3"}},{"shape_attributes":{"name":"circle","cx":601,"cy":237,"r":12.5},"region_attributes":{"Type":"1","count":"2"}},{"shape_attributes":{"name":"circle","cx":653,"cy":138,"r":19.105},"region_attributes":{"Type":"1","count":"7"}},{"shape_attributes":{"name":"circle","cx":560,"cy":246,"r":14.841},"region_attributes":{"Type":"1","count":"2"}},{"shape_attributes":{"name":"circle","cx":531,"cy":256,"r":19},"region_attributes":{"Type":"1","count":"8"}},{"shape_attributes":{"name":"circle","cx":511,"cy":292,"r":15},"region_attributes":{"Type":"1","count":"4"}},{"shape_attributes":{"name":"circle","cx":560,"cy":300,"r":17.066},"region_attributes":{"Type":"1","count":"2"}},{"shape_attributes":{"name":"circle","cx":469,"cy":285,"r":14},"region_attributes":{"Type":"1","count":"1"}},{"shape_attributes":{"name":"circle","cx":511,"cy":348,"r":16.978},"region_attributes":{"Type":"1","count":"2"}},{"shape_attributes":{"name":"circle","cx":464,"cy":305,"r":18.007},"region_attributes":{"Type":"2","count":"1"}},{"shape_attributes":{"name":"circle","cx":603,"cy":349,"r":16},"region_attributes":{"Type":"1","count":"2"}},{"shape_attributes":{"name":"circle","cx":512,"cy":400,"r":17},"region_attributes":{"Type":"1","count":"1"}},{"shape_attributes":{"name":"circle","cx":532,"cy":443,"r":13.509},"region_attributes":{"Type":"1","count":"1"}},{"shape_attributes":{"name":"circle","cx":604,"cy":451,"r":13},"region_attributes":{"Type":"1","count":"1"}},{"shape_attributes":{"name":"circle","cx":632,"cy":442,"r":14.5},"region_attributes":{"Type":"1","count":"4"}},{"shape_attributes":{"name":"circle","cx":669,"cy":534,"r":17.029},"region_attributes":{"Type":"1","count":"6"}}],"file_attributes":{"date":"2019-11-26","temp":"","rain":"2","neighborhood":"Gaslamp","total_count":""}}},"_via_attributes":{"region":{"Type":{"type":"dropdown","description":"","options":{"1":"Individual","2":"Structure","3":"Vehicle"},"default_options":{}},"count":{"type":"text","description":"","default_value":""}},"file":{"date":{"type":"text","description":"","default_value":""},"temp":{"type":"text","description":"","default_value":""},"rain":{"type":"dropdown","description":"","options":{"1":"rain","2":"clear"},"default_options":{"2":true}},"neighborhood":{"type":"text","description":"","default_value":"Gaslamp"},"total_count":{"type":"text","description":"","default_value":""}}},"_via_data_format_version":"2.0.10","_via_image_id_list":["https://drive.google.com/uc?export=view&id=19hJ6AujQX1udDQ-XYsoAVRUVPADmUC_n\n","https://drive.google.com/uc?export=view&id=12xeUBGjhvEbaoIPcFqleh0AEwMg22Dkn\n","https://drive.google.com/uc?export=view&id=1qfexE1s5JaROnLSl6mzMWELGeWw2QPPd\n","https://drive.google.com/uc?export=view&id=1NHbYSYrGGoNqtQorGAuBLbbUElMlN6b6\n","https://drive.google.com/uc?export=view&id=10tL6u70igQTh58xfV1A0ZuQ8KzsW-Yso\n","https://drive.google.com/uc?export=view&id=1L3PZRtvOY3D-0zpv8rwjLo45e-4Z1lgw\n","https://drive.google.com/uc?export=view&id=1NVz66Dpk9dYLNKhPzuXXAaNHnIBLQErA\n","https://drive.google.com/uc?export=view&id=1xpBwB1v7YGYRhdDY9CWfmICC8GjovSKv\n","https://drive.google.com/uc?export=view&id=1BByCXYvqWLSzaj7KX8SwT-sd6CPZ7y_4\n","https://drive.google.com/uc?export=view&id=1PXxMIwP6y-DFQfYUCAop_Uut9PALVuWl\n","https://drive.google.com/uc?export=view&id=15iDXSOmiEzCMZ2Rsd8I95KPm0cnlh1bh\n"]}