{"_via_settings":{"ui":{"annotation_editor_height":25,"annotation_editor_fontsize":0.8,"leftsidebar_width":18,"image_grid":{"img_height":80,"rshape_fill":"none","rshape_fill_opacity":0.3,"rshape_stroke":"yellow","rshape_stroke_width":2,"show_region_shape":true,"show_image_policy":"all"},"image":{"region_label":"__via_region_id__","region_color":"__via_default_region_color__","region_label_font":"10px Sans","on_image_annotation_editor_placement":"NEAR_REGION"}},"core":{"buffer_size":18,"filepath":{},"default_filepath":""},"project":{"name":"Marina_2022_count"}},"_via_img_metadata":{"https://drive.google.com/uc?export=view&id=1v2t9rbfMhyDSTYhdrJyVDFqqO4ao9GwT\n":{"filename":"https://drive.google.com/uc?export=view&id=1v2t9rbfMhyDSTYhdrJyVDFqqO4ao9GwT\n","size":-1,"regions":[{"shape_attributes":{"name":"circle","cx":132,"cy":37,"r":10.77},"region_attributes":{"Type":"1","count":"1"}},{"shape_attributes":{"name":"circle","cx":57,"cy":56,"r":6.864},"region_attributes":{"Type":"1","count":"3"}},{"shape_attributes":{"name":"circle","cx":59,"cy":72,"r":12.019},"region_attributes":{"Type":"1","count":"7"}},{"shape_attributes":{"name":"circle","cx":95,"cy":63,"r":12.019},"region_attributes":{"Type":"1","count":"3"}},{"shape_attributes":{"name":"circle","cx":194,"cy":175,"r":12.684},"region_attributes":{"Type":"3","count":"1"}},{"shape_attributes":{"name":"circle","cx":224,"cy":164,"r":10.687},"region_attributes":{"Type":"1","count":"1"}},{"shape_attributes":{"name":"circle","cx":296,"cy":167,"r":11.333},"region_attributes":{"Type":"1","count":"1"}},{"shape_attributes":{"name":"circle","cx":309,"cy":205,"r":10.022},"region_attributes":{"Type":"2","count":"1"}},{"shape_attributes":{"name":"circle","cx":418,"cy":191,"r":9.357},"region_attributes":{"Type":"1","count":"1"}},{"shape_attributes":{"name":"circle","cx":414,"cy":238,"r":12.074},"region_attributes":{"Type":"1","count":"1"}},{"shape_attributes":{"name":"circle","cx":517,"cy":191,"r":12.019},"region_attributes":{"Type":"1","count":"2"}},{"shape_attributes":{"name":"circle","cx":533,"cy":217,"r":10.022},"region_attributes":{"Type":"1","count":"1"}},{"shape_attributes":{"name":"circle","cx":559,"cy":212,"r":13},"region_attributes":{"Type":"1","count":"4"}},{"shape_attributes":{"name":"circle","cx":616,"cy":216,"r":10},"region_attributes":{"Type":"1","count":"2"}},{"shape_attributes":{"name":"circle","cx":643,"cy":363,"r":15},"region_attributes":{"Type":"1","count":"2"}},{"shape_attributes":{"name":"circle","cx":636,"cy":392,"r":15},"region_attributes":{"Type":"1","count":"1"}},{"shape_attributes":{"name":"circle","cx":506,"cy":392,"r":15},"region_attributes":{"Type":"2","count":"1"}}],"file_attributes":{"date":"2022-01-27","temp":"48","rain":"2","neighborhood":"Marina","total_count":""}},"https://drive.google.com/uc?export=view&id=134U0zDvtSC3u-Ykoi4877xBFEGgbERxB\n":{"filename":"https://drive.google.com/uc?export=view&id=134U0zDvtSC3u-Ykoi4877xBFEGgbERxB\n","size":-1,"regions":[{"shape_attributes":{"name":"circle","cx":168,"cy":190,"r":17},"region_attributes":{"Type":"1","count":"3"}},{"shape_attributes":{"name":"circle","cx":526,"cy":206,"r":11},"region_attributes":{"Type":"1","count":"1"}},{"shape_attributes":{"name":"circle","cx":552,"cy":205,"r":13},"region_attributes":{"Type":"1","count":"1"}},{"shape_attributes":{"name":"circle","cx":552,"cy":237,"r":14},"region_attributes":{"Type":"1","count":"1"}},{"shape_attributes":{"name":"circle","cx":526,"cy":234,"r":15},"region_attributes":{"Type":"1","count":"3"}},{"shape_attributes":{"name":"circle","cx":583,"cy":231,"r":13},"region_attributes":{"Type":"1","count":"2"}},{"shape_attributes":{"name":"circle","cx":612,"cy":224,"r":12},"region_attributes":{"Type":"1","count":"3"}},{"shape_attributes":{"name":"circle","cx":608,"cy":290,"r":11},"region_attributes":{"Type":"1","count":"1"}},{"shape_attributes":{"name":"circle","cx":467,"cy":373,"r":16},"region_attributes":{"Type":"2","count":"1"}},{"shape_attributes":{"name":"circle","cx":400,"cy":337,"r":12},"region_attributes":{"Type":"1","count":"1"}}],"file_attributes":{"date":"2022-03-01","temp":"54","rain":"2","neighborhood":"Marina","total_count":""}},"https://drive.google.com/uc?export=view&id=1mXGPg6Z2ECh0VObEMqr74iaF6IlN1AlR\n":{"filename":"https://drive.google.com/uc?export=view&id=1mXGPg6Z2ECh0VObEMqr74iaF6IlN1AlR\n","size":-1,"regions":[{"shape_attributes":{"name":"circle","cx":80,"cy":69,"r":11.011},"region_attributes":{"Type":"1","count":"4"}},{"shape_attributes":{"name":"circle","cx":80,"cy":90,"r":14.577},"region_attributes":{"Type":"1","count":"4"}},{"shape_attributes":{"name":"circle","cx":139,"cy":142,"r":14},"region_attributes":{"Type":"1","count":"1"}},{"shape_attributes":{"name":"circle","cx":327,"cy":299,"r":17},"region_attributes":{"Type":"1","count":"1"}},{"shape_attributes":{"name":"circle","cx":455,"cy":195,"r":16},"region_attributes":{"Type":"1","count":"1"}},{"shape_attributes":{"name":"circle","cx":519,"cy":211,"r":13},"region_attributes":{"Type":"1","count":"1"}},{"shape_attributes":{"name":"circle","cx":520,"cy":222,"r":9},"region_attributes":{"Type":"1","count":"3"}},{"shape_attributes":{"name":"circle","cx":545,"cy":210,"r":12},"region_attributes":{"Type":"1","count":"1"}},{"shape_attributes":{"name":"circle","cx":595,"cy":221,"r":12},"region_attributes":{"Type":"1","count":"6"}},{"shape_attributes":{"name":"circle","cx":610,"cy":193,"r":13},"region_attributes":{"Type":"1","count":"3"}},{"shape_attributes":{"name":"circle","cx":571,"cy":240,"r":11},"region_attributes":{"Type":"1","count":"1"}},{"shape_attributes":{"name":"circle","cx":626,"cy":225,"r":12.258},"region_attributes":{"Type":"1","count":"1"}},{"shape_attributes":{"name":"circle","cx":597,"cy":293,"r":15.033},"region_attributes":{"Type":"1","count":"1"}},{"shape_attributes":{"name":"circle","cx":630,"cy":355,"r":15},"region_attributes":{"Type":"1","count":"2"}},{"shape_attributes":{"name":"circle","cx":507,"cy":394,"r":16.008},"region_attributes":{"Type":"1","count":"1"}},{"shape_attributes":{"name":"circle","cx":483,"cy":401,"r":14.509},"region_attributes":{"Type":"2","count":"1"}},{"shape_attributes":{"name":"circle","cx":539,"cy":429,"r":14},"region_attributes":{"Type":"1","count":"1"}}],"file_attributes":{"date":"2022-03-29","temp":"55","rain":"2","neighborhood":"Marina","total_count":""}},"https://drive.google.com/uc?export=view&id=1vnrIRBHIfn0N0GKFQIumygirrUXdAn-U\n":{"filename":"https://drive.google.com/uc?export=view&id=1vnrIRBHIfn0N0GKFQIumygirrUXdAn-U\n","size":-1,"regions":[{"shape_attributes":{"name":"circle","cx":89,"cy":95,"r":13},"region_attributes":{"Type":"2","count":"6"}},{"shape_attributes":{"name":"circle","cx":85,"cy":75,"r":17},"region_attributes":{"Type":"1","count":"4"}},{"shape_attributes":{"name":"circle","cx":279,"cy":108,"r":14.009},"region_attributes":{"Type":"1","count":"1"}},{"shape_attributes":{"name":"circle","cx":509,"cy":247,"r":14.009},"region_attributes":{"Type":"1","count":"1"}},{"shape_attributes":{"name":"circle","cx":393,"cy":143,"r":11.011},"region_attributes":{"Type":"1","count":"1"}},{"shape_attributes":{"name":"circle","cx":518,"cy":227,"r":13},"region_attributes":{"Type":"1","count":"1"}},{"shape_attributes":{"name":"circle","cx":543,"cy":226,"r":13},"region_attributes":{"Type":"1","count":"2"}},{"shape_attributes":{"name":"circle","cx":554,"cy":246,"r":12},"region_attributes":{"Type":"1","count":"1"}},{"shape_attributes":{"name":"circle","cx":591,"cy":224,"r":12},"region_attributes":{"Type":"1","count":"1"}},{"shape_attributes":{"name":"circle","cx":609,"cy":204,"r":15},"region_attributes":{"Type":"1","count":"3"}},{"shape_attributes":{"name":"circle","cx":567,"cy":295,"r":14},"region_attributes":{"Type":"1","count":"2"}},{"shape_attributes":{"name":"circle","cx":590,"cy":294,"r":13},"region_attributes":{"Type":"1","count":"1"}},{"shape_attributes":{"name":"circle","cx":496,"cy":407,"r":14.5},"region_attributes":{"Type":"1","count":"3"}},{"shape_attributes":{"name":"circle","cx":606,"cy":450,"r":15},"region_attributes":{"Type":"1","count":"2"}},{"shape_attributes":{"name":"circle","cx":267,"cy":274,"r":13},"region_attributes":{"Type":"1","count":"1"}},{"shape_attributes":{"name":"circle","cx":572,"cy":428,"r":12},"region_attributes":{"Type":"1","count":"1"}},{"shape_attributes":{"name":"circle","cx":498,"cy":389,"r":13},"region_attributes":{"Type":"3","count":"1"}},{"shape_attributes":{"name":"circle","cx":512,"cy":346,"r":15},"region_attributes":{"Type":"3","count":"1"}},{"shape_attributes":{"name":"circle","cx":481,"cy":340,"r":15},"region_attributes":{"Type":"3","count":"1"}},{"shape_attributes":{"name":"circle","cx":482,"cy":371,"r":11},"region_attributes":{"Type":"3","count":"1"}}],"file_attributes":{"date":"2022-04-29","temp":"55","rain":"2","neighborhood":"Marina","total_count":""}},"https://drive.google.com/uc?export=view&id=1dotg69Glm_Sc-BRcJSsBOsYPax3_j__G\n":{"filename":"https://drive.google.com/uc?export=view&id=1dotg69Glm_Sc-BRcJSsBOsYPax3_j__G\n","size":-1,"regions":[{"shape_attributes":{"name":"circle","cx":124,"cy":46,"r":11.511},"region_attributes":{"Type":"1","count":"2"}},{"shape_attributes":{"name":"circle","cx":107,"cy":110,"r":9.5},"region_attributes":{"Type":"3","count":"1"}},{"shape_attributes":{"name":"circle","cx":99,"cy":121,"r":9},"region_attributes":{"Type":"1","count":"1"}},{"shape_attributes":{"name":"circle","cx":558,"cy":196,"r":10},"region_attributes":{"Type":"1","count":"1"}},{"shape_attributes":{"name":"circle","cx":546,"cy":226,"r":11},"region_attributes":{"Type":"1","count":"1"}},{"shape_attributes":{"name":"circle","cx":551,"cy":241,"r":10},"region_attributes":{"Type":"1","count":"1"}},{"shape_attributes":{"name":"circle","cx":489,"cy":221,"r":11},"region_attributes":{"Type":"1","count":"1"}},{"shape_attributes":{"name":"circle","cx":626,"cy":363,"r":11},"region_attributes":{"Type":"1","count":"1"}}],"file_attributes":{"date":"2022-05-27","temp":"61","rain":"2","neighborhood":"Marina","total_count":""}},"https://drive.google.com/uc?export=view&id=1tzi0phjEbIeDjGEWOv3orNBu-vdMadnC\n":{"filename":"https://drive.google.com/uc?export=view&id=1tzi0phjEbIeDjGEWOv3orNBu-vdMadnC\n","size":-1,"regions":[{"shape_attributes":{"name":"circle","cx":100,"cy":58,"r":11},"region_attributes":{"Type":"1","count":"1"}},{"shape_attributes":{"name":"circle","cx":80,"cy":71,"r":10.198},"region_attributes":{"Type":"1","count":"5"}},{"shape_attributes":{"name":"circle","cx":78,"cy":86,"r":14},"region_attributes":{"Type":"2","count":"4"}},{"shape_attributes":{"name":"circle","cx":153,"cy":84,"r":16},"region_attributes":{"Type":"1","count":"3"}},{"shape_attributes":{"name":"circle","cx":96,"cy":106,"r":12},"region_attributes":{"Type":"1","count":"1"}},{"shape_attributes":{"name":"circle","cx":269,"cy":132,"r":13.01},"region_attributes":{"Type":"1","count":"2"}},{"shape_attributes":{"name":"circle","cx":246,"cy":177,"r":13},"region_attributes":{"Type":"1","count":"1"}},{"shape_attributes":{"name":"circle","cx":204,"cy":207,"r":13.038},"region_attributes":{"Type":"1","count":"1"}},{"shape_attributes":{"name":"circle","cx":419,"cy":172,"r":14},"region_attributes":{"Type":"1","count":"1"}},{"shape_attributes":{"name":"circle","cx":414,"cy":233,"r":15},"region_attributes":{"Type":"2","count":"1"}},{"shape_attributes":{"name":"circle","cx":469,"cy":221,"r":9},"region_attributes":{"Type":"1","count":"1"}},{"shape_attributes":{"name":"circle","cx":489,"cy":223,"r":12},"region_attributes":{"Type":"1","count":"1"}},{"shape_attributes":{"name":"circle","cx":555,"cy":193,"r":10.512},"region_attributes":{"Type":"1","count":"1"}},{"shape_attributes":{"name":"circle","cx":609,"cy":185,"r":16},"region_attributes":{"Type":"1","count":"5"}},{"shape_attributes":{"name":"circle","cx":592,"cy":216,"r":12},"region_attributes":{"Type":"1","count":"1"}},{"shape_attributes":{"name":"circle","cx":596,"cy":239,"r":12},"region_attributes":{"Type":"1","count":"3"}},{"shape_attributes":{"name":"circle","cx":573,"cy":232,"r":11},"region_attributes":{"Type":"1","count":"1"}},{"shape_attributes":{"name":"circle","cx":507,"cy":269,"r":13},"region_attributes":{"Type":"1","count":"1"}},{"shape_attributes":{"name":"circle","cx":403,"cy":272,"r":10.012},"region_attributes":{"Type":"1","count":"1"}},{"shape_attributes":{"name":"circle","cx":386,"cy":295,"r":8.86},"region_attributes":{"Type":"1","count":"1"}},{"shape_attributes":{"name":"circle","cx":554,"cy":314,"r":11},"region_attributes":{"Type":"1","count":"1"}},{"shape_attributes":{"name":"circle","cx":575,"cy":298,"r":13},"region_attributes":{"Type":"1","count":"1"}},{"shape_attributes":{"name":"circle","cx":595,"cy":293,"r":13.537},"region_attributes":{"Type":"1","count":"1"}},{"shape_attributes":{"name":"circle","cx":527,"cy":410,"r":16},"region_attributes":{"Type":"1","count":"4"}},{"shape_attributes":{"name":"circle","cx":613,"cy":450,"r":9.014},"region_attributes":{"Type":"1","count":"1"}},{"shape_attributes":{"name":"circle","cx":498,"cy":393,"r":10},"region_attributes":{"Type":"3","count":"1"}},{"shape_attributes":{"name":"circle","cx":515,"cy":393,"r":13},"region_attributes":{"Type":"3","count":"1"}}],"file_attributes":{"date":"2022-06-30","temp":"67","rain":"2","neighborhood":"Marina","total_count":""}},"https://drive.google.com/uc?export=view&id=1FvvFuLvS2PQ3Ru4OKrq_akVZaUCIV5TI\n":{"filename":"https://drive.google.com/uc?export=view&id=1FvvFuLvS2PQ3Ru4OKrq_akVZaUCIV5TI\n","size":-1,"regions":[{"shape_attributes":{"name":"circle","cx":253,"cy":170,"r":17},"region_attributes":{"Type":"1","count":"2"}},{"shape_attributes":{"name":"circle","cx":313,"cy":197,"r":20},"region_attributes":{"Type":"1","count":"1"}},{"shape_attributes":{"name":"circle","cx":569,"cy":282,"r":13},"region_attributes":{"Type":"1","count":"2"}},{"shape_attributes":{"name":"circle","cx":622,"cy":413,"r":13.509},"region_attributes":{"Type":"1","count":"1"}},{"shape_attributes":{"name":"circle","cx":597,"cy":428,"r":12},"region_attributes":{"Type":"1","count":"2"}},{"shape_attributes":{"name":"circle","cx":517,"cy":391,"r":12.59},"region_attributes":{"Type":"3","count":"1"}},{"shape_attributes":{"name":"circle","cx":503,"cy":392,"r":12.01},"region_attributes":{"Type":"3","count":"1"}}],"file_attributes":{"date":"2022-07-29","temp":"70","rain":"2","neighborhood":"Marina","total_count":""}},"https://drive.google.com/uc?export=view&id=11YYBXszE_I7x663zeX70_t8vxvgYTsLn\n":{"filename":"https://drive.google.com/uc?export=view&id=11YYBXszE_I7x663zeX70_t8vxvgYTsLn\n","size":-1,"regions":[{"shape_attributes":{"name":"circle","cx":116,"cy":49,"r":13},"region_attributes":{"Type":"1","count":"1"}},{"shape_attributes":{"name":"circle","cx":176,"cy":64,"r":18},"region_attributes":{"Type":"1","count":"1"}},{"shape_attributes":{"name":"circle","cx":164,"cy":86,"r":16},"region_attributes":{"Type":"1","count":"1"}},{"shape_attributes":{"name":"circle","cx":117,"cy":84,"r":13},"region_attributes":{"Type":"1","count":"1"}},{"shape_attributes":{"name":"circle","cx":80,"cy":66,"r":16},"region_attributes":{"Type":"2","count":"4"}},{"shape_attributes":{"name":"circle","cx":81,"cy":84,"r":15},"region_attributes":{"Type":"1","count":"6"}},{"shape_attributes":{"name":"circle","cx":267,"cy":132,"r":17},"region_attributes":{"Type":"1","count":"2"}},{"shape_attributes":{"name":"circle","cx":242,"cy":186,"r":15},"region_attributes":{"Type":"1","count":"1"}},{"shape_attributes":{"name":"circle","cx":297,"cy":191,"r":11},"region_attributes":{"Type":"1","count":"1"}},{"shape_attributes":{"name":"circle","cx":262,"cy":213,"r":13},"region_attributes":{"Type":"1","count":"1"}},{"shape_attributes":{"name":"circle","cx":502,"cy":190,"r":7.159},"region_attributes":{"Type":"1","count":"1"}},{"shape_attributes":{"name":"circle","cx":401,"cy":241,"r":11},"region_attributes":{"Type":"1","count":"1"}},{"shape_attributes":{"name":"circle","cx":492,"cy":234,"r":10},"region_attributes":{"Type":"1","count":"1"}},{"shape_attributes":{"name":"circle","cx":622,"cy":198,"r":14.637},"region_attributes":{"Type":"1","count":"4"}},{"shape_attributes":{"name":"circle","cx":608,"cy":238,"r":12},"region_attributes":{"Type":"1","count":"1"}},{"shape_attributes":{"name":"circle","cx":555,"cy":264,"r":13.509},"region_attributes":{"Type":"1","count":"1"}},{"shape_attributes":{"name":"circle","cx":494,"cy":269,"r":10.012},"region_attributes":{"Type":"1","count":"1"}},{"shape_attributes":{"name":"circle","cx":573,"cy":289,"r":11.511},"region_attributes":{"Type":"1","count":"2"}},{"shape_attributes":{"name":"circle","cx":624,"cy":355,"r":10.512},"region_attributes":{"Type":"2","count":"1"}},{"shape_attributes":{"name":"circle","cx":390,"cy":312,"r":15.008},"region_attributes":{"Type":"3","count":"1"}},{"shape_attributes":{"name":"circle","cx":475,"cy":348,"r":12.01},"region_attributes":{"Type":"2","count":"1"}},{"shape_attributes":{"name":"circle","cx":485,"cy":355,"r":11.5},"region_attributes":{"Type":"1","count":"1"}},{"shape_attributes":{"name":"circle","cx":498,"cy":375,"r":14.009},"region_attributes":{"Type":"3","count":"1"}},{"shape_attributes":{"name":"circle","cx":634,"cy":466,"r":11},"region_attributes":{"Type":"1","count":"1"}}],"file_attributes":{"date":"2022-08-25","temp":"68","rain":"2","neighborhood":"Marina","total_count":""}},"https://drive.google.com/uc?export=view&id=1U5RtrB7adzZE43rtcKKz7YEVA507Ilxt\n":{"filename":"https://drive.google.com/uc?export=view&id=1U5RtrB7adzZE43rtcKKz7YEVA507Ilxt\n","size":-1,"regions":[{"shape_attributes":{"name":"circle","cx":78,"cy":70,"r":6.185},"region_attributes":{"Type":"1","count":"3"}},{"shape_attributes":{"name":"circle","cx":80,"cy":96,"r":16},"region_attributes":{"Type":"2","count":"3"}},{"shape_attributes":{"name":"circle","cx":153,"cy":82,"r":16},"region_attributes":{"Type":"1","count":"1"}},{"shape_attributes":{"name":"circle","cx":184,"cy":241,"r":14},"region_attributes":{"Type":"1","count":"1"}},{"shape_attributes":{"name":"circle","cx":519,"cy":225,"r":12},"region_attributes":{"Type":"1","count":"3"}},{"shape_attributes":{"name":"circle","cx":500,"cy":245,"r":12},"region_attributes":{"Type":"1","count":"1"}},{"shape_attributes":{"name":"circle","cx":624,"cy":219,"r":10},"region_attributes":{"Type":"1","count":"1"}},{"shape_attributes":{"name":"circle","cx":566,"cy":273,"r":12},"region_attributes":{"Type":"1","count":"1"}},{"shape_attributes":{"name":"circle","cx":601,"cy":276,"r":12.042},"region_attributes":{"Type":"1","count":"2"}},{"shape_attributes":{"name":"circle","cx":549,"cy":342,"r":11},"region_attributes":{"Type":"1","count":"1"}},{"shape_attributes":{"name":"circle","cx":536,"cy":432,"r":10},"region_attributes":{"Type":"1","count":"1"}},{"shape_attributes":{"name":"circle","cx":646,"cy":502,"r":11},"region_attributes":{"Type":"1","count":"1"}}],"file_attributes":{"date":"2022-09-30","temp":"","rain":"2","neighborhood":"Marina","total_count":""}},"https://drive.google.com/uc?export=view&id=145uEVJZMg7wIt1-fw9v_j5CEGa7Y6hSo\n":{"filename":"https://drive.google.com/uc?export=view&id=145uEVJZMg7wIt1-fw9v_j5CEGa7Y6hSo\n","size":-1,"regions":[{"shape_attributes":{"name":"circle","cx":79,"cy":67,"r":16},"region_attributes":{"Type":"2","count":"5"}},{"shape_attributes":{"name":"circle","cx":78,"cy":84,"r":15},"region_attributes":{"Type":"1","count":"4"}},{"shape_attributes":{"name":"circle","cx":114,"cy":73,"r":14},"region_attributes":{"Type":"1","count":"1"}},{"shape_attributes":{"name":"circle","cx":80,"cy":147,"r":12},"region_attributes":{"Type":"1","count":"1"}},{"shape_attributes":{"name":"circle","cx":280,"cy":172,"r":12},"region_attributes":{"Type":"1","count":"1"}},{"shape_attributes":{"name":"circle","cx":386,"cy":172,"r":13},"region_attributes":{"Type":"1","count":"1"}},{"shape_attributes":{"name":"circle","cx":288,"cy":199,"r":14},"region_attributes":{"Type":"1","count":"1"}},{"shape_attributes":{"name":"circle","cx":363,"cy":199,"r":15},"region_attributes":{"Type":"1","count":"1"}},{"shape_attributes":{"name":"circle","cx":456,"cy":196,"r":14},"region_attributes":{"Type":"1","count":"2"}},{"shape_attributes":{"name":"circle","cx":549,"cy":222,"r":11.5},"region_attributes":{"Type":"1","count":"2"}},{"shape_attributes":{"name":"circle","cx":518,"cy":296,"r":12.54},"region_attributes":{"Type":"1","count":"1"}},{"shape_attributes":{"name":"circle","cx":600,"cy":270,"r":12},"region_attributes":{"Type":"1","count":"1"}},{"shape_attributes":{"name":"circle","cx":544,"cy":373,"r":10.5},"region_attributes":{"Type":"1","count":"1"}},{"shape_attributes":{"name":"circle","cx":595,"cy":446,"r":11.102},"region_attributes":{"Type":"1","count":"1"}}],"file_attributes":{"date":"2022-10-28","temp":"57","rain":"2","neighborhood":"Marina","total_count":""}},"https://drive.google.com/uc?export=view&id=1GIMbJxOWhw_4nmETgOYpN5WhplYzkaZy\n":{"filename":"https://drive.google.com/uc?export=view&id=1GIMbJxOWhw_4nmETgOYpN5WhplYzkaZy\n","size":-1,"regions":[{"shape_attributes":{"name":"circle","cx":83,"cy":67,"r":16.508},"region_attributes":{"Type":"2","count":"2"}},{"shape_attributes":{"name":"circle","cx":82,"cy":82,"r":16},"region_attributes":{"Type":"1","count":"3"}},{"shape_attributes":{"name":"circle","cx":94,"cy":99,"r":16},"region_attributes":{"Type":"1","count":"1"}},{"shape_attributes":{"name":"circle","cx":258,"cy":111,"r":14},"region_attributes":{"Type":"1","count":"1"}},{"shape_attributes":{"name":"circle","cx":249,"cy":138,"r":13},"region_attributes":{"Type":"1","count":"4"}},{"shape_attributes":{"name":"circle","cx":161,"cy":131,"r":17},"region_attributes":{"Type":"1","count":"2"}},{"shape_attributes":{"name":"circle","cx":224,"cy":216,"r":18},"region_attributes":{"Type":"1","count":"2"}},{"shape_attributes":{"name":"circle","cx":448,"cy":242,"r":13},"region_attributes":{"Type":"1","count":"1"}},{"shape_attributes":{"name":"circle","cx":469,"cy":229,"r":12},"region_attributes":{"Type":"1","count":"1"}},{"shape_attributes":{"name":"circle","cx":557,"cy":242,"r":13},"region_attributes":{"Type":"1","count":"1"}},{"shape_attributes":{"name":"circle","cx":609,"cy":242,"r":14},"region_attributes":{"Type":"1","count":"3"}},{"shape_attributes":{"name":"circle","cx":609,"cy":198,"r":11.011},"region_attributes":{"Type":"1","count":"1"}},{"shape_attributes":{"name":"circle","cx":291,"cy":319,"r":12.01},"region_attributes":{"Type":"2","count":"2"}},{"shape_attributes":{"name":"circle","cx":375,"cy":337,"r":12.042},"region_attributes":{"Type":"1","count":"1"}},{"shape_attributes":{"name":"circle","cx":506,"cy":344,"r":11},"region_attributes":{"Type":"3","count":"1"}},{"shape_attributes":{"name":"circle","cx":516,"cy":360,"r":11},"region_attributes":{"Type":"3","count":"1"}},{"shape_attributes":{"name":"circle","cx":474,"cy":374,"r":10},"region_attributes":{"Type":"2","count":"1"}},{"shape_attributes":{"name":"circle","cx":476,"cy":389,"r":10},"region_attributes":{"Type":"1","count":"1"}},{"shape_attributes":{"name":"circle","cx":500,"cy":407,"r":13},"region_attributes":{"Type":"1","count":"1"}},{"shape_attributes":{"name":"circle","cx":545,"cy":376,"r":9},"region_attributes":{"Type":"1","count":"1"}},{"shape_attributes":{"name":"circle","cx":572,"cy":376,"r":11.045},"region_attributes":{"Type":"1","count":"1"}},{"shape_attributes":{"name":"circle","cx":624,"cy":426,"r":12},"region_attributes":{"Type":"1","count":"1"}},{"shape_attributes":{"name":"circle","cx":596,"cy":450,"r":12},"region_attributes":{"Type":"1","count":"1"}},{"shape_attributes":{"name":"circle","cx":597,"cy":477,"r":11},"region_attributes":{"Type":"1","count":"1"}},{"shape_attributes":{"name":"circle","cx":626,"cy":490,"r":9},"region_attributes":{"Type":"1","count":"1"}},{"shape_attributes":{"name":"circle","cx":644,"cy":494,"r":12},"region_attributes":{"Type":"1","count":"1"}}],"file_attributes":{"date":"2022-11-23","temp":"50","rain":"2","neighborhood":"Marina","total_count":""}},"https://drive.google.com/uc?export=view&id=1rh0JD8wVFi4zIV-WbP3D5sH_9VTLbi4G\n":{"filename":"https://drive.google.com/uc?export=view&id=1rh0JD8wVFi4zIV-WbP3D5sH_9VTLbi4G\n","size":-1,"regions":[{"shape_attributes":{"name":"circle","cx":81,"cy":68,"r":15},"region_attributes":{"Type":"2","count":"8"}},{"shape_attributes":{"name":"circle","cx":81,"cy":83,"r":12},"region_attributes":{"Type":"1","count":"3"}},{"shape_attributes":{"name":"circle","cx":199,"cy":198,"r":10.5},"region_attributes":{"Type":"1","count":"1"}},{"shape_attributes":{"name":"circle","cx":210,"cy":217,"r":6.021},"region_attributes":{"Type":"1","count":"1"}},{"shape_attributes":{"name":"circle","cx":625,"cy":205,"r":13},"region_attributes":{"Type":"1","count":"1"}},{"shape_attributes":{"name":"circle","cx":474,"cy":382,"r":11.5},"region_attributes":{"Type":"1","count":"1"}},{"shape_attributes":{"name":"circle","cx":593,"cy":421,"r":10},"region_attributes":{"Type":"1","count":"1"}},{"shape_attributes":{"name":"circle","cx":622,"cy":440,"r":13.086},"region_attributes":{"Type":"1","count":"2"}},{"shape_attributes":{"name":"circle","cx":589,"cy":465,"r":10},"region_attributes":{"Type":"1","count":"1"}}],"file_attributes":{"date":"2022-12-29","temp":"59","rain":"2","neighborhood":"Marina","total_count":""}}},"_via_attributes":{"region":{"Type":{"type":"dropdown","description":"","options":{"1":"Individual","2":"Structure","3":"Vehicle"},"default_options":{}},"count":{"type":"text","description":"","default_value":""}},"file":{"date":{"type":"text","description":"","default_value":""},"temp":{"type":"text","description":"","default_value":""},"rain":{"type":"dropdown","description":"","options":{"1":"rain","2":"clear"},"default_options":{"2":true}},"neighborhood":{"type":"text","description":"","default_value":"Marina"},"total_count":{"type":"text","description":"","default_value":""}}},"_via_data_format_version":"2.0.10","_via_image_id_list":["https://drive.google.com/uc?export=view&id=1v2t9rbfMhyDSTYhdrJyVDFqqO4ao9GwT\n","https://drive.google.com/uc?export=view&id=134U0zDvtSC3u-Ykoi4877xBFEGgbERxB\n","https://drive.google.com/uc?export=view&id=1mXGPg6Z2ECh0VObEMqr74iaF6IlN1AlR\n","https://drive.google.com/uc?export=view&id=1vnrIRBHIfn0N0GKFQIumygirrUXdAn-U\n","https://drive.google.com/uc?export=view&id=1dotg69Glm_Sc-BRcJSsBOsYPax3_j__G\n","https://drive.google.com/uc?export=view&id=1tzi0phjEbIeDjGEWOv3orNBu-vdMadnC\n","https://drive.google.com/uc?export=view&id=1FvvFuLvS2PQ3Ru4OKrq_akVZaUCIV5TI\n","https://drive.google.com/uc?export=view&id=11YYBXszE_I7x663zeX70_t8vxvgYTsLn\n","https://drive.google.com/uc?export=view&id=1U5RtrB7adzZE43rtcKKz7YEVA507Ilxt\n","https://drive.google.com/uc?export=view&id=145uEVJZMg7wIt1-fw9v_j5CEGa7Y6hSo\n","https://drive.google.com/uc?export=view&id=1GIMbJxOWhw_4nmETgOYpN5WhplYzkaZy\n","https://drive.google.com/uc?export=view&id=1rh0JD8wVFi4zIV-WbP3D5sH_9VTLbi4G\n"]}