{"_via_settings":{"ui":{"annotation_editor_height":25,"annotation_editor_fontsize":0.8,"leftsidebar_width":18,"image_grid":{"img_height":80,"rshape_fill":"none","rshape_fill_opacity":0.3,"rshape_stroke":"yellow","rshape_stroke_width":2,"show_region_shape":true,"show_image_policy":"all"},"image":{"region_label":"__via_region_id__","region_color":"__via_default_region_color__","region_label_font":"10px Sans","on_image_annotation_editor_placement":"NEAR_REGION"}},"core":{"buffer_size":18,"filepath":{},"default_filepath":""},"project":{"name":"Marina_2021_count"}},"_via_img_metadata":{"https://drive.google.com/uc?export=view&id=1ZJZBsqYXXCkWhViNcxxLfp000eYUbi9t\n":{"filename":"https://drive.google.com/uc?export=view&id=1ZJZBsqYXXCkWhViNcxxLfp000eYUbi9t\n","size":-1,"regions":[{"shape_attributes":{"name":"circle","cx":88,"cy":85,"r":14},"region_attributes":{"Type":"1","count":"1"}},{"shape_attributes":{"name":"circle","cx":90,"cy":164,"r":11},"region_attributes":{"Type":"1","count":"1"}},{"shape_attributes":{"name":"circle","cx":270,"cy":117,"r":10},"region_attributes":{"Type":"1","count":"1"}},{"shape_attributes":{"name":"circle","cx":255,"cy":145,"r":10},"region_attributes":{"Type":"1","count":"1"}},{"shape_attributes":{"name":"circle","cx":305,"cy":249,"r":10},"region_attributes":{"Type":"1","count":"1"}},{"shape_attributes":{"name":"circle","cx":529,"cy":239,"r":11},"region_attributes":{"Type":"1","count":"1"}},{"shape_attributes":{"name":"circle","cx":581,"cy":247,"r":12},"region_attributes":{"Type":"1","count":"1"}},{"shape_attributes":{"name":"circle","cx":621,"cy":247,"r":14},"region_attributes":{"Type":"1","count":"2"}},{"shape_attributes":{"name":"circle","cx":635,"cy":208,"r":15},"region_attributes":{"Type":"1","count":"1"}},{"shape_attributes":{"name":"circle","cx":608,"cy":300,"r":10},"region_attributes":{"Type":"1","count":"1"}},{"shape_attributes":{"name":"circle","cx":530,"cy":425,"r":16},"region_attributes":{"Type":"1","count":"1"}},{"shape_attributes":{"name":"circle","cx":607,"cy":456,"r":12},"region_attributes":{"Type":"1","count":"1"}},{"shape_attributes":{"name":"circle","cx":625,"cy":489,"r":22},"region_attributes":{"Type":"2","count":"4"}}],"file_attributes":{"date":"2021-01-28","temp":"46","rain":"2","neighborhood":"Marina","total_count":""}},"https://drive.google.com/uc?export=view&id=1A5ypoK7ytblIQRCwc5_-gk5WaPBzC9Tt\n":{"filename":"https://drive.google.com/uc?export=view&id=1A5ypoK7ytblIQRCwc5_-gk5WaPBzC9Tt\n","size":-1,"regions":[{"shape_attributes":{"name":"circle","cx":69,"cy":59,"r":20},"region_attributes":{"Type":"2","count":"3"}},{"shape_attributes":{"name":"circle","cx":184,"cy":204,"r":14.802},"region_attributes":{"Type":"2","count":"1"}},{"shape_attributes":{"name":"circle","cx":73,"cy":85,"r":20},"region_attributes":{"Type":"1","count":"2"}},{"shape_attributes":{"name":"circle","cx":118,"cy":136,"r":14},"region_attributes":{"Type":"1","count":"1"}},{"shape_attributes":{"name":"circle","cx":579,"cy":209,"r":14.682},"region_attributes":{"Type":"1","count":"1"}},{"shape_attributes":{"name":"circle","cx":554,"cy":286,"r":16.68},"region_attributes":{"Type":"1","count":"2"}},{"shape_attributes":{"name":"circle","cx":554,"cy":261,"r":15.348},"region_attributes":{"Type":"1","count":"2"}},{"shape_attributes":{"name":"circle","cx":607,"cy":186,"r":15.391},"region_attributes":{"Type":"1","count":"6"}},{"shape_attributes":{"name":"circle","cx":487,"cy":398,"r":18},"region_attributes":{"Type":"1","count":"2"}},{"shape_attributes":{"name":"circle","cx":557,"cy":437,"r":15},"region_attributes":{"Type":"1","count":"1"}}],"file_attributes":{"date":"2021-02-25","temp":"54","rain":"2","neighborhood":"Marina","total_count":""}},"https://drive.google.com/uc?export=view&id=11urDxx-zJnq7TilbYY5rz4PYjkv3vkvz\n":{"filename":"https://drive.google.com/uc?export=view&id=11urDxx-zJnq7TilbYY5rz4PYjkv3vkvz\n","size":-1,"regions":[{"shape_attributes":{"name":"circle","cx":88,"cy":85,"r":17},"region_attributes":{"Type":"1","count":"2"}},{"shape_attributes":{"name":"circle","cx":87,"cy":104,"r":20},"region_attributes":{"Type":"2","count":"2"}},{"shape_attributes":{"name":"circle","cx":165,"cy":177,"r":16},"region_attributes":{"Type":"1","count":"2"}},{"shape_attributes":{"name":"circle","cx":313,"cy":185,"r":17},"region_attributes":{"Type":"1","count":"1"}},{"shape_attributes":{"name":"circle","cx":366,"cy":231,"r":16},"region_attributes":{"Type":"1","count":"1"}},{"shape_attributes":{"name":"circle","cx":505,"cy":209,"r":10},"region_attributes":{"Type":"1","count":"1"}},{"shape_attributes":{"name":"circle","cx":559,"cy":210,"r":13},"region_attributes":{"Type":"1","count":"1"}},{"shape_attributes":{"name":"circle","cx":597,"cy":210,"r":12},"region_attributes":{"Type":"1","count":"2"}},{"shape_attributes":{"name":"circle","cx":623,"cy":215,"r":12},"region_attributes":{"Type":"1","count":"2"}},{"shape_attributes":{"name":"circle","cx":596,"cy":229,"r":10},"region_attributes":{"Type":"1","count":"3"}},{"shape_attributes":{"name":"circle","cx":517,"cy":320,"r":12},"region_attributes":{"Type":"1","count":"1"}},{"shape_attributes":{"name":"circle","cx":569,"cy":291,"r":13},"region_attributes":{"Type":"1","count":"1"}},{"shape_attributes":{"name":"circle","cx":570,"cy":312,"r":13},"region_attributes":{"Type":"2","count":"1"}},{"shape_attributes":{"name":"circle","cx":442,"cy":358,"r":12},"region_attributes":{"Type":"1","count":"2"}},{"shape_attributes":{"name":"circle","cx":493,"cy":418,"r":11.411},"region_attributes":{"Type":"1","count":"2"}}],"file_attributes":{"date":"2021-03-25","temp":"54","rain":"2","neighborhood":"Marina","total_count":""}},"https://drive.google.com/uc?export=view&id=1nhCiddcwPWsMQ9wlvlaSqxFnYmGOOw_a\n":{"filename":"https://drive.google.com/uc?export=view&id=1nhCiddcwPWsMQ9wlvlaSqxFnYmGOOw_a\n","size":-1,"regions":[{"shape_attributes":{"name":"circle","cx":83,"cy":76,"r":12.667},"region_attributes":{"Type":"1","count":"1"}},{"shape_attributes":{"name":"circle","cx":83,"cy":98,"r":11.411},"region_attributes":{"Type":"2","count":"1"}},{"shape_attributes":{"name":"circle","cx":84,"cy":114,"r":7.364},"region_attributes":{"Type":"1","count":"1"}},{"shape_attributes":{"name":"circle","cx":591,"cy":215,"r":10},"region_attributes":{"Type":"1","count":"1"}},{"shape_attributes":{"name":"circle","cx":487,"cy":237,"r":12},"region_attributes":{"Type":"1","count":"1"}},{"shape_attributes":{"name":"circle","cx":513,"cy":369,"r":13},"region_attributes":{"Type":"1","count":"4"}},{"shape_attributes":{"name":"circle","cx":613,"cy":391,"r":12},"region_attributes":{"Type":"1","count":"1"}},{"shape_attributes":{"name":"circle","cx":513,"cy":421,"r":13},"region_attributes":{"Type":"1","count":"4"}},{"shape_attributes":{"name":"circle","cx":589,"cy":459,"r":13},"region_attributes":{"Type":"1","count":"1"}}],"file_attributes":{"date":"2021-04-29","temp":"61","rain":"2","neighborhood":"Marina","total_count":""}},"https://drive.google.com/uc?export=view&id=1ncGrzQ9ktyt_05zQ2kUsmf0k9CaDA4PF\n":{"filename":"https://drive.google.com/uc?export=view&id=1ncGrzQ9ktyt_05zQ2kUsmf0k9CaDA4PF\n","size":-1,"regions":[{"shape_attributes":{"name":"circle","cx":89,"cy":141,"r":13.35},"region_attributes":{"Type":"1","count":"4"}},{"shape_attributes":{"name":"circle","cx":86,"cy":158,"r":15},"region_attributes":{"Type":"2","count":"2"}},{"shape_attributes":{"name":"circle","cx":87,"cy":177,"r":15},"region_attributes":{"Type":"1","count":"2"}},{"shape_attributes":{"name":"circle","cx":232,"cy":144,"r":15},"region_attributes":{"Type":"1","count":"1"}},{"shape_attributes":{"name":"circle","cx":265,"cy":181,"r":13},"region_attributes":{"Type":"1","count":"1"}},{"shape_attributes":{"name":"circle","cx":283,"cy":180,"r":15.333},"region_attributes":{"Type":"1","count":"1"}},{"shape_attributes":{"name":"circle","cx":552,"cy":203,"r":14},"region_attributes":{"Type":"1","count":"1"}},{"shape_attributes":{"name":"circle","cx":564,"cy":276,"r":8.667},"region_attributes":{"Type":"1","count":"1"}},{"shape_attributes":{"name":"circle","cx":562,"cy":315,"r":15.348},"region_attributes":{"Type":"1","count":"1"}},{"shape_attributes":{"name":"circle","cx":542,"cy":382,"r":15},"region_attributes":{"Type":"1","count":"2"}},{"shape_attributes":{"name":"circle","cx":482,"cy":411,"r":14.667},"region_attributes":{"Type":"1","count":"3"}},{"shape_attributes":{"name":"circle","cx":604,"cy":520,"r":20},"region_attributes":{"Type":"2","count":"2"}}],"file_attributes":{"date":"2021-05-27","temp":"59","rain":"2","neighborhood":"Marina","total_count":""}},"https://drive.google.com/uc?export=view&id=1ybuqENnGg7urJU50_GJmbqebERFqArmv\n":{"filename":"https://drive.google.com/uc?export=view&id=1ybuqENnGg7urJU50_GJmbqebERFqArmv\n","size":-1,"regions":[{"shape_attributes":{"name":"circle","cx":88,"cy":73,"r":17},"region_attributes":{"Type":"2","count":"3"}},{"shape_attributes":{"name":"circle","cx":86,"cy":98,"r":20},"region_attributes":{"Type":"1","count":"5"}},{"shape_attributes":{"name":"circle","cx":100,"cy":137,"r":13},"region_attributes":{"Type":"1","count":"1"}},{"shape_attributes":{"name":"circle","cx":286,"cy":274,"r":14},"region_attributes":{"Type":"1","count":"1"}},{"shape_attributes":{"name":"circle","cx":352,"cy":245,"r":13.35},"region_attributes":{"Type":"1","count":"1"}},{"shape_attributes":{"name":"circle","cx":591,"cy":212,"r":12},"region_attributes":{"Type":"1","count":"1"}},{"shape_attributes":{"name":"circle","cx":612,"cy":203,"r":11},"region_attributes":{"Type":"1","count":"1"}},{"shape_attributes":{"name":"circle","cx":493,"cy":407,"r":13},"region_attributes":{"Type":"1","count":"2"}},{"shape_attributes":{"name":"circle","cx":583,"cy":503,"r":18},"region_attributes":{"Type":"1","count":"2"}},{"shape_attributes":{"name":"circle","cx":133,"cy":107,"r":14},"region_attributes":{"Type":"1","count":"1"}}],"file_attributes":{"date":"2021-06-24","temp":"","rain":"2","neighborhood":"Marina","total_count":""}},"https://drive.google.com/uc?export=view&id=1fKQxP70f99-ep0GiociB-BTwosIbNr6-\n":{"filename":"https://drive.google.com/uc?export=view&id=1fKQxP70f99-ep0GiociB-BTwosIbNr6-\n","size":-1,"regions":[{"shape_attributes":{"name":"circle","cx":77,"cy":66,"r":12.019},"region_attributes":{"Type":"2","count":"1"}},{"shape_attributes":{"name":"circle","cx":76,"cy":98,"r":14},"region_attributes":{"Type":"1","count":"4"}},{"shape_attributes":{"name":"circle","cx":110,"cy":88,"r":15.348},"region_attributes":{"Type":"1","count":"1"}},{"shape_attributes":{"name":"circle","cx":85,"cy":181,"r":13},"region_attributes":{"Type":"1","count":"1"}},{"shape_attributes":{"name":"circle","cx":306,"cy":204,"r":14},"region_attributes":{"Type":"1","count":"2"}},{"shape_attributes":{"name":"circle","cx":553,"cy":200,"r":13},"region_attributes":{"Type":"1","count":"1"}},{"shape_attributes":{"name":"circle","cx":609,"cy":198,"r":12},"region_attributes":{"Type":"1","count":"1"}},{"shape_attributes":{"name":"circle","cx":591,"cy":224,"r":11},"region_attributes":{"Type":"1","count":"1"}},{"shape_attributes":{"name":"circle","cx":622,"cy":222,"r":11},"region_attributes":{"Type":"1","count":"1"}},{"shape_attributes":{"name":"circle","cx":518,"cy":300,"r":10},"region_attributes":{"Type":"1","count":"1"}},{"shape_attributes":{"name":"circle","cx":486,"cy":317,"r":10},"region_attributes":{"Type":"1","count":"1"}},{"shape_attributes":{"name":"circle","cx":357,"cy":316,"r":10.853},"region_attributes":{"Type":"1","count":"1"}},{"shape_attributes":{"name":"circle","cx":405,"cy":351,"r":12},"region_attributes":{"Type":"1","count":"2"}},{"shape_attributes":{"name":"circle","cx":501,"cy":411,"r":10},"region_attributes":{"Type":"1","count":"3"}},{"shape_attributes":{"name":"circle","cx":495,"cy":395,"r":14},"region_attributes":{"Type":"3","count":"1"}},{"shape_attributes":{"name":"circle","cx":539,"cy":367,"r":12},"region_attributes":{"Type":"1","count":"1"}}],"file_attributes":{"date":"2021-07-30","temp":"66","rain":"2","neighborhood":"Marina","total_count":""}},"https://drive.google.com/uc?export=view&id=1Dsibyd9ZKHiEv92sqrhif-a3HiPJ6FIb\n":{"filename":"https://drive.google.com/uc?export=view&id=1Dsibyd9ZKHiEv92sqrhif-a3HiPJ6FIb\n","size":-1,"regions":[{"shape_attributes":{"name":"circle","cx":59,"cy":137,"r":18},"region_attributes":{"Type":"1","count":"5"}},{"shape_attributes":{"name":"circle","cx":59,"cy":161,"r":12.019},"region_attributes":{"Type":"1","count":"7"}},{"shape_attributes":{"name":"circle","cx":197,"cy":157,"r":16},"region_attributes":{"Type":"1","count":"1"}},{"shape_attributes":{"name":"circle","cx":92,"cy":142,"r":13.35},"region_attributes":{"Type":"1","count":"1"}},{"shape_attributes":{"name":"circle","cx":90,"cy":209,"r":13.35},"region_attributes":{"Type":"1","count":"1"}},{"shape_attributes":{"name":"circle","cx":199,"cy":204,"r":12.019},"region_attributes":{"Type":"1","count":"1"}},{"shape_attributes":{"name":"circle","cx":529,"cy":208,"r":15},"region_attributes":{"Type":"1","count":"2"}},{"shape_attributes":{"name":"circle","cx":559,"cy":185,"r":12},"region_attributes":{"Type":"1","count":"1"}},{"shape_attributes":{"name":"circle","cx":583,"cy":185,"r":14},"region_attributes":{"Type":"1","count":"1"}},{"shape_attributes":{"name":"circle","cx":613,"cy":183,"r":16},"region_attributes":{"Type":"1","count":"1"}},{"shape_attributes":{"name":"circle","cx":521,"cy":267,"r":16},"region_attributes":{"Type":"1","count":"1"}},{"shape_attributes":{"name":"circle","cx":400,"cy":336,"r":16},"region_attributes":{"Type":"1","count":"1"}},{"shape_attributes":{"name":"circle","cx":555,"cy":414,"r":21},"region_attributes":{"Type":"1","count":"3"}}],"file_attributes":{"date":"2021-08-27","temp":"70","rain":"2","neighborhood":"Marina","total_count":""}},"https://drive.google.com/uc?export=view&id=1yaK-JzrwBepwiRskKBL5zna4WIQaGwBS\n":{"filename":"https://drive.google.com/uc?export=view&id=1yaK-JzrwBepwiRskKBL5zna4WIQaGwBS\n","size":-1,"regions":[{"shape_attributes":{"name":"circle","cx":77,"cy":64,"r":14},"region_attributes":{"Type":"1","count":"2"}},{"shape_attributes":{"name":"circle","cx":80,"cy":91,"r":17},"region_attributes":{"Type":"2","count":"5"}},{"shape_attributes":{"name":"circle","cx":244,"cy":122,"r":14.016},"region_attributes":{"Type":"1","count":"2"}},{"shape_attributes":{"name":"circle","cx":138,"cy":196,"r":10.687},"region_attributes":{"Type":"1","count":"1"}},{"shape_attributes":{"name":"circle","cx":255,"cy":216,"r":12},"region_attributes":{"Type":"1","count":"1"}},{"shape_attributes":{"name":"circle","cx":543,"cy":197,"r":13},"region_attributes":{"Type":"1","count":"1"}},{"shape_attributes":{"name":"circle","cx":615,"cy":234,"r":13},"region_attributes":{"Type":"1","count":"2"}},{"shape_attributes":{"name":"circle","cx":449,"cy":307,"r":13},"region_attributes":{"Type":"1","count":"1"}},{"shape_attributes":{"name":"circle","cx":488,"cy":277,"r":12},"region_attributes":{"Type":"1","count":"1"}},{"shape_attributes":{"name":"circle","cx":515,"cy":293,"r":16},"region_attributes":{"Type":"2","count":"1"}},{"shape_attributes":{"name":"circle","cx":573,"cy":297,"r":13},"region_attributes":{"Type":"1","count":"1"}},{"shape_attributes":{"name":"circle","cx":508,"cy":407,"r":13.333},"region_attributes":{"Type":"1","count":"3"}},{"shape_attributes":{"name":"circle","cx":496,"cy":336,"r":14.757},"region_attributes":{"Type":"1","count":"1"}},{"shape_attributes":{"name":"circle","cx":515,"cy":361,"r":16},"region_attributes":{"Type":"2","count":"1"}},{"shape_attributes":{"name":"circle","cx":563,"cy":375,"r":15},"region_attributes":{"Type":"1","count":"1"}}],"file_attributes":{"date":"2021-09-30","temp":"66","rain":"2","neighborhood":"Marina","total_count":""}},"https://drive.google.com/uc?export=view&id=1nXqJBd4MlYdACVWd295T7tUmaFT9cqae\n":{"filename":"https://drive.google.com/uc?export=view&id=1nXqJBd4MlYdACVWd295T7tUmaFT9cqae\n","size":-1,"regions":[{"shape_attributes":{"name":"circle","cx":43,"cy":19,"r":18},"region_attributes":{"Type":"1","count":"4"}},{"shape_attributes":{"name":"circle","cx":44,"cy":45,"r":15},"region_attributes":{"Type":"2","count":"3"}},{"shape_attributes":{"name":"circle","cx":25,"cy":52,"r":13},"region_attributes":{"Type":"1","count":"1"}},{"shape_attributes":{"name":"circle","cx":69,"cy":37,"r":17},"region_attributes":{"Type":"3","count":"2"}},{"shape_attributes":{"name":"circle","cx":69,"cy":90,"r":15},"region_attributes":{"Type":"1","count":"1"}},{"shape_attributes":{"name":"circle","cx":50,"cy":137,"r":15},"region_attributes":{"Type":"1","count":"1"}},{"shape_attributes":{"name":"circle","cx":476,"cy":159,"r":18},"region_attributes":{"Type":"1","count":"1"}},{"shape_attributes":{"name":"circle","cx":512,"cy":159,"r":12},"region_attributes":{"Type":"1","count":"4"}},{"shape_attributes":{"name":"circle","cx":531,"cy":159,"r":16},"region_attributes":{"Type":"1","count":"1"}},{"shape_attributes":{"name":"circle","cx":586,"cy":159,"r":11.411},"region_attributes":{"Type":"1","count":"1"}},{"shape_attributes":{"name":"circle","cx":587,"cy":181,"r":8},"region_attributes":{"Type":"1","count":"1"}},{"shape_attributes":{"name":"circle","cx":222,"cy":249,"r":18.714},"region_attributes":{"Type":"2","count":"1"}},{"shape_attributes":{"name":"circle","cx":365,"cy":299,"r":19},"region_attributes":{"Type":"1","count":"1"}},{"shape_attributes":{"name":"circle","cx":529,"cy":275,"r":16},"region_attributes":{"Type":"1","count":"1"}},{"shape_attributes":{"name":"circle","cx":562,"cy":277,"r":15},"region_attributes":{"Type":"1","count":"1"}}],"file_attributes":{"date":"2021-10-28","temp":"61","rain":"2","neighborhood":"Marina","total_count":""}},"https://drive.google.com/uc?export=view&id=10vWkdxy3baNkkM08f48P5_BkeOlFIg0D\n":{"filename":"https://drive.google.com/uc?export=view&id=10vWkdxy3baNkkM08f48P5_BkeOlFIg0D\n","size":-1,"regions":[{"shape_attributes":{"name":"circle","cx":62,"cy":35,"r":13.35},"region_attributes":{"Type":"2","count":"2"}},{"shape_attributes":{"name":"circle","cx":63,"cy":55,"r":13},"region_attributes":{"Type":"1","count":"2"}},{"shape_attributes":{"name":"circle","cx":117,"cy":22,"r":18},"region_attributes":{"Type":"1","count":"1"}},{"shape_attributes":{"name":"circle","cx":119,"cy":65,"r":16},"region_attributes":{"Type":"1","count":"1"}},{"shape_attributes":{"name":"circle","cx":83,"cy":70,"r":13},"region_attributes":{"Type":"1","count":"1"}},{"shape_attributes":{"name":"circle","cx":65,"cy":104,"r":16},"region_attributes":{"Type":"1","count":"1"}},{"shape_attributes":{"name":"circle","cx":177,"cy":147,"r":18},"region_attributes":{"Type":"1","count":"1"}},{"shape_attributes":{"name":"circle","cx":275,"cy":37,"r":17.346},"region_attributes":{"Type":"1","count":"2"}},{"shape_attributes":{"name":"circle","cx":296,"cy":147,"r":17},"region_attributes":{"Type":"1","count":"1"}},{"shape_attributes":{"name":"circle","cx":258,"cy":200,"r":14},"region_attributes":{"Type":"1","count":"1"}},{"shape_attributes":{"name":"circle","cx":171,"cy":193,"r":12.293},"region_attributes":{"Type":"1","count":"1"}},{"shape_attributes":{"name":"circle","cx":309,"cy":197,"r":14},"region_attributes":{"Type":"1","count":"1"}},{"shape_attributes":{"name":"circle","cx":254,"cy":254,"r":14.063},"region_attributes":{"Type":"1","count":"1"}},{"shape_attributes":{"name":"circle","cx":520,"cy":175,"r":14},"region_attributes":{"Type":"1","count":"1"}},{"shape_attributes":{"name":"circle","cx":506,"cy":200,"r":14.667},"region_attributes":{"Type":"1","count":"3"}},{"shape_attributes":{"name":"circle","cx":575,"cy":175,"r":13.35},"region_attributes":{"Type":"1","count":"1"}},{"shape_attributes":{"name":"circle","cx":563,"cy":201,"r":16},"region_attributes":{"Type":"1","count":"2"}},{"shape_attributes":{"name":"circle","cx":564,"cy":222,"r":14.016},"region_attributes":{"Type":"1","count":"2"}},{"shape_attributes":{"name":"circle","cx":647,"cy":197,"r":13},"region_attributes":{"Type":"1","count":"1"}},{"shape_attributes":{"name":"circle","cx":646,"cy":325,"r":13.333},"region_attributes":{"Type":"1","count":"1"}},{"shape_attributes":{"name":"circle","cx":614,"cy":345,"r":14},"region_attributes":{"Type":"1","count":"1"}},{"shape_attributes":{"name":"circle","cx":623,"cy":371,"r":11.333},"region_attributes":{"Type":"1","count":"1"}},{"shape_attributes":{"name":"circle","cx":652,"cy":464,"r":13.482},"region_attributes":{"Type":"1","count":"1"}},{"shape_attributes":{"name":"circle","cx":531,"cy":336,"r":14.727},"region_attributes":{"Type":"2","count":"3"}},{"shape_attributes":{"name":"circle","cx":533,"cy":354,"r":13},"region_attributes":{"Type":"1","count":"2"}},{"shape_attributes":{"name":"circle","cx":503,"cy":359,"r":16},"region_attributes":{"Type":"2","count":"1"}},{"shape_attributes":{"name":"circle","cx":506,"cy":400,"r":17},"region_attributes":{"Type":"1","count":"1"}}],"file_attributes":{"date":"2021-11-23","temp":"59","rain":"2","neighborhood":"Marina","total_count":""}},"https://drive.google.com/uc?export=view&id=1LjbEqZEVmSgOlSndlZ_ch6H9aVrkQeWd\n":{"filename":"https://drive.google.com/uc?export=view&id=1LjbEqZEVmSgOlSndlZ_ch6H9aVrkQeWd\n","size":-1,"regions":[{"shape_attributes":{"name":"circle","cx":85,"cy":66,"r":13.333},"region_attributes":{"Type":"1","count":"2"}},{"shape_attributes":{"name":"circle","cx":83,"cy":86,"r":14.682},"region_attributes":{"Type":"2","count":"2"}},{"shape_attributes":{"name":"circle","cx":215,"cy":137,"r":12.667},"region_attributes":{"Type":"2","count":"1"}},{"shape_attributes":{"name":"circle","cx":255,"cy":290,"r":17.346},"region_attributes":{"Type":"1","count":"5"}},{"shape_attributes":{"name":"circle","cx":387,"cy":267,"r":14},"region_attributes":{"Type":"1","count":"1"}},{"shape_attributes":{"name":"circle","cx":439,"cy":193,"r":16},"region_attributes":{"Type":"1","count":"1"}},{"shape_attributes":{"name":"circle","cx":517,"cy":217,"r":16},"region_attributes":{"Type":"1","count":"2"}},{"shape_attributes":{"name":"circle","cx":491,"cy":235,"r":17},"region_attributes":{"Type":"1","count":"1"}},{"shape_attributes":{"name":"circle","cx":570,"cy":189,"r":15},"region_attributes":{"Type":"1","count":"5"}},{"shape_attributes":{"name":"circle","cx":543,"cy":215,"r":15},"region_attributes":{"Type":"1","count":"4"}},{"shape_attributes":{"name":"circle","cx":577,"cy":227,"r":18},"region_attributes":{"Type":"3","count":"1"}},{"shape_attributes":{"name":"circle","cx":593,"cy":201,"r":15},"region_attributes":{"Type":"1","count":"1"}},{"shape_attributes":{"name":"circle","cx":625,"cy":213,"r":14},"region_attributes":{"Type":"1","count":"4"}},{"shape_attributes":{"name":"circle","cx":440,"cy":335,"r":16},"region_attributes":{"Type":"2","count":"1"}},{"shape_attributes":{"name":"circle","cx":490,"cy":389,"r":17},"region_attributes":{"Type":"1","count":"6"}},{"shape_attributes":{"name":"circle","cx":543,"cy":331,"r":14},"region_attributes":{"Type":"1","count":"1"}},{"shape_attributes":{"name":"circle","cx":596,"cy":340,"r":12.074},"region_attributes":{"Type":"1","count":"1"}},{"shape_attributes":{"name":"circle","cx":620,"cy":373,"r":12.667},"region_attributes":{"Type":"1","count":"1"}}],"file_attributes":{"date":"2021-12-22","temp":"52","rain":"2","neighborhood":"Marina","total_count":""}}},"_via_attributes":{"region":{"Type":{"type":"dropdown","description":"","options":{"1":"Individual","2":"Structure","3":"Vehicle"},"default_options":{}},"count":{"type":"text","description":"","default_value":""}},"file":{"date":{"type":"text","description":"","default_value":""},"temp":{"type":"text","description":"","default_value":""},"rain":{"type":"dropdown","description":"","options":{"1":"rain","2":"clear"},"default_options":{"2":true}},"neighborhood":{"type":"text","description":"","default_value":"Marina"},"total_count":{"type":"text","description":"","default_value":""}}},"_via_data_format_version":"2.0.10","_via_image_id_list":["https://drive.google.com/uc?export=view&id=1ZJZBsqYXXCkWhViNcxxLfp000eYUbi9t\n","https://drive.google.com/uc?export=view&id=1A5ypoK7ytblIQRCwc5_-gk5WaPBzC9Tt\n","https://drive.google.com/uc?export=view&id=11urDxx-zJnq7TilbYY5rz4PYjkv3vkvz\n","https://drive.google.com/uc?export=view&id=1nhCiddcwPWsMQ9wlvlaSqxFnYmGOOw_a\n","https://drive.google.com/uc?export=view&id=1ncGrzQ9ktyt_05zQ2kUsmf0k9CaDA4PF\n","https://drive.google.com/uc?export=view&id=1ybuqENnGg7urJU50_GJmbqebERFqArmv\n","https://drive.google.com/uc?export=view&id=1fKQxP70f99-ep0GiociB-BTwosIbNr6-\n","https://drive.google.com/uc?export=view&id=1Dsibyd9ZKHiEv92sqrhif-a3HiPJ6FIb\n","https://drive.google.com/uc?export=view&id=1yaK-JzrwBepwiRskKBL5zna4WIQaGwBS\n","https://drive.google.com/uc?export=view&id=1nXqJBd4MlYdACVWd295T7tUmaFT9cqae\n","https://drive.google.com/uc?export=view&id=10vWkdxy3baNkkM08f48P5_BkeOlFIg0D\n","https://drive.google.com/uc?export=view&id=1LjbEqZEVmSgOlSndlZ_ch6H9aVrkQeWd\n"]}