{"_via_settings":{"ui":{"annotation_editor_height":20,"annotation_editor_fontsize":0.8,"leftsidebar_width":18,"image_grid":{"img_height":80,"rshape_fill":"none","rshape_fill_opacity":0.3,"rshape_stroke":"yellow","rshape_stroke_width":2,"show_region_shape":true,"show_image_policy":"all"},"image":{"region_label":"__via_region_id__","region_color":"__via_default_region_color__","region_label_font":"0px Sans","on_image_annotation_editor_placement":"NEAR_REGION"}},"core":{"buffer_size":"18","filepath":{},"default_filepath":""},"project":{"name":"City Center_2020_change"}},"_via_img_metadata":{"https://drive.google.com/uc?export=view&id=1VQoYwiKybUFrwUwpZoCyl4aWLGMquMu0\n":{"filename":"https://drive.google.com/uc?export=view&id=1VQoYwiKybUFrwUwpZoCyl4aWLGMquMu0\n","size":-1,"regions":[{"shape_attributes":{"name":"circle","cx":186,"cy":131,"r":11.01135777277262},"region_attributes":{"Type":"1","count":"2"}},{"shape_attributes":{"name":"circle","cx":184,"cy":150,"r":13.200378782444085},"region_attributes":{"Type":"2","count":"2"}},{"shape_attributes":{"name":"circle","cx":197,"cy":168,"r":10.062305898749054},"region_attributes":{"Type":"1","count":"6"}},{"shape_attributes":{"name":"circle","cx":199,"cy":188,"r":12.5},"region_attributes":{"Type":"2","count":"1"}},{"shape_attributes":{"name":"circle","cx":178,"cy":190,"r":13.0862523283024},"region_attributes":{"Type":"1","count":"4"}},{"shape_attributes":{"name":"circle","cx":183,"cy":212,"r":12.379418403139947},"region_attributes":{"Type":"1","count":"5"}},{"shape_attributes":{"name":"circle","cx":184,"cy":227,"r":9.604686356149273},"region_attributes":{"Type":"1","count":"8"}},{"shape_attributes":{"name":"circle","cx":204,"cy":222,"r":12.379418403139947},"region_attributes":{"Type":"2","count":"1"}},{"shape_attributes":{"name":"circle","cx":194,"cy":250,"r":13.509256086106296},"region_attributes":{"Type":"2","count":"5"}},{"shape_attributes":{"name":"circle","cx":242,"cy":268,"r":19.144189719076646},"region_attributes":{"Type":"1","count":"2"}},{"shape_attributes":{"name":"circle","cx":248,"cy":443,"r":17.5},"region_attributes":{"Type":"1","count":"1"}},{"shape_attributes":{"name":"circle","cx":330,"cy":456,"r":19.00657780874821},"region_attributes":{"Type":"1","count":"2"}},{"shape_attributes":{"name":"circle","cx":377,"cy":366,"r":15.305227865013967},"region_attributes":{"Type":"2","count":"1"}},{"shape_attributes":{"name":"circle","cx":370,"cy":343,"r":21.219095173922945},"region_attributes":{"Type":"1","count":"1"}},{"shape_attributes":{"name":"circle","cx":364,"cy":310,"r":19.1049731745428},"region_attributes":{"Type":"1","count":"1"}},{"shape_attributes":{"name":"circle","cx":315,"cy":311,"r":17.029386365926403},"region_attributes":{"Type":"1","count":"1"}},{"shape_attributes":{"name":"circle","cx":271,"cy":224,"r":17.204650534085253},"region_attributes":{"Type":"1","count":"1"}},{"shape_attributes":{"name":"circle","cx":304,"cy":232,"r":27.721832551258224},"region_attributes":{"Type":"1","count":"1\n"}},{"shape_attributes":{"name":"circle","cx":360,"cy":222,"r":16.263455967290593},"region_attributes":{"Type":"1","count":"5"}},{"shape_attributes":{"name":"circle","cx":376,"cy":188,"r":12.747548783981962},"region_attributes":{"Type":"1","count":"2"}},{"shape_attributes":{"name":"circle","cx":412,"cy":223,"r":17.804493814764857},"region_attributes":{"Type":"1","count":"17"}},{"shape_attributes":{"name":"circle","cx":404,"cy":194,"r":19.704060495238032},"region_attributes":{"Type":"1","count":"11"}},{"shape_attributes":{"name":"circle","cx":504,"cy":144,"r":14.159802258506296},"region_attributes":{"Type":"1","count":"2"}},{"shape_attributes":{"name":"circle","cx":494,"cy":184,"r":14.300349646075091},"region_attributes":{"Type":"1","count":"1"}},{"shape_attributes":{"name":"circle","cx":508,"cy":204,"r":11.510864433221338},"region_attributes":{"Type":"1","count":"3"}},{"shape_attributes":{"name":"circle","cx":458,"cy":248,"r":19.1049731745428},"region_attributes":{"Type":"1","count":"3"}},{"shape_attributes":{"name":"circle","cx":533,"cy":202,"r":19.1049731745428},"region_attributes":{"Type":"1","count":"2"}},{"shape_attributes":{"name":"circle","cx":570,"cy":248,"r":19.091883092036785},"region_attributes":{"Type":"1","count":"2"}},{"shape_attributes":{"name":"circle","cx":622,"cy":345,"r":21.219095173922945},"region_attributes":{"Type":"1","count":"1"}},{"shape_attributes":{"name":"circle","cx":678,"cy":330,"r":18.179658962697843},"region_attributes":{"Type":"1","count":"2"}},{"shape_attributes":{"name":"circle","cx":726,"cy":349,"r":21.639085008382402},"region_attributes":{"Type":"1","count":"1"}},{"shape_attributes":{"name":"circle","cx":716,"cy":313,"r":17.613914953808536},"region_attributes":{"Type":"1","count":"1"}},{"shape_attributes":{"name":"circle","cx":704,"cy":281,"r":15.239750654128171},"region_attributes":{"Type":"1","count":"4"}},{"shape_attributes":{"name":"circle","cx":720,"cy":250,"r":13.601470508735444},"region_attributes":{"Type":"1","count":"1"}},{"shape_attributes":{"name":"circle","cx":722,"cy":224,"r":20.93442141545832},"region_attributes":{"Type":"1","count":"1"}},{"shape_attributes":{"name":"circle","cx":720,"cy":147,"r":18.82153022471871},"region_attributes":{"Type":"1","count":"1"}},{"shape_attributes":{"name":"circle","cx":678,"cy":206,"r":14.866068747318506},"region_attributes":{"Type":"1","count":"1"}},{"shape_attributes":{"name":"circle","cx":653,"cy":206,"r":14.866068747318506},"region_attributes":{"Type":"1","count":"3"}},{"shape_attributes":{"name":"circle","cx":676,"cy":265,"r":15.20690632574555},"region_attributes":{"Type":"2","count":"1"}},{"shape_attributes":{"name":"circle","cx":666,"cy":286,"r":12.206555615733702},"region_attributes":{"Type":"1","count":"1"}},{"shape_attributes":{"name":"circle","cx":657,"cy":268,"r":13.200378782444085},"region_attributes":{"Type":"1","count":"3"}},{"shape_attributes":{"name":"circle","cx":611,"cy":209,"r":25.495097567963924},"region_attributes":{"Type":"2","count":"1"}},{"shape_attributes":{"name":"circle","cx":620,"cy":258,"r":28.692333470807146},"region_attributes":{"Type":"1","count":"3"}},{"shape_attributes":{"name":"circle","cx":610,"cy":315,"r":17},"region_attributes":{"Type":"2","count":"1"}}],"file_attributes":{"date":"2020-01-01","temp":"48","rain":"2","neighborhood":"City Center","total_count":""}},"https://drive.google.com/uc?export=view&id=1vahe3W6EHX2oIWsVxup8J6xzZ_g3qHlj\n":{"filename":"https://drive.google.com/uc?export=view&id=1vahe3W6EHX2oIWsVxup8J6xzZ_g3qHlj\n","size":-1,"regions":[{"shape_attributes":{"name":"circle","cx":174,"cy":135,"r":14},"region_attributes":{"Type":"2","count":"2"}},{"shape_attributes":{"name":"circle","cx":173,"cy":163,"r":10},"region_attributes":{"Type":"1","count":"2"}},{"shape_attributes":{"name":"circle","cx":191,"cy":162,"r":10},"region_attributes":{"Type":"1","count":"6"}},{"shape_attributes":{"name":"circle","cx":193,"cy":188,"r":6},"region_attributes":{"Type":"1","count":"7"}},{"shape_attributes":{"name":"circle","cx":171,"cy":195,"r":13},"region_attributes":{"Type":"2","count":"1"}},{"shape_attributes":{"name":"circle","cx":168,"cy":222,"r":15.700318468107582},"region_attributes":{"Type":"1","count":"4"}},{"shape_attributes":{"name":"circle","cx":190,"cy":223,"r":13.0862523283024},"region_attributes":{"Type":"1","count":"5"}},{"shape_attributes":{"name":"circle","cx":171,"cy":252,"r":13.793114224133722},"region_attributes":{"Type":"1","count":""}},{"shape_attributes":{"name":"circle","cx":191,"cy":252,"r":14.5},"region_attributes":{"Type":"2","count":"1"}},{"shape_attributes":{"name":"circle","cx":196,"cy":283,"r":15.20690632574555},"region_attributes":{"Type":"1","count":"1"}},{"shape_attributes":{"name":"circle","cx":227,"cy":252,"r":21.005951537600005},"region_attributes":{"Type":"1","count":"1"}},{"shape_attributes":{"name":"circle","cx":238,"cy":272,"r":17.204650534085253},"region_attributes":{"Type":"1","count":"1"}},{"shape_attributes":{"name":"circle","cx":236,"cy":339,"r":18.76832437912346},"region_attributes":{"Type":"1","count":"1"}},{"shape_attributes":{"name":"circle","cx":234,"cy":440,"r":19.209372712298546},"region_attributes":{"Type":"1","count":"1"}},{"shape_attributes":{"name":"circle","cx":267,"cy":454,"r":23.71181140275875},"region_attributes":{"Type":"1","count":"1"}},{"shape_attributes":{"name":"circle","cx":270,"cy":318,"r":19.81161275615895},"region_attributes":{"Type":"1","count":"1"}},{"shape_attributes":{"name":"circle","cx":260,"cy":222,"r":19.1049731745428},"region_attributes":{"Type":"1","count":"4"}},{"shape_attributes":{"name":"circle","cx":276,"cy":256,"r":12.379418403139947},"region_attributes":{"Type":"1","count":"1"}},{"shape_attributes":{"name":"circle","cx":300,"cy":220,"r":31.80015723231569},"region_attributes":{"Type":"1","count":"10"}},{"shape_attributes":{"name":"circle","cx":320,"cy":258,"r":17.7341478509682},"region_attributes":{"Type":"1","count":"2"}},{"shape_attributes":{"name":"circle","cx":352,"cy":256,"r":18.76832437912346},"region_attributes":{"Type":"1","count":"3"}},{"shape_attributes":{"name":"circle","cx":350,"cy":284,"r":16.263455967290593},"region_attributes":{"Type":"1","count":"2"}},{"shape_attributes":{"name":"circle","cx":391,"cy":274,"r":24.186773244895647},"region_attributes":{"Type":"1","count":"1"}},{"shape_attributes":{"name":"circle","cx":410,"cy":256,"r":19.60229578391266},"region_attributes":{"Type":"1","count":"1"}},{"shape_attributes":{"name":"circle","cx":376,"cy":227,"r":26.248809496813376},"region_attributes":{"Type":"2","count":"17"}},{"shape_attributes":{"name":"circle","cx":403,"cy":220,"r":13.601470508735444},"region_attributes":{"Type":"1","count":"1"}},{"shape_attributes":{"name":"circle","cx":341,"cy":208,"r":21.219095173922945},"region_attributes":{"Type":"2","count":"11"}},{"shape_attributes":{"name":"circle","cx":360,"cy":193,"r":14.5},"region_attributes":{"Type":"1","count":"3"}},{"shape_attributes":{"name":"circle","cx":360,"cy":166,"r":16.98528775146303},"region_attributes":{"Type":"1","count":"3"}},{"shape_attributes":{"name":"circle","cx":344,"cy":148,"r":13.901438774457844},"region_attributes":{"Type":"1","count":"2"}},{"shape_attributes":{"name":"circle","cx":369,"cy":133,"r":20.808652046684813},"region_attributes":{"Type":"2","count":"1"}},{"shape_attributes":{"name":"circle","cx":438,"cy":273,"r":20},"region_attributes":{"Type":"1","count":"1"}},{"shape_attributes":{"name":"circle","cx":478,"cy":263,"r":21.592822881689184},"region_attributes":{"Type":"1","count":"4"}},{"shape_attributes":{"name":"circle","cx":500,"cy":264,"r":15.88238017426859},"region_attributes":{"Type":"1","count":"1"}},{"shape_attributes":{"name":"circle","cx":503,"cy":225,"r":28.30194339616981},"region_attributes":{"Type":"1","count":"1"}},{"shape_attributes":{"name":"circle","cx":534,"cy":282,"r":24.41823089414956},"region_attributes":{"Type":"1","count":"1"}},{"shape_attributes":{"name":"circle","cx":568,"cy":268,"r":23.817010727629107},"region_attributes":{"Type":"2","count":"3"}},{"shape_attributes":{"name":"circle","cx":588,"cy":344,"r":17.327723451163457},"region_attributes":{"Type":"1","count":"2"}},{"shape_attributes":{"name":"circle","cx":644,"cy":334,"r":21.639085008382402},"region_attributes":{"Type":"1","count":"1"}},{"shape_attributes":{"name":"circle","cx":675,"cy":328,"r":19.79898987322333},"region_attributes":{"Type":"1","count":"2"}},{"shape_attributes":{"name":"circle","cx":666,"cy":272,"r":21.93171219946131},"region_attributes":{"Type":"1","count":"1"}},{"shape_attributes":{"name":"circle","cx":701,"cy":272,"r":20.615528128088304},"region_attributes":{"count":"4","Type":"1"}},{"shape_attributes":{"name":"circle","cx":695,"cy":217,"r":19.1049731745428},"region_attributes":{"Type":"1","count":"2"}},{"shape_attributes":{"name":"circle","cx":712,"cy":198,"r":27.225906780123964},"region_attributes":{"Type":"1","count":"2"}},{"shape_attributes":{"name":"circle","cx":706,"cy":152,"r":26.004807247891687},"region_attributes":{"Type":"2","count":"1"}},{"shape_attributes":{"name":"circle","cx":675,"cy":154,"r":22.41093483101497},"region_attributes":{"Type":"1","count":"2"}},{"shape_attributes":{"name":"circle","cx":652,"cy":200,"r":16.507574019219177},"region_attributes":{"Type":"1","count":"5"}},{"shape_attributes":{"name":"circle","cx":627,"cy":201,"r":15.264337522473747},"region_attributes":{"Type":"1","count":"5"}},{"shape_attributes":{"name":"circle","cx":602,"cy":224,"r":25.10975905897944},"region_attributes":{"Type":"1","count":"2"}},{"shape_attributes":{"name":"circle","cx":718,"cy":323,"r":20},"region_attributes":{"Type":"1","count":"5"}},{"shape_attributes":{"name":"circle","cx":697,"cy":324,"r":19},"region_attributes":{"Type":"1","count":"2"}}],"file_attributes":{"date":"2020-02-26","temp":"55","rain":"2","neighborhood":"City Center","total_count":""}},"https://drive.google.com/uc?export=view&id=1rhdIPN_lp8T-TpTY47zR6uUOsgBwpqKr\n":{"filename":"https://drive.google.com/uc?export=view&id=1rhdIPN_lp8T-TpTY47zR6uUOsgBwpqKr\n","size":-1,"regions":[{"shape_attributes":{"name":"circle","cx":214,"cy":170,"r":19.00657780874821},"region_attributes":{"Type":"1","count":"9"}},{"shape_attributes":{"name":"circle","cx":212,"cy":201,"r":18.200274723201296},"region_attributes":{"Type":"2","count":"15"}},{"shape_attributes":{"name":"circle","cx":210,"cy":227,"r":16.80029761641144},"region_attributes":{"Type":"2","count":"11"}},{"shape_attributes":{"name":"circle","cx":202,"cy":258,"r":16.650825805346713},"region_attributes":{"Type":"2","count":"2"}},{"shape_attributes":{"name":"circle","cx":217,"cy":258,"r":19.60229578391266},"region_attributes":{"Type":"2","count":"4"}},{"shape_attributes":{"name":"circle","cx":259,"cy":434,"r":21.2602916254693},"region_attributes":{"Type":"1","count":"1"}},{"shape_attributes":{"name":"circle","cx":348,"cy":473,"r":36.235341863986875},"region_attributes":{"Type":"1","count":"1"}},{"shape_attributes":{"name":"circle","cx":289,"cy":221,"r":22.20360331117452},"region_attributes":{"Type":"1","count":"1"}},{"shape_attributes":{"name":"circle","cx":326,"cy":215,"r":7.632168761236874},"region_attributes":{"Type":"1","count":"5"}},{"shape_attributes":{"name":"circle","cx":340,"cy":258,"r":16.77050983124842},"region_attributes":{"Type":"1","count":"2"}},{"shape_attributes":{"name":"circle","cx":373,"cy":140,"r":18.76832437912346},"region_attributes":{"Type":"1","count":"1"}},{"shape_attributes":{"name":"circle","cx":374,"cy":170,"r":14.142135623730951},"region_attributes":{"Type":"1","count":"2"}},{"shape_attributes":{"name":"circle","cx":395,"cy":170,"r":15.913830462839549},"region_attributes":{"Type":"1","count":"2"}},{"shape_attributes":{"name":"circle","cx":380,"cy":200,"r":18.741664813991314},"region_attributes":{"Type":"1","count":"3"}},{"shape_attributes":{"name":"circle","cx":372,"cy":238,"r":14.159802258506296},"region_attributes":{"Type":"1","count":"2"}},{"shape_attributes":{"name":"circle","cx":396,"cy":228,"r":15.953056133543816},"region_attributes":{"Type":"2","count":"4"}},{"shape_attributes":{"name":"circle","cx":390,"cy":261,"r":16.650825805346713},"region_attributes":{"Type":"1","count":"2"}},{"shape_attributes":{"name":"circle","cx":422,"cy":259,"r":12.5},"region_attributes":{"Type":"1","count":"2"}},{"shape_attributes":{"name":"circle","cx":425,"cy":284,"r":17.240939649566666},"region_attributes":{"Type":"1","count":"2"}},{"shape_attributes":{"name":"circle","cx":422,"cy":216,"r":21.50581316760657},"region_attributes":{"Type":"2","count":"1"}},{"shape_attributes":{"name":"circle","cx":460,"cy":166,"r":24.41823089414956},"region_attributes":{"Type":"1","count":"1"}},{"shape_attributes":{"name":"circle","cx":474,"cy":224,"r":17.902513789968157},"region_attributes":{"Type":"1","count":"3"}},{"shape_attributes":{"name":"circle","cx":476,"cy":264,"r":19.60229578391266},"region_attributes":{"Type":"1","count":"3"}},{"shape_attributes":{"name":"circle","cx":511,"cy":268,"r":23.200215516240362},"region_attributes":{"Type":"1","count":"1"}},{"shape_attributes":{"name":"circle","cx":502,"cy":230,"r":15.700318468107582},"region_attributes":{"Type":"1","count":"2"}},{"shape_attributes":{"name":"circle","cx":522,"cy":228,"r":14.849242404917497},"region_attributes":{"Type":"1","count":"2"}},{"shape_attributes":{"name":"circle","cx":524,"cy":207,"r":19.209372712298546},"region_attributes":{"Type":"2","count":"2"}},{"shape_attributes":{"name":"circle","cx":588,"cy":348,"r":17.67766952966369},"region_attributes":{"Type":"2","count":"5"}},{"shape_attributes":{"name":"circle","cx":609,"cy":349,"r":21.95449840010015},"region_attributes":{"Type":"1","count":"7"}},{"shape_attributes":{"name":"circle","cx":684,"cy":318,"r":11.335784048754634},"region_attributes":{"Type":"1","count":"1"}},{"shape_attributes":{"name":"circle","cx":672,"cy":264,"r":18.721645226849056},"region_attributes":{"Type":"2","count":"4"}},{"shape_attributes":{"name":"circle","cx":731,"cy":284,"r":17.327723451163457},"region_attributes":{"Type":"1","count":"4"}},{"shape_attributes":{"name":"circle","cx":742,"cy":256,"r":17.7341478509682},"region_attributes":{"Type":"1","count":"2"}},{"shape_attributes":{"name":"circle","cx":716,"cy":214,"r":17.327723451163457},"region_attributes":{"Type":"1","count":"1"}},{"shape_attributes":{"name":"circle","cx":728,"cy":226,"r":14.84082207965583},"region_attributes":{"Type":"1","count":"1"}},{"shape_attributes":{"name":"circle","cx":670,"cy":213,"r":21.639085008382402},"region_attributes":{"Type":"2","count":"1"}},{"shape_attributes":{"name":"circle","cx":266,"cy":222,"r":14},"region_attributes":{"Type":"1","count":"1"}},{"shape_attributes":{"name":"circle","cx":245,"cy":219,"r":17},"region_attributes":{"Type":"1","count":"1"}},{"shape_attributes":{"name":"circle","cx":696,"cy":293,"r":17},"region_attributes":{"Type":"1","count":"4"}},{"shape_attributes":{"name":"circle","cx":673,"cy":289,"r":25},"region_attributes":{"Type":"1","count":"2"}}],"file_attributes":{"date":"2020-03-26","temp":"55","rain":"2","neighborhood":"City Center","total_count":""}},"https://drive.google.com/uc?export=view&id=1NjWQ9Eb0LGKdJhRg91r_7bcgEiTefBQv\n":{"filename":"https://drive.google.com/uc?export=view&id=1NjWQ9Eb0LGKdJhRg91r_7bcgEiTefBQv\n","size":-1,"regions":[{"shape_attributes":{"name":"circle","cx":188,"cy":170,"r":18.721645226849056},"region_attributes":{"Type":"1","count":"8"}},{"shape_attributes":{"name":"circle","cx":190,"cy":202,"r":18.034688796871432},"region_attributes":{"Type":"1","count":"7"}},{"shape_attributes":{"name":"circle","cx":226,"cy":258,"r":13.793114224133722},"region_attributes":{"Type":"1","count":"1"}},{"shape_attributes":{"name":"circle","cx":236,"cy":286,"r":16.97056274847714},"region_attributes":{"Type":"1","count":"1"}},{"shape_attributes":{"name":"circle","cx":260,"cy":388,"r":22.102036105300343},"region_attributes":{"Type":"1","count":"4"}},{"shape_attributes":{"name":"circle","cx":312,"cy":272,"r":28.36370920736567},"region_attributes":{"Type":"1","count":"4"}},{"shape_attributes":{"name":"circle","cx":320,"cy":216,"r":17.613914953808536},"region_attributes":{"Type":"1","count":"1"}},{"shape_attributes":{"name":"circle","cx":360,"cy":198,"r":13.901438774457844},"region_attributes":{"Type":"1","count":"3"}},{"shape_attributes":{"name":"circle","cx":343,"cy":208,"r":11.672617529928752},"region_attributes":{"Type":"1","count":"1"}},{"shape_attributes":{"name":"circle","cx":346,"cy":234,"r":16.278820596099706},"region_attributes":{"Type":"2","count":"10"}},{"shape_attributes":{"name":"circle","cx":392,"cy":229,"r":11.715374513859981},"region_attributes":{"Type":"1","count":"1"}},{"shape_attributes":{"name":"circle","cx":439,"cy":226,"r":15.20690632574555},"region_attributes":{"Type":"1","count":"1"}},{"shape_attributes":{"name":"circle","cx":382,"cy":274,"r":24.20743687382041},"region_attributes":{"Type":"1","count":"4"}},{"shape_attributes":{"name":"circle","cx":409,"cy":259,"r":15.556349186104045},"region_attributes":{"Type":"1","count":"1"}},{"shape_attributes":{"name":"circle","cx":446,"cy":265,"r":13.82931668593933},"region_attributes":{"Type":"1","count":"1"}},{"shape_attributes":{"name":"circle","cx":478,"cy":260,"r":17},"region_attributes":{"Type":"1","count":"6"}},{"shape_attributes":{"name":"circle","cx":522,"cy":288,"r":21.50581316760657},"region_attributes":{"Type":"1","count":"3"}},{"shape_attributes":{"name":"circle","cx":612,"cy":218,"r":20.402205763103165},"region_attributes":{"Type":"1","count":""}},{"shape_attributes":{"name":"circle","cx":598,"cy":342,"r":22.67156809750927},"region_attributes":{"Type":"1","count":"10"}},{"shape_attributes":{"name":"circle","cx":657,"cy":337,"r":16.64331697709324},"region_attributes":{"Type":"1","count":"1"}},{"shape_attributes":{"name":"circle","cx":696,"cy":338,"r":25.612496949731394},"region_attributes":{"Type":"1","count":"3"}},{"shape_attributes":{"name":"circle","cx":637,"cy":268,"r":22.825424421026653},"region_attributes":{"Type":"1","count":"1"}},{"shape_attributes":{"name":"circle","cx":696,"cy":164,"r":18.200274723201296},"region_attributes":{"Type":"1","count":"2"}},{"shape_attributes":{"name":"circle","cx":702,"cy":209,"r":16},"region_attributes":{"Type":"1","count":"7"}},{"shape_attributes":{"name":"circle","cx":673,"cy":212,"r":17},"region_attributes":{"Type":"1","count":"1"}},{"shape_attributes":{"name":"circle","cx":693,"cy":229,"r":34},"region_attributes":{"Type":"1","count":"4"}}],"file_attributes":{"date":"2020-04-30","temp":"63","rain":"2","neighborhood":"City Center","total_count":""}},"https://drive.google.com/uc?export=view&id=1pS89hc01A9ig48s-30kbMVxxv6BwjdDI\n":{"filename":"https://drive.google.com/uc?export=view&id=1pS89hc01A9ig48s-30kbMVxxv6BwjdDI\n","size":-1,"regions":[{"shape_attributes":{"name":"circle","cx":172,"cy":164,"r":20.506096654409877},"region_attributes":{"Type":"1","count":"1"}},{"shape_attributes":{"name":"circle","cx":192,"cy":182,"r":19.60867155112758},"region_attributes":{"Type":"1","count":"7"}},{"shape_attributes":{"name":"circle","cx":178,"cy":210,"r":20.838665984174707},"region_attributes":{"Type":"1","count":"4"}},{"shape_attributes":{"name":"circle","cx":216,"cy":262,"r":13.601470508735444},"region_attributes":{"Type":"2","count":"1"}},{"shape_attributes":{"name":"circle","cx":232,"cy":286,"r":13.793114224133722},"region_attributes":{"Type":"1","count":"3"}},{"shape_attributes":{"name":"circle","cx":234,"cy":464,"r":27.459060435491963},"region_attributes":{"Type":"1","count":"1"}},{"shape_attributes":{"name":"circle","cx":308,"cy":234,"r":16.507574019219177},"region_attributes":{"Type":"1","count":"3"}},{"shape_attributes":{"name":"circle","cx":310,"cy":271,"r":16.62077013859466},"region_attributes":{"Type":"1","count":"1"}},{"shape_attributes":{"name":"circle","cx":304,"cy":295,"r":17.066048165876012},"region_attributes":{"Type":"1","count":""}},{"shape_attributes":{"name":"circle","cx":357,"cy":244,"r":20.518284528683193},"region_attributes":{"Type":"1","count":"13"}},{"shape_attributes":{"name":"circle","cx":342,"cy":217,"r":15.305227865013967},"region_attributes":{"Type":"1","count":"7"}},{"shape_attributes":{"name":"circle","cx":366,"cy":208,"r":15.239750654128171},"region_attributes":{"Type":"1","count":"2"}},{"shape_attributes":{"name":"circle","cx":404,"cy":156,"r":27.202941017470888},"region_attributes":{"Type":"1","count":"1"}},{"shape_attributes":{"name":"circle","cx":438,"cy":156,"r":20.303940504246953},"region_attributes":{"Type":"1","count":"1"}},{"shape_attributes":{"name":"circle","cx":399,"cy":240,"r":16.278820596099706},"region_attributes":{"Type":"1","count":"3"}},{"shape_attributes":{"name":"circle","cx":390,"cy":282,"r":24.78911051248108},"region_attributes":{"Type":"1","count":"2"}},{"shape_attributes":{"name":"circle","cx":449,"cy":214,"r":20.615528128088304},"region_attributes":{"Type":"2","count":"1"}},{"shape_attributes":{"name":"circle","cx":452,"cy":244,"r":14.159802258506296},"region_attributes":{"Type":"1","count":"1"}},{"shape_attributes":{"name":"circle","cx":484,"cy":266,"r":15.700318468107582},"region_attributes":{"Type":"1","count":"9"}},{"shape_attributes":{"name":"circle","cx":522,"cy":226,"r":28.991378028648448},"region_attributes":{"Type":"1","count":"6"}},{"shape_attributes":{"name":"circle","cx":564,"cy":222,"r":20.518284528683193},"region_attributes":{"Type":"1","count":"9"}},{"shape_attributes":{"name":"circle","cx":526,"cy":266,"r":16.97056274847714},"region_attributes":{"Type":"1","count":"2"}},{"shape_attributes":{"name":"circle","cx":514,"cy":296,"r":13.793114224133722},"region_attributes":{"Type":"2","count":"1"}},{"shape_attributes":{"name":"circle","cx":526,"cy":314,"r":11.715374513859981},"region_attributes":{"Type":"3","count":"1"}},{"shape_attributes":{"name":"circle","cx":492,"cy":354,"r":37.476659402887016},"region_attributes":{"Type":"1","count":"2"}},{"shape_attributes":{"name":"circle","cx":669,"cy":348,"r":28.64000698323937},"region_attributes":{"Type":"1","count":"1"}},{"shape_attributes":{"name":"circle","cx":564,"cy":295,"r":17.804493814764857},"region_attributes":{"Type":"1","count":"1"}},{"shape_attributes":{"name":"circle","cx":651,"cy":207,"r":18.027756377319946},"region_attributes":{"Type":"1","count":"5"}},{"shape_attributes":{"name":"circle","cx":646,"cy":238,"r":20.180436070610565},"region_attributes":{"Type":"2","count":"1"}},{"shape_attributes":{"name":"circle","cx":714,"cy":239,"r":25.30316185775999},"region_attributes":{"Type":"1","count":"5"}},{"shape_attributes":{"name":"circle","cx":708,"cy":276,"r":16.98528775146303},"region_attributes":{"Type":"1","count":"2"}},{"shape_attributes":{"name":"circle","cx":696,"cy":304,"r":24.397745797511703},"region_attributes":{"Type":"1","count":"1"}},{"shape_attributes":{"name":"circle","cx":540,"cy":302,"r":12},"region_attributes":{"Type":"2","count":"1"}},{"shape_attributes":{"name":"circle","cx":273,"cy":264,"r":17},"region_attributes":{"Type":"1","count":"1"}},{"shape_attributes":{"name":"circle","cx":256,"cy":293,"r":28},"region_attributes":{"Type":"1","count":"1"}},{"shape_attributes":{"name":"circle","cx":366,"cy":155,"r":18},"region_attributes":{"Type":"1","count":"2"}},{"shape_attributes":{"name":"circle","cx":360,"cy":180,"r":17},"region_attributes":{"Type":"1","count":"1"}}],"file_attributes":{"date":"2022-05-01","temp":"","rain":"2","neighborhood":"City Center","total_count":""}},"https://drive.google.com/uc?export=view&id=1irFT6-ILEpGxt3p2HY_3szZnhn7EajD9\n":{"filename":"https://drive.google.com/uc?export=view&id=1irFT6-ILEpGxt3p2HY_3szZnhn7EajD9\n","size":-1,"regions":[{"shape_attributes":{"name":"circle","cx":176,"cy":165,"r":10.307764064044152},"region_attributes":{"Type":"1","count":"1"}},{"shape_attributes":{"name":"circle","cx":196,"cy":184,"r":13.435028842544403},"region_attributes":{"Type":"1","count":"4"}},{"shape_attributes":{"name":"circle","cx":182,"cy":213,"r":18.027756377319946},"region_attributes":{"Type":"1","count":"2"}},{"shape_attributes":{"name":"circle","cx":193,"cy":286,"r":14.212670403551895},"region_attributes":{"Type":"1","count":"1"}},{"shape_attributes":{"name":"circle","cx":234,"cy":332,"r":14.300349646075091},"region_attributes":{"Type":"1","count":"1"}},{"shape_attributes":{"name":"circle","cx":296,"cy":242,"r":17.7341478509682},"region_attributes":{"Type":"1","count":"2"}},{"shape_attributes":{"name":"circle","cx":328,"cy":171,"r":21.242645786248},"region_attributes":{"Type":"1","count":"2"}},{"shape_attributes":{"name":"circle","cx":261,"cy":194,"r":15.305227865013967},"region_attributes":{"Type":"1","count":"1"}},{"shape_attributes":{"name":"circle","cx":322,"cy":238,"r":12.747548783981962},"region_attributes":{"Type":"1","count":"1"}},{"shape_attributes":{"name":"circle","cx":326,"cy":270,"r":14.159802258506296},"region_attributes":{"Type":"1","count":"1"}},{"shape_attributes":{"name":"circle","cx":326,"cy":291,"r":15.811388300841896},"region_attributes":{"Type":"1","count":"2"}},{"shape_attributes":{"name":"circle","cx":354,"cy":162,"r":13.793114224133722},"region_attributes":{"Type":"1","count":"6"}},{"shape_attributes":{"name":"circle","cx":353,"cy":182,"r":11.40175425099138},"region_attributes":{"Type":"1","count":"4"}},{"shape_attributes":{"name":"circle","cx":360,"cy":206,"r":10.606601717798213},"region_attributes":{"Type":"1","count":"1"}},{"shape_attributes":{"name":"circle","cx":349,"cy":218,"r":9.604686356149273},"region_attributes":{"Type":"1","count":"6"}},{"shape_attributes":{"name":"circle","cx":353,"cy":243,"r":14.866068747318506},"region_attributes":{"Type":"2","count":"14"}},{"shape_attributes":{"name":"circle","cx":373,"cy":246,"r":14.212670403551895},"region_attributes":{"Type":"2","count":"2"}},{"shape_attributes":{"name":"circle","cx":394,"cy":222,"r":12.103718436910205},"region_attributes":{"Type":"1","count":"2"}},{"shape_attributes":{"name":"circle","cx":394,"cy":265,"r":8.602325267042627},"region_attributes":{"Type":"1","count":"3"}},{"shape_attributes":{"name":"circle","cx":392,"cy":292,"r":18.179658962697843},"region_attributes":{"Type":"1","count":"2"}},{"shape_attributes":{"name":"circle","cx":413,"cy":286,"r":9.86154146165801},"region_attributes":{"Type":"1","count":"1"}},{"shape_attributes":{"name":"circle","cx":434,"cy":278,"r":16.224980739587952},"region_attributes":{"Type":"1","count":"3"}},{"shape_attributes":{"name":"circle","cx":450,"cy":247,"r":12.419742348374221},"region_attributes":{"Type":"1","count":"1"}},{"shape_attributes":{"name":"circle","cx":484,"cy":234,"r":18.062391868188442},"region_attributes":{"Type":"1","count":"1"}},{"shape_attributes":{"name":"circle","cx":483,"cy":302,"r":18.741664813991314},"region_attributes":{"Type":"1","count":"1"}},{"shape_attributes":{"name":"circle","cx":480,"cy":358,"r":20.554804791094465},"region_attributes":{"Type":"1","count":"1"}},{"shape_attributes":{"name":"circle","cx":566,"cy":287,"r":25.16445906432324},"region_attributes":{"Type":"2","count":"1"}},{"shape_attributes":{"name":"circle","cx":608,"cy":214,"r":16.98528775146303},"region_attributes":{"Type":"2","count":"3"}},{"shape_attributes":{"name":"circle","cx":606,"cy":233,"r":7.433034373659253},"region_attributes":{"Type":"1","count":"5"}},{"shape_attributes":{"name":"circle","cx":648,"cy":216,"r":17.613914953808536},"region_attributes":{"Type":"2","count":"6"}},{"shape_attributes":{"name":"circle","cx":648,"cy":238,"r":8.200609733428363},"region_attributes":{"Type":"1","count":"2"}},{"shape_attributes":{"name":"circle","cx":692,"cy":151,"r":13.82931668593933},"region_attributes":{"Type":"1","count":"1"}},{"shape_attributes":{"name":"circle","cx":712,"cy":159,"r":19.13765920900464},"region_attributes":{"Type":"1","count":"4"}},{"shape_attributes":{"name":"circle","cx":692,"cy":218,"r":19.13765920900464},"region_attributes":{"Type":"2","count":"2"}},{"shape_attributes":{"name":"circle","cx":720,"cy":224,"r":20.22992832414391},"region_attributes":{"Type":"1","count":"1"}},{"shape_attributes":{"name":"circle","cx":627,"cy":272,"r":19.474342094150447},"region_attributes":{"Type":"2","count":"2"}},{"shape_attributes":{"name":"circle","cx":610,"cy":298,"r":14.603081866510234},"region_attributes":{"Type":"1","count":"2"}},{"shape_attributes":{"name":"circle","cx":628,"cy":290,"r":10.307764064044152},"region_attributes":{"Type":"1","count":"2"}},{"shape_attributes":{"name":"circle","cx":660,"cy":302,"r":17.10263137648707},"region_attributes":{"Type":"1","count":"1"}},{"shape_attributes":{"name":"circle","cx":702,"cy":304,"r":17.5},"region_attributes":{"Type":"1","count":"2"}},{"shape_attributes":{"name":"circle","cx":568,"cy":340,"r":18.76832437912346},"region_attributes":{"Type":"1","count":"4"}},{"shape_attributes":{"name":"circle","cx":570,"cy":366,"r":17.334935823359714},"region_attributes":{"Type":"1","count":"10"}},{"shape_attributes":{"name":"circle","cx":676,"cy":346,"r":21.50581316760657},"region_attributes":{"Type":"1","count":"1"}},{"shape_attributes":{"name":"circle","cx":287,"cy":284,"r":13},"region_attributes":{"Type":"1","count":"1"}},{"shape_attributes":{"name":"circle","cx":274,"cy":215,"r":15.305227865013967},"region_attributes":{"Type":"1","count":"1"}},{"shape_attributes":{"name":"circle","cx":241,"cy":277,"r":15.305227865013967},"region_attributes":{"Type":"1","count":"1"}},{"shape_attributes":{"name":"circle","cx":218,"cy":285,"r":15.305227865013967},"region_attributes":{"Type":"1","count":"1"}},{"shape_attributes":{"name":"circle","cx":225,"cy":301,"r":15.305227865013967},"region_attributes":{"Type":"1","count":"1"}},{"shape_attributes":{"name":"circle","cx":325,"cy":206,"r":15.305227865013967},"region_attributes":{"Type":"1","count":"1"}},{"shape_attributes":{"name":"circle","cx":276,"cy":300,"r":16},"region_attributes":{"Type":"1","count":"8"}},{"shape_attributes":{"name":"circle","cx":264,"cy":277,"r":19},"region_attributes":{"Type":"1","count":"2"}},{"shape_attributes":{"name":"circle","cx":395,"cy":239,"r":17},"region_attributes":{"Type":"1","count":"1"}},{"shape_attributes":{"name":"circle","cx":618,"cy":181,"r":18},"region_attributes":{"Type":"1","count":"1"}},{"shape_attributes":{"name":"circle","cx":582,"cy":200,"r":16},"region_attributes":{"Type":"1","count":"4"}},{"shape_attributes":{"name":"circle","cx":564,"cy":208,"r":15},"region_attributes":{"Type":"1","count":"2"}}],"file_attributes":{"date":"2020-06-25","temp":"60","rain":"2","neighborhood":"City Center","total_count":""}},"https://drive.google.com/uc?export=view&id=17y76zB0DgP5JZcDxELmh7w4G7kFvzTCT\n":{"filename":"https://drive.google.com/uc?export=view&id=17y76zB0DgP5JZcDxELmh7w4G7kFvzTCT\n","size":-1,"regions":[{"shape_attributes":{"name":"circle","cx":174,"cy":162,"r":24.839484696748443},"region_attributes":{"Type":"1","count":"3"}},{"shape_attributes":{"name":"circle","cx":194,"cy":185,"r":12.041594578792296},"region_attributes":{"Type":"2","count":"1"}},{"shape_attributes":{"name":"circle","cx":178,"cy":182,"r":20.248456731316587},"region_attributes":{"Type":"1","count":"4"}},{"shape_attributes":{"name":"circle","cx":196,"cy":210,"r":15.116216457830975},"region_attributes":{"Type":"1","count":"2"}},{"shape_attributes":{"name":"circle","cx":174,"cy":216,"r":18.788294228055936},"region_attributes":{"Type":"1","count":"1"}},{"shape_attributes":{"name":"circle","cx":287,"cy":243,"r":17.69180601295413},"region_attributes":{"Type":"1","count":"7"}},{"shape_attributes":{"name":"circle","cx":305,"cy":146,"r":18.062391868188442},"region_attributes":{"Type":"1","count":"1"}},{"shape_attributes":{"name":"circle","cx":322,"cy":200,"r":17.327723451163457},"region_attributes":{"Type":"1","count":"3"}},{"shape_attributes":{"name":"circle","cx":318,"cy":294,"r":19.474342094150447},"region_attributes":{"Type":"1","count":"3"}},{"shape_attributes":{"name":"circle","cx":354,"cy":183,"r":16.278820596099706},"region_attributes":{"Type":"1","count":"2"}},{"shape_attributes":{"name":"circle","cx":350,"cy":220,"r":15.890248582070704},"region_attributes":{"Type":"1","count":"7"}},{"shape_attributes":{"name":"circle","cx":374,"cy":210,"r":11.715374513859981},"region_attributes":{"Type":"1","count":"1"}},{"shape_attributes":{"name":"circle","cx":365,"cy":244,"r":17.029386365926403},"region_attributes":{"Type":"1","count":"8"}},{"shape_attributes":{"name":"circle","cx":364,"cy":302,"r":11.672617529928752},"region_attributes":{"Type":"1","count":"1"}},{"shape_attributes":{"name":"circle","cx":391,"cy":281,"r":14.142135623730951},"region_attributes":{"Type":"2","count":"2"}},{"shape_attributes":{"name":"circle","cx":410,"cy":272,"r":12.206555615733702},"region_attributes":{"Type":"1","count":"1"}},{"shape_attributes":{"name":"circle","cx":434,"cy":233,"r":17.804493814764857},"region_attributes":{"Type":"1","count":"1"}},{"shape_attributes":{"name":"circle","cx":456,"cy":240,"r":14.326548781894402},"region_attributes":{"Type":"1","count":"2"}},{"shape_attributes":{"name":"circle","cx":438,"cy":270,"r":18.200274723201296},"region_attributes":{"Type":"1","count":"3"}},{"shape_attributes":{"name":"circle","cx":434,"cy":299,"r":14.317821063276353},"region_attributes":{"Type":"1","count":"1"}},{"shape_attributes":{"name":"circle","cx":484,"cy":268,"r":16.00781059358212},"region_attributes":{"Type":"1","count":"4"}},{"shape_attributes":{"name":"circle","cx":477,"cy":228,"r":14.603081866510234},"region_attributes":{"Type":"2","count":"1"}},{"shape_attributes":{"name":"circle","cx":494,"cy":205,"r":16.00781059358212},"region_attributes":{"Type":"1","count":"1"}},{"shape_attributes":{"name":"circle","cx":498,"cy":240,"r":10.606601717798213},"region_attributes":{"Type":"1","count":"3"}},{"shape_attributes":{"name":"circle","cx":516,"cy":282,"r":11.10180165558726},"region_attributes":{"Type":"1","count":"4"}},{"shape_attributes":{"name":"circle","cx":534,"cy":288,"r":9.617692030835672},"region_attributes":{"Type":"2","count":"1"}},{"shape_attributes":{"name":"circle","cx":666,"cy":262,"r":20.303940504246953},"region_attributes":{"Type":"1","count":"1"}},{"shape_attributes":{"name":"circle","cx":604,"cy":222,"r":21.569654610122992},"region_attributes":{"Type":"2","count":"1"}},{"shape_attributes":{"name":"circle","cx":568,"cy":264,"r":13.45362404707371},"region_attributes":{"Type":"1","count":"1"}},{"shape_attributes":{"name":"circle","cx":584,"cy":266,"r":16.62077013859466},"region_attributes":{"Type":"2","count":"1"}},{"shape_attributes":{"name":"circle","cx":584,"cy":299,"r":13.200378782444085},"region_attributes":{"Type":"1","count":"2"}},{"shape_attributes":{"name":"circle","cx":578,"cy":328,"r":17.356554957709783},"region_attributes":{"Type":"1","count":"4"}},{"shape_attributes":{"name":"circle","cx":567,"cy":364,"r":14.142135623730951},"region_attributes":{"Type":"1","count":"6"}},{"shape_attributes":{"name":"circle","cx":586,"cy":362,"r":12.206555615733702},"region_attributes":{"Type":"2","count":"2"}},{"shape_attributes":{"name":"circle","cx":630,"cy":286,"r":11.672617529928752},"region_attributes":{"Type":"2","count":"1"}},{"shape_attributes":{"name":"circle","cx":628,"cy":268,"r":18.33712082089225},"region_attributes":{"Type":"1","count":"1"}},{"shape_attributes":{"name":"circle","cx":646,"cy":218,"r":19.912307751739878},"region_attributes":{"Type":"1","count":"1"}},{"shape_attributes":{"name":"circle","cx":644,"cy":237,"r":10.63014581273465},"region_attributes":{"Type":"2","count":"1"}},{"shape_attributes":{"name":"circle","cx":712,"cy":242,"r":17.10263137648707},"region_attributes":{"Type":"1","count":"6"}},{"shape_attributes":{"name":"circle","cx":716,"cy":272,"r":17.7341478509682},"region_attributes":{"Type":"1","count":"2"}},{"shape_attributes":{"name":"circle","cx":702,"cy":302,"r":16.32482771731451},"region_attributes":{"Type":"1","count":"3"}},{"shape_attributes":{"name":"circle","cx":722,"cy":346,"r":22.34390297150433},"region_attributes":{"Type":"1","count":"2"}},{"shape_attributes":{"name":"circle","cx":242,"cy":462,"r":40.70012284993744},"region_attributes":{"Type":"1","count":"1"}},{"shape_attributes":{"name":"circle","cx":673,"cy":289,"r":20.303940504246953},"region_attributes":{"Type":"1","count":"1"}},{"shape_attributes":{"name":"circle","cx":560,"cy":221,"r":20.303940504246953},"region_attributes":{"Type":"1","count":"1"}},{"shape_attributes":{"name":"circle","cx":449,"cy":163,"r":16},"region_attributes":{"Type":"1","count":"2"}},{"shape_attributes":{"name":"circle","cx":478,"cy":168,"r":21},"region_attributes":{"Type":"1","count":"3"}}],"file_attributes":{"date":"2020-07-29","temp":"64","rain":"2","neighborhood":"City Center","total_count":""}},"https://drive.google.com/uc?export=view&id=1pei5OsQgZLURJJrujrOGnChYRMV9tiKr\n":{"filename":"https://drive.google.com/uc?export=view&id=1pei5OsQgZLURJJrujrOGnChYRMV9tiKr\n","size":-1,"regions":[{"shape_attributes":{"name":"circle","cx":168,"cy":155,"r":18.309833423600555},"region_attributes":{"Type":"1","count":"3"}},{"shape_attributes":{"name":"circle","cx":177,"cy":174,"r":14.5},"region_attributes":{"Type":"1","count":"6"}},{"shape_attributes":{"name":"circle","cx":210,"cy":158,"r":17.69180601295413},"region_attributes":{"Type":"1","count":"1"}},{"shape_attributes":{"name":"circle","cx":206,"cy":233,"r":15.945218719101975},"region_attributes":{"Type":"1","count":"1"}},{"shape_attributes":{"name":"circle","cx":222,"cy":284,"r":19.091883092036785},"region_attributes":{"Type":"2","count":"1"}},{"shape_attributes":{"name":"circle","cx":229,"cy":463,"r":16.1245154965971},"region_attributes":{"Type":"1","count":"1"}},{"shape_attributes":{"name":"circle","cx":254,"cy":184,"r":16.507574019219177},"region_attributes":{"Type":"1","count":"1"}},{"shape_attributes":{"name":"circle","cx":336,"cy":169,"r":13.793114224133722},"region_attributes":{"Type":"1","count":"1"}},{"shape_attributes":{"name":"circle","cx":364,"cy":162,"r":10.124228365658293},"region_attributes":{"Type":"1","count":"4"}},{"shape_attributes":{"name":"circle","cx":358,"cy":178,"r":13.124404748406688},"region_attributes":{"Type":"1","count":"1"}},{"shape_attributes":{"name":"circle","cx":336,"cy":216,"r":14.5},"region_attributes":{"Type":"1","count":"5"}},{"shape_attributes":{"name":"circle","cx":347,"cy":238,"r":12.529964086141668},"region_attributes":{"Type":"1","count":"11"}},{"shape_attributes":{"name":"circle","cx":364,"cy":230,"r":13.285330255586423},"region_attributes":{"Type":"2","count":"1"}},{"shape_attributes":{"name":"circle","cx":396,"cy":258,"r":14.212670403551895},"region_attributes":{"Type":"1","count":"2"}},{"shape_attributes":{"name":"circle","cx":387,"cy":290,"r":17.414074767267998},"region_attributes":{"Type":"1","count":"2"}},{"shape_attributes":{"name":"circle","cx":438,"cy":260,"r":16.650825805346713},"region_attributes":{"Type":"1","count":"2"}},{"shape_attributes":{"name":"circle","cx":428,"cy":294,"r":15.913830462839549},"region_attributes":{"Type":"1","count":"1"}},{"shape_attributes":{"name":"circle","cx":448,"cy":280,"r":13.124404748406688},"region_attributes":{"Type":"1","count":"1"}},{"shape_attributes":{"name":"circle","cx":492,"cy":218,"r":15.20690632574555},"region_attributes":{"Type":"1","count":"3"}},{"shape_attributes":{"name":"circle","cx":524,"cy":214,"r":12.093386622447824},"region_attributes":{"Type":"1","count":"5"}},{"shape_attributes":{"name":"circle","cx":572,"cy":197,"r":17.029386365926403},"region_attributes":{"Type":"2","count":"1"}},{"shape_attributes":{"name":"circle","cx":557,"cy":219,"r":16.401219466856727},"region_attributes":{"Type":"1","count":"1"}},{"shape_attributes":{"name":"circle","cx":559,"cy":258,"r":16.62077013859466},"region_attributes":{"Type":"1","count":"3"}},{"shape_attributes":{"name":"circle","cx":580,"cy":264,"r":13.038404810405298},"region_attributes":{"Type":"1","count":"2"}},{"shape_attributes":{"name":"circle","cx":576,"cy":286,"r":20.838665984174707},"region_attributes":{"Type":"2","count":"1"}},{"shape_attributes":{"name":"circle","cx":552,"cy":324,"r":14.159802258506296},"region_attributes":{"Type":"2","count":""}},{"shape_attributes":{"name":"circle","cx":574,"cy":314,"r":14.0089257261219},"region_attributes":{"Type":"1","count":"2"}},{"shape_attributes":{"name":"circle","cx":558,"cy":338,"r":16.32482771731451},"region_attributes":{"Type":"1","count":"2"}},{"shape_attributes":{"name":"circle","cx":473,"cy":340,"r":21.93171219946131},"region_attributes":{"Type":"1","count":"1"}},{"shape_attributes":{"name":"circle","cx":597,"cy":337,"r":9.486832980505138},"region_attributes":{"Type":"1","count":"1"}},{"shape_attributes":{"name":"circle","cx":713,"cy":196,"r":15.945218719101975},"region_attributes":{"Type":"1","count":"1"}},{"shape_attributes":{"name":"circle","cx":686,"cy":108,"r":13.793114224133722},"region_attributes":{"Type":"1","count":"1"}},{"shape_attributes":{"name":"circle","cx":712,"cy":147,"r":17.066048165876012},"region_attributes":{"Type":"1","count":"1"}},{"shape_attributes":{"name":"circle","cx":283,"cy":204,"r":16.507574019219177},"region_attributes":{"Type":"1","count":"1"}},{"shape_attributes":{"name":"circle","cx":315,"cy":200,"r":16.507574019219177},"region_attributes":{"Type":"1","count":"1"}},{"shape_attributes":{"name":"circle","cx":352,"cy":144,"r":16.507574019219177},"region_attributes":{"Type":"1","count":"1"}},{"shape_attributes":{"name":"circle","cx":689,"cy":202,"r":15.945218719101975},"region_attributes":{"Type":"1","count":"1"}},{"shape_attributes":{"name":"circle","cx":710,"cy":234,"r":15.945218719101975},"region_attributes":{"Type":"1","count":"1"}},{"shape_attributes":{"name":"circle","cx":651,"cy":239,"r":15.945218719101975},"region_attributes":{"Type":"1","count":"1"}},{"shape_attributes":{"name":"circle","cx":659,"cy":166,"r":15.945218719101975},"region_attributes":{"Type":"1","count":"1"}},{"shape_attributes":{"name":"circle","cx":643,"cy":207,"r":19},"region_attributes":{"Type":"1","count":"2"}},{"shape_attributes":{"name":"circle","cx":449,"cy":138,"r":16},"region_attributes":{"Type":"1","count":"3"}},{"shape_attributes":{"name":"circle","cx":473,"cy":138,"r":16},"region_attributes":{"Type":"1","count":"3"}},{"shape_attributes":{"name":"circle","cx":710,"cy":268,"r":16},"region_attributes":{"Type":"1","count":"2"}},{"shape_attributes":{"name":"circle","cx":702,"cy":290,"r":17},"region_attributes":{"Type":"1","count":"2"}},{"shape_attributes":{"name":"circle","cx":307,"cy":237,"r":16},"region_attributes":{"Type":"1","count":"3"}},{"shape_attributes":{"name":"circle","cx":280,"cy":233,"r":20},"region_attributes":{"Type":"1","count":"8"}}],"file_attributes":{"date":"2020-08-27","temp":"76","rain":"2","neighborhood":"City Center","total_count":""}},"https://drive.google.com/uc?export=view&id=1vGwRRJSL7D08wUlDlWuVlI0Ws1gob5t1\n":{"filename":"https://drive.google.com/uc?export=view&id=1vGwRRJSL7D08wUlDlWuVlI0Ws1gob5t1\n","size":-1,"regions":[{"shape_attributes":{"name":"circle","cx":171,"cy":162,"r":15.913830462839549},"region_attributes":{"Type":"1","count":"3"}},{"shape_attributes":{"name":"circle","cx":190,"cy":181,"r":12.379418403139947},"region_attributes":{"Type":"1","count":"4"}},{"shape_attributes":{"name":"circle","cx":171,"cy":240,"r":16.97056274847714},"region_attributes":{"Type":"1","count":"1"}},{"shape_attributes":{"name":"circle","cx":254,"cy":378,"r":12.379418403139947},"region_attributes":{"Type":"1","count":"1"}},{"shape_attributes":{"name":"circle","cx":284,"cy":238,"r":14.300349646075091},"region_attributes":{"Type":"1","count":"6"}},{"shape_attributes":{"name":"circle","cx":282,"cy":152,"r":16.401219466856727},"region_attributes":{"Type":"1","count":"1"}},{"shape_attributes":{"name":"circle","cx":322,"cy":170,"r":14.300349646075091},"region_attributes":{"Type":"1","count":"1"}},{"shape_attributes":{"name":"circle","cx":324,"cy":202,"r":13.509256086106296},"region_attributes":{"Type":"1","count":"1"}},{"shape_attributes":{"name":"circle","cx":321,"cy":245,"r":18.439088914585774},"region_attributes":{"Type":"1","count":"3"}},{"shape_attributes":{"name":"circle","cx":263,"cy":288,"r":15.620499351813308},"region_attributes":{"Type":"1","count":"1"}},{"shape_attributes":{"name":"circle","cx":276,"cy":334,"r":16.278820596099706},"region_attributes":{"Type":"1","count":"1"}},{"shape_attributes":{"name":"circle","cx":316,"cy":331,"r":17.327723451163457},"region_attributes":{"Type":"1","count":"1"}},{"shape_attributes":{"name":"circle","cx":356,"cy":304,"r":14.849242404917497},"region_attributes":{"Type":"1","count":"2"}},{"shape_attributes":{"name":"circle","cx":344,"cy":266,"r":10.606601717798213},"region_attributes":{"Type":"1","count":"1"}},{"shape_attributes":{"name":"circle","cx":347,"cy":246,"r":14.150971698084906},"region_attributes":{"Type":"1","count":"15"}},{"shape_attributes":{"name":"circle","cx":368,"cy":246,"r":9.899494936611665},"region_attributes":{"Type":"2","count":"4"}},{"shape_attributes":{"name":"circle","cx":348,"cy":212,"r":14.0089257261219},"region_attributes":{"Type":"1","count":"8"}},{"shape_attributes":{"name":"circle","cx":360,"cy":186,"r":18.179658962697843},"region_attributes":{"Type":"1","count":"1"}},{"shape_attributes":{"name":"circle","cx":374,"cy":164,"r":20.518284528683193},"region_attributes":{"Type":"1","count":"1"}},{"shape_attributes":{"name":"circle","cx":388,"cy":226,"r":11.715374513859981},"region_attributes":{"Type":"1","count":"1"}},{"shape_attributes":{"name":"circle","cx":396,"cy":251,"r":16.650825805346713},"region_attributes":{"Type":"1","count":"1"}},{"shape_attributes":{"name":"circle","cx":392,"cy":305,"r":12.727922061357855},"region_attributes":{"Type":"1","count":"1"}},{"shape_attributes":{"name":"circle","cx":440,"cy":179,"r":13.124404748406688},"region_attributes":{"Type":"1","count":"1"}},{"shape_attributes":{"name":"circle","cx":459,"cy":166,"r":12.206555615733702},"region_attributes":{"Type":"1","count":"2"}},{"shape_attributes":{"name":"circle","cx":482,"cy":166,"r":14.849242404917497},"region_attributes":{"Type":"1","count":"4"}},{"shape_attributes":{"name":"circle","cx":494,"cy":144,"r":18.027756377319946},"region_attributes":{"Type":"1","count":"1"}},{"shape_attributes":{"name":"circle","cx":478,"cy":268,"r":15.532224567009067},"region_attributes":{"Type":"1","count":"1"}},{"shape_attributes":{"name":"circle","cx":476,"cy":328,"r":17.356554957709783},"region_attributes":{"Type":"1","count":"1"}},{"shape_attributes":{"name":"circle","cx":568,"cy":222,"r":17.414074767267998},"region_attributes":{"Type":"1","count":"2"}},{"shape_attributes":{"name":"circle","cx":582,"cy":232,"r":7.905694150420948},"region_attributes":{"Type":"1","count":"1"}},{"shape_attributes":{"name":"circle","cx":608,"cy":214,"r":15.913830462839549},"region_attributes":{"Type":"2","count":"1"}},{"shape_attributes":{"name":"circle","cx":602,"cy":230,"r":18.062391868188442},"region_attributes":{"Type":"1","count":"1"}},{"shape_attributes":{"name":"circle","cx":582,"cy":285,"r":14.534441853748634},"region_attributes":{"Type":"2","count":"1"}},{"shape_attributes":{"name":"circle","cx":561,"cy":328,"r":15.20690632574555},"region_attributes":{"Type":"1","count":"2"}},{"shape_attributes":{"name":"circle","cx":580,"cy":320,"r":13.46291201783626},"region_attributes":{"Type":"2","count":"2"}},{"shape_attributes":{"name":"circle","cx":586,"cy":352,"r":18.200274723201296},"region_attributes":{"Type":"1","count":"5"}},{"shape_attributes":{"name":"circle","cx":570,"cy":366,"r":17.902513789968157},"region_attributes":{"Type":"1","count":"4"}},{"shape_attributes":{"name":"circle","cx":610,"cy":359,"r":10},"region_attributes":{"Type":"1","count":"1"}},{"shape_attributes":{"name":"circle","cx":613,"cy":304,"r":9.604686356149273},"region_attributes":{"Type":"1","count":"1"}},{"shape_attributes":{"name":"circle","cx":626,"cy":285,"r":12.776932339180638},"region_attributes":{"Type":"1","count":"1"}},{"shape_attributes":{"name":"circle","cx":615,"cy":268,"r":12.776932339180638},"region_attributes":{"Type":"1","count":"1"}},{"shape_attributes":{"name":"circle","cx":647,"cy":225,"r":16.278820596099706},"region_attributes":{"Type":"2","count":"1"}},{"shape_attributes":{"name":"circle","cx":695,"cy":180,"r":12.379418403139947},"region_attributes":{"Type":"1","count":"2"}},{"shape_attributes":{"name":"circle","cx":698,"cy":248,"r":15.116216457830975},"region_attributes":{"Type":"1","count":"1"}},{"shape_attributes":{"name":"circle","cx":669,"cy":274,"r":20.22992832414391},"region_attributes":{"Type":"1","count":"4"}},{"shape_attributes":{"name":"circle","cx":670,"cy":330,"r":10.700467279516348},"region_attributes":{"Type":"1","count":"1"}},{"shape_attributes":{"name":"circle","cx":714,"cy":267,"r":13.200378782444085},"region_attributes":{"Type":"1","count":"1"}},{"shape_attributes":{"name":"circle","cx":698,"cy":306,"r":16.98528775146303},"region_attributes":{"Type":"1","count":"2"}},{"shape_attributes":{"name":"circle","cx":457,"cy":280,"r":13},"region_attributes":{"Type":"1","count":"3"}},{"shape_attributes":{"name":"circle","cx":444,"cy":261,"r":16},"region_attributes":{"Type":"1","count":"7"}},{"shape_attributes":{"name":"circle","cx":239,"cy":282,"r":13},"region_attributes":{"Type":"1","count":"1"}},{"shape_attributes":{"name":"circle","cx":227,"cy":261,"r":15},"region_attributes":{"Type":"1","count":"1"}}],"file_attributes":{"date":"2020-09-29","temp":"70","rain":"2","neighborhood":"City Center","total_count":""}},"https://drive.google.com/uc?export=view&id=1uCPpe66iuKJOD8QG8PVm7YNvuss4iXE5\n":{"filename":"https://drive.google.com/uc?export=view&id=1uCPpe66iuKJOD8QG8PVm7YNvuss4iXE5\n","size":-1,"regions":[{"shape_attributes":{"name":"circle","cx":176,"cy":144,"r":14.7648230602334},"region_attributes":{"Type":"1","count":"5"}},{"shape_attributes":{"name":"circle","cx":174,"cy":178,"r":18.506755523321747},"region_attributes":{"Type":"1","count":"4"}},{"shape_attributes":{"name":"circle","cx":186,"cy":178,"r":9.617692030835672},"region_attributes":{"Type":"2","count":"1"}},{"shape_attributes":{"name":"circle","cx":173,"cy":213,"r":16.64331697709324},"region_attributes":{"Type":"1","count":"4"}},{"shape_attributes":{"name":"circle","cx":194,"cy":206,"r":15.116216457830975},"region_attributes":{"Type":"1","count":"1"}},{"shape_attributes":{"name":"circle","cx":233,"cy":407,"r":17.029386365926403},"region_attributes":{"Type":"1","count":"1"}},{"shape_attributes":{"name":"circle","cx":290,"cy":234,"r":20.862646045025066},"region_attributes":{"Type":"1","count":"13"}},{"shape_attributes":{"name":"circle","cx":320,"cy":234,"r":16.710774967068403},"region_attributes":{"Type":"1","count":"1"}},{"shape_attributes":{"name":"circle","cx":310,"cy":266,"r":11.510864433221338},"region_attributes":{"Type":"1","count":"2"}},{"shape_attributes":{"name":"circle","cx":320,"cy":284,"r":10.547511554864494},"region_attributes":{"Type":"1","count":"1"}},{"shape_attributes":{"name":"circle","cx":342,"cy":221,"r":9.433981132056603},"region_attributes":{"Type":"1","count":"8"}},{"shape_attributes":{"name":"circle","cx":362,"cy":244,"r":19.13765920900464},"region_attributes":{"Type":"1","count":"7"}},{"shape_attributes":{"name":"circle","cx":366,"cy":204,"r":9.924716620639604},"region_attributes":{"Type":"1","count":"1"}},{"shape_attributes":{"name":"circle","cx":354,"cy":180,"r":10.965856099730654},"region_attributes":{"Type":"1","count":"2"}},{"shape_attributes":{"name":"circle","cx":450,"cy":162,"r":14.5},"region_attributes":{"Type":"1","count":"5"}},{"shape_attributes":{"name":"circle","cx":406,"cy":262,"r":17.67766952966369},"region_attributes":{"Type":"1","count":"1"}},{"shape_attributes":{"name":"circle","cx":444,"cy":298,"r":17.902513789968157},"region_attributes":{"Type":"1","count":"1"}},{"shape_attributes":{"name":"circle","cx":476,"cy":180,"r":17.7341478509682},"region_attributes":{"Type":"1","count":"1"}},{"shape_attributes":{"name":"circle","cx":488,"cy":301,"r":17.67059704707229},"region_attributes":{"Type":"1","count":"2"}},{"shape_attributes":{"name":"circle","cx":480,"cy":364,"r":17.356554957709783},"region_attributes":{"Type":"2","count":"1"}},{"shape_attributes":{"name":"circle","cx":512,"cy":234,"r":15.305227865013967},"region_attributes":{"Type":"1","count":"3"}},{"shape_attributes":{"name":"circle","cx":558,"cy":226,"r":14.159802258506296},"region_attributes":{"Type":"2","count":"1"}},{"shape_attributes":{"name":"circle","cx":566,"cy":202,"r":21.783020910791965},"region_attributes":{"Type":"2","count":"1"}},{"shape_attributes":{"name":"circle","cx":581,"cy":344,"r":15},"region_attributes":{"Type":"2","count":"2"}},{"shape_attributes":{"name":"circle","cx":570,"cy":369,"r":18.117670931993437},"region_attributes":{"Type":"1","count":"7"}},{"shape_attributes":{"name":"circle","cx":561,"cy":340,"r":13.038404810405298},"region_attributes":{"Type":"1","count":"2"}},{"shape_attributes":{"name":"circle","cx":622,"cy":283,"r":15.556349186104045},"region_attributes":{"Type":"1","count":"1"}},{"shape_attributes":{"name":"circle","cx":608,"cy":363,"r":12.5},"region_attributes":{"Type":"1","count":"2"}},{"shape_attributes":{"name":"circle","cx":626,"cy":358,"r":11.926860441876563},"region_attributes":{"Type":"1","count":"1"}},{"shape_attributes":{"name":"circle","cx":659,"cy":359,"r":13.601470508735444},"region_attributes":{"Type":"1","count":"1"}},{"shape_attributes":{"name":"circle","cx":664,"cy":305,"r":17.356554957709783},"region_attributes":{"Type":"1","count":"2"}},{"shape_attributes":{"name":"circle","cx":686,"cy":286,"r":18.721645226849056},"region_attributes":{"Type":"2","count":"1"}},{"shape_attributes":{"name":"circle","cx":690,"cy":340,"r":17.334935823359714},"region_attributes":{"Type":"2","count":"1"}},{"shape_attributes":{"name":"circle","cx":692,"cy":314,"r":19.03943276465977},"region_attributes":{"Type":"1","count":"1"}},{"shape_attributes":{"name":"circle","cx":690,"cy":238,"r":12.206555615733702},"region_attributes":{"Type":"2","count":"1"}},{"shape_attributes":{"name":"circle","cx":712,"cy":235,"r":10.259142264341596},"region_attributes":{"Type":"1","count":"1"}},{"shape_attributes":{"name":"circle","cx":666,"cy":222,"r":13.209844813622906},"region_attributes":{"Type":"1","count":"1"}},{"shape_attributes":{"name":"circle","cx":660,"cy":182,"r":16.263455967290593},"region_attributes":{"Type":"1","count":"3"}},{"shape_attributes":{"name":"circle","cx":653,"cy":144,"r":14.84082207965583},"region_attributes":{"Type":"1","count":"2"}},{"shape_attributes":{"name":"circle","cx":710,"cy":142,"r":16.263455967290593},"region_attributes":{"Type":"1","count":"1"}},{"shape_attributes":{"name":"circle","cx":708,"cy":174,"r":13.509256086106296},"region_attributes":{"Type":"1","count":"2"}},{"shape_attributes":{"name":"circle","cx":708,"cy":203,"r":17.414074767267998},"region_attributes":{"Type":"1","count":"2"}}],"file_attributes":{"date":"2020-10-29","temp":"61","rain":"2","neighborhood":"City Center","total_count":""}},"https://drive.google.com/uc?export=view&id=1c0o6ijZ5NBnwvenETHcVlxvEcFn9dRze\n":{"filename":"https://drive.google.com/uc?export=view&id=1c0o6ijZ5NBnwvenETHcVlxvEcFn9dRze\n","size":-1,"regions":[{"shape_attributes":{"name":"circle","cx":175,"cy":160,"r":19.60229578391266},"region_attributes":{"Type":"1","count":"3"}},{"shape_attributes":{"name":"circle","cx":170,"cy":218,"r":9.924716620639604},"region_attributes":{"Type":"1","count":"4"}},{"shape_attributes":{"name":"circle","cx":182,"cy":248,"r":18.35755975068582},"region_attributes":{"Type":"1","count":"3"}},{"shape_attributes":{"name":"circle","cx":201,"cy":234,"r":21.400934559032695},"region_attributes":{"Type":"2","count":"2"}},{"shape_attributes":{"name":"circle","cx":176,"cy":272,"r":16.401219466856727},"region_attributes":{"Type":"1","count":"4"}},{"shape_attributes":{"name":"circle","cx":190,"cy":414,"r":23.717082451262844},"region_attributes":{"Type":"1","count":"1"}},{"shape_attributes":{"name":"circle","cx":239,"cy":465,"r":15.953056133543816},"region_attributes":{"Type":"1","count":"1"}},{"shape_attributes":{"name":"circle","cx":282,"cy":246,"r":22.726636354727024},"region_attributes":{"Type":"1","count":"16"}},{"shape_attributes":{"name":"circle","cx":321,"cy":236,"r":17.5},"region_attributes":{"Type":"1","count":"2"}},{"shape_attributes":{"name":"circle","cx":316,"cy":266,"r":17.414074767267998},"region_attributes":{"Type":"1","count":"2"}},{"shape_attributes":{"name":"circle","cx":365,"cy":247,"r":20.248456731316587},"region_attributes":{"Type":"1","count":"6"}},{"shape_attributes":{"name":"circle","cx":348,"cy":222,"r":13.200378782444085},"region_attributes":{"Type":"1","count":"7"}},{"shape_attributes":{"name":"circle","cx":361,"cy":182,"r":16.650825805346713},"region_attributes":{"Type":"1","count":"7"}},{"shape_attributes":{"name":"circle","cx":348,"cy":172,"r":16.32482771731451},"region_attributes":{"Type":"1","count":"2"}},{"shape_attributes":{"name":"circle","cx":402,"cy":202,"r":15.945218719101975},"region_attributes":{"Type":"1","count":"1"}},{"shape_attributes":{"name":"circle","cx":389,"cy":245,"r":12.529964086141668},"region_attributes":{"Type":"1","count":"1"}},{"shape_attributes":{"name":"circle","cx":418,"cy":269,"r":22.299103120977758},"region_attributes":{"Type":"1","count":"2"}},{"shape_attributes":{"name":"circle","cx":498,"cy":224,"r":17.5},"region_attributes":{"Type":"1","count":"2"}},{"shape_attributes":{"name":"circle","cx":530,"cy":180,"r":19.13765920900464},"region_attributes":{"Type":"1","count":"1"}},{"shape_attributes":{"name":"circle","cx":494,"cy":283,"r":17.356554957709783},"region_attributes":{"Type":"1","count":"1"}},{"shape_attributes":{"name":"circle","cx":483,"cy":360,"r":22.983689869122408},"region_attributes":{"Type":"2","count":"1"}},{"shape_attributes":{"name":"circle","cx":537,"cy":274,"r":19.849433241279208},"region_attributes":{"Type":"1","count":"2"}},{"shape_attributes":{"name":"circle","cx":566,"cy":212,"r":20.303940504246953},"region_attributes":{"Type":"1","count":"3"}},{"shape_attributes":{"name":"circle","cx":562,"cy":265,"r":16.3783393541592},"region_attributes":{"Type":"1","count":"3"}},{"shape_attributes":{"name":"circle","cx":586,"cy":269,"r":17.5},"region_attributes":{"Type":"1","count":"1"}},{"shape_attributes":{"name":"circle","cx":582,"cy":293,"r":14.866068747318506},"region_attributes":{"Type":"1","count":"12"}},{"shape_attributes":{"name":"circle","cx":561,"cy":336,"r":16.560495161679196},"region_attributes":{"Type":"1","count":"3"}},{"shape_attributes":{"name":"circle","cx":563,"cy":367,"r":14.317821063276353},"region_attributes":{"Type":"2","count":"3"}},{"shape_attributes":{"name":"circle","cx":588,"cy":346,"r":9.899494936611665},"region_attributes":{"Type":"2","count":"3"}},{"shape_attributes":{"name":"circle","cx":586,"cy":326,"r":18.062391868188442},"region_attributes":{"Type":"1","count":"4"}},{"shape_attributes":{"name":"circle","cx":616,"cy":300,"r":13.729530217745982},"region_attributes":{"Type":"1","count":"1"}},{"shape_attributes":{"name":"circle","cx":628,"cy":243,"r":15.556349186104045},"region_attributes":{"Type":"1","count":"1"}},{"shape_attributes":{"name":"circle","cx":726,"cy":149,"r":24.78911051248108},"region_attributes":{"Type":"1","count":"1"}},{"shape_attributes":{"name":"circle","cx":696,"cy":238,"r":16.98528775146303},"region_attributes":{"Type":"1","count":"2"}},{"shape_attributes":{"name":"circle","cx":722,"cy":228,"r":13.901438774457844},"region_attributes":{"Type":"1","count":"3"}},{"shape_attributes":{"name":"circle","cx":648,"cy":300,"r":16.80773631397161},"region_attributes":{"Type":"1","count":"2"}},{"shape_attributes":{"name":"circle","cx":668,"cy":299,"r":9.219544457292887},"region_attributes":{"Type":"1","count":"1"}},{"shape_attributes":{"name":"circle","cx":650,"cy":368,"r":21.224985276791124},"region_attributes":{"Type":"1","count":"1"}},{"shape_attributes":{"name":"circle","cx":690,"cy":324,"r":14.5},"region_attributes":{"Type":"1","count":"1"}},{"shape_attributes":{"name":"circle","cx":364,"cy":454,"r":25.22399651125888},"region_attributes":{"Type":"1","count":"1"}},{"shape_attributes":{"name":"circle","cx":580,"cy":362,"r":13},"region_attributes":{"Type":"1","count":"8"}},{"shape_attributes":{"name":"circle","cx":648,"cy":222,"r":16},"region_attributes":{"Type":"2","count":"1"}},{"shape_attributes":{"name":"circle","cx":698,"cy":145,"r":24.78911051248108},"region_attributes":{"Type":"1","count":"1"}},{"shape_attributes":{"name":"circle","cx":678,"cy":166,"r":24.78911051248108},"region_attributes":{"Type":"1","count":"1"}},{"shape_attributes":{"name":"circle","cx":225,"cy":443,"r":15.953056133543816},"region_attributes":{"Type":"1","count":"1"}},{"shape_attributes":{"name":"circle","cx":262,"cy":352,"r":15.953056133543816},"region_attributes":{"Type":"1","count":"1"}}],"file_attributes":{"date":"2020-11-24","temp":"59","rain":"2","neighborhood":"City Center","total_count":""}},"https://drive.google.com/uc?export=view&id=1RX4768ySWOtRKYPoGwOzqaHhrnakaqgz\n":{"filename":"https://drive.google.com/uc?export=view&id=1RX4768ySWOtRKYPoGwOzqaHhrnakaqgz\n","size":-1,"regions":[{"shape_attributes":{"name":"circle","cx":138,"cy":160,"r":16.00781059358212},"region_attributes":{"Type":"1","count":"7"}},{"shape_attributes":{"name":"circle","cx":182,"cy":122,"r":14.705441169852742},"region_attributes":{"Type":"1","count":"1"}},{"shape_attributes":{"name":"circle","cx":158,"cy":156,"r":15.976545308670458},"region_attributes":{"Type":"2","count":"1"}},{"shape_attributes":{"name":"circle","cx":138,"cy":194,"r":15.402921800749363},"region_attributes":{"Type":"1","count":"8"}},{"shape_attributes":{"name":"circle","cx":157,"cy":185,"r":12.806248474865697},"region_attributes":{"Type":"2","count":"1"}},{"shape_attributes":{"name":"circle","cx":244,"cy":188,"r":25.30316185775999},"region_attributes":{"Type":"1","count":"26"}},{"shape_attributes":{"name":"circle","cx":275,"cy":224,"r":17.414074767267998},"region_attributes":{"Type":"1","count":"8"}},{"shape_attributes":{"name":"circle","cx":296,"cy":220,"r":11.715374513859981},"region_attributes":{"Type":"1","count":"1"}},{"shape_attributes":{"name":"circle","cx":318,"cy":149,"r":10.062305898749054},"region_attributes":{"Type":"1","count":"3"}},{"shape_attributes":{"name":"circle","cx":228,"cy":348,"r":26.201145013147805},"region_attributes":{"Type":"1","count":"3"}},{"shape_attributes":{"name":"circle","cx":286,"cy":254,"r":14.705441169852742},"region_attributes":{"Type":"1","count":"3"}},{"shape_attributes":{"name":"circle","cx":375,"cy":288,"r":17.327723451163457},"region_attributes":{"Type":"1","count":"2"}},{"shape_attributes":{"name":"circle","cx":414,"cy":135,"r":17.356554957709783},"region_attributes":{"Type":"1","count":"1"}},{"shape_attributes":{"name":"circle","cx":432,"cy":152,"r":22.94558781116753},"region_attributes":{"Type":"1","count":"3"}},{"shape_attributes":{"name":"circle","cx":478,"cy":272,"r":16.263455967290593},"region_attributes":{"Type":"1","count":"1"}},{"shape_attributes":{"name":"circle","cx":456,"cy":350,"r":22.5},"region_attributes":{"Type":"1","count":"1"}},{"shape_attributes":{"name":"circle","cx":549,"cy":268,"r":19.83053201505194},"region_attributes":{"Type":"2","count":"4"}},{"shape_attributes":{"name":"circle","cx":577,"cy":262,"r":19.60229578391266},"region_attributes":{"Type":"2","count":"4"}},{"shape_attributes":{"name":"circle","cx":554,"cy":288,"r":12.093386622447824},"region_attributes":{"Type":"1","count":"4"}},{"shape_attributes":{"name":"circle","cx":609,"cy":252,"r":17.92344832893492},"region_attributes":{"Type":"2","count":"1"}},{"shape_attributes":{"name":"circle","cx":549,"cy":323,"r":10.295630140987},"region_attributes":{"Type":"1","count":"6"}},{"shape_attributes":{"name":"circle","cx":550,"cy":344,"r":12.747548783981962},"region_attributes":{"Type":"2","count":"3"}},{"shape_attributes":{"name":"circle","cx":562,"cy":349,"r":10.307764064044152},"region_attributes":{"Type":"1","count":"10"}},{"shape_attributes":{"name":"circle","cx":578,"cy":351,"r":8.602325267042627},"region_attributes":{"Type":"2","count":"2"}},{"shape_attributes":{"name":"circle","cx":660,"cy":316,"r":15.264337522473747},"region_attributes":{"Type":"1","count":"1"}},{"shape_attributes":{"name":"circle","cx":709,"cy":313,"r":10.63014581273465},"region_attributes":{"Type":"1","count":"2"}},{"shape_attributes":{"name":"circle","cx":643,"cy":268,"r":18.062391868188442},"region_attributes":{"Type":"2","count":"1"}},{"shape_attributes":{"name":"circle","cx":642,"cy":286,"r":12.298373876248844},"region_attributes":{"Type":"1","count":"3"}},{"shape_attributes":{"name":"circle","cx":702,"cy":280,"r":13.82931668593933},"region_attributes":{"Type":"1","count":"3"}},{"shape_attributes":{"name":"circle","cx":601,"cy":198,"r":13.124404748406688},"region_attributes":{"Type":"1","count":"1"}},{"shape_attributes":{"name":"circle","cx":714,"cy":188,"r":13.124404748406688},"region_attributes":{"Type":"1","count":"1"}},{"shape_attributes":{"name":"circle","cx":714,"cy":188,"r":13.124404748406688},"region_attributes":{"Type":"1","count":"1"}},{"shape_attributes":{"name":"circle","cx":714,"cy":188,"r":13.124404748406688},"region_attributes":{"Type":"1","count":"1"}},{"shape_attributes":{"name":"circle","cx":714,"cy":188,"r":13.124404748406688},"region_attributes":{"Type":"1","count":"1"}},{"shape_attributes":{"name":"circle","cx":714,"cy":188,"r":13.124404748406688},"region_attributes":{"Type":"1","count":"1"}},{"shape_attributes":{"name":"circle","cx":667,"cy":138,"r":13.124404748406688},"region_attributes":{"Type":"1","count":"1"}},{"shape_attributes":{"name":"circle","cx":621,"cy":186,"r":13.124404748406688},"region_attributes":{"Type":"1","count":"1"}},{"shape_attributes":{"name":"circle","cx":641,"cy":158,"r":13.124404748406688},"region_attributes":{"Type":"1","count":"1"}},{"shape_attributes":{"name":"circle","cx":667,"cy":279,"r":15},"region_attributes":{"Type":"1","count":"1"}},{"shape_attributes":{"name":"circle","cx":487,"cy":202,"r":14},"region_attributes":{"Type":"1","count":"4"}},{"shape_attributes":{"name":"circle","cx":468,"cy":158,"r":13},"region_attributes":{"Type":"1","count":"1"}},{"shape_attributes":{"name":"circle","cx":470,"cy":179,"r":14},"region_attributes":{"Type":"1","count":"1"}}],"file_attributes":{"date":"2020-12-29","temp":"53","rain":"1","neighborhood":"City Center","total_count":""}}},"_via_attributes":{"region":{"Type":{"type":"dropdown","description":"","options":{"1":"Individual","2":"Structure","3":"Vehicle"},"default_options":{}},"count":{"type":"text","description":"","default_value":""}},"file":{"date":{"type":"text","description":"","default_value":""},"temp":{"type":"text","description":"","default_value":""},"rain":{"type":"dropdown","description":"","options":{"1":"rain","2":"clear"},"default_options":{"2":true}},"neighborhood":{"type":"text","description":"","default_value":"City Center"},"total_count":{"type":"text","description":"","default_value":""}}}}