{"_via_settings":{"ui":{"annotation_editor_height":25,"annotation_editor_fontsize":0.8,"leftsidebar_width":18,"image_grid":{"img_height":80,"rshape_fill":"none","rshape_fill_opacity":0.3,"rshape_stroke":"yellow","rshape_stroke_width":2,"show_region_shape":true,"show_image_policy":"all"},"image":{"region_label":"__via_region_id__","region_color":"__via_default_region_color__","region_label_font":"10px Sans","on_image_annotation_editor_placement":"NEAR_REGION"}},"core":{"buffer_size":18,"filepath":{},"default_filepath":""},"project":{"name":"Columbia_2019_count"}},"_via_img_metadata":{"https://drive.google.com/uc?export=view&id=1hNKn78kPz8z_YjqopKnCuT9nnMGiMewl\n":{"filename":"https://drive.google.com/uc?export=view&id=1hNKn78kPz8z_YjqopKnCuT9nnMGiMewl\n","size":-1,"regions":[{"shape_attributes":{"name":"circle","cx":485,"cy":90,"r":13.928},"region_attributes":{"Type":"1","count":"1"}},{"shape_attributes":{"name":"circle","cx":408,"cy":167,"r":13},"region_attributes":{"Type":"1","count":"5"}},{"shape_attributes":{"name":"circle","cx":522,"cy":235,"r":15},"region_attributes":{"Type":"1","count":"2"}},{"shape_attributes":{"name":"circle","cx":494,"cy":292,"r":16},"region_attributes":{"Type":"1","count":"7"}},{"shape_attributes":{"name":"circle","cx":573,"cy":65,"r":13},"region_attributes":{"Type":"1","count":"1"}},{"shape_attributes":{"name":"circle","cx":550,"cy":83,"r":15},"region_attributes":{"Type":"2","count":"1"}},{"shape_attributes":{"name":"circle","cx":557,"cy":111,"r":12},"region_attributes":{"Type":"1","count":"3"}},{"shape_attributes":{"name":"circle","cx":626,"cy":89,"r":11},"region_attributes":{"Type":"1","count":"1"}},{"shape_attributes":{"name":"circle","cx":670,"cy":76,"r":12},"region_attributes":{"Type":"1","count":"5"}},{"shape_attributes":{"name":"circle","cx":643,"cy":59,"r":16},"region_attributes":{"Type":"2","count":"2"}},{"shape_attributes":{"name":"circle","cx":666,"cy":101,"r":15},"region_attributes":{"Type":"2","count":"8"}},{"shape_attributes":{"name":"circle","cx":633,"cy":139,"r":16},"region_attributes":{"Type":"2","count":"4"}},{"shape_attributes":{"name":"circle","cx":654,"cy":143,"r":16},"region_attributes":{"Type":"1","count":"1"}},{"shape_attributes":{"name":"circle","cx":646,"cy":324,"r":16},"region_attributes":{"Type":"1","count":"1"}}],"file_attributes":{"date":"2019-01-31","temp":"55","rain":"2","neighborhood":"Columbia","total_count":""}},"https://drive.google.com/uc?export=view&id=1heYWnktW26FfL2gUz54b-lySXms-z4kB\n":{"filename":"https://drive.google.com/uc?export=view&id=1heYWnktW26FfL2gUz54b-lySXms-z4kB\n","size":-1,"regions":[{"shape_attributes":{"name":"circle","cx":298,"cy":258,"r":14},"region_attributes":{"Type":"1","count":"3"}},{"shape_attributes":{"name":"circle","cx":498,"cy":275,"r":14},"region_attributes":{"Type":"1","count":"1"}},{"shape_attributes":{"name":"circle","cx":586,"cy":226,"r":16},"region_attributes":{"Type":"1","count":"1"}},{"shape_attributes":{"name":"circle","cx":696,"cy":388,"r":21},"region_attributes":{"Type":"1","count":"1"}},{"shape_attributes":{"name":"circle","cx":691,"cy":283,"r":16},"region_attributes":{"Type":"1","count":"1"}},{"shape_attributes":{"name":"circle","cx":624,"cy":301,"r":13},"region_attributes":{"Type":"1","count":"1"}},{"shape_attributes":{"name":"circle","cx":604,"cy":320,"r":16},"region_attributes":{"Type":"1","count":"1"}},{"shape_attributes":{"name":"circle","cx":653,"cy":168,"r":17},"region_attributes":{"Type":"2","count":"1"}},{"shape_attributes":{"name":"circle","cx":672,"cy":136,"r":18},"region_attributes":{"Type":"2","count":"4"}},{"shape_attributes":{"name":"circle","cx":656,"cy":94,"r":16},"region_attributes":{"Type":"2","count":"2"}},{"shape_attributes":{"name":"circle","cx":684,"cy":57,"r":16},"region_attributes":{"Type":"2","count":"3"}},{"shape_attributes":{"name":"circle","cx":699,"cy":104,"r":13},"region_attributes":{"Type":"2","count":"2"}},{"shape_attributes":{"name":"circle","cx":696,"cy":79,"r":16},"region_attributes":{"Type":"1","count":"10"}}],"file_attributes":{"date":"2019-02-22","temp":"55","rain":"2","neighborhood":"Columbia","total_count":""}},"https://drive.google.com/uc?export=view&id=1XpI8PeRFmU26Ygt9dipbc3LPH4b7BtA3\n":{"filename":"https://drive.google.com/uc?export=view&id=1XpI8PeRFmU26Ygt9dipbc3LPH4b7BtA3\n","size":-1,"regions":[{"shape_attributes":{"name":"circle","cx":318,"cy":319,"r":14},"region_attributes":{"Type":"1","count":"1"}},{"shape_attributes":{"name":"circle","cx":476,"cy":298,"r":16},"region_attributes":{"Type":"1","count":"1"}},{"shape_attributes":{"name":"circle","cx":666,"cy":288,"r":15},"region_attributes":{"Type":"1","count":"2"}},{"shape_attributes":{"name":"circle","cx":686,"cy":138,"r":17},"region_attributes":{"Type":"1","count":"3"}},{"shape_attributes":{"name":"circle","cx":658,"cy":132,"r":17},"region_attributes":{"Type":"2","count":"4"}},{"shape_attributes":{"name":"circle","cx":591,"cy":58,"r":15},"region_attributes":{"Type":"2","count":"2"}},{"shape_attributes":{"name":"circle","cx":614,"cy":59,"r":12},"region_attributes":{"Type":"1","count":"1"}},{"shape_attributes":{"name":"circle","cx":692,"cy":66,"r":15},"region_attributes":{"Type":"1","count":"9"}},{"shape_attributes":{"name":"circle","cx":658,"cy":57,"r":17},"region_attributes":{"Type":"2","count":"2"}},{"shape_attributes":{"name":"circle","cx":696,"cy":95,"r":16},"region_attributes":{"Type":"2","count":"1"}}],"file_attributes":{"date":"2019-03-01","temp":"","rain":"2","neighborhood":"Columbia","total_count":""}},"https://drive.google.com/uc?export=view&id=1guJmSiEXStPv9zD9HhWCgTCMm1L2jzFu\n":{"filename":"https://drive.google.com/uc?export=view&id=1guJmSiEXStPv9zD9HhWCgTCMm1L2jzFu\n","size":-1,"regions":[{"shape_attributes":{"name":"circle","cx":520,"cy":322,"r":16},"region_attributes":{"Type":"1","count":"1"}},{"shape_attributes":{"name":"circle","cx":592,"cy":244,"r":12},"region_attributes":{"Type":"1","count":"2"}},{"shape_attributes":{"name":"circle","cx":602,"cy":65,"r":14},"region_attributes":{"Type":"1","count":"1"}},{"shape_attributes":{"name":"circle","cx":412,"cy":260,"r":18.248},"region_attributes":{"Type":"1","count":"1"}},{"shape_attributes":{"name":"circle","cx":374,"cy":331,"r":13.153},"region_attributes":{"Type":"1","count":"1"}},{"shape_attributes":{"name":"circle","cx":392,"cy":319,"r":8.246},"region_attributes":{"Type":"1","count":"1"}},{"shape_attributes":{"name":"circle","cx":487,"cy":69,"r":16},"region_attributes":{"Type":"1","count":"1"}},{"shape_attributes":{"name":"circle","cx":702,"cy":326,"r":12},"region_attributes":{"Type":"1","count":"2"}},{"shape_attributes":{"name":"circle","cx":412,"cy":316,"r":12},"region_attributes":{"Type":"1","count":"2"}},{"shape_attributes":{"name":"circle","cx":588,"cy":91,"r":12},"region_attributes":{"Type":"1","count":"2"}},{"shape_attributes":{"name":"circle","cx":705,"cy":103,"r":17},"region_attributes":{"Type":"1","count":"10"}},{"shape_attributes":{"name":"circle","cx":690,"cy":142,"r":11},"region_attributes":{"Type":"1","count":"5"}},{"shape_attributes":{"name":"circle","cx":662,"cy":99,"r":14},"region_attributes":{"Type":"1","count":"7"}},{"shape_attributes":{"name":"circle","cx":680,"cy":66,"r":13},"region_attributes":{"Type":"2","count":"1"}},{"shape_attributes":{"name":"circle","cx":705,"cy":76,"r":13},"region_attributes":{"Type":"2","count":"1"}},{"shape_attributes":{"name":"circle","cx":660,"cy":78,"r":13},"region_attributes":{"Type":"2","count":"1"}},{"shape_attributes":{"name":"circle","cx":667,"cy":140,"r":14},"region_attributes":{"Type":"2","count":"2"}}],"file_attributes":{"date":"2019-04-25","temp":"59","rain":"2","neighborhood":"Columbia","total_count":""}},"https://drive.google.com/uc?export=view&id=1P0bGvWDoSUTBSfOi2tSrxZ9rBiUXSaoj\n":{"filename":"https://drive.google.com/uc?export=view&id=1P0bGvWDoSUTBSfOi2tSrxZ9rBiUXSaoj\n","size":-1,"regions":[{"shape_attributes":{"name":"circle","cx":510,"cy":162,"r":16},"region_attributes":{"Type":"1","count":"1"}},{"shape_attributes":{"name":"circle","cx":584,"cy":249,"r":16},"region_attributes":{"Type":"1","count":"1"}},{"shape_attributes":{"name":"circle","cx":527,"cy":328,"r":16},"region_attributes":{"Type":"1","count":"1"}},{"shape_attributes":{"name":"circle","cx":452,"cy":372,"r":16},"region_attributes":{"Type":"1","count":"1"}},{"shape_attributes":{"name":"circle","cx":531,"cy":373,"r":16},"region_attributes":{"Type":"1","count":"1"}},{"shape_attributes":{"name":"circle","cx":698,"cy":146,"r":16},"region_attributes":{"Type":"1","count":"1"}},{"shape_attributes":{"name":"circle","cx":330,"cy":327,"r":16},"region_attributes":{"Type":"1","count":"1"}},{"shape_attributes":{"name":"circle","cx":443,"cy":144,"r":17},"region_attributes":{"Type":"1","count":"2"}},{"shape_attributes":{"name":"circle","cx":620,"cy":241,"r":17},"region_attributes":{"Type":"1","count":"2"}},{"shape_attributes":{"name":"circle","cx":510,"cy":295,"r":17},"region_attributes":{"Type":"1","count":"2"}},{"shape_attributes":{"name":"circle","cx":607,"cy":372,"r":17},"region_attributes":{"Type":"1","count":"2"}},{"shape_attributes":{"name":"circle","cx":693,"cy":192,"r":12.083},"region_attributes":{"Type":"1","count":"2"}},{"shape_attributes":{"name":"circle","cx":657,"cy":115,"r":15},"region_attributes":{"Type":"1","count":"4"}},{"shape_attributes":{"name":"circle","cx":294,"cy":327,"r":17},"region_attributes":{"Type":"1","count":"2"}},{"shape_attributes":{"name":"circle","cx":294,"cy":327,"r":17},"region_attributes":{"Type":"1","count":"2"}},{"shape_attributes":{"name":"circle","cx":696,"cy":73,"r":15},"region_attributes":{"Type":"1","count":"4"}},{"shape_attributes":{"name":"circle","cx":347,"cy":371,"r":15},"region_attributes":{"Type":"1","count":"4"}},{"shape_attributes":{"name":"circle","cx":435,"cy":262,"r":18},"region_attributes":{"Type":"1","count":"6"}},{"shape_attributes":{"name":"circle","cx":695,"cy":103,"r":16},"region_attributes":{"Type":"2","count":"3"}},{"shape_attributes":{"name":"circle","cx":462,"cy":332,"r":16},"region_attributes":{"Type":"1","count":"3"}},{"shape_attributes":{"name":"circle","cx":478,"cy":247,"r":16},"region_attributes":{"Type":"1","count":"3"}},{"shape_attributes":{"name":"circle","cx":652,"cy":171,"r":18},"region_attributes":{"Type":"2","count":"2"}},{"shape_attributes":{"name":"circle","cx":672,"cy":141,"r":18},"region_attributes":{"Type":"2","count":"2"}},{"shape_attributes":{"name":"circle","cx":696,"cy":171,"r":14.036},"region_attributes":{"Type":"2","count":"1"}},{"shape_attributes":{"name":"circle","cx":650,"cy":85,"r":18},"region_attributes":{"Type":"2","count":"2"}}],"file_attributes":{"date":"2019-05-29","temp":"60","rain":"2","neighborhood":"Columbia","total_count":""}},"https://drive.google.com/uc?export=view&id=1-5m1Vz95cfW9oB7r0RYWNOdVXCQplv89\n":{"filename":"https://drive.google.com/uc?export=view&id=1-5m1Vz95cfW9oB7r0RYWNOdVXCQplv89\n","size":-1,"regions":[{"shape_attributes":{"name":"circle","cx":620,"cy":219,"r":18},"region_attributes":{"Type":"1","count":"1"}},{"shape_attributes":{"name":"circle","cx":731,"cy":58,"r":12},"region_attributes":{"Type":"2","count":"4"}},{"shape_attributes":{"name":"circle","cx":684,"cy":149,"r":14},"region_attributes":{"Type":"2","count":"2"}},{"shape_attributes":{"name":"circle","cx":701,"cy":117,"r":14},"region_attributes":{"Type":"2","count":"2"}},{"shape_attributes":{"name":"circle","cx":728,"cy":162,"r":10.44},"region_attributes":{"Type":"2","count":"1"}},{"shape_attributes":{"name":"circle","cx":686,"cy":75,"r":14},"region_attributes":{"Type":"2","count":"2"}},{"shape_attributes":{"name":"circle","cx":433,"cy":238,"r":18},"region_attributes":{"Type":"1","count":"1"}},{"shape_attributes":{"name":"circle","cx":437,"cy":282,"r":15.033},"region_attributes":{"Type":"1","count":"1"}},{"shape_attributes":{"name":"circle","cx":594,"cy":349,"r":18},"region_attributes":{"Type":"1","count":"1"}},{"shape_attributes":{"name":"circle","cx":531,"cy":347,"r":18},"region_attributes":{"Type":"1","count":"1"}},{"shape_attributes":{"name":"circle","cx":485,"cy":351,"r":18},"region_attributes":{"Type":"1","count":"1"}},{"shape_attributes":{"name":"circle","cx":708,"cy":306,"r":18},"region_attributes":{"Type":"1","count":"1"}},{"shape_attributes":{"name":"circle","cx":556,"cy":312,"r":14},"region_attributes":{"Type":"1","count":"1"}},{"shape_attributes":{"name":"circle","cx":715,"cy":537,"r":18},"region_attributes":{"Type":"1","count":"1"}},{"shape_attributes":{"name":"circle","cx":623,"cy":309,"r":20.224},"region_attributes":{"Type":"1","count":"1"}},{"shape_attributes":{"name":"circle","cx":619,"cy":71,"r":18},"region_attributes":{"Type":"1","count":"1"}},{"shape_attributes":{"name":"circle","cx":329,"cy":308,"r":18},"region_attributes":{"Type":"1","count":"1"}},{"shape_attributes":{"name":"circle","cx":540,"cy":287,"r":14},"region_attributes":{"Type":"1","count":"1"}},{"shape_attributes":{"name":"circle","cx":405,"cy":307,"r":13},"region_attributes":{"Type":"1","count":"2"}},{"shape_attributes":{"name":"circle","cx":477,"cy":311,"r":13},"region_attributes":{"Type":"1","count":"2"}},{"shape_attributes":{"name":"circle","cx":474,"cy":249,"r":13},"region_attributes":{"Type":"1","count":"2"}},{"shape_attributes":{"name":"circle","cx":727,"cy":283,"r":13},"region_attributes":{"Type":"1","count":"2"}},{"shape_attributes":{"name":"circle","cx":703,"cy":232,"r":13},"region_attributes":{"Type":"1","count":"2"}},{"shape_attributes":{"name":"circle","cx":403,"cy":350,"r":13},"region_attributes":{"Type":"1","count":"2"}},{"shape_attributes":{"name":"circle","cx":686,"cy":282,"r":13},"region_attributes":{"Type":"1","count":"2"}},{"shape_attributes":{"name":"circle","cx":709,"cy":40,"r":11},"region_attributes":{"Type":"1","count":"2"}},{"shape_attributes":{"name":"circle","cx":558,"cy":267,"r":15},"region_attributes":{"Type":"1","count":"3"}},{"shape_attributes":{"name":"circle","cx":727,"cy":141,"r":12.042},"region_attributes":{"Type":"1","count":"3"}},{"shape_attributes":{"name":"circle","cx":732,"cy":87,"r":15},"region_attributes":{"Type":"1","count":"3"}},{"shape_attributes":{"name":"circle","cx":726,"cy":115,"r":11},"region_attributes":{"Type":"1","count":"4"}}],"file_attributes":{"date":"2019-06-26","temp":"63","rain":"2","neighborhood":"Columbia","total_count":""}},"https://drive.google.com/uc?export=view&id=1ebZUdRpZ3SR9v_VX8UUake8e1Oj7i_r7\n":{"filename":"https://drive.google.com/uc?export=view&id=1ebZUdRpZ3SR9v_VX8UUake8e1Oj7i_r7\n","size":-1,"regions":[{"shape_attributes":{"name":"circle","cx":409,"cy":112,"r":10},"region_attributes":{"Type":"1","count":"1"}},{"shape_attributes":{"name":"circle","cx":536,"cy":71,"r":10},"region_attributes":{"Type":"1","count":"1"}},{"shape_attributes":{"name":"circle","cx":583,"cy":260,"r":10},"region_attributes":{"Type":"1","count":"1"}},{"shape_attributes":{"name":"circle","cx":439,"cy":290,"r":10},"region_attributes":{"Type":"1","count":"1"}},{"shape_attributes":{"name":"circle","cx":448,"cy":331,"r":10},"region_attributes":{"Type":"1","count":"1"}},{"shape_attributes":{"name":"circle","cx":408,"cy":329,"r":10},"region_attributes":{"Type":"1","count":"1"}},{"shape_attributes":{"name":"circle","cx":331,"cy":378,"r":10},"region_attributes":{"Type":"1","count":"1"}},{"shape_attributes":{"name":"circle","cx":454,"cy":374,"r":10},"region_attributes":{"Type":"1","count":"1"}},{"shape_attributes":{"name":"circle","cx":609,"cy":371,"r":10},"region_attributes":{"Type":"1","count":"1"}},{"shape_attributes":{"name":"circle","cx":658,"cy":111,"r":10},"region_attributes":{"Type":"1","count":"1"}},{"shape_attributes":{"name":"circle","cx":299,"cy":396,"r":10},"region_attributes":{"Type":"1","count":"1"}},{"shape_attributes":{"name":"circle","cx":611,"cy":65,"r":10},"region_attributes":{"Type":"1","count":"1"}},{"shape_attributes":{"name":"circle","cx":587,"cy":93,"r":10},"region_attributes":{"Type":"1","count":"1"}},{"shape_attributes":{"name":"circle","cx":386,"cy":323,"r":11},"region_attributes":{"Type":"1","count":"2"}},{"shape_attributes":{"name":"circle","cx":404,"cy":296,"r":15},"region_attributes":{"Type":"1","count":"2"}},{"shape_attributes":{"name":"circle","cx":672,"cy":335,"r":17},"region_attributes":{"Type":"1","count":"3"}},{"shape_attributes":{"name":"circle","cx":694,"cy":167,"r":12},"region_attributes":{"Type":"1","count":"3"}},{"shape_attributes":{"name":"circle","cx":694,"cy":116,"r":12},"region_attributes":{"Type":"1","count":"3"}},{"shape_attributes":{"name":"circle","cx":318,"cy":331,"r":17},"region_attributes":{"Type":"1","count":"3"}},{"shape_attributes":{"name":"circle","cx":610,"cy":99,"r":14},"region_attributes":{"Type":"2","count":"1"}},{"shape_attributes":{"name":"circle","cx":698,"cy":191,"r":14},"region_attributes":{"Type":"2","count":"1"}},{"shape_attributes":{"name":"circle","cx":654,"cy":76,"r":14},"region_attributes":{"Type":"2","count":"3"}},{"shape_attributes":{"name":"circle","cx":700,"cy":88,"r":15.297},"region_attributes":{"Type":"2","count":"2"}},{"shape_attributes":{"name":"circle","cx":682,"cy":67,"r":14},"region_attributes":{"Type":"2","count":"1"}},{"shape_attributes":{"name":"circle","cx":673,"cy":143,"r":7.81},"region_attributes":{"Type":"2","count":"2"}}],"file_attributes":{"date":"2019-07-01","temp":"","rain":"2","neighborhood":"Columbia","total_count":""}},"https://drive.google.com/uc?export=view&id=1CTYZ_s_r_etK4gDa0kj8EyzWuk_N9EOi\n":{"filename":"https://drive.google.com/uc?export=view&id=1CTYZ_s_r_etK4gDa0kj8EyzWuk_N9EOi\n","size":-1,"regions":[{"shape_attributes":{"name":"circle","cx":446,"cy":376,"r":17},"region_attributes":{"Type":"1","count":"1"}},{"shape_attributes":{"name":"circle","cx":476,"cy":269,"r":17},"region_attributes":{"Type":"1","count":"1"}},{"shape_attributes":{"name":"circle","cx":681,"cy":245,"r":10.198},"region_attributes":{"Type":"1","count":"1"}},{"shape_attributes":{"name":"circle","cx":582,"cy":275,"r":17},"region_attributes":{"Type":"1","count":"1"}},{"shape_attributes":{"name":"circle","cx":658,"cy":302,"r":17},"region_attributes":{"Type":"1","count":"1"}},{"shape_attributes":{"name":"circle","cx":468,"cy":326,"r":17},"region_attributes":{"Type":"1","count":"2"}},{"shape_attributes":{"name":"circle","cx":400,"cy":253,"r":17},"region_attributes":{"Type":"1","count":"1"}},{"shape_attributes":{"name":"circle","cx":504,"cy":250,"r":17},"region_attributes":{"Type":"1","count":"1"}},{"shape_attributes":{"name":"circle","cx":643,"cy":95,"r":12.083},"region_attributes":{"Type":"1","count":"2"}},{"shape_attributes":{"name":"circle","cx":507,"cy":333,"r":17},"region_attributes":{"Type":"1","count":"1"}},{"shape_attributes":{"name":"circle","cx":676,"cy":200,"r":12.083},"region_attributes":{"Type":"1","count":"2"}},{"shape_attributes":{"name":"circle","cx":682,"cy":121,"r":14},"region_attributes":{"Type":"2","count":"1"}},{"shape_attributes":{"name":"circle","cx":718,"cy":199,"r":12.083},"region_attributes":{"Type":"1","count":"2"}},{"shape_attributes":{"name":"circle","cx":718,"cy":199,"r":12.083},"region_attributes":{"Type":"1","count":"2"}},{"shape_attributes":{"name":"circle","cx":718,"cy":199,"r":12.083},"region_attributes":{"Type":"1","count":"2"}},{"shape_attributes":{"name":"circle","cx":718,"cy":199,"r":12.083},"region_attributes":{"Type":"1","count":"2"}},{"shape_attributes":{"name":"circle","cx":718,"cy":199,"r":12.083},"region_attributes":{"Type":"1","count":"2"}},{"shape_attributes":{"name":"circle","cx":639,"cy":124,"r":14},"region_attributes":{"Type":"2","count":"2"}},{"shape_attributes":{"name":"circle","cx":639,"cy":176,"r":14},"region_attributes":{"Type":"2","count":"2"}},{"shape_attributes":{"name":"circle","cx":679,"cy":155,"r":14},"region_attributes":{"Type":"2","count":"1"}},{"shape_attributes":{"name":"circle","cx":684,"cy":177,"r":10.44},"region_attributes":{"Type":"2","count":"1"}},{"shape_attributes":{"name":"circle","cx":661,"cy":72,"r":14},"region_attributes":{"Type":"2","count":"1"}},{"shape_attributes":{"name":"circle","cx":655,"cy":156,"r":10},"region_attributes":{"Type":"1","count":"5"}},{"shape_attributes":{"name":"circle","cx":436,"cy":230,"r":14},"region_attributes":{"Type":"1","count":"3"}}],"file_attributes":{"date":"2019-08-01","temp":"","rain":"2","neighborhood":"Columbia","total_count":""}},"https://drive.google.com/uc?export=view&id=1U6euNeHwiffTJacs57DYrKfwv8jTsmhL\n":{"filename":"https://drive.google.com/uc?export=view&id=1U6euNeHwiffTJacs57DYrKfwv8jTsmhL\n","size":-1,"regions":[{"shape_attributes":{"name":"circle","cx":300,"cy":320,"r":14},"region_attributes":{"Type":"1","count":"1"}},{"shape_attributes":{"name":"circle","cx":447,"cy":210,"r":14},"region_attributes":{"Type":"1","count":"1"}},{"shape_attributes":{"name":"circle","cx":501,"cy":366,"r":14},"region_attributes":{"Type":"1","count":"1"}},{"shape_attributes":{"name":"circle","cx":504,"cy":291,"r":14},"region_attributes":{"Type":"1","count":"1"}},{"shape_attributes":{"name":"circle","cx":666,"cy":289,"r":14},"region_attributes":{"Type":"1","count":"1"}},{"shape_attributes":{"name":"circle","cx":435,"cy":275,"r":14},"region_attributes":{"Type":"1","count":"7"}},{"shape_attributes":{"name":"circle","cx":431,"cy":375,"r":14},"region_attributes":{"Type":"1","count":"1"}},{"shape_attributes":{"name":"circle","cx":474,"cy":223,"r":14},"region_attributes":{"Type":"1","count":"1"}},{"shape_attributes":{"name":"circle","cx":595,"cy":287,"r":12},"region_attributes":{"Type":"1","count":"7"}},{"shape_attributes":{"name":"circle","cx":654,"cy":325,"r":14},"region_attributes":{"Type":"1","count":"7"}},{"shape_attributes":{"name":"circle","cx":298,"cy":365,"r":14},"region_attributes":{"Type":"1","count":"1"}},{"shape_attributes":{"name":"circle","cx":598,"cy":327,"r":18},"region_attributes":{"Type":"1","count":"2"}},{"shape_attributes":{"name":"circle","cx":688,"cy":314,"r":18},"region_attributes":{"Type":"1","count":"2"}},{"shape_attributes":{"name":"circle","cx":696,"cy":180,"r":18},"region_attributes":{"Type":"1","count":"2"}},{"shape_attributes":{"name":"circle","cx":643,"cy":159,"r":18},"region_attributes":{"Type":"2","count":"1"}},{"shape_attributes":{"name":"circle","cx":670,"cy":134,"r":15},"region_attributes":{"Type":"2","count":"1"}},{"shape_attributes":{"name":"circle","cx":669,"cy":173,"r":8.944},"region_attributes":{"Type":"2","count":"1"}},{"shape_attributes":{"name":"circle","cx":688,"cy":150,"r":10},"region_attributes":{"Type":"2","count":"1"}},{"shape_attributes":{"name":"circle","cx":574,"cy":244,"r":18},"region_attributes":{"Type":"1","count":"2"}},{"shape_attributes":{"name":"circle","cx":386,"cy":315,"r":14},"region_attributes":{"Type":"1","count":"5"}}],"file_attributes":{"date":"2019-09-01","temp":"","rain":"1","neighborhood":"Columbia","total_count":""}},"https://drive.google.com/uc?export=view&id=1NBVXHlNf4Ge0f01CdGXgVAQsfUbEKWt_\n":{"filename":"https://drive.google.com/uc?export=view&id=1NBVXHlNf4Ge0f01CdGXgVAQsfUbEKWt_\n","size":-1,"regions":[{"shape_attributes":{"name":"circle","cx":672,"cy":59,"r":14},"region_attributes":{"Type":"1","count":"1"}},{"shape_attributes":{"name":"circle","cx":377,"cy":361,"r":13.892},"region_attributes":{"Type":"1","count":"1"}},{"shape_attributes":{"name":"circle","cx":384,"cy":401,"r":14},"region_attributes":{"Type":"1","count":"1"}},{"shape_attributes":{"name":"circle","cx":525,"cy":363,"r":14},"region_attributes":{"Type":"1","count":"1"}},{"shape_attributes":{"name":"circle","cx":677,"cy":283,"r":9.055},"region_attributes":{"Type":"1","count":"1"}},{"shape_attributes":{"name":"circle","cx":461,"cy":103,"r":14},"region_attributes":{"Type":"1","count":"1"}},{"shape_attributes":{"name":"circle","cx":592,"cy":315,"r":14},"region_attributes":{"Type":"1","count":"1"}},{"shape_attributes":{"name":"circle","cx":292,"cy":309,"r":14},"region_attributes":{"Type":"1","count":"1"}},{"shape_attributes":{"name":"circle","cx":665,"cy":107,"r":13},"region_attributes":{"Type":"1","count":"2"}},{"shape_attributes":{"name":"circle","cx":550,"cy":160,"r":13},"region_attributes":{"Type":"1","count":"2"}},{"shape_attributes":{"name":"circle","cx":458,"cy":296,"r":13},"region_attributes":{"Type":"1","count":"2"}},{"shape_attributes":{"name":"circle","cx":317,"cy":317,"r":13},"region_attributes":{"Type":"1","count":"2"}},{"shape_attributes":{"name":"circle","cx":404,"cy":380,"r":13},"region_attributes":{"Type":"1","count":"2"}},{"shape_attributes":{"name":"circle","cx":512,"cy":319,"r":13},"region_attributes":{"Type":"1","count":"2"}},{"shape_attributes":{"name":"circle","cx":586,"cy":82,"r":13},"region_attributes":{"Type":"1","count":"2"}},{"shape_attributes":{"name":"circle","cx":528,"cy":249,"r":13},"region_attributes":{"Type":"1","count":"1"}},{"shape_attributes":{"name":"circle","cx":654,"cy":79,"r":12},"region_attributes":{"Type":"1","count":"8"}},{"shape_attributes":{"name":"circle","cx":698,"cy":71,"r":11},"region_attributes":{"Type":"1","count":"4"}},{"shape_attributes":{"name":"circle","cx":698,"cy":97,"r":13},"region_attributes":{"Type":"2","count":"3"}},{"shape_attributes":{"name":"circle","cx":701,"cy":169,"r":15},"region_attributes":{"Type":"2","count":"1"}},{"shape_attributes":{"name":"circle","cx":666,"cy":131,"r":11},"region_attributes":{"Type":"1","count":"5"}},{"shape_attributes":{"name":"circle","cx":654,"cy":158,"r":15},"region_attributes":{"Type":"2","count":"1"}},{"shape_attributes":{"name":"circle","cx":688,"cy":136,"r":15},"region_attributes":{"Type":"2","count":"1"}},{"shape_attributes":{"name":"circle","cx":669,"cy":311,"r":16},"region_attributes":{"Type":"1","count":"6"}},{"shape_attributes":{"name":"circle","cx":438,"cy":254,"r":20},"region_attributes":{"Type":"1","count":"3"}},{"shape_attributes":{"name":"circle","cx":453,"cy":321,"r":13},"region_attributes":{"Type":"1","count":"4"}},{"shape_attributes":{"name":"circle","cx":476,"cy":319,"r":12},"region_attributes":{"Type":"2","count":"2"}}],"file_attributes":{"date":"2019-10-30","temp":"","rain":"2","neighborhood":"Columbia","total_count":""}},"https://drive.google.com/uc?export=view&id=1xErSRvVVeSgknZRa-VSHzt6gs676QqKn\n":{"filename":"https://drive.google.com/uc?export=view&id=1xErSRvVVeSgknZRa-VSHzt6gs676QqKn\n","size":-1,"regions":[{"shape_attributes":{"name":"circle","cx":384,"cy":321,"r":13},"region_attributes":{"Type":"1","count":"9"}},{"shape_attributes":{"name":"circle","cx":677,"cy":328,"r":13},"region_attributes":{"Type":"1","count":"8"}},{"shape_attributes":{"name":"circle","cx":458,"cy":333,"r":16},"region_attributes":{"Type":"1","count":"1"}},{"shape_attributes":{"name":"circle","cx":553,"cy":331,"r":16},"region_attributes":{"Type":"1","count":"1"}},{"shape_attributes":{"name":"circle","cx":444,"cy":171,"r":16},"region_attributes":{"Type":"1","count":"1"}},{"shape_attributes":{"name":"circle","cx":677,"cy":149,"r":12},"region_attributes":{"Type":"1","count":"2"}},{"shape_attributes":{"name":"circle","cx":702,"cy":403,"r":14},"region_attributes":{"Type":"2","count":"4"}},{"shape_attributes":{"name":"circle","cx":676,"cy":115,"r":13},"region_attributes":{"Type":"2","count":"1"}},{"shape_attributes":{"name":"circle","cx":458,"cy":118,"r":14},"region_attributes":{"Type":"2","count":"1"}},{"shape_attributes":{"name":"circle","cx":609,"cy":115,"r":12},"region_attributes":{"Type":"2","count":"2"}},{"shape_attributes":{"name":"circle","cx":407,"cy":321,"r":10},"region_attributes":{"Type":"2","count":"1"}}],"file_attributes":{"date":"2019-11-26","temp":"","rain":"2","neighborhood":"Columbia","total_count":""}}},"_via_attributes":{"region":{"Type":{"type":"dropdown","description":"","options":{"1":"Individual","2":"Structure","3":"Vehicle"},"default_options":{}},"count":{"type":"text","description":"","default_value":""}},"file":{"date":{"type":"text","description":"","default_value":""},"temp":{"type":"text","description":"","default_value":""},"rain":{"type":"dropdown","description":"","options":{"1":"rain","2":"clear"},"default_options":{"2":true}},"neighborhood":{"type":"text","description":"","default_value":"Columbia"},"total_count":{"type":"text","description":"","default_value":""}}},"_via_data_format_version":"2.0.10","_via_image_id_list":["https://drive.google.com/uc?export=view&id=1hNKn78kPz8z_YjqopKnCuT9nnMGiMewl\n","https://drive.google.com/uc?export=view&id=1heYWnktW26FfL2gUz54b-lySXms-z4kB\n","https://drive.google.com/uc?export=view&id=1XpI8PeRFmU26Ygt9dipbc3LPH4b7BtA3\n","https://drive.google.com/uc?export=view&id=1guJmSiEXStPv9zD9HhWCgTCMm1L2jzFu\n","https://drive.google.com/uc?export=view&id=1P0bGvWDoSUTBSfOi2tSrxZ9rBiUXSaoj\n","https://drive.google.com/uc?export=view&id=1-5m1Vz95cfW9oB7r0RYWNOdVXCQplv89\n","https://drive.google.com/uc?export=view&id=1ebZUdRpZ3SR9v_VX8UUake8e1Oj7i_r7\n","https://drive.google.com/uc?export=view&id=1CTYZ_s_r_etK4gDa0kj8EyzWuk_N9EOi\n","https://drive.google.com/uc?export=view&id=1U6euNeHwiffTJacs57DYrKfwv8jTsmhL\n","https://drive.google.com/uc?export=view&id=1NBVXHlNf4Ge0f01CdGXgVAQsfUbEKWt_\n","https://drive.google.com/uc?export=view&id=1xErSRvVVeSgknZRa-VSHzt6gs676QqKn\n"]}