{"_via_settings":{"ui":{"annotation_editor_height":25,"annotation_editor_fontsize":0.8,"leftsidebar_width":18,"image_grid":{"img_height":80,"rshape_fill":"none","rshape_fill_opacity":0.3,"rshape_stroke":"yellow","rshape_stroke_width":2,"show_region_shape":true,"show_image_policy":"all"},"image":{"region_label":"__via_region_id__","region_color":"__via_default_region_color__","region_label_font":"0px Sans","on_image_annotation_editor_placement":"NEAR_REGION"}},"core":{"buffer_size":"18","filepath":{},"default_filepath":""},"project":{"name":"Cortez_2022_changed"}},"_via_img_metadata":{"https://drive.google.com/uc?export=view&id=107JASMcwG6HC3Eo0MWxIiQXyLz6V2sLP\n":{"filename":"https://drive.google.com/uc?export=view&id=107JASMcwG6HC3Eo0MWxIiQXyLz6V2sLP\n","size":-1,"regions":[{"shape_attributes":{"name":"circle","cx":202,"cy":404,"r":19.525624189766635},"region_attributes":{"Type":"1","count":"2"}},{"shape_attributes":{"name":"circle","cx":275,"cy":343,"r":13.038404810405298},"region_attributes":{"Type":"1","count":"1"}},{"shape_attributes":{"name":"circle","cx":312,"cy":382,"r":12.020815280171307},"region_attributes":{"Type":"3","count":"1"}},{"shape_attributes":{"name":"circle","cx":338,"cy":371,"r":9.604686356149273},"region_attributes":{"Type":"1","count":"2"}},{"shape_attributes":{"name":"circle","cx":340,"cy":420,"r":10.816653826391969},"region_attributes":{"Type":"1","count":"1"}},{"shape_attributes":{"name":"circle","cx":576,"cy":398,"r":9.300537618869138},"region_attributes":{"Type":"2","count":"1"}},{"shape_attributes":{"name":"circle","cx":438,"cy":350,"r":10.977249200050075},"region_attributes":{"Type":"1","count":"1"}},{"shape_attributes":{"name":"circle","cx":440,"cy":384,"r":9.5524865872714},"region_attributes":{"Type":"2","count":"1"}},{"shape_attributes":{"name":"circle","cx":489,"cy":298,"r":9.5524865872714},"region_attributes":{"Type":"1","count":"1"}},{"shape_attributes":{"name":"circle","cx":528,"cy":296,"r":10.700467279516348},"region_attributes":{"Type":"1","count":"1"}},{"shape_attributes":{"name":"circle","cx":373,"cy":322,"r":11.800423721205947},"region_attributes":{"Type":"2","count":"2"}},{"shape_attributes":{"name":"circle","cx":392,"cy":321,"r":9.5524865872714},"region_attributes":{"Type":"1","count":"1"}},{"shape_attributes":{"name":"circle","cx":368,"cy":343,"r":10.965856099730654},"region_attributes":{"Type":"1","count":"1"}},{"shape_attributes":{"name":"circle","cx":426,"cy":172,"r":8.74642784226795},"region_attributes":{"Type":"2","count":"1"}},{"shape_attributes":{"name":"circle","cx":292,"cy":177,"r":9.219544457292887},"region_attributes":{"Type":"2","count":"13"}},{"shape_attributes":{"name":"circle","cx":292,"cy":195,"r":6.946221994724902},"region_attributes":{"Type":"1","count":"4"}},{"shape_attributes":{"name":"circle","cx":310,"cy":176,"r":11.40175425099138},"region_attributes":{"Type":"3","count":"2"}},{"shape_attributes":{"name":"circle","cx":328,"cy":184,"r":7.905694150420948},"region_attributes":{"Type":"2","count":"10"}},{"shape_attributes":{"name":"circle","cx":320,"cy":198,"r":7.433034373659253},"region_attributes":{"Type":"1","count":"2"}},{"shape_attributes":{"name":"circle","cx":454,"cy":368,"r":10.977249200050075},"region_attributes":{"Type":"1","count":"1"}},{"shape_attributes":{"name":"circle","cx":443,"cy":391,"r":27.459},"region_attributes":{"Type":"1","count":"1"}},{"shape_attributes":{"name":"circle","cx":474,"cy":416,"r":10.977249200050075},"region_attributes":{"Type":"1","count":"1"}},{"shape_attributes":{"name":"circle","cx":446,"cy":273,"r":16},"region_attributes":{"Type":"1","count":"6"}},{"shape_attributes":{"name":"circle","cx":423,"cy":244,"r":20},"region_attributes":{"Type":"1","count":"8"}},{"shape_attributes":{"name":"circle","cx":369,"cy":244,"r":17},"region_attributes":{"Type":"1","count":"1"}},{"shape_attributes":{"name":"circle","cx":389,"cy":269,"r":15},"region_attributes":{"Type":"1","count":"2"}}],"file_attributes":{"date":"2022-01-27","temp":"50","rain":"2","neighborhood":"Cortez","total_count":""}},"https://drive.google.com/uc?export=view&id=1H4OlqGzVi2pRcFCqv-a8EYE05Nprjiwg\n":{"filename":"https://drive.google.com/uc?export=view&id=1H4OlqGzVi2pRcFCqv-a8EYE05Nprjiwg\n","size":-1,"regions":[{"shape_attributes":{"name":"circle","cx":210,"cy":324,"r":12.90348790056394},"region_attributes":{"Type":"2","count":"3"}},{"shape_attributes":{"name":"circle","cx":212,"cy":348,"r":5.408326913195984},"region_attributes":{"Type":"1","count":"1"}},{"shape_attributes":{"name":"circle","cx":283,"cy":166,"r":9.17877987534291},"region_attributes":{"Type":"1","count":"3"}},{"shape_attributes":{"name":"circle","cx":307,"cy":172,"r":12.529964086141668},"region_attributes":{"Type":"3","count":"2"}},{"shape_attributes":{"name":"circle","cx":328,"cy":188,"r":21.2602916254693},"region_attributes":{"Type":"2","count":"11"}},{"shape_attributes":{"name":"circle","cx":280,"cy":182,"r":8.845903006477066},"region_attributes":{"Type":"2","count":"7"}},{"shape_attributes":{"name":"circle","cx":300,"cy":198,"r":9.192388155425117},"region_attributes":{"Type":"3","count":"1"}},{"shape_attributes":{"name":"circle","cx":264,"cy":248,"r":9.924716620639604},"region_attributes":{"Type":"1","count":"1"}},{"shape_attributes":{"name":"circle","cx":270,"cy":343,"r":13.45362404707371},"region_attributes":{"Type":"1","count":"2"}},{"shape_attributes":{"name":"circle","cx":371,"cy":268,"r":8.5},"region_attributes":{"Type":"1","count":"2"}},{"shape_attributes":{"name":"circle","cx":390,"cy":275,"r":10.307764064044152},"region_attributes":{"Type":"3","count":"2"}},{"shape_attributes":{"name":"circle","cx":367,"cy":308,"r":12.041594578792296},"region_attributes":{"Type":"2","count":"8"}},{"shape_attributes":{"name":"circle","cx":368,"cy":332,"r":12.020815280171307},"region_attributes":{"Type":"1","count":"2"}},{"shape_attributes":{"name":"circle","cx":422,"cy":325,"r":11.715374513859981},"region_attributes":{"Type":"2","count":"7"}},{"shape_attributes":{"name":"circle","cx":419,"cy":340,"r":5.5901699437494745},"region_attributes":{"Type":"1","count":"4"}},{"shape_attributes":{"name":"circle","cx":327,"cy":418,"r":13.793114224133722},"region_attributes":{"Type":"1","count":"1"}},{"shape_attributes":{"name":"circle","cx":376,"cy":416,"r":15.239750654128171},"region_attributes":{"Type":"1","count":"1"}},{"shape_attributes":{"name":"circle","cx":430,"cy":372,"r":13.200378782444085},"region_attributes":{"Type":"1","count":"1"}},{"shape_attributes":{"name":"circle","cx":441,"cy":372,"r":13.124404748406688},"region_attributes":{"Type":"2","count":"1"}},{"shape_attributes":{"name":"circle","cx":486,"cy":368,"r":13.124404748406688},"region_attributes":{"Type":"1","count":"2"}},{"shape_attributes":{"name":"circle","cx":530,"cy":415,"r":16.278820596099706},"region_attributes":{"Type":"1","count":"5"}},{"shape_attributes":{"name":"circle","cx":276,"cy":367,"r":13.45362404707371},"region_attributes":{"Type":"1","count":"2"}},{"shape_attributes":{"name":"circle","cx":361,"cy":241,"r":13.45362404707371},"region_attributes":{"Type":"1","count":"2"}},{"shape_attributes":{"name":"circle","cx":317,"cy":325,"r":13.45362404707371},"region_attributes":{"Type":"1","count":"2"}},{"shape_attributes":{"name":"circle","cx":396,"cy":238,"r":17},"region_attributes":{"Type":"1","count":"3"}},{"shape_attributes":{"name":"circle","cx":412,"cy":253,"r":17},"region_attributes":{"Type":"1","count":"6"}},{"shape_attributes":{"name":"circle","cx":440,"cy":271,"r":30},"region_attributes":{"Type":"1","count":"4"}}],"file_attributes":{"date":"2022-03-01","temp":"55","rain":"2","neighborhood":"Cortez","total_count":""}},"https://drive.google.com/uc?export=view&id=1IKub0XpDRiKVwD4nIKigXc9IlRbAnt7y\n":{"filename":"https://drive.google.com/uc?export=view&id=1IKub0XpDRiKVwD4nIKigXc9IlRbAnt7y\n","size":-1,"regions":[{"shape_attributes":{"name":"circle","cx":302,"cy":385,"r":13.793114224133722},"region_attributes":{"Type":"1","count":"2"}},{"shape_attributes":{"name":"circle","cx":340,"cy":425,"r":10},"region_attributes":{"Type":"1","count":"2"}},{"shape_attributes":{"name":"circle","cx":436,"cy":300,"r":11.672617529928752},"region_attributes":{"Type":"1","count":"1"}},{"shape_attributes":{"name":"circle","cx":446,"cy":372,"r":6.519202405202649},"region_attributes":{"Type":"1","count":"1"}},{"shape_attributes":{"name":"circle","cx":424,"cy":371,"r":12.379418403139947},"region_attributes":{"Type":"2","count":"1"}},{"shape_attributes":{"name":"circle","cx":370,"cy":310,"r":7.433034373659253},"region_attributes":{"Type":"2","count":"1"}},{"shape_attributes":{"name":"circle","cx":371,"cy":330,"r":10.259142264341596},"region_attributes":{"Type":"1","count":"3"}},{"shape_attributes":{"name":"circle","cx":417,"cy":242,"r":8.602325267042627},"region_attributes":{"Type":"1","count":"7"}},{"shape_attributes":{"name":"circle","cx":433,"cy":275,"r":14.318},"region_attributes":{"Type":"1","count":"1"}},{"shape_attributes":{"name":"circle","cx":669,"cy":326,"r":11.672617529928752},"region_attributes":{"Type":"1","count":"1"}},{"shape_attributes":{"name":"circle","cx":396,"cy":250,"r":11.672617529928752},"region_attributes":{"Type":"1","count":"1"}},{"shape_attributes":{"name":"circle","cx":469,"cy":388,"r":11.672617529928752},"region_attributes":{"Type":"1","count":"1"}},{"shape_attributes":{"name":"circle","cx":369,"cy":252,"r":20},"region_attributes":{"Type":"1","count":"4"}}],"file_attributes":{"date":"2022-03-29","temp":"55","rain":"2","neighborhood":"Cortez","total_count":""}},"https://drive.google.com/uc?export=view&id=1yOrAPFbPOpWADM33XNjHtks7cVoT_3Eg\n":{"filename":"https://drive.google.com/uc?export=view&id=1yOrAPFbPOpWADM33XNjHtks7cVoT_3Eg\n","size":-1,"regions":[{"shape_attributes":{"name":"circle","cx":400,"cy":390,"r":12.747548783981962},"region_attributes":{"Type":"1","count":"2"}},{"shape_attributes":{"name":"circle","cx":577,"cy":396,"r":10.404326023342406},"region_attributes":{"Type":"1","count":"1"}},{"shape_attributes":{"name":"circle","cx":438,"cy":238,"r":11.926860441876563},"region_attributes":{"Type":"2","count":"1"}},{"shape_attributes":{"name":"circle","cx":414,"cy":199,"r":7.5},"region_attributes":{"Type":"2","count":"1"}},{"shape_attributes":{"name":"circle","cx":374,"cy":299,"r":7.5},"region_attributes":{"Type":"1","count":"2"}},{"shape_attributes":{"name":"circle","cx":386,"cy":306,"r":8.902246907382429},"region_attributes":{"Type":"2","count":"4"}},{"shape_attributes":{"name":"circle","cx":338,"cy":304,"r":12.419742348374221},"region_attributes":{"Type":"2","count":"1"}},{"shape_attributes":{"name":"circle","cx":325,"cy":198,"r":8.48528137423857},"region_attributes":{"Type":"2","count":"6"}},{"shape_attributes":{"name":"circle","cx":314,"cy":174,"r":7.106335201775948},"region_attributes":{"Type":"3","count":"1"}},{"shape_attributes":{"name":"circle","cx":305,"cy":190,"r":11.800423721205947},"region_attributes":{"Type":"2","count":"4"}},{"shape_attributes":{"name":"circle","cx":251,"cy":370,"r":10.404326023342406},"region_attributes":{"Type":"1","count":"1"}},{"shape_attributes":{"name":"circle","cx":230,"cy":402,"r":31.765},"region_attributes":{"Type":"1","count":"1"}},{"shape_attributes":{"name":"circle","cx":201,"cy":378,"r":21.471},"region_attributes":{"Type":"1","count":"1"}},{"shape_attributes":{"name":"circle","cx":319,"cy":332,"r":40.2},"region_attributes":{"Type":"1","count":"1"}},{"shape_attributes":{"name":"circle","cx":320,"cy":346,"r":41.773},"region_attributes":{"Type":"1","count":"1"}},{"shape_attributes":{"name":"circle","cx":381,"cy":231,"r":10.404326023342406},"region_attributes":{"Type":"1","count":"1"}},{"shape_attributes":{"name":"circle","cx":493,"cy":259,"r":10.404326023342406},"region_attributes":{"Type":"1","count":"1"}},{"shape_attributes":{"name":"circle","cx":477,"cy":280,"r":10.404326023342406},"region_attributes":{"Type":"1","count":"1"}},{"shape_attributes":{"name":"circle","cx":527,"cy":414,"r":10.404326023342406},"region_attributes":{"Type":"1","count":"1"}},{"shape_attributes":{"name":"circle","cx":492,"cy":190,"r":20.248},"region_attributes":{"Type":"3","count":"1"}},{"shape_attributes":{"name":"circle","cx":506,"cy":188,"r":12},"region_attributes":{"Type":"3","count":"1"}},{"shape_attributes":{"name":"circle","cx":506,"cy":188,"r":12},"region_attributes":{"Type":"3","count":"1"}},{"shape_attributes":{"name":"circle","cx":506,"cy":210,"r":13},"region_attributes":{"Type":"1","count":"1"}},{"shape_attributes":{"name":"circle","cx":397,"cy":256,"r":15},"region_attributes":{"Type":"1","count":"1"}},{"shape_attributes":{"name":"circle","cx":375,"cy":277,"r":18},"region_attributes":{"Type":"1","count":"2"}},{"shape_attributes":{"name":"circle","cx":451,"cy":261,"r":18},"region_attributes":{"Type":"1","count":"2"}},{"shape_attributes":{"name":"circle","cx":413,"cy":266,"r":20},"region_attributes":{"Type":"1","count":"5"}},{"shape_attributes":{"name":"circle","cx":434,"cy":281,"r":20},"region_attributes":{"Type":"1","count":"5"}}],"file_attributes":{"date":"2022-04-29","temp":"57","rain":"2","neighborhood":"Cortez","total_count":""}},"https://drive.google.com/uc?export=view&id=16s_t5uyuNkA2jTNU8jWjYv_HqXyJ7f8Z\n":{"filename":"https://drive.google.com/uc?export=view&id=16s_t5uyuNkA2jTNU8jWjYv_HqXyJ7f8Z\n","size":-1,"regions":[{"shape_attributes":{"name":"circle","cx":310,"cy":173,"r":8.602325267042627},"region_attributes":{"Type":"3","count":"1"}},{"shape_attributes":{"name":"circle","cx":324,"cy":302,"r":9.433981132056603},"region_attributes":{"Type":"2","count":"1"}},{"shape_attributes":{"name":"circle","cx":379,"cy":294,"r":8.200609733428363},"region_attributes":{"Type":"1","count":"1"}},{"shape_attributes":{"name":"circle","cx":372,"cy":325,"r":18.062391868188442},"region_attributes":{"Type":"2","count":"8"}},{"shape_attributes":{"name":"circle","cx":344,"cy":298,"r":11.800423721205947},"region_attributes":{"Type":"1","count":"1"}},{"shape_attributes":{"name":"circle","cx":329,"cy":188,"r":13},"region_attributes":{"Type":"2","count":"7"}},{"shape_attributes":{"name":"circle","cx":295,"cy":195,"r":18},"region_attributes":{"Type":"2","count":"5"}},{"shape_attributes":{"name":"circle","cx":480,"cy":297,"r":16},"region_attributes":{"Type":"2","count":"1"}},{"shape_attributes":{"name":"circle","cx":480,"cy":271,"r":16},"region_attributes":{"Type":"2","count":"1"}},{"shape_attributes":{"name":"circle","cx":417,"cy":237,"r":15},"region_attributes":{"Type":"1","count":"7"}},{"shape_attributes":{"name":"circle","cx":427,"cy":271,"r":17},"region_attributes":{"Type":"1","count":"3"}},{"shape_attributes":{"name":"circle","cx":375,"cy":246,"r":17},"region_attributes":{"Type":"1","count":"2"}},{"shape_attributes":{"name":"circle","cx":384,"cy":274,"r":20},"region_attributes":{"Type":"1","count":"3"}}],"file_attributes":{"date":"2022-05-27","temp":"61","rain":"2","neighborhood":"Cortez","total_count":""}},"https://drive.google.com/uc?export=view&id=1Kra02z5xmvPMAY66ozBub63RgIsi_fIO\n":{"filename":"https://drive.google.com/uc?export=view&id=1Kra02z5xmvPMAY66ozBub63RgIsi_fIO\n","size":-1,"regions":[{"shape_attributes":{"name":"circle","cx":194,"cy":370,"r":10.259142264341596},"region_attributes":{"Type":"2","count":"1"}},{"shape_attributes":{"name":"circle","cx":186,"cy":416,"r":14.396180048887969},"region_attributes":{"Type":"1","count":"1"}},{"shape_attributes":{"name":"circle","cx":304,"cy":332,"r":13.124404748406688},"region_attributes":{"Type":"3","count":"1"}},{"shape_attributes":{"name":"circle","cx":492,"cy":320,"r":9.924716620639604},"region_attributes":{"Type":"3","count":"1"}},{"shape_attributes":{"name":"circle","cx":280,"cy":346,"r":11.335784048754634},"region_attributes":{"Type":"1","count":"2"}},{"shape_attributes":{"name":"circle","cx":250,"cy":417,"r":11.715374513859981},"region_attributes":{"Type":"1","count":"1"}},{"shape_attributes":{"name":"circle","cx":382,"cy":372,"r":8.845903006477066},"region_attributes":{"Type":"2","count":"2"}},{"shape_attributes":{"name":"circle","cx":394,"cy":373,"r":9.656603957913983},"region_attributes":{"Type":"1","count":"1"}},{"shape_attributes":{"name":"circle","cx":341,"cy":368,"r":12.727922061357855},"region_attributes":{"Type":"1","count":"1"}},{"shape_attributes":{"name":"circle","cx":478,"cy":346,"r":7.433034373659253},"region_attributes":{"Type":"1","count":"1"}},{"shape_attributes":{"name":"circle","cx":478,"cy":412,"r":14.916433890176299},"region_attributes":{"Type":"1","count":"1"}},{"shape_attributes":{"name":"circle","cx":528,"cy":416,"r":17.7341478509682},"region_attributes":{"Type":"2","count":"1"}},{"shape_attributes":{"name":"circle","cx":394,"cy":253,"r":9.848857801796104},"region_attributes":{"Type":"1","count":"1"}},{"shape_attributes":{"name":"circle","cx":300,"cy":198,"r":11.510864433221338},"region_attributes":{"Type":"2","count":"6"}},{"shape_attributes":{"name":"circle","cx":324,"cy":204,"r":12.379418403139947},"region_attributes":{"Type":"2","count":"1"}},{"shape_attributes":{"name":"circle","cx":330,"cy":188,"r":13.200378782444085},"region_attributes":{"Type":"1","count":"1"}},{"shape_attributes":{"name":"circle","cx":320,"cy":399,"r":12.727922061357855},"region_attributes":{"Type":"1","count":"1"}},{"shape_attributes":{"name":"circle","cx":556,"cy":389,"r":12.727922061357855},"region_attributes":{"Type":"1","count":"1"}},{"shape_attributes":{"name":"circle","cx":569,"cy":415,"r":12.727922061357855},"region_attributes":{"Type":"1","count":"1"}},{"shape_attributes":{"name":"circle","cx":435,"cy":368,"r":12.727922061357855},"region_attributes":{"Type":"1","count":"1"}},{"shape_attributes":{"name":"circle","cx":416,"cy":256,"r":13},"region_attributes":{"Type":"1","count":"9"}},{"shape_attributes":{"name":"circle","cx":431,"cy":273,"r":17},"region_attributes":{"Type":"1","count":"5"}}],"file_attributes":{"date":"2022-06-30","temp":"67","rain":"2","neighborhood":"Cortez","total_count":""}},"https://drive.google.com/uc?export=view&id=1WwxA36v23x27hmUYUpXhqvCbHbkWr7zh\n":{"filename":"https://drive.google.com/uc?export=view&id=1WwxA36v23x27hmUYUpXhqvCbHbkWr7zh\n","size":-1,"regions":[{"shape_attributes":{"name":"circle","cx":180,"cy":404,"r":14.212670403551895},"region_attributes":{"Type":"1","count":"1"}},{"shape_attributes":{"name":"circle","cx":321,"cy":365,"r":9.433981132056603},"region_attributes":{"Type":"1","count":"1"}},{"shape_attributes":{"name":"circle","cx":511,"cy":408,"r":10},"region_attributes":{"Type":"2","count":"1"}},{"shape_attributes":{"name":"circle","cx":630,"cy":402,"r":17.066048165876012},"region_attributes":{"Type":"1","count":"1"}},{"shape_attributes":{"name":"circle","cx":515,"cy":200,"r":7.0710678118654755},"region_attributes":{"Type":"1","count":"3"}},{"shape_attributes":{"name":"circle","cx":488,"cy":230,"r":9.924716620639604},"region_attributes":{"Type":"1","count":"1"}},{"shape_attributes":{"name":"circle","cx":429,"cy":269,"r":14.866068747318506},"region_attributes":{"Type":"1","count":"19"}},{"shape_attributes":{"name":"circle","cx":278,"cy":298,"r":12.379418403139947},"region_attributes":{"Type":"1","count":"1"}},{"shape_attributes":{"name":"circle","cx":297,"cy":154,"r":9.899494936611665},"region_attributes":{"Type":"1","count":"1"}},{"shape_attributes":{"name":"circle","cx":294,"cy":178,"r":7.106335201775948},"region_attributes":{"Type":"2","count":"7"}},{"shape_attributes":{"name":"circle","cx":296,"cy":200,"r":11.01135777277262},"region_attributes":{"Type":"1","count":"6"}},{"shape_attributes":{"name":"circle","cx":314,"cy":176,"r":7.810249675906654},"region_attributes":{"Type":"3","count":"1"}},{"shape_attributes":{"name":"circle","cx":334,"cy":184,"r":11.510864433221338},"region_attributes":{"Type":"1","count":"5"}},{"shape_attributes":{"name":"circle","cx":324,"cy":204,"r":8.902246907382429},"region_attributes":{"Type":"2","count":"7"}},{"shape_attributes":{"name":"circle","cx":361,"cy":227,"r":11.800423721205947},"region_attributes":{"Type":"1","count":"1"}},{"shape_attributes":{"name":"circle","cx":325,"cy":384,"r":20},"region_attributes":{"Type":"2","count":"4"}},{"shape_attributes":{"name":"circle","cx":333,"cy":408,"r":22},"region_attributes":{"Type":"2","count":"1"}},{"shape_attributes":{"name":"circle","cx":396,"cy":247,"r":11.800423721205947},"region_attributes":{"Type":"1","count":"1"}},{"shape_attributes":{"name":"circle","cx":290,"cy":228,"r":11.800423721205947},"region_attributes":{"Type":"1","count":"1"}}],"file_attributes":{"date":"2022-07-29","temp":"70","rain":"2","neighborhood":"Cortez","total_count":""}},"https://drive.google.com/uc?export=view&id=1qUZmXUPGPwgYFRs96zR-oUy5-YJmyqlW\n":{"filename":"https://drive.google.com/uc?export=view&id=1qUZmXUPGPwgYFRs96zR-oUy5-YJmyqlW\n","size":-1,"regions":[{"shape_attributes":{"name":"circle","cx":228,"cy":227,"r":16.278820596099706},"region_attributes":{"Type":"1","count":"1"}},{"shape_attributes":{"name":"circle","cx":231,"cy":364,"r":16.278820596099706},"region_attributes":{"Type":"1","count":"1"}},{"shape_attributes":{"name":"circle","cx":321,"cy":268,"r":12.369},"region_attributes":{"Type":"1","count":"1"}},{"shape_attributes":{"name":"circle","cx":285,"cy":344,"r":16.278820596099706},"region_attributes":{"Type":"1","count":"1"}},{"shape_attributes":{"name":"circle","cx":508,"cy":271,"r":16.278820596099706},"region_attributes":{"Type":"1","count":"1"}},{"shape_attributes":{"name":"circle","cx":344,"cy":360,"r":16.278820596099706},"region_attributes":{"Type":"1","count":"1"}},{"shape_attributes":{"name":"circle","cx":482,"cy":414,"r":16.278820596099706},"region_attributes":{"Type":"1","count":"1"}},{"shape_attributes":{"name":"circle","cx":192,"cy":368,"r":16.278820596099706},"region_attributes":{"Type":"1","count":"1"}},{"shape_attributes":{"name":"circle","cx":524,"cy":418,"r":16.32482771731451},"region_attributes":{"Type":"1","count":"4"}},{"shape_attributes":{"name":"circle","cx":588,"cy":312,"r":14.300349646075091},"region_attributes":{"Type":"3","count":"1"}},{"shape_attributes":{"name":"circle","cx":462,"cy":390,"r":10.259142264341596},"region_attributes":{"Type":"1","count":"2"}},{"shape_attributes":{"name":"circle","cx":440,"cy":382,"r":11.412712210513327},"region_attributes":{"Type":"2","count":"1"}},{"shape_attributes":{"name":"circle","cx":368,"cy":368,"r":8.514693182963201},"region_attributes":{"Type":"1","count":"1"}},{"shape_attributes":{"name":"circle","cx":362,"cy":383,"r":6.4031242374328485},"region_attributes":{"Type":"2","count":"1"}},{"shape_attributes":{"name":"circle","cx":320,"cy":368,"r":16.00781059358212},"region_attributes":{"Type":"2","count":"1"}},{"shape_attributes":{"name":"circle","cx":314,"cy":396,"r":10.547511554864494},"region_attributes":{"Type":"1","count":"2"}},{"shape_attributes":{"name":"circle","cx":472,"cy":204,"r":10.606601717798213},"region_attributes":{"Type":"1","count":"2"}},{"shape_attributes":{"name":"circle","cx":417,"cy":202,"r":9.055},"region_attributes":{"Type":"1","count":"2"}},{"shape_attributes":{"name":"circle","cx":302,"cy":184,"r":16.650825805346713},"region_attributes":{"Type":"1","count":"8"}},{"shape_attributes":{"name":"circle","cx":327,"cy":191,"r":19},"region_attributes":{"Type":"2","count":"7"}},{"shape_attributes":{"name":"circle","cx":301,"cy":192,"r":20},"region_attributes":{"Type":"2","count":"6"}},{"shape_attributes":{"name":"circle","cx":418,"cy":249,"r":16},"region_attributes":{"Type":"1","count":"11"}},{"shape_attributes":{"name":"circle","cx":336,"cy":272,"r":12.369},"region_attributes":{"Type":"1","count":"1"}},{"shape_attributes":{"name":"circle","cx":383,"cy":273,"r":12.369},"region_attributes":{"Type":"1","count":"1"}},{"shape_attributes":{"name":"circle","cx":289,"cy":273,"r":12.369},"region_attributes":{"Type":"1","count":"1"}},{"shape_attributes":{"name":"circle","cx":366,"cy":256,"r":25},"region_attributes":{"Type":"1","count":"2"}},{"shape_attributes":{"name":"circle","cx":390,"cy":259,"r":17},"region_attributes":{"Type":"1","count":"2"}},{"shape_attributes":{"name":"circle","cx":429,"cy":270,"r":18},"region_attributes":{"Type":"1","count":"5"}}],"file_attributes":{"date":"2022-08-25","temp":"68","rain":"2","neighborhood":"Cortez","total_count":""}},"https://drive.google.com/uc?export=view&id=1oXq2RPUaetSuA9VGcQ7lwqam3ECmkPgV\n":{"filename":"https://drive.google.com/uc?export=view&id=1oXq2RPUaetSuA9VGcQ7lwqam3ECmkPgV\n","size":-1,"regions":[{"shape_attributes":{"name":"circle","cx":678,"cy":306,"r":12.379418403139947},"region_attributes":{"Type":"1","count":"1"}},{"shape_attributes":{"name":"circle","cx":525,"cy":414,"r":12.529964086141668},"region_attributes":{"Type":"1","count":"3"}},{"shape_attributes":{"name":"circle","cx":446,"cy":376,"r":13.729530217745982},"region_attributes":{"Type":"1","count":"2"}},{"shape_attributes":{"name":"circle","cx":321,"cy":374,"r":8.200609733428363},"region_attributes":{"Type":"1","count":"1"}},{"shape_attributes":{"name":"circle","cx":322,"cy":404,"r":5.70087712549569},"region_attributes":{"Type":"2","count":"2"}},{"shape_attributes":{"name":"circle","cx":326,"cy":416,"r":9.192388155425117},"region_attributes":{"Type":"1","count":"5"}},{"shape_attributes":{"name":"circle","cx":364,"cy":280,"r":14.5},"region_attributes":{"Type":"1","count":"1"}},{"shape_attributes":{"name":"circle","cx":388,"cy":255,"r":14.5},"region_attributes":{"Type":"1","count":"1"}},{"shape_attributes":{"name":"circle","cx":326,"cy":241,"r":14.5},"region_attributes":{"Type":"1","count":"1"}},{"shape_attributes":{"name":"circle","cx":244,"cy":367,"r":14.5},"region_attributes":{"Type":"1","count":"1"}},{"shape_attributes":{"name":"circle","cx":251,"cy":184,"r":10.404326023342406},"region_attributes":{"Type":"1","count":"3"}},{"shape_attributes":{"name":"circle","cx":301,"cy":200,"r":12.093386622447824},"region_attributes":{"Type":"1","count":"1"}},{"shape_attributes":{"name":"circle","cx":277,"cy":258,"r":7.433034373659253},"region_attributes":{"Type":"1","count":"2"}},{"shape_attributes":{"name":"circle","cx":295,"cy":308,"r":8.845903006477066},"region_attributes":{"Type":"2","count":"1"}},{"shape_attributes":{"name":"circle","cx":420,"cy":249,"r":9.5524865872714},"region_attributes":{"Type":"2","count":"1"}},{"shape_attributes":{"name":"circle","cx":327,"cy":169,"r":9},"region_attributes":{"Type":"2","count":"4"}},{"shape_attributes":{"name":"circle","cx":308,"cy":171,"r":16},"region_attributes":{"Type":"2","count":"10"}},{"shape_attributes":{"name":"circle","cx":206,"cy":371,"r":14.5},"region_attributes":{"Type":"1","count":"1"}},{"shape_attributes":{"name":"circle","cx":286,"cy":350,"r":14.5},"region_attributes":{"Type":"1","count":"1"}},{"shape_attributes":{"name":"circle","cx":341,"cy":383,"r":13.038},"region_attributes":{"Type":"2","count":"1"}},{"shape_attributes":{"name":"circle","cx":424,"cy":411,"r":18},"region_attributes":{"Type":"2","count":"1"}},{"shape_attributes":{"name":"circle","cx":419,"cy":372,"r":14.318},"region_attributes":{"Type":"2","count":"1"}},{"shape_attributes":{"name":"circle","cx":340,"cy":341,"r":18},"region_attributes":{"Type":"2","count":"1"}},{"shape_attributes":{"name":"circle","cx":436,"cy":282,"r":17},"region_attributes":{"Type":"1","count":"8"}},{"shape_attributes":{"name":"circle","cx":419,"cy":267,"r":23},"region_attributes":{"Type":"1","count":"6"}}],"file_attributes":{"date":"2022-09-30","temp":"67","rain":"2","neighborhood":"Cortez","total_count":""}},"https://drive.google.com/uc?export=view&id=1sptrg9XROE1fVyPKO8WhdP-k16as-Nok\n":{"filename":"https://drive.google.com/uc?export=view&id=1sptrg9XROE1fVyPKO8WhdP-k16as-Nok\n","size":-1,"regions":[{"shape_attributes":{"name":"circle","cx":192,"cy":367,"r":12.776932339180638},"region_attributes":{"Type":"1","count":"2"}},{"shape_attributes":{"name":"circle","cx":301,"cy":267,"r":10.606601717798213},"region_attributes":{"Type":"1","count":"1"}},{"shape_attributes":{"name":"circle","cx":326,"cy":366,"r":10.259142264341596},"region_attributes":{"Type":"2","count":"1"}},{"shape_attributes":{"name":"circle","cx":320,"cy":393,"r":6.020797289396148},"region_attributes":{"Type":"2","count":"1"}},{"shape_attributes":{"name":"circle","cx":319,"cy":412,"r":10},"region_attributes":{"Type":"1","count":"1"}},{"shape_attributes":{"name":"circle","cx":392,"cy":395,"r":9.5524865872714},"region_attributes":{"Type":"1","count":"4"}},{"shape_attributes":{"name":"circle","cx":432,"cy":404,"r":15.88238017426859},"region_attributes":{"Type":"1","count":"3"}},{"shape_attributes":{"name":"circle","cx":528,"cy":402,"r":7.106335201775948},"region_attributes":{"Type":"2","count":"1"}},{"shape_attributes":{"name":"circle","cx":631,"cy":392,"r":6.020797289396148},"region_attributes":{"Type":"1","count":"1"}},{"shape_attributes":{"name":"circle","cx":415,"cy":192,"r":14.212670403551895},"region_attributes":{"Type":"2","count":"1"}},{"shape_attributes":{"name":"circle","cx":317,"cy":168,"r":7.211102550927978},"region_attributes":{"Type":"3","count":"1"}},{"shape_attributes":{"name":"circle","cx":295,"cy":178,"r":13.793114224133722},"region_attributes":{"Type":"2","count":"13"}},{"shape_attributes":{"name":"circle","cx":300,"cy":204,"r":8.902246907382429},"region_attributes":{"Type":"1","count":"4"}},{"shape_attributes":{"name":"circle","cx":326,"cy":188,"r":10.307764064044152},"region_attributes":{"Type":"2","count":"4"}},{"shape_attributes":{"name":"circle","cx":322,"cy":203,"r":9.219544457292887},"region_attributes":{"Type":"1","count":"1"}},{"shape_attributes":{"name":"circle","cx":239,"cy":362,"r":10.606601717798213},"region_attributes":{"Type":"1","count":"1"}},{"shape_attributes":{"name":"circle","cx":251,"cy":390,"r":10.606601717798213},"region_attributes":{"Type":"1","count":"1"}},{"shape_attributes":{"name":"circle","cx":395,"cy":251,"r":10.606601717798213},"region_attributes":{"Type":"1","count":"1"}},{"shape_attributes":{"name":"circle","cx":366,"cy":311,"r":10.606601717798213},"region_attributes":{"Type":"1","count":"1"}},{"shape_attributes":{"name":"circle","cx":390,"cy":296,"r":10.606601717798213},"region_attributes":{"Type":"1","count":"1"}},{"shape_attributes":{"name":"circle","cx":252,"cy":272,"r":10.606601717798213},"region_attributes":{"Type":"1","count":"1"}},{"shape_attributes":{"name":"circle","cx":511,"cy":364,"r":23},"region_attributes":{"Type":"1","count":"1"}},{"shape_attributes":{"name":"circle","cx":513,"cy":410,"r":17},"region_attributes":{"Type":"1","count":"2"}},{"shape_attributes":{"name":"circle","cx":419,"cy":249,"r":15},"region_attributes":{"Type":"1","count":"11"}},{"shape_attributes":{"name":"circle","cx":369,"cy":271,"r":18},"region_attributes":{"Type":"1","count":"2"}},{"shape_attributes":{"name":"circle","cx":304,"cy":235,"r":22},"region_attributes":{"Type":"1","count":"2"}},{"shape_attributes":{"name":"circle","cx":432,"cy":271,"r":14},"region_attributes":{"Type":"1","count":"9"}}],"file_attributes":{"date":"2022-10-28","temp":"57","rain":"2","neighborhood":"Cortez","total_count":""}},"https://drive.google.com/uc?export=view&id=1Z8d_6se08ypzSrLyzrToyWIUdj_jZhfp\n":{"filename":"https://drive.google.com/uc?export=view&id=1Z8d_6se08ypzSrLyzrToyWIUdj_jZhfp\n","size":-1,"regions":[{"shape_attributes":{"name":"circle","cx":194,"cy":370,"r":18.384776310850235},"region_attributes":{"Type":"1","count":"1"}},{"shape_attributes":{"name":"circle","cx":268,"cy":320,"r":17.029386365926403},"region_attributes":{"Type":"1","count":"1"}},{"shape_attributes":{"name":"circle","cx":293,"cy":336,"r":18.384776310850235},"region_attributes":{"Type":"1","count":"1"}},{"shape_attributes":{"name":"circle","cx":290,"cy":276,"r":18.384776310850235},"region_attributes":{"Type":"1","count":"1"}},{"shape_attributes":{"name":"circle","cx":344,"cy":268,"r":18.384776310850235},"region_attributes":{"Type":"1","count":"1"}},{"shape_attributes":{"name":"circle","cx":365,"cy":259,"r":18.384776310850235},"region_attributes":{"Type":"1","count":"1"}},{"shape_attributes":{"name":"circle","cx":313,"cy":398,"r":18.384776310850235},"region_attributes":{"Type":"1","count":"1"}},{"shape_attributes":{"name":"circle","cx":334,"cy":298,"r":18.384776310850235},"region_attributes":{"Type":"1","count":"1"}},{"shape_attributes":{"name":"circle","cx":341,"cy":336,"r":18.384776310850235},"region_attributes":{"Type":"1","count":"1"}},{"shape_attributes":{"name":"circle","cx":191,"cy":408,"r":18.384776310850235},"region_attributes":{"Type":"1","count":"1"}},{"shape_attributes":{"name":"circle","cx":221,"cy":383,"r":18.384776310850235},"region_attributes":{"Type":"1","count":"1"}},{"shape_attributes":{"name":"circle","cx":382,"cy":344,"r":9.924716620639604},"region_attributes":{"Type":"1","count":"2"}},{"shape_attributes":{"name":"circle","cx":373,"cy":366,"r":8.06225774829855},"region_attributes":{"Type":"1","count":"1"}},{"shape_attributes":{"name":"circle","cx":388,"cy":369,"r":9.7082439194738},"region_attributes":{"Type":"2","count":"1"}},{"shape_attributes":{"name":"circle","cx":485,"cy":376,"r":18.848076824970764},"region_attributes":{"Type":"2","count":"3"}},{"shape_attributes":{"name":"circle","cx":480,"cy":412,"r":11.10180165558726},"region_attributes":{"Type":"1","count":"1"}},{"shape_attributes":{"name":"circle","cx":520,"cy":408,"r":16.98528775146303},"region_attributes":{"Type":"1","count":"1"}},{"shape_attributes":{"name":"circle","cx":560,"cy":387,"r":12.379418403139947},"region_attributes":{"Type":"1","count":"3"}},{"shape_attributes":{"name":"circle","cx":608,"cy":300,"r":12.103718436910205},"region_attributes":{"Type":"1","count":"1"}},{"shape_attributes":{"name":"circle","cx":452,"cy":308,"r":9.7082439194738},"region_attributes":{"Type":"3","count":"1"}},{"shape_attributes":{"name":"circle","cx":432,"cy":270,"r":9.013878188659973},"region_attributes":{"Type":"2","count":"1"}},{"shape_attributes":{"name":"circle","cx":440,"cy":267,"r":9.962429422585638},"region_attributes":{"Type":"1","count":"1"}},{"shape_attributes":{"name":"circle","cx":428,"cy":300,"r":8.845903006477066},"region_attributes":{"Type":"1","count":"1"}},{"shape_attributes":{"name":"circle","cx":465,"cy":196,"r":12.041594578792296},"region_attributes":{"Type":"2","count":"1"}},{"shape_attributes":{"name":"circle","cx":361,"cy":194,"r":13.0862523283024},"region_attributes":{"Type":"3","count":"1"}},{"shape_attributes":{"name":"circle","cx":330,"cy":191,"r":11.661903789690601},"region_attributes":{"Type":"2","count":"11"}},{"shape_attributes":{"name":"circle","cx":293,"cy":174,"r":14.0089257261219},"region_attributes":{"Type":"2","count":"17"}},{"shape_attributes":{"name":"circle","cx":302,"cy":201,"r":8.602325267042627},"region_attributes":{"Type":"1","count":"6"}},{"shape_attributes":{"name":"circle","cx":323,"cy":186,"r":8},"region_attributes":{"Type":"3","count":"1"}},{"shape_attributes":{"name":"circle","cx":319,"cy":202,"r":15},"region_attributes":{"Type":"3","count":"1"}},{"shape_attributes":{"name":"circle","cx":300,"cy":200,"r":13},"region_attributes":{"Type":"3","count":"1"}},{"shape_attributes":{"name":"circle","cx":298,"cy":189,"r":16},"region_attributes":{"Type":"3","count":"1"}},{"shape_attributes":{"name":"circle","cx":415,"cy":244,"r":14},"region_attributes":{"Type":"1","count":"10"}},{"shape_attributes":{"name":"circle","cx":414,"cy":272,"r":16},"region_attributes":{"Type":"1","count":"4"}}],"file_attributes":{"date":"2022-11-23","temp":"50","rain":"2","neighborhood":"Cortez","total_count":""}},"https://drive.google.com/uc?export=view&id=1r15acW-XodD2srfYZ6QT82c9c4_v17ZW\n":{"filename":"https://drive.google.com/uc?export=view&id=1r15acW-XodD2srfYZ6QT82c9c4_v17ZW\n","size":-1,"regions":[{"shape_attributes":{"name":"circle","cx":296,"cy":272,"r":20.554804791094465},"region_attributes":{"Type":"1","count":"1"}},{"shape_attributes":{"name":"circle","cx":306,"cy":340,"r":20.554804791094465},"region_attributes":{"Type":"1","count":"1"}},{"shape_attributes":{"name":"circle","cx":184,"cy":396,"r":16.62077013859466},"region_attributes":{"Type":"1","count":"1"}},{"shape_attributes":{"name":"circle","cx":274,"cy":406,"r":20.554804791094465},"region_attributes":{"Type":"1","count":"1"}},{"shape_attributes":{"name":"circle","cx":320,"cy":350,"r":20.554804791094465},"region_attributes":{"Type":"1","count":"1"}},{"shape_attributes":{"name":"circle","cx":338,"cy":260,"r":20.554804791094465},"region_attributes":{"Type":"1","count":"1"}},{"shape_attributes":{"name":"circle","cx":376,"cy":410,"r":20.554804791094465},"region_attributes":{"Type":"1","count":"1"}},{"shape_attributes":{"name":"circle","cx":394,"cy":396,"r":20.554804791094465},"region_attributes":{"Type":"1","count":"1"}},{"shape_attributes":{"name":"circle","cx":418,"cy":362,"r":20.554804791094465},"region_attributes":{"Type":"1","count":"1"}},{"shape_attributes":{"name":"circle","cx":482,"cy":324,"r":20.554804791094465},"region_attributes":{"Type":"1","count":"1"}},{"shape_attributes":{"name":"circle","cx":422,"cy":300,"r":20.554804791094465},"region_attributes":{"Type":"1","count":"1"}},{"shape_attributes":{"name":"circle","cx":504,"cy":246,"r":20.554804791094465},"region_attributes":{"Type":"1","count":"1"}},{"shape_attributes":{"name":"circle","cx":474,"cy":204,"r":20.554804791094465},"region_attributes":{"Type":"1","count":"1"}},{"shape_attributes":{"name":"circle","cx":506,"cy":186,"r":20.554804791094465},"region_attributes":{"Type":"1","count":"1"}},{"shape_attributes":{"name":"circle","cx":420,"cy":206,"r":20.554804791094465},"region_attributes":{"Type":"2","count":"1"}},{"shape_attributes":{"name":"circle","cx":352,"cy":325,"r":10.816653826391969},"region_attributes":{"Type":"1","count":"2"}},{"shape_attributes":{"name":"circle","cx":443,"cy":394,"r":11.800423721205947},"region_attributes":{"Type":"2","count":"2"}},{"shape_attributes":{"name":"circle","cx":430,"cy":416,"r":13.82931668593933},"region_attributes":{"Type":"2","count":"1"}},{"shape_attributes":{"name":"circle","cx":520,"cy":410,"r":11.335784048754634},"region_attributes":{"Type":"1","count":"4"}},{"shape_attributes":{"name":"circle","cx":389,"cy":198,"r":12.727922061357855},"region_attributes":{"Type":"2","count":"1"}},{"shape_attributes":{"name":"circle","cx":294,"cy":126,"r":8.94427190999916},"region_attributes":{"Type":"2","count":"9"}},{"shape_attributes":{"name":"circle","cx":320,"cy":135,"r":8.06225774829855},"region_attributes":{"Type":"2","count":"6"}},{"shape_attributes":{"name":"circle","cx":296,"cy":185,"r":7.0710678118654755},"region_attributes":{"Type":"2","count":"9"}},{"shape_attributes":{"name":"circle","cx":295,"cy":200,"r":11.412712210513327},"region_attributes":{"Type":"1","count":"2"}},{"shape_attributes":{"name":"circle","cx":322,"cy":186,"r":9.013878188659973},"region_attributes":{"Type":"2","count":"7"}},{"shape_attributes":{"name":"circle","cx":319,"cy":198,"r":9.219544457292887},"region_attributes":{"Type":"1","count":"2"}},{"shape_attributes":{"name":"circle","cx":382,"cy":343,"r":10},"region_attributes":{"Type":"1","count":"5"}},{"shape_attributes":{"name":"circle","cx":367,"cy":335,"r":18},"region_attributes":{"Type":"1","count":"9"}},{"shape_attributes":{"name":"circle","cx":302,"cy":158,"r":13},"region_attributes":{"Type":"3","count":"1"}},{"shape_attributes":{"name":"circle","cx":329,"cy":172,"r":15},"region_attributes":{"Type":"3","count":"1"}},{"shape_attributes":{"name":"circle","cx":313,"cy":176,"r":20},"region_attributes":{"Type":"3","count":"1"}}],"file_attributes":{"date":"2022-12-29","temp":"59","rain":"2","neighborhood":"Cortez","total_count":""}}},"_via_attributes":{"region":{"Type":{"type":"dropdown","description":"","options":{"1":"Individual","2":"Structure","3":"Vehicle"},"default_options":{}},"count":{"type":"text","description":"","default_value":""}},"file":{"date":{"type":"text","description":"","default_value":""},"temp":{"type":"text","description":"","default_value":""},"rain":{"type":"dropdown","description":"","options":{"1":"rain","2":"clear"},"default_options":{"2":true}},"neighborhood":{"type":"text","description":"","default_value":"Cortez"},"total_count":{"type":"text","description":"","default_value":""}}},"_via_data_format_version":"2.0.10","_via_image_id_list":["https://drive.google.com/uc?export=view&id=107JASMcwG6HC3Eo0MWxIiQXyLz6V2sLP\n","https://drive.google.com/uc?export=view&id=1H4OlqGzVi2pRcFCqv-a8EYE05Nprjiwg\n","https://drive.google.com/uc?export=view&id=1IKub0XpDRiKVwD4nIKigXc9IlRbAnt7y\n","https://drive.google.com/uc?export=view&id=1yOrAPFbPOpWADM33XNjHtks7cVoT_3Eg\n","https://drive.google.com/uc?export=view&id=16s_t5uyuNkA2jTNU8jWjYv_HqXyJ7f8Z\n","https://drive.google.com/uc?export=view&id=1Kra02z5xmvPMAY66ozBub63RgIsi_fIO\n","https://drive.google.com/uc?export=view&id=1WwxA36v23x27hmUYUpXhqvCbHbkWr7zh\n","https://drive.google.com/uc?export=view&id=1qUZmXUPGPwgYFRs96zR-oUy5-YJmyqlW\n","https://drive.google.com/uc?export=view&id=1oXq2RPUaetSuA9VGcQ7lwqam3ECmkPgV\n","https://drive.google.com/uc?export=view&id=1sptrg9XROE1fVyPKO8WhdP-k16as-Nok\n","https://drive.google.com/uc?export=view&id=1Z8d_6se08ypzSrLyzrToyWIUdj_jZhfp\n","https://drive.google.com/uc?export=view&id=1r15acW-XodD2srfYZ6QT82c9c4_v17ZW\n"]}