{"_via_settings":{"ui":{"annotation_editor_height":25,"annotation_editor_fontsize":0.8,"leftsidebar_width":18,"image_grid":{"img_height":80,"rshape_fill":"none","rshape_fill_opacity":0.3,"rshape_stroke":"yellow","rshape_stroke_width":2,"show_region_shape":true,"show_image_policy":"all"},"image":{"region_label":"__via_region_id__","region_color":"__via_default_region_color__","region_label_font":"10px Sans","on_image_annotation_editor_placement":"NEAR_REGION"}},"core":{"buffer_size":18,"filepath":{},"default_filepath":""},"project":{"name":"Cortez_2021_changed"}},"_via_img_metadata":{"https://drive.google.com/uc?export=view&id=1X8koOniLcdClneGfsWFHRkiGm1yZgtO3\n":{"filename":"https://drive.google.com/uc?export=view&id=1X8koOniLcdClneGfsWFHRkiGm1yZgtO3\n","size":-1,"regions":[{"shape_attributes":{"name":"circle","cx":287,"cy":330,"r":19.209372712298546},"region_attributes":{"Type":"2","count":"1"}},{"shape_attributes":{"name":"circle","cx":336,"cy":278,"r":16.263455967290593},"region_attributes":{"Type":"1","count":"2"}},{"shape_attributes":{"name":"circle","cx":339,"cy":173,"r":17.69180601295413},"region_attributes":{"Type":"2","count":"2"}},{"shape_attributes":{"name":"circle","cx":302,"cy":158,"r":18.034688796871432},"region_attributes":{"Type":"2","count":"7"}},{"shape_attributes":{"name":"circle","cx":330,"cy":328,"r":17.334935823359714},"region_attributes":{"Type":"2","count":"1"}},{"shape_attributes":{"name":"circle","cx":330,"cy":378,"r":11.412712210513327},"region_attributes":{"Type":"1","count":"3"}},{"shape_attributes":{"name":"circle","cx":327,"cy":409,"r":12.041594578792296},"region_attributes":{"Type":"2","count":"1"}},{"shape_attributes":{"name":"circle","cx":431,"cy":395,"r":18.601075237738275},"region_attributes":{"Type":"1","count":"3"}},{"shape_attributes":{"name":"circle","cx":376,"cy":326,"r":8.514693182963201},"region_attributes":{"Type":"1","count":"1"}},{"shape_attributes":{"name":"circle","cx":521,"cy":208,"r":10.63014581273465},"region_attributes":{"Type":"1","count":"1"}},{"shape_attributes":{"name":"circle","cx":484,"cy":369,"r":12.379418403139947},"region_attributes":{"Type":"1","count":"1"}},{"shape_attributes":{"name":"circle","cx":531,"cy":347,"r":12.041594578792296},"region_attributes":{"Type":"1","count":"2"}},{"shape_attributes":{"name":"circle","cx":578,"cy":348,"r":12.747548783981962},"region_attributes":{"Type":"1","count":"1"}},{"shape_attributes":{"name":"circle","cx":420,"cy":256,"r":13},"region_attributes":{"Type":"1","count":"6"}},{"shape_attributes":{"name":"circle","cx":439,"cy":289,"r":17},"region_attributes":{"Type":"1","count":"5"}},{"shape_attributes":{"name":"circle","cx":424,"cy":327,"r":19},"region_attributes":{"Type":"1","count":"1"}}],"file_attributes":{"date":"2021-01-28","temp":"46","rain":"2","neighborhood":"Cortez","total_count":""}},"https://drive.google.com/uc?export=view&id=1K0tWEXY9QiBVmvSyA75JPIheOGqyg7ZV\n":{"filename":"https://drive.google.com/uc?export=view&id=1K0tWEXY9QiBVmvSyA75JPIheOGqyg7ZV\n","size":-1,"regions":[{"shape_attributes":{"name":"circle","cx":284,"cy":180,"r":13.82931668593933},"region_attributes":{"Type":"2","count":"4"}},{"shape_attributes":{"name":"circle","cx":274,"cy":402,"r":16.98528775146303},"region_attributes":{"Type":"1","count":"1"}},{"shape_attributes":{"name":"circle","cx":336,"cy":316,"r":16.98528775146303},"region_attributes":{"Type":"1","count":"1"}},{"shape_attributes":{"name":"circle","cx":378,"cy":252,"r":16.98528775146303},"region_attributes":{"Type":"1","count":"1"}},{"shape_attributes":{"name":"circle","cx":454,"cy":222,"r":16.98528775146303},"region_attributes":{"Type":"1","count":"1"}},{"shape_attributes":{"name":"circle","cx":518,"cy":352,"r":16.98528775146303},"region_attributes":{"Type":"1","count":"1"}},{"shape_attributes":{"name":"circle","cx":604,"cy":358,"r":16.98528775146303},"region_attributes":{"Type":"1","count":"1"}},{"shape_attributes":{"name":"circle","cx":518,"cy":382,"r":16.98528775146303},"region_attributes":{"Type":"1","count":"1"}},{"shape_attributes":{"name":"circle","cx":238,"cy":404,"r":16.98528775146303},"region_attributes":{"Type":"1","count":"1"}},{"shape_attributes":{"name":"circle","cx":408,"cy":381,"r":14.5},"region_attributes":{"Type":"1","count":"4"}},{"shape_attributes":{"name":"circle","cx":317,"cy":376,"r":11.672617529928752},"region_attributes":{"Type":"1","count":"2"}},{"shape_attributes":{"name":"circle","cx":412,"cy":254,"r":16.62077013859466},"region_attributes":{"Type":"1","count":"9"}},{"shape_attributes":{"name":"circle","cx":459,"cy":263,"r":13.45362404707371},"region_attributes":{"Type":"1","count":"2"}},{"shape_attributes":{"name":"circle","cx":313,"cy":183,"r":9.899494936611665},"region_attributes":{"Type":"2","count":"3"}},{"shape_attributes":{"name":"circle","cx":324,"cy":200,"r":8.139410298049853},"region_attributes":{"Type":"1","count":"2"}},{"shape_attributes":{"name":"circle","cx":270,"cy":216,"r":16},"region_attributes":{"Type":"1","count":"1"}},{"shape_attributes":{"name":"circle","cx":296,"cy":228,"r":21},"region_attributes":{"Type":"1","count":"3"}},{"shape_attributes":{"name":"circle","cx":296,"cy":203,"r":24},"region_attributes":{"Type":"1","count":"1"}}],"file_attributes":{"date":"2021-02-01","temp":"","rain":"2","neighborhood":"Cortez","total_count":""}},"https://drive.google.com/uc?export=view&id=1btdfG3Eyj2sqLA3PZ6xA77RtANznpMYC\n":{"filename":"https://drive.google.com/uc?export=view&id=1btdfG3Eyj2sqLA3PZ6xA77RtANznpMYC\n","size":-1,"regions":[{"shape_attributes":{"name":"circle","cx":302,"cy":146,"r":8.514693182963201},"region_attributes":{"Type":"1","count":"1"}},{"shape_attributes":{"name":"circle","cx":304,"cy":166,"r":12.747548783981962},"region_attributes":{"Type":"2","count":"3"}},{"shape_attributes":{"name":"circle","cx":282,"cy":398,"r":11.01135777277262},"region_attributes":{"Type":"1","count":"1"}},{"shape_attributes":{"name":"circle","cx":520,"cy":350,"r":10.307764064044152},"region_attributes":{"Type":"1","count":"1"}},{"shape_attributes":{"name":"circle","cx":428,"cy":384,"r":18.200274723201296},"region_attributes":{"Type":"1","count":"2"}},{"shape_attributes":{"name":"circle","cx":388,"cy":420,"r":14.212670403551895},"region_attributes":{"Type":"1","count":"1"}},{"shape_attributes":{"name":"circle","cx":374,"cy":309,"r":10.965856099730654},"region_attributes":{"Type":"1","count":"1"}},{"shape_attributes":{"name":"circle","cx":379,"cy":334,"r":13.901438774457844},"region_attributes":{"Type":"2","count":"1"}},{"shape_attributes":{"name":"circle","cx":422,"cy":260,"r":13},"region_attributes":{"Type":"1","count":"6"}},{"shape_attributes":{"name":"circle","cx":431,"cy":279,"r":17},"region_attributes":{"Type":"1","count":"5"}},{"shape_attributes":{"name":"circle","cx":330,"cy":390,"r":20},"region_attributes":{"Type":"1","count":"3"}},{"shape_attributes":{"name":"circle","cx":337,"cy":420,"r":23},"region_attributes":{"Type":"1","count":"1"}}],"file_attributes":{"date":"2021-03-25","temp":"54","rain":"2","neighborhood":"Cortez","total_count":""}},"https://drive.google.com/uc?export=view&id=1q9LBJQdaAaFyhQY1FqKlDrZ8vI9WGBM0\n":{"filename":"https://drive.google.com/uc?export=view&id=1q9LBJQdaAaFyhQY1FqKlDrZ8vI9WGBM0\n","size":-1,"regions":[{"shape_attributes":{"name":"circle","cx":411,"cy":250,"r":12.041594578792296},"region_attributes":{"Type":"1","count":"1"}},{"shape_attributes":{"name":"circle","cx":249,"cy":329,"r":12.727922061357855},"region_attributes":{"Type":"2","count":"1"}},{"shape_attributes":{"name":"circle","cx":298,"cy":170,"r":12.379418403139947},"region_attributes":{"Type":"1","count":"2"}},{"shape_attributes":{"name":"circle","cx":328,"cy":350,"r":11.10180165558726},"region_attributes":{"Type":"2","count":"2"}},{"shape_attributes":{"name":"circle","cx":292,"cy":424,"r":9.86154146165801},"region_attributes":{"Type":"1","count":"1"}},{"shape_attributes":{"name":"circle","cx":410,"cy":275,"r":9.22},"region_attributes":{"Type":"1","count":"4"}},{"shape_attributes":{"name":"circle","cx":510,"cy":261,"r":8.139410298049853},"region_attributes":{"Type":"1","count":"2"}},{"shape_attributes":{"name":"circle","cx":503,"cy":276,"r":11.715374513859981},"region_attributes":{"Type":"2","count":"1"}},{"shape_attributes":{"name":"circle","cx":319,"cy":390,"r":12.041594578792296},"region_attributes":{"Type":"1","count":"1"}},{"shape_attributes":{"name":"circle","cx":200,"cy":378,"r":12.041594578792296},"region_attributes":{"Type":"1","count":"1"}},{"shape_attributes":{"name":"circle","cx":334,"cy":418,"r":19},"region_attributes":{"Type":"1","count":"1"}},{"shape_attributes":{"name":"circle","cx":443,"cy":397,"r":20},"region_attributes":{"Type":"1","count":"1"}},{"shape_attributes":{"name":"circle","cx":416,"cy":399,"r":18},"region_attributes":{"Type":"1","count":"3"}},{"shape_attributes":{"name":"circle","cx":430,"cy":284,"r":9.22},"region_attributes":{"Type":"1","count":"4"}},{"shape_attributes":{"name":"circle","cx":373,"cy":280,"r":9.22},"region_attributes":{"Type":"1","count":"4"}}],"file_attributes":{"date":"2021-04-29","temp":"61","rain":"2","neighborhood":"Cortez","total_count":""}},"https://drive.google.com/uc?export=view&id=10I--PO0hS8MmdkIPZ71TVS7OebG6UB8g\n":{"filename":"https://drive.google.com/uc?export=view&id=10I--PO0hS8MmdkIPZ71TVS7OebG6UB8g\n","size":-1,"regions":[{"shape_attributes":{"name":"circle","cx":204,"cy":374,"r":18.062391868188442},"region_attributes":{"Type":"1","count":"1"}},{"shape_attributes":{"name":"circle","cx":562,"cy":402,"r":12.379418403139947},"region_attributes":{"Type":"2","count":"1"}},{"shape_attributes":{"name":"circle","cx":518,"cy":213,"r":11.01135777277262},"region_attributes":{"Type":"1","count":"2"}},{"shape_attributes":{"name":"circle","cx":300,"cy":208,"r":14.326548781894402},"region_attributes":{"Type":"1","count":"1"}},{"shape_attributes":{"name":"circle","cx":478,"cy":237,"r":14.326548781894402},"region_attributes":{"Type":"1","count":"1"}},{"shape_attributes":{"name":"circle","cx":333,"cy":204,"r":16},"region_attributes":{"Type":"1","count":"3"}},{"shape_attributes":{"name":"circle","cx":428,"cy":276,"r":25},"region_attributes":{"Type":"1","count":"5"}},{"shape_attributes":{"name":"circle","cx":416,"cy":261,"r":25},"region_attributes":{"Type":"1","count":"5"}},{"shape_attributes":{"name":"circle","cx":382,"cy":363,"r":19},"region_attributes":{"Type":"1","count":"2"}},{"shape_attributes":{"name":"circle","cx":397,"cy":394,"r":21},"region_attributes":{"Type":"1","count":"8"}}],"file_attributes":{"date":"2021-05-27","temp":"","rain":"2","neighborhood":"Cortez","total_count":""}},"https://drive.google.com/uc?export=view&id=1IQHH2Afy4-EKdiwPUXguwQ-JE4K_CCHM\n":{"filename":"https://drive.google.com/uc?export=view&id=1IQHH2Afy4-EKdiwPUXguwQ-JE4K_CCHM\n","size":-1,"regions":[{"shape_attributes":{"name":"circle","cx":208,"cy":372,"r":9.300537618869138},"region_attributes":{"Type":"1","count":"1"}},{"shape_attributes":{"name":"circle","cx":333,"cy":208,"r":14.0089257261219},"region_attributes":{"Type":"1","count":"2"}},{"shape_attributes":{"name":"circle","cx":390,"cy":346,"r":9.604686356149273},"region_attributes":{"Type":"1","count":"1"}},{"shape_attributes":{"name":"circle","cx":346,"cy":370,"r":13.0862523283024},"region_attributes":{"Type":"1","count":"1"}},{"shape_attributes":{"name":"circle","cx":451,"cy":380,"r":13.601470508735444},"region_attributes":{"Type":"1","count":"1"}},{"shape_attributes":{"name":"circle","cx":496,"cy":346,"r":11.672617529928752},"region_attributes":{"Type":"1","count":"1"}},{"shape_attributes":{"name":"circle","cx":516,"cy":414,"r":14.534441853748634},"region_attributes":{"Type":"1","count":"3"}},{"shape_attributes":{"name":"circle","cx":540,"cy":196,"r":8.74642784226795},"region_attributes":{"Type":"1","count":"1"}},{"shape_attributes":{"name":"circle","cx":336,"cy":396,"r":13.0862523283024},"region_attributes":{"Type":"1","count":"1"}},{"shape_attributes":{"name":"circle","cx":402,"cy":391,"r":13.0862523283024},"region_attributes":{"Type":"1","count":"1"}},{"shape_attributes":{"name":"circle","cx":415,"cy":258,"r":16},"region_attributes":{"Type":"1","count":"5"}},{"shape_attributes":{"name":"circle","cx":445,"cy":270,"r":19},"region_attributes":{"Type":"1","count":"8"}}],"file_attributes":{"date":"2021-06-01","temp":"","rain":"2","neighborhood":"Cortez","total_count":""}},"https://drive.google.com/uc?export=view&id=1ux4pqc_D6yWhJh34OQ2mvnhMRpMCQDJX\n":{"filename":"https://drive.google.com/uc?export=view&id=1ux4pqc_D6yWhJh34OQ2mvnhMRpMCQDJX\n","size":-1,"regions":[{"shape_attributes":{"name":"circle","cx":200,"cy":402,"r":12.419742348374221},"region_attributes":{"Type":"1","count":"3"}},{"shape_attributes":{"name":"circle","cx":246,"cy":337,"r":8.902246907382429},"region_attributes":{"Type":"1","count":"2"}},{"shape_attributes":{"name":"circle","cx":309,"cy":326,"r":14.326548781894402},"region_attributes":{"Type":"3","count":"1"}},{"shape_attributes":{"name":"circle","cx":344,"cy":375,"r":8.602325267042627},"region_attributes":{"Type":"1","count":"1"}},{"shape_attributes":{"name":"circle","cx":432,"cy":236,"r":14.849242404917497},"region_attributes":{"Type":"2","count":"1"}},{"shape_attributes":{"name":"circle","cx":367,"cy":319,"r":12.206555615733702},"region_attributes":{"Type":"2","count":"1"}},{"shape_attributes":{"name":"circle","cx":428,"cy":305,"r":10.965856099730654},"region_attributes":{"Type":"1","count":"1"}},{"shape_attributes":{"name":"circle","cx":476,"cy":418,"r":13.45362404707371},"region_attributes":{"Type":"1","count":"4"}},{"shape_attributes":{"name":"circle","cx":524,"cy":414,"r":12.020815280171307},"region_attributes":{"Type":"1","count":"3"}},{"shape_attributes":{"name":"circle","cx":368,"cy":276,"r":17.263},"region_attributes":{"Type":"1","count":"1"}},{"shape_attributes":{"name":"circle","cx":381,"cy":279,"r":17},"region_attributes":{"Type":"1","count":"1"}},{"shape_attributes":{"name":"circle","cx":293,"cy":419,"r":17},"region_attributes":{"Type":"1","count":"1"}},{"shape_attributes":{"name":"circle","cx":322,"cy":422,"r":17},"region_attributes":{"Type":"1","count":"1"}},{"shape_attributes":{"name":"circle","cx":408,"cy":372,"r":17},"region_attributes":{"Type":"1","count":"1"}},{"shape_attributes":{"name":"circle","cx":365,"cy":250,"r":17},"region_attributes":{"Type":"1","count":"1"}},{"shape_attributes":{"name":"circle","cx":401,"cy":349,"r":17},"region_attributes":{"Type":"1","count":"1"}},{"shape_attributes":{"name":"circle","cx":440,"cy":372,"r":17},"region_attributes":{"Type":"1","count":"1"}},{"shape_attributes":{"name":"circle","cx":364,"cy":342,"r":15},"region_attributes":{"Type":"1","count":"6"}},{"shape_attributes":{"name":"circle","cx":417,"cy":264,"r":23},"region_attributes":{"Type":"1","count":"8"}},{"shape_attributes":{"name":"circle","cx":430,"cy":277,"r":20},"region_attributes":{"Type":"1","count":"2"}}],"file_attributes":{"date":"2021-07-21","temp":"60","rain":"2","neighborhood":"Cortez","total_count":""}},"https://drive.google.com/uc?export=view&id=1_xOiZKFj5XjESZm0amiAQWQb3vydfwIp\n":{"filename":"https://drive.google.com/uc?export=view&id=1_xOiZKFj5XjESZm0amiAQWQb3vydfwIp\n","size":-1,"regions":[{"shape_attributes":{"name":"circle","cx":185,"cy":368,"r":11.672617529928752},"region_attributes":{"Type":"1","count":"1"}},{"shape_attributes":{"name":"circle","cx":218,"cy":395,"r":11.672617529928752},"region_attributes":{"Type":"1","count":"1"}},{"shape_attributes":{"name":"circle","cx":294,"cy":244,"r":7.211102550927978},"region_attributes":{"Type":"1","count":"1"}},{"shape_attributes":{"name":"circle","cx":326,"cy":258,"r":18.172781845386247},"region_attributes":{"Type":"1","count":"3"}},{"shape_attributes":{"name":"circle","cx":448,"cy":305,"r":21.569654610122992},"region_attributes":{"Type":"1","count":"1"}},{"shape_attributes":{"name":"circle","cx":370,"cy":374,"r":21.569654610122992},"region_attributes":{"Type":"1","count":"1"}},{"shape_attributes":{"name":"circle","cx":382,"cy":410,"r":21.569654610122992},"region_attributes":{"Type":"1","count":"1"}},{"shape_attributes":{"name":"circle","cx":544,"cy":327,"r":21.569654610122992},"region_attributes":{"Type":"1","count":"1"}},{"shape_attributes":{"name":"circle","cx":630,"cy":366,"r":21.569654610122992},"region_attributes":{"Type":"1","count":"1"}},{"shape_attributes":{"name":"circle","cx":526,"cy":389,"r":21.569654610122992},"region_attributes":{"Type":"1","count":"1"}},{"shape_attributes":{"name":"circle","cx":430,"cy":407,"r":21.569654610122992},"region_attributes":{"Type":"1","count":"1"}},{"shape_attributes":{"name":"circle","cx":452,"cy":229,"r":21.569654610122992},"region_attributes":{"Type":"1","count":"1"}},{"shape_attributes":{"name":"circle","cx":493,"cy":406,"r":10.63014581273465},"region_attributes":{"Type":"1","count":"5"}},{"shape_attributes":{"name":"circle","cx":477,"cy":362,"r":7.433034373659253},"region_attributes":{"Type":"1","count":"2"}},{"shape_attributes":{"name":"circle","cx":390,"cy":270,"r":18},"region_attributes":{"Type":"1","count":"7"}},{"shape_attributes":{"name":"circle","cx":368,"cy":245,"r":13},"region_attributes":{"Type":"1","count":"6"}}],"file_attributes":{"date":"2021-08-01","temp":"","rain":"2","neighborhood":"Cortez","total_count":""}},"https://drive.google.com/uc?export=view&id=1WoFmeVPEToTMKSLTF2ryLF7RPrmPvpxU\n":{"filename":"https://drive.google.com/uc?export=view&id=1WoFmeVPEToTMKSLTF2ryLF7RPrmPvpxU\n","size":-1,"regions":[{"shape_attributes":{"name":"circle","cx":190,"cy":367,"r":13.601470508735444},"region_attributes":{"Type":"1","count":"1"}},{"shape_attributes":{"name":"circle","cx":567,"cy":340,"r":15.239750654128171},"region_attributes":{"Type":"1","count":"1"}},{"shape_attributes":{"name":"circle","cx":368,"cy":334,"r":7.5},"region_attributes":{"Type":"2","count":"1"}},{"shape_attributes":{"name":"circle","cx":383,"cy":264,"r":10.965856099730654},"region_attributes":{"Type":"1","count":"2"}},{"shape_attributes":{"name":"circle","cx":371,"cy":318,"r":15},"region_attributes":{"Type":"1","count":"3"}},{"shape_attributes":{"name":"circle","cx":362,"cy":299,"r":22},"region_attributes":{"Type":"1","count":"1"}},{"shape_attributes":{"name":"circle","cx":274,"cy":384,"r":15.239750654128171},"region_attributes":{"Type":"1","count":"1"}},{"shape_attributes":{"name":"circle","cx":332,"cy":406,"r":14},"region_attributes":{"Type":"1","count":"2"}},{"shape_attributes":{"name":"circle","cx":554,"cy":368,"r":15.239750654128171},"region_attributes":{"Type":"1","count":"1"}},{"shape_attributes":{"name":"circle","cx":427,"cy":221,"r":15.239750654128171},"region_attributes":{"Type":"1","count":"1"}},{"shape_attributes":{"name":"circle","cx":307,"cy":384,"r":15.239750654128171},"region_attributes":{"Type":"1","count":"1"}},{"shape_attributes":{"name":"circle","cx":417,"cy":243,"r":18},"region_attributes":{"Type":"1","count":"8"}},{"shape_attributes":{"name":"circle","cx":431,"cy":270,"r":17},"region_attributes":{"Type":"1","count":"5"}}],"file_attributes":{"date":"2021-09-30","temp":"66","rain":"2","neighborhood":"Cortez","total_count":""}},"https://drive.google.com/uc?export=view&id=10paqX818qHrndbzVInrT492iogLQ7DXb\n":{"filename":"https://drive.google.com/uc?export=view&id=10paqX818qHrndbzVInrT492iogLQ7DXb\n","size":-1,"regions":[{"shape_attributes":{"name":"circle","cx":157,"cy":326,"r":14.849242404917497},"region_attributes":{"Type":"1","count":"1"}},{"shape_attributes":{"name":"circle","cx":360,"cy":216,"r":27.459},"region_attributes":{"Type":"1","count":"1"}},{"shape_attributes":{"name":"circle","cx":356,"cy":278,"r":14.849242404917497},"region_attributes":{"Type":"1","count":"1"}},{"shape_attributes":{"name":"circle","cx":300,"cy":376,"r":14.849242404917497},"region_attributes":{"Type":"1","count":"1"}},{"shape_attributes":{"name":"circle","cx":268,"cy":216,"r":14.849242404917497},"region_attributes":{"Type":"1","count":"1"}},{"shape_attributes":{"name":"circle","cx":250,"cy":262,"r":14.849242404917497},"region_attributes":{"Type":"1","count":"1"}},{"shape_attributes":{"name":"circle","cx":302,"cy":334,"r":12.747548783981962},"region_attributes":{"Type":"1","count":"1"}},{"shape_attributes":{"name":"circle","cx":398,"cy":332,"r":11.715374513859981},"region_attributes":{"Type":"2","count":"1"}},{"shape_attributes":{"name":"circle","cx":396,"cy":372,"r":10.735455276791944},"region_attributes":{"Type":"2","count":"1"}},{"shape_attributes":{"name":"circle","cx":380,"cy":370,"r":10.404326023342406},"region_attributes":{"Type":"1","count":"2"}},{"shape_attributes":{"name":"circle","cx":454,"cy":156,"r":11.412712210513327},"region_attributes":{"Type":"1","count":"2"}},{"shape_attributes":{"name":"circle","cx":197,"cy":350,"r":14.849242404917497},"region_attributes":{"Type":"1","count":"1"}},{"shape_attributes":{"name":"circle","cx":160,"cy":380,"r":14.849242404917497},"region_attributes":{"Type":"1","count":"1"}},{"shape_attributes":{"name":"circle","cx":266,"cy":280,"r":14.849242404917497},"region_attributes":{"Type":"1","count":"1"}},{"shape_attributes":{"name":"circle","cx":392,"cy":209,"r":16},"region_attributes":{"Type":"1","count":"11"}},{"shape_attributes":{"name":"circle","cx":396,"cy":235,"r":22},"region_attributes":{"Type":"1","count":"6"}}],"file_attributes":{"date":"2021-10-28","temp":"61","rain":"2","neighborhood":"Cortez","total_count":""}},"https://drive.google.com/uc?export=view&id=1g3vaHyg-d-ZYkb1oK4dNlfB78aF7Ox3H\n":{"filename":"https://drive.google.com/uc?export=view&id=1g3vaHyg-d-ZYkb1oK4dNlfB78aF7Ox3H\n","size":-1,"regions":[{"shape_attributes":{"name":"circle","cx":186,"cy":356,"r":7.632168761236874},"region_attributes":{"Type":"1","count":"1"}},{"shape_attributes":{"name":"circle","cx":500,"cy":174,"r":11.335784048754634},"region_attributes":{"Type":"1","count":"1"}},{"shape_attributes":{"name":"circle","cx":370,"cy":304,"r":12.727922061357855},"region_attributes":{"Type":"1","count":"1"}},{"shape_attributes":{"name":"circle","cx":376,"cy":330,"r":9.924716620639604},"region_attributes":{"Type":"2","count":"1"}},{"shape_attributes":{"name":"circle","cx":439,"cy":361,"r":11.661903789690601},"region_attributes":{"Type":"2","count":"1"}},{"shape_attributes":{"name":"circle","cx":501,"cy":398,"r":11.01135777277262},"region_attributes":{"Type":"2","count":"1"}},{"shape_attributes":{"name":"circle","cx":574,"cy":390,"r":12.020815280171307},"region_attributes":{"Type":"2","count":"1"}},{"shape_attributes":{"name":"circle","cx":335,"cy":352,"r":12.727922061357855},"region_attributes":{"Type":"1","count":"1"}},{"shape_attributes":{"name":"circle","cx":340,"cy":403,"r":12.727922061357855},"region_attributes":{"Type":"1","count":"1"}},{"shape_attributes":{"name":"circle","cx":469,"cy":394,"r":12.727922061357855},"region_attributes":{"Type":"1","count":"1"}},{"shape_attributes":{"name":"circle","cx":475,"cy":353,"r":12.727922061357855},"region_attributes":{"Type":"1","count":"1"}},{"shape_attributes":{"name":"circle","cx":384,"cy":258,"r":12.727922061357855},"region_attributes":{"Type":"1","count":"1"}},{"shape_attributes":{"name":"circle","cx":396,"cy":303,"r":21},"region_attributes":{"Type":"1","count":"2"}},{"shape_attributes":{"name":"circle","cx":484,"cy":410,"r":21},"region_attributes":{"Type":"1","count":"2"}},{"shape_attributes":{"name":"circle","cx":430,"cy":235,"r":16},"region_attributes":{"Type":"1","count":"7"}},{"shape_attributes":{"name":"circle","cx":448,"cy":256,"r":23},"region_attributes":{"Type":"1","count":"4"}}],"file_attributes":{"date":"2021-11-23","temp":"61","rain":"2","neighborhood":"Cortez","total_count":""}},"https://drive.google.com/uc?export=view&id=1IeuLxIC1KwLvEpYzJg19IB9QdE_c88Wx\n":{"filename":"https://drive.google.com/uc?export=view&id=1IeuLxIC1KwLvEpYzJg19IB9QdE_c88Wx\n","size":-1,"regions":[{"shape_attributes":{"name":"circle","cx":298,"cy":178,"r":13.209844813622906},"region_attributes":{"Type":"2","count":"5"}},{"shape_attributes":{"name":"circle","cx":324,"cy":185,"r":14.534441853748634},"region_attributes":{"Type":"2","count":"2"}},{"shape_attributes":{"name":"circle","cx":297,"cy":201,"r":6.4031242374328485},"region_attributes":{"Type":"1","count":"1"}},{"shape_attributes":{"name":"circle","cx":325,"cy":202,"r":9.433981132056603},"region_attributes":{"Type":"1","count":"1"}},{"shape_attributes":{"name":"circle","cx":293,"cy":294,"r":11.412712210513327},"region_attributes":{"Type":"1","count":"1"}},{"shape_attributes":{"name":"circle","cx":324,"cy":278,"r":8.902246907382429},"region_attributes":{"Type":"1","count":"1"}},{"shape_attributes":{"name":"circle","cx":347,"cy":329,"r":12.206555615733702},"region_attributes":{"Type":"1","count":"1"}},{"shape_attributes":{"name":"circle","cx":367,"cy":305,"r":9.899494936611665},"region_attributes":{"Type":"1","count":"1"}},{"shape_attributes":{"name":"circle","cx":370,"cy":327,"r":8.845903006477066},"region_attributes":{"Type":"2","count":"1"}},{"shape_attributes":{"name":"circle","cx":284,"cy":366,"r":15.913830462839549},"region_attributes":{"Type":"1","count":"1"}},{"shape_attributes":{"name":"circle","cx":476,"cy":404,"r":12.103718436910205},"region_attributes":{"Type":"1","count":"1"}},{"shape_attributes":{"name":"circle","cx":566,"cy":400,"r":13.435028842544403},"region_attributes":{"Type":"2","count":"1"}},{"shape_attributes":{"name":"circle","cx":320,"cy":390,"r":15.913830462839549},"region_attributes":{"Type":"1","count":"1"}},{"shape_attributes":{"name":"circle","cx":422,"cy":298,"r":15.913830462839549},"region_attributes":{"Type":"1","count":"1"}},{"shape_attributes":{"name":"circle","cx":285,"cy":398,"r":16},"region_attributes":{"Type":"1","count":"3"}},{"shape_attributes":{"name":"circle","cx":339,"cy":367,"r":19},"region_attributes":{"Type":"1","count":"2"}},{"shape_attributes":{"name":"circle","cx":419,"cy":227,"r":15},"region_attributes":{"Type":"1","count":"7"}},{"shape_attributes":{"name":"circle","cx":428,"cy":261,"r":24},"region_attributes":{"Type":"1","count":"5"}}],"file_attributes":{"date":"2021-12-01","temp":"","rain":"2","neighborhood":"Cortez","total_count":""}}},"_via_attributes":{"region":{"Type":{"type":"dropdown","description":"","options":{"1":"Individual","2":"Structure","3":"Vehicle"},"default_options":{}},"count":{"type":"text","description":"","default_value":""}},"file":{"date":{"type":"text","description":"","default_value":""},"temp":{"type":"text","description":"","default_value":""},"rain":{"type":"dropdown","description":"","options":{"1":"rain","2":"clear"},"default_options":{"2":true}},"neighborhood":{"type":"text","description":"","default_value":"Cortez"},"total_count":{"type":"text","description":"","default_value":""}}},"_via_data_format_version":"2.0.10","_via_image_id_list":["https://drive.google.com/uc?export=view&id=1X8koOniLcdClneGfsWFHRkiGm1yZgtO3\n","https://drive.google.com/uc?export=view&id=1K0tWEXY9QiBVmvSyA75JPIheOGqyg7ZV\n","https://drive.google.com/uc?export=view&id=1btdfG3Eyj2sqLA3PZ6xA77RtANznpMYC\n","https://drive.google.com/uc?export=view&id=1q9LBJQdaAaFyhQY1FqKlDrZ8vI9WGBM0\n","https://drive.google.com/uc?export=view&id=10I--PO0hS8MmdkIPZ71TVS7OebG6UB8g\n","https://drive.google.com/uc?export=view&id=1IQHH2Afy4-EKdiwPUXguwQ-JE4K_CCHM\n","https://drive.google.com/uc?export=view&id=1ux4pqc_D6yWhJh34OQ2mvnhMRpMCQDJX\n","https://drive.google.com/uc?export=view&id=1_xOiZKFj5XjESZm0amiAQWQb3vydfwIp\n","https://drive.google.com/uc?export=view&id=1WoFmeVPEToTMKSLTF2ryLF7RPrmPvpxU\n","https://drive.google.com/uc?export=view&id=10paqX818qHrndbzVInrT492iogLQ7DXb\n","https://drive.google.com/uc?export=view&id=1g3vaHyg-d-ZYkb1oK4dNlfB78aF7Ox3H\n","https://drive.google.com/uc?export=view&id=1IeuLxIC1KwLvEpYzJg19IB9QdE_c88Wx\n"]}