{"_via_settings":{"ui":{"annotation_editor_height":25,"annotation_editor_fontsize":0.8,"leftsidebar_width":18,"image_grid":{"img_height":80,"rshape_fill":"none","rshape_fill_opacity":0.3,"rshape_stroke":"yellow","rshape_stroke_width":2,"show_region_shape":true,"show_image_policy":"all"},"image":{"region_label":"__via_region_id__","region_color":"__via_default_region_color__","region_label_font":"10px Sans","on_image_annotation_editor_placement":"NEAR_REGION"}},"core":{"buffer_size":18,"filepath":{},"default_filepath":""},"project":{"name":"Cortez_2018_count"}},"_via_img_metadata":{"https://drive.google.com/uc?export=view&id=1UHIkMcBq3vFQCuvQ_kf1uOrhTj0H_WfF\n":{"filename":"https://drive.google.com/uc?export=view&id=1UHIkMcBq3vFQCuvQ_kf1uOrhTj0H_WfF\n","size":-1,"regions":[{"shape_attributes":{"name":"circle","cx":1244,"cy":1049,"r":71},"region_attributes":{"Type":"1","count":"1"}},{"shape_attributes":{"name":"circle","cx":2832,"cy":1084,"r":65},"region_attributes":{"Type":"1","count":"1"}},{"shape_attributes":{"name":"circle","cx":2712,"cy":1099,"r":45},"region_attributes":{"Type":"1","count":"1"}},{"shape_attributes":{"name":"circle","cx":2597,"cy":1129,"r":61},"region_attributes":{"Type":"1","count":"1"}},{"shape_attributes":{"name":"circle","cx":2837,"cy":1383,"r":53},"region_attributes":{"Type":"1","count":"3"}},{"shape_attributes":{"name":"circle","cx":1309,"cy":1264,"r":50},"region_attributes":{"Type":"1","count":"1"}},{"shape_attributes":{"name":"circle","cx":1553,"cy":1269,"r":46},"region_attributes":{"Type":"1","count":"1"}},{"shape_attributes":{"name":"circle","cx":2417,"cy":1403,"r":63},"region_attributes":{"Type":"1","count":"2"}},{"shape_attributes":{"name":"circle","cx":2442,"cy":1488,"r":50},"region_attributes":{"Type":"1","count":"1"}},{"shape_attributes":{"name":"circle","cx":2572,"cy":1498,"r":46},"region_attributes":{"Type":"1","count":"2"}},{"shape_attributes":{"name":"circle","cx":2677,"cy":1508,"r":60},"region_attributes":{"Type":"2","count":"1"}},{"shape_attributes":{"name":"circle","cx":2897,"cy":1653,"r":51},"region_attributes":{"Type":"1","count":"1"}},{"shape_attributes":{"name":"circle","cx":2048,"cy":1698,"r":58},"region_attributes":{"Type":"1","count":"1"}},{"shape_attributes":{"name":"circle","cx":2133,"cy":1773,"r":65},"region_attributes":{"Type":"1","count":"4"}},{"shape_attributes":{"name":"circle","cx":1893,"cy":1778,"r":67},"region_attributes":{"Type":"2","count":"1"}},{"shape_attributes":{"name":"circle","cx":1249,"cy":1783,"r":74},"region_attributes":{"Type":"1","count":"1"}},{"shape_attributes":{"name":"circle","cx":1044,"cy":2048,"r":49},"region_attributes":{"Type":"1","count":"2"}},{"shape_attributes":{"name":"circle","cx":994,"cy":2158,"r":61},"region_attributes":{"Type":"1","count":"4"}},{"shape_attributes":{"name":"circle","cx":1109,"cy":2163,"r":49},"region_attributes":{"Type":"1","count":"1"}},{"shape_attributes":{"name":"circle","cx":1768,"cy":2098,"r":57},"region_attributes":{"Type":"2","count":"2"}},{"shape_attributes":{"name":"circle","cx":1913,"cy":2158,"r":60},"region_attributes":{"Type":"1","count":"1"}},{"shape_attributes":{"name":"circle","cx":1773,"cy":2222,"r":46},"region_attributes":{"Type":"1","count":"5"}},{"shape_attributes":{"name":"circle","cx":1838,"cy":2272,"r":53},"region_attributes":{"Type":"1","count":"1"}},{"shape_attributes":{"name":"circle","cx":2307,"cy":2148,"r":46},"region_attributes":{"Type":"1","count":"5"}}],"file_attributes":{"date":"2018-07-25","temp":"70","rain":"2","neighborhood":"Cortez","total_count":""}},"https://drive.google.com/uc?export=view&id=1uRQ9L1RuMBESzZ60rCVYJHOlgPWpuw1g\n":{"filename":"https://drive.google.com/uc?export=view&id=1uRQ9L1RuMBESzZ60rCVYJHOlgPWpuw1g\n","size":-1,"regions":[{"shape_attributes":{"name":"circle","cx":2887,"cy":1134,"r":82},"region_attributes":{"Type":"1","count":"3"}},{"shape_attributes":{"name":"circle","cx":2632,"cy":1348,"r":57},"region_attributes":{"Type":"1","count":"1"}},{"shape_attributes":{"name":"circle","cx":1703,"cy":1079,"r":61},"region_attributes":{"Type":"1","count":"1"}},{"shape_attributes":{"name":"circle","cx":1698,"cy":1358,"r":76},"region_attributes":{"Type":"1","count":"1"}},{"shape_attributes":{"name":"circle","cx":1623,"cy":1518,"r":65},"region_attributes":{"Type":"1","count":"1"}},{"shape_attributes":{"name":"circle","cx":2432,"cy":1533,"r":63},"region_attributes":{"Type":"1","count":"9"}},{"shape_attributes":{"name":"circle","cx":2687,"cy":1523,"r":69},"region_attributes":{"Type":"2","count":"1"}},{"shape_attributes":{"name":"circle","cx":1368,"cy":1693,"r":54},"region_attributes":{"Type":"1","count":"1"}},{"shape_attributes":{"name":"circle","cx":1613,"cy":1678,"r":54},"region_attributes":{"Type":"1","count":"2"}},{"shape_attributes":{"name":"circle","cx":2098,"cy":1718,"r":72.029},"region_attributes":{"Type":"1","count":"1"}},{"shape_attributes":{"name":"circle","cx":1693,"cy":1808,"r":54},"region_attributes":{"Type":"1","count":"1"}},{"shape_attributes":{"name":"circle","cx":2138,"cy":1798,"r":46},"region_attributes":{"Type":"1","count":"2"}},{"shape_attributes":{"name":"circle","cx":2497,"cy":1823,"r":67},"region_attributes":{"Type":"1","count":"1"}},{"shape_attributes":{"name":"circle","cx":2427,"cy":1903,"r":49},"region_attributes":{"Type":"1","count":"1"}},{"shape_attributes":{"name":"circle","cx":2762,"cy":1883,"r":76},"region_attributes":{"Type":"1","count":"1"}},{"shape_attributes":{"name":"circle","cx":1104,"cy":2063,"r":53},"region_attributes":{"Type":"1","count":"3"}},{"shape_attributes":{"name":"circle","cx":1044,"cy":2188,"r":47},"region_attributes":{"Type":"1","count":"6"}},{"shape_attributes":{"name":"circle","cx":1174,"cy":2202,"r":60},"region_attributes":{"Type":"1","count":"1"}},{"shape_attributes":{"name":"circle","cx":1818,"cy":2158,"r":67},"region_attributes":{"Type":"2","count":"1"}},{"shape_attributes":{"name":"circle","cx":1968,"cy":2163,"r":60},"region_attributes":{"Type":"1","count":"2"}},{"shape_attributes":{"name":"circle","cx":1823,"cy":2277,"r":42},"region_attributes":{"Type":"1","count":"1"}},{"shape_attributes":{"name":"circle","cx":1888,"cy":2322,"r":36},"region_attributes":{"Type":"1","count":"2"}},{"shape_attributes":{"name":"circle","cx":1963,"cy":2312,"r":46},"region_attributes":{"Type":"2","count":"1"}},{"shape_attributes":{"name":"circle","cx":2078,"cy":2188,"r":57},"region_attributes":{"Type":"1","count":"2"}},{"shape_attributes":{"name":"circle","cx":2217,"cy":2178,"r":54},"region_attributes":{"Type":"1","count":"1"}},{"shape_attributes":{"name":"circle","cx":2347,"cy":2188,"r":57},"region_attributes":{"Type":"1","count":"4"}},{"shape_attributes":{"name":"circle","cx":2427,"cy":2292,"r":57},"region_attributes":{"Type":"1","count":"1"}}],"file_attributes":{"date":"2018-08-29","temp":"70","rain":"2","neighborhood":"Cortez","total_count":""}},"https://drive.google.com/uc?export=view&id=1hPfag7yeJAbr-Wje4oEjaeDv-PtZ1qYf\n":{"filename":"https://drive.google.com/uc?export=view&id=1hPfag7yeJAbr-Wje4oEjaeDv-PtZ1qYf\n","size":-1,"regions":[{"shape_attributes":{"name":"circle","cx":2697,"cy":1059,"r":50},"region_attributes":{"Type":"1","count":"1"}},{"shape_attributes":{"name":"circle","cx":1553,"cy":1219,"r":61},"region_attributes":{"Type":"1","count":"1"}},{"shape_attributes":{"name":"circle","cx":2038,"cy":1368,"r":65},"region_attributes":{"Type":"1","count":"1"}},{"shape_attributes":{"name":"circle","cx":1573,"cy":1458,"r":57},"region_attributes":{"Type":"1","count":"1"}},{"shape_attributes":{"name":"circle","cx":2302,"cy":1373,"r":45},"region_attributes":{"Type":"1","count":"2"}},{"shape_attributes":{"name":"circle","cx":2417,"cy":1453,"r":45},"region_attributes":{"Type":"1","count":"1"}},{"shape_attributes":{"name":"circle","cx":2697,"cy":1383,"r":45},"region_attributes":{"Type":"1","count":"1"}},{"shape_attributes":{"name":"circle","cx":2632,"cy":1453,"r":42},"region_attributes":{"Type":"1","count":"1"}},{"shape_attributes":{"name":"circle","cx":2837,"cy":1348,"r":50},"region_attributes":{"Type":"1","count":"3"}},{"shape_attributes":{"name":"circle","cx":3121,"cy":1833,"r":46},"region_attributes":{"Type":"1","count":"1"}},{"shape_attributes":{"name":"circle","cx":1558,"cy":1603,"r":50},"region_attributes":{"Type":"1","count":"1"}},{"shape_attributes":{"name":"circle","cx":2038,"cy":1678,"r":60},"region_attributes":{"Type":"1","count":"1"}},{"shape_attributes":{"name":"circle","cx":1034,"cy":2003,"r":39},"region_attributes":{"Type":"1","count":"3"}},{"shape_attributes":{"name":"circle","cx":974,"cy":2113,"r":45},"region_attributes":{"Type":"1","count":"3"}},{"shape_attributes":{"name":"circle","cx":1099,"cy":2108,"r":55.838},"region_attributes":{"Type":"1","count":"1"}},{"shape_attributes":{"name":"circle","cx":1034,"cy":2217,"r":43},"region_attributes":{"Type":"1","count":"1"}},{"shape_attributes":{"name":"circle","cx":1753,"cy":2103,"r":53},"region_attributes":{"Type":"2","count":"1"}},{"shape_attributes":{"name":"circle","cx":1903,"cy":2123,"r":39},"region_attributes":{"Type":"1","count":"2"}},{"shape_attributes":{"name":"circle","cx":1753,"cy":2212,"r":43},"region_attributes":{"Type":"1","count":"3"}},{"shape_attributes":{"name":"circle","cx":2302,"cy":2108,"r":36},"region_attributes":{"Type":"1","count":"1"}},{"shape_attributes":{"name":"circle","cx":2547,"cy":2093,"r":46},"region_attributes":{"Type":"1","count":"1"}}],"file_attributes":{"date":"2018-09-27","temp":"68","rain":"2","neighborhood":"Cortez","total_count":""}},"https://drive.google.com/uc?export=view&id=1bvDAX_2fOM7UGOLsrF_KCyf_3OXg5OmH\n":{"filename":"https://drive.google.com/uc?export=view&id=1bvDAX_2fOM7UGOLsrF_KCyf_3OXg5OmH\n","size":-1,"regions":[{"shape_attributes":{"name":"circle","cx":2587,"cy":1094,"r":57},"region_attributes":{"Type":"1","count":"3"}},{"shape_attributes":{"name":"circle","cx":3101,"cy":819,"r":64},"region_attributes":{"Type":"1","count":"2"}},{"shape_attributes":{"name":"circle","cx":2862,"cy":1024,"r":60},"region_attributes":{"Type":"1","count":"1"}},{"shape_attributes":{"name":"circle","cx":2637,"cy":1284,"r":64},"region_attributes":{"Type":"1","count":"1"}},{"shape_attributes":{"name":"circle","cx":2972,"cy":1748,"r":76},"region_attributes":{"Type":"1","count":"1"}},{"shape_attributes":{"name":"circle","cx":2702,"cy":2048,"r":53},"region_attributes":{"Type":"1","count":"1"}},{"shape_attributes":{"name":"circle","cx":2058,"cy":2058,"r":74},"region_attributes":{"Type":"1","count":"1"}},{"shape_attributes":{"name":"circle","cx":2427,"cy":2148,"r":64},"region_attributes":{"Type":"1","count":"2"}},{"shape_attributes":{"name":"circle","cx":3096,"cy":2118,"r":64},"region_attributes":{"Type":"1","count":"3"}},{"shape_attributes":{"name":"circle","cx":2697,"cy":2207,"r":71},"region_attributes":{"Type":"1","count":"1"}}],"file_attributes":{"date":"2018-10-01","temp":"","rain":"2","neighborhood":"Cortez","total_count":""}},"https://drive.google.com/uc?export=view&id=1UyXsWwAw3maBtM4Lmielly_r-NZpR8fN\n":{"filename":"https://drive.google.com/uc?export=view&id=1UyXsWwAw3maBtM4Lmielly_r-NZpR8fN\n","size":-1,"regions":[{"shape_attributes":{"name":"circle","cx":1673,"cy":1104,"r":60},"region_attributes":{"Type":"1","count":"4"}},{"shape_attributes":{"name":"circle","cx":2377,"cy":1413,"r":53},"region_attributes":{"Type":"1","count":"6"}},{"shape_attributes":{"name":"circle","cx":2627,"cy":1333,"r":57},"region_attributes":{"Type":"1","count":"3"}},{"shape_attributes":{"name":"circle","cx":2422,"cy":1543,"r":53},"region_attributes":{"Type":"1","count":"5"}},{"shape_attributes":{"name":"circle","cx":2692,"cy":1553,"r":58},"region_attributes":{"Type":"1","count":"1"}},{"shape_attributes":{"name":"circle","cx":2148,"cy":1703,"r":64},"region_attributes":{"Type":"1","count":""}},{"shape_attributes":{"name":"circle","cx":1628,"cy":1533,"r":65},"region_attributes":{"Type":"1","count":"2"}},{"shape_attributes":{"name":"circle","cx":1064,"cy":2078,"r":46},"region_attributes":{"Type":"2","count":"1"}},{"shape_attributes":{"name":"circle","cx":1139,"cy":2098,"r":46},"region_attributes":{"Type":"1","count":"1"}},{"shape_attributes":{"name":"circle","cx":1049,"cy":2232,"r":57},"region_attributes":{"Type":"1","count":"6"}},{"shape_attributes":{"name":"circle","cx":1159,"cy":2212,"r":64},"region_attributes":{"Type":"1","count":"2"}},{"shape_attributes":{"name":"circle","cx":1833,"cy":2198,"r":57},"region_attributes":{"Type":"1","count":"4"}},{"shape_attributes":{"name":"circle","cx":1963,"cy":2173,"r":47},"region_attributes":{"Type":"1","count":"2"}}],"file_attributes":{"date":"2018-12-20","temp":"59","rain":"2","neighborhood":"Cortez","total_count":""}}},"_via_attributes":{"region":{"Type":{"type":"dropdown","description":"","options":{"1":"Individual","2":"Structure","3":"Vehicle"},"default_options":{}},"count":{"type":"text","description":"","default_value":""}},"file":{"date":{"type":"text","description":"","default_value":""},"temp":{"type":"text","description":"","default_value":""},"rain":{"type":"dropdown","description":"","options":{"1":"rain","2":"clear"},"default_options":{"2":true}},"neighborhood":{"type":"text","description":"","default_value":"Cortez"},"total_count":{"type":"text","description":"","default_value":""}}}}