{"_via_settings":{"ui":{"annotation_editor_height":25,"annotation_editor_fontsize":0.8,"leftsidebar_width":18,"image_grid":{"img_height":80,"rshape_fill":"none","rshape_fill_opacity":0.3,"rshape_stroke":"yellow","rshape_stroke_width":2,"show_region_shape":true,"show_image_policy":"all"},"image":{"region_label":"__via_region_id__","region_color":"__via_default_region_color__","region_label_font":"10px Sans","on_image_annotation_editor_placement":"NEAR_REGION"}},"core":{"buffer_size":18,"filepath":{},"default_filepath":""},"project":{"name":"Cortez_2020_changed"}},"_via_img_metadata":{"https://drive.google.com/uc?export=view&id=1KzODuR2syysVKBOjkTq0LcG8bNGuQ--3\n":{"filename":"https://drive.google.com/uc?export=view&id=1KzODuR2syysVKBOjkTq0LcG8bNGuQ--3\n","size":-1,"regions":[{"shape_attributes":{"name":"circle","cx":209,"cy":397,"r":10},"region_attributes":{"Type":"2","count":"2"}},{"shape_attributes":{"name":"circle","cx":227,"cy":156,"r":15.556349186104045},"region_attributes":{"Type":"1","count":"1"}},{"shape_attributes":{"name":"circle","cx":310,"cy":369,"r":17.240939649566666},"region_attributes":{"Type":"1","count":"1"}},{"shape_attributes":{"name":"circle","cx":360,"cy":370,"r":17.240939649566666},"region_attributes":{"Type":"1","count":"1"}},{"shape_attributes":{"name":"circle","cx":398,"cy":353,"r":17.240939649566666},"region_attributes":{"Type":"1","count":"1"}},{"shape_attributes":{"name":"circle","cx":338,"cy":191,"r":17.240939649566666},"region_attributes":{"Type":"1","count":"1"}},{"shape_attributes":{"name":"circle","cx":576,"cy":230,"r":17.240939649566666},"region_attributes":{"Type":"1","count":"1"}},{"shape_attributes":{"name":"circle","cx":638,"cy":319,"r":17.240939649566666},"region_attributes":{"Type":"1","count":"1"}},{"shape_attributes":{"name":"circle","cx":314,"cy":304,"r":17.240939649566666},"region_attributes":{"Type":"1","count":"1"}},{"shape_attributes":{"name":"circle","cx":368,"cy":234,"r":16.80029761641144},"region_attributes":{"Type":"3","count":"1"}},{"shape_attributes":{"name":"circle","cx":393,"cy":216,"r":10},"region_attributes":{"Type":"1","count":"2"}},{"shape_attributes":{"name":"circle","cx":336,"cy":372,"r":10.816653826391969},"region_attributes":{"Type":"1","count":"2"}},{"shape_attributes":{"name":"circle","cx":428,"cy":392,"r":12.093386622447824},"region_attributes":{"Type":"1","count":"3"}},{"shape_attributes":{"name":"circle","cx":449,"cy":396,"r":12.776932339180638},"region_attributes":{"Type":"2","count":"1"}},{"shape_attributes":{"name":"circle","cx":698,"cy":258,"r":12.776932339180638},"region_attributes":{"Type":"3","count":"1"}},{"shape_attributes":{"name":"circle","cx":459,"cy":237,"r":14},"region_attributes":{"Type":"1","count":"3"}},{"shape_attributes":{"name":"circle","cx":428,"cy":238,"r":19},"region_attributes":{"Type":"1","count":"7"}},{"shape_attributes":{"name":"circle","cx":445,"cy":252,"r":17},"region_attributes":{"Type":"1","count":"9"}},{"shape_attributes":{"name":"circle","cx":194,"cy":366,"r":16},"region_attributes":{"Type":"1","count":"1"}},{"shape_attributes":{"name":"circle","cx":194,"cy":387,"r":18},"region_attributes":{"Type":"1","count":"2"}}],"file_attributes":{"date":"2020-01-01","temp":"48","rain":"2","neighborhood":"Cortez","total_count":""}},"https://drive.google.com/uc?export=view&id=1ty9xqXqc4GWUkbTVqt8lGMZce0TMCXU0\n":{"filename":"https://drive.google.com/uc?export=view&id=1ty9xqXqc4GWUkbTVqt8lGMZce0TMCXU0\n","size":-1,"regions":[{"shape_attributes":{"name":"circle","cx":187,"cy":402,"r":7.810249675906654},"region_attributes":{"Type":"2","count":"1"}},{"shape_attributes":{"name":"circle","cx":206,"cy":384,"r":15.20690632574555},"region_attributes":{"Type":"1","count":"2"}},{"shape_attributes":{"name":"circle","cx":254,"cy":388,"r":20.554804791094465},"region_attributes":{"Type":"1","count":"1"}},{"shape_attributes":{"name":"circle","cx":302,"cy":320,"r":17.414074767267998},"region_attributes":{"Type":"1","count":"2"}},{"shape_attributes":{"name":"circle","cx":290,"cy":198,"r":15.572411502397436},"region_attributes":{"Type":"1","count":"2"}},{"shape_attributes":{"name":"circle","cx":294,"cy":263,"r":14.150971698084906},"region_attributes":{"Type":"1","count":"2"}},{"shape_attributes":{"name":"circle","cx":428,"cy":232,"r":19.144189719076646},"region_attributes":{"Type":"1","count":"10"}},{"shape_attributes":{"name":"circle","cx":418,"cy":267,"r":11.926860441876563},"region_attributes":{"Type":"2","count":"1"}},{"shape_attributes":{"name":"circle","cx":444,"cy":263,"r":16.3783393541592},"region_attributes":{"Type":"1","count":"11"}},{"shape_attributes":{"name":"circle","cx":473,"cy":227,"r":11.661903789690601},"region_attributes":{"Type":"2","count":"1"}},{"shape_attributes":{"name":"circle","cx":490,"cy":232,"r":11.672617529928752},"region_attributes":{"Type":"1","count":"2"}},{"shape_attributes":{"name":"circle","cx":481,"cy":263,"r":16.97056274847714},"region_attributes":{"Type":"2","count":"1"}},{"shape_attributes":{"name":"circle","cx":518,"cy":247,"r":18.867962264113206},"region_attributes":{"Type":"1","count":"1"}},{"shape_attributes":{"name":"circle","cx":379,"cy":227,"r":17.755280904564703},"region_attributes":{"Type":"1","count":"1"}},{"shape_attributes":{"name":"circle","cx":390,"cy":239,"r":17.755280904564703},"region_attributes":{"Type":"1","count":"1"}},{"shape_attributes":{"name":"circle","cx":403,"cy":257,"r":17.755280904564703},"region_attributes":{"Type":"1","count":"1"}},{"shape_attributes":{"name":"circle","cx":395,"cy":266,"r":17.755280904564703},"region_attributes":{"Type":"1","count":"1"}},{"shape_attributes":{"name":"circle","cx":327,"cy":268,"r":17.755280904564703},"region_attributes":{"Type":"1","count":"1"}},{"shape_attributes":{"name":"circle","cx":570,"cy":199,"r":17.755280904564703},"region_attributes":{"Type":"1","count":"1"}},{"shape_attributes":{"name":"circle","cx":353,"cy":242,"r":15},"region_attributes":{"Type":"1","count":"3"}}],"file_attributes":{"date":"2020-02-26","temp":"55","rain":"2","neighborhood":"Cortez","total_count":""}},"https://drive.google.com/uc?export=view&id=16XnK8mHJUZhc_DrTdIMVypIAJzUnSgPP\n":{"filename":"https://drive.google.com/uc?export=view&id=16XnK8mHJUZhc_DrTdIMVypIAJzUnSgPP\n","size":-1,"regions":[{"shape_attributes":{"name":"circle","cx":218,"cy":363,"r":8.32165848854662},"region_attributes":{"Type":"1","count":"1"}},{"shape_attributes":{"name":"circle","cx":226,"cy":388,"r":13.892443989449804},"region_attributes":{"Type":"2","count":"1"}},{"shape_attributes":{"name":"circle","cx":479,"cy":192,"r":13.647344063956181},"region_attributes":{"Type":"1","count":"1"}},{"shape_attributes":{"name":"circle","cx":420,"cy":250,"r":16.347782724271816},"region_attributes":{"Type":"2","count":"1"}},{"shape_attributes":{"name":"circle","cx":494,"cy":248,"r":12.093386622447824},"region_attributes":{"Type":"1","count":"2"}},{"shape_attributes":{"name":"circle","cx":592,"cy":384,"r":12.349089035228468},"region_attributes":{"Type":"1","count":"2"}},{"shape_attributes":{"name":"circle","cx":398,"cy":236,"r":10.77},"region_attributes":{"Type":"1","count":"1"}},{"shape_attributes":{"name":"circle","cx":495,"cy":202,"r":13.647344063956181},"region_attributes":{"Type":"1","count":"1"}},{"shape_attributes":{"name":"circle","cx":519,"cy":189,"r":15},"region_attributes":{"Type":"1","count":"3"}},{"shape_attributes":{"name":"circle","cx":447,"cy":238,"r":16},"region_attributes":{"Type":"1","count":"6"}},{"shape_attributes":{"name":"circle","cx":460,"cy":269,"r":21},"region_attributes":{"Type":"1","count":"7"}}],"file_attributes":{"date":"2020-03-26","temp":"55","rain":"1","neighborhood":"Cortez","total_count":""}},"https://drive.google.com/uc?export=view&id=1AjO-sR0EmucecxO49bFDsqgCwXOEYGOt\n":{"filename":"https://drive.google.com/uc?export=view&id=1AjO-sR0EmucecxO49bFDsqgCwXOEYGOt\n","size":-1,"regions":[{"shape_attributes":{"name":"circle","cx":193,"cy":404,"r":12.419742348374221},"region_attributes":{"Type":"1","count":"1"}},{"shape_attributes":{"name":"circle","cx":292,"cy":378,"r":11.335784048754634},"region_attributes":{"Type":"1","count":"1"}},{"shape_attributes":{"name":"circle","cx":346,"cy":199,"r":12.5},"region_attributes":{"Type":"1","count":"1"}},{"shape_attributes":{"name":"circle","cx":340,"cy":224,"r":11.672617529928752},"region_attributes":{"Type":"2","count":"1"}},{"shape_attributes":{"name":"circle","cx":342,"cy":251,"r":10.307764064044152},"region_attributes":{"Type":"1","count":"1"}},{"shape_attributes":{"name":"circle","cx":462,"cy":225,"r":14.150971698084906},"region_attributes":{"Type":"1","count":"2"}},{"shape_attributes":{"name":"circle","cx":470,"cy":266,"r":15.572411502397436},"region_attributes":{"Type":"2","count":"1"}},{"shape_attributes":{"name":"circle","cx":462,"cy":382,"r":12.747548783981962},"region_attributes":{"Type":"1","count":"1"}},{"shape_attributes":{"name":"circle","cx":516,"cy":402,"r":13.124404748406688},"region_attributes":{"Type":"1","count":"2"}},{"shape_attributes":{"name":"circle","cx":409,"cy":244,"r":19},"region_attributes":{"Type":"1","count":"6"}},{"shape_attributes":{"name":"circle","cx":423,"cy":273,"r":31},"region_attributes":{"Type":"1","count":"5"}}],"file_attributes":{"date":"2020-04-30","temp":"","rain":"2","neighborhood":"Cortez","total_count":""}},"https://drive.google.com/uc?export=view&id=136oiqanNwgEDEKxI5LyX8jPx36dH0RPh\n":{"filename":"https://drive.google.com/uc?export=view&id=136oiqanNwgEDEKxI5LyX8jPx36dH0RPh\n","size":-1,"regions":[{"shape_attributes":{"name":"circle","cx":385,"cy":302,"r":18.607794065928395},"region_attributes":{"Type":"1","count":"1"}},{"shape_attributes":{"name":"circle","cx":298,"cy":399,"r":18.309833423600555},"region_attributes":{"Type":"1","count":"2"}},{"shape_attributes":{"name":"circle","cx":394,"cy":398,"r":20.155644370746373},"region_attributes":{"Type":"1","count":"4"}},{"shape_attributes":{"name":"circle","cx":329,"cy":310,"r":9.013878188659973},"region_attributes":{"count":"1","Type":"1"}},{"shape_attributes":{"name":"circle","cx":466,"cy":306,"r":12.093386622447824},"region_attributes":{"Type":"1","count":"1"}},{"shape_attributes":{"name":"circle","cx":522,"cy":308,"r":9.924716620639604},"region_attributes":{"Type":"1","count":"2"}},{"shape_attributes":{"name":"circle","cx":512,"cy":194,"r":13.200378782444085},"region_attributes":{"Type":"1","count":"1"}},{"shape_attributes":{"name":"circle","cx":490,"cy":208,"r":15.913830462839549},"region_attributes":{"Type":"1","count":"1"}},{"shape_attributes":{"name":"circle","cx":367,"cy":325,"r":18.607794065928395},"region_attributes":{"Type":"1","count":"1"}},{"shape_attributes":{"name":"circle","cx":435,"cy":301,"r":18.607794065928395},"region_attributes":{"Type":"1","count":"1"}},{"shape_attributes":{"name":"circle","cx":439,"cy":344,"r":18.607794065928395},"region_attributes":{"Type":"1","count":"1"}},{"shape_attributes":{"name":"circle","cx":194,"cy":408,"r":18.607794065928395},"region_attributes":{"Type":"1","count":"1"}},{"shape_attributes":{"name":"circle","cx":416,"cy":324,"r":19},"region_attributes":{"Type":"1","count":"7"}}],"file_attributes":{"date":"2020-05-01","temp":"","rain":"2","neighborhood":"Cortez","total_count":""}},"https://drive.google.com/uc?export=view&id=18HzcQ0AY9rdQ4Q4glwMBmYIVqgkBq751\n":{"filename":"https://drive.google.com/uc?export=view&id=18HzcQ0AY9rdQ4Q4glwMBmYIVqgkBq751\n","size":-1,"regions":[{"shape_attributes":{"name":"circle","cx":328,"cy":315,"r":17.69180601295413},"region_attributes":{"Type":"1","count":"1"}},{"shape_attributes":{"name":"circle","cx":279,"cy":420,"r":17.69180601295413},"region_attributes":{"Type":"1","count":"1"}},{"shape_attributes":{"name":"circle","cx":385,"cy":347,"r":17.69180601295413},"region_attributes":{"Type":"1","count":"1"}},{"shape_attributes":{"name":"circle","cx":480,"cy":352,"r":17.69180601295413},"region_attributes":{"Type":"1","count":"1"}},{"shape_attributes":{"name":"circle","cx":515,"cy":375,"r":17.69180601295413},"region_attributes":{"Type":"1","count":"1"}},{"shape_attributes":{"name":"circle","cx":445,"cy":418,"r":17.69180601295413},"region_attributes":{"Type":"1","count":"1"}},{"shape_attributes":{"name":"circle","cx":330,"cy":394,"r":17.69180601295413},"region_attributes":{"Type":"1","count":"4"}},{"shape_attributes":{"name":"circle","cx":395,"cy":397,"r":17.69180601295413},"region_attributes":{"Type":"1","count":"2"}},{"shape_attributes":{"name":"circle","cx":258,"cy":391,"r":17.69180601295413},"region_attributes":{"Type":"1","count":"1"}},{"shape_attributes":{"name":"circle","cx":436,"cy":258,"r":18.506755523321747},"region_attributes":{"Type":"1","count":"13"}},{"shape_attributes":{"name":"circle","cx":433,"cy":281,"r":7.211102550927978},"region_attributes":{"Type":"2","count":"1"}},{"shape_attributes":{"name":"circle","cx":440,"cy":376,"r":10.816653826391969},"region_attributes":{"Type":"1","count":"2"}},{"shape_attributes":{"name":"circle","cx":422,"cy":400,"r":9.924716620639604},"region_attributes":{"Type":"1","count":"2"}},{"shape_attributes":{"name":"circle","cx":199,"cy":398,"r":16.650825805346713},"region_attributes":{"Type":"2","count":"1"}},{"shape_attributes":{"name":"circle","cx":520,"cy":416,"r":12.747548783981962},"region_attributes":{"Type":"1","count":"2"}},{"shape_attributes":{"name":"circle","cx":195,"cy":420,"r":16.650825805346713},"region_attributes":{"Type":"2","count":"1"}},{"shape_attributes":{"name":"circle","cx":480,"cy":306,"r":16.650825805346713},"region_attributes":{"Type":"2","count":"1"}}],"file_attributes":{"date":"2020-06-25","temp":"60","rain":"2","neighborhood":"Cortez","total_count":""}},"https://drive.google.com/uc?export=view&id=1lHJALPX7f5s6Qoc4hOjirf1K1w-SGosH\n":{"filename":"https://drive.google.com/uc?export=view&id=1lHJALPX7f5s6Qoc4hOjirf1K1w-SGosH\n","size":-1,"regions":[{"shape_attributes":{"name":"circle","cx":179,"cy":420,"r":14.212670403551895},"region_attributes":{"Type":"1","count":"1"}},{"shape_attributes":{"name":"circle","cx":300,"cy":343,"r":10.307764064044152},"region_attributes":{"Type":"1","count":"1"}},{"shape_attributes":{"name":"circle","cx":322,"cy":406,"r":17.67766952966369},"region_attributes":{"Type":"1","count":"3"}},{"shape_attributes":{"name":"circle","cx":374,"cy":317,"r":15.305227865013967},"region_attributes":{"Type":"1","count":"1"}},{"shape_attributes":{"name":"circle","cx":432,"cy":416,"r":13.124404748406688},"region_attributes":{"Type":"1","count":"1"}},{"shape_attributes":{"name":"circle","cx":444,"cy":351,"r":16.00781059358212},"region_attributes":{"Type":"1","count":"1"}},{"shape_attributes":{"name":"circle","cx":470,"cy":265,"r":13.793114224133722},"region_attributes":{"Type":"1","count":"1"}},{"shape_attributes":{"name":"circle","cx":464,"cy":310,"r":13.793114224133722},"region_attributes":{"Type":"1","count":"1"}},{"shape_attributes":{"name":"circle","cx":482,"cy":305,"r":12.529964086141668},"region_attributes":{"Type":"2","count":"1"}},{"shape_attributes":{"name":"circle","cx":415,"cy":259,"r":16},"region_attributes":{"Type":"1","count":"7"}},{"shape_attributes":{"name":"circle","cx":427,"cy":279,"r":19},"region_attributes":{"Type":"1","count":"5"}}],"file_attributes":{"date":"2020-07-29","temp":"64","rain":"2","neighborhood":"Cortez","total_count":""}},"https://drive.google.com/uc?export=view&id=1p8Jb1OdwlCRMH7EM22d6eBKEszBmV7-e\n":{"filename":"https://drive.google.com/uc?export=view&id=1p8Jb1OdwlCRMH7EM22d6eBKEszBmV7-e\n","size":-1,"regions":[{"shape_attributes":{"name":"circle","cx":240,"cy":406,"r":18.741664813991314},"region_attributes":{"Type":"1","count":"1"}},{"shape_attributes":{"name":"circle","cx":315,"cy":375,"r":17.69180601295413},"region_attributes":{"Type":"1","count":"1"}},{"shape_attributes":{"name":"circle","cx":407,"cy":384,"r":17.69180601295413},"region_attributes":{"Type":"1","count":"1"}},{"shape_attributes":{"name":"circle","cx":420,"cy":404,"r":17.69180601295413},"region_attributes":{"Type":"1","count":"1"}},{"shape_attributes":{"name":"circle","cx":379,"cy":332,"r":17.69180601295413},"region_attributes":{"Type":"1","count":"1"}},{"shape_attributes":{"name":"circle","cx":468,"cy":287,"r":17.69180601295413},"region_attributes":{"Type":"1","count":"1"}},{"shape_attributes":{"name":"circle","cx":258,"cy":391,"r":17.69180601295413},"region_attributes":{"Type":"1","count":"1"}},{"shape_attributes":{"name":"circle","cx":463,"cy":196,"r":9.5524865872714},"region_attributes":{"Type":"1","count":"2"}},{"shape_attributes":{"name":"circle","cx":293,"cy":408,"r":15.20690632574555},"region_attributes":{"Type":"1","count":"2"}},{"shape_attributes":{"name":"circle","cx":410,"cy":240,"r":16},"region_attributes":{"Type":"1","count":"9"}},{"shape_attributes":{"name":"circle","cx":426,"cy":267,"r":19},"region_attributes":{"Type":"1","count":"1"}}],"file_attributes":{"date":"2020-08-27","temp":"74","rain":"2","neighborhood":"Cortez","total_count":""}},"https://drive.google.com/uc?export=view&id=1JeIO3LT9B-za2nQy_VA-HvjfwIRn15hu\n":{"filename":"https://drive.google.com/uc?export=view&id=1JeIO3LT9B-za2nQy_VA-HvjfwIRn15hu\n","size":-1,"regions":[{"shape_attributes":{"name":"circle","cx":298,"cy":280,"r":13.124404748406688},"region_attributes":{"Type":"1","count":"2"}},{"shape_attributes":{"name":"circle","cx":321,"cy":386,"r":18.560711193270585},"region_attributes":{"Type":"1","count":"1"}},{"shape_attributes":{"name":"circle","cx":486,"cy":348,"r":14.212670403551895},"region_attributes":{"Type":"1","count":"1"}},{"shape_attributes":{"name":"circle","cx":536,"cy":378,"r":14.422205101855956},"region_attributes":{"Type":"1","count":"1"}},{"shape_attributes":{"name":"circle","cx":341,"cy":391,"r":18.560711193270585},"region_attributes":{"Type":"1","count":"1"}},{"shape_attributes":{"name":"circle","cx":276,"cy":332,"r":18.560711193270585},"region_attributes":{"Type":"1","count":"1"}},{"shape_attributes":{"name":"circle","cx":330,"cy":419,"r":17},"region_attributes":{"Type":"1","count":"3"}},{"shape_attributes":{"name":"circle","cx":414,"cy":261,"r":12},"region_attributes":{"Type":"1","count":"4"}},{"shape_attributes":{"name":"circle","cx":431,"cy":274,"r":23},"region_attributes":{"Type":"1","count":"2"}}],"file_attributes":{"date":"2020-09-29","temp":"70","rain":"2","neighborhood":"Cortez","total_count":""}},"https://drive.google.com/uc?export=view&id=1qDVzD2hVI7yW34CPEqew_V_OcB3Kv6zf\n":{"filename":"https://drive.google.com/uc?export=view&id=1qDVzD2hVI7yW34CPEqew_V_OcB3Kv6zf\n","size":-1,"regions":[{"shape_attributes":{"name":"circle","cx":298,"cy":238,"r":10.307764064044152},"region_attributes":{"Type":"1","count":"1"}},{"shape_attributes":{"name":"circle","cx":349,"cy":390,"r":16.688319268278637},"region_attributes":{"Type":"1","count":"1"}},{"shape_attributes":{"name":"circle","cx":478,"cy":416,"r":11.715374513859981},"region_attributes":{"Type":"1","count":"1"}},{"shape_attributes":{"name":"circle","cx":580,"cy":386,"r":13.901438774457844},"region_attributes":{"Type":"1","count":"1"}},{"shape_attributes":{"name":"circle","cx":512,"cy":237,"r":10.547511554864494},"region_attributes":{"Type":"1","count":"1"}},{"shape_attributes":{"name":"circle","cx":414,"cy":208,"r":13.0862523283024},"region_attributes":{"Type":"1","count":"1"}},{"shape_attributes":{"name":"circle","cx":412,"cy":390,"r":16.688319268278637},"region_attributes":{"Type":"1","count":"1"}},{"shape_attributes":{"name":"circle","cx":341,"cy":421,"r":16.688319268278637},"region_attributes":{"Type":"1","count":"1"}},{"shape_attributes":{"name":"circle","cx":320,"cy":260,"r":16.688319268278637},"region_attributes":{"Type":"1","count":"1"}},{"shape_attributes":{"name":"circle","cx":315,"cy":401,"r":18},"region_attributes":{"Type":"1","count":"2"}},{"shape_attributes":{"name":"circle","cx":302,"cy":322,"r":18},"region_attributes":{"Type":"1","count":"2"}},{"shape_attributes":{"name":"circle","cx":265,"cy":309,"r":18},"region_attributes":{"Type":"1","count":"2"}},{"shape_attributes":{"name":"circle","cx":364,"cy":280,"r":18},"region_attributes":{"Type":"1","count":"2"}},{"shape_attributes":{"name":"circle","cx":429,"cy":412,"r":18},"region_attributes":{"Type":"1","count":"2"}},{"shape_attributes":{"name":"circle","cx":366,"cy":247,"r":16},"region_attributes":{"Type":"1","count":"3"}},{"shape_attributes":{"name":"circle","cx":412,"cy":259,"r":15},"region_attributes":{"Type":"1","count":"7"}},{"shape_attributes":{"name":"circle","cx":432,"cy":277,"r":18},"region_attributes":{"Type":"1","count":"4"}}],"file_attributes":{"date":"2020-10-29","temp":"61","rain":"2","neighborhood":"Cortez","total_count":""}},"https://drive.google.com/uc?export=view&id=14tuVLLM1NPGz3TeiYoM8GNJg5aetSylq\n":{"filename":"https://drive.google.com/uc?export=view&id=14tuVLLM1NPGz3TeiYoM8GNJg5aetSylq\n","size":-1,"regions":[{"shape_attributes":{"name":"circle","cx":344,"cy":368,"r":14.300349646075091},"region_attributes":{"Type":"1","count":"1"}},{"shape_attributes":{"name":"circle","cx":297,"cy":323,"r":13.038404810405298},"region_attributes":{"Type":"1","count":"4"}},{"shape_attributes":{"name":"circle","cx":372,"cy":236,"r":12.103718436910205},"region_attributes":{"Type":"1","count":"1"}},{"shape_attributes":{"name":"circle","cx":478,"cy":306,"r":11.335784048754634},"region_attributes":{"Type":"1","count":"1"}},{"shape_attributes":{"name":"circle","cx":340,"cy":413,"r":14.300349646075091},"region_attributes":{"Type":"1","count":"1"}},{"shape_attributes":{"name":"circle","cx":319,"cy":413,"r":14.300349646075091},"region_attributes":{"Type":"1","count":"1"}},{"shape_attributes":{"name":"circle","cx":298,"cy":280,"r":14.300349646075091},"region_attributes":{"Type":"1","count":"1"}},{"shape_attributes":{"name":"circle","cx":327,"cy":379,"r":21},"region_attributes":{"Type":"1","count":"2"}},{"shape_attributes":{"name":"circle","cx":436,"cy":278,"r":14},"region_attributes":{"Type":"1","count":"4"}},{"shape_attributes":{"name":"circle","cx":418,"cy":269,"r":26},"region_attributes":{"Type":"1","count":"6"}}],"file_attributes":{"date":"2020-11-24","temp":"59","rain":"2","neighborhood":"Cortez","total_count":""}},"https://drive.google.com/uc?export=view&id=1IMsurPTfAepRTIhJi8a_J0bST1hY6E-i\n":{"filename":"https://drive.google.com/uc?export=view&id=1IMsurPTfAepRTIhJi8a_J0bST1hY6E-i\n","size":-1,"regions":[{"shape_attributes":{"name":"circle","cx":269,"cy":132,"r":16.224980739587952},"region_attributes":{"Type":"2","count":"8"}},{"shape_attributes":{"name":"circle","cx":300,"cy":136,"r":13.729530217745982},"region_attributes":{"Type":"2","count":"5"}},{"shape_attributes":{"name":"circle","cx":259,"cy":324,"r":14.603081866510234},"region_attributes":{"Type":"1","count":"1"}},{"shape_attributes":{"name":"circle","cx":298,"cy":207,"r":11.926860441876563},"region_attributes":{"Type":"1","count":"1"}},{"shape_attributes":{"name":"circle","cx":298,"cy":245,"r":13.45362404707371},"region_attributes":{"Type":"1","count":"1"}},{"shape_attributes":{"name":"circle","cx":356,"cy":248,"r":15.913830462839549},"region_attributes":{"Type":"1","count":"3"}},{"shape_attributes":{"name":"circle","cx":356,"cy":350,"r":16.32482771731451},"region_attributes":{"Type":"2","count":"1"}},{"shape_attributes":{"name":"circle","cx":400,"cy":173,"r":15.264337522473747},"region_attributes":{"Type":"2","count":"1"}},{"shape_attributes":{"name":"circle","cx":472,"cy":170,"r":18.9010581714358},"region_attributes":{"Type":"1","count":"1"}},{"shape_attributes":{"name":"circle","cx":464,"cy":392,"r":14.705441169852742},"region_attributes":{"Type":"1","count":"1"}},{"shape_attributes":{"name":"circle","cx":273,"cy":240,"r":14.603081866510234},"region_attributes":{"Type":"1","count":"1"}},{"shape_attributes":{"name":"circle","cx":273,"cy":306,"r":16},"region_attributes":{"Type":"1","count":"2"}},{"shape_attributes":{"name":"circle","cx":397,"cy":235,"r":17},"region_attributes":{"Type":"1","count":"9"}},{"shape_attributes":{"name":"circle","cx":418,"cy":254,"r":21},"region_attributes":{"Type":"1","count":"6"}}],"file_attributes":{"date":"2020-12-29","temp":"53","rain":"1","neighborhood":"Cortez","total_count":""}}},"_via_attributes":{"region":{"Type":{"type":"dropdown","description":"","options":{"1":"Individual","2":"Structure","3":"Vehicle"},"default_options":{}},"count":{"type":"text","description":"","default_value":""}},"file":{"date":{"type":"text","description":"","default_value":""},"temp":{"type":"text","description":"","default_value":""},"rain":{"type":"dropdown","description":"","options":{"1":"rain","2":"clear"},"default_options":{"2":true}},"neighborhood":{"type":"text","description":"","default_value":"Cortez"},"total_count":{"type":"text","description":"","default_value":""}}}}