{"_via_settings":{"ui":{"annotation_editor_height":25,"annotation_editor_fontsize":0.8,"leftsidebar_width":18,"image_grid":{"img_height":80,"rshape_fill":"none","rshape_fill_opacity":0.3,"rshape_stroke":"yellow","rshape_stroke_width":2,"show_region_shape":true,"show_image_policy":"all"},"image":{"region_label":"__via_region_id__","region_color":"__via_default_region_color__","region_label_font":"0px Sans","on_image_annotation_editor_placement":"NEAR_REGION"}},"core":{"buffer_size":"18","filepath":{},"default_filepath":""},"project":{"name":"Cortez_2019_changed"}},"_via_img_metadata":{"https://drive.google.com/uc?export=view&id=1IeJxzMWWHFFrQXwXTqDNR1AvMYR4D-jv\n":{"filename":"https://drive.google.com/uc?export=view&id=1IeJxzMWWHFFrQXwXTqDNR1AvMYR4D-jv\n","size":-1,"regions":[{"shape_attributes":{"name":"circle","cx":268,"cy":300,"r":23.50531854708632},"region_attributes":{"Type":"1","count":"1"}},{"shape_attributes":{"name":"circle","cx":270,"cy":186,"r":23.50531854708632},"region_attributes":{"Type":"2","count":"2"}},{"shape_attributes":{"name":"circle","cx":341,"cy":380,"r":15.556349186104045},"region_attributes":{"Type":"2","count":"1"}},{"shape_attributes":{"name":"circle","cx":390,"cy":240,"r":17.804493814764857},"region_attributes":{"Type":"1","count":"4"}},{"shape_attributes":{"name":"circle","cx":404,"cy":272,"r":19.912307751739878},"region_attributes":{"Type":"1","count":"3"}},{"shape_attributes":{"name":"circle","cx":312,"cy":383,"r":12.103718436910205},"region_attributes":{"Type":"1","count":"2"}},{"shape_attributes":{"name":"circle","cx":362,"cy":341,"r":16.278820596099706},"region_attributes":{"Type":"1","count":"1"}},{"shape_attributes":{"name":"circle","cx":440,"cy":323,"r":18.117670931993437},"region_attributes":{"Type":"1","count":"2"}},{"shape_attributes":{"name":"circle","cx":393,"cy":390,"r":17.69180601295413},"region_attributes":{"Type":"1","count":"3"}},{"shape_attributes":{"name":"circle","cx":439,"cy":372,"r":13.82931668593933},"region_attributes":{"Type":"1","count":"3"}},{"shape_attributes":{"name":"circle","cx":434,"cy":406,"r":12.727922061357855},"region_attributes":{"Type":"1","count":"3"}},{"shape_attributes":{"name":"circle","cx":488,"cy":188,"r":20.112185361118765},"region_attributes":{"Type":"1","count":"1"}},{"shape_attributes":{"name":"circle","cx":458,"cy":270,"r":14.326548781894402},"region_attributes":{"Type":"2","count":"1"}},{"shape_attributes":{"name":"circle","cx":596,"cy":144,"r":15.20690632574555},"region_attributes":{"Type":"1","count":"2"}},{"shape_attributes":{"name":"circle","cx":554,"cy":310,"r":11.40175425099138},"region_attributes":{"Type":"1","count":"2"}},{"shape_attributes":{"name":"circle","cx":508,"cy":347,"r":16.278820596099706},"region_attributes":{"Type":"1","count":"1"}},{"shape_attributes":{"name":"circle","cx":437,"cy":241,"r":13},"region_attributes":{"Type":"1","count":"3"}},{"shape_attributes":{"name":"circle","cx":436,"cy":273,"r":17},"region_attributes":{"Type":"1","count":"1"}},{"shape_attributes":{"name":"circle","cx":291,"cy":392,"r":12.103718436910205},"region_attributes":{"Type":"1","count":"2"}},{"shape_attributes":{"name":"circle","cx":160,"cy":371,"r":12.103718436910205},"region_attributes":{"Type":"1","count":"2"}},{"shape_attributes":{"name":"circle","cx":342,"cy":408,"r":12.103718436910205},"region_attributes":{"Type":"1","count":"2"}},{"shape_attributes":{"name":"circle","cx":178,"cy":391,"r":19},"region_attributes":{"Type":"1","count":"1"}},{"shape_attributes":{"name":"circle","cx":148,"cy":395,"r":17},"region_attributes":{"Type":"1","count":"8"}}],"file_attributes":{"date":"2019-01-31","temp":"55","rain":"2","neighborhood":"Cortez","total_count":""}},"https://drive.google.com/uc?export=view&id=1JMJ7yyUq7bi3xlyfdwf-y3o1y-Oq3vqV\n":{"filename":"https://drive.google.com/uc?export=view&id=1JMJ7yyUq7bi3xlyfdwf-y3o1y-Oq3vqV\n","size":-1,"regions":[{"shape_attributes":{"name":"circle","cx":394,"cy":300,"r":15.116216457830975},"region_attributes":{"Type":"1","count":"2"}},{"shape_attributes":{"name":"circle","cx":429,"cy":294,"r":15.239750654128171},"region_attributes":{"Type":"1","count":"8"}},{"shape_attributes":{"name":"circle","cx":422,"cy":323,"r":15.305227865013967},"region_attributes":{"Type":"2","count":"1"}},{"shape_attributes":{"name":"circle","cx":494,"cy":361,"r":19.557607215607945},"region_attributes":{"Type":"1","count":"1"}},{"shape_attributes":{"name":"circle","cx":550,"cy":168,"r":21.02974084481309},"region_attributes":{"Type":"1","count":"1"}},{"shape_attributes":{"name":"circle","cx":358,"cy":337,"r":19.557607215607945},"region_attributes":{"Type":"1","count":"1"}},{"shape_attributes":{"name":"circle","cx":210,"cy":410,"r":19.557607215607945},"region_attributes":{"Type":"1","count":"1"}},{"shape_attributes":{"name":"circle","cx":564,"cy":318,"r":19.557607215607945},"region_attributes":{"Type":"1","count":"1"}},{"shape_attributes":{"name":"circle","cx":327,"cy":321,"r":19},"region_attributes":{"Type":"1","count":"2"}},{"shape_attributes":{"name":"circle","cx":465,"cy":385,"r":24},"region_attributes":{"Type":"1","count":"5"}},{"shape_attributes":{"name":"circle","cx":196,"cy":367,"r":23},"region_attributes":{"Type":"1","count":"5"}},{"shape_attributes":{"name":"circle","cx":180,"cy":387,"r":21},"region_attributes":{"Type":"1","count":"4"}}],"file_attributes":{"date":"2019-02-27","temp":"55","rain":"2","neighborhood":"Cortez","total_count":""}},"https://drive.google.com/uc?export=view&id=16LhByfOiu8yxCyqgbgLo-kYjo74P9Lpf\n":{"filename":"https://drive.google.com/uc?export=view&id=16LhByfOiu8yxCyqgbgLo-kYjo74P9Lpf\n","size":-1,"regions":[{"shape_attributes":{"name":"circle","cx":204,"cy":401,"r":15.620499351813308},"region_attributes":{"Type":"1","count":"1"}},{"shape_attributes":{"name":"circle","cx":371,"cy":300,"r":13.82931668593933},"region_attributes":{"Type":"1","count":"1"}},{"shape_attributes":{"name":"circle","cx":364,"cy":325,"r":14.534441853748634},"region_attributes":{"Type":"2","count":"1"}},{"shape_attributes":{"name":"circle","cx":474,"cy":194,"r":16.98528775146303},"region_attributes":{"Type":"1","count":"1"}},{"shape_attributes":{"name":"circle","cx":466,"cy":317,"r":19.79898987322333},"region_attributes":{"Type":"1","count":"1"}},{"shape_attributes":{"name":"circle","cx":413,"cy":384,"r":11.672617529928752},"region_attributes":{"Type":"2","count":"1"}},{"shape_attributes":{"name":"circle","cx":415,"cy":360,"r":15.20690632574555},"region_attributes":{"Type":"1","count":"1"}},{"shape_attributes":{"name":"circle","cx":440,"cy":365,"r":11.672617529928752},"region_attributes":{"Type":"1","count":"1"}},{"shape_attributes":{"name":"circle","cx":410,"cy":399,"r":18.601075237738275},"region_attributes":{"Type":"1","count":"8"}},{"shape_attributes":{"name":"circle","cx":481,"cy":368,"r":10.735455276791944},"region_attributes":{"Type":"1","count":"2"}},{"shape_attributes":{"name":"circle","cx":490,"cy":397,"r":14.5},"region_attributes":{"Type":"1","count":"2"}},{"shape_attributes":{"name":"circle","cx":516,"cy":367,"r":19.525624189766635},"region_attributes":{"Type":"1","count":"2"}},{"shape_attributes":{"name":"circle","cx":333,"cy":357,"r":15.620499351813308},"region_attributes":{"Type":"1","count":"1"}},{"shape_attributes":{"name":"circle","cx":347,"cy":374,"r":15.620499351813308},"region_attributes":{"Type":"1","count":"1"}},{"shape_attributes":{"name":"circle","cx":334,"cy":269,"r":15.620499351813308},"region_attributes":{"Type":"1","count":"1"}},{"shape_attributes":{"name":"circle","cx":344,"cy":243,"r":15.620499351813308},"region_attributes":{"Type":"1","count":"1"}},{"shape_attributes":{"name":"circle","cx":465,"cy":269,"r":15.620499351813308},"region_attributes":{"Type":"1","count":"1"}},{"shape_attributes":{"name":"circle","cx":317,"cy":307,"r":15.620499351813308},"region_attributes":{"Type":"1","count":"1"}},{"shape_attributes":{"name":"circle","cx":468,"cy":239,"r":14},"region_attributes":{"Type":"1","count":"2"}},{"shape_attributes":{"name":"circle","cx":413,"cy":236,"r":19},"region_attributes":{"Type":"1","count":"7"}},{"shape_attributes":{"name":"circle","cx":432,"cy":262,"r":22},"region_attributes":{"Type":"1","count":"4"}},{"shape_attributes":{"name":"circle","cx":195,"cy":359,"r":21},"region_attributes":{"Type":"1","count":"2"}},{"shape_attributes":{"name":"circle","cx":182,"cy":387,"r":20},"region_attributes":{"Type":"1","count":"4"}}],"file_attributes":{"date":"2019-03-01","temp":"","rain":"2","neighborhood":"Cortez","total_count":""}},"https://drive.google.com/uc?export=view&id=1oWdJ8uzEknQrG5VRbnH4R7rcCwrL7U7S\n":{"filename":"https://drive.google.com/uc?export=view&id=1oWdJ8uzEknQrG5VRbnH4R7rcCwrL7U7S\n","size":-1,"regions":[{"shape_attributes":{"name":"circle","cx":348,"cy":371,"r":18.117670931993437},"region_attributes":{"Type":"1","count":"1"}},{"shape_attributes":{"name":"circle","cx":376,"cy":378,"r":18.117670931993437},"region_attributes":{"Type":"1","count":"1"}},{"shape_attributes":{"name":"circle","cx":262,"cy":181,"r":18.117670931993437},"region_attributes":{"Type":"1","count":"1"}},{"shape_attributes":{"name":"circle","cx":378,"cy":269,"r":18.117670931993437},"region_attributes":{"Type":"1","count":"1"}},{"shape_attributes":{"name":"circle","cx":300,"cy":211,"r":18.117670931993437},"region_attributes":{"Type":"1","count":"1"}},{"shape_attributes":{"name":"circle","cx":376,"cy":299,"r":18.117670931993437},"region_attributes":{"Type":"1","count":"1"}},{"shape_attributes":{"name":"circle","cx":374,"cy":321,"r":18.117670931993437},"region_attributes":{"Type":"1","count":"1"}},{"shape_attributes":{"name":"circle","cx":496,"cy":202,"r":18.117670931993437},"region_attributes":{"Type":"1","count":"1"}},{"shape_attributes":{"name":"circle","cx":478,"cy":205,"r":18.117670931993437},"region_attributes":{"Type":"1","count":"1"}},{"shape_attributes":{"name":"circle","cx":492,"cy":320,"r":18.117670931993437},"region_attributes":{"Type":"1","count":"1"}},{"shape_attributes":{"name":"circle","cx":532,"cy":344,"r":18.117670931993437},"region_attributes":{"Type":"1","count":"1"}},{"shape_attributes":{"name":"circle","cx":448,"cy":375,"r":18.117670931993437},"region_attributes":{"Type":"1","count":"1"}},{"shape_attributes":{"name":"circle","cx":330,"cy":397,"r":18.117670931993437},"region_attributes":{"Type":"1","count":"1"}},{"shape_attributes":{"name":"circle","cx":426,"cy":270,"r":16.00781059358212},"region_attributes":{"Type":"1","count":"4"}},{"shape_attributes":{"name":"circle","cx":472,"cy":242,"r":12.379418403139947},"region_attributes":{"Type":"1","count":"2"}},{"shape_attributes":{"name":"circle","cx":485,"cy":277,"r":15.556349186104045},"region_attributes":{"Type":"2","count":"1"}},{"shape_attributes":{"name":"circle","cx":522,"cy":377,"r":16.710774967068403},"region_attributes":{"Type":"1","count":"3"}},{"shape_attributes":{"name":"circle","cx":522,"cy":310,"r":12.90348790056394},"region_attributes":{"Type":"1","count":"2"}},{"shape_attributes":{"name":"circle","cx":422,"cy":389,"r":12.529964086141668},"region_attributes":{"Type":"1","count":"5"}},{"shape_attributes":{"name":"circle","cx":427,"cy":418,"r":10.63014581273465},"region_attributes":{"Type":"2","count":"1"}},{"shape_attributes":{"name":"circle","cx":454,"cy":414,"r":19.81161275615895},"region_attributes":{"Type":"1","count":"4"}},{"shape_attributes":{"name":"circle","cx":199,"cy":370,"r":18},"region_attributes":{"Type":"1","count":"2"}},{"shape_attributes":{"name":"circle","cx":213,"cy":407,"r":29},"region_attributes":{"Type":"1","count":"1"}},{"shape_attributes":{"name":"circle","cx":194,"cy":396,"r":21},"region_attributes":{"Type":"1","count":"3"}}],"file_attributes":{"date":"2019-04-25","temp":"59","rain":"2","neighborhood":"Cortez","total_count":""}},"https://drive.google.com/uc?export=view&id=1fQUNjvd9l2wYnIvrJxlOcTckhhxsAEYy\n":{"filename":"https://drive.google.com/uc?export=view&id=1fQUNjvd9l2wYnIvrJxlOcTckhhxsAEYy\n","size":-1,"regions":[{"shape_attributes":{"name":"circle","cx":378,"cy":205,"r":17.5},"region_attributes":{"Type":"1","count":"1"}},{"shape_attributes":{"name":"circle","cx":340,"cy":342,"r":17.5},"region_attributes":{"Type":"1","count":"1"}},{"shape_attributes":{"name":"circle","cx":366,"cy":310,"r":17.5},"region_attributes":{"Type":"1","count":"1"}},{"shape_attributes":{"name":"circle","cx":392,"cy":310,"r":17.5},"region_attributes":{"Type":"1","count":"1"}},{"shape_attributes":{"name":"circle","cx":382,"cy":325,"r":17.5},"region_attributes":{"Type":"1","count":"1"}},{"shape_attributes":{"name":"circle","cx":278,"cy":209,"r":17.5},"region_attributes":{"Type":"1","count":"1"}},{"shape_attributes":{"name":"circle","cx":426,"cy":235,"r":17.5},"region_attributes":{"Type":"1","count":"2"}},{"shape_attributes":{"name":"circle","cx":207,"cy":397,"r":17.5},"region_attributes":{"Type":"1","count":"1"}},{"shape_attributes":{"name":"circle","cx":298,"cy":187,"r":13.901438774457844},"region_attributes":{"Type":"2","count":"1"}},{"shape_attributes":{"name":"circle","cx":411,"cy":319,"r":16.650825805346713},"region_attributes":{"Type":"1","count":"3"}},{"shape_attributes":{"name":"circle","cx":484,"cy":278,"r":12.5},"region_attributes":{"Type":"2","count":"1"}},{"shape_attributes":{"name":"circle","cx":434,"cy":372,"r":10.965856099730654},"region_attributes":{"Type":"1","count":"3"}},{"shape_attributes":{"name":"circle","cx":411,"cy":374,"r":17.204650534085253},"region_attributes":{"Type":"2","count":"1"}},{"shape_attributes":{"name":"circle","cx":417,"cy":399,"r":11.661903789690601},"region_attributes":{"Type":"1","count":"10"}},{"shape_attributes":{"name":"circle","cx":517,"cy":372,"r":15.20690632574555},"region_attributes":{"Type":"1","count":"2"}},{"shape_attributes":{"name":"circle","cx":424,"cy":340,"r":16.650825805346713},"region_attributes":{"Type":"1","count":"3"}},{"shape_attributes":{"name":"circle","cx":176,"cy":396,"r":16.650825805346713},"region_attributes":{"Type":"1","count":"3"}},{"shape_attributes":{"name":"circle","cx":463,"cy":246,"r":16.650825805346713},"region_attributes":{"Type":"1","count":"3"}},{"shape_attributes":{"name":"circle","cx":188,"cy":419,"r":17.5},"region_attributes":{"Type":"1","count":"1"}},{"shape_attributes":{"name":"circle","cx":298,"cy":342,"r":17.5},"region_attributes":{"Type":"1","count":"1"}},{"shape_attributes":{"name":"circle","cx":188,"cy":375,"r":18},"region_attributes":{"Type":"1","count":"2"}}],"file_attributes":{"date":"2019-05-24","temp":"60","rain":"2","neighborhood":"Cortez","total_count":""}},"https://drive.google.com/uc?export=view&id=1PWPYt21CKo7mAu-TJUMQLPAdQMt8tXrk\n":{"filename":"https://drive.google.com/uc?export=view&id=1PWPYt21CKo7mAu-TJUMQLPAdQMt8tXrk\n","size":-1,"regions":[{"shape_attributes":{"name":"circle","cx":428,"cy":231,"r":15.556349186104045},"region_attributes":{"Type":"1","count":"1"}},{"shape_attributes":{"name":"circle","cx":413,"cy":251,"r":15.556349186104045},"region_attributes":{"Type":"1","count":"1"}},{"shape_attributes":{"name":"circle","cx":418,"cy":281,"r":15.556349186104045},"region_attributes":{"Type":"1","count":"1"}},{"shape_attributes":{"name":"circle","cx":500,"cy":373,"r":15.556349186104045},"region_attributes":{"Type":"1","count":"1"}},{"shape_attributes":{"name":"circle","cx":524,"cy":382,"r":15.556349186104045},"region_attributes":{"Type":"1","count":"1"}},{"shape_attributes":{"name":"circle","cx":599,"cy":362,"r":15.556349186104045},"region_attributes":{"Type":"1","count":"1"}},{"shape_attributes":{"name":"circle","cx":221,"cy":354,"r":15.556349186104045},"region_attributes":{"Type":"1","count":"1"}},{"shape_attributes":{"name":"circle","cx":404,"cy":305,"r":12.5},"region_attributes":{"Type":"1","count":"2"}},{"shape_attributes":{"name":"circle","cx":552,"cy":356,"r":11.10180165558726},"region_attributes":{"Type":"1","count":"3"}},{"shape_attributes":{"name":"circle","cx":564,"cy":280,"r":21.783020910791965},"region_attributes":{"Type":"2","count":"1"}},{"shape_attributes":{"name":"circle","cx":620,"cy":280,"r":13.435028842544403},"region_attributes":{"Type":"1","count":"2"}},{"shape_attributes":{"name":"circle","cx":328,"cy":194,"r":15.556349186104045},"region_attributes":{"Type":"1","count":"1"}},{"shape_attributes":{"name":"circle","cx":241,"cy":374,"r":16},"region_attributes":{"Type":"1","count":"2"}},{"shape_attributes":{"name":"circle","cx":219,"cy":400,"r":18},"region_attributes":{"Type":"1","count":"5"}},{"shape_attributes":{"name":"circle","cx":250,"cy":401,"r":24},"region_attributes":{"Type":"1","count":"4"}},{"shape_attributes":{"name":"circle","cx":456,"cy":234,"r":19},"region_attributes":{"Type":"1","count":"6"}},{"shape_attributes":{"name":"circle","cx":466,"cy":253,"r":20},"region_attributes":{"Type":"1","count":"3"}},{"shape_attributes":{"name":"circle","cx":453,"cy":366,"r":21},"region_attributes":{"Type":"1","count":"7"}},{"shape_attributes":{"name":"circle","cx":457,"cy":392,"r":25},"region_attributes":{"Type":"1","count":"2"}}],"file_attributes":{"date":"2019-06-24","temp":"63","rain":"2","neighborhood":"Cortez","total_count":""}},"https://drive.google.com/uc?export=view&id=1BUdJuR6JmBdbcj3_kYXRbGZ6eUoM93WV\n":{"filename":"https://drive.google.com/uc?export=view&id=1BUdJuR6JmBdbcj3_kYXRbGZ6eUoM93WV\n","size":-1,"regions":[{"shape_attributes":{"name":"circle","cx":237,"cy":190,"r":17.69180601295413},"region_attributes":{"Type":"1","count":"1"}},{"shape_attributes":{"name":"circle","cx":224,"cy":236,"r":17.69180601295413},"region_attributes":{"Type":"1","count":"1"}},{"shape_attributes":{"name":"circle","cx":215,"cy":392,"r":17.69180601295413},"region_attributes":{"Type":"1","count":"1"}},{"shape_attributes":{"name":"circle","cx":391,"cy":241,"r":17.69180601295413},"region_attributes":{"Type":"1","count":"1"}},{"shape_attributes":{"name":"circle","cx":513,"cy":198,"r":17.69180601295413},"region_attributes":{"Type":"1","count":"1"}},{"shape_attributes":{"name":"circle","cx":482,"cy":238,"r":17.69180601295413},"region_attributes":{"Type":"1","count":"1"}},{"shape_attributes":{"name":"circle","cx":513,"cy":249,"r":17.69180601295413},"region_attributes":{"Type":"1","count":"1"}},{"shape_attributes":{"name":"circle","cx":563,"cy":253,"r":17.69180601295413},"region_attributes":{"Type":"1","count":"1"}},{"shape_attributes":{"name":"circle","cx":636,"cy":395,"r":17.69180601295413},"region_attributes":{"Type":"1","count":"1"}},{"shape_attributes":{"name":"circle","cx":517,"cy":370,"r":17.69180601295413},"region_attributes":{"Type":"1","count":"1"}},{"shape_attributes":{"name":"circle","cx":517,"cy":402,"r":17.69180601295413},"region_attributes":{"Type":"1","count":"1"}},{"shape_attributes":{"name":"circle","cx":475,"cy":389,"r":17.69180601295413},"region_attributes":{"Type":"1","count":"1"}},{"shape_attributes":{"name":"circle","cx":343,"cy":385,"r":17.69180601295413},"region_attributes":{"Type":"1","count":"1"}},{"shape_attributes":{"name":"circle","cx":286,"cy":201,"r":17.69180601295413},"region_attributes":{"Type":"1","count":"1"}},{"shape_attributes":{"name":"circle","cx":250,"cy":236,"r":14.84082207965583},"region_attributes":{"Type":"2","count":"1"}},{"shape_attributes":{"name":"circle","cx":257,"cy":167,"r":14.142135623730951},"region_attributes":{"Type":"2","count":"1"}},{"shape_attributes":{"name":"circle","cx":377,"cy":306,"r":13.601470508735444},"region_attributes":{"Type":"1","count":"2"}},{"shape_attributes":{"name":"circle","cx":344,"cy":416,"r":15.913830462839549},"region_attributes":{"Type":"1","count":"2"}},{"shape_attributes":{"name":"circle","cx":434,"cy":342,"r":17.7341478509682},"region_attributes":{"Type":"2","count":"1"}},{"shape_attributes":{"name":"circle","cx":418,"cy":379,"r":12.206555615733702},"region_attributes":{"Type":"2","count":"2"}},{"shape_attributes":{"name":"circle","cx":203,"cy":418,"r":17.69180601295413},"region_attributes":{"Type":"1","count":"1"}},{"shape_attributes":{"name":"circle","cx":366,"cy":373,"r":17.69180601295413},"region_attributes":{"Type":"1","count":"1"}},{"shape_attributes":{"name":"circle","cx":446,"cy":419,"r":17.69180601295413},"region_attributes":{"Type":"1","count":"1"}},{"shape_attributes":{"name":"circle","cx":243,"cy":309,"r":17.69180601295413},"region_attributes":{"Type":"1","count":"1"}},{"shape_attributes":{"name":"circle","cx":197,"cy":374,"r":20},"region_attributes":{"Type":"1","count":"9"}},{"shape_attributes":{"name":"circle","cx":180,"cy":398,"r":21},"region_attributes":{"Type":"1","count":"3"}},{"shape_attributes":{"name":"circle","cx":430,"cy":260,"r":15},"region_attributes":{"Type":"1","count":"7"}},{"shape_attributes":{"name":"circle","cx":432,"cy":271,"r":16},"region_attributes":{"Type":"1","count":"5"}},{"shape_attributes":{"name":"circle","cx":390,"cy":398,"r":19},"region_attributes":{"Type":"1","count":"8"}},{"shape_attributes":{"name":"circle","cx":421,"cy":398,"r":17},"region_attributes":{"Type":"1","count":"6"}},{"shape_attributes":{"name":"circle","cx":424,"cy":421,"r":16},"region_attributes":{"Type":"1","count":"2"}}],"file_attributes":{"date":"2019-07-24","temp":"73","rain":"2","neighborhood":"Cortez","total_count":""}},"https://drive.google.com/uc?export=view&id=1S36wgavsEfNJ1KNksdPxMpzIN0byj1ar\n":{"filename":"https://drive.google.com/uc?export=view&id=1S36wgavsEfNJ1KNksdPxMpzIN0byj1ar\n","size":-1,"regions":[{"shape_attributes":{"name":"circle","cx":190,"cy":399,"r":20.838665984174707},"region_attributes":{"Type":"1","count":"4"}},{"shape_attributes":{"name":"circle","cx":255,"cy":374,"r":15.532224567009067},"region_attributes":{"Type":"1","count":"1"}},{"shape_attributes":{"name":"circle","cx":231,"cy":398,"r":12.728},"region_attributes":{"Type":"1","count":"2"}},{"shape_attributes":{"name":"circle","cx":439,"cy":379,"r":11.40175425099138},"region_attributes":{"Type":"1","count":"1"}},{"shape_attributes":{"name":"circle","cx":424,"cy":414,"r":15.305227865013967},"region_attributes":{"Type":"1","count":"4"}},{"shape_attributes":{"name":"circle","cx":556,"cy":260,"r":15.945218719101975},"region_attributes":{"Type":"1","count":"1"}},{"shape_attributes":{"name":"circle","cx":514,"cy":212,"r":11.40175425099138},"region_attributes":{"Type":"1","count":"2"}},{"shape_attributes":{"name":"circle","cx":485,"cy":250,"r":16.224980739587952},"region_attributes":{"Type":"2","count":"1"}},{"shape_attributes":{"name":"circle","cx":330,"cy":397,"r":15.532224567009067},"region_attributes":{"Type":"1","count":"1"}},{"shape_attributes":{"name":"circle","cx":253,"cy":420,"r":12.728},"region_attributes":{"Type":"1","count":"2"}},{"shape_attributes":{"name":"circle","cx":386,"cy":402,"r":12.728},"region_attributes":{"Type":"1","count":"2"}},{"shape_attributes":{"name":"circle","cx":430,"cy":307,"r":15},"region_attributes":{"Type":"1","count":"5"}},{"shape_attributes":{"name":"circle","cx":419,"cy":333,"r":22},"region_attributes":{"Type":"1","count":"4"}}],"file_attributes":{"date":"2019-08-01","temp":"","rain":"2","neighborhood":"Cortez","total_count":""}},"https://drive.google.com/uc?export=view&id=1d65BkWq8AU4pLZAd7zJS1Nzf0QV5hIEa\n":{"filename":"https://drive.google.com/uc?export=view&id=1d65BkWq8AU4pLZAd7zJS1Nzf0QV5hIEa\n","size":-1,"regions":[{"shape_attributes":{"name":"circle","cx":168,"cy":404,"r":10.965856099730654},"region_attributes":{"Type":"1","count":"1"}},{"shape_attributes":{"name":"circle","cx":188,"cy":400,"r":13.46291201783626},"region_attributes":{"Type":"2","count":"1"}},{"shape_attributes":{"name":"circle","cx":290,"cy":174,"r":11.672617529928752},"region_attributes":{"Type":"2","count":"1"}},{"shape_attributes":{"name":"circle","cx":294,"cy":195,"r":14.115594213493104},"region_attributes":{"Type":"1","count":"2"}},{"shape_attributes":{"name":"circle","cx":288,"cy":318,"r":17.10263137648707},"region_attributes":{"Type":"1","count":"3"}},{"shape_attributes":{"name":"circle","cx":314,"cy":241,"r":18.034688796871432},"region_attributes":{"Type":"2","count":"1"}},{"shape_attributes":{"name":"circle","cx":436,"cy":230,"r":12.041594578792296},"region_attributes":{"Type":"1","count":"1"}},{"shape_attributes":{"name":"circle","cx":429,"cy":259,"r":13.92838827718412},"region_attributes":{"Type":"1","count":"9"}},{"shape_attributes":{"name":"circle","cx":368,"cy":320,"r":19.448650338776723},"region_attributes":{"Type":"1","count":"2"}},{"shape_attributes":{"name":"circle","cx":328,"cy":398,"r":15.532224567009067},"region_attributes":{"Type":"1","count":"1"}},{"shape_attributes":{"name":"circle","cx":372,"cy":368,"r":16.62077013859466},"region_attributes":{"Type":"1","count":"1"}},{"shape_attributes":{"name":"circle","cx":478,"cy":274,"r":15.182226450688976},"region_attributes":{"Type":"2","count":"1"}},{"shape_attributes":{"name":"circle","cx":414,"cy":378,"r":11.884864324004713},"region_attributes":{"Type":"1","count":"1"}},{"shape_attributes":{"name":"circle","cx":484,"cy":382,"r":15.20690632574555},"region_attributes":{"Type":"1","count":"1"}},{"shape_attributes":{"name":"circle","cx":464,"cy":404,"r":13.901438774457844},"region_attributes":{"Type":"1","count":""}},{"shape_attributes":{"name":"circle","cx":479,"cy":234,"r":17},"region_attributes":{"Type":"1","count":"1"}},{"shape_attributes":{"name":"circle","cx":387,"cy":261,"r":17},"region_attributes":{"Type":"1","count":"1"}},{"shape_attributes":{"name":"circle","cx":202,"cy":383,"r":17},"region_attributes":{"Type":"1","count":"1"}},{"shape_attributes":{"name":"circle","cx":485,"cy":317,"r":17},"region_attributes":{"Type":"1","count":"1"}},{"shape_attributes":{"name":"circle","cx":181,"cy":363,"r":17},"region_attributes":{"Type":"1","count":"2"}},{"shape_attributes":{"name":"circle","cx":172,"cy":385,"r":20},"region_attributes":{"Type":"1","count":"2"}},{"shape_attributes":{"name":"circle","cx":462,"cy":315,"r":25},"region_attributes":{"Type":"1","count":"2"}},{"shape_attributes":{"name":"circle","cx":454,"cy":257,"r":18},"region_attributes":{"Type":"1","count":"2"}},{"shape_attributes":{"name":"circle","cx":411,"cy":252,"r":19},"region_attributes":{"Type":"1","count":"10"}}],"file_attributes":{"date":"2019-09-01","temp":"","rain":"2","neighborhood":"Cortez","total_count":""}},"https://drive.google.com/uc?export=view&id=1StcdPwYtncsFATz4PYvBvfjSSFsD-SQQ\n":{"filename":"https://drive.google.com/uc?export=view&id=1StcdPwYtncsFATz4PYvBvfjSSFsD-SQQ\n","size":-1,"regions":[{"shape_attributes":{"name":"circle","cx":398,"cy":403,"r":22.327113561766108},"region_attributes":{"Type":"1","count":"1"}},{"shape_attributes":{"name":"circle","cx":196,"cy":365,"r":14.142135623730951},"region_attributes":{"Type":"1","count":"1"}},{"shape_attributes":{"name":"circle","cx":181,"cy":379,"r":15.264337522473747},"region_attributes":{"Type":"2","count":"1"}},{"shape_attributes":{"name":"circle","cx":192,"cy":402,"r":14.089002803605371},"region_attributes":{"Type":"1","count":"1"}},{"shape_attributes":{"name":"circle","cx":369,"cy":292,"r":14.317821063276353},"region_attributes":{"Type":"1","count":"1"}},{"shape_attributes":{"name":"circle","cx":387,"cy":312,"r":17.44276354251241},"region_attributes":{"Type":"2","count":"1"}},{"shape_attributes":{"name":"circle","cx":473,"cy":194,"r":12.379418403139947},"region_attributes":{"Type":"1","count":"1"}},{"shape_attributes":{"name":"circle","cx":468,"cy":232,"r":11.10180165558726},"region_attributes":{"Type":"1","count":"2"}},{"shape_attributes":{"name":"circle","cx":482,"cy":264,"r":19.912307751739878},"region_attributes":{"Type":"2","count":"1"}},{"shape_attributes":{"name":"circle","cx":371,"cy":373,"r":22.327113561766108},"region_attributes":{"Type":"1","count":"1"}},{"shape_attributes":{"name":"circle","cx":347,"cy":386,"r":22.327113561766108},"region_attributes":{"Type":"1","count":"1"}},{"shape_attributes":{"name":"circle","cx":310,"cy":392,"r":22.327113561766108},"region_attributes":{"Type":"1","count":"1"}},{"shape_attributes":{"name":"circle","cx":287,"cy":377,"r":22.327113561766108},"region_attributes":{"Type":"1","count":"1"}},{"shape_attributes":{"name":"circle","cx":253,"cy":332,"r":22.327113561766108},"region_attributes":{"Type":"1","count":"1"}},{"shape_attributes":{"name":"circle","cx":374,"cy":261,"r":17.029},"region_attributes":{"Type":"1","count":"1"}},{"shape_attributes":{"name":"circle","cx":383,"cy":246,"r":22.327113561766108},"region_attributes":{"Type":"1","count":"1"}},{"shape_attributes":{"name":"circle","cx":666,"cy":396,"r":22.327113561766108},"region_attributes":{"Type":"1","count":"1"}},{"shape_attributes":{"name":"circle","cx":241,"cy":290,"r":23},"region_attributes":{"Type":"1","count":"2"}},{"shape_attributes":{"name":"circle","cx":425,"cy":241,"r":19},"region_attributes":{"Type":"1","count":"8"}},{"shape_attributes":{"name":"circle","cx":434,"cy":272,"r":20},"region_attributes":{"Type":"1","count":"7"}},{"shape_attributes":{"name":"circle","cx":436,"cy":404,"r":19},"region_attributes":{"Type":"1","count":"2"}}],"file_attributes":{"date":"2019-10-30","temp":"","rain":"2","neighborhood":"Cortez","total_count":""}},"https://drive.google.com/uc?export=view&id=18lX4O8mCJhNhwVdkMZMunN9sV-BVoz8j\n":{"filename":"https://drive.google.com/uc?export=view&id=18lX4O8mCJhNhwVdkMZMunN9sV-BVoz8j\n","size":-1,"regions":[{"shape_attributes":{"name":"circle","cx":244,"cy":418,"r":17.69180601295413},"region_attributes":{"Type":"2","count":"1"}},{"shape_attributes":{"name":"circle","cx":305,"cy":198,"r":13.46291201783626},"region_attributes":{"Type":"1","count":"7"}},{"shape_attributes":{"name":"circle","cx":351,"cy":265,"r":13.038404810405298},"region_attributes":{"Type":"1","count":"1"}},{"shape_attributes":{"name":"circle","cx":488,"cy":238,"r":15.700318468107582},"region_attributes":{"Type":"2","count":"1"}},{"shape_attributes":{"name":"circle","cx":388,"cy":326,"r":13.509256086106296},"region_attributes":{"Type":"1","count":"1"}},{"shape_attributes":{"name":"circle","cx":434,"cy":309,"r":13.200378782444085},"region_attributes":{"Type":"1","count":"2"}},{"shape_attributes":{"name":"circle","cx":182,"cy":390,"r":17},"region_attributes":{"Type":"1","count":"3"}},{"shape_attributes":{"name":"circle","cx":198,"cy":422,"r":19},"region_attributes":{"Type":"1","count":"2"}},{"shape_attributes":{"name":"circle","cx":421,"cy":263,"r":15},"region_attributes":{"Type":"1","count":"2"}},{"shape_attributes":{"name":"circle","cx":432,"cy":275,"r":28},"region_attributes":{"Type":"1","count":"4"}}],"file_attributes":{"date":"2019-11-26","temp":"55","rain":"2","neighborhood":"Cortez","total_count":""}}},"_via_attributes":{"region":{"Type":{"type":"dropdown","description":"","options":{"1":"Individual","2":"Structure","3":"Vehicle"},"default_options":{}},"count":{"type":"text","description":"","default_value":""}},"file":{"date":{"type":"text","description":"","default_value":""},"temp":{"type":"text","description":"","default_value":""},"rain":{"type":"dropdown","description":"","options":{"1":"rain","2":"clear"},"default_options":{"2":true}},"neighborhood":{"type":"text","description":"","default_value":"Cortez"},"total_count":{"type":"text","description":"","default_value":""}}},"_via_data_format_version":"2.0.10","_via_image_id_list":["https://drive.google.com/uc?export=view&id=1IeJxzMWWHFFrQXwXTqDNR1AvMYR4D-jv\n","https://drive.google.com/uc?export=view&id=1JMJ7yyUq7bi3xlyfdwf-y3o1y-Oq3vqV\n","https://drive.google.com/uc?export=view&id=16LhByfOiu8yxCyqgbgLo-kYjo74P9Lpf\n","https://drive.google.com/uc?export=view&id=1oWdJ8uzEknQrG5VRbnH4R7rcCwrL7U7S\n","https://drive.google.com/uc?export=view&id=1fQUNjvd9l2wYnIvrJxlOcTckhhxsAEYy\n","https://drive.google.com/uc?export=view&id=1PWPYt21CKo7mAu-TJUMQLPAdQMt8tXrk\n","https://drive.google.com/uc?export=view&id=1BUdJuR6JmBdbcj3_kYXRbGZ6eUoM93WV\n","https://drive.google.com/uc?export=view&id=1S36wgavsEfNJ1KNksdPxMpzIN0byj1ar\n","https://drive.google.com/uc?export=view&id=1d65BkWq8AU4pLZAd7zJS1Nzf0QV5hIEa\n","https://drive.google.com/uc?export=view&id=1StcdPwYtncsFATz4PYvBvfjSSFsD-SQQ\n","https://drive.google.com/uc?export=view&id=18lX4O8mCJhNhwVdkMZMunN9sV-BVoz8j\n"]}