{"_via_settings":{"ui":{"annotation_editor_height":20,"annotation_editor_fontsize":0.8,"leftsidebar_width":18,"image_grid":{"img_height":80,"rshape_fill":"none","rshape_fill_opacity":0.3,"rshape_stroke":"yellow","rshape_stroke_width":2,"show_region_shape":true,"show_image_policy":"all"},"image":{"region_label":"__via_region_id__","region_color":"__via_default_region_color__","region_label_font":"10px Sans","on_image_annotation_editor_placement":"NEAR_REGION"}},"core":{"buffer_size":18,"filepath":{},"default_filepath":""},"project":{"name":"East Village_2022_count"}},"_via_img_metadata":{"https://drive.google.com/uc?export=view&id=1Ssx831bTWmZVVELGj2hlvZ3b5gemIDko\n":{"filename":"https://drive.google.com/uc?export=view&id=1Ssx831bTWmZVVELGj2hlvZ3b5gemIDko\n","size":-1,"regions":[{"shape_attributes":{"name":"circle","cx":157,"cy":302,"r":9.068},"region_attributes":{"Type":"1","count":"1"}},{"shape_attributes":{"name":"circle","cx":125,"cy":332,"r":9.068},"region_attributes":{"Type":"1","count":"1"}},{"shape_attributes":{"name":"circle","cx":210,"cy":294,"r":9.068},"region_attributes":{"Type":"1","count":"1"}},{"shape_attributes":{"name":"circle","cx":182,"cy":325,"r":6.037},"region_attributes":{"Type":"1","count":"1"}},{"shape_attributes":{"name":"circle","cx":266,"cy":311,"r":9.068},"region_attributes":{"Type":"1","count":"1"}},{"shape_attributes":{"name":"circle","cx":180,"cy":374,"r":9.068},"region_attributes":{"Type":"1","count":"1"}},{"shape_attributes":{"name":"circle","cx":302,"cy":359,"r":9.068},"region_attributes":{"Type":"1","count":"1"}},{"shape_attributes":{"name":"circle","cx":318,"cy":461,"r":9.068},"region_attributes":{"Type":"1","count":"1"}},{"shape_attributes":{"name":"circle","cx":103,"cy":465,"r":9.068},"region_attributes":{"Type":"1","count":"1"}},{"shape_attributes":{"name":"circle","cx":429,"cy":248,"r":9.068},"region_attributes":{"Type":"1","count":"1"}},{"shape_attributes":{"name":"circle","cx":450,"cy":374,"r":9.068},"region_attributes":{"Type":"1","count":"1"}},{"shape_attributes":{"name":"circle","cx":453,"cy":409,"r":9.068},"region_attributes":{"Type":"1","count":"1"}},{"shape_attributes":{"name":"circle","cx":597,"cy":284,"r":9.068},"region_attributes":{"Type":"1","count":"1"}},{"shape_attributes":{"name":"circle","cx":670,"cy":332,"r":9.068},"region_attributes":{"Type":"1","count":"1"}},{"shape_attributes":{"name":"circle","cx":674,"cy":360,"r":9.068},"region_attributes":{"Type":"1","count":"1"}},{"shape_attributes":{"name":"circle","cx":651,"cy":381,"r":9.068},"region_attributes":{"Type":"1","count":"1"}},{"shape_attributes":{"name":"circle","cx":681,"cy":392,"r":9.068},"region_attributes":{"Type":"1","count":"1"}},{"shape_attributes":{"name":"circle","cx":366,"cy":434,"r":9.068},"region_attributes":{"Type":"1","count":"1"}},{"shape_attributes":{"name":"circle","cx":129,"cy":283,"r":9.068},"region_attributes":{"Type":"1","count":"1"}},{"shape_attributes":{"name":"circle","cx":700,"cy":160,"r":9.068},"region_attributes":{"Type":"1","count":"1"}},{"shape_attributes":{"name":"circle","cx":149,"cy":335,"r":9.357},"region_attributes":{"Type":"1","count":"3"}},{"shape_attributes":{"name":"circle","cx":207,"cy":334,"r":9.357},"region_attributes":{"Type":"1","count":"3"}},{"shape_attributes":{"name":"circle","cx":201,"cy":360,"r":9.357},"region_attributes":{"Type":"1","count":"2"}},{"shape_attributes":{"name":"circle","cx":400,"cy":407,"r":9.357},"region_attributes":{"Type":"1","count":"2"}},{"shape_attributes":{"name":"circle","cx":471,"cy":333,"r":9.357},"region_attributes":{"Type":"1","count":"4"}},{"shape_attributes":{"name":"circle","cx":396,"cy":248,"r":9.357},"region_attributes":{"Type":"1","count":"3"}},{"shape_attributes":{"name":"circle","cx":264,"cy":470,"r":9.357},"region_attributes":{"Type":"1","count":"2"}},{"shape_attributes":{"name":"circle","cx":364,"cy":486,"r":9.357},"region_attributes":{"Type":"1","count":"2"}},{"shape_attributes":{"name":"circle","cx":597,"cy":438,"r":7.364},"region_attributes":{"Type":"1","count":"4"}},{"shape_attributes":{"name":"circle","cx":141,"cy":285,"r":8.894},"region_attributes":{"Type":"2","count":"2"}},{"shape_attributes":{"name":"circle","cx":127,"cy":303,"r":8.894},"region_attributes":{"Type":"2","count":"5"}},{"shape_attributes":{"name":"circle","cx":157,"cy":315,"r":8.894},"region_attributes":{"Type":"2","count":"5"}},{"shape_attributes":{"name":"circle","cx":137,"cy":333,"r":8.894},"region_attributes":{"Type":"2","count":"8"}},{"shape_attributes":{"name":"circle","cx":198,"cy":283,"r":8.894},"region_attributes":{"Type":"2","count":"5"}},{"shape_attributes":{"name":"circle","cx":183,"cy":304,"r":8.894},"region_attributes":{"Type":"2","count":"5"}},{"shape_attributes":{"name":"circle","cx":208,"cy":311,"r":8.894},"region_attributes":{"Type":"2","count":"4"}},{"shape_attributes":{"name":"circle","cx":193,"cy":333,"r":8.894},"region_attributes":{"Type":"2","count":"4"}},{"shape_attributes":{"name":"circle","cx":248,"cy":283,"r":8.894},"region_attributes":{"Type":"2","count":"1"}},{"shape_attributes":{"name":"circle","cx":154,"cy":368,"r":8.894},"region_attributes":{"Type":"2","count":"1"}},{"shape_attributes":{"name":"circle","cx":549,"cy":360,"r":8.894},"region_attributes":{"Type":"2","count":"1"}},{"shape_attributes":{"name":"circle","cx":611,"cy":372,"r":8.894},"region_attributes":{"Type":"2","count":"4"}},{"shape_attributes":{"name":"circle","cx":610,"cy":409,"r":8.894},"region_attributes":{"Type":"2","count":"1"}},{"shape_attributes":{"name":"circle","cx":662,"cy":359,"r":8.894},"region_attributes":{"Type":"2","count":"1"}},{"shape_attributes":{"name":"circle","cx":596,"cy":450,"r":10.198},"region_attributes":{"Type":"2","count":"1"}},{"shape_attributes":{"name":"circle","cx":595,"cy":481,"r":8.894},"region_attributes":{"Type":"2","count":"2"}},{"shape_attributes":{"name":"circle","cx":615,"cy":489,"r":8.894},"region_attributes":{"Type":"2","count":"4"}},{"shape_attributes":{"name":"circle","cx":173,"cy":311,"r":8.894},"region_attributes":{"Type":"3","count":"1"}},{"shape_attributes":{"name":"circle","cx":173,"cy":396,"r":8.894},"region_attributes":{"Type":"3","count":"1"}},{"shape_attributes":{"name":"circle","cx":715,"cy":97,"r":8.894},"region_attributes":{"Type":"3","count":"1"}}],"file_attributes":{"date":"2022-01-27","temp":"50","rain":"2","neighborhood":"East Village","total_count":""}},"https://drive.google.com/uc?export=view&id=1-QeJIbcgTfKKXNkMe_fx-OaDeB4-mR37\n":{"filename":"https://drive.google.com/uc?export=view&id=1-QeJIbcgTfKKXNkMe_fx-OaDeB4-mR37\n","size":-1,"regions":[{"shape_attributes":{"name":"circle","cx":405,"cy":254,"r":9.068},"region_attributes":{"Type":"1","count":"1"}},{"shape_attributes":{"name":"circle","cx":199,"cy":330,"r":9.068},"region_attributes":{"Type":"1","count":"1"}},{"shape_attributes":{"name":"circle","cx":262,"cy":330,"r":9.068},"region_attributes":{"Type":"1","count":"1"}},{"shape_attributes":{"name":"circle","cx":202,"cy":279,"r":9.068},"region_attributes":{"Type":"1","count":"1"}},{"shape_attributes":{"name":"circle","cx":146,"cy":361,"r":9.068},"region_attributes":{"Type":"1","count":"1"}},{"shape_attributes":{"name":"circle","cx":200,"cy":431,"r":9.068},"region_attributes":{"Type":"1","count":"1"}},{"shape_attributes":{"name":"circle","cx":76,"cy":436,"r":9.068},"region_attributes":{"Type":"1","count":"1"}},{"shape_attributes":{"name":"circle","cx":230,"cy":455,"r":9.068},"region_attributes":{"Type":"1","count":"1"}},{"shape_attributes":{"name":"circle","cx":403,"cy":481,"r":9.068},"region_attributes":{"Type":"1","count":"1"}},{"shape_attributes":{"name":"circle","cx":532,"cy":331,"r":9.068},"region_attributes":{"Type":"1","count":"1"}},{"shape_attributes":{"name":"circle","cx":458,"cy":403,"r":9.068},"region_attributes":{"Type":"1","count":"1"}},{"shape_attributes":{"name":"circle","cx":471,"cy":403,"r":9.068},"region_attributes":{"Type":"1","count":"1"}},{"shape_attributes":{"name":"circle","cx":650,"cy":370,"r":9.068},"region_attributes":{"Type":"1","count":"1"}},{"shape_attributes":{"name":"circle","cx":607,"cy":429,"r":9.068},"region_attributes":{"Type":"1","count":"1"}},{"shape_attributes":{"name":"circle","cx":589,"cy":462,"r":9.068},"region_attributes":{"Type":"1","count":"1"}},{"shape_attributes":{"name":"circle","cx":662,"cy":485,"r":9.068},"region_attributes":{"Type":"1","count":"1"}},{"shape_attributes":{"name":"circle","cx":705,"cy":483,"r":9.068},"region_attributes":{"Type":"1","count":"1"}},{"shape_attributes":{"name":"circle","cx":648,"cy":328,"r":10.088},"region_attributes":{"Type":"1","count":"1"}},{"shape_attributes":{"name":"circle","cx":449,"cy":165,"r":9.068},"region_attributes":{"Type":"1","count":"1"}},{"shape_attributes":{"name":"circle","cx":287,"cy":288,"r":9.068},"region_attributes":{"Type":"1","count":"1"}},{"shape_attributes":{"name":"circle","cx":148,"cy":278,"r":9},"region_attributes":{"Type":"1","count":"2"}},{"shape_attributes":{"name":"circle","cx":149,"cy":326,"r":7.087},"region_attributes":{"Type":"1","count":"4"}},{"shape_attributes":{"name":"circle","cx":124,"cy":331,"r":9},"region_attributes":{"Type":"1","count":"3"}},{"shape_attributes":{"name":"circle","cx":176,"cy":294,"r":9},"region_attributes":{"Type":"1","count":"5"}},{"shape_attributes":{"name":"circle","cx":152,"cy":461,"r":9},"region_attributes":{"Type":"1","count":"2"}},{"shape_attributes":{"name":"circle","cx":92,"cy":476,"r":9},"region_attributes":{"Type":"1","count":"4"}},{"shape_attributes":{"name":"circle","cx":417,"cy":436,"r":9},"region_attributes":{"Type":"1","count":"2"}},{"shape_attributes":{"name":"circle","cx":608,"cy":484,"r":9},"region_attributes":{"Type":"1","count":"3"}},{"shape_attributes":{"name":"circle","cx":670,"cy":110,"r":9},"region_attributes":{"Type":"3","count":"1"}},{"shape_attributes":{"name":"circle","cx":112,"cy":296,"r":9},"region_attributes":{"Type":"3","count":"1"}},{"shape_attributes":{"name":"circle","cx":126,"cy":307,"r":7.775},"region_attributes":{"Type":"1","count":"1"}},{"shape_attributes":{"name":"circle","cx":129,"cy":280,"r":9},"region_attributes":{"Type":"2","count":"3"}},{"shape_attributes":{"name":"circle","cx":146,"cy":308,"r":9},"region_attributes":{"Type":"2","count":"7"}},{"shape_attributes":{"name":"circle","cx":174,"cy":313,"r":9},"region_attributes":{"Type":"2","count":"4"}},{"shape_attributes":{"name":"circle","cx":184,"cy":331,"r":9},"region_attributes":{"Type":"2","count":"8"}},{"shape_attributes":{"name":"circle","cx":190,"cy":280,"r":9},"region_attributes":{"Type":"2","count":"1"}},{"shape_attributes":{"name":"circle","cx":136,"cy":334,"r":9},"region_attributes":{"Type":"2","count":"5"}},{"shape_attributes":{"name":"circle","cx":129,"cy":363,"r":9},"region_attributes":{"Type":"2","count":"1"}},{"shape_attributes":{"name":"circle","cx":188,"cy":357,"r":9},"region_attributes":{"Type":"2","count":"1"}},{"shape_attributes":{"name":"circle","cx":145,"cy":476,"r":9},"region_attributes":{"Type":"2","count":"1"}},{"shape_attributes":{"name":"circle","cx":446,"cy":407,"r":9},"region_attributes":{"Type":"2","count":"1"}},{"shape_attributes":{"name":"circle","cx":474,"cy":374,"r":9},"region_attributes":{"Type":"2","count":"1"}},{"shape_attributes":{"name":"circle","cx":526,"cy":359,"r":9},"region_attributes":{"Type":"2","count":"1"}},{"shape_attributes":{"name":"circle","cx":590,"cy":380,"r":9},"region_attributes":{"Type":"2","count":"1"}},{"shape_attributes":{"name":"circle","cx":620,"cy":379,"r":9},"region_attributes":{"Type":"2","count":"7"}},{"shape_attributes":{"name":"circle","cx":658,"cy":328,"r":9},"region_attributes":{"Type":"2","count":"2"}},{"shape_attributes":{"name":"circle","cx":621,"cy":485,"r":9},"region_attributes":{"Type":"2","count":"2"}},{"shape_attributes":{"name":"circle","cx":590,"cy":474,"r":9},"region_attributes":{"Type":"2","count":"1"}},{"shape_attributes":{"name":"circle","cx":448,"cy":149,"r":9},"region_attributes":{"Type":"2","count":"2"}}],"file_attributes":{"date":"2022-03-01","temp":"55","rain":"2","neighborhood":"East Village","total_count":""}},"https://drive.google.com/uc?export=view&id=1tXFmygj9QW2glxP0rchTJ9SJDQ1rufgv\n":{"filename":"https://drive.google.com/uc?export=view&id=1tXFmygj9QW2glxP0rchTJ9SJDQ1rufgv\n","size":-1,"regions":[{"shape_attributes":{"name":"circle","cx":144,"cy":394,"r":9.068},"region_attributes":{"Type":"1","count":"1"}},{"shape_attributes":{"name":"circle","cx":76,"cy":453,"r":9.068},"region_attributes":{"Type":"1","count":"1"}},{"shape_attributes":{"name":"circle","cx":141,"cy":452,"r":9.068},"region_attributes":{"Type":"1","count":"1"}},{"shape_attributes":{"name":"circle","cx":206,"cy":470,"r":9.068},"region_attributes":{"Type":"1","count":"1"}},{"shape_attributes":{"name":"circle","cx":269,"cy":447,"r":9.068},"region_attributes":{"Type":"1","count":"1"}},{"shape_attributes":{"name":"circle","cx":306,"cy":424,"r":9.068},"region_attributes":{"Type":"1","count":"1"}},{"shape_attributes":{"name":"circle","cx":309,"cy":402,"r":9.068},"region_attributes":{"Type":"1","count":"1"}},{"shape_attributes":{"name":"circle","cx":460,"cy":354,"r":9.068},"region_attributes":{"Type":"1","count":"1"}},{"shape_attributes":{"name":"circle","cx":458,"cy":400,"r":9.068},"region_attributes":{"Type":"1","count":"1"}},{"shape_attributes":{"name":"circle","cx":494,"cy":445,"r":9.068},"region_attributes":{"Type":"1","count":"1"}},{"shape_attributes":{"name":"circle","cx":496,"cy":300,"r":9.068},"region_attributes":{"Type":"1","count":"1"}},{"shape_attributes":{"name":"circle","cx":604,"cy":441,"r":9.068},"region_attributes":{"Type":"1","count":"1"}},{"shape_attributes":{"name":"circle","cx":657,"cy":437,"r":9.068},"region_attributes":{"Type":"1","count":"1"}},{"shape_attributes":{"name":"circle","cx":632,"cy":378,"r":9.068},"region_attributes":{"Type":"1","count":"1"}},{"shape_attributes":{"name":"circle","cx":545,"cy":327,"r":9.068},"region_attributes":{"Type":"1","count":"1"}},{"shape_attributes":{"name":"circle","cx":637,"cy":141,"r":9.068},"region_attributes":{"Type":"1","count":"1"}},{"shape_attributes":{"name":"circle","cx":116,"cy":361,"r":9.068},"region_attributes":{"Type":"1","count":"1"}},{"shape_attributes":{"name":"circle","cx":158,"cy":266,"r":6},"region_attributes":{"Type":"1","count":"2"}},{"shape_attributes":{"name":"circle","cx":143,"cy":298,"r":6},"region_attributes":{"Type":"2","count":"1"}},{"shape_attributes":{"name":"circle","cx":173,"cy":299,"r":6},"region_attributes":{"Type":"2","count":"5"}},{"shape_attributes":{"name":"circle","cx":175,"cy":313,"r":6},"region_attributes":{"Type":"1","count":"5"}},{"shape_attributes":{"name":"circle","cx":146,"cy":316,"r":6},"region_attributes":{"Type":"1","count":"9"}},{"shape_attributes":{"name":"circle","cx":192,"cy":289,"r":6},"region_attributes":{"Type":"1","count":"4"}},{"shape_attributes":{"name":"circle","cx":192,"cy":301,"r":6},"region_attributes":{"Type":"1","count":"6"}},{"shape_attributes":{"name":"circle","cx":206,"cy":323,"r":6},"region_attributes":{"Type":"2","count":"5"}},{"shape_attributes":{"name":"circle","cx":217,"cy":327,"r":6},"region_attributes":{"Type":"1","count":"3"}},{"shape_attributes":{"name":"circle","cx":146,"cy":340,"r":6},"region_attributes":{"Type":"1","count":"4"}},{"shape_attributes":{"name":"circle","cx":164,"cy":340,"r":6},"region_attributes":{"Type":"1","count":"6"}},{"shape_attributes":{"name":"circle","cx":157,"cy":350,"r":6},"region_attributes":{"Type":"1","count":"1"}},{"shape_attributes":{"name":"circle","cx":199,"cy":340,"r":6},"region_attributes":{"Type":"2","count":"7"}},{"shape_attributes":{"name":"circle","cx":211,"cy":340,"r":6},"region_attributes":{"Type":"1","count":"3"}},{"shape_attributes":{"name":"circle","cx":359,"cy":282,"r":6},"region_attributes":{"Type":"2","count":"1"}},{"shape_attributes":{"name":"circle","cx":116,"cy":451,"r":6},"region_attributes":{"Type":"1","count":"3"}},{"shape_attributes":{"name":"circle","cx":445,"cy":171,"r":6},"region_attributes":{"Type":"2","count":"1"}},{"shape_attributes":{"name":"circle","cx":407,"cy":254,"r":6},"region_attributes":{"Type":"1","count":"4"}},{"shape_attributes":{"name":"circle","cx":514,"cy":360,"r":6},"region_attributes":{"Type":"2","count":"1"}},{"shape_attributes":{"name":"circle","cx":524,"cy":426,"r":6},"region_attributes":{"Type":"1","count":"3"}},{"shape_attributes":{"name":"circle","cx":499,"cy":468,"r":6},"region_attributes":{"Type":"1","count":"4"}},{"shape_attributes":{"name":"circle","cx":654,"cy":141,"r":6},"region_attributes":{"Type":"3","count":"1"}},{"shape_attributes":{"name":"circle","cx":608,"cy":367,"r":7},"region_attributes":{"Type":"1","count":"2"}},{"shape_attributes":{"name":"circle","cx":607,"cy":384,"r":6},"region_attributes":{"Type":"2","count":"8"}},{"shape_attributes":{"name":"circle","cx":587,"cy":400,"r":6},"region_attributes":{"Type":"1","count":"3"}},{"shape_attributes":{"name":"circle","cx":643,"cy":353,"r":6},"region_attributes":{"Type":"2","count":"4"}},{"shape_attributes":{"name":"circle","cx":655,"cy":375,"r":6},"region_attributes":{"Type":"2","count":"1"}},{"shape_attributes":{"name":"circle","cx":579,"cy":443,"r":6},"region_attributes":{"Type":"2","count":"1"}}],"file_attributes":{"date":"2022-03-29","temp":"55","rain":"2","neighborhood":"East Village","total_count":""}},"https://drive.google.com/uc?export=view&id=1qDHPHe6KdMGkq79c47PfFH7bKGS8sMxS\n":{"filename":"https://drive.google.com/uc?export=view&id=1qDHPHe6KdMGkq79c47PfFH7bKGS8sMxS\n","size":-1,"regions":[{"shape_attributes":{"name":"circle","cx":100,"cy":306,"r":9.068},"region_attributes":{"Type":"1","count":"1"}},{"shape_attributes":{"name":"circle","cx":162,"cy":281,"r":9.068},"region_attributes":{"Type":"1","count":"1"}},{"shape_attributes":{"name":"circle","cx":150,"cy":353,"r":9.068},"region_attributes":{"Type":"1","count":"1"}},{"shape_attributes":{"name":"circle","cx":260,"cy":282,"r":9.068},"region_attributes":{"Type":"1","count":"1"}},{"shape_attributes":{"name":"circle","cx":261,"cy":394,"r":9.068},"region_attributes":{"Type":"1","count":"1"}},{"shape_attributes":{"name":"circle","cx":274,"cy":371,"r":9.068},"region_attributes":{"Type":"1","count":"1"}},{"shape_attributes":{"name":"circle","cx":149,"cy":441,"r":9.068},"region_attributes":{"Type":"1","count":"1"}},{"shape_attributes":{"name":"circle","cx":176,"cy":439,"r":9.068},"region_attributes":{"Type":"1","count":"1"}},{"shape_attributes":{"name":"circle","cx":198,"cy":443,"r":9.068},"region_attributes":{"Type":"1","count":"1"}},{"shape_attributes":{"name":"circle","cx":249,"cy":445,"r":9.068},"region_attributes":{"Type":"1","count":"1"}},{"shape_attributes":{"name":"circle","cx":310,"cy":420,"r":9.068},"region_attributes":{"Type":"1","count":"1"}},{"shape_attributes":{"name":"circle","cx":312,"cy":466,"r":9.068},"region_attributes":{"Type":"1","count":"1"}},{"shape_attributes":{"name":"circle","cx":370,"cy":301,"r":9.068},"region_attributes":{"Type":"1","count":"1"}},{"shape_attributes":{"name":"circle","cx":405,"cy":255,"r":9.068},"region_attributes":{"Type":"1","count":"1"}},{"shape_attributes":{"name":"circle","cx":420,"cy":303,"r":9.068},"region_attributes":{"Type":"1","count":"1"}},{"shape_attributes":{"name":"circle","cx":396,"cy":463,"r":9.068},"region_attributes":{"Type":"1","count":"1"}},{"shape_attributes":{"name":"circle","cx":444,"cy":453,"r":9.068},"region_attributes":{"Type":"1","count":"1"}},{"shape_attributes":{"name":"circle","cx":472,"cy":464,"r":9.068},"region_attributes":{"Type":"1","count":"1"}},{"shape_attributes":{"name":"circle","cx":602,"cy":358,"r":9.068},"region_attributes":{"Type":"1","count":"1"}},{"shape_attributes":{"name":"circle","cx":624,"cy":303,"r":9.068},"region_attributes":{"Type":"1","count":"1"}},{"shape_attributes":{"name":"circle","cx":640,"cy":321,"r":9.068},"region_attributes":{"Type":"1","count":"1"}},{"shape_attributes":{"name":"circle","cx":622,"cy":364,"r":8.055},"region_attributes":{"Type":"1","count":"1"}},{"shape_attributes":{"name":"circle","cx":672,"cy":465,"r":9.068},"region_attributes":{"Type":"1","count":"1"}},{"shape_attributes":{"name":"circle","cx":470,"cy":378,"r":9.068},"region_attributes":{"Type":"1","count":"1"}},{"shape_attributes":{"name":"circle","cx":447,"cy":394,"r":9.068},"region_attributes":{"Type":"1","count":"1"}},{"shape_attributes":{"name":"circle","cx":149,"cy":296,"r":6},"region_attributes":{"Type":"2","count":"5"}},{"shape_attributes":{"name":"circle","cx":173,"cy":295,"r":6},"region_attributes":{"Type":"2","count":"8"}},{"shape_attributes":{"name":"circle","cx":151,"cy":315,"r":6},"region_attributes":{"Type":"1","count":"5"}},{"shape_attributes":{"name":"circle","cx":175,"cy":310,"r":6},"region_attributes":{"Type":"1","count":"1"}},{"shape_attributes":{"name":"circle","cx":164,"cy":326,"r":6},"region_attributes":{"Type":"2","count":"7"}},{"shape_attributes":{"name":"circle","cx":217,"cy":282,"r":6},"region_attributes":{"Type":"2","count":"7"}},{"shape_attributes":{"name":"circle","cx":197,"cy":300,"r":6},"region_attributes":{"Type":"2","count":"5"}},{"shape_attributes":{"name":"circle","cx":225,"cy":296,"r":6},"region_attributes":{"Type":"2","count":"1"}},{"shape_attributes":{"name":"circle","cx":202,"cy":325,"r":6},"region_attributes":{"Type":"2","count":"8"}},{"shape_attributes":{"name":"circle","cx":219,"cy":326,"r":6},"region_attributes":{"Type":"1","count":"7"}},{"shape_attributes":{"name":"circle","cx":296,"cy":294,"r":6},"region_attributes":{"Type":"1","count":"2"}},{"shape_attributes":{"name":"circle","cx":347,"cy":299,"r":6},"region_attributes":{"Type":"2","count":"3"}},{"shape_attributes":{"name":"circle","cx":347,"cy":312,"r":6},"region_attributes":{"Type":"1","count":"2"}},{"shape_attributes":{"name":"circle","cx":225,"cy":374,"r":6},"region_attributes":{"Type":"1","count":"2"}},{"shape_attributes":{"name":"circle","cx":127,"cy":436,"r":6},"region_attributes":{"Type":"1","count":"3"}},{"shape_attributes":{"name":"circle","cx":226,"cy":443,"r":6},"region_attributes":{"Type":"1","count":"2"}},{"shape_attributes":{"name":"circle","cx":395,"cy":232,"r":6},"region_attributes":{"Type":"1","count":"2"}},{"shape_attributes":{"name":"circle","cx":445,"cy":172,"r":6},"region_attributes":{"Type":"2","count":"1"}},{"shape_attributes":{"name":"circle","cx":456,"cy":350,"r":6},"region_attributes":{"Type":"1","count":"2"}},{"shape_attributes":{"name":"circle","cx":445,"cy":372,"r":6},"region_attributes":{"Type":"1","count":"2"}},{"shape_attributes":{"name":"circle","cx":456,"cy":393,"r":6},"region_attributes":{"Type":"2","count":"1"}},{"shape_attributes":{"name":"circle","cx":396,"cy":427,"r":6},"region_attributes":{"Type":"1","count":"2"}},{"shape_attributes":{"name":"circle","cx":637,"cy":125,"r":6},"region_attributes":{"Type":"3","count":"1"}},{"shape_attributes":{"name":"circle","cx":633,"cy":348,"r":6},"region_attributes":{"Type":"1","count":"2"}},{"shape_attributes":{"name":"circle","cx":645,"cy":347,"r":6},"region_attributes":{"Type":"2","count":"2"}},{"shape_attributes":{"name":"circle","cx":625,"cy":376,"r":6},"region_attributes":{"Type":"2","count":"1"}},{"shape_attributes":{"name":"circle","cx":647,"cy":368,"r":6},"region_attributes":{"Type":"2","count":"2"}},{"shape_attributes":{"name":"circle","cx":637,"cy":390,"r":6},"region_attributes":{"Type":"2","count":"3"}},{"shape_attributes":{"name":"circle","cx":627,"cy":421,"r":6},"region_attributes":{"Type":"1","count":"2"}},{"shape_attributes":{"name":"circle","cx":648,"cy":423,"r":6},"region_attributes":{"Type":"2","count":"1"}},{"shape_attributes":{"name":"circle","cx":626,"cy":436,"r":6},"region_attributes":{"Type":"2","count":"1"}},{"shape_attributes":{"name":"circle","cx":650,"cy":442,"r":6},"region_attributes":{"Type":"1","count":"5"}},{"shape_attributes":{"name":"circle","cx":633,"cy":462,"r":6},"region_attributes":{"Type":"2","count":"2"}}],"file_attributes":{"date":"2022-04-29","temp":"58","rain":"2","neighborhood":"East Village","total_count":""}},"https://drive.google.com/uc?export=view&id=1Hg83LKkgKGFGSaghHHDAXI0K0hAla84u\n":{"filename":"https://drive.google.com/uc?export=view&id=1Hg83LKkgKGFGSaghHHDAXI0K0hAla84u\n","size":-1,"regions":[{"shape_attributes":{"name":"circle","cx":243,"cy":377,"r":9.068},"region_attributes":{"Type":"1","count":"1"}},{"shape_attributes":{"name":"circle","cx":321,"cy":463,"r":9.068},"region_attributes":{"Type":"1","count":"1"}},{"shape_attributes":{"name":"circle","cx":555,"cy":360,"r":9.068},"region_attributes":{"Type":"1","count":"1"}},{"shape_attributes":{"name":"circle","cx":557,"cy":392,"r":9.068},"region_attributes":{"Type":"1","count":"1"}},{"shape_attributes":{"name":"circle","cx":369,"cy":448,"r":9.068},"region_attributes":{"Type":"1","count":"1"}},{"shape_attributes":{"name":"circle","cx":207,"cy":353,"r":9.068},"region_attributes":{"Type":"1","count":"1"}},{"shape_attributes":{"name":"circle","cx":155,"cy":279,"r":8.769},"region_attributes":{"Type":"1","count":"3"}},{"shape_attributes":{"name":"circle","cx":140,"cy":309,"r":8.769},"region_attributes":{"Type":"1","count":"7"}},{"shape_attributes":{"name":"circle","cx":164,"cy":305,"r":8.769},"region_attributes":{"Type":"1","count":"3"}},{"shape_attributes":{"name":"circle","cx":172,"cy":313,"r":8.769},"region_attributes":{"Type":"2","count":"5"}},{"shape_attributes":{"name":"circle","cx":151,"cy":331,"r":8.769},"region_attributes":{"Type":"2","count":"9"}},{"shape_attributes":{"name":"circle","cx":198,"cy":284,"r":8.769},"region_attributes":{"Type":"2","count":"7"}},{"shape_attributes":{"name":"circle","cx":217,"cy":282,"r":8.769},"region_attributes":{"Type":"1","count":"5"}},{"shape_attributes":{"name":"circle","cx":191,"cy":313,"r":8.769},"region_attributes":{"Type":"2","count":"9"}},{"shape_attributes":{"name":"circle","cx":221,"cy":314,"r":8.769},"region_attributes":{"Type":"2","count":"1"}},{"shape_attributes":{"name":"circle","cx":205,"cy":332,"r":8.769},"region_attributes":{"Type":"2","count":"8"}},{"shape_attributes":{"name":"circle","cx":264,"cy":285,"r":8.769},"region_attributes":{"Type":"1","count":"2"}},{"shape_attributes":{"name":"circle","cx":343,"cy":306,"r":8.769},"region_attributes":{"Type":"2","count":"3"}},{"shape_attributes":{"name":"circle","cx":345,"cy":323,"r":8.769},"region_attributes":{"Type":"1","count":"2"}},{"shape_attributes":{"name":"circle","cx":109,"cy":421,"r":8.769},"region_attributes":{"Type":"1","count":"2"}},{"shape_attributes":{"name":"circle","cx":225,"cy":395,"r":8.769},"region_attributes":{"Type":"1","count":"3"}},{"shape_attributes":{"name":"circle","cx":253,"cy":473,"r":8.769},"region_attributes":{"Type":"1","count":"2"}},{"shape_attributes":{"name":"circle","cx":475,"cy":170,"r":8.769},"region_attributes":{"Type":"2","count":"1"}},{"shape_attributes":{"name":"circle","cx":419,"cy":242,"r":8.769},"region_attributes":{"Type":"2","count":"1"}},{"shape_attributes":{"name":"circle","cx":457,"cy":411,"r":8.769},"region_attributes":{"Type":"1","count":"2"}},{"shape_attributes":{"name":"circle","cx":553,"cy":447,"r":8.769},"region_attributes":{"Type":"1","count":"2"}},{"shape_attributes":{"name":"circle","cx":610,"cy":379,"r":8.769},"region_attributes":{"Type":"2","count":"4"}},{"shape_attributes":{"name":"circle","cx":589,"cy":403,"r":8.769},"region_attributes":{"Type":"2","count":"1"}},{"shape_attributes":{"name":"circle","cx":629,"cy":388,"r":8.769},"region_attributes":{"Type":"2","count":"1"}},{"shape_attributes":{"name":"circle","cx":604,"cy":124,"r":8.769},"region_attributes":{"Type":"3","count":"1"}},{"shape_attributes":{"name":"circle","cx":680,"cy":127,"r":8.769},"region_attributes":{"Type":"2","count":"2"}}],"file_attributes":{"date":"2022-05-27","temp":"61","rain":"2","neighborhood":"East Village","total_count":""}},"https://drive.google.com/uc?export=view&id=1cOK6q9EDwVfT0gyxgjFE-yvj-d55I3Ns\n":{"filename":"https://drive.google.com/uc?export=view&id=1cOK6q9EDwVfT0gyxgjFE-yvj-d55I3Ns\n","size":-1,"regions":[{"shape_attributes":{"name":"circle","cx":243,"cy":290,"r":9.068},"region_attributes":{"Type":"1","count":"1"}},{"shape_attributes":{"name":"circle","cx":91,"cy":359,"r":9.068},"region_attributes":{"Type":"1","count":"1"}},{"shape_attributes":{"name":"circle","cx":118,"cy":357,"r":9.068},"region_attributes":{"Type":"1","count":"1"}},{"shape_attributes":{"name":"circle","cx":106,"cy":407,"r":9.068},"region_attributes":{"Type":"1","count":"1"}},{"shape_attributes":{"name":"circle","cx":254,"cy":406,"r":9.068},"region_attributes":{"Type":"1","count":"1"}},{"shape_attributes":{"name":"circle","cx":359,"cy":358,"r":9.068},"region_attributes":{"Type":"1","count":"1"}},{"shape_attributes":{"name":"circle","cx":194,"cy":326,"r":6.566},"region_attributes":{"Type":"1","count":"1"}},{"shape_attributes":{"name":"circle","cx":211,"cy":430,"r":9.068},"region_attributes":{"Type":"1","count":"1"}},{"shape_attributes":{"name":"circle","cx":394,"cy":286,"r":9.068},"region_attributes":{"Type":"1","count":"1"}},{"shape_attributes":{"name":"circle","cx":420,"cy":286,"r":9.068},"region_attributes":{"Type":"1","count":"1"}},{"shape_attributes":{"name":"circle","cx":446,"cy":302,"r":9.068},"region_attributes":{"Type":"1","count":"1"}},{"shape_attributes":{"name":"circle","cx":446,"cy":241,"r":9.068},"region_attributes":{"Type":"1","count":"1"}},{"shape_attributes":{"name":"circle","cx":422,"cy":259,"r":9.068},"region_attributes":{"Type":"1","count":"1"}},{"shape_attributes":{"name":"circle","cx":395,"cy":397,"r":9.068},"region_attributes":{"Type":"1","count":"1"}},{"shape_attributes":{"name":"circle","cx":512,"cy":426,"r":9.068},"region_attributes":{"Type":"1","count":"1"}},{"shape_attributes":{"name":"circle","cx":559,"cy":395,"r":9.068},"region_attributes":{"Type":"1","count":"1"}},{"shape_attributes":{"name":"circle","cx":607,"cy":321,"r":9.068},"region_attributes":{"Type":"1","count":"1"}},{"shape_attributes":{"name":"circle","cx":632,"cy":298,"r":9.068},"region_attributes":{"Type":"1","count":"1"}},{"shape_attributes":{"name":"circle","cx":607,"cy":140,"r":9.068},"region_attributes":{"Type":"1","count":"1"}},{"shape_attributes":{"name":"circle","cx":610,"cy":371,"r":9.068},"region_attributes":{"Type":"1","count":"1"}},{"shape_attributes":{"name":"circle","cx":458,"cy":356,"r":9.068},"region_attributes":{"Type":"1","count":"1"}},{"shape_attributes":{"name":"circle","cx":525,"cy":356,"r":9.068},"region_attributes":{"Type":"1","count":"1"}},{"shape_attributes":{"name":"circle","cx":634,"cy":384,"r":11.643},"region_attributes":{"Type":"1","count":"1"}},{"shape_attributes":{"name":"circle","cx":648,"cy":402,"r":9.068},"region_attributes":{"Type":"1","count":"1"}},{"shape_attributes":{"name":"circle","cx":634,"cy":425,"r":9.068},"region_attributes":{"Type":"1","count":"1"}},{"shape_attributes":{"name":"circle","cx":118,"cy":336,"r":9.068},"region_attributes":{"Type":"1","count":"1"}},{"shape_attributes":{"name":"circle","cx":167,"cy":291,"r":8.769},"region_attributes":{"Type":"2","count":"2"}},{"shape_attributes":{"name":"circle","cx":141,"cy":305,"r":8.769},"region_attributes":{"Type":"1","count":"2"}},{"shape_attributes":{"name":"circle","cx":143,"cy":314,"r":8.769},"region_attributes":{"Type":"2","count":"7"}},{"shape_attributes":{"name":"circle","cx":169,"cy":314,"r":8.769},"region_attributes":{"Type":"2","count":"3"}},{"shape_attributes":{"name":"circle","cx":143,"cy":337,"r":8.769},"region_attributes":{"Type":"1","count":"9"}},{"shape_attributes":{"name":"circle","cx":156,"cy":338,"r":8.769},"region_attributes":{"Type":"2","count":"9"}},{"shape_attributes":{"name":"circle","cx":171,"cy":326,"r":8.769},"region_attributes":{"Type":"1","count":"2"}},{"shape_attributes":{"name":"circle","cx":207,"cy":285,"r":8.769},"region_attributes":{"Type":"2","count":"2"}},{"shape_attributes":{"name":"circle","cx":193,"cy":309,"r":8.769},"region_attributes":{"Type":"2","count":"4"}},{"shape_attributes":{"name":"circle","cx":217,"cy":307,"r":8.769},"region_attributes":{"Type":"2","count":"2"}},{"shape_attributes":{"name":"circle","cx":204,"cy":335,"r":8.769},"region_attributes":{"Type":"2","count":"8"}},{"shape_attributes":{"name":"circle","cx":215,"cy":335,"r":8.769},"region_attributes":{"Type":"1","count":"4"}},{"shape_attributes":{"name":"circle","cx":222,"cy":319,"r":8.769},"region_attributes":{"Type":"1","count":"3"}},{"shape_attributes":{"name":"circle","cx":273,"cy":310,"r":8.769},"region_attributes":{"Type":"1","count":"2"}},{"shape_attributes":{"name":"circle","cx":93,"cy":385,"r":8.769},"region_attributes":{"Type":"1","count":"2"}},{"shape_attributes":{"name":"circle","cx":206,"cy":359,"r":8.769},"region_attributes":{"Type":"1","count":"4"}},{"shape_attributes":{"name":"circle","cx":194,"cy":386,"r":8.769},"region_attributes":{"Type":"1","count":"2"}},{"shape_attributes":{"name":"circle","cx":344,"cy":319,"r":8.769},"region_attributes":{"Type":"1","count":"3"}},{"shape_attributes":{"name":"circle","cx":371,"cy":307,"r":8.769},"region_attributes":{"Type":"1","count":"6"}},{"shape_attributes":{"name":"circle","cx":105,"cy":431,"r":8.769},"region_attributes":{"Type":"2","count":"1"}},{"shape_attributes":{"name":"circle","cx":345,"cy":447,"r":8.769},"region_attributes":{"Type":"3","count":"1"}},{"shape_attributes":{"name":"circle","cx":353,"cy":475,"r":8.769},"region_attributes":{"Type":"1","count":"2"}},{"shape_attributes":{"name":"circle","cx":342,"cy":301,"r":10.75},"region_attributes":{"Type":"2","count":"9"}},{"shape_attributes":{"name":"circle","cx":400,"cy":451,"r":8.769},"region_attributes":{"Type":"1","count":"2"}},{"shape_attributes":{"name":"circle","cx":445,"cy":171,"r":8.769},"region_attributes":{"Type":"2","count":"3"}},{"shape_attributes":{"name":"circle","cx":420,"cy":213,"r":8.769},"region_attributes":{"Type":"1","count":"2"}},{"shape_attributes":{"name":"circle","cx":420,"cy":237,"r":8.769},"region_attributes":{"Type":"2","count":"1"}},{"shape_attributes":{"name":"circle","cx":442,"cy":227,"r":8.769},"region_attributes":{"Type":"3","count":"1"}},{"shape_attributes":{"name":"circle","cx":495,"cy":311,"r":8.769},"region_attributes":{"Type":"1","count":"2"}},{"shape_attributes":{"name":"circle","cx":508,"cy":331,"r":8.769},"region_attributes":{"Type":"2","count":"1"}},{"shape_attributes":{"name":"circle","cx":469,"cy":357,"r":8.769},"region_attributes":{"Type":"2","count":"1"}},{"shape_attributes":{"name":"circle","cx":471,"cy":381,"r":8.769},"region_attributes":{"Type":"2","count":"2"}},{"shape_attributes":{"name":"circle","cx":494,"cy":387,"r":8.769},"region_attributes":{"Type":"2","count":"1"}},{"shape_attributes":{"name":"circle","cx":498,"cy":353,"r":8.769},"region_attributes":{"Type":"1","count":"2"}},{"shape_attributes":{"name":"circle","cx":514,"cy":356,"r":8.769},"region_attributes":{"Type":"2","count":"1"}},{"shape_attributes":{"name":"circle","cx":541,"cy":354,"r":8.769},"region_attributes":{"Type":"2","count":"1"}},{"shape_attributes":{"name":"circle","cx":556,"cy":359,"r":8.769},"region_attributes":{"Type":"3","count":"1"}},{"shape_attributes":{"name":"circle","cx":582,"cy":345,"r":8.769},"region_attributes":{"Type":"3","count":"1"}},{"shape_attributes":{"name":"circle","cx":593,"cy":354,"r":8.769},"region_attributes":{"Type":"2","count":"4"}},{"shape_attributes":{"name":"circle","cx":603,"cy":354,"r":8.769},"region_attributes":{"Type":"1","count":"3"}},{"shape_attributes":{"name":"circle","cx":581,"cy":370,"r":8.769},"region_attributes":{"Type":"2","count":"2"}},{"shape_attributes":{"name":"circle","cx":583,"cy":385,"r":8.769},"region_attributes":{"Type":"1","count":"2"}},{"shape_attributes":{"name":"circle","cx":609,"cy":399,"r":8.769},"region_attributes":{"Type":"2","count":"1"}},{"shape_attributes":{"name":"circle","cx":657,"cy":127,"r":8.769},"region_attributes":{"Type":"3","count":"1"}},{"shape_attributes":{"name":"circle","cx":675,"cy":233,"r":8.769},"region_attributes":{"Type":"3","count":"1"}},{"shape_attributes":{"name":"circle","cx":635,"cy":369,"r":8.769},"region_attributes":{"Type":"2","count":"2"}},{"shape_attributes":{"name":"circle","cx":660,"cy":365,"r":8.769},"region_attributes":{"Type":"2","count":"3"}},{"shape_attributes":{"name":"circle","cx":683,"cy":369,"r":8.769},"region_attributes":{"Type":"1","count":"2"}},{"shape_attributes":{"name":"circle","cx":572,"cy":435,"r":8.769},"region_attributes":{"Type":"3","count":"1"}},{"shape_attributes":{"name":"circle","cx":594,"cy":427,"r":8.769},"region_attributes":{"Type":"2","count":"2"}},{"shape_attributes":{"name":"circle","cx":581,"cy":449,"r":8.769},"region_attributes":{"Type":"2","count":"6"}},{"shape_attributes":{"name":"circle","cx":584,"cy":458,"r":8.667},"region_attributes":{"Type":"1","count":"2"}},{"shape_attributes":{"name":"circle","cx":575,"cy":470,"r":8.769},"region_attributes":{"Type":"3","count":"1"}},{"shape_attributes":{"name":"circle","cx":645,"cy":427,"r":8.769},"region_attributes":{"Type":"2","count":"1"}},{"shape_attributes":{"name":"circle","cx":663,"cy":429,"r":8.769},"region_attributes":{"Type":"1","count":"3"}},{"shape_attributes":{"name":"circle","cx":634,"cy":473,"r":8.769},"region_attributes":{"Type":"1","count":"2"}},{"shape_attributes":{"name":"circle","cx":676,"cy":439,"r":8.769},"region_attributes":{"Type":"3","count":"1"}},{"shape_attributes":{"name":"circle","cx":666,"cy":467,"r":8.769},"region_attributes":{"Type":"3","count":"1"}},{"shape_attributes":{"name":"circle","cx":681,"cy":464,"r":5.735},"region_attributes":{"Type":"2","count":"2"}},{"shape_attributes":{"name":"circle","cx":683,"cy":424,"r":8.769},"region_attributes":{"Type":"1","count":"2"}}],"file_attributes":{"date":"2022-06-30","temp":"67","rain":"2","neighborhood":"East Village","total_count":""}},"https://drive.google.com/uc?export=view&id=10FZE_Ugccb-9KG2LZLZttwgWOhtLD47d\n":{"filename":"https://drive.google.com/uc?export=view&id=10FZE_Ugccb-9KG2LZLZttwgWOhtLD47d\n","size":-1,"regions":[{"shape_attributes":{"name":"circle","cx":102,"cy":283,"r":9.068},"region_attributes":{"Type":"1","count":"1"}},{"shape_attributes":{"name":"circle","cx":344,"cy":361,"r":9.068},"region_attributes":{"Type":"1","count":"1"}},{"shape_attributes":{"name":"circle","cx":200,"cy":465,"r":9.068},"region_attributes":{"Type":"1","count":"1"}},{"shape_attributes":{"name":"circle","cx":504,"cy":351,"r":9.068},"region_attributes":{"Type":"1","count":"1"}},{"shape_attributes":{"name":"circle","cx":444,"cy":187,"r":9.068},"region_attributes":{"Type":"1","count":"1"}},{"shape_attributes":{"name":"circle","cx":626,"cy":467,"r":9.068},"region_attributes":{"Type":"1","count":"1"}},{"shape_attributes":{"name":"circle","cx":176,"cy":290,"r":8.769},"region_attributes":{"Type":"1","count":"2"}},{"shape_attributes":{"name":"circle","cx":174,"cy":305,"r":8.769},"region_attributes":{"Type":"2","count":"7"}},{"shape_attributes":{"name":"circle","cx":155,"cy":328,"r":8.769},"region_attributes":{"Type":"2","count":"12"}},{"shape_attributes":{"name":"circle","cx":175,"cy":327,"r":8.769},"region_attributes":{"Type":"1","count":"3"}},{"shape_attributes":{"name":"circle","cx":203,"cy":284,"r":8.769},"region_attributes":{"Type":"1","count":"5"}},{"shape_attributes":{"name":"circle","cx":202,"cy":300,"r":8.769},"region_attributes":{"Type":"2","count":"10"}},{"shape_attributes":{"name":"circle","cx":204,"cy":327,"r":8.769},"region_attributes":{"Type":"2","count":"6"}},{"shape_attributes":{"name":"circle","cx":319,"cy":423,"r":8.769},"region_attributes":{"Type":"2","count":"1"}},{"shape_attributes":{"name":"circle","cx":365,"cy":465,"r":8.769},"region_attributes":{"Type":"1","count":"2"}},{"shape_attributes":{"name":"circle","cx":395,"cy":444,"r":8.769},"region_attributes":{"Type":"1","count":"3"}},{"shape_attributes":{"name":"circle","cx":445,"cy":168,"r":8.769},"region_attributes":{"Type":"2","count":"1"}},{"shape_attributes":{"name":"circle","cx":643,"cy":129,"r":8.769},"region_attributes":{"Type":"3","count":"1"}},{"shape_attributes":{"name":"circle","cx":449,"cy":327,"r":8.769},"region_attributes":{"Type":"1","count":"7"}},{"shape_attributes":{"name":"circle","cx":464,"cy":328,"r":8.769},"region_attributes":{"Type":"2","count":"4"}},{"shape_attributes":{"name":"circle","cx":479,"cy":312,"r":8.769},"region_attributes":{"Type":"3","count":"1"}},{"shape_attributes":{"name":"circle","cx":503,"cy":330,"r":8.769},"region_attributes":{"Type":"2","count":"3"}},{"shape_attributes":{"name":"circle","cx":542,"cy":327,"r":8.769},"region_attributes":{"Type":"1","count":"3"}},{"shape_attributes":{"name":"circle","cx":585,"cy":328,"r":8.769},"region_attributes":{"Type":"2","count":"1"}},{"shape_attributes":{"name":"circle","cx":507,"cy":394,"r":8.769},"region_attributes":{"Type":"1","count":"2"}},{"shape_attributes":{"name":"circle","cx":540,"cy":407,"r":8.769},"region_attributes":{"Type":"3","count":"1"}},{"shape_attributes":{"name":"circle","cx":590,"cy":396,"r":8.769},"region_attributes":{"Type":"2","count":"2"}},{"shape_attributes":{"name":"circle","cx":615,"cy":366,"r":8.769},"region_attributes":{"Type":"3","count":"1"}},{"shape_attributes":{"name":"circle","cx":625,"cy":379,"r":8.769},"region_attributes":{"Type":"2","count":"5"}},{"shape_attributes":{"name":"circle","cx":639,"cy":397,"r":8.769},"region_attributes":{"Type":"1","count":"4"}},{"shape_attributes":{"name":"circle","cx":675,"cy":377,"r":8.769},"region_attributes":{"Type":"2","count":"3"}},{"shape_attributes":{"name":"circle","cx":598,"cy":425,"r":8.769},"region_attributes":{"Type":"2","count":"1"}},{"shape_attributes":{"name":"circle","cx":574,"cy":445,"r":8.769},"region_attributes":{"Type":"2","count":"3"}},{"shape_attributes":{"name":"circle","cx":588,"cy":469,"r":8.769},"region_attributes":{"Type":"1","count":"2"}}],"file_attributes":{"date":"2022-07-29","temp":"70","rain":"2","neighborhood":"East Village","total_count":""}},"https://drive.google.com/uc?export=view&id=1K5SwfkubWuWVL8piIkulPsAvduZavvO1\n":{"filename":"https://drive.google.com/uc?export=view&id=1K5SwfkubWuWVL8piIkulPsAvduZavvO1\n","size":-1,"regions":[{"shape_attributes":{"name":"circle","cx":220,"cy":468,"r":9.068},"region_attributes":{"Type":"1","count":"1"}},{"shape_attributes":{"name":"circle","cx":258,"cy":400,"r":11.508},"region_attributes":{"Type":"1","count":"1"}},{"shape_attributes":{"name":"circle","cx":292,"cy":320,"r":9.068},"region_attributes":{"Type":"1","count":"1"}},{"shape_attributes":{"name":"circle","cx":292,"cy":372,"r":9.068},"region_attributes":{"Type":"1","count":"1"}},{"shape_attributes":{"name":"circle","cx":390,"cy":374,"r":9.068},"region_attributes":{"Type":"1","count":"1"}},{"shape_attributes":{"name":"circle","cx":394,"cy":458,"r":9.068},"region_attributes":{"Type":"1","count":"1"}},{"shape_attributes":{"name":"circle","cx":406,"cy":471,"r":9.068},"region_attributes":{"Type":"1","count":"1"}},{"shape_attributes":{"name":"circle","cx":424,"cy":321,"r":9.068},"region_attributes":{"Type":"1","count":"1"}},{"shape_attributes":{"name":"circle","cx":408,"cy":184,"r":9.068},"region_attributes":{"Type":"1","count":"1"}},{"shape_attributes":{"name":"circle","cx":444,"cy":153,"r":9.068},"region_attributes":{"Type":"1","count":"1"}},{"shape_attributes":{"name":"circle","cx":578,"cy":157,"r":9.068},"region_attributes":{"Type":"1","count":"1"}},{"shape_attributes":{"name":"circle","cx":592,"cy":132,"r":9.068},"region_attributes":{"Type":"1","count":"1"}},{"shape_attributes":{"name":"circle","cx":545,"cy":348,"r":9.068},"region_attributes":{"Type":"1","count":"1"}},{"shape_attributes":{"name":"circle","cx":544,"cy":421,"r":9.068},"region_attributes":{"Type":"1","count":"1"}},{"shape_attributes":{"name":"circle","cx":580,"cy":323,"r":9.068},"region_attributes":{"Type":"1","count":"1"}},{"shape_attributes":{"name":"circle","cx":608,"cy":372,"r":9.068},"region_attributes":{"Type":"1","count":"1"}},{"shape_attributes":{"name":"circle","cx":592,"cy":421,"r":9.068},"region_attributes":{"Type":"1","count":"1"}},{"shape_attributes":{"name":"circle","cx":606,"cy":444,"r":9.068},"region_attributes":{"Type":"1","count":"1"}},{"shape_attributes":{"name":"circle","cx":105,"cy":351,"r":9.068},"region_attributes":{"Type":"1","count":"1"}},{"shape_attributes":{"name":"circle","cx":121,"cy":307,"r":8.769},"region_attributes":{"Type":"1","count":"2"}},{"shape_attributes":{"name":"circle","cx":142,"cy":293,"r":8.769},"region_attributes":{"Type":"1","count":"7"}},{"shape_attributes":{"name":"circle","cx":144,"cy":303,"r":8.769},"region_attributes":{"Type":"2","count":"6"}},{"shape_attributes":{"name":"circle","cx":167,"cy":292,"r":8.769},"region_attributes":{"Type":"1","count":"7"}},{"shape_attributes":{"name":"circle","cx":169,"cy":305,"r":8.769},"region_attributes":{"Type":"2","count":"6"}},{"shape_attributes":{"name":"circle","cx":148,"cy":325,"r":8.769},"region_attributes":{"Type":"2","count":"7"}},{"shape_attributes":{"name":"circle","cx":163,"cy":327,"r":8.769},"region_attributes":{"Type":"1","count":"8"}},{"shape_attributes":{"name":"circle","cx":209,"cy":279,"r":8.769},"region_attributes":{"Type":"2","count":"1"}},{"shape_attributes":{"name":"circle","cx":196,"cy":307,"r":8.769},"region_attributes":{"Type":"2","count":"5"}},{"shape_attributes":{"name":"circle","cx":222,"cy":309,"r":8.769},"region_attributes":{"Type":"2","count":"2"}},{"shape_attributes":{"name":"circle","cx":198,"cy":330,"r":8.769},"region_attributes":{"Type":"2","count":"8"}},{"shape_attributes":{"name":"circle","cx":211,"cy":329,"r":8.769},"region_attributes":{"Type":"1","count":"9"}},{"shape_attributes":{"name":"circle","cx":154,"cy":354,"r":8.769},"region_attributes":{"Type":"1","count":"3"}},{"shape_attributes":{"name":"circle","cx":317,"cy":280,"r":8.769},"region_attributes":{"Type":"3","count":"1"}},{"shape_attributes":{"name":"circle","cx":320,"cy":308,"r":8.769},"region_attributes":{"Type":"1","count":"2"}},{"shape_attributes":{"name":"circle","cx":347,"cy":299,"r":8.769},"region_attributes":{"Type":"2","count":"4"}},{"shape_attributes":{"name":"circle","cx":346,"cy":319,"r":8.769},"region_attributes":{"Type":"1","count":"2"}},{"shape_attributes":{"name":"circle","cx":177,"cy":392,"r":8.769},"region_attributes":{"Type":"3","count":"1"}},{"shape_attributes":{"name":"circle","cx":193,"cy":385,"r":8.769},"region_attributes":{"Type":"1","count":"2"}},{"shape_attributes":{"name":"circle","cx":221,"cy":378,"r":8.769},"region_attributes":{"Type":"1","count":"2"}},{"shape_attributes":{"name":"circle","cx":245,"cy":377,"r":8.769},"region_attributes":{"Type":"2","count":"1"}},{"shape_attributes":{"name":"circle","cx":355,"cy":354,"r":8.769},"region_attributes":{"Type":"1","count":"2"}},{"shape_attributes":{"name":"circle","cx":99,"cy":423,"r":8.769},"region_attributes":{"Type":"1","count":"2"}},{"shape_attributes":{"name":"circle","cx":295,"cy":443,"r":8.769},"region_attributes":{"Type":"1","count":"2"}},{"shape_attributes":{"name":"circle","cx":420,"cy":157,"r":8.769},"region_attributes":{"Type":"1","count":"2"}},{"shape_attributes":{"name":"circle","cx":393,"cy":219,"r":8.769},"region_attributes":{"Type":"2","count":"4"}},{"shape_attributes":{"name":"circle","cx":393,"cy":238,"r":8.769},"region_attributes":{"Type":"1","count":"3"}},{"shape_attributes":{"name":"circle","cx":443,"cy":173,"r":8.769},"region_attributes":{"Type":"2","count":"1"}},{"shape_attributes":{"name":"circle","cx":395,"cy":297,"r":8.769},"region_attributes":{"Type":"1","count":"3"}},{"shape_attributes":{"name":"circle","cx":511,"cy":352,"r":8.769},"region_attributes":{"Type":"2","count":"3"}},{"shape_attributes":{"name":"circle","cx":592,"cy":277,"r":8.769},"region_attributes":{"Type":"1","count":"3"}},{"shape_attributes":{"name":"circle","cx":580,"cy":283,"r":8.769},"region_attributes":{"Type":"1","count":"2"}},{"shape_attributes":{"name":"circle","cx":577,"cy":295,"r":8.769},"region_attributes":{"Type":"2","count":"1"}},{"shape_attributes":{"name":"circle","cx":543,"cy":325,"r":8.769},"region_attributes":{"Type":"1","count":"3"}},{"shape_attributes":{"name":"circle","cx":582,"cy":368,"r":8.769},"region_attributes":{"Type":"1","count":"2"}},{"shape_attributes":{"name":"circle","cx":581,"cy":445,"r":8.769},"region_attributes":{"Type":"1","count":"4"}},{"shape_attributes":{"name":"circle","cx":581,"cy":461,"r":8.769},"region_attributes":{"Type":"2","count":"2"}},{"shape_attributes":{"name":"circle","cx":593,"cy":471,"r":8.769},"region_attributes":{"Type":"1","count":"5"}},{"shape_attributes":{"name":"circle","cx":657,"cy":434,"r":8.769},"region_attributes":{"Type":"1","count":"2"}},{"shape_attributes":{"name":"circle","cx":662,"cy":143,"r":8.769},"region_attributes":{"Type":"3","count":"1"}},{"shape_attributes":{"name":"circle","cx":667,"cy":163,"r":8.769},"region_attributes":{"Type":"3","count":"2"}}],"file_attributes":{"date":"2022-08-25","temp":"68","rain":"2","neighborhood":"East Village","total_count":""}},"https://drive.google.com/uc?export=view&id=1mZcDno3R62KXS7gMMGQw4GpWC6cw5l5d\n":{"filename":"https://drive.google.com/uc?export=view&id=1mZcDno3R62KXS7gMMGQw4GpWC6cw5l5d\n","size":-1,"regions":[{"shape_attributes":{"name":"circle","cx":150,"cy":286,"r":9.068},"region_attributes":{"Type":"1","count":"1"}},{"shape_attributes":{"name":"circle","cx":160,"cy":407,"r":9.068},"region_attributes":{"Type":"1","count":"1"}},{"shape_attributes":{"name":"circle","cx":245,"cy":289,"r":9.068},"region_attributes":{"Type":"1","count":"1"}},{"shape_attributes":{"name":"circle","cx":220,"cy":360,"r":9.068},"region_attributes":{"Type":"1","count":"1"}},{"shape_attributes":{"name":"circle","cx":208,"cy":480,"r":9.068},"region_attributes":{"Type":"1","count":"1"}},{"shape_attributes":{"name":"circle","cx":297,"cy":480,"r":9.068},"region_attributes":{"Type":"1","count":"1"}},{"shape_attributes":{"name":"circle","cx":367,"cy":457,"r":9.068},"region_attributes":{"Type":"1","count":"1"}},{"shape_attributes":{"name":"circle","cx":394,"cy":457,"r":9.068},"region_attributes":{"Type":"1","count":"1"}},{"shape_attributes":{"name":"circle","cx":411,"cy":479,"r":9.068},"region_attributes":{"Type":"1","count":"1"}},{"shape_attributes":{"name":"circle","cx":449,"cy":477,"r":9.068},"region_attributes":{"Type":"1","count":"1"}},{"shape_attributes":{"name":"circle","cx":499,"cy":475,"r":9.068},"region_attributes":{"Type":"1","count":"1"}},{"shape_attributes":{"name":"circle","cx":410,"cy":146,"r":9.068},"region_attributes":{"Type":"1","count":"1"}},{"shape_attributes":{"name":"circle","cx":396,"cy":175,"r":9.068},"region_attributes":{"Type":"1","count":"1"}},{"shape_attributes":{"name":"circle","cx":412,"cy":265,"r":9.068},"region_attributes":{"Type":"1","count":"1"}},{"shape_attributes":{"name":"circle","cx":657,"cy":481,"r":9.068},"region_attributes":{"Type":"1","count":"1"}},{"shape_attributes":{"name":"circle","cx":94,"cy":294,"r":9.068},"region_attributes":{"Type":"1","count":"1"}},{"shape_attributes":{"name":"circle","cx":135,"cy":289,"r":8.769},"region_attributes":{"Type":"3","count":"1"}},{"shape_attributes":{"name":"circle","cx":119,"cy":317,"r":8.769},"region_attributes":{"Type":"1","count":"14"}},{"shape_attributes":{"name":"circle","cx":119,"cy":334,"r":8.769},"region_attributes":{"Type":"2","count":"5"}},{"shape_attributes":{"name":"circle","cx":144,"cy":301,"r":8.769},"region_attributes":{"Type":"1","count":"7"}},{"shape_attributes":{"name":"circle","cx":161,"cy":287,"r":8.769},"region_attributes":{"Type":"2","count":"1"}},{"shape_attributes":{"name":"circle","cx":168,"cy":301,"r":8.769},"region_attributes":{"Type":"2","count":"8"}},{"shape_attributes":{"name":"circle","cx":170,"cy":321,"r":8.769},"region_attributes":{"Type":"1","count":"6"}},{"shape_attributes":{"name":"circle","cx":145,"cy":331,"r":8.769},"region_attributes":{"Type":"1","count":"5"}},{"shape_attributes":{"name":"circle","cx":163,"cy":338,"r":8.769},"region_attributes":{"Type":"2","count":"8"}},{"shape_attributes":{"name":"circle","cx":200,"cy":289,"r":8.769},"region_attributes":{"Type":"2","count":"4"}},{"shape_attributes":{"name":"circle","cx":217,"cy":288,"r":8.769},"region_attributes":{"Type":"1","count":"4"}},{"shape_attributes":{"name":"circle","cx":193,"cy":313,"r":8.769},"region_attributes":{"Type":"1","count":"3"}},{"shape_attributes":{"name":"circle","cx":223,"cy":305,"r":8.769},"region_attributes":{"Type":"1","count":"6"}},{"shape_attributes":{"name":"circle","cx":194,"cy":329,"r":9.843},"region_attributes":{"Type":"2","count":"12"}},{"shape_attributes":{"name":"circle","cx":221,"cy":324,"r":8.769},"region_attributes":{"Type":"2","count":"8"}},{"shape_attributes":{"name":"circle","cx":232,"cy":321,"r":8.769},"region_attributes":{"Type":"3","count":"1"}},{"shape_attributes":{"name":"circle","cx":203,"cy":338,"r":8.769},"region_attributes":{"Type":"1","count":"2"}},{"shape_attributes":{"name":"circle","cx":214,"cy":340,"r":8.769},"region_attributes":{"Type":"2","count":"9"}},{"shape_attributes":{"name":"circle","cx":260,"cy":336,"r":8.769},"region_attributes":{"Type":"1","count":"2"}},{"shape_attributes":{"name":"circle","cx":149,"cy":363,"r":8.769},"region_attributes":{"Type":"1","count":"2"}},{"shape_attributes":{"name":"circle","cx":312,"cy":433,"r":8.769},"region_attributes":{"Type":"1","count":"2"}},{"shape_attributes":{"name":"circle","cx":119,"cy":460,"r":8.769},"region_attributes":{"Type":"1","count":"2"}},{"shape_attributes":{"name":"circle","cx":422,"cy":169,"r":8.769},"region_attributes":{"Type":"2","count":"1"}},{"shape_attributes":{"name":"circle","cx":404,"cy":193,"r":8.769},"region_attributes":{"Type":"1","count":"4"}},{"shape_attributes":{"name":"circle","cx":416,"cy":193,"r":8.769},"region_attributes":{"Type":"2","count":"4"}},{"shape_attributes":{"name":"circle","cx":397,"cy":242,"r":8.769},"region_attributes":{"Type":"2","count":"6"}},{"shape_attributes":{"name":"circle","cx":395,"cy":387,"r":8.769},"region_attributes":{"Type":"1","count":"3"}},{"shape_attributes":{"name":"circle","cx":536,"cy":362,"r":8.769},"region_attributes":{"Type":"2","count":"3"}},{"shape_attributes":{"name":"circle","cx":583,"cy":385,"r":8.769},"region_attributes":{"Type":"2","count":"2"}},{"shape_attributes":{"name":"circle","cx":548,"cy":435,"r":8.769},"region_attributes":{"Type":"1","count":"2"}},{"shape_attributes":{"name":"circle","cx":600,"cy":433,"r":8.769},"region_attributes":{"Type":"1","count":"4"}},{"shape_attributes":{"name":"circle","cx":582,"cy":460,"r":8.769},"region_attributes":{"Type":"2","count":"2"}},{"shape_attributes":{"name":"circle","cx":581,"cy":479,"r":8.769},"region_attributes":{"Type":"1","count":"3"}},{"shape_attributes":{"name":"circle","cx":597,"cy":484,"r":8.769},"region_attributes":{"Type":"2","count":"3"}},{"shape_attributes":{"name":"circle","cx":606,"cy":489,"r":8.769},"region_attributes":{"Type":"3","count":"1"}},{"shape_attributes":{"name":"circle","cx":617,"cy":474,"r":8.769},"region_attributes":{"Type":"3","count":"1"}},{"shape_attributes":{"name":"circle","cx":673,"cy":166,"r":8.769},"region_attributes":{"Type":"3","count":"1"}},{"shape_attributes":{"name":"circle","cx":673,"cy":183,"r":8.769},"region_attributes":{"Type":"3","count":"1"}},{"shape_attributes":{"name":"circle","cx":653,"cy":361,"r":8.769},"region_attributes":{"Type":"2","count":"1"}},{"shape_attributes":{"name":"circle","cx":658,"cy":403,"r":8.769},"region_attributes":{"Type":"2","count":"1"}},{"shape_attributes":{"name":"circle","cx":660,"cy":451,"r":8.769},"region_attributes":{"Type":"1","count":"2"}}],"file_attributes":{"date":"2022-09-30","temp":"67","rain":"2","neighborhood":"East Village","total_count":""}},"https://drive.google.com/uc?export=view&id=1c4TZ9VIZ1OUjOnCiHHNLgeGMtm2QyoL_\n":{"filename":"https://drive.google.com/uc?export=view&id=1c4TZ9VIZ1OUjOnCiHHNLgeGMtm2QyoL_\n","size":-1,"regions":[{"shape_attributes":{"name":"circle","cx":154,"cy":470,"r":9.068},"region_attributes":{"Type":"1","count":"1"}},{"shape_attributes":{"name":"circle","cx":218,"cy":399,"r":9.068},"region_attributes":{"Type":"1","count":"1"}},{"shape_attributes":{"name":"circle","cx":205,"cy":426,"r":9.068},"region_attributes":{"Type":"1","count":"1"}},{"shape_attributes":{"name":"circle","cx":220,"cy":456,"r":9.068},"region_attributes":{"Type":"1","count":"1"}},{"shape_attributes":{"name":"circle","cx":294,"cy":300,"r":9.068},"region_attributes":{"Type":"1","count":"1"}},{"shape_attributes":{"name":"circle","cx":308,"cy":327,"r":9.068},"region_attributes":{"Type":"1","count":"1"}},{"shape_attributes":{"name":"circle","cx":307,"cy":351,"r":9.068},"region_attributes":{"Type":"1","count":"1"}},{"shape_attributes":{"name":"circle","cx":294,"cy":377,"r":9.068},"region_attributes":{"Type":"1","count":"1"}},{"shape_attributes":{"name":"circle","cx":320,"cy":375,"r":9.068},"region_attributes":{"Type":"1","count":"1"}},{"shape_attributes":{"name":"circle","cx":408,"cy":470,"r":9.068},"region_attributes":{"Type":"1","count":"1"}},{"shape_attributes":{"name":"circle","cx":420,"cy":284,"r":9.068},"region_attributes":{"Type":"1","count":"1"}},{"shape_attributes":{"name":"circle","cx":422,"cy":157,"r":9.068},"region_attributes":{"Type":"1","count":"1"}},{"shape_attributes":{"name":"circle","cx":459,"cy":257,"r":9.068},"region_attributes":{"Type":"1","count":"1"}},{"shape_attributes":{"name":"circle","cx":470,"cy":167,"r":9.068},"region_attributes":{"Type":"1","count":"1"}},{"shape_attributes":{"name":"circle","cx":470,"cy":378,"r":9.068},"region_attributes":{"Type":"1","count":"1"}},{"shape_attributes":{"name":"circle","cx":467,"cy":448,"r":9.068},"region_attributes":{"Type":"1","count":"1"}},{"shape_attributes":{"name":"circle","cx":555,"cy":362,"r":9.068},"region_attributes":{"Type":"1","count":"1"}},{"shape_attributes":{"name":"circle","cx":514,"cy":426,"r":9.068},"region_attributes":{"Type":"1","count":"1"}},{"shape_attributes":{"name":"circle","cx":581,"cy":358,"r":12.074},"region_attributes":{"Type":"1","count":"1"}},{"shape_attributes":{"name":"circle","cx":606,"cy":375,"r":9.068},"region_attributes":{"Type":"1","count":"1"}},{"shape_attributes":{"name":"circle","cx":658,"cy":378,"r":9.068},"region_attributes":{"Type":"1","count":"1"}},{"shape_attributes":{"name":"circle","cx":643,"cy":399,"r":9.068},"region_attributes":{"Type":"1","count":"1"}},{"shape_attributes":{"name":"circle","cx":679,"cy":377,"r":9.068},"region_attributes":{"Type":"1","count":"1"}},{"shape_attributes":{"name":"circle","cx":594,"cy":421,"r":9.068},"region_attributes":{"Type":"1","count":"1"}},{"shape_attributes":{"name":"circle","cx":169,"cy":373,"r":9.068},"region_attributes":{"Type":"1","count":"1"}},{"shape_attributes":{"name":"circle","cx":155,"cy":280,"r":8.769},"region_attributes":{"Type":"1","count":"5"}},{"shape_attributes":{"name":"circle","cx":143,"cy":294,"r":8.769},"region_attributes":{"Type":"1","count":"10"}},{"shape_attributes":{"name":"circle","cx":168,"cy":298,"r":8.769},"region_attributes":{"Type":"2","count":"8"}},{"shape_attributes":{"name":"circle","cx":133,"cy":311,"r":8.769},"region_attributes":{"Type":"3","count":"1"}},{"shape_attributes":{"name":"circle","cx":145,"cy":314,"r":8.769},"region_attributes":{"Type":"1","count":"5"}},{"shape_attributes":{"name":"circle","cx":170,"cy":313,"r":8.769},"region_attributes":{"Type":"1","count":"2"}},{"shape_attributes":{"name":"circle","cx":151,"cy":329,"r":8.769},"region_attributes":{"Type":"2","count":"7"}},{"shape_attributes":{"name":"circle","cx":165,"cy":327,"r":8.769},"region_attributes":{"Type":"1","count":"4"}},{"shape_attributes":{"name":"circle","cx":163,"cy":337,"r":8.769},"region_attributes":{"Type":"3","count":"1"}},{"shape_attributes":{"name":"circle","cx":193,"cy":280,"r":8.769},"region_attributes":{"Type":"1","count":"5"}},{"shape_attributes":{"name":"circle","cx":207,"cy":281,"r":8.769},"region_attributes":{"Type":"2","count":"6"}},{"shape_attributes":{"name":"circle","cx":220,"cy":279,"r":8.769},"region_attributes":{"Type":"1","count":"5"}},{"shape_attributes":{"name":"circle","cx":191,"cy":299,"r":8.769},"region_attributes":{"Type":"2","count":"6"}},{"shape_attributes":{"name":"circle","cx":221,"cy":299,"r":8.769},"region_attributes":{"Type":"2","count":"6"}},{"shape_attributes":{"name":"circle","cx":192,"cy":314,"r":8.769},"region_attributes":{"Type":"1","count":"3"}},{"shape_attributes":{"name":"circle","cx":221,"cy":315,"r":8.769},"region_attributes":{"Type":"1","count":"8"}},{"shape_attributes":{"name":"circle","cx":198,"cy":329,"r":8.769},"region_attributes":{"Type":"2","count":"12"}},{"shape_attributes":{"name":"circle","cx":217,"cy":329,"r":8.769},"region_attributes":{"Type":"1","count":"5"}},{"shape_attributes":{"name":"circle","cx":230,"cy":326,"r":8.769},"region_attributes":{"Type":"3","count":"1"}},{"shape_attributes":{"name":"circle","cx":367,"cy":297,"r":8.769},"region_attributes":{"Type":"1","count":"4"}},{"shape_attributes":{"name":"circle","cx":370,"cy":310,"r":8.769},"region_attributes":{"Type":"2","count":"2"}},{"shape_attributes":{"name":"circle","cx":369,"cy":329,"r":8.769},"region_attributes":{"Type":"1","count":"2"}},{"shape_attributes":{"name":"circle","cx":145,"cy":377,"r":8.769},"region_attributes":{"Type":"1","count":"3"}},{"shape_attributes":{"name":"circle","cx":209,"cy":354,"r":8.769},"region_attributes":{"Type":"1","count":"4"}},{"shape_attributes":{"name":"circle","cx":246,"cy":374,"r":8.769},"region_attributes":{"Type":"1","count":"3"}},{"shape_attributes":{"name":"circle","cx":117,"cy":447,"r":8.769},"region_attributes":{"Type":"1","count":"3"}},{"shape_attributes":{"name":"circle","cx":318,"cy":453,"r":8.769},"region_attributes":{"Type":"2","count":"1"}},{"shape_attributes":{"name":"circle","cx":400,"cy":210,"r":8.769},"region_attributes":{"Type":"1","count":"4"}},{"shape_attributes":{"name":"circle","cx":398,"cy":229,"r":8.769},"region_attributes":{"Type":"2","count":"13"}},{"shape_attributes":{"name":"circle","cx":394,"cy":245,"r":8.769},"region_attributes":{"Type":"1","count":"2"}},{"shape_attributes":{"name":"circle","cx":411,"cy":255,"r":8.769},"region_attributes":{"Type":"1","count":"2"}},{"shape_attributes":{"name":"circle","cx":419,"cy":221,"r":8.769},"region_attributes":{"Type":"2","count":"10"}},{"shape_attributes":{"name":"circle","cx":447,"cy":169,"r":8.769},"region_attributes":{"Type":"2","count":"2"}},{"shape_attributes":{"name":"circle","cx":537,"cy":255,"r":8.769},"region_attributes":{"Type":"1","count":"2"}},{"shape_attributes":{"name":"circle","cx":503,"cy":288,"r":8.769},"region_attributes":{"Type":"2","count":"1"}},{"shape_attributes":{"name":"circle","cx":581,"cy":385,"r":8.769},"region_attributes":{"Type":"2","count":"3"}},{"shape_attributes":{"name":"circle","cx":566,"cy":451,"r":8.769},"region_attributes":{"Type":"3","count":"1"}},{"shape_attributes":{"name":"circle","cx":583,"cy":439,"r":8.769},"region_attributes":{"Type":"1","count":"5"}},{"shape_attributes":{"name":"circle","cx":583,"cy":461,"r":8.769},"region_attributes":{"Type":"2","count":"3"}},{"shape_attributes":{"name":"circle","cx":607,"cy":424,"r":8.769},"region_attributes":{"Type":"2","count":"2"}},{"shape_attributes":{"name":"circle","cx":673,"cy":160,"r":8.769},"region_attributes":{"Type":"3","count":"1"}},{"shape_attributes":{"name":"circle","cx":673,"cy":175,"r":8.769},"region_attributes":{"Type":"3","count":"1"}},{"shape_attributes":{"name":"circle","cx":671,"cy":367,"r":8.769},"region_attributes":{"Type":"3","count":"1"}},{"shape_attributes":{"name":"circle","cx":668,"cy":398,"r":8.769},"region_attributes":{"Type":"3","count":"1"}},{"shape_attributes":{"name":"circle","cx":673,"cy":445,"r":8.769},"region_attributes":{"Type":"3","count":"1"}},{"shape_attributes":{"name":"circle","cx":674,"cy":463,"r":8.769},"region_attributes":{"Type":"3","count":"1"}}],"file_attributes":{"date":"2022-10-28","temp":"57","rain":"2","neighborhood":"East Village","total_count":""}},"https://drive.google.com/uc?export=view&id=1gDtlOvbRcmPO30YDF9SgqE6zrldMdHO9\n":{"filename":"https://drive.google.com/uc?export=view&id=1gDtlOvbRcmPO30YDF9SgqE6zrldMdHO9\n","size":-1,"regions":[{"shape_attributes":{"name":"circle","cx":220,"cy":382,"r":10},"region_attributes":{"Type":"1","count":"1"}},{"shape_attributes":{"name":"circle","cx":191,"cy":454,"r":10},"region_attributes":{"Type":"1","count":"1"}},{"shape_attributes":{"name":"circle","cx":243,"cy":460,"r":10},"region_attributes":{"Type":"1","count":"1"}},{"shape_attributes":{"name":"circle","cx":306,"cy":471,"r":10},"region_attributes":{"Type":"1","count":"1"}},{"shape_attributes":{"name":"circle","cx":319,"cy":450,"r":10},"region_attributes":{"Type":"1","count":"1"}},{"shape_attributes":{"name":"circle","cx":370,"cy":306,"r":10},"region_attributes":{"Type":"1","count":"1"}},{"shape_attributes":{"name":"circle","cx":371,"cy":377,"r":10},"region_attributes":{"Type":"1","count":"1"}},{"shape_attributes":{"name":"circle","cx":420,"cy":380,"r":10},"region_attributes":{"Type":"1","count":"1"}},{"shape_attributes":{"name":"circle","cx":421,"cy":449,"r":10},"region_attributes":{"Type":"1","count":"1"}},{"shape_attributes":{"name":"circle","cx":531,"cy":327,"r":10},"region_attributes":{"Type":"1","count":"1"}},{"shape_attributes":{"name":"circle","cx":605,"cy":322,"r":10},"region_attributes":{"Type":"1","count":"1"}},{"shape_attributes":{"name":"circle","cx":580,"cy":390,"r":10},"region_attributes":{"Type":"1","count":"1"}},{"shape_attributes":{"name":"circle","cx":493,"cy":452,"r":10},"region_attributes":{"Type":"1","count":"1"}},{"shape_attributes":{"name":"circle","cx":593,"cy":424,"r":10},"region_attributes":{"Type":"1","count":"1"}},{"shape_attributes":{"name":"circle","cx":605,"cy":466,"r":10},"region_attributes":{"Type":"1","count":"1"}},{"shape_attributes":{"name":"circle","cx":90,"cy":375,"r":10},"region_attributes":{"Type":"1","count":"1"}},{"shape_attributes":{"name":"circle","cx":143,"cy":294,"r":8.769},"region_attributes":{"Type":"1","count":"4"}},{"shape_attributes":{"name":"circle","cx":141,"cy":310,"r":8.769},"region_attributes":{"Type":"2","count":"7"}},{"shape_attributes":{"name":"circle","cx":145,"cy":329,"r":8.769},"region_attributes":{"Type":"1","count":"5"}},{"shape_attributes":{"name":"circle","cx":169,"cy":309,"r":8.769},"region_attributes":{"Type":"1","count":"2"}},{"shape_attributes":{"name":"circle","cx":163,"cy":327,"r":8.769},"region_attributes":{"Type":"2","count":"11"}},{"shape_attributes":{"name":"circle","cx":199,"cy":282,"r":8.769},"region_attributes":{"Type":"2","count":"6"}},{"shape_attributes":{"name":"circle","cx":193,"cy":299,"r":8.769},"region_attributes":{"Type":"2","count":"5"}},{"shape_attributes":{"name":"circle","cx":192,"cy":313,"r":8.769},"region_attributes":{"Type":"1","count":"2"}},{"shape_attributes":{"name":"circle","cx":220,"cy":283,"r":8.769},"region_attributes":{"Type":"1","count":"2"}},{"shape_attributes":{"name":"circle","cx":215,"cy":303,"r":8.769},"region_attributes":{"Type":"2","count":"5"}},{"shape_attributes":{"name":"circle","cx":219,"cy":317,"r":8.769},"region_attributes":{"Type":"1","count":"3"}},{"shape_attributes":{"name":"circle","cx":202,"cy":327,"r":8.769},"region_attributes":{"Type":"2","count":"12"}},{"shape_attributes":{"name":"circle","cx":227,"cy":299,"r":8.769},"region_attributes":{"Type":"3","count":"1"}},{"shape_attributes":{"name":"circle","cx":236,"cy":317,"r":9.286},"region_attributes":{"Type":"3","count":"1"}},{"shape_attributes":{"name":"circle","cx":323,"cy":309,"r":8.769},"region_attributes":{"Type":"1","count":"2"}},{"shape_attributes":{"name":"circle","cx":211,"cy":346,"r":8.769},"region_attributes":{"Type":"3","count":"1"}},{"shape_attributes":{"name":"circle","cx":220,"cy":356,"r":8.769},"region_attributes":{"Type":"1","count":"3"}},{"shape_attributes":{"name":"circle","cx":193,"cy":375,"r":8.769},"region_attributes":{"Type":"2","count":"1"}},{"shape_attributes":{"name":"circle","cx":219,"cy":447,"r":8.769},"region_attributes":{"Type":"1","count":"2"}},{"shape_attributes":{"name":"circle","cx":294,"cy":427,"r":8.769},"region_attributes":{"Type":"2","count":"1"}},{"shape_attributes":{"name":"circle","cx":306,"cy":427,"r":8.769},"region_attributes":{"Type":"1","count":"2"}},{"shape_attributes":{"name":"circle","cx":393,"cy":378,"r":8.769},"region_attributes":{"Type":"1","count":"2"}},{"shape_attributes":{"name":"circle","cx":469,"cy":448,"r":8.769},"region_attributes":{"Type":"2","count":"1"}},{"shape_attributes":{"name":"circle","cx":451,"cy":353,"r":8.769},"region_attributes":{"Type":"2","count":"2"}},{"shape_attributes":{"name":"circle","cx":515,"cy":356,"r":8.769},"region_attributes":{"Type":"2","count":"1"}},{"shape_attributes":{"name":"circle","cx":507,"cy":399,"r":8.769},"region_attributes":{"Type":"2","count":"1"}},{"shape_attributes":{"name":"circle","cx":533,"cy":400,"r":8.769},"region_attributes":{"Type":"1","count":"2"}},{"shape_attributes":{"name":"circle","cx":510,"cy":327,"r":8.769},"region_attributes":{"Type":"2","count":"1"}},{"shape_attributes":{"name":"circle","cx":497,"cy":428,"r":8.769},"region_attributes":{"Type":"2","count":"2"}},{"shape_attributes":{"name":"circle","cx":579,"cy":438,"r":8.769},"region_attributes":{"Type":"1","count":"2"}},{"shape_attributes":{"name":"circle","cx":579,"cy":457,"r":8.769},"region_attributes":{"Type":"2","count":"1"}},{"shape_attributes":{"name":"circle","cx":607,"cy":451,"r":8.769},"region_attributes":{"Type":"2","count":"1"}},{"shape_attributes":{"name":"circle","cx":654,"cy":475,"r":8.769},"region_attributes":{"Type":"1","count":"2"}},{"shape_attributes":{"name":"circle","cx":645,"cy":400,"r":8.769},"region_attributes":{"Type":"1","count":"2"}},{"shape_attributes":{"name":"circle","cx":673,"cy":377,"r":8.769},"region_attributes":{"Type":"3","count":"1"}},{"shape_attributes":{"name":"circle","cx":614,"cy":383,"r":8.769},"region_attributes":{"Type":"3","count":"1"}},{"shape_attributes":{"name":"circle","cx":601,"cy":367,"r":8.769},"region_attributes":{"Type":"2","count":"1"}},{"shape_attributes":{"name":"circle","cx":675,"cy":167,"r":8.769},"region_attributes":{"Type":"3","count":"1"}},{"shape_attributes":{"name":"circle","cx":673,"cy":153,"r":8.769},"region_attributes":{"Type":"3","count":"1"}},{"shape_attributes":{"name":"circle","cx":470,"cy":171,"r":8.769},"region_attributes":{"Type":"2","count":"1"}},{"shape_attributes":{"name":"circle","cx":443,"cy":233,"r":8.769},"region_attributes":{"Type":"2","count":"4"}},{"shape_attributes":{"name":"circle","cx":415,"cy":257,"r":8.769},"region_attributes":{"Type":"1","count":"3"}},{"shape_attributes":{"name":"circle","cx":400,"cy":257,"r":8.769},"region_attributes":{"Type":"2","count":"3"}},{"shape_attributes":{"name":"circle","cx":395,"cy":247,"r":8.769},"region_attributes":{"Type":"1","count":"1"}},{"shape_attributes":{"name":"circle","cx":394,"cy":231,"r":8.769},"region_attributes":{"Type":"2","count":"16"}},{"shape_attributes":{"name":"circle","cx":418,"cy":237,"r":8.769},"region_attributes":{"Type":"2","count":"9"}},{"shape_attributes":{"name":"circle","cx":419,"cy":211,"r":8.769},"region_attributes":{"Type":"2","count":"1"}},{"shape_attributes":{"name":"circle","cx":394,"cy":210,"r":8.769},"region_attributes":{"Type":"2","count":"1"}},{"shape_attributes":{"name":"circle","cx":416,"cy":186,"r":8.769},"region_attributes":{"Type":"1","count":"2"}},{"shape_attributes":{"name":"circle","cx":395,"cy":184,"r":8.769},"region_attributes":{"Type":"2","count":"2"}}],"file_attributes":{"date":"2022-11-23","temp":"50","rain":"2","neighborhood":"East Village","total_count":""}},"https://drive.google.com/uc?export=view&id=1nNeqcSO6a6p0x2CDChWap13L73Ch3EV-\n":{"filename":"https://drive.google.com/uc?export=view&id=1nNeqcSO6a6p0x2CDChWap13L73Ch3EV-\n","size":-1,"regions":[{"shape_attributes":{"name":"circle","cx":90,"cy":464,"r":10},"region_attributes":{"Type":"1","count":"1"}},{"shape_attributes":{"name":"circle","cx":106,"cy":474,"r":10},"region_attributes":{"Type":"1","count":"1"}},{"shape_attributes":{"name":"circle","cx":205,"cy":357,"r":10},"region_attributes":{"Type":"1","count":"1"}},{"shape_attributes":{"name":"circle","cx":220,"cy":384,"r":10},"region_attributes":{"Type":"1","count":"1"}},{"shape_attributes":{"name":"circle","cx":246,"cy":286,"r":10},"region_attributes":{"Type":"1","count":"1"}},{"shape_attributes":{"name":"circle","cx":351,"cy":476,"r":10},"region_attributes":{"Type":"1","count":"1"}},{"shape_attributes":{"name":"circle","cx":394,"cy":360,"r":10},"region_attributes":{"Type":"1","count":"1"}},{"shape_attributes":{"name":"circle","cx":420,"cy":380,"r":10},"region_attributes":{"Type":"1","count":"1"}},{"shape_attributes":{"name":"circle","cx":421,"cy":322,"r":10},"region_attributes":{"Type":"1","count":"1"}},{"shape_attributes":{"name":"circle","cx":507,"cy":212,"r":10},"region_attributes":{"Type":"1","count":"1"}},{"shape_attributes":{"name":"circle","cx":548,"cy":140,"r":10},"region_attributes":{"Type":"1","count":"1"}},{"shape_attributes":{"name":"circle","cx":473,"cy":146,"r":10},"region_attributes":{"Type":"1","count":"1"}},{"shape_attributes":{"name":"circle","cx":557,"cy":368,"r":10},"region_attributes":{"Type":"1","count":"1"}},{"shape_attributes":{"name":"circle","cx":649,"cy":476,"r":10},"region_attributes":{"Type":"1","count":"1"}},{"shape_attributes":{"name":"circle","cx":682,"cy":402,"r":10},"region_attributes":{"Type":"1","count":"1"}},{"shape_attributes":{"name":"circle","cx":679,"cy":358,"r":10},"region_attributes":{"Type":"1","count":"1"}},{"shape_attributes":{"name":"circle","cx":98,"cy":427,"r":10},"region_attributes":{"Type":"1","count":"1"}},{"shape_attributes":{"name":"circle","cx":141,"cy":303,"r":8.769},"region_attributes":{"Type":"2","count":"7"}},{"shape_attributes":{"name":"circle","cx":167,"cy":304,"r":8.769},"region_attributes":{"Type":"2","count":"8"}},{"shape_attributes":{"name":"circle","cx":139,"cy":319,"r":8.769},"region_attributes":{"Type":"1","count":"4"}},{"shape_attributes":{"name":"circle","cx":152,"cy":332,"r":8.769},"region_attributes":{"Type":"2","count":"9"}},{"shape_attributes":{"name":"circle","cx":192,"cy":294,"r":8.769},"region_attributes":{"Type":"2","count":"6"}},{"shape_attributes":{"name":"circle","cx":216,"cy":297,"r":8.769},"region_attributes":{"Type":"1","count":"3"}},{"shape_attributes":{"name":"circle","cx":197,"cy":309,"r":8.769},"region_attributes":{"Type":"1","count":"5"}},{"shape_attributes":{"name":"circle","cx":215,"cy":311,"r":8.769},"region_attributes":{"Type":"2","count":"11"}},{"shape_attributes":{"name":"circle","cx":199,"cy":333,"r":8.769},"region_attributes":{"Type":"2","count":"12"}},{"shape_attributes":{"name":"circle","cx":229,"cy":298,"r":8.769},"region_attributes":{"Type":"3","count":"1"}},{"shape_attributes":{"name":"circle","cx":227,"cy":321,"r":8.769},"region_attributes":{"Type":"3","count":"1"}},{"shape_attributes":{"name":"circle","cx":94,"cy":381,"r":8.769},"region_attributes":{"Type":"1","count":"2"}},{"shape_attributes":{"name":"circle","cx":144,"cy":458,"r":8.769},"region_attributes":{"Type":"2","count":"1"}},{"shape_attributes":{"name":"circle","cx":245,"cy":452,"r":8.769},"region_attributes":{"Type":"2","count":"2"}},{"shape_attributes":{"name":"circle","cx":305,"cy":429,"r":8.769},"region_attributes":{"Type":"2","count":"1"}},{"shape_attributes":{"name":"circle","cx":435,"cy":160,"r":8.769},"region_attributes":{"Type":"3","count":"1"}},{"shape_attributes":{"name":"circle","cx":445,"cy":171,"r":8.769},"region_attributes":{"Type":"2","count":"2"}},{"shape_attributes":{"name":"circle","cx":408,"cy":191,"r":8.769},"region_attributes":{"Type":"1","count":"3"}},{"shape_attributes":{"name":"circle","cx":397,"cy":227,"r":8.769},"region_attributes":{"Type":"2","count":"4"}},{"shape_attributes":{"name":"circle","cx":394,"cy":243,"r":8.769},"region_attributes":{"Type":"1","count":"2"}},{"shape_attributes":{"name":"circle","cx":406,"cy":260,"r":8.769},"region_attributes":{"Type":"2","count":"5"}},{"shape_attributes":{"name":"circle","cx":420,"cy":249,"r":8.769},"region_attributes":{"Type":"2","count":"1"}},{"shape_attributes":{"name":"circle","cx":555,"cy":296,"r":8.769},"region_attributes":{"Type":"2","count":"1"}},{"shape_attributes":{"name":"circle","cx":529,"cy":331,"r":8.769},"region_attributes":{"Type":"1","count":"3"}},{"shape_attributes":{"name":"circle","cx":583,"cy":329,"r":8.769},"region_attributes":{"Type":"1","count":"3"}},{"shape_attributes":{"name":"circle","cx":512,"cy":360,"r":8.769},"region_attributes":{"Type":"2","count":"2"}},{"shape_attributes":{"name":"circle","cx":594,"cy":359,"r":8.769},"region_attributes":{"Type":"2","count":"2"}},{"shape_attributes":{"name":"circle","cx":580,"cy":371,"r":8.769},"region_attributes":{"Type":"1","count":"2"}},{"shape_attributes":{"name":"circle","cx":579,"cy":390,"r":8.769},"region_attributes":{"Type":"2","count":"1"}},{"shape_attributes":{"name":"circle","cx":570,"cy":399,"r":8.769},"region_attributes":{"Type":"3","count":"1"}},{"shape_attributes":{"name":"circle","cx":605,"cy":389,"r":8.769},"region_attributes":{"Type":"2","count":"5"}},{"shape_attributes":{"name":"circle","cx":583,"cy":405,"r":8.769},"region_attributes":{"Type":"1","count":"1"}},{"shape_attributes":{"name":"circle","cx":593,"cy":405,"r":8.769},"region_attributes":{"Type":"2","count":"1"}},{"shape_attributes":{"name":"circle","cx":446,"cy":431,"r":8.769},"region_attributes":{"Type":"3","count":"1"}},{"shape_attributes":{"name":"circle","cx":469,"cy":466,"r":8.769},"region_attributes":{"Type":"2","count":"2"}},{"shape_attributes":{"name":"circle","cx":557,"cy":459,"r":8.769},"region_attributes":{"Type":"1","count":"2"}},{"shape_attributes":{"name":"circle","cx":599,"cy":428,"r":8.769},"region_attributes":{"Type":"1","count":"2"}},{"shape_attributes":{"name":"circle","cx":581,"cy":451,"r":8.769},"region_attributes":{"Type":"2","count":"2"}},{"shape_attributes":{"name":"circle","cx":581,"cy":468,"r":8.769},"region_attributes":{"Type":"1","count":"3"}},{"shape_attributes":{"name":"circle","cx":607,"cy":461,"r":8.769},"region_attributes":{"Type":"2","count":"1"}},{"shape_attributes":{"name":"circle","cx":599,"cy":478,"r":8.769},"region_attributes":{"Type":"1","count":"2"}},{"shape_attributes":{"name":"circle","cx":646,"cy":404,"r":8.769},"region_attributes":{"Type":"1","count":"2"}},{"shape_attributes":{"name":"circle","cx":671,"cy":291,"r":8.769},"region_attributes":{"Type":"3","count":"1"}},{"shape_attributes":{"name":"circle","cx":671,"cy":227,"r":8.769},"region_attributes":{"Type":"3","count":"1"}},{"shape_attributes":{"name":"circle","cx":672,"cy":160,"r":8.769},"region_attributes":{"Type":"3","count":"1"}},{"shape_attributes":{"name":"circle","cx":683,"cy":433,"r":8.769},"region_attributes":{"Type":"2","count":"1"}}],"file_attributes":{"date":"2022-12-29","temp":"59","rain":"2","neighborhood":"East Village","total_count":""}}},"_via_attributes":{"region":{"Type":{"type":"dropdown","description":"","options":{"1":"Individual","2":"Structure","3":"Vehicle"},"default_options":{}},"count":{"type":"text","description":"","default_value":""}},"file":{"date":{"type":"text","description":"","default_value":""},"temp":{"type":"text","description":"","default_value":""},"rain":{"type":"dropdown","description":"","options":{"1":"rain","2":"clear"},"default_options":{"2":true}},"neighborhood":{"type":"text","description":"","default_value":"East Village"},"total_count":{"type":"text","description":"","default_value":""}}},"_via_data_format_version":"2.0.10","_via_image_id_list":["https://drive.google.com/uc?export=view&id=1Ssx831bTWmZVVELGj2hlvZ3b5gemIDko\n","https://drive.google.com/uc?export=view&id=1-QeJIbcgTfKKXNkMe_fx-OaDeB4-mR37\n","https://drive.google.com/uc?export=view&id=1tXFmygj9QW2glxP0rchTJ9SJDQ1rufgv\n","https://drive.google.com/uc?export=view&id=1qDHPHe6KdMGkq79c47PfFH7bKGS8sMxS\n","https://drive.google.com/uc?export=view&id=1Hg83LKkgKGFGSaghHHDAXI0K0hAla84u\n","https://drive.google.com/uc?export=view&id=1cOK6q9EDwVfT0gyxgjFE-yvj-d55I3Ns\n","https://drive.google.com/uc?export=view&id=10FZE_Ugccb-9KG2LZLZttwgWOhtLD47d\n","https://drive.google.com/uc?export=view&id=1K5SwfkubWuWVL8piIkulPsAvduZavvO1\n","https://drive.google.com/uc?export=view&id=1mZcDno3R62KXS7gMMGQw4GpWC6cw5l5d\n","https://drive.google.com/uc?export=view&id=1c4TZ9VIZ1OUjOnCiHHNLgeGMtm2QyoL_\n","https://drive.google.com/uc?export=view&id=1gDtlOvbRcmPO30YDF9SgqE6zrldMdHO9\n","https://drive.google.com/uc?export=view&id=1nNeqcSO6a6p0x2CDChWap13L73Ch3EV-\n"]}