{"_via_settings":{"ui":{"annotation_editor_height":25,"annotation_editor_fontsize":0.8,"leftsidebar_width":18,"image_grid":{"img_height":80,"rshape_fill":"none","rshape_fill_opacity":0.3,"rshape_stroke":"yellow","rshape_stroke_width":2,"show_region_shape":true,"show_image_policy":"all"},"image":{"region_label":"__via_region_id__","region_color":"__via_default_region_color__","region_label_font":"1px Sans","on_image_annotation_editor_placement":"NEAR_REGION"}},"core":{"buffer_size":"18","filepath":{},"default_filepath":""},"project":{"name":"East Village South_2020_change"}},"_via_img_metadata":{"https://drive.google.com/uc?export=view&id=1tpbGnwWhz72qXUuPe0z_UWSoSx8V_pd7\n":{"filename":"https://drive.google.com/uc?export=view&id=1tpbGnwWhz72qXUuPe0z_UWSoSx8V_pd7\n","size":-1,"regions":[{"shape_attributes":{"name":"circle","cx":153,"cy":217,"r":11.313708498984761},"region_attributes":{"Type":"2","count":"1"}},{"shape_attributes":{"name":"circle","cx":266,"cy":469,"r":17.414074767267998},"region_attributes":{"Type":"1","count":"2"}},{"shape_attributes":{"name":"circle","cx":380,"cy":352,"r":31.623},"region_attributes":{"Type":"2","count":"1"}},{"shape_attributes":{"name":"circle","cx":476,"cy":243,"r":8.32165848854662},"region_attributes":{"Type":"2","count":"1"}},{"shape_attributes":{"name":"circle","cx":492,"cy":241,"r":9.899494936611665},"region_attributes":{"Type":"1","count":"7"}},{"shape_attributes":{"name":"circle","cx":480,"cy":324,"r":8.902246907382429},"region_attributes":{"Type":"2","count":"1"}},{"shape_attributes":{"name":"circle","cx":553,"cy":470,"r":8.06225774829855},"region_attributes":{"Type":"2","count":"2"}},{"shape_attributes":{"name":"circle","cx":632,"cy":174,"r":13},"region_attributes":{"Type":"3","count":"1"}},{"shape_attributes":{"name":"circle","cx":684,"cy":162,"r":12.093386622447824},"region_attributes":{"Type":"3","count":"1"}},{"shape_attributes":{"name":"circle","cx":664,"cy":176,"r":23.345235059857504},"region_attributes":{"Type":"1","count":"14"}},{"shape_attributes":{"name":"circle","cx":646,"cy":185,"r":15.402921800749363},"region_attributes":{"Type":"2","count":"3"}},{"shape_attributes":{"name":"circle","cx":610,"cy":246,"r":12.379418403139947},"region_attributes":{"Type":"1","count":"4"}},{"shape_attributes":{"name":"circle","cx":700,"cy":274,"r":11.629703349613008},"region_attributes":{"Type":"1","count":"4"}},{"shape_attributes":{"name":"circle","cx":683,"cy":274,"r":10.404326023342406},"region_attributes":{"Type":"3","count":"1"}},{"shape_attributes":{"name":"circle","cx":610,"cy":298,"r":14.089002803605371},"region_attributes":{"Type":"2","count":"4"}},{"shape_attributes":{"name":"circle","cx":666,"cy":306,"r":11.335784048754634},"region_attributes":{"Type":"2","count":"2"}},{"shape_attributes":{"name":"circle","cx":611,"cy":408,"r":10.404326023342406},"region_attributes":{"Type":"1","count":"4"}},{"shape_attributes":{"name":"circle","cx":630,"cy":407,"r":12.5},"region_attributes":{"Type":"3","count":"1"}},{"shape_attributes":{"name":"circle","cx":658,"cy":412,"r":12.020815280171307},"region_attributes":{"Type":"1","count":"3"}},{"shape_attributes":{"name":"circle","cx":287,"cy":210,"r":15},"region_attributes":{"Type":"1","count":"2"}},{"shape_attributes":{"name":"circle","cx":315,"cy":175,"r":15},"region_attributes":{"Type":"1","count":"2"}},{"shape_attributes":{"name":"circle","cx":372,"cy":159,"r":15},"region_attributes":{"Type":"1","count":"2"}},{"shape_attributes":{"name":"circle","cx":638,"cy":447,"r":15},"region_attributes":{"Type":"1","count":"2"}},{"shape_attributes":{"name":"circle","cx":151,"cy":239,"r":15},"region_attributes":{"Type":"1","count":"2"}},{"shape_attributes":{"name":"circle","cx":278,"cy":219,"r":28},"region_attributes":{"Type":"1","count":"1"}},{"shape_attributes":{"name":"circle","cx":340,"cy":162,"r":28},"region_attributes":{"Type":"1","count":"1"}},{"shape_attributes":{"name":"circle","cx":489,"cy":182,"r":28},"region_attributes":{"Type":"1","count":"1"}},{"shape_attributes":{"name":"circle","cx":465,"cy":203,"r":28},"region_attributes":{"Type":"1","count":"1"}},{"shape_attributes":{"name":"circle","cx":697,"cy":208,"r":28},"region_attributes":{"Type":"1","count":"1"}},{"shape_attributes":{"name":"circle","cx":426,"cy":371,"r":28},"region_attributes":{"Type":"1","count":"1"}},{"shape_attributes":{"name":"circle","cx":176,"cy":215,"r":28},"region_attributes":{"Type":"1","count":"1"}},{"shape_attributes":{"name":"circle","cx":230,"cy":229,"r":28},"region_attributes":{"Type":"1","count":"3"}},{"shape_attributes":{"name":"circle","cx":428,"cy":145,"r":10},"region_attributes":{"Type":"1","count":"5"}},{"shape_attributes":{"name":"circle","cx":414,"cy":163,"r":11},"region_attributes":{"Type":"1","count":"3"}},{"shape_attributes":{"name":"circle","cx":619,"cy":148,"r":17},"region_attributes":{"Type":"1","count":"5"}},{"shape_attributes":{"name":"circle","cx":595,"cy":148,"r":13},"region_attributes":{"Type":"1","count":"5"}},{"shape_attributes":{"name":"circle","cx":596,"cy":167,"r":14},"region_attributes":{"Type":"1","count":"8"}},{"shape_attributes":{"name":"circle","cx":577,"cy":178,"r":22},"region_attributes":{"Type":"1","count":"6"}},{"shape_attributes":{"name":"circle","cx":548,"cy":186,"r":18},"region_attributes":{"Type":"1","count":"3"}},{"shape_attributes":{"name":"circle","cx":606,"cy":187,"r":17},"region_attributes":{"Type":"1","count":"3"}},{"shape_attributes":{"name":"circle","cx":651,"cy":207,"r":21},"region_attributes":{"Type":"1","count":"4"}},{"shape_attributes":{"name":"circle","cx":636,"cy":232,"r":16},"region_attributes":{"Type":"1","count":"3"}},{"shape_attributes":{"name":"circle","cx":660,"cy":238,"r":14},"region_attributes":{"Type":"1","count":"1"}},{"shape_attributes":{"name":"circle","cx":629,"cy":254,"r":29},"region_attributes":{"Type":"1","count":"2"}},{"shape_attributes":{"name":"circle","cx":641,"cy":294,"r":16},"region_attributes":{"Type":"1","count":"5"}},{"shape_attributes":{"name":"circle","cx":589,"cy":283,"r":16},"region_attributes":{"Type":"1","count":"4"}},{"shape_attributes":{"name":"circle","cx":567,"cy":300,"r":20.1},"region_attributes":{"Type":"1","count":"1"}},{"shape_attributes":{"name":"circle","cx":523,"cy":299,"r":21},"region_attributes":{"Type":"1","count":"2"}},{"shape_attributes":{"name":"circle","cx":445,"cy":232,"r":18},"region_attributes":{"Type":"1","count":"2"}},{"shape_attributes":{"name":"circle","cx":428,"cy":242,"r":16},"region_attributes":{"Type":"1","count":"2"}},{"shape_attributes":{"name":"circle","cx":316,"cy":363,"r":16},"region_attributes":{"Type":"1","count":"6"}},{"shape_attributes":{"name":"circle","cx":357,"cy":378,"r":23},"region_attributes":{"Type":"1","count":"1"}},{"shape_attributes":{"name":"circle","cx":391,"cy":392,"r":21},"region_attributes":{"Type":"1","count":"2"}},{"shape_attributes":{"name":"circle","cx":385,"cy":351,"r":17},"region_attributes":{"Type":"1","count":"3"}},{"shape_attributes":{"name":"circle","cx":476,"cy":295,"r":18},"region_attributes":{"Type":"1","count":"1"}},{"shape_attributes":{"name":"circle","cx":438,"cy":322,"r":16},"region_attributes":{"Type":"1","count":"8"}},{"shape_attributes":{"name":"circle","cx":477,"cy":438,"r":20},"region_attributes":{"Type":"1","count":"1"}},{"shape_attributes":{"name":"circle","cx":465,"cy":466,"r":20},"region_attributes":{"Type":"1","count":"1"}},{"shape_attributes":{"name":"circle","cx":690,"cy":467,"r":20},"region_attributes":{"Type":"1","count":"1"}},{"shape_attributes":{"name":"circle","cx":602,"cy":478,"r":20},"region_attributes":{"Type":"3","count":"1"}},{"shape_attributes":{"name":"circle","cx":463,"cy":328,"r":20},"region_attributes":{"Type":"1","count":"1"}},{"shape_attributes":{"name":"circle","cx":486,"cy":381,"r":14},"region_attributes":{"Type":"1","count":"3"}},{"shape_attributes":{"name":"circle","cx":643,"cy":321,"r":16},"region_attributes":{"Type":"1","count":"5"}},{"shape_attributes":{"name":"circle","cx":483,"cy":407,"r":25},"region_attributes":{"Type":"1","count":"5"}},{"shape_attributes":{"name":"circle","cx":646,"cy":344,"r":14},"region_attributes":{"Type":"1","count":"11"}},{"shape_attributes":{"name":"circle","cx":643,"cy":370,"r":18},"region_attributes":{"Type":"1","count":"39"}},{"shape_attributes":{"name":"circle","cx":566,"cy":445,"r":14},"region_attributes":{"Type":"1","count":"25"}},{"shape_attributes":{"name":"circle","cx":602,"cy":439,"r":23},"region_attributes":{"Type":"1","count":"2"}},{"shape_attributes":{"name":"circle","cx":547,"cy":429,"r":19},"region_attributes":{"Type":"1","count":"1"}},{"shape_attributes":{"name":"circle","cx":505,"cy":453,"r":18},"region_attributes":{"Type":"1","count":"6"}},{"shape_attributes":{"name":"circle","cx":533,"cy":462,"r":26},"region_attributes":{"Type":"1","count":"8"}},{"shape_attributes":{"name":"circle","cx":653,"cy":480,"r":18},"region_attributes":{"Type":"3","count":"2"}}],"file_attributes":{"date":"2020-01-01","temp":"48","rain":"2","neighborhood":"East Village South","total_count":""}},"https://drive.google.com/uc?export=view&id=166AZTAzTEvxVS1ygg77s-4GjsBn31Pst\n":{"filename":"https://drive.google.com/uc?export=view&id=166AZTAzTEvxVS1ygg77s-4GjsBn31Pst\n","size":-1,"regions":[{"shape_attributes":{"name":"circle","cx":182,"cy":184,"r":23.30772404161333},"region_attributes":{"Type":"1","count":"4"}},{"shape_attributes":{"name":"circle","cx":318,"cy":178,"r":14.0089257261219},"region_attributes":{"Type":"1","count":"3"}},{"shape_attributes":{"name":"circle","cx":480,"cy":376,"r":16.224980739587952},"region_attributes":{"Type":"2","count":"1"}},{"shape_attributes":{"name":"circle","cx":492,"cy":350,"r":11.853269591129697},"region_attributes":{"Type":"3","count":"1"}},{"shape_attributes":{"name":"circle","cx":401,"cy":318,"r":6.726812023536855},"region_attributes":{"Type":"1","count":"1"}},{"shape_attributes":{"name":"circle","cx":457,"cy":473,"r":16.278820596099706},"region_attributes":{"Type":"1","count":"18"}},{"shape_attributes":{"name":"circle","cx":514,"cy":416,"r":17.7341478509682},"region_attributes":{"Type":"1","count":"1"}},{"shape_attributes":{"name":"circle","cx":504,"cy":457,"r":9.7082439194738},"region_attributes":{"Type":"1","count":"5"}},{"shape_attributes":{"name":"circle","cx":514,"cy":474,"r":10.307764064044152},"region_attributes":{"Type":"2","count":"1"}},{"shape_attributes":{"name":"circle","cx":580,"cy":171,"r":10.547511554864494},"region_attributes":{"Type":"2","count":"1"}},{"shape_attributes":{"name":"circle","cx":620,"cy":202,"r":7.158910531638177},"region_attributes":{"Type":"3","count":"2"}},{"shape_attributes":{"name":"circle","cx":562,"cy":192,"r":11.853269591129697},"region_attributes":{"Type":"1","count":"6"}},{"shape_attributes":{"name":"circle","cx":649,"cy":197,"r":10.295630140987},"region_attributes":{"Type":"1","count":"1"}},{"shape_attributes":{"name":"circle","cx":638,"cy":226,"r":18.034688796871432},"region_attributes":{"Type":"2","count":"5"}},{"shape_attributes":{"name":"circle","cx":638,"cy":236,"r":22.147234590350102},"region_attributes":{"Type":"1","count":"8"}},{"shape_attributes":{"name":"circle","cx":612,"cy":248,"r":17.356554957709783},"region_attributes":{"Type":"1","count":"1"}},{"shape_attributes":{"name":"circle","cx":528,"cy":306,"r":8.73212459828649},"region_attributes":{"Type":"2","count":"1"}},{"shape_attributes":{"name":"circle","cx":665,"cy":296,"r":15.402921800749363},"region_attributes":{"Type":"2","count":"1"}},{"shape_attributes":{"name":"circle","cx":634,"cy":467,"r":16},"region_attributes":{"Type":"1","count":"3"}},{"shape_attributes":{"name":"circle","cx":198,"cy":286,"r":20},"region_attributes":{"Type":"1","count":"1"}},{"shape_attributes":{"name":"circle","cx":433,"cy":175,"r":20},"region_attributes":{"Type":"1","count":"1"}},{"shape_attributes":{"name":"circle","cx":427,"cy":371,"r":20},"region_attributes":{"Type":"1","count":"1"}},{"shape_attributes":{"name":"circle","cx":440,"cy":366,"r":20},"region_attributes":{"Type":"1","count":"1"}},{"shape_attributes":{"name":"circle","cx":456,"cy":390,"r":20},"region_attributes":{"Type":"1","count":"1"}},{"shape_attributes":{"name":"circle","cx":480,"cy":407,"r":20},"region_attributes":{"Type":"1","count":"1"}},{"shape_attributes":{"name":"circle","cx":380,"cy":359,"r":20},"region_attributes":{"Type":"1","count":"1"}},{"shape_attributes":{"name":"circle","cx":344,"cy":334,"r":20},"region_attributes":{"Type":"1","count":"1"}},{"shape_attributes":{"name":"circle","cx":374,"cy":389,"r":20},"region_attributes":{"Type":"1","count":"1"}},{"shape_attributes":{"name":"circle","cx":405,"cy":411,"r":20},"region_attributes":{"Type":"1","count":"1"}},{"shape_attributes":{"name":"circle","cx":659,"cy":353,"r":20},"region_attributes":{"Type":"1","count":"1"}},{"shape_attributes":{"name":"circle","cx":418,"cy":235,"r":20},"region_attributes":{"Type":"1","count":"1"}},{"shape_attributes":{"name":"circle","cx":574,"cy":479,"r":20},"region_attributes":{"Type":"1","count":"1"}},{"shape_attributes":{"name":"circle","cx":128,"cy":293,"r":20},"region_attributes":{"Type":"1","count":"1"}},{"shape_attributes":{"name":"circle","cx":458,"cy":190,"r":28},"region_attributes":{"Type":"1","count":"2"}},{"shape_attributes":{"name":"circle","cx":593,"cy":377,"r":28},"region_attributes":{"Type":"1","count":"2"}},{"shape_attributes":{"name":"circle","cx":652,"cy":159,"r":28},"region_attributes":{"Type":"1","count":"2"}},{"shape_attributes":{"name":"circle","cx":483,"cy":182,"r":28},"region_attributes":{"Type":"1","count":"2"}},{"shape_attributes":{"name":"circle","cx":505,"cy":292,"r":39.623},"region_attributes":{"Type":"1","count":"2"}},{"shape_attributes":{"name":"circle","cx":224,"cy":245,"r":28},"region_attributes":{"Type":"1","count":"2"}},{"shape_attributes":{"name":"circle","cx":403,"cy":342,"r":27},"region_attributes":{"Type":"1","count":"10"}},{"shape_attributes":{"name":"circle","cx":361,"cy":304,"r":31},"region_attributes":{"Type":"1","count":"5"}},{"shape_attributes":{"name":"circle","cx":583,"cy":301,"r":20},"region_attributes":{"Type":"1","count":"3"}},{"shape_attributes":{"name":"circle","cx":603,"cy":284,"r":20},"region_attributes":{"Type":"1","count":"3"}},{"shape_attributes":{"name":"circle","cx":629,"cy":282,"r":20},"region_attributes":{"Type":"1","count":"3"}},{"shape_attributes":{"name":"circle","cx":595,"cy":158,"r":20},"region_attributes":{"Type":"1","count":"3"}},{"shape_attributes":{"name":"circle","cx":570,"cy":198,"r":20},"region_attributes":{"Type":"1","count":"3"}},{"shape_attributes":{"name":"circle","cx":639,"cy":334,"r":20},"region_attributes":{"Type":"1","count":"3"}},{"shape_attributes":{"name":"circle","cx":544,"cy":297,"r":20},"region_attributes":{"Type":"1","count":"3"}},{"shape_attributes":{"name":"circle","cx":609,"cy":176,"r":14},"region_attributes":{"Type":"1","count":"11"}},{"shape_attributes":{"name":"circle","cx":677,"cy":183,"r":23},"region_attributes":{"Type":"2","count":"1"}},{"shape_attributes":{"name":"circle","cx":635,"cy":162,"r":18},"region_attributes":{"Type":"2","count":"2"}},{"shape_attributes":{"name":"circle","cx":597,"cy":194,"r":22},"region_attributes":{"Type":"1","count":"7"}},{"shape_attributes":{"name":"circle","cx":486,"cy":238,"r":25},"region_attributes":{"Type":"1","count":"3"}},{"shape_attributes":{"name":"circle","cx":473,"cy":220,"r":25},"region_attributes":{"Type":"1","count":"3"}},{"shape_attributes":{"name":"circle","cx":450,"cy":239,"r":20},"region_attributes":{"Type":"1","count":"8"}},{"shape_attributes":{"name":"circle","cx":643,"cy":297,"r":21},"region_attributes":{"Type":"1","count":"9"}},{"shape_attributes":{"name":"circle","cx":630,"cy":356,"r":18},"region_attributes":{"Type":"1","count":"6"}},{"shape_attributes":{"name":"circle","cx":629,"cy":386,"r":21},"region_attributes":{"Type":"1","count":"25"}},{"shape_attributes":{"name":"circle","cx":643,"cy":416,"r":20},"region_attributes":{"Type":"1","count":"3"}},{"shape_attributes":{"name":"circle","cx":602,"cy":494,"r":19},"region_attributes":{"Type":"3","count":"1"}},{"shape_attributes":{"name":"circle","cx":653,"cy":497,"r":19},"region_attributes":{"Type":"3","count":"1"}},{"shape_attributes":{"name":"circle","cx":583,"cy":437,"r":13},"region_attributes":{"Type":"1","count":"4"}},{"shape_attributes":{"name":"circle","cx":560,"cy":449,"r":15},"region_attributes":{"Type":"1","count":"18"}},{"shape_attributes":{"name":"circle","cx":535,"cy":445,"r":20},"region_attributes":{"Type":"1","count":"5"}},{"shape_attributes":{"name":"circle","cx":534,"cy":474,"r":16},"region_attributes":{"Type":"1","count":"3"}}],"file_attributes":{"date":"2020-02-26","temp":"55","rain":"2","neighborhood":"East Village South","total_count":""}},"https://drive.google.com/uc?export=view&id=1ipRjN1IMO8oMT0lLCy1q4mbSLgN7ARMC\n":{"filename":"https://drive.google.com/uc?export=view&id=1ipRjN1IMO8oMT0lLCy1q4mbSLgN7ARMC\n","size":-1,"regions":[{"shape_attributes":{"name":"circle","cx":146,"cy":165,"r":13.901438774457844},"region_attributes":{"Type":"1","count":"2"}},{"shape_attributes":{"name":"circle","cx":168,"cy":160,"r":16.1245154965971},"region_attributes":{"Type":"2","count":"1"}},{"shape_attributes":{"name":"circle","cx":166,"cy":233,"r":13.793114224133722},"region_attributes":{"Type":"2","count":"3"}},{"shape_attributes":{"name":"circle","cx":154,"cy":252,"r":10.700467279516348},"region_attributes":{"Type":"1","count":"2"}},{"shape_attributes":{"name":"circle","cx":210,"cy":251,"r":7.810249675906654},"region_attributes":{"Type":"1","count":"4"}},{"shape_attributes":{"name":"circle","cx":196,"cy":287,"r":15.305227865013967},"region_attributes":{"Type":"1","count":"2"}},{"shape_attributes":{"name":"circle","cx":415,"cy":284,"r":11.236102527122116},"region_attributes":{"Type":"2","count":"8"}},{"shape_attributes":{"name":"circle","cx":339,"cy":295,"r":12.206555615733702},"region_attributes":{"Type":"1","count":"1"}},{"shape_attributes":{"name":"circle","cx":478,"cy":387,"r":12.816005617976296},"region_attributes":{"Type":"1","count":"1"}},{"shape_attributes":{"name":"circle","cx":407,"cy":372,"r":25.30316185775999},"region_attributes":{"Type":"2","count":"1"}},{"shape_attributes":{"name":"circle","cx":501,"cy":344,"r":12.619429464123963},"region_attributes":{"Type":"2","count":"5"}},{"shape_attributes":{"name":"circle","cx":547,"cy":304,"r":13.793114224133722},"region_attributes":{"Type":"2","count":"1"}},{"shape_attributes":{"name":"circle","cx":472,"cy":466,"r":8.139410298049853},"region_attributes":{"Type":"1","count":"5"}},{"shape_attributes":{"name":"circle","cx":488,"cy":474,"r":9.86154146165801},"region_attributes":{"Type":"2","count":"1"}},{"shape_attributes":{"name":"circle","cx":586,"cy":169,"r":7.433034373659253},"region_attributes":{"Type":"1","count":"1"}},{"shape_attributes":{"name":"circle","cx":647,"cy":185,"r":11.704699910719626},"region_attributes":{"Type":"3","count":"1"}},{"shape_attributes":{"name":"circle","cx":667,"cy":176,"r":12.971121771072847},"region_attributes":{"Type":"2","count":"1"}},{"shape_attributes":{"name":"circle","cx":622,"cy":252,"r":8.139410298049853},"region_attributes":{"Type":"2","count":"1"}},{"shape_attributes":{"name":"circle","cx":682,"cy":221,"r":13.0862523283024},"region_attributes":{"Type":"2","count":"2"}},{"shape_attributes":{"name":"circle","cx":626,"cy":297,"r":24.45914961727002},"region_attributes":{"Type":"1","count":"9"}},{"shape_attributes":{"name":"circle","cx":707,"cy":346,"r":16.560495161679196},"region_attributes":{"Type":"1","count":"3"}},{"shape_attributes":{"name":"circle","cx":660,"cy":335,"r":12.5},"region_attributes":{"Type":"1","count":"3"}},{"shape_attributes":{"name":"circle","cx":678,"cy":337,"r":9.604686356149273},"region_attributes":{"Type":"2","count":"1"}},{"shape_attributes":{"name":"circle","cx":662,"cy":386,"r":10.700467279516348},"region_attributes":{"Type":"2","count":"1"}},{"shape_attributes":{"name":"circle","cx":663,"cy":412,"r":10.965856099730654},"region_attributes":{"Type":"1","count":"1"}},{"shape_attributes":{"name":"circle","cx":630,"cy":362,"r":16.62077013859466},"region_attributes":{"Type":"1","count":"1"}},{"shape_attributes":{"name":"circle","cx":459,"cy":171,"r":24},"region_attributes":{"Type":"1","count":"1"}},{"shape_attributes":{"name":"circle","cx":484,"cy":161,"r":24},"region_attributes":{"Type":"1","count":"1"}},{"shape_attributes":{"name":"circle","cx":509,"cy":166,"r":24},"region_attributes":{"Type":"1","count":"1"}},{"shape_attributes":{"name":"circle","cx":589,"cy":217,"r":24},"region_attributes":{"Type":"1","count":"1"}},{"shape_attributes":{"name":"circle","cx":636,"cy":236,"r":24},"region_attributes":{"Type":"1","count":"1"}},{"shape_attributes":{"name":"circle","cx":691,"cy":449,"r":24},"region_attributes":{"Type":"1","count":"1"}},{"shape_attributes":{"name":"circle","cx":648,"cy":455,"r":24},"region_attributes":{"Type":"1","count":"1"}},{"shape_attributes":{"name":"circle","cx":573,"cy":488,"r":24},"region_attributes":{"Type":"1","count":"1"}},{"shape_attributes":{"name":"circle","cx":524,"cy":469,"r":24},"region_attributes":{"Type":"1","count":"1"}},{"shape_attributes":{"name":"circle","cx":380,"cy":172,"r":24},"region_attributes":{"Type":"1","count":"1"}},{"shape_attributes":{"name":"circle","cx":487,"cy":192,"r":24},"region_attributes":{"Type":"1","count":"5"}},{"shape_attributes":{"name":"circle","cx":443,"cy":197,"r":26},"region_attributes":{"Type":"1","count":"3"}},{"shape_attributes":{"name":"circle","cx":339,"cy":161,"r":21},"region_attributes":{"Type":"1","count":"2"}},{"shape_attributes":{"name":"circle","cx":628,"cy":179,"r":16},"region_attributes":{"Type":"2","count":"3"}},{"shape_attributes":{"name":"circle","cx":606,"cy":165,"r":16},"region_attributes":{"Type":"2","count":"3"}},{"shape_attributes":{"name":"circle","cx":659,"cy":216,"r":17},"region_attributes":{"Type":"1","count":"2"}},{"shape_attributes":{"name":"circle","cx":495,"cy":248,"r":17},"region_attributes":{"Type":"2","count":"2"}},{"shape_attributes":{"name":"circle","cx":505,"cy":226,"r":17},"region_attributes":{"Type":"2","count":"2"}},{"shape_attributes":{"name":"circle","cx":398,"cy":296,"r":21},"region_attributes":{"Type":"1","count":"47"}},{"shape_attributes":{"name":"circle","cx":391,"cy":325,"r":16},"region_attributes":{"Type":"1","count":"2"}},{"shape_attributes":{"name":"circle","cx":657,"cy":277,"r":17},"region_attributes":{"Type":"2","count":"1"}},{"shape_attributes":{"name":"circle","cx":668,"cy":306,"r":21},"region_attributes":{"Type":"2","count":"2"}},{"shape_attributes":{"name":"circle","cx":627,"cy":486,"r":27},"region_attributes":{"Type":"3","count":"1"}},{"shape_attributes":{"name":"circle","cx":668,"cy":487,"r":27},"region_attributes":{"Type":"3","count":"1"}},{"shape_attributes":{"name":"circle","cx":590,"cy":452,"r":19},"region_attributes":{"Type":"1","count":"12"}},{"shape_attributes":{"name":"circle","cx":562,"cy":440,"r":13},"region_attributes":{"Type":"1","count":"2"}}],"file_attributes":{"date":"2020-03-26","temp":"55","rain":"2","neighborhood":"East Village South","total_count":""}},"https://drive.google.com/uc?export=view&id=1MA9rrb-kQLwzhqnGMns4HjzaAxrA2cyp\n":{"filename":"https://drive.google.com/uc?export=view&id=1MA9rrb-kQLwzhqnGMns4HjzaAxrA2cyp\n","size":-1,"regions":[{"shape_attributes":{"name":"circle","cx":144,"cy":242,"r":16.64331697709324},"region_attributes":{"Type":"2","count":"2"}},{"shape_attributes":{"name":"circle","cx":311,"cy":470,"r":12.419742348374221},"region_attributes":{"Type":"1","count":"2"}},{"shape_attributes":{"name":"circle","cx":452,"cy":222,"r":17.613914953808536},"region_attributes":{"Type":"1","count":"2"}},{"shape_attributes":{"name":"circle","cx":546,"cy":195,"r":10.307764064044152},"region_attributes":{"Type":"2","count":"1"}},{"shape_attributes":{"name":"circle","cx":558,"cy":172,"r":14.577379737113251},"region_attributes":{"Type":"3","count":"1"}},{"shape_attributes":{"name":"circle","cx":609,"cy":196,"r":7.211102550927978},"region_attributes":{"Type":"3","count":"1"}},{"shape_attributes":{"name":"circle","cx":628,"cy":176,"r":20.615528128088304},"region_attributes":{"Type":"1","count":"13"}},{"shape_attributes":{"name":"circle","cx":668,"cy":230,"r":9.5524865872714},"region_attributes":{"Type":"1","count":"6"}},{"shape_attributes":{"name":"circle","cx":502,"cy":268,"r":15.953056133543816},"region_attributes":{"Type":"3","count":"1"}},{"shape_attributes":{"name":"circle","cx":512,"cy":307,"r":11.926860441876563},"region_attributes":{"Type":"2","count":"1"}},{"shape_attributes":{"name":"circle","cx":592,"cy":397,"r":11.10180165558726},"region_attributes":{"Type":"1","count":"3"}},{"shape_attributes":{"name":"circle","cx":481,"cy":358,"r":10.63014581273465},"region_attributes":{"Type":"3","count":"1"}},{"shape_attributes":{"name":"circle","cx":638,"cy":468,"r":13.313526955694348},"region_attributes":{"Type":"1","count":"1"}},{"shape_attributes":{"name":"circle","cx":350,"cy":176,"r":20},"region_attributes":{"Type":"1","count":"1"}},{"shape_attributes":{"name":"circle","cx":393,"cy":171,"r":20},"region_attributes":{"Type":"1","count":"1"}},{"shape_attributes":{"name":"circle","cx":425,"cy":174,"r":20},"region_attributes":{"Type":"1","count":"1"}},{"shape_attributes":{"name":"circle","cx":323,"cy":277,"r":20},"region_attributes":{"Type":"1","count":"1"}},{"shape_attributes":{"name":"circle","cx":374,"cy":292,"r":20},"region_attributes":{"Type":"1","count":"1"}},{"shape_attributes":{"name":"circle","cx":349,"cy":369,"r":20},"region_attributes":{"Type":"1","count":"1"}},{"shape_attributes":{"name":"circle","cx":398,"cy":335,"r":20},"region_attributes":{"Type":"1","count":"1"}},{"shape_attributes":{"name":"circle","cx":435,"cy":333,"r":20},"region_attributes":{"Type":"1","count":"1"}},{"shape_attributes":{"name":"circle","cx":498,"cy":398,"r":20},"region_attributes":{"Type":"1","count":"1"}},{"shape_attributes":{"name":"circle","cx":460,"cy":417,"r":20},"region_attributes":{"Type":"1","count":"1"}},{"shape_attributes":{"name":"circle","cx":459,"cy":440,"r":20},"region_attributes":{"Type":"1","count":"1"}},{"shape_attributes":{"name":"circle","cx":571,"cy":454,"r":20},"region_attributes":{"Type":"1","count":"1"}},{"shape_attributes":{"name":"circle","cx":303,"cy":167,"r":20},"region_attributes":{"Type":"1","count":"1"}},{"shape_attributes":{"name":"circle","cx":369,"cy":193,"r":36},"region_attributes":{"Type":"1","count":"2"}},{"shape_attributes":{"name":"circle","cx":370,"cy":392,"r":19},"region_attributes":{"Type":"1","count":"2"}},{"shape_attributes":{"name":"circle","cx":421,"cy":410,"r":19},"region_attributes":{"Type":"1","count":"2"}},{"shape_attributes":{"name":"circle","cx":592,"cy":304,"r":19},"region_attributes":{"Type":"1","count":"2"}},{"shape_attributes":{"name":"circle","cx":510,"cy":440,"r":19},"region_attributes":{"Type":"1","count":"2"}},{"shape_attributes":{"name":"circle","cx":413,"cy":196,"r":19},"region_attributes":{"Type":"1","count":"2"}},{"shape_attributes":{"name":"circle","cx":545,"cy":293,"r":23},"region_attributes":{"Type":"1","count":"1"}},{"shape_attributes":{"name":"circle","cx":460,"cy":341,"r":17},"region_attributes":{"Type":"1","count":"6"}},{"shape_attributes":{"name":"circle","cx":461,"cy":384,"r":25},"region_attributes":{"Type":"1","count":"5"}},{"shape_attributes":{"name":"circle","cx":450,"cy":471,"r":14},"region_attributes":{"Type":"1","count":"18"}},{"shape_attributes":{"name":"circle","cx":490,"cy":467,"r":17},"region_attributes":{"Type":"1","count":"4"}},{"shape_attributes":{"name":"circle","cx":541,"cy":442,"r":16},"region_attributes":{"Type":"1","count":"12"}},{"shape_attributes":{"name":"circle","cx":590,"cy":178,"r":15},"region_attributes":{"Type":"1","count":"17"}},{"shape_attributes":{"name":"circle","cx":583,"cy":203,"r":17},"region_attributes":{"Type":"1","count":"5"}},{"shape_attributes":{"name":"circle","cx":563,"cy":170,"r":16},"region_attributes":{"Type":"1","count":"2"}},{"shape_attributes":{"name":"circle","cx":633,"cy":219,"r":28},"region_attributes":{"Type":"2","count":"1"}},{"shape_attributes":{"name":"circle","cx":620,"cy":216,"r":20},"region_attributes":{"Type":"1","count":"5"}},{"shape_attributes":{"name":"circle","cx":607,"cy":244,"r":19},"region_attributes":{"Type":"2","count":"5"}},{"shape_attributes":{"name":"circle","cx":612,"cy":251,"r":22},"region_attributes":{"Type":"1","count":"9"}},{"shape_attributes":{"name":"circle","cx":672,"cy":282,"r":15},"region_attributes":{"Type":"2","count":"1"}},{"shape_attributes":{"name":"circle","cx":642,"cy":286,"r":15},"region_attributes":{"Type":"2","count":"1"}},{"shape_attributes":{"name":"circle","cx":642,"cy":256,"r":15},"region_attributes":{"Type":"2","count":"1"}},{"shape_attributes":{"name":"circle","cx":645,"cy":340,"r":22},"region_attributes":{"Type":"1","count":"3"}},{"shape_attributes":{"name":"circle","cx":621,"cy":321,"r":19},"region_attributes":{"Type":"1","count":"4"}},{"shape_attributes":{"name":"circle","cx":614,"cy":348,"r":20},"region_attributes":{"Type":"1","count":"15"}},{"shape_attributes":{"name":"circle","cx":628,"cy":388,"r":20},"region_attributes":{"Type":"1","count":"31"}},{"shape_attributes":{"name":"circle","cx":627,"cy":419,"r":21},"region_attributes":{"Type":"1","count":"2"}},{"shape_attributes":{"name":"circle","cx":579,"cy":479,"r":17},"region_attributes":{"Type":"3","count":"2"}},{"shape_attributes":{"name":"circle","cx":620,"cy":486,"r":17},"region_attributes":{"Type":"3","count":"1"}}],"file_attributes":{"date":"2020-04-30","temp":"63","rain":"2","neighborhood":"East Village South","total_count":""}},"https://drive.google.com/uc?export=view&id=1k_RODyEeldinCz_T-NrtrdUD4LcCJHME\n":{"filename":"https://drive.google.com/uc?export=view&id=1k_RODyEeldinCz_T-NrtrdUD4LcCJHME\n","size":-1,"regions":[{"shape_attributes":{"name":"circle","cx":119,"cy":229,"r":10.816653826391969},"region_attributes":{"Type":"1","count":"6"}},{"shape_attributes":{"name":"circle","cx":142,"cy":230,"r":10.606601717798213},"region_attributes":{"Type":"2","count":"1"}},{"shape_attributes":{"name":"circle","cx":124,"cy":305,"r":11.715374513859981},"region_attributes":{"Type":"1","count":"2"}},{"shape_attributes":{"name":"circle","cx":253,"cy":484,"r":22.299103120977758},"region_attributes":{"Type":"1","count":"1"}},{"shape_attributes":{"name":"circle","cx":473,"cy":490,"r":15.811388300841896},"region_attributes":{"Type":"2","count":"1"}},{"shape_attributes":{"name":"circle","cx":562,"cy":460,"r":13.647344063956181},"region_attributes":{"Type":"1","count":"10"}},{"shape_attributes":{"name":"circle","cx":681,"cy":468,"r":13.82931668593933},"region_attributes":{"Type":"1","count":"2"}},{"shape_attributes":{"name":"circle","cx":640,"cy":500,"r":16.710774967068403},"region_attributes":{"Type":"3","count":"1"}},{"shape_attributes":{"name":"circle","cx":614,"cy":186,"r":18.439088914585774},"region_attributes":{"Type":"3","count":"2"}},{"shape_attributes":{"name":"circle","cx":631,"cy":171,"r":12.727922061357855},"region_attributes":{"Type":"2","count":"2"}},{"shape_attributes":{"name":"circle","cx":640,"cy":200,"r":14.159802258506296},"region_attributes":{"Type":"1","count":"11"}},{"shape_attributes":{"name":"circle","cx":654,"cy":231,"r":13.901438774457844},"region_attributes":{"Type":"1","count":"9"}},{"shape_attributes":{"name":"circle","cx":658,"cy":290,"r":13.793114224133722},"region_attributes":{"Type":"2","count":"2"}},{"shape_attributes":{"name":"circle","cx":638,"cy":340,"r":7},"region_attributes":{"Type":"2","count":"1"}},{"shape_attributes":{"name":"circle","cx":676,"cy":346,"r":13.509256086106296},"region_attributes":{"Type":"2","count":"1"}},{"shape_attributes":{"name":"circle","cx":634,"cy":388,"r":11.800423721205947},"region_attributes":{"Type":"2","count":"1"}},{"shape_attributes":{"name":"circle","cx":618,"cy":423,"r":16.64331697709324},"region_attributes":{"Type":"3","count":"1"}},{"shape_attributes":{"name":"circle","cx":222,"cy":170,"r":22},"region_attributes":{"Type":"1","count":"1"}},{"shape_attributes":{"name":"circle","cx":170,"cy":430,"r":22},"region_attributes":{"Type":"1","count":"1"}},{"shape_attributes":{"name":"circle","cx":476,"cy":184,"r":22},"region_attributes":{"Type":"1","count":"1"}},{"shape_attributes":{"name":"circle","cx":442,"cy":179,"r":22},"region_attributes":{"Type":"1","count":"1"}},{"shape_attributes":{"name":"circle","cx":452,"cy":339,"r":22},"region_attributes":{"Type":"1","count":"1"}},{"shape_attributes":{"name":"circle","cx":562,"cy":196,"r":22},"region_attributes":{"Type":"1","count":"1"}},{"shape_attributes":{"name":"circle","cx":585,"cy":280,"r":22},"region_attributes":{"Type":"1","count":"1"}},{"shape_attributes":{"name":"circle","cx":163,"cy":181,"r":22},"region_attributes":{"Type":"1","count":"1"}},{"shape_attributes":{"name":"circle","cx":660,"cy":439,"r":22},"region_attributes":{"Type":"1","count":"1"}},{"shape_attributes":{"name":"circle","cx":529,"cy":345,"r":22},"region_attributes":{"Type":"1","count":"1"}},{"shape_attributes":{"name":"circle","cx":636,"cy":408,"r":18},"region_attributes":{"Type":"1","count":"15"}},{"shape_attributes":{"name":"circle","cx":628,"cy":364,"r":23},"region_attributes":{"Type":"1","count":"10"}},{"shape_attributes":{"name":"circle","cx":650,"cy":334,"r":21},"region_attributes":{"Type":"1","count":"7"}},{"shape_attributes":{"name":"circle","cx":641,"cy":305,"r":15},"region_attributes":{"Type":"1","count":"7"}},{"shape_attributes":{"name":"circle","cx":634,"cy":280,"r":15},"region_attributes":{"Type":"1","count":"2"}},{"shape_attributes":{"name":"circle","cx":607,"cy":297,"r":17},"region_attributes":{"Type":"1","count":"6"}},{"shape_attributes":{"name":"circle","cx":583,"cy":313,"r":16},"region_attributes":{"Type":"1","count":"3"}},{"shape_attributes":{"name":"circle","cx":197,"cy":449,"r":25},"region_attributes":{"Type":"1","count":"2"}},{"shape_attributes":{"name":"circle","cx":454,"cy":449,"r":17},"region_attributes":{"Type":"1","count":"1"}},{"shape_attributes":{"name":"circle","cx":448,"cy":485,"r":16},"region_attributes":{"Type":"1","count":"5"}},{"shape_attributes":{"name":"circle","cx":476,"cy":458,"r":16},"region_attributes":{"Type":"1","count":"5"}},{"shape_attributes":{"name":"circle","cx":500,"cy":463,"r":16},"region_attributes":{"Type":"1","count":"7"}},{"shape_attributes":{"name":"circle","cx":445,"cy":392,"r":24},"region_attributes":{"Type":"2","count":"1"}},{"shape_attributes":{"name":"circle","cx":406,"cy":411,"r":24},"region_attributes":{"Type":"2","count":"1"}},{"shape_attributes":{"name":"circle","cx":654,"cy":275,"r":24},"region_attributes":{"Type":"2","count":"1"}},{"shape_attributes":{"name":"circle","cx":471,"cy":388,"r":24},"region_attributes":{"Type":"2","count":"1"}},{"shape_attributes":{"name":"circle","cx":627,"cy":237,"r":19},"region_attributes":{"Type":"2","count":"4"}},{"shape_attributes":{"name":"circle","cx":502,"cy":239,"r":20},"region_attributes":{"Type":"1","count":"2"}},{"shape_attributes":{"name":"circle","cx":464,"cy":261,"r":14},"region_attributes":{"Type":"1","count":"3"}},{"shape_attributes":{"name":"circle","cx":424,"cy":345,"r":14},"region_attributes":{"Type":"1","count":"3"}},{"shape_attributes":{"name":"circle","cx":464,"cy":227,"r":14},"region_attributes":{"Type":"1","count":"3"}},{"shape_attributes":{"name":"circle","cx":399,"cy":329,"r":19},"region_attributes":{"Type":"1","count":"2"}},{"shape_attributes":{"name":"circle","cx":503,"cy":308,"r":18},"region_attributes":{"Type":"1","count":"4"}},{"shape_attributes":{"name":"circle","cx":592,"cy":200,"r":19},"region_attributes":{"Type":"1","count":"4"}},{"shape_attributes":{"name":"circle","cx":582,"cy":174,"r":23},"region_attributes":{"Type":"1","count":"6"}}],"file_attributes":{"date":"2020-05-01","temp":"","rain":"2","neighborhood":"East Village South","total_count":""}},"https://drive.google.com/uc?export=view&id=1FHFOrbE1s7OY-7gdemJJZBkRhqQrcExx\n":{"filename":"https://drive.google.com/uc?export=view&id=1FHFOrbE1s7OY-7gdemJJZBkRhqQrcExx\n","size":-1,"regions":[{"shape_attributes":{"name":"circle","cx":169,"cy":182,"r":8.902246907382429},"region_attributes":{"Type":"2","count":"3"}},{"shape_attributes":{"name":"circle","cx":312,"cy":383,"r":18.9010581714358},"region_attributes":{"Type":"1","count":"1"}},{"shape_attributes":{"name":"circle","cx":407,"cy":392,"r":10},"region_attributes":{"Type":"2","count":"4"}},{"shape_attributes":{"name":"circle","cx":432,"cy":434,"r":12.020815280171307},"region_attributes":{"Type":"2","count":"1"}},{"shape_attributes":{"name":"circle","cx":458,"cy":431,"r":16.278820596099706},"region_attributes":{"Type":"1","count":"4"}},{"shape_attributes":{"name":"circle","cx":480,"cy":422,"r":8.845903006477066},"region_attributes":{"Type":"2","count":"2"}},{"shape_attributes":{"name":"circle","cx":492,"cy":422,"r":11.236102527122116},"region_attributes":{"Type":"3","count":"3"}},{"shape_attributes":{"name":"circle","cx":371,"cy":181,"r":15.556349186104045},"region_attributes":{"Type":"1","count":"3"}},{"shape_attributes":{"name":"circle","cx":512,"cy":204,"r":10.606601717798213},"region_attributes":{"Type":"2","count":"1"}},{"shape_attributes":{"name":"circle","cx":535,"cy":207,"r":13.45362404707371},"region_attributes":{"Type":"1","count":"2"}},{"shape_attributes":{"name":"circle","cx":523,"cy":274,"r":15.305227865013967},"region_attributes":{"Type":"3","count":"1"}},{"shape_attributes":{"name":"circle","cx":582,"cy":180,"r":17.029},"region_attributes":{"Type":"2","count":"2"}},{"shape_attributes":{"name":"circle","cx":621,"cy":197,"r":10.770329614269007},"region_attributes":{"Type":"3","count":"1"}},{"shape_attributes":{"name":"circle","cx":595,"cy":190,"r":13.82931668593933},"region_attributes":{"Type":"1","count":"23"}},{"shape_attributes":{"name":"circle","cx":608,"cy":212,"r":8.845903006477066},"region_attributes":{"Type":"2","count":"1"}},{"shape_attributes":{"name":"circle","cx":658,"cy":178,"r":11.800423721205947},"region_attributes":{"Type":"2","count":"2"}},{"shape_attributes":{"name":"circle","cx":649,"cy":220,"r":10.062305898749054},"region_attributes":{"Type":"3","count":"1"}},{"shape_attributes":{"name":"circle","cx":642,"cy":266,"r":6.726812023536855},"region_attributes":{"Type":"2","count":"1"}},{"shape_attributes":{"name":"circle","cx":509,"cy":320,"r":10.295630140987},"region_attributes":{"Type":"2","count":"2"}},{"shape_attributes":{"name":"circle","cx":529,"cy":322,"r":9.5524865872714},"region_attributes":{"Type":"1","count":"8"}},{"shape_attributes":{"name":"circle","cx":560,"cy":290,"r":7.7781745930520225},"region_attributes":{"Type":"1","count":"1"}},{"shape_attributes":{"name":"circle","cx":599,"cy":334,"r":8.06225774829855},"region_attributes":{"Type":"3","count":"1"}},{"shape_attributes":{"name":"circle","cx":656,"cy":287,"r":8.48528137423857},"region_attributes":{"Type":"2","count":"1"}},{"shape_attributes":{"name":"circle","cx":682,"cy":380,"r":12.619429464123963},"region_attributes":{"Type":"2","count":"1"}},{"shape_attributes":{"name":"circle","cx":635,"cy":398,"r":10.63014581273465},"region_attributes":{"Type":"1","count":"14"}},{"shape_attributes":{"name":"circle","cx":634,"cy":424,"r":10.700467279516348},"region_attributes":{"Type":"2","count":"3"}},{"shape_attributes":{"name":"circle","cx":418,"cy":461,"r":14.212670403551895},"region_attributes":{"Type":"1","count":"5"}},{"shape_attributes":{"name":"circle","cx":430,"cy":483,"r":11.01135777277262},"region_attributes":{"Type":"2","count":"3"}},{"shape_attributes":{"name":"circle","cx":451,"cy":489,"r":14.317821063276353},"region_attributes":{"Type":"2","count":"4"}},{"shape_attributes":{"name":"circle","cx":558,"cy":500,"r":10.594810050208546},"region_attributes":{"Type":"3","count":"1"}},{"shape_attributes":{"name":"circle","cx":661,"cy":506,"r":8.73212459828649},"region_attributes":{"Type":"2","count":"1"}},{"shape_attributes":{"name":"circle","cx":133,"cy":301,"r":20},"region_attributes":{"Type":"1","count":"1"}},{"shape_attributes":{"name":"circle","cx":147,"cy":256,"r":20},"region_attributes":{"Type":"1","count":"1"}},{"shape_attributes":{"name":"circle","cx":148,"cy":190,"r":20},"region_attributes":{"Type":"1","count":"1"}},{"shape_attributes":{"name":"circle","cx":131,"cy":223,"r":20},"region_attributes":{"Type":"1","count":"1"}},{"shape_attributes":{"name":"circle","cx":420,"cy":262,"r":20},"region_attributes":{"Type":"1","count":"1"}},{"shape_attributes":{"name":"circle","cx":366,"cy":464,"r":20},"region_attributes":{"Type":"1","count":"1"}},{"shape_attributes":{"name":"circle","cx":131,"cy":344,"r":20},"region_attributes":{"Type":"1","count":"1"}},{"shape_attributes":{"name":"circle","cx":333,"cy":467,"r":20},"region_attributes":{"Type":"1","count":"1"}},{"shape_attributes":{"name":"circle","cx":360,"cy":485,"r":20},"region_attributes":{"Type":"1","count":"1"}},{"shape_attributes":{"name":"circle","cx":431,"cy":385,"r":20},"region_attributes":{"Type":"1","count":"1"}},{"shape_attributes":{"name":"circle","cx":478,"cy":340,"r":20},"region_attributes":{"Type":"1","count":"1"}},{"shape_attributes":{"name":"circle","cx":613,"cy":354,"r":23.77},"region_attributes":{"Type":"1","count":"1"}},{"shape_attributes":{"name":"circle","cx":662,"cy":307,"r":20},"region_attributes":{"Type":"1","count":"1"}},{"shape_attributes":{"name":"circle","cx":647,"cy":324,"r":20},"region_attributes":{"Type":"1","count":"1"}},{"shape_attributes":{"name":"circle","cx":477,"cy":450,"r":20},"region_attributes":{"Type":"1","count":"1"}},{"shape_attributes":{"name":"circle","cx":520,"cy":495,"r":20},"region_attributes":{"Type":"1","count":"1"}},{"shape_attributes":{"name":"circle","cx":670,"cy":426,"r":20},"region_attributes":{"Type":"1","count":"1"}},{"shape_attributes":{"name":"circle","cx":664,"cy":389,"r":20},"region_attributes":{"Type":"1","count":"1"}},{"shape_attributes":{"name":"circle","cx":366,"cy":335,"r":20},"region_attributes":{"Type":"1","count":"1"}},{"shape_attributes":{"name":"circle","cx":675,"cy":330,"r":15},"region_attributes":{"Type":"2","count":"1"}},{"shape_attributes":{"name":"circle","cx":171,"cy":255,"r":18},"region_attributes":{"Type":"1","count":"2"}},{"shape_attributes":{"name":"circle","cx":173,"cy":198,"r":18},"region_attributes":{"Type":"1","count":"2"}},{"shape_attributes":{"name":"circle","cx":466,"cy":268,"r":18},"region_attributes":{"Type":"1","count":"2"}},{"shape_attributes":{"name":"circle","cx":168,"cy":318,"r":18},"region_attributes":{"Type":"1","count":"2"}},{"shape_attributes":{"name":"circle","cx":473,"cy":225,"r":14},"region_attributes":{"Type":"1","count":"5"}},{"shape_attributes":{"name":"circle","cx":631,"cy":177,"r":14},"region_attributes":{"Type":"1","count":"2"}},{"shape_attributes":{"name":"circle","cx":655,"cy":201,"r":21},"region_attributes":{"Type":"1","count":"4"}},{"shape_attributes":{"name":"circle","cx":642,"cy":200,"r":12},"region_attributes":{"Type":"1","count":"9"}},{"shape_attributes":{"name":"circle","cx":659,"cy":232,"r":9.487},"region_attributes":{"Type":"1","count":"5"}},{"shape_attributes":{"name":"circle","cx":630,"cy":227,"r":21},"region_attributes":{"Type":"1","count":"2"}},{"shape_attributes":{"name":"circle","cx":656,"cy":259,"r":14},"region_attributes":{"Type":"1","count":"2"}},{"shape_attributes":{"name":"circle","cx":632,"cy":254,"r":22},"region_attributes":{"Type":"1","count":"3"}},{"shape_attributes":{"name":"circle","cx":636,"cy":288,"r":18},"region_attributes":{"Type":"1","count":"3"}},{"shape_attributes":{"name":"circle","cx":596,"cy":279,"r":19},"region_attributes":{"Type":"2","count":"2"}},{"shape_attributes":{"name":"circle","cx":587,"cy":320,"r":18},"region_attributes":{"Type":"2","count":"1"}},{"shape_attributes":{"name":"circle","cx":611,"cy":306,"r":20},"region_attributes":{"Type":"1","count":"16"}},{"shape_attributes":{"name":"circle","cx":402,"cy":373,"r":12},"region_attributes":{"Type":"1","count":"3"}},{"shape_attributes":{"name":"circle","cx":390,"cy":328,"r":23},"region_attributes":{"Type":"2","count":"2"}},{"shape_attributes":{"name":"circle","cx":476,"cy":365,"r":18},"region_attributes":{"Type":"1","count":"8"}},{"shape_attributes":{"name":"circle","cx":633,"cy":351,"r":24},"region_attributes":{"Type":"1","count":"3"}},{"shape_attributes":{"name":"circle","cx":636,"cy":362,"r":24},"region_attributes":{"Type":"1","count":"7"}},{"shape_attributes":{"name":"circle","cx":556,"cy":458,"r":21},"region_attributes":{"Type":"1","count":"10"}},{"shape_attributes":{"name":"circle","cx":487,"cy":499,"r":21},"region_attributes":{"Type":"1","count":"3"}},{"shape_attributes":{"name":"circle","cx":482,"cy":413,"r":21},"region_attributes":{"Type":"1","count":"3"}},{"shape_attributes":{"name":"circle","cx":505,"cy":463,"r":21},"region_attributes":{"Type":"1","count":"3"}},{"shape_attributes":{"name":"circle","cx":624,"cy":457,"r":18},"region_attributes":{"Type":"3","count":"4"}},{"shape_attributes":{"name":"circle","cx":620,"cy":485,"r":16},"region_attributes":{"Type":"3","count":"2"}},{"shape_attributes":{"name":"circle","cx":643,"cy":475,"r":17},"region_attributes":{"Type":"1","count":"1"}},{"shape_attributes":{"name":"circle","cx":623,"cy":490,"r":15},"region_attributes":{"Type":"1","count":"2"}}],"file_attributes":{"date":"2020-06-25","temp":"60","rain":"2","neighborhood":"East Village South","total_count":""}},"https://drive.google.com/uc?export=view&id=1_Ku4FaybtgRAlG4WE6P57v_gOxdufK-B\n":{"filename":"https://drive.google.com/uc?export=view&id=1_Ku4FaybtgRAlG4WE6P57v_gOxdufK-B\n","size":-1,"regions":[{"shape_attributes":{"name":"circle","cx":150,"cy":331,"r":26.870057685088806},"region_attributes":{"Type":"1","count":"1"}},{"shape_attributes":{"name":"circle","cx":159,"cy":182,"r":14.422205101855956},"region_attributes":{"Type":"2","count":"1"}},{"shape_attributes":{"name":"circle","cx":232,"cy":272,"r":16.650825805346713},"region_attributes":{"Type":"1","count":"1"}},{"shape_attributes":{"name":"circle","cx":240,"cy":488,"r":10.965856099730654},"region_attributes":{"Type":"1","count":"1"}},{"shape_attributes":{"name":"circle","cx":324,"cy":215,"r":16.101242188104617},"region_attributes":{"Type":"1","count":"2"}},{"shape_attributes":{"name":"circle","cx":335,"cy":270,"r":12.727922061357855},"region_attributes":{"Type":"1","count":"1"}},{"shape_attributes":{"name":"circle","cx":468,"cy":216,"r":15.443445211480501},"region_attributes":{"Type":"1","count":"4"}},{"shape_attributes":{"name":"circle","cx":334,"cy":369,"r":18.741664813991314},"region_attributes":{"Type":"1","count":"3"}},{"shape_attributes":{"name":"circle","cx":402,"cy":386,"r":16.32482771731451},"region_attributes":{"Type":"2","count":"2"}},{"shape_attributes":{"name":"circle","cx":404,"cy":414,"r":12.103718436910205},"region_attributes":{"Type":"1","count":"2"}},{"shape_attributes":{"name":"circle","cx":476,"cy":436,"r":9.617692030835672},"region_attributes":{"Type":"2","count":"1"}},{"shape_attributes":{"name":"circle","cx":462,"cy":493,"r":16.224980739587952},"region_attributes":{"Type":"1","count":"3"}},{"shape_attributes":{"name":"circle","cx":508,"cy":496,"r":17.7341478509682},"region_attributes":{"Type":"2","count":"1"}},{"shape_attributes":{"name":"circle","cx":547,"cy":336,"r":13.647344063956181},"region_attributes":{"Type":"3","count":"1"}},{"shape_attributes":{"name":"circle","cx":636,"cy":190,"r":13.0862523283024},"region_attributes":{"Type":"2","count":"2"}},{"shape_attributes":{"name":"circle","cx":648,"cy":264,"r":14.150971698084906},"region_attributes":{"Type":"1","count":"1"}},{"shape_attributes":{"name":"circle","cx":678,"cy":300,"r":16.00781059358212},"region_attributes":{"Type":"2","count":"3"}},{"shape_attributes":{"name":"circle","cx":638,"cy":328,"r":10.51189802081432},"region_attributes":{"Type":"2","count":"1"}},{"shape_attributes":{"name":"circle","cx":620,"cy":416,"r":20.402205763103165},"region_attributes":{"Type":"3","count":"2"}},{"shape_attributes":{"name":"circle","cx":640,"cy":430,"r":14.089002803605371},"region_attributes":{"Type":"1","count":"20"}},{"shape_attributes":{"name":"circle","cx":654,"cy":423,"r":6.726812023536855},"region_attributes":{"Type":"2","count":"1"}},{"shape_attributes":{"name":"circle","cx":556,"cy":464,"r":19.144189719076646},"region_attributes":{"Type":"1","count":"4"}},{"shape_attributes":{"name":"circle","cx":644,"cy":501,"r":15.787653403846944},"region_attributes":{"Type":"3","count":"1"}},{"shape_attributes":{"name":"circle","cx":194,"cy":196,"r":16},"region_attributes":{"Type":"1","count":"1"}},{"shape_attributes":{"name":"circle","cx":369,"cy":176,"r":16},"region_attributes":{"Type":"1","count":"1"}},{"shape_attributes":{"name":"circle","cx":460,"cy":236,"r":16},"region_attributes":{"Type":"1","count":"1"}},{"shape_attributes":{"name":"circle","cx":441,"cy":255,"r":16},"region_attributes":{"Type":"1","count":"1"}},{"shape_attributes":{"name":"circle","cx":406,"cy":341,"r":16},"region_attributes":{"Type":"1","count":"1"}},{"shape_attributes":{"name":"circle","cx":500,"cy":304,"r":16},"region_attributes":{"Type":"1","count":"1"}},{"shape_attributes":{"name":"circle","cx":139,"cy":190,"r":16},"region_attributes":{"Type":"1","count":"1"}},{"shape_attributes":{"name":"circle","cx":594,"cy":239,"r":16},"region_attributes":{"Type":"1","count":"1"}},{"shape_attributes":{"name":"circle","cx":589,"cy":177,"r":16},"region_attributes":{"Type":"1","count":"1"}},{"shape_attributes":{"name":"circle","cx":651,"cy":299,"r":16},"region_attributes":{"Type":"1","count":"1"}},{"shape_attributes":{"name":"circle","cx":412,"cy":325,"r":16},"region_attributes":{"Type":"1","count":"1"}},{"shape_attributes":{"name":"circle","cx":408,"cy":175,"r":30},"region_attributes":{"Type":"1","count":"3"}},{"shape_attributes":{"name":"circle","cx":414,"cy":264,"r":18},"region_attributes":{"Type":"1","count":"2"}},{"shape_attributes":{"name":"circle","cx":469,"cy":271,"r":14},"region_attributes":{"Type":"1","count":"2"}},{"shape_attributes":{"name":"circle","cx":406,"cy":358,"r":18},"region_attributes":{"Type":"1","count":"2"}},{"shape_attributes":{"name":"circle","cx":507,"cy":348,"r":18},"region_attributes":{"Type":"1","count":"2"}},{"shape_attributes":{"name":"circle","cx":431,"cy":347,"r":18},"region_attributes":{"Type":"1","count":"2"}},{"shape_attributes":{"name":"circle","cx":442,"cy":394,"r":17},"region_attributes":{"Type":"1","count":"5"}},{"shape_attributes":{"name":"circle","cx":474,"cy":350,"r":17},"region_attributes":{"Type":"1","count":"5"}},{"shape_attributes":{"name":"circle","cx":472,"cy":414,"r":22},"region_attributes":{"Type":"1","count":"9"}},{"shape_attributes":{"name":"circle","cx":481,"cy":373,"r":19},"region_attributes":{"Type":"2","count":"1"}},{"shape_attributes":{"name":"circle","cx":556,"cy":210,"r":13},"region_attributes":{"Type":"1","count":"3"}},{"shape_attributes":{"name":"circle","cx":580,"cy":178,"r":16},"region_attributes":{"Type":"1","count":"6"}},{"shape_attributes":{"name":"circle","cx":612,"cy":179,"r":16},"region_attributes":{"Type":"2","count":"2"}},{"shape_attributes":{"name":"circle","cx":580,"cy":210,"r":13},"region_attributes":{"Type":"2","count":"4"}},{"shape_attributes":{"name":"circle","cx":610,"cy":204,"r":13},"region_attributes":{"Type":"1","count":"10"}},{"shape_attributes":{"name":"circle","cx":637,"cy":212,"r":15},"region_attributes":{"Type":"1","count":"7"}},{"shape_attributes":{"name":"circle","cx":630,"cy":236,"r":17},"region_attributes":{"Type":"1","count":"10"}},{"shape_attributes":{"name":"circle","cx":628,"cy":252,"r":15},"region_attributes":{"Type":"2","count":"1"}},{"shape_attributes":{"name":"circle","cx":655,"cy":228,"r":15},"region_attributes":{"Type":"2","count":"1"}},{"shape_attributes":{"name":"circle","cx":628,"cy":308,"r":15},"region_attributes":{"Type":"1","count":"1"}},{"shape_attributes":{"name":"circle","cx":527,"cy":316,"r":14},"region_attributes":{"Type":"1","count":"3"}},{"shape_attributes":{"name":"circle","cx":366,"cy":460,"r":16},"region_attributes":{"Type":"1","count":"1"}},{"shape_attributes":{"name":"circle","cx":479,"cy":459,"r":16},"region_attributes":{"Type":"1","count":"1"}},{"shape_attributes":{"name":"circle","cx":393,"cy":459,"r":16},"region_attributes":{"Type":"1","count":"1"}},{"shape_attributes":{"name":"circle","cx":633,"cy":383,"r":18},"region_attributes":{"Type":"1","count":"13"}},{"shape_attributes":{"name":"circle","cx":505,"cy":462,"r":18},"region_attributes":{"Type":"1","count":"13"}},{"shape_attributes":{"name":"circle","cx":630,"cy":356,"r":14},"region_attributes":{"Type":"1","count":"11"}},{"shape_attributes":{"name":"circle","cx":656,"cy":322,"r":19},"region_attributes":{"Type":"1","count":"6"}},{"shape_attributes":{"name":"circle","cx":595,"cy":497,"r":18},"region_attributes":{"Type":"1","count":"4"}},{"shape_attributes":{"name":"circle","cx":652,"cy":349,"r":18},"region_attributes":{"Type":"1","count":"4"}},{"shape_attributes":{"name":"circle","cx":652,"cy":349,"r":18},"region_attributes":{"Type":"1","count":"4"}},{"shape_attributes":{"name":"circle","cx":588,"cy":465,"r":18},"region_attributes":{"Type":"1","count":"4"}},{"shape_attributes":{"name":"circle","cx":629,"cy":477,"r":20},"region_attributes":{"Type":"1","count":"2"}},{"shape_attributes":{"name":"circle","cx":662,"cy":380,"r":18},"region_attributes":{"Type":"1","count":"5"}},{"shape_attributes":{"name":"circle","cx":651,"cy":404,"r":21},"region_attributes":{"Type":"1","count":"3"}},{"shape_attributes":{"name":"circle","cx":600,"cy":435,"r":21},"region_attributes":{"Type":"1","count":"2"}},{"shape_attributes":{"name":"circle","cx":166,"cy":198,"r":16},"region_attributes":{"Type":"1","count":"6"}}],"file_attributes":{"date":"2020-07-29","temp":"67","rain":"2","neighborhood":"East Village South","total_count":""}},"https://drive.google.com/uc?export=view&id=1lgU5SFxtVA2LwMnBXX0czjAnUZmWlcZv\n":{"filename":"https://drive.google.com/uc?export=view&id=1lgU5SFxtVA2LwMnBXX0czjAnUZmWlcZv\n","size":-1,"regions":[{"shape_attributes":{"name":"circle","cx":118,"cy":166,"r":12.379418403139947},"region_attributes":{"Type":"1","count":"1"}},{"shape_attributes":{"name":"circle","cx":129,"cy":252,"r":12.727922061357855},"region_attributes":{"Type":"1","count":"1"}},{"shape_attributes":{"name":"circle","cx":232,"cy":478,"r":12.747548783981962},"region_attributes":{"Type":"1","count":"5"}},{"shape_attributes":{"name":"circle","cx":260,"cy":276,"r":10.700467279516348},"region_attributes":{"Type":"1","count":"1"}},{"shape_attributes":{"name":"circle","cx":426,"cy":358,"r":8.902246907382429},"region_attributes":{"Type":"2","count":"1"}},{"shape_attributes":{"name":"circle","cx":395,"cy":386,"r":15.297},"region_attributes":{"Type":"2","count":"1"}},{"shape_attributes":{"name":"circle","cx":482,"cy":383,"r":13.200378782444085},"region_attributes":{"Type":"3","count":"1"}},{"shape_attributes":{"name":"circle","cx":469,"cy":390,"r":18.439088914585774},"region_attributes":{"Type":"2","count":"2"}},{"shape_attributes":{"name":"circle","cx":589,"cy":191,"r":17.11724276862369},"region_attributes":{"Type":"2","count":"3"}},{"shape_attributes":{"name":"circle","cx":590,"cy":196,"r":11.335784048754634},"region_attributes":{"Type":"1","count":"2"}},{"shape_attributes":{"name":"circle","cx":626,"cy":183,"r":10.816653826391969},"region_attributes":{"Type":"1","count":"4"}},{"shape_attributes":{"name":"circle","cx":684,"cy":164,"r":18.439088914585774},"region_attributes":{"Type":"1","count":"5"}},{"shape_attributes":{"name":"circle","cx":684,"cy":191,"r":20.862646045025066},"region_attributes":{"Type":"2","count":"1"}},{"shape_attributes":{"name":"circle","cx":626,"cy":238,"r":10.124228365658293},"region_attributes":{"Type":"2","count":"1"}},{"shape_attributes":{"name":"circle","cx":572,"cy":298,"r":15.20690632574555},"region_attributes":{"Type":"1","count":"1"}},{"shape_attributes":{"name":"circle","cx":593,"cy":276,"r":10},"region_attributes":{"Type":"2","count":"1"}},{"shape_attributes":{"name":"circle","cx":315,"cy":251,"r":16},"region_attributes":{"Type":"1","count":"1"}},{"shape_attributes":{"name":"circle","cx":373,"cy":190,"r":16},"region_attributes":{"Type":"1","count":"1"}},{"shape_attributes":{"name":"circle","cx":357,"cy":255,"r":16},"region_attributes":{"Type":"1","count":"1"}},{"shape_attributes":{"name":"circle","cx":555,"cy":163,"r":16},"region_attributes":{"Type":"1","count":"1"}},{"shape_attributes":{"name":"circle","cx":557,"cy":194,"r":16},"region_attributes":{"Type":"1","count":"1"}},{"shape_attributes":{"name":"circle","cx":533,"cy":200,"r":16},"region_attributes":{"Type":"1","count":"1"}},{"shape_attributes":{"name":"circle","cx":475,"cy":237,"r":16},"region_attributes":{"Type":"1","count":"1"}},{"shape_attributes":{"name":"circle","cx":424,"cy":277,"r":16},"region_attributes":{"Type":"1","count":"1"}},{"shape_attributes":{"name":"circle","cx":423,"cy":394,"r":16},"region_attributes":{"Type":"1","count":"1"}},{"shape_attributes":{"name":"circle","cx":416,"cy":383,"r":16},"region_attributes":{"Type":"1","count":"1"}},{"shape_attributes":{"name":"circle","cx":357,"cy":158,"r":16},"region_attributes":{"Type":"1","count":"1"}},{"shape_attributes":{"name":"circle","cx":604,"cy":306,"r":16},"region_attributes":{"Type":"1","count":"1"}},{"shape_attributes":{"name":"circle","cx":642,"cy":255,"r":16},"region_attributes":{"Type":"1","count":"1"}},{"shape_attributes":{"name":"circle","cx":660,"cy":221,"r":16},"region_attributes":{"Type":"1","count":"1"}},{"shape_attributes":{"name":"circle","cx":628,"cy":289,"r":16},"region_attributes":{"Type":"1","count":"1"}},{"shape_attributes":{"name":"circle","cx":324,"cy":452,"r":16},"region_attributes":{"Type":"1","count":"1"}},{"shape_attributes":{"name":"circle","cx":290,"cy":425,"r":16},"region_attributes":{"Type":"1","count":"1"}},{"shape_attributes":{"name":"circle","cx":465,"cy":328,"r":16},"region_attributes":{"Type":"1","count":"1"}},{"shape_attributes":{"name":"circle","cx":382,"cy":246,"r":20},"region_attributes":{"Type":"1","count":"2"}},{"shape_attributes":{"name":"circle","cx":464,"cy":279,"r":20},"region_attributes":{"Type":"1","count":"2"}},{"shape_attributes":{"name":"circle","cx":456,"cy":259,"r":20},"region_attributes":{"Type":"1","count":"2"}},{"shape_attributes":{"name":"circle","cx":472,"cy":199,"r":20},"region_attributes":{"Type":"1","count":"2"}},{"shape_attributes":{"name":"circle","cx":451,"cy":439,"r":20},"region_attributes":{"Type":"1","count":"2"}},{"shape_attributes":{"name":"circle","cx":634,"cy":455,"r":20},"region_attributes":{"Type":"1","count":"2"}},{"shape_attributes":{"name":"circle","cx":625,"cy":477,"r":20},"region_attributes":{"Type":"1","count":"2"}},{"shape_attributes":{"name":"circle","cx":633,"cy":308,"r":20},"region_attributes":{"Type":"1","count":"2"}},{"shape_attributes":{"name":"circle","cx":592,"cy":334,"r":20},"region_attributes":{"Type":"1","count":"2"}},{"shape_attributes":{"name":"circle","cx":658,"cy":334,"r":20},"region_attributes":{"Type":"1","count":"2"}},{"shape_attributes":{"name":"circle","cx":397,"cy":341,"r":20},"region_attributes":{"Type":"1","count":"2"}},{"shape_attributes":{"name":"circle","cx":421,"cy":159,"r":22},"region_attributes":{"Type":"1","count":"3"}},{"shape_attributes":{"name":"circle","cx":442,"cy":182,"r":18},"region_attributes":{"Type":"1","count":"4"}},{"shape_attributes":{"name":"circle","cx":591,"cy":160,"r":11},"region_attributes":{"Type":"1","count":"3"}},{"shape_attributes":{"name":"circle","cx":600,"cy":172,"r":15},"region_attributes":{"Type":"1","count":"9"}},{"shape_attributes":{"name":"circle","cx":639,"cy":212,"r":17},"region_attributes":{"Type":"1","count":"4"}},{"shape_attributes":{"name":"circle","cx":623,"cy":335,"r":11.18},"region_attributes":{"Type":"1","count":"13"}},{"shape_attributes":{"name":"circle","cx":621,"cy":378,"r":14},"region_attributes":{"Type":"1","count":"5"}},{"shape_attributes":{"name":"circle","cx":619,"cy":419,"r":14},"region_attributes":{"Type":"1","count":"5"}},{"shape_attributes":{"name":"circle","cx":622,"cy":357,"r":14},"region_attributes":{"Type":"1","count":"5"}},{"shape_attributes":{"name":"circle","cx":612,"cy":396,"r":18},"region_attributes":{"Type":"2","count":"1"}},{"shape_attributes":{"name":"circle","cx":652,"cy":395,"r":13},"region_attributes":{"Type":"2","count":"1"}},{"shape_attributes":{"name":"circle","cx":650,"cy":374,"r":22},"region_attributes":{"Type":"1","count":"3"}},{"shape_attributes":{"name":"circle","cx":651,"cy":418,"r":16},"region_attributes":{"Type":"1","count":"12"}},{"shape_attributes":{"name":"circle","cx":621,"cy":420,"r":16},"region_attributes":{"Type":"1","count":"9"}},{"shape_attributes":{"name":"circle","cx":495,"cy":444,"r":17},"region_attributes":{"Type":"1","count":"10"}},{"shape_attributes":{"name":"circle","cx":470,"cy":352,"r":16},"region_attributes":{"Type":"1","count":"4"}},{"shape_attributes":{"name":"circle","cx":441,"cy":373,"r":18},"region_attributes":{"Type":"2","count":"1"}},{"shape_attributes":{"name":"circle","cx":397,"cy":407,"r":16},"region_attributes":{"Type":"1","count":"3"}},{"shape_attributes":{"name":"circle","cx":435,"cy":472,"r":16},"region_attributes":{"Type":"2","count":"1"}},{"shape_attributes":{"name":"circle","cx":470,"cy":460,"r":19},"region_attributes":{"Type":"2","count":"5"}},{"shape_attributes":{"name":"circle","cx":454,"cy":489,"r":17},"region_attributes":{"Type":"1","count":"3"}},{"shape_attributes":{"name":"circle","cx":470,"cy":488,"r":17},"region_attributes":{"Type":"1","count":"3"}}],"file_attributes":{"date":"2020-08-01","temp":"","rain":"2","neighborhood":"East Village South","total_count":""}},"https://drive.google.com/uc?export=view&id=1N5wkOxHJNZae5yRTbZA7H5KFBYfpgHrW\n":{"filename":"https://drive.google.com/uc?export=view&id=1N5wkOxHJNZae5yRTbZA7H5KFBYfpgHrW\n","size":-1,"regions":[{"shape_attributes":{"name":"circle","cx":146,"cy":261,"r":10.965856099730654},"region_attributes":{"Type":"1","count":"1"}},{"shape_attributes":{"name":"circle","cx":142,"cy":346,"r":14.849242404917497},"region_attributes":{"Type":"1","count":"1"}},{"shape_attributes":{"name":"circle","cx":184,"cy":174,"r":12.103718436910205},"region_attributes":{"Type":"1","count":"1"}},{"shape_attributes":{"name":"circle","cx":192,"cy":192,"r":16.492422502470642},"region_attributes":{"Type":"2","count":"1"}},{"shape_attributes":{"name":"circle","cx":272,"cy":183,"r":11.412712210513327},"region_attributes":{"Type":"2","count":"1"}},{"shape_attributes":{"name":"circle","cx":291,"cy":194,"r":12.041594578792296},"region_attributes":{"Type":"1","count":"1"}},{"shape_attributes":{"name":"circle","cx":422,"cy":287,"r":9.604686356149273},"region_attributes":{"Type":"1","count":"1"}},{"shape_attributes":{"name":"circle","cx":482,"cy":431,"r":11.40175425099138},"region_attributes":{"Type":"1","count":"11"}},{"shape_attributes":{"name":"circle","cx":476,"cy":461,"r":12.5},"region_attributes":{"Type":"2","count":"4"}},{"shape_attributes":{"name":"circle","cx":452,"cy":491,"r":10.816653826391969},"region_attributes":{"Type":"2","count":"6"}},{"shape_attributes":{"name":"circle","cx":528,"cy":224,"r":18.33712082089225},"region_attributes":{"Type":"1","count":"4"}},{"shape_attributes":{"name":"circle","cx":560,"cy":172,"r":15.945218719101975},"region_attributes":{"Type":"1","count":"2"}},{"shape_attributes":{"name":"circle","cx":562,"cy":204,"r":12.103718436910205},"region_attributes":{"Type":"2","count":"3"}},{"shape_attributes":{"name":"circle","cx":614,"cy":198,"r":10.51189802081432},"region_attributes":{"Type":"2","count":"1"}},{"shape_attributes":{"name":"circle","cx":511,"cy":322,"r":9.013878188659973},"region_attributes":{"Type":"2","count":"1"}},{"shape_attributes":{"name":"circle","cx":620,"cy":308,"r":12.349089035228468},"region_attributes":{"Type":"3","count":"1"}},{"shape_attributes":{"name":"circle","cx":661,"cy":376,"r":9.5524865872714},"region_attributes":{"Type":"2","count":"2"}},{"shape_attributes":{"name":"circle","cx":608,"cy":377,"r":9.219544457292887},"region_attributes":{"Type":"1","count":"2"}},{"shape_attributes":{"name":"circle","cx":624,"cy":416,"r":10.198039027185569},"region_attributes":{"Type":"3","count":"1"}},{"shape_attributes":{"name":"circle","cx":630,"cy":417,"r":6.4031242374328485},"region_attributes":{"Type":"2","count":"1"}},{"shape_attributes":{"name":"circle","cx":675,"cy":477,"r":11.661903789690601},"region_attributes":{"Type":"2","count":"1"}},{"shape_attributes":{"name":"circle","cx":287,"cy":169,"r":11},"region_attributes":{"Type":"1","count":"1"}},{"shape_attributes":{"name":"circle","cx":470,"cy":172,"r":12.041594578792296},"region_attributes":{"Type":"1","count":"1"}},{"shape_attributes":{"name":"circle","cx":481,"cy":192,"r":12.041594578792296},"region_attributes":{"Type":"1","count":"1"}},{"shape_attributes":{"name":"circle","cx":455,"cy":208,"r":12.041594578792296},"region_attributes":{"Type":"1","count":"1"}},{"shape_attributes":{"name":"circle","cx":328,"cy":206,"r":12.041594578792296},"region_attributes":{"Type":"1","count":"1"}},{"shape_attributes":{"name":"circle","cx":335,"cy":227,"r":12.041594578792296},"region_attributes":{"Type":"1","count":"1"}},{"shape_attributes":{"name":"circle","cx":320,"cy":264,"r":12.041594578792296},"region_attributes":{"Type":"1","count":"1"}},{"shape_attributes":{"name":"circle","cx":405,"cy":249,"r":12.041594578792296},"region_attributes":{"Type":"1","count":"1"}},{"shape_attributes":{"name":"circle","cx":413,"cy":261,"r":12.041594578792296},"region_attributes":{"Type":"1","count":"1"}},{"shape_attributes":{"name":"circle","cx":390,"cy":311,"r":12.041594578792296},"region_attributes":{"Type":"1","count":"1"}},{"shape_attributes":{"name":"circle","cx":300,"cy":382,"r":12.041594578792296},"region_attributes":{"Type":"1","count":"1"}},{"shape_attributes":{"name":"circle","cx":320,"cy":415,"r":12.041594578792296},"region_attributes":{"Type":"1","count":"1"}},{"shape_attributes":{"name":"circle","cx":283,"cy":410,"r":12.041594578792296},"region_attributes":{"Type":"1","count":"1"}},{"shape_attributes":{"name":"circle","cx":246,"cy":440,"r":12.041594578792296},"region_attributes":{"Type":"1","count":"1"}},{"shape_attributes":{"name":"circle","cx":324,"cy":457,"r":12.041594578792296},"region_attributes":{"Type":"1","count":"1"}},{"shape_attributes":{"name":"circle","cx":458,"cy":370,"r":12.041594578792296},"region_attributes":{"Type":"1","count":"1"}},{"shape_attributes":{"name":"circle","cx":409,"cy":175,"r":12.041594578792296},"region_attributes":{"Type":"1","count":"1"}},{"shape_attributes":{"name":"circle","cx":630,"cy":477,"r":12.041594578792296},"region_attributes":{"Type":"1","count":"1"}},{"shape_attributes":{"name":"circle","cx":557,"cy":325,"r":12.041594578792296},"region_attributes":{"Type":"1","count":"1"}},{"shape_attributes":{"name":"circle","cx":667,"cy":210,"r":12.041594578792296},"region_attributes":{"Type":"1","count":"1"}},{"shape_attributes":{"name":"circle","cx":419,"cy":476,"r":12.041594578792296},"region_attributes":{"Type":"1","count":"1"}},{"shape_attributes":{"name":"circle","cx":456,"cy":185,"r":15},"region_attributes":{"Type":"1","count":"2"}},{"shape_attributes":{"name":"circle","cx":469,"cy":209,"r":17},"region_attributes":{"Type":"1","count":"3"}},{"shape_attributes":{"name":"circle","cx":482,"cy":231,"r":23},"region_attributes":{"Type":"1","count":"2"}},{"shape_attributes":{"name":"circle","cx":460,"cy":260,"r":17},"region_attributes":{"Type":"1","count":"4"}},{"shape_attributes":{"name":"circle","cx":287,"cy":234,"r":20},"region_attributes":{"Type":"1","count":"2"}},{"shape_attributes":{"name":"circle","cx":420,"cy":341,"r":14},"region_attributes":{"Type":"1","count":"3"}},{"shape_attributes":{"name":"circle","cx":368,"cy":326,"r":14},"region_attributes":{"Type":"1","count":"3"}},{"shape_attributes":{"name":"circle","cx":395,"cy":346,"r":21},"region_attributes":{"Type":"1","count":"2"}},{"shape_attributes":{"name":"circle","cx":479,"cy":342,"r":17},"region_attributes":{"Type":"1","count":"3"}},{"shape_attributes":{"name":"circle","cx":600,"cy":169,"r":15},"region_attributes":{"Type":"1","count":"11"}},{"shape_attributes":{"name":"circle","cx":580,"cy":188,"r":13},"region_attributes":{"Type":"1","count":"9"}},{"shape_attributes":{"name":"circle","cx":595,"cy":204,"r":14},"region_attributes":{"Type":"1","count":"8"}},{"shape_attributes":{"name":"circle","cx":650,"cy":168,"r":10},"region_attributes":{"Type":"1","count":"2"}},{"shape_attributes":{"name":"circle","cx":631,"cy":172,"r":15},"region_attributes":{"Type":"1","count":"4"}},{"shape_attributes":{"name":"circle","cx":456,"cy":389,"r":14},"region_attributes":{"Type":"1","count":"2"}},{"shape_attributes":{"name":"circle","cx":491,"cy":366,"r":27},"region_attributes":{"Type":"1","count":"2"}},{"shape_attributes":{"name":"circle","cx":482,"cy":378,"r":14},"region_attributes":{"Type":"1","count":"4"}},{"shape_attributes":{"name":"circle","cx":527,"cy":320,"r":15},"region_attributes":{"Type":"1","count":"6"}},{"shape_attributes":{"name":"circle","cx":585,"cy":299,"r":20},"region_attributes":{"Type":"1","count":"2"}},{"shape_attributes":{"name":"circle","cx":471,"cy":486,"r":18},"region_attributes":{"Type":"1","count":"5"}},{"shape_attributes":{"name":"circle","cx":529,"cy":458,"r":20},"region_attributes":{"Type":"1","count":"4"}},{"shape_attributes":{"name":"circle","cx":663,"cy":358,"r":20},"region_attributes":{"Type":"1","count":"4"}},{"shape_attributes":{"name":"circle","cx":497,"cy":456,"r":20},"region_attributes":{"Type":"1","count":"4"}},{"shape_attributes":{"name":"circle","cx":655,"cy":184,"r":13},"region_attributes":{"Type":"2","count":"1"}},{"shape_attributes":{"name":"circle","cx":683,"cy":190,"r":20},"region_attributes":{"Type":"2","count":"1"}},{"shape_attributes":{"name":"circle","cx":633,"cy":197,"r":19},"region_attributes":{"Type":"2","count":"3"}},{"shape_attributes":{"name":"circle","cx":638,"cy":202,"r":19},"region_attributes":{"Type":"2","count":"2"}},{"shape_attributes":{"name":"circle","cx":625,"cy":250,"r":16},"region_attributes":{"Type":"1","count":"5"}},{"shape_attributes":{"name":"circle","cx":641,"cy":229,"r":18},"region_attributes":{"Type":"1","count":"8"}},{"shape_attributes":{"name":"circle","cx":662,"cy":243,"r":18},"region_attributes":{"Type":"2","count":"8"}},{"shape_attributes":{"name":"circle","cx":645,"cy":268,"r":13},"region_attributes":{"Type":"2","count":"2"}},{"shape_attributes":{"name":"circle","cx":647,"cy":265,"r":14},"region_attributes":{"Type":"1","count":"1"}},{"shape_attributes":{"name":"circle","cx":651,"cy":325,"r":21},"region_attributes":{"Type":"1","count":"10"}},{"shape_attributes":{"name":"circle","cx":598,"cy":328,"r":21},"region_attributes":{"Type":"1","count":"10"}},{"shape_attributes":{"name":"circle","cx":637,"cy":296,"r":13},"region_attributes":{"Type":"1","count":"3"}},{"shape_attributes":{"name":"circle","cx":411,"cy":455,"r":15},"region_attributes":{"Type":"1","count":"2"}},{"shape_attributes":{"name":"circle","cx":632,"cy":363,"r":13},"region_attributes":{"Type":"1","count":"17"}},{"shape_attributes":{"name":"circle","cx":630,"cy":382,"r":16},"region_attributes":{"Type":"1","count":"11"}},{"shape_attributes":{"name":"circle","cx":629,"cy":393,"r":14},"region_attributes":{"Type":"1","count":"9"}},{"shape_attributes":{"name":"circle","cx":660,"cy":393,"r":17},"region_attributes":{"Type":"1","count":"1"}},{"shape_attributes":{"name":"circle","cx":586,"cy":470,"r":17},"region_attributes":{"Type":"1","count":"2"}},{"shape_attributes":{"name":"circle","cx":558,"cy":460,"r":30},"region_attributes":{"Type":"1","count":"8"}},{"shape_attributes":{"name":"circle","cx":658,"cy":416,"r":19},"region_attributes":{"Type":"1","count":"3"}},{"shape_attributes":{"name":"circle","cx":632,"cy":432,"r":17},"region_attributes":{"Type":"1","count":"6"}},{"shape_attributes":{"name":"circle","cx":655,"cy":423,"r":21},"region_attributes":{"Type":"1","count":"7"}},{"shape_attributes":{"name":"circle","cx":637,"cy":499,"r":13},"region_attributes":{"Type":"3","count":"1"}},{"shape_attributes":{"name":"circle","cx":654,"cy":498,"r":13},"region_attributes":{"Type":"3","count":"1"}}],"file_attributes":{"date":"2020-09-29","temp":"70","rain":"2","neighborhood":"East Village South","total_count":""}},"https://drive.google.com/uc?export=view&id=1L0qzDwghqgL1VNpUklkLKvNq_NlhdV53\n":{"filename":"https://drive.google.com/uc?export=view&id=1L0qzDwghqgL1VNpUklkLKvNq_NlhdV53\n","size":-1,"regions":[{"shape_attributes":{"name":"circle","cx":123,"cy":404,"r":11.661903789690601},"region_attributes":{"Type":"1","count":"1"}},{"shape_attributes":{"name":"circle","cx":242,"cy":486,"r":11.335784048754634},"region_attributes":{"Type":"2","count":"2"}},{"shape_attributes":{"name":"circle","cx":329,"cy":263,"r":13.45362404707371},"region_attributes":{"Type":"2","count":"2"}},{"shape_attributes":{"name":"circle","cx":377,"cy":366,"r":12.806248474865697},"region_attributes":{"Type":"1","count":"2"}},{"shape_attributes":{"name":"circle","cx":474,"cy":366,"r":7},"region_attributes":{"Type":"2","count":"4"}},{"shape_attributes":{"name":"circle","cx":475,"cy":409,"r":13.45362404707371},"region_attributes":{"Type":"1","count":"4"}},{"shape_attributes":{"name":"circle","cx":504,"cy":316,"r":7.810249675906654},"region_attributes":{"Type":"1","count":"2"}},{"shape_attributes":{"name":"circle","cx":565,"cy":197,"r":4.472},"region_attributes":{"Type":"1","count":"2"}},{"shape_attributes":{"name":"circle","cx":556,"cy":205,"r":13.0862523283024},"region_attributes":{"Type":"2","count":"13"}},{"shape_attributes":{"name":"circle","cx":632,"cy":228,"r":10.307764064044152},"region_attributes":{"Type":"1","count":"4"}},{"shape_attributes":{"name":"circle","cx":659,"cy":376,"r":8.5},"region_attributes":{"Type":"2","count":"1"}},{"shape_attributes":{"name":"circle","cx":556,"cy":469,"r":13.865424623862047},"region_attributes":{"Type":"2","count":"1"}},{"shape_attributes":{"name":"circle","cx":612,"cy":478,"r":15.890248582070704},"region_attributes":{"Type":"3","count":"3"}},{"shape_attributes":{"name":"circle","cx":626,"cy":480,"r":4.242640687119285},"region_attributes":{"Type":"2","count":"5"}},{"shape_attributes":{"name":"circle","cx":112,"cy":295,"r":17},"region_attributes":{"Type":"1","count":"1"}},{"shape_attributes":{"name":"circle","cx":146,"cy":306,"r":17},"region_attributes":{"Type":"1","count":"1"}},{"shape_attributes":{"name":"circle","cx":258,"cy":180,"r":16},"region_attributes":{"Type":"1","count":"1"}},{"shape_attributes":{"name":"circle","cx":304,"cy":189,"r":19},"region_attributes":{"Type":"1","count":"1"}},{"shape_attributes":{"name":"circle","cx":471,"cy":202,"r":18},"region_attributes":{"Type":"1","count":"6"}},{"shape_attributes":{"name":"circle","cx":380,"cy":297,"r":20},"region_attributes":{"Type":"1","count":"7"}},{"shape_attributes":{"name":"circle","cx":413,"cy":223,"r":20},"region_attributes":{"Type":"2","count":"1"}},{"shape_attributes":{"name":"circle","cx":480,"cy":241,"r":17},"region_attributes":{"Type":"1","count":"1"}},{"shape_attributes":{"name":"circle","cx":460,"cy":259,"r":19},"region_attributes":{"Type":"2","count":"1"}},{"shape_attributes":{"name":"circle","cx":411,"cy":348,"r":20},"region_attributes":{"Type":"1","count":"4"}},{"shape_attributes":{"name":"circle","cx":399,"cy":396,"r":17},"region_attributes":{"Type":"2","count":"1"}},{"shape_attributes":{"name":"circle","cx":431,"cy":380,"r":17},"region_attributes":{"Type":"1","count":"3"}},{"shape_attributes":{"name":"circle","cx":430,"cy":406,"r":25},"region_attributes":{"Type":"3","count":"1"}},{"shape_attributes":{"name":"circle","cx":472,"cy":386,"r":16},"region_attributes":{"Type":"1","count":"11"}},{"shape_attributes":{"name":"circle","cx":467,"cy":342,"r":16},"region_attributes":{"Type":"1","count":"11"}},{"shape_attributes":{"name":"circle","cx":473,"cy":431,"r":22},"region_attributes":{"Type":"2","count":"1"}},{"shape_attributes":{"name":"circle","cx":526,"cy":316,"r":16},"region_attributes":{"Type":"2","count":"1"}},{"shape_attributes":{"name":"circle","cx":496,"cy":293,"r":16},"region_attributes":{"Type":"2","count":"1"}},{"shape_attributes":{"name":"circle","cx":426,"cy":460,"r":19},"region_attributes":{"Type":"1","count":"1"}},{"shape_attributes":{"name":"circle","cx":450,"cy":489,"r":14},"region_attributes":{"Type":"1","count":"2"}},{"shape_attributes":{"name":"circle","cx":476,"cy":462,"r":17},"region_attributes":{"Type":"2","count":"5"}},{"shape_attributes":{"name":"circle","cx":472,"cy":489,"r":20},"region_attributes":{"Type":"2","count":"7"}},{"shape_attributes":{"name":"circle","cx":465,"cy":459,"r":14},"region_attributes":{"Type":"1","count":"6"}},{"shape_attributes":{"name":"circle","cx":500,"cy":455,"r":23},"region_attributes":{"Type":"1","count":"4"}},{"shape_attributes":{"name":"circle","cx":504,"cy":489,"r":17},"region_attributes":{"Type":"1","count":"1"}},{"shape_attributes":{"name":"circle","cx":592,"cy":162,"r":15},"region_attributes":{"Type":"1","count":"2"}},{"shape_attributes":{"name":"circle","cx":579,"cy":178,"r":15},"region_attributes":{"Type":"1","count":"4"}},{"shape_attributes":{"name":"circle","cx":679,"cy":170,"r":14},"region_attributes":{"Type":"1","count":"1"}},{"shape_attributes":{"name":"circle","cx":660,"cy":202,"r":14},"region_attributes":{"Type":"1","count":"3"}},{"shape_attributes":{"name":"circle","cx":639,"cy":188,"r":14},"region_attributes":{"Type":"1","count":"8"}},{"shape_attributes":{"name":"circle","cx":631,"cy":249,"r":10},"region_attributes":{"Type":"2","count":"1"}},{"shape_attributes":{"name":"circle","cx":657,"cy":225,"r":11},"region_attributes":{"Type":"2","count":"4"}},{"shape_attributes":{"name":"circle","cx":642,"cy":209,"r":13},"region_attributes":{"Type":"2","count":"1"}},{"shape_attributes":{"name":"circle","cx":616,"cy":244,"r":22},"region_attributes":{"Type":"3","count":"1"}},{"shape_attributes":{"name":"circle","cx":619,"cy":171,"r":17},"region_attributes":{"Type":"2","count":"4"}},{"shape_attributes":{"name":"circle","cx":611,"cy":201,"r":13},"region_attributes":{"Type":"1","count":"10"}},{"shape_attributes":{"name":"circle","cx":593,"cy":202,"r":6},"region_attributes":{"Type":"2","count":"1"}},{"shape_attributes":{"name":"circle","cx":580,"cy":206,"r":13},"region_attributes":{"Type":"1","count":"3"}},{"shape_attributes":{"name":"circle","cx":582,"cy":291,"r":14},"region_attributes":{"Type":"1","count":"1"}},{"shape_attributes":{"name":"circle","cx":604,"cy":282,"r":16},"region_attributes":{"Type":"1","count":"4"}},{"shape_attributes":{"name":"circle","cx":603,"cy":316,"r":18},"region_attributes":{"Type":"1","count":"4"}},{"shape_attributes":{"name":"circle","cx":579,"cy":450,"r":14},"region_attributes":{"Type":"1","count":"3"}},{"shape_attributes":{"name":"circle","cx":581,"cy":475,"r":19},"region_attributes":{"Type":"1","count":"1"}},{"shape_attributes":{"name":"circle","cx":666,"cy":472,"r":17},"region_attributes":{"Type":"3","count":"3"}},{"shape_attributes":{"name":"circle","cx":648,"cy":486,"r":21},"region_attributes":{"Type":"1","count":"2"}},{"shape_attributes":{"name":"circle","cx":629,"cy":462,"r":13},"region_attributes":{"Type":"1","count":"3"}},{"shape_attributes":{"name":"circle","cx":647,"cy":276,"r":12},"region_attributes":{"Type":"1","count":"2"}},{"shape_attributes":{"name":"circle","cx":656,"cy":293,"r":15},"region_attributes":{"Type":"2","count":"2"}},{"shape_attributes":{"name":"circle","cx":628,"cy":316,"r":13},"region_attributes":{"Type":"1","count":"6"}},{"shape_attributes":{"name":"circle","cx":635,"cy":313,"r":14},"region_attributes":{"Type":"2","count":"1"}},{"shape_attributes":{"name":"circle","cx":659,"cy":315,"r":13},"region_attributes":{"Type":"1","count":"5"}},{"shape_attributes":{"name":"circle","cx":653,"cy":339,"r":15},"region_attributes":{"Type":"1","count":"4"}},{"shape_attributes":{"name":"circle","cx":629,"cy":340,"r":20},"region_attributes":{"Type":"1","count":"7"}},{"shape_attributes":{"name":"circle","cx":624,"cy":370,"r":11},"region_attributes":{"Type":"1","count":"3"}},{"shape_attributes":{"name":"circle","cx":632,"cy":395,"r":16},"region_attributes":{"Type":"1","count":"8"}},{"shape_attributes":{"name":"circle","cx":656,"cy":395,"r":16},"region_attributes":{"Type":"1","count":"8"}},{"shape_attributes":{"name":"circle","cx":622,"cy":415,"r":23.022},"region_attributes":{"Type":"1","count":"10"}},{"shape_attributes":{"name":"circle","cx":677,"cy":419,"r":11},"region_attributes":{"Type":"1","count":"1"}},{"shape_attributes":{"name":"circle","cx":657,"cy":418,"r":12},"region_attributes":{"Type":"1","count":"4"}},{"shape_attributes":{"name":"circle","cx":653,"cy":437,"r":18},"region_attributes":{"Type":"1","count":"5"}},{"shape_attributes":{"name":"circle","cx":627,"cy":429,"r":21},"region_attributes":{"Type":"1","count":"19"}}],"file_attributes":{"date":"2020-10-29","temp":"61","rain":"2","neighborhood":"East Village South","total_count":""}},"https://drive.google.com/uc?export=view&id=15n8926qbueHx58Qenj93VlvSAmQND8vb\n":{"filename":"https://drive.google.com/uc?export=view&id=15n8926qbueHx58Qenj93VlvSAmQND8vb\n","size":-1,"regions":[{"shape_attributes":{"name":"circle","cx":142,"cy":224,"r":16.263455967290593},"region_attributes":{"Type":"2","count":"1"}},{"shape_attributes":{"name":"circle","cx":172,"cy":194,"r":15.305227865013967},"region_attributes":{"Type":"1","count":"2"}},{"shape_attributes":{"name":"circle","cx":292,"cy":189,"r":15.20690632574555},"region_attributes":{"Type":"1","count":"2"}},{"shape_attributes":{"name":"circle","cx":454,"cy":367,"r":7.433034373659253},"region_attributes":{"Type":"2","count":"1"}},{"shape_attributes":{"name":"circle","cx":382,"cy":430,"r":13.45362404707371},"region_attributes":{"Type":"1","count":"1"}},{"shape_attributes":{"name":"circle","cx":470,"cy":218,"r":12.103718436910205},"region_attributes":{"Type":"3","count":"1"}},{"shape_attributes":{"name":"circle","cx":554,"cy":198,"r":10.198},"region_attributes":{"Type":"2","count":"4"}},{"shape_attributes":{"name":"circle","cx":616,"cy":201,"r":8.902246907382429},"region_attributes":{"Type":"3","count":"1"}},{"shape_attributes":{"name":"circle","cx":610,"cy":262,"r":10.965856099730654},"region_attributes":{"Type":"1","count":"1"}},{"shape_attributes":{"name":"circle","cx":656,"cy":377,"r":8.32165848854662},"region_attributes":{"Type":"2","count":"2"}},{"shape_attributes":{"name":"circle","cx":680,"cy":362,"r":13.124404748406688},"region_attributes":{"Type":"1","count":"1"}},{"shape_attributes":{"name":"circle","cx":630,"cy":422,"r":14.300349646075091},"region_attributes":{"Type":"2","count":"3"}},{"shape_attributes":{"name":"circle","cx":686,"cy":460,"r":14.089002803605371},"region_attributes":{"Type":"2","count":"1"}},{"shape_attributes":{"name":"circle","cx":540,"cy":452,"r":12.103718436910205},"region_attributes":{"Type":"1","count":"19"}},{"shape_attributes":{"name":"circle","cx":564,"cy":457,"r":12.806248474865697},"region_attributes":{"Type":"2","count":"2"}},{"shape_attributes":{"name":"circle","cx":115,"cy":256,"r":18},"region_attributes":{"Type":"1","count":"1"}},{"shape_attributes":{"name":"circle","cx":143,"cy":241,"r":18},"region_attributes":{"Type":"1","count":"1"}},{"shape_attributes":{"name":"circle","cx":185,"cy":493,"r":18},"region_attributes":{"Type":"1","count":"1"}},{"shape_attributes":{"name":"circle","cx":354,"cy":300,"r":18},"region_attributes":{"Type":"1","count":"1"}},{"shape_attributes":{"name":"circle","cx":401,"cy":383,"r":18},"region_attributes":{"Type":"1","count":"1"}},{"shape_attributes":{"name":"circle","cx":451,"cy":202,"r":18},"region_attributes":{"Type":"1","count":"1"}},{"shape_attributes":{"name":"circle","cx":446,"cy":387,"r":18},"region_attributes":{"Type":"1","count":"1"}},{"shape_attributes":{"name":"circle","cx":117,"cy":223,"r":14.318},"region_attributes":{"Type":"1","count":"1"}},{"shape_attributes":{"name":"circle","cx":577,"cy":307,"r":15},"region_attributes":{"Type":"1","count":"1"}},{"shape_attributes":{"name":"circle","cx":625,"cy":463,"r":15},"region_attributes":{"Type":"1","count":"1"}},{"shape_attributes":{"name":"circle","cx":644,"cy":460,"r":15},"region_attributes":{"Type":"1","count":"1"}},{"shape_attributes":{"name":"circle","cx":248,"cy":491,"r":15},"region_attributes":{"Type":"1","count":"3"}},{"shape_attributes":{"name":"circle","cx":500,"cy":304,"r":15},"region_attributes":{"Type":"1","count":"1"}},{"shape_attributes":{"name":"circle","cx":405,"cy":174,"r":27},"region_attributes":{"Type":"1","count":"3"}},{"shape_attributes":{"name":"circle","cx":323,"cy":287,"r":19},"region_attributes":{"Type":"1","count":"2"}},{"shape_attributes":{"name":"circle","cx":464,"cy":293,"r":16},"region_attributes":{"Type":"1","count":"5"}},{"shape_attributes":{"name":"circle","cx":547,"cy":203,"r":16},"region_attributes":{"Type":"1","count":"3"}},{"shape_attributes":{"name":"circle","cx":506,"cy":201,"r":16},"region_attributes":{"Type":"1","count":"3"}},{"shape_attributes":{"name":"circle","cx":506,"cy":201,"r":16},"region_attributes":{"Type":"1","count":"3"}},{"shape_attributes":{"name":"circle","cx":661,"cy":186,"r":13},"region_attributes":{"Type":"1","count":"2"}},{"shape_attributes":{"name":"circle","cx":597,"cy":167,"r":10},"region_attributes":{"Type":"2","count":"1"}},{"shape_attributes":{"name":"circle","cx":582,"cy":177,"r":11},"region_attributes":{"Type":"1","count":"18"}},{"shape_attributes":{"name":"circle","cx":580,"cy":200,"r":20},"region_attributes":{"Type":"2","count":"11"}},{"shape_attributes":{"name":"circle","cx":586,"cy":212,"r":15},"region_attributes":{"Type":"3","count":"1"}},{"shape_attributes":{"name":"circle","cx":633,"cy":166,"r":13},"region_attributes":{"Type":"1","count":"8"}},{"shape_attributes":{"name":"circle","cx":614,"cy":160,"r":13},"region_attributes":{"Type":"3","count":"1"}},{"shape_attributes":{"name":"circle","cx":606,"cy":181,"r":16},"region_attributes":{"Type":"2","count":"4"}},{"shape_attributes":{"name":"circle","cx":630,"cy":185,"r":15},"region_attributes":{"Type":"2","count":"3"}},{"shape_attributes":{"name":"circle","cx":650,"cy":205,"r":12},"region_attributes":{"Type":"2","count":"1"}},{"shape_attributes":{"name":"circle","cx":631,"cy":208,"r":9},"region_attributes":{"Type":"1","count":"2"}},{"shape_attributes":{"name":"circle","cx":654,"cy":226,"r":14},"region_attributes":{"Type":"2","count":"5"}},{"shape_attributes":{"name":"circle","cx":632,"cy":225,"r":11},"region_attributes":{"Type":"1","count":"7"}},{"shape_attributes":{"name":"circle","cx":617,"cy":232,"r":17},"region_attributes":{"Type":"2","count":"2"}},{"shape_attributes":{"name":"circle","cx":630,"cy":255,"r":9},"region_attributes":{"Type":"1","count":"5"}},{"shape_attributes":{"name":"circle","cx":648,"cy":259,"r":15},"region_attributes":{"Type":"2","count":"1"}},{"shape_attributes":{"name":"circle","cx":606,"cy":289,"r":13},"region_attributes":{"Type":"1","count":"3"}},{"shape_attributes":{"name":"circle","cx":653,"cy":287,"r":18},"region_attributes":{"Type":"1","count":"2"}},{"shape_attributes":{"name":"circle","cx":623,"cy":315,"r":11},"region_attributes":{"Type":"2","count":"1"}},{"shape_attributes":{"name":"circle","cx":648,"cy":316,"r":14},"region_attributes":{"Type":"1","count":"4"}},{"shape_attributes":{"name":"circle","cx":632,"cy":344,"r":12},"region_attributes":{"Type":"2","count":"2"}},{"shape_attributes":{"name":"circle","cx":660,"cy":341,"r":17},"region_attributes":{"Type":"1","count":"8"}},{"shape_attributes":{"name":"circle","cx":618,"cy":363,"r":17},"region_attributes":{"Type":"3","count":"1"}},{"shape_attributes":{"name":"circle","cx":616,"cy":389,"r":19},"region_attributes":{"Type":"3","count":"1"}},{"shape_attributes":{"name":"circle","cx":649,"cy":434,"r":17},"region_attributes":{"Type":"1","count":"11"}},{"shape_attributes":{"name":"circle","cx":624,"cy":400,"r":17},"region_attributes":{"Type":"1","count":"18"}},{"shape_attributes":{"name":"circle","cx":673,"cy":484,"r":17},"region_attributes":{"Type":"1","count":"3"}},{"shape_attributes":{"name":"circle","cx":484,"cy":363,"r":17},"region_attributes":{"Type":"1","count":"3"}},{"shape_attributes":{"name":"circle","cx":482,"cy":414,"r":19},"region_attributes":{"Type":"1","count":"3"}},{"shape_attributes":{"name":"circle","cx":472,"cy":385,"r":15},"region_attributes":{"Type":"1","count":"5"}},{"shape_attributes":{"name":"circle","cx":423,"cy":368,"r":21},"region_attributes":{"Type":"1","count":"2"}},{"shape_attributes":{"name":"circle","cx":452,"cy":458,"r":13},"region_attributes":{"Type":"2","count":"6"}},{"shape_attributes":{"name":"circle","cx":480,"cy":467,"r":23},"region_attributes":{"Type":"1","count":"4"}},{"shape_attributes":{"name":"circle","cx":447,"cy":485,"r":14},"region_attributes":{"Type":"2","count":"6"}},{"shape_attributes":{"name":"circle","cx":467,"cy":493,"r":16},"region_attributes":{"Type":"1","count":"11"}},{"shape_attributes":{"name":"circle","cx":373,"cy":333,"r":17},"region_attributes":{"Type":"1","count":"8"}}],"file_attributes":{"date":"2020-11-24","temp":"59","rain":"2","neighborhood":"East Village South","total_count":""}},"https://drive.google.com/uc?export=view&id=18OC-wEsjejglo6IfQOcsQnl27ifgS4KJ\n":{"filename":"https://drive.google.com/uc?export=view&id=18OC-wEsjejglo6IfQOcsQnl27ifgS4KJ\n","size":-1,"regions":[{"shape_attributes":{"name":"circle","cx":136,"cy":170,"r":10.606601717798213},"region_attributes":{"Type":"1","count":"1"}},{"shape_attributes":{"name":"circle","cx":466,"cy":328,"r":12.90348790056394},"region_attributes":{"Type":"2","count":"1"}},{"shape_attributes":{"name":"circle","cx":468,"cy":406,"r":9.7082439194738},"region_attributes":{"Type":"1","count":"4"}},{"shape_attributes":{"name":"circle","cx":452,"cy":458,"r":8.94427190999916},"region_attributes":{"Type":"1","count":"4"}},{"shape_attributes":{"name":"circle","cx":418,"cy":225,"r":9.7082439194738},"region_attributes":{"Type":"1","count":"1"}},{"shape_attributes":{"name":"circle","cx":634,"cy":186,"r":6.946221994724902},"region_attributes":{"Type":"1","count":"1"}},{"shape_attributes":{"name":"circle","cx":646,"cy":180,"r":11.10180165558726},"region_attributes":{"Type":"2","count":"1"}},{"shape_attributes":{"name":"circle","cx":654,"cy":191,"r":9.86154146165801},"region_attributes":{"Type":"3","count":"1"}},{"shape_attributes":{"name":"circle","cx":489,"cy":306,"r":11.313708498984761},"region_attributes":{"Type":"2","count":"1"}},{"shape_attributes":{"name":"circle","cx":500,"cy":450,"r":7.0710678118654755},"region_attributes":{"Type":"2","count":"1"}},{"shape_attributes":{"name":"circle","cx":652,"cy":361,"r":10},"region_attributes":{"Type":"2","count":"3"}},{"shape_attributes":{"name":"circle","cx":626,"cy":400,"r":8.32165848854662},"region_attributes":{"Type":"2","count":"1"}},{"shape_attributes":{"name":"circle","cx":658,"cy":470,"r":11.10180165558726},"region_attributes":{"Type":"1","count":"2"}},{"shape_attributes":{"name":"circle","cx":648,"cy":496,"r":12.103718436910205},"region_attributes":{"Type":"3","count":"1"}},{"shape_attributes":{"name":"circle","cx":681,"cy":460,"r":16.560495161679196},"region_attributes":{"Type":"2","count":"4"}},{"shape_attributes":{"name":"circle","cx":314,"cy":484,"r":16.224980739587952},"region_attributes":{"Type":"1","count":"1"}},{"shape_attributes":{"name":"circle","cx":259,"cy":177,"r":26},"region_attributes":{"Type":"1","count":"1"}},{"shape_attributes":{"name":"circle","cx":338,"cy":157,"r":16},"region_attributes":{"Type":"1","count":"1"}},{"shape_attributes":{"name":"circle","cx":471,"cy":177,"r":16},"region_attributes":{"Type":"1","count":"1"}},{"shape_attributes":{"name":"circle","cx":548,"cy":186,"r":16},"region_attributes":{"Type":"1","count":"1"}},{"shape_attributes":{"name":"circle","cx":599,"cy":237,"r":16},"region_attributes":{"Type":"1","count":"1"}},{"shape_attributes":{"name":"circle","cx":626,"cy":204,"r":16},"region_attributes":{"Type":"1","count":"1"}},{"shape_attributes":{"name":"circle","cx":597,"cy":270,"r":16},"region_attributes":{"Type":"1","count":"1"}},{"shape_attributes":{"name":"circle","cx":561,"cy":301,"r":16},"region_attributes":{"Type":"1","count":"1"}},{"shape_attributes":{"name":"circle","cx":305,"cy":150,"r":16},"region_attributes":{"Type":"1","count":"1"}},{"shape_attributes":{"name":"circle","cx":598,"cy":412,"r":23},"region_attributes":{"Type":"1","count":"1"}},{"shape_attributes":{"name":"circle","cx":570,"cy":423,"r":21},"region_attributes":{"Type":"1","count":"3"}},{"shape_attributes":{"name":"circle","cx":429,"cy":339,"r":15},"region_attributes":{"Type":"1","count":"1"}},{"shape_attributes":{"name":"circle","cx":467,"cy":347,"r":15},"region_attributes":{"Type":"1","count":"1"}},{"shape_attributes":{"name":"circle","cx":588,"cy":484,"r":15},"region_attributes":{"Type":"1","count":"1"}},{"shape_attributes":{"name":"circle","cx":394,"cy":150,"r":15},"region_attributes":{"Type":"1","count":"1"}},{"shape_attributes":{"name":"circle","cx":408,"cy":340,"r":15},"region_attributes":{"Type":"1","count":"1"}},{"shape_attributes":{"name":"circle","cx":435,"cy":178,"r":13},"region_attributes":{"Type":"1","count":"4"}},{"shape_attributes":{"name":"circle","cx":607,"cy":150,"r":18},"region_attributes":{"Type":"2","count":"2"}},{"shape_attributes":{"name":"circle","cx":574,"cy":153,"r":16},"region_attributes":{"Type":"2","count":"4"}},{"shape_attributes":{"name":"circle","cx":604,"cy":178,"r":19},"region_attributes":{"Type":"2","count":"1"}},{"shape_attributes":{"name":"circle","cx":575,"cy":180,"r":14},"region_attributes":{"Type":"1","count":"5"}},{"shape_attributes":{"name":"circle","cx":497,"cy":204,"r":16},"region_attributes":{"Type":"2","count":"1"}},{"shape_attributes":{"name":"circle","cx":459,"cy":248,"r":17},"region_attributes":{"Type":"2","count":"1"}},{"shape_attributes":{"name":"circle","cx":636,"cy":235,"r":13},"region_attributes":{"Type":"2","count":"1"}},{"shape_attributes":{"name":"circle","cx":654,"cy":208,"r":16},"region_attributes":{"Type":"2","count":"5"}},{"shape_attributes":{"name":"circle","cx":654,"cy":266,"r":12},"region_attributes":{"Type":"2","count":"1"}},{"shape_attributes":{"name":"circle","cx":631,"cy":267,"r":18},"region_attributes":{"Type":"1","count":"1"}},{"shape_attributes":{"name":"circle","cx":641,"cy":301,"r":16},"region_attributes":{"Type":"1","count":"3"}},{"shape_attributes":{"name":"circle","cx":357,"cy":282,"r":16},"region_attributes":{"Type":"1","count":"27"}},{"shape_attributes":{"name":"circle","cx":329,"cy":317,"r":18},"region_attributes":{"Type":"1","count":"4"}},{"shape_attributes":{"name":"circle","cx":356,"cy":305,"r":13},"region_attributes":{"Type":"1","count":"8"}},{"shape_attributes":{"name":"circle","cx":366,"cy":324,"r":16},"region_attributes":{"Type":"1","count":"3"}},{"shape_attributes":{"name":"circle","cx":473,"cy":372,"r":18},"region_attributes":{"Type":"1","count":"2"}},{"shape_attributes":{"name":"circle","cx":449,"cy":376,"r":16},"region_attributes":{"Type":"1","count":"2"}},{"shape_attributes":{"name":"circle","cx":660,"cy":341,"r":13},"region_attributes":{"Type":"1","count":"2"}},{"shape_attributes":{"name":"circle","cx":645,"cy":324,"r":23.77},"region_attributes":{"Type":"1","count":"8"}},{"shape_attributes":{"name":"circle","cx":631,"cy":328,"r":11},"region_attributes":{"Type":"2","count":"3"}},{"shape_attributes":{"name":"circle","cx":632,"cy":358,"r":17},"region_attributes":{"Type":"2","count":"3"}},{"shape_attributes":{"name":"circle","cx":659,"cy":403,"r":25},"region_attributes":{"Type":"1","count":"2"}},{"shape_attributes":{"name":"circle","cx":640,"cy":432,"r":17},"region_attributes":{"Type":"1","count":"1"}},{"shape_attributes":{"name":"circle","cx":625,"cy":415,"r":17},"region_attributes":{"Type":"1","count":"2"}},{"shape_attributes":{"name":"circle","cx":549,"cy":454,"r":15},"region_attributes":{"Type":"1","count":"14"}},{"shape_attributes":{"name":"circle","cx":580,"cy":457,"r":21},"region_attributes":{"Type":"1","count":"6"}},{"shape_attributes":{"name":"circle","cx":472,"cy":468,"r":13},"region_attributes":{"Type":"1","count":"10"}},{"shape_attributes":{"name":"circle","cx":435,"cy":445,"r":12},"region_attributes":{"Type":"2","count":"1"}},{"shape_attributes":{"name":"circle","cx":434,"cy":401,"r":19},"region_attributes":{"Type":"2","count":"1"}},{"shape_attributes":{"name":"circle","cx":401,"cy":464,"r":18},"region_attributes":{"Type":"1","count":"3"}},{"shape_attributes":{"name":"circle","cx":436,"cy":469,"r":13},"region_attributes":{"Type":"1","count":"3"}},{"shape_attributes":{"name":"circle","cx":436,"cy":492,"r":13},"region_attributes":{"Type":"2","count":"9"}},{"shape_attributes":{"name":"circle","cx":461,"cy":494,"r":15},"region_attributes":{"Type":"2","count":"1"}}],"file_attributes":{"date":"2020-12-29","temp":"53","rain":"2","neighborhood":"East Village South","total_count":""}}},"_via_attributes":{"region":{"Type":{"type":"dropdown","description":"","options":{"1":"Individual","2":"Structure","3":"Vehicle"},"default_options":{}},"count":{"type":"text","description":"","default_value":""}},"file":{"date":{"type":"text","description":"","default_value":""},"temp":{"type":"text","description":"","default_value":""},"rain":{"type":"dropdown","description":"","options":{"1":"rain","2":"clear"},"default_options":{"2":true}},"neighborhood":{"type":"text","description":"","default_value":"East Village South"},"total_count":{"type":"text","description":"","default_value":""}}},"_via_data_format_version":"2.0.10","_via_image_id_list":["https://drive.google.com/uc?export=view&id=1tpbGnwWhz72qXUuPe0z_UWSoSx8V_pd7\n","https://drive.google.com/uc?export=view&id=166AZTAzTEvxVS1ygg77s-4GjsBn31Pst\n","https://drive.google.com/uc?export=view&id=1ipRjN1IMO8oMT0lLCy1q4mbSLgN7ARMC\n","https://drive.google.com/uc?export=view&id=1MA9rrb-kQLwzhqnGMns4HjzaAxrA2cyp\n","https://drive.google.com/uc?export=view&id=1k_RODyEeldinCz_T-NrtrdUD4LcCJHME\n","https://drive.google.com/uc?export=view&id=1FHFOrbE1s7OY-7gdemJJZBkRhqQrcExx\n","https://drive.google.com/uc?export=view&id=1_Ku4FaybtgRAlG4WE6P57v_gOxdufK-B\n","https://drive.google.com/uc?export=view&id=1lgU5SFxtVA2LwMnBXX0czjAnUZmWlcZv\n","https://drive.google.com/uc?export=view&id=1N5wkOxHJNZae5yRTbZA7H5KFBYfpgHrW\n","https://drive.google.com/uc?export=view&id=1L0qzDwghqgL1VNpUklkLKvNq_NlhdV53\n","https://drive.google.com/uc?export=view&id=15n8926qbueHx58Qenj93VlvSAmQND8vb\n","https://drive.google.com/uc?export=view&id=18OC-wEsjejglo6IfQOcsQnl27ifgS4KJ\n"]}