{"_via_settings":{"ui":{"annotation_editor_height":25,"annotation_editor_fontsize":0.8,"leftsidebar_width":18,"image_grid":{"img_height":80,"rshape_fill":"none","rshape_fill_opacity":0.3,"rshape_stroke":"yellow","rshape_stroke_width":2,"show_region_shape":true,"show_image_policy":"all"},"image":{"region_label":"__via_region_id__","region_color":"__via_default_region_color__","region_label_font":"10px Sans","on_image_annotation_editor_placement":"NEAR_REGION"}},"core":{"buffer_size":18,"filepath":{},"default_filepath":""},"project":{"name":"East Village_2019_count"}},"_via_img_metadata":{"https://drive.google.com/uc?export=view&id=1LQ_PRKI0k0LimFVuGAI_wEfuiJq6c6Yn\n":{"filename":"https://drive.google.com/uc?export=view&id=1LQ_PRKI0k0LimFVuGAI_wEfuiJq6c6Yn\n","size":-1,"regions":[{"shape_attributes":{"name":"circle","cx":111,"cy":292,"r":8.559},"region_attributes":{"Type":"2","count":"1"}},{"shape_attributes":{"name":"circle","cx":113,"cy":317,"r":8.559},"region_attributes":{"Type":"1","count":"11"}},{"shape_attributes":{"name":"circle","cx":137,"cy":291,"r":8.559},"region_attributes":{"Type":"1","count":"7"}},{"shape_attributes":{"name":"circle","cx":138,"cy":318,"r":8.559},"region_attributes":{"Type":"2","count":"1"}},{"shape_attributes":{"name":"circle","cx":127,"cy":327,"r":8.559},"region_attributes":{"Type":"1","count":"3"}},{"shape_attributes":{"name":"circle","cx":163,"cy":289,"r":8.559},"region_attributes":{"Type":"1","count":"11"}},{"shape_attributes":{"name":"circle","cx":161,"cy":319,"r":8.559},"region_attributes":{"Type":"2","count":"3"}},{"shape_attributes":{"name":"circle","cx":174,"cy":328,"r":8.559},"region_attributes":{"Type":"2","count":"1"}},{"shape_attributes":{"name":"circle","cx":188,"cy":326,"r":8.559},"region_attributes":{"Type":"1","count":"1"}},{"shape_attributes":{"name":"circle","cx":189,"cy":307,"r":8.559},"region_attributes":{"Type":"2","count":"5"}},{"shape_attributes":{"name":"circle","cx":188,"cy":286,"r":8.559},"region_attributes":{"Type":"1","count":"4"}},{"shape_attributes":{"name":"circle","cx":211,"cy":299,"r":8.559},"region_attributes":{"Type":"2","count":"1"}},{"shape_attributes":{"name":"circle","cx":212,"cy":320,"r":8.559},"region_attributes":{"Type":"1","count":"3"}},{"shape_attributes":{"name":"circle","cx":317,"cy":308,"r":12.093},"region_attributes":{"Type":"1","count":"4"}},{"shape_attributes":{"name":"circle","cx":338,"cy":300,"r":8.559},"region_attributes":{"Type":"1","count":"1"}},{"shape_attributes":{"name":"circle","cx":172,"cy":357,"r":8.559},"region_attributes":{"Type":"1","count":"3"}},{"shape_attributes":{"name":"circle","cx":163,"cy":379,"r":8.559},"region_attributes":{"Type":"1","count":"4"}},{"shape_attributes":{"name":"circle","cx":185,"cy":376,"r":8.559},"region_attributes":{"Type":"1","count":"1"}},{"shape_attributes":{"name":"circle","cx":212,"cy":376,"r":8.559},"region_attributes":{"Type":"1","count":"1"}},{"shape_attributes":{"name":"circle","cx":85,"cy":445,"r":8.559},"region_attributes":{"Type":"1","count":"1"}},{"shape_attributes":{"name":"circle","cx":226,"cy":430,"r":8.559},"region_attributes":{"Type":"1","count":"1"}},{"shape_attributes":{"name":"circle","cx":212,"cy":440,"r":8.559},"region_attributes":{"Type":"1","count":"4"}},{"shape_attributes":{"name":"circle","cx":238,"cy":450,"r":8.559},"region_attributes":{"Type":"1","count":"1"}},{"shape_attributes":{"name":"circle","cx":209,"cy":461,"r":8.559},"region_attributes":{"Type":"2","count":"2"}},{"shape_attributes":{"name":"circle","cx":269,"cy":426,"r":8.559},"region_attributes":{"Type":"2","count":"1"}},{"shape_attributes":{"name":"circle","cx":285,"cy":430,"r":8.559},"region_attributes":{"Type":"1","count":"3"}},{"shape_attributes":{"name":"circle","cx":287,"cy":454,"r":8.559},"region_attributes":{"Type":"1","count":"6"}},{"shape_attributes":{"name":"circle","cx":376,"cy":469,"r":8.559},"region_attributes":{"Type":"1","count":"2"}},{"shape_attributes":{"name":"circle","cx":363,"cy":455,"r":8.559},"region_attributes":{"Type":"1","count":"8"}},{"shape_attributes":{"name":"circle","cx":375,"cy":355,"r":8.559},"region_attributes":{"Type":"1","count":"2"}},{"shape_attributes":{"name":"circle","cx":391,"cy":242,"r":8.559},"region_attributes":{"Type":"2","count":"1"}},{"shape_attributes":{"name":"circle","cx":417,"cy":139,"r":8.559},"region_attributes":{"Type":"1","count":"1"}},{"shape_attributes":{"name":"circle","cx":417,"cy":235,"r":8.559},"region_attributes":{"Type":"1","count":"2"}},{"shape_attributes":{"name":"circle","cx":415,"cy":366,"r":8.559},"region_attributes":{"Type":"1","count":"1"}},{"shape_attributes":{"name":"circle","cx":425,"cy":400,"r":8.559},"region_attributes":{"Type":"2","count":"2"}},{"shape_attributes":{"name":"circle","cx":441,"cy":393,"r":8.559},"region_attributes":{"Type":"1","count":"3"}},{"shape_attributes":{"name":"circle","cx":475,"cy":469,"r":8.559},"region_attributes":{"Type":"1","count":"1"}},{"shape_attributes":{"name":"circle","cx":555,"cy":425,"r":8.559},"region_attributes":{"Type":"2","count":"4"}},{"shape_attributes":{"name":"circle","cx":571,"cy":429,"r":8.559},"region_attributes":{"Type":"1","count":"4"}},{"shape_attributes":{"name":"circle","cx":602,"cy":469,"r":8.559},"region_attributes":{"Type":"1","count":"1"}},{"shape_attributes":{"name":"circle","cx":617,"cy":355,"r":8.559},"region_attributes":{"Type":"1","count":"1"}},{"shape_attributes":{"name":"circle","cx":561,"cy":402,"r":8.559},"region_attributes":{"Type":"1","count":"1"}},{"shape_attributes":{"name":"circle","cx":574,"cy":392,"r":8.559},"region_attributes":{"Type":"2","count":"2"}},{"shape_attributes":{"name":"circle","cx":578,"cy":371,"r":8.559},"region_attributes":{"Type":"1","count":"3"}},{"shape_attributes":{"name":"circle","cx":576,"cy":356,"r":8.559},"region_attributes":{"Type":"2","count":"1"}},{"shape_attributes":{"name":"circle","cx":551,"cy":367,"r":8.559},"region_attributes":{"Type":"2","count":"1"}},{"shape_attributes":{"name":"circle","cx":554,"cy":247,"r":8.559},"region_attributes":{"Type":"1","count":"2"}},{"shape_attributes":{"name":"circle","cx":551,"cy":219,"r":8.559},"region_attributes":{"Type":"2","count":"1"}},{"shape_attributes":{"name":"circle","cx":613,"cy":143,"r":8.559},"region_attributes":{"Type":"1","count":"1"}},{"shape_attributes":{"name":"circle","cx":645,"cy":155,"r":8.559},"region_attributes":{"Type":"1","count":"1"}}],"file_attributes":{"date":"2019-01-31","temp":"55","rain":"2","neighborhood":"East Village","total_count":""}},"https://drive.google.com/uc?export=view&id=1MisQCJiDe2LpfZ-LlgGuRVVkAYNMiYjQ\n":{"filename":"https://drive.google.com/uc?export=view&id=1MisQCJiDe2LpfZ-LlgGuRVVkAYNMiYjQ\n","size":-1,"regions":[{"shape_attributes":{"name":"circle","cx":119,"cy":303,"r":8.559},"region_attributes":{"Type":"1","count":"2"}},{"shape_attributes":{"name":"circle","cx":93,"cy":392,"r":8.559},"region_attributes":{"Type":"1","count":"2"}},{"shape_attributes":{"name":"circle","cx":143,"cy":282,"r":8.559},"region_attributes":{"Type":"2","count":"1"}},{"shape_attributes":{"name":"circle","cx":167,"cy":280,"r":8.559},"region_attributes":{"Type":"1","count":"14"}},{"shape_attributes":{"name":"circle","cx":141,"cy":317,"r":8.559},"region_attributes":{"Type":"1","count":"2"}},{"shape_attributes":{"name":"circle","cx":152,"cy":323,"r":8.559},"region_attributes":{"Type":"1","count":"3"}},{"shape_attributes":{"name":"circle","cx":169,"cy":318,"r":8.559},"region_attributes":{"Type":"2","count":"1"}},{"shape_attributes":{"name":"circle","cx":154,"cy":351,"r":8.559},"region_attributes":{"Type":"2","count":"1"}},{"shape_attributes":{"name":"circle","cx":197,"cy":280,"r":8.559},"region_attributes":{"Type":"1","count":"10"}},{"shape_attributes":{"name":"circle","cx":192,"cy":317,"r":8.559},"region_attributes":{"Type":"2","count":"1"}},{"shape_attributes":{"name":"circle","cx":219,"cy":281,"r":8.559},"region_attributes":{"Type":"1","count":"5"}},{"shape_attributes":{"name":"circle","cx":220,"cy":314,"r":8.559},"region_attributes":{"Type":"2","count":"4"}},{"shape_attributes":{"name":"circle","cx":217,"cy":379,"r":8.559},"region_attributes":{"Type":"1","count":"21"}},{"shape_attributes":{"name":"circle","cx":246,"cy":393,"r":8.559},"region_attributes":{"Type":"1","count":"3"}},{"shape_attributes":{"name":"circle","cx":256,"cy":422,"r":8.559},"region_attributes":{"Type":"2","count":"1"}},{"shape_attributes":{"name":"circle","cx":243,"cy":443,"r":8.559},"region_attributes":{"Type":"2","count":"1"}},{"shape_attributes":{"name":"circle","cx":246,"cy":469,"r":8.559},"region_attributes":{"Type":"1","count":"4"}},{"shape_attributes":{"name":"circle","cx":308,"cy":421,"r":8.559},"region_attributes":{"Type":"2","count":"4"}},{"shape_attributes":{"name":"circle","cx":319,"cy":438,"r":8.559},"region_attributes":{"Type":"1","count":"5"}},{"shape_attributes":{"name":"circle","cx":322,"cy":462,"r":8.559},"region_attributes":{"Type":"2","count":"1"}},{"shape_attributes":{"name":"circle","cx":296,"cy":465,"r":8.559},"region_attributes":{"Type":"1","count":"1"}},{"shape_attributes":{"name":"circle","cx":396,"cy":454,"r":8.559},"region_attributes":{"Type":"2","count":"1"}},{"shape_attributes":{"name":"circle","cx":400,"cy":424,"r":8.559},"region_attributes":{"Type":"1","count":"16"}},{"shape_attributes":{"name":"circle","cx":422,"cy":238,"r":8.559},"region_attributes":{"Type":"2","count":"4"}},{"shape_attributes":{"name":"circle","cx":422,"cy":215,"r":8.559},"region_attributes":{"Type":"1","count":"5"}},{"shape_attributes":{"name":"circle","cx":421,"cy":165,"r":8.559},"region_attributes":{"Type":"1","count":"1"}},{"shape_attributes":{"name":"circle","cx":461,"cy":180,"r":8.559},"region_attributes":{"Type":"1","count":"1"}},{"shape_attributes":{"name":"circle","cx":450,"cy":214,"r":8.559},"region_attributes":{"Type":"1","count":"3"}},{"shape_attributes":{"name":"circle","cx":449,"cy":242,"r":8.559},"region_attributes":{"Type":"2","count":"2"}},{"shape_attributes":{"name":"circle","cx":455,"cy":335,"r":8.559},"region_attributes":{"Type":"3","count":"1"}},{"shape_attributes":{"name":"circle","cx":449,"cy":357,"r":8.559},"region_attributes":{"Type":"1","count":"6"}},{"shape_attributes":{"name":"circle","cx":447,"cy":386,"r":8.559},"region_attributes":{"Type":"2","count":"4"}},{"shape_attributes":{"name":"circle","cx":583,"cy":447,"r":8.559},"region_attributes":{"Type":"2","count":"2"}},{"shape_attributes":{"name":"circle","cx":598,"cy":423,"r":8.559},"region_attributes":{"Type":"1","count":"1"}},{"shape_attributes":{"name":"circle","cx":557,"cy":396,"r":8.559},"region_attributes":{"Type":"1","count":"1"}},{"shape_attributes":{"name":"circle","cx":570,"cy":374,"r":8.559},"region_attributes":{"Type":"3","count":"1"}},{"shape_attributes":{"name":"circle","cx":584,"cy":388,"r":8.559},"region_attributes":{"Type":"2","count":"2"}},{"shape_attributes":{"name":"circle","cx":600,"cy":351,"r":8.559},"region_attributes":{"Type":"1","count":"2"}},{"shape_attributes":{"name":"circle","cx":588,"cy":233,"r":8.559},"region_attributes":{"Type":"1","count":"4"}},{"shape_attributes":{"name":"circle","cx":685,"cy":442,"r":8.559},"region_attributes":{"Type":"1","count":"1"}},{"shape_attributes":{"name":"circle","cx":676,"cy":285,"r":8.559},"region_attributes":{"Type":"1","count":"1"}},{"shape_attributes":{"name":"circle","cx":678,"cy":179,"r":8.559},"region_attributes":{"Type":"1","count":"2"}},{"shape_attributes":{"name":"circle","cx":679,"cy":143,"r":8.559},"region_attributes":{"Type":"3","count":"1"}}],"file_attributes":{"date":"2019-02-27","temp":"55","rain":"2","neighborhood":"East Village","total_count":""}},"https://drive.google.com/uc?export=view&id=1Jf_LL8gBgCUjvVw55aLLidO0D7zXIzC7\n":{"filename":"https://drive.google.com/uc?export=view&id=1Jf_LL8gBgCUjvVw55aLLidO0D7zXIzC7\n","size":-1,"regions":[{"shape_attributes":{"name":"circle","cx":88,"cy":429,"r":8.559},"region_attributes":{"Type":"1","count":"1"}},{"shape_attributes":{"name":"circle","cx":110,"cy":425,"r":8.559},"region_attributes":{"Type":"1","count":"2"}},{"shape_attributes":{"name":"circle","cx":116,"cy":457,"r":8.559},"region_attributes":{"Type":"1","count":"1"}},{"shape_attributes":{"name":"circle","cx":88,"cy":297,"r":8.559},"region_attributes":{"Type":"1","count":"1"}},{"shape_attributes":{"name":"circle","cx":114,"cy":296,"r":8.559},"region_attributes":{"Type":"1","count":"4"}},{"shape_attributes":{"name":"circle","cx":142,"cy":288,"r":8.559},"region_attributes":{"Type":"1","count":"1"}},{"shape_attributes":{"name":"circle","cx":138,"cy":305,"r":8.559},"region_attributes":{"Type":"2","count":"1"}},{"shape_attributes":{"name":"circle","cx":138,"cy":324,"r":8.559},"region_attributes":{"Type":"1","count":"4"}},{"shape_attributes":{"name":"circle","cx":154,"cy":325,"r":8.559},"region_attributes":{"Type":"2","count":"2"}},{"shape_attributes":{"name":"circle","cx":163,"cy":299,"r":8.559},"region_attributes":{"Type":"1","count":"13"}},{"shape_attributes":{"name":"circle","cx":191,"cy":285,"r":8.559},"region_attributes":{"Type":"1","count":"8"}},{"shape_attributes":{"name":"circle","cx":190,"cy":308,"r":8.559},"region_attributes":{"Type":"2","count":"2"}},{"shape_attributes":{"name":"circle","cx":199,"cy":323,"r":8.559},"region_attributes":{"Type":"2","count":"1"}},{"shape_attributes":{"name":"circle","cx":216,"cy":308,"r":8.559},"region_attributes":{"Type":"2","count":"3"}},{"shape_attributes":{"name":"circle","cx":214,"cy":286,"r":8.559},"region_attributes":{"Type":"1","count":"5"}},{"shape_attributes":{"name":"circle","cx":202,"cy":353,"r":8.559},"region_attributes":{"Type":"1","count":"2"}},{"shape_attributes":{"name":"circle","cx":189,"cy":362,"r":8.559},"region_attributes":{"Type":"1","count":"1"}},{"shape_attributes":{"name":"circle","cx":215,"cy":366,"r":8.559},"region_attributes":{"Type":"1","count":"2"}},{"shape_attributes":{"name":"circle","cx":190,"cy":381,"r":8.559},"region_attributes":{"Type":"2","count":"1"}},{"shape_attributes":{"name":"circle","cx":218,"cy":385,"r":8.559},"region_attributes":{"Type":"2","count":"1"}},{"shape_attributes":{"name":"circle","cx":244,"cy":422,"r":8.559},"region_attributes":{"Type":"1","count":"1"}},{"shape_attributes":{"name":"circle","cx":260,"cy":422,"r":8.559},"region_attributes":{"Type":"2","count":"3"}},{"shape_attributes":{"name":"circle","cx":240,"cy":437,"r":8.559},"region_attributes":{"Type":"2","count":"1"}},{"shape_attributes":{"name":"circle","cx":267,"cy":447,"r":8.559},"region_attributes":{"Type":"1","count":"2"}},{"shape_attributes":{"name":"circle","cx":240,"cy":462,"r":8.559},"region_attributes":{"Type":"1","count":"3"}},{"shape_attributes":{"name":"circle","cx":317,"cy":425,"r":8.559},"region_attributes":{"Type":"1","count":"1"}},{"shape_attributes":{"name":"circle","cx":315,"cy":354,"r":8.559},"region_attributes":{"Type":"1","count":"2"}},{"shape_attributes":{"name":"circle","cx":344,"cy":283,"r":8.559},"region_attributes":{"Type":"1","count":"3"}},{"shape_attributes":{"name":"circle","cx":444,"cy":213,"r":8.559},"region_attributes":{"Type":"1","count":"2"}},{"shape_attributes":{"name":"circle","cx":443,"cy":237,"r":8.559},"region_attributes":{"Type":"2","count":"3"}},{"shape_attributes":{"name":"circle","cx":462,"cy":250,"r":8.559},"region_attributes":{"Type":"1","count":"2"}},{"shape_attributes":{"name":"circle","cx":452,"cy":266,"r":8.559},"region_attributes":{"Type":"3","count":"1"}},{"shape_attributes":{"name":"circle","cx":443,"cy":294,"r":8.559},"region_attributes":{"Type":"2","count":"3"}},{"shape_attributes":{"name":"circle","cx":445,"cy":319,"r":8.559},"region_attributes":{"Type":"1","count":"1"}},{"shape_attributes":{"name":"circle","cx":444,"cy":351,"r":8.559},"region_attributes":{"Type":"1","count":"2"}},{"shape_attributes":{"name":"circle","cx":469,"cy":371,"r":8.559},"region_attributes":{"Type":"1","count":"2"}},{"shape_attributes":{"name":"circle","cx":442,"cy":376,"r":8.559},"region_attributes":{"Type":"2","count":"3"}},{"shape_attributes":{"name":"circle","cx":467,"cy":398,"r":8.559},"region_attributes":{"Type":"2","count":"1"}},{"shape_attributes":{"name":"circle","cx":445,"cy":395,"r":8.559},"region_attributes":{"Type":"1","count":"2"}},{"shape_attributes":{"name":"circle","cx":395,"cy":445,"r":8.559},"region_attributes":{"Type":"1","count":"10"}},{"shape_attributes":{"name":"circle","cx":408,"cy":467,"r":8.559},"region_attributes":{"Type":"1","count":"1"}},{"shape_attributes":{"name":"circle","cx":493,"cy":446,"r":8.559},"region_attributes":{"Type":"2","count":"1"}},{"shape_attributes":{"name":"circle","cx":508,"cy":393,"r":8.559},"region_attributes":{"Type":"1","count":"1"}},{"shape_attributes":{"name":"circle","cx":557,"cy":383,"r":8.559},"region_attributes":{"Type":"1","count":"1"}},{"shape_attributes":{"name":"circle","cx":580,"cy":441,"r":8.559},"region_attributes":{"Type":"1","count":"1"}},{"shape_attributes":{"name":"circle","cx":596,"cy":425,"r":8.559},"region_attributes":{"Type":"2","count":"2"}},{"shape_attributes":{"name":"circle","cx":580,"cy":360,"r":8.559},"region_attributes":{"Type":"2","count":"1"}},{"shape_attributes":{"name":"circle","cx":592,"cy":395,"r":8.559},"region_attributes":{"Type":"2","count":"2"}},{"shape_attributes":{"name":"circle","cx":607,"cy":396,"r":8.559},"region_attributes":{"Type":"1","count":"1"}},{"shape_attributes":{"name":"circle","cx":606,"cy":353,"r":8.559},"region_attributes":{"Type":"1","count":"2"}},{"shape_attributes":{"name":"circle","cx":646,"cy":348,"r":8.559},"region_attributes":{"Type":"2","count":"1"}},{"shape_attributes":{"name":"circle","cx":673,"cy":174,"r":8.559},"region_attributes":{"Type":"2","count":"1"}},{"shape_attributes":{"name":"circle","cx":674,"cy":151,"r":8.559},"region_attributes":{"Type":"3","count":"1"}}],"file_attributes":{"date":"2019-03-01","temp":"","rain":"2","neighborhood":"East Village","total_count":""}},"https://drive.google.com/uc?export=view&id=1wol81xePB0Akl-6boE0wPYy5CI2J5rw4\n":{"filename":"https://drive.google.com/uc?export=view&id=1wol81xePB0Akl-6boE0wPYy5CI2J5rw4\n","size":-1,"regions":[{"shape_attributes":{"name":"circle","cx":689,"cy":461,"r":8.559},"region_attributes":{"Type":"2","count":"1"}},{"shape_attributes":{"name":"circle","cx":687,"cy":438,"r":8.559},"region_attributes":{"Type":"1","count":"1"}},{"shape_attributes":{"name":"circle","cx":644,"cy":360,"r":8.559},"region_attributes":{"Type":"1","count":"2"}},{"shape_attributes":{"name":"circle","cx":684,"cy":176,"r":8.559},"region_attributes":{"Type":"3","count":"1"}},{"shape_attributes":{"name":"circle","cx":685,"cy":155,"r":8.559},"region_attributes":{"Type":"1","count":"1"}},{"shape_attributes":{"name":"circle","cx":609,"cy":432,"r":8.559},"region_attributes":{"Type":"2","count":"1"}},{"shape_attributes":{"name":"circle","cx":606,"cy":401,"r":8.559},"region_attributes":{"Type":"2","count":"3"}},{"shape_attributes":{"name":"circle","cx":598,"cy":391,"r":8.559},"region_attributes":{"Type":"1","count":"2"}},{"shape_attributes":{"name":"circle","cx":590,"cy":400,"r":8.559},"region_attributes":{"Type":"1","count":"2"}},{"shape_attributes":{"name":"circle","cx":616,"cy":389,"r":8.559},"region_attributes":{"Type":"2","count":"1"}},{"shape_attributes":{"name":"circle","cx":588,"cy":364,"r":8.559},"region_attributes":{"Type":"2","count":"2"}},{"shape_attributes":{"name":"circle","cx":617,"cy":371,"r":8.559},"region_attributes":{"Type":"1","count":"1"}},{"shape_attributes":{"name":"circle","cx":610,"cy":359,"r":8.559},"region_attributes":{"Type":"1","count":"1"}},{"shape_attributes":{"name":"circle","cx":615,"cy":327,"r":8.559},"region_attributes":{"Type":"1","count":"2"}},{"shape_attributes":{"name":"circle","cx":590,"cy":327,"r":8.559},"region_attributes":{"Type":"1","count":"2"}},{"shape_attributes":{"name":"circle","cx":473,"cy":403,"r":8.559},"region_attributes":{"Type":"1","count":"4"}},{"shape_attributes":{"name":"circle","cx":454,"cy":406,"r":8.559},"region_attributes":{"Type":"2","count":"5"}},{"shape_attributes":{"name":"circle","cx":452,"cy":380,"r":8.559},"region_attributes":{"Type":"1","count":"16"}},{"shape_attributes":{"name":"circle","cx":450,"cy":360,"r":8.559},"region_attributes":{"Type":"2","count":"5"}},{"shape_attributes":{"name":"circle","cx":454,"cy":250,"r":8.559},"region_attributes":{"Type":"1","count":"3"}},{"shape_attributes":{"name":"circle","cx":451,"cy":218,"r":8.559},"region_attributes":{"Type":"1","count":"2"}},{"shape_attributes":{"name":"circle","cx":429,"cy":237,"r":8.559},"region_attributes":{"Type":"1","count":"1"}},{"shape_attributes":{"name":"circle","cx":465,"cy":205,"r":8.559},"region_attributes":{"Type":"3","count":"1"}},{"shape_attributes":{"name":"circle","cx":480,"cy":182,"r":8.559},"region_attributes":{"Type":"1","count":"1"}},{"shape_attributes":{"name":"circle","cx":414,"cy":475,"r":8.559},"region_attributes":{"Type":"1","count":"7"}},{"shape_attributes":{"name":"circle","cx":400,"cy":468,"r":8.559},"region_attributes":{"Type":"1","count":"1"}},{"shape_attributes":{"name":"circle","cx":324,"cy":463,"r":8.559},"region_attributes":{"Type":"1","count":"1"}},{"shape_attributes":{"name":"circle","cx":310,"cy":434,"r":8.559},"region_attributes":{"Type":"1","count":"1"}},{"shape_attributes":{"name":"circle","cx":274,"cy":460,"r":8.559},"region_attributes":{"Type":"1","count":"1"}},{"shape_attributes":{"name":"circle","cx":270,"cy":431,"r":8.559},"region_attributes":{"Type":"1","count":"2"}},{"shape_attributes":{"name":"circle","cx":248,"cy":461,"r":8.559},"region_attributes":{"Type":"1","count":"5"}},{"shape_attributes":{"name":"circle","cx":253,"cy":430,"r":8.559},"region_attributes":{"Type":"1","count":"3"}},{"shape_attributes":{"name":"circle","cx":124,"cy":439,"r":8.559},"region_attributes":{"Type":"1","count":"1"}},{"shape_attributes":{"name":"circle","cx":97,"cy":473,"r":8.559},"region_attributes":{"Type":"1","count":"1"}},{"shape_attributes":{"name":"circle","cx":174,"cy":380,"r":8.559},"region_attributes":{"Type":"1","count":"1"}},{"shape_attributes":{"name":"circle","cx":197,"cy":390,"r":8.559},"region_attributes":{"Type":"2","count":"1"}},{"shape_attributes":{"name":"circle","cx":213,"cy":403,"r":8.559},"region_attributes":{"Type":"2","count":"1"}},{"shape_attributes":{"name":"circle","cx":223,"cy":381,"r":8.559},"region_attributes":{"Type":"1","count":"2"}},{"shape_attributes":{"name":"circle","cx":199,"cy":365,"r":8.559},"region_attributes":{"Type":"1","count":"3"}},{"shape_attributes":{"name":"circle","cx":214,"cy":361,"r":8.559},"region_attributes":{"Type":"1","count":"4"}},{"shape_attributes":{"name":"circle","cx":352,"cy":292,"r":8.559},"region_attributes":{"Type":"1","count":"3"}},{"shape_attributes":{"name":"circle","cx":236,"cy":309,"r":8.559},"region_attributes":{"Type":"3","count":"1"}},{"shape_attributes":{"name":"circle","cx":146,"cy":293,"r":8.559},"region_attributes":{"Type":"1","count":"8"}},{"shape_attributes":{"name":"circle","cx":146,"cy":314,"r":8.559},"region_attributes":{"Type":"2","count":"2"}},{"shape_attributes":{"name":"circle","cx":151,"cy":335,"r":8.559},"region_attributes":{"Type":"1","count":"2"}},{"shape_attributes":{"name":"circle","cx":165,"cy":334,"r":10.7},"region_attributes":{"Type":"2","count":"1"}},{"shape_attributes":{"name":"circle","cx":174,"cy":326,"r":8.559},"region_attributes":{"Type":"1","count":"8"}},{"shape_attributes":{"name":"circle","cx":175,"cy":300,"r":8.559},"region_attributes":{"Type":"2","count":"2"}},{"shape_attributes":{"name":"circle","cx":199,"cy":296,"r":8.559},"region_attributes":{"Type":"2","count":"4"}},{"shape_attributes":{"name":"circle","cx":200,"cy":322,"r":8.559},"region_attributes":{"Type":"1","count":"14"}},{"shape_attributes":{"name":"circle","cx":217,"cy":334,"r":8.559},"region_attributes":{"Type":"1","count":"1"}},{"shape_attributes":{"name":"circle","cx":227,"cy":322,"r":8.062},"region_attributes":{"Type":"2","count":"4"}},{"shape_attributes":{"name":"circle","cx":225,"cy":295,"r":8.559},"region_attributes":{"Type":"1","count":"2"}}],"file_attributes":{"date":"2019-04-25","temp":"59","rain":"2","neighborhood":"East Village","total_count":""}},"https://drive.google.com/uc?export=view&id=1nV2LyKCyUSpAsGk6xkbQ87lVkUlj_OPQ\n":{"filename":"https://drive.google.com/uc?export=view&id=1nV2LyKCyUSpAsGk6xkbQ87lVkUlj_OPQ\n","size":-1,"regions":[{"shape_attributes":{"name":"circle","cx":90,"cy":308,"r":8.559},"region_attributes":{"Type":"1","count":"1"}},{"shape_attributes":{"name":"circle","cx":113,"cy":452,"r":8.559},"region_attributes":{"Type":"1","count":"1"}},{"shape_attributes":{"name":"circle","cx":153,"cy":290,"r":8.559},"region_attributes":{"Type":"1","count":"1"}},{"shape_attributes":{"name":"circle","cx":139,"cy":302,"r":8.559},"region_attributes":{"Type":"2","count":"2"}},{"shape_attributes":{"name":"circle","cx":167,"cy":301,"r":8.559},"region_attributes":{"Type":"2","count":"4"}},{"shape_attributes":{"name":"circle","cx":140,"cy":325,"r":8.559},"region_attributes":{"Type":"1","count":"3"}},{"shape_attributes":{"name":"circle","cx":153,"cy":334,"r":8.559},"region_attributes":{"Type":"2","count":"1"}},{"shape_attributes":{"name":"circle","cx":218,"cy":290,"r":8.559},"region_attributes":{"Type":"1","count":"1"}},{"shape_attributes":{"name":"circle","cx":191,"cy":305,"r":8.559},"region_attributes":{"Type":"2","count":"8"}},{"shape_attributes":{"name":"circle","cx":217,"cy":312,"r":8.559},"region_attributes":{"Type":"2","count":"4"}},{"shape_attributes":{"name":"circle","cx":192,"cy":328,"r":8.559},"region_attributes":{"Type":"1","count":"3"}},{"shape_attributes":{"name":"circle","cx":209,"cy":334,"r":8.559},"region_attributes":{"Type":"2","count":"10"}},{"shape_attributes":{"name":"circle","cx":244,"cy":309,"r":8.559},"region_attributes":{"Type":"2","count":"1"}},{"shape_attributes":{"name":"circle","cx":205,"cy":360,"r":8.559},"region_attributes":{"Type":"1","count":"2"}},{"shape_attributes":{"name":"circle","cx":192,"cy":374,"r":8.559},"region_attributes":{"Type":"1","count":"3"}},{"shape_attributes":{"name":"circle","cx":189,"cy":396,"r":8.559},"region_attributes":{"Type":"2","count":"1"}},{"shape_attributes":{"name":"circle","cx":215,"cy":386,"r":8.559},"region_attributes":{"Type":"1","count":"2"}},{"shape_attributes":{"name":"circle","cx":204,"cy":433,"r":8.559},"region_attributes":{"Type":"1","count":"1"}},{"shape_attributes":{"name":"circle","cx":241,"cy":390,"r":8.559},"region_attributes":{"Type":"1","count":"1"}},{"shape_attributes":{"name":"circle","cx":241,"cy":405,"r":8.559},"region_attributes":{"Type":"2","count":"1"}},{"shape_attributes":{"name":"circle","cx":240,"cy":437,"r":8.559},"region_attributes":{"Type":"1","count":"1"}},{"shape_attributes":{"name":"circle","cx":257,"cy":433,"r":8.559},"region_attributes":{"Type":"2","count":"4"}},{"shape_attributes":{"name":"circle","cx":240,"cy":455,"r":8.559},"region_attributes":{"Type":"2","count":"1"}},{"shape_attributes":{"name":"circle","cx":242,"cy":474,"r":8.559},"region_attributes":{"Type":"1","count":"3"}},{"shape_attributes":{"name":"circle","cx":268,"cy":469,"r":8.559},"region_attributes":{"Type":"1","count":"1"}},{"shape_attributes":{"name":"circle","cx":298,"cy":311,"r":8.559},"region_attributes":{"Type":"1","count":"1"}},{"shape_attributes":{"name":"circle","cx":318,"cy":376,"r":8.559},"region_attributes":{"Type":"1","count":"1"}},{"shape_attributes":{"name":"circle","cx":307,"cy":433,"r":8.559},"region_attributes":{"Type":"2","count":"1"}},{"shape_attributes":{"name":"circle","cx":292,"cy":453,"r":8.559},"region_attributes":{"Type":"1","count":"5"}},{"shape_attributes":{"name":"circle","cx":368,"cy":291,"r":8.559},"region_attributes":{"Type":"1","count":"1"}},{"shape_attributes":{"name":"circle","cx":368,"cy":381,"r":8.559},"region_attributes":{"Type":"1","count":"2"}},{"shape_attributes":{"name":"circle","cx":396,"cy":444,"r":8.559},"region_attributes":{"Type":"1","count":"3"}},{"shape_attributes":{"name":"circle","cx":403,"cy":476,"r":8.559},"region_attributes":{"Type":"1","count":"1"}},{"shape_attributes":{"name":"circle","cx":395,"cy":167,"r":8.559},"region_attributes":{"Type":"1","count":"1"}},{"shape_attributes":{"name":"circle","cx":421,"cy":153,"r":8.559},"region_attributes":{"Type":"1","count":"1"}},{"shape_attributes":{"name":"circle","cx":420,"cy":174,"r":8.559},"region_attributes":{"Type":"2","count":"1"}},{"shape_attributes":{"name":"circle","cx":445,"cy":168,"r":8.559},"region_attributes":{"Type":"1","count":"1"}},{"shape_attributes":{"name":"circle","cx":456,"cy":272,"r":8.559},"region_attributes":{"Type":"3","count":"1"}},{"shape_attributes":{"name":"circle","cx":445,"cy":376,"r":8.559},"region_attributes":{"Type":"2","count":"3"}},{"shape_attributes":{"name":"circle","cx":443,"cy":400,"r":8.559},"region_attributes":{"Type":"1","count":"11"}},{"shape_attributes":{"name":"circle","cx":458,"cy":403,"r":8.559},"region_attributes":{"Type":"1","count":"2"}},{"shape_attributes":{"name":"circle","cx":536,"cy":402,"r":8.559},"region_attributes":{"Type":"1","count":"1"}},{"shape_attributes":{"name":"circle","cx":583,"cy":476,"r":8.559},"region_attributes":{"Type":"1","count":"1"}},{"shape_attributes":{"name":"circle","cx":577,"cy":454,"r":8.559},"region_attributes":{"Type":"2","count":"1"}},{"shape_attributes":{"name":"circle","cx":580,"cy":434,"r":8.559},"region_attributes":{"Type":"1","count":"1"}},{"shape_attributes":{"name":"circle","cx":598,"cy":432,"r":8.559},"region_attributes":{"Type":"2","count":"2"}},{"shape_attributes":{"name":"circle","cx":580,"cy":391,"r":8.559},"region_attributes":{"Type":"2","count":"1"}},{"shape_attributes":{"name":"circle","cx":608,"cy":380,"r":8.559},"region_attributes":{"Type":"1","count":"1"}},{"shape_attributes":{"name":"circle","cx":581,"cy":365,"r":8.559},"region_attributes":{"Type":"1","count":"1"}},{"shape_attributes":{"name":"circle","cx":592,"cy":331,"r":8.559},"region_attributes":{"Type":"1","count":"1"}},{"shape_attributes":{"name":"circle","cx":609,"cy":238,"r":8.559},"region_attributes":{"Type":"1","count":"1"}},{"shape_attributes":{"name":"circle","cx":658,"cy":464,"r":8.559},"region_attributes":{"Type":"2","count":"2"}},{"shape_attributes":{"name":"circle","cx":644,"cy":359,"r":8.559},"region_attributes":{"Type":"1","count":"7"}},{"shape_attributes":{"name":"circle","cx":650,"cy":291,"r":8.559},"region_attributes":{"Type":"1","count":"1"}},{"shape_attributes":{"name":"circle","cx":658,"cy":170,"r":8.559},"region_attributes":{"Type":"2","count":"2"}},{"shape_attributes":{"name":"circle","cx":674,"cy":156,"r":8.559},"region_attributes":{"Type":"2","count":"1"}},{"shape_attributes":{"name":"circle","cx":675,"cy":182,"r":8.559},"region_attributes":{"Type":"3","count":"1"}},{"shape_attributes":{"name":"circle","cx":685,"cy":434,"r":8.559},"region_attributes":{"Type":"1","count":"1"}}],"file_attributes":{"date":"2019-05-29","temp":"60","rain":"2","neighborhood":"East Village","total_count":""}},"https://drive.google.com/uc?export=view&id=1dkMoB5G5SqSuXqrnGEtNwp4g5fkarDYy\n":{"filename":"https://drive.google.com/uc?export=view&id=1dkMoB5G5SqSuXqrnGEtNwp4g5fkarDYy\n","size":-1,"regions":[{"shape_attributes":{"name":"circle","cx":440,"cy":454,"r":8.559},"region_attributes":{"Type":"1","count":"1"}},{"shape_attributes":{"name":"circle","cx":427,"cy":428,"r":8.559},"region_attributes":{"Type":"1","count":"9"}},{"shape_attributes":{"name":"circle","cx":480,"cy":349,"r":8.559},"region_attributes":{"Type":"2","count":"7"}},{"shape_attributes":{"name":"circle","cx":478,"cy":377,"r":10.124},"region_attributes":{"Type":"1","count":"3"}},{"shape_attributes":{"name":"circle","cx":490,"cy":382,"r":8.559},"region_attributes":{"Type":"1","count":"4"}},{"shape_attributes":{"name":"circle","cx":504,"cy":381,"r":8.559},"region_attributes":{"Type":"1","count":"2"}},{"shape_attributes":{"name":"circle","cx":490,"cy":253,"r":8.559},"region_attributes":{"Type":"3","count":"1"}},{"shape_attributes":{"name":"circle","cx":455,"cy":218,"r":8.559},"region_attributes":{"Type":"1","count":"5"}},{"shape_attributes":{"name":"circle","cx":533,"cy":309,"r":8.559},"region_attributes":{"Type":"1","count":"1"}},{"shape_attributes":{"name":"circle","cx":429,"cy":169,"r":8.559},"region_attributes":{"Type":"1","count":"4"}},{"shape_attributes":{"name":"circle","cx":430,"cy":147,"r":8.559},"region_attributes":{"Type":"2","count":"1"}},{"shape_attributes":{"name":"circle","cx":507,"cy":169,"r":8.559},"region_attributes":{"Type":"1","count":"1"}},{"shape_attributes":{"name":"circle","cx":531,"cy":153,"r":8.559},"region_attributes":{"Type":"1","count":"4"}},{"shape_attributes":{"name":"circle","cx":643,"cy":215,"r":8.559},"region_attributes":{"Type":"1","count":"1"}},{"shape_attributes":{"name":"circle","cx":624,"cy":341,"r":8.559},"region_attributes":{"Type":"1","count":"2"}},{"shape_attributes":{"name":"circle","cx":638,"cy":339,"r":8.559},"region_attributes":{"Type":"2","count":"1"}},{"shape_attributes":{"name":"circle","cx":642,"cy":368,"r":8.559},"region_attributes":{"Type":"1","count":"3"}},{"shape_attributes":{"name":"circle","cx":683,"cy":339,"r":8.559},"region_attributes":{"Type":"1","count":"2"}},{"shape_attributes":{"name":"circle","cx":627,"cy":409,"r":10.794},"region_attributes":{"Type":"1","count":"1"}},{"shape_attributes":{"name":"circle","cx":640,"cy":411,"r":8.559},"region_attributes":{"Type":"2","count":"1"}},{"shape_attributes":{"name":"circle","cx":614,"cy":422,"r":8.559},"region_attributes":{"Type":"1","count":"1"}},{"shape_attributes":{"name":"circle","cx":617,"cy":447,"r":8.559},"region_attributes":{"Type":"2","count":"2"}},{"shape_attributes":{"name":"circle","cx":720,"cy":409,"r":8.559},"region_attributes":{"Type":"1","count":"3"}},{"shape_attributes":{"name":"circle","cx":711,"cy":162,"r":8.559},"region_attributes":{"Type":"3","count":"1"}},{"shape_attributes":{"name":"circle","cx":709,"cy":133,"r":8.559},"region_attributes":{"Type":"2","count":"1"}},{"shape_attributes":{"name":"circle","cx":406,"cy":293,"r":8.559},"region_attributes":{"Type":"1","count":"1"}},{"shape_attributes":{"name":"circle","cx":339,"cy":272,"r":8.559},"region_attributes":{"Type":"1","count":"1"}},{"shape_attributes":{"name":"circle","cx":339,"cy":316,"r":8.559},"region_attributes":{"Type":"1","count":"1"}},{"shape_attributes":{"name":"circle","cx":293,"cy":388,"r":8.559},"region_attributes":{"Type":"1","count":"1"}},{"shape_attributes":{"name":"circle","cx":276,"cy":374,"r":8.559},"region_attributes":{"Type":"1","count":"1"}},{"shape_attributes":{"name":"circle","cx":294,"cy":416,"r":8.559},"region_attributes":{"Type":"2","count":"1"}},{"shape_attributes":{"name":"circle","cx":275,"cy":435,"r":8.559},"region_attributes":{"Type":"2","count":"3"}},{"shape_attributes":{"name":"circle","cx":152,"cy":451,"r":8.559},"region_attributes":{"Type":"1","count":"2"}},{"shape_attributes":{"name":"circle","cx":135,"cy":386,"r":8.559},"region_attributes":{"Type":"1","count":"1"}},{"shape_attributes":{"name":"circle","cx":224,"cy":365,"r":8.559},"region_attributes":{"Type":"2","count":"1"}},{"shape_attributes":{"name":"circle","cx":241,"cy":343,"r":8.559},"region_attributes":{"Type":"1","count":"1"}},{"shape_attributes":{"name":"circle","cx":253,"cy":317,"r":8.559},"region_attributes":{"Type":"1","count":"2"}},{"shape_attributes":{"name":"circle","cx":253,"cy":289,"r":8.559},"region_attributes":{"Type":"2","count":"5"}},{"shape_attributes":{"name":"circle","cx":257,"cy":271,"r":8.559},"region_attributes":{"Type":"1","count":"1"}},{"shape_attributes":{"name":"circle","cx":238,"cy":317,"r":8.559},"region_attributes":{"Type":"2","count":"1"}},{"shape_attributes":{"name":"circle","cx":226,"cy":311,"r":8.559},"region_attributes":{"Type":"1","count":"7"}},{"shape_attributes":{"name":"circle","cx":227,"cy":283,"r":8.559},"region_attributes":{"Type":"2","count":"8"}},{"shape_attributes":{"name":"circle","cx":202,"cy":282,"r":8.559},"region_attributes":{"Type":"1","count":"5"}},{"shape_attributes":{"name":"circle","cx":202,"cy":303,"r":8.559},"region_attributes":{"Type":"2","count":"1"}},{"shape_attributes":{"name":"circle","cx":176,"cy":303,"r":8.559},"region_attributes":{"Type":"2","count":"1"}},{"shape_attributes":{"name":"circle","cx":180,"cy":275,"r":8.559},"region_attributes":{"Type":"1","count":"10"}},{"shape_attributes":{"name":"circle","cx":128,"cy":279,"r":8.559},"region_attributes":{"Type":"1","count":"1"}}],"file_attributes":{"date":"2019-06-26","temp":"63","rain":"2","neighborhood":"East Village","total_count":""}},"https://drive.google.com/uc?export=view&id=1aaoQk_9m4bhHQDtv1cJvBlErCTdcQMoi\n":{"filename":"https://drive.google.com/uc?export=view&id=1aaoQk_9m4bhHQDtv1cJvBlErCTdcQMoi\n","size":-1,"regions":[{"shape_attributes":{"name":"circle","cx":407,"cy":470,"r":8.559},"region_attributes":{"Type":"1","count":"4"}},{"shape_attributes":{"name":"circle","cx":456,"cy":469,"r":8.559},"region_attributes":{"Type":"1","count":"13"}},{"shape_attributes":{"name":"circle","cx":446,"cy":447,"r":8.559},"region_attributes":{"Type":"1","count":"7"}},{"shape_attributes":{"name":"circle","cx":412,"cy":432,"r":8.559},"region_attributes":{"Type":"1","count":"1"}},{"shape_attributes":{"name":"circle","cx":450,"cy":381,"r":8.559},"region_attributes":{"Type":"1","count":"1"}},{"shape_attributes":{"name":"circle","cx":472,"cy":379,"r":8.559},"region_attributes":{"Type":"1","count":"1"}},{"shape_attributes":{"name":"circle","cx":461,"cy":400,"r":8.559},"region_attributes":{"Type":"1","count":"1"}},{"shape_attributes":{"name":"circle","cx":450,"cy":251,"r":8.559},"region_attributes":{"Type":"2","count":"1"}},{"shape_attributes":{"name":"circle","cx":438,"cy":229,"r":8.559},"region_attributes":{"Type":"3","count":"4"}},{"shape_attributes":{"name":"circle","cx":425,"cy":228,"r":8.559},"region_attributes":{"Type":"1","count":"1"}},{"shape_attributes":{"name":"circle","cx":452,"cy":224,"r":8.559},"region_attributes":{"Type":"1","count":"8"}},{"shape_attributes":{"name":"circle","cx":404,"cy":181,"r":8.559},"region_attributes":{"Type":"1","count":"2"}},{"shape_attributes":{"name":"circle","cx":424,"cy":158,"r":8.559},"region_attributes":{"Type":"1","count":"2"}},{"shape_attributes":{"name":"circle","cx":440,"cy":171,"r":8.559},"region_attributes":{"Type":"3","count":"1"}},{"shape_attributes":{"name":"circle","cx":452,"cy":164,"r":8.559},"region_attributes":{"Type":"1","count":"2"}},{"shape_attributes":{"name":"circle","cx":502,"cy":150,"r":8.559},"region_attributes":{"Type":"1","count":"1"}},{"shape_attributes":{"name":"circle","cx":532,"cy":294,"r":8.559},"region_attributes":{"Type":"1","count":"1"}},{"shape_attributes":{"name":"circle","cx":529,"cy":404,"r":8.559},"region_attributes":{"Type":"1","count":"4"}},{"shape_attributes":{"name":"circle","cx":528,"cy":358,"r":8.559},"region_attributes":{"Type":"1","count":"1"}},{"shape_attributes":{"name":"circle","cx":562,"cy":234,"r":8.559},"region_attributes":{"Type":"1","count":"1"}},{"shape_attributes":{"name":"circle","cx":587,"cy":234,"r":8.559},"region_attributes":{"Type":"1","count":"1"}},{"shape_attributes":{"name":"circle","cx":588,"cy":376,"r":8.559},"region_attributes":{"Type":"1","count":"2"}},{"shape_attributes":{"name":"circle","cx":636,"cy":381,"r":8.559},"region_attributes":{"Type":"1","count":"2"}},{"shape_attributes":{"name":"circle","cx":588,"cy":434,"r":8.559},"region_attributes":{"Type":"1","count":"2"}},{"shape_attributes":{"name":"circle","cx":607,"cy":431,"r":8.559},"region_attributes":{"Type":"2","count":"1"}},{"shape_attributes":{"name":"circle","cx":636,"cy":448,"r":8.559},"region_attributes":{"Type":"2","count":"2"}},{"shape_attributes":{"name":"circle","cx":636,"cy":470,"r":8.559},"region_attributes":{"Type":"1","count":"2"}},{"shape_attributes":{"name":"circle","cx":679,"cy":183,"r":8.559},"region_attributes":{"Type":"1","count":"1"}},{"shape_attributes":{"name":"circle","cx":680,"cy":161,"r":8.559},"region_attributes":{"Type":"3","count":"2"}},{"shape_attributes":{"name":"circle","cx":368,"cy":286,"r":8.559},"region_attributes":{"Type":"1","count":"1"}},{"shape_attributes":{"name":"circle","cx":351,"cy":299,"r":8.559},"region_attributes":{"Type":"2","count":"1"}},{"shape_attributes":{"name":"circle","cx":349,"cy":325,"r":8.559},"region_attributes":{"Type":"1","count":"2"}},{"shape_attributes":{"name":"circle","cx":315,"cy":363,"r":8.559},"region_attributes":{"Type":"1","count":"1"}},{"shape_attributes":{"name":"circle","cx":271,"cy":462,"r":8.559},"region_attributes":{"Type":"1","count":"3"}},{"shape_attributes":{"name":"circle","cx":261,"cy":430,"r":8.559},"region_attributes":{"Type":"2","count":"1"}},{"shape_attributes":{"name":"circle","cx":246,"cy":443,"r":8.559},"region_attributes":{"Type":"1","count":"1"}},{"shape_attributes":{"name":"circle","cx":248,"cy":465,"r":8.559},"region_attributes":{"Type":"1","count":"2"}},{"shape_attributes":{"name":"circle","cx":246,"cy":384,"r":8.559},"region_attributes":{"Type":"1","count":"1"}},{"shape_attributes":{"name":"circle","cx":248,"cy":307,"r":8.559},"region_attributes":{"Type":"2","count":"1"}},{"shape_attributes":{"name":"circle","cx":223,"cy":289,"r":8.559},"region_attributes":{"Type":"2","count":"1"}},{"shape_attributes":{"name":"circle","cx":199,"cy":298,"r":8.559},"region_attributes":{"Type":"2","count":"6"}},{"shape_attributes":{"name":"circle","cx":198,"cy":320,"r":8.559},"region_attributes":{"Type":"1","count":"16"}},{"shape_attributes":{"name":"circle","cx":224,"cy":313,"r":8.559},"region_attributes":{"Type":"1","count":"6"}},{"shape_attributes":{"name":"circle","cx":213,"cy":327,"r":8.559},"region_attributes":{"Type":"2","count":"1"}},{"shape_attributes":{"name":"circle","cx":214,"cy":357,"r":8.559},"region_attributes":{"Type":"1","count":"1"}},{"shape_attributes":{"name":"circle","cx":197,"cy":376,"r":8.559},"region_attributes":{"Type":"2","count":"3"}},{"shape_attributes":{"name":"circle","cx":221,"cy":394,"r":8.559},"region_attributes":{"Type":"1","count":"4"}},{"shape_attributes":{"name":"circle","cx":195,"cy":395,"r":8.559},"region_attributes":{"Type":"1","count":"2"}},{"shape_attributes":{"name":"circle","cx":120,"cy":451,"r":8.559},"region_attributes":{"Type":"1","count":"2"}},{"shape_attributes":{"name":"circle","cx":104,"cy":430,"r":8.559},"region_attributes":{"Type":"1","count":"1"}},{"shape_attributes":{"name":"circle","cx":95,"cy":376,"r":8.559},"region_attributes":{"Type":"1","count":"1"}},{"shape_attributes":{"name":"circle","cx":172,"cy":291,"r":8.559},"region_attributes":{"Type":"1","count":"4"}},{"shape_attributes":{"name":"circle","cx":148,"cy":302,"r":8.559},"region_attributes":{"Type":"1","count":"11"}},{"shape_attributes":{"name":"circle","cx":173,"cy":319,"r":8.559},"region_attributes":{"Type":"2","count":"3"}},{"shape_attributes":{"name":"circle","cx":160,"cy":330,"r":8.559},"region_attributes":{"Type":"1","count":"1"}},{"shape_attributes":{"name":"circle","cx":146,"cy":325,"r":8.559},"region_attributes":{"Type":"2","count":"2"}}],"file_attributes":{"date":"2019-07-24","temp":"73","rain":"2","neighborhood":"East Village","total_count":""}},"https://drive.google.com/uc?export=view&id=1DNhro3EZhc8FBJSwbevTdi02J2fm4Q_y\n":{"filename":"https://drive.google.com/uc?export=view&id=1DNhro3EZhc8FBJSwbevTdi02J2fm4Q_y\n","size":-1,"regions":[{"shape_attributes":{"name":"circle","cx":96,"cy":299,"r":8.559},"region_attributes":{"Type":"2","count":"2"}},{"shape_attributes":{"name":"circle","cx":98,"cy":325,"r":8.559},"region_attributes":{"Type":"1","count":"7"}},{"shape_attributes":{"name":"circle","cx":124,"cy":288,"r":8.559},"region_attributes":{"Type":"1","count":"6"}},{"shape_attributes":{"name":"circle","cx":124,"cy":309,"r":8.559},"region_attributes":{"Type":"2","count":"3"}},{"shape_attributes":{"name":"circle","cx":112,"cy":334,"r":8.559},"region_attributes":{"Type":"1","count":"1"}},{"shape_attributes":{"name":"circle","cx":147,"cy":290,"r":8.559},"region_attributes":{"Type":"1","count":"8"}},{"shape_attributes":{"name":"circle","cx":146,"cy":312,"r":8.559},"region_attributes":{"Type":"2","count":"5"}},{"shape_attributes":{"name":"circle","cx":149,"cy":334,"r":8.559},"region_attributes":{"Type":"1","count":"2"}},{"shape_attributes":{"name":"circle","cx":166,"cy":332,"r":8.559},"region_attributes":{"Type":"2","count":"2"}},{"shape_attributes":{"name":"circle","cx":217,"cy":299,"r":8.559},"region_attributes":{"Type":"2","count":"3"}},{"shape_attributes":{"name":"circle","cx":220,"cy":321,"r":8.559},"region_attributes":{"Type":"1","count":"5"}},{"shape_attributes":{"name":"circle","cx":344,"cy":287,"r":8.559},"region_attributes":{"Type":"1","count":"1"}},{"shape_attributes":{"name":"circle","cx":361,"cy":286,"r":8.559},"region_attributes":{"Type":"1","count":"1"}},{"shape_attributes":{"name":"circle","cx":342,"cy":309,"r":8.559},"region_attributes":{"Type":"2","count":"1"}},{"shape_attributes":{"name":"circle","cx":157,"cy":356,"r":8.559},"region_attributes":{"Type":"1","count":"2"}},{"shape_attributes":{"name":"circle","cx":148,"cy":387,"r":8.559},"region_attributes":{"Type":"1","count":"6"}},{"shape_attributes":{"name":"circle","cx":220,"cy":445,"r":8.559},"region_attributes":{"Type":"1","count":"1"}},{"shape_attributes":{"name":"circle","cx":249,"cy":426,"r":8.559},"region_attributes":{"Type":"2","count":"1"}},{"shape_attributes":{"name":"circle","cx":265,"cy":427,"r":8.559},"region_attributes":{"Type":"1","count":"2"}},{"shape_attributes":{"name":"circle","cx":267,"cy":454,"r":8.559},"region_attributes":{"Type":"1","count":"1"}},{"shape_attributes":{"name":"circle","cx":315,"cy":463,"r":8.559},"region_attributes":{"Type":"1","count":"1"}},{"shape_attributes":{"name":"circle","cx":394,"cy":221,"r":8.559},"region_attributes":{"Type":"2","count":"1"}},{"shape_attributes":{"name":"circle","cx":395,"cy":252,"r":8.559},"region_attributes":{"Type":"1","count":"2"}},{"shape_attributes":{"name":"circle","cx":394,"cy":303,"r":8.559},"region_attributes":{"Type":"1","count":"2"}},{"shape_attributes":{"name":"circle","cx":389,"cy":431,"r":8.559},"region_attributes":{"Type":"1","count":"5"}},{"shape_attributes":{"name":"circle","cx":393,"cy":465,"r":8.559},"region_attributes":{"Type":"1","count":"2"}},{"shape_attributes":{"name":"circle","cx":468,"cy":184,"r":8.559},"region_attributes":{"Type":"1","count":"3"}},{"shape_attributes":{"name":"circle","cx":440,"cy":300,"r":8.559},"region_attributes":{"Type":"1","count":"6"}},{"shape_attributes":{"name":"circle","cx":439,"cy":321,"r":8.559},"region_attributes":{"Type":"1","count":"1"}},{"shape_attributes":{"name":"circle","cx":439,"cy":360,"r":8.559},"region_attributes":{"Type":"1","count":"9"}},{"shape_attributes":{"name":"circle","cx":438,"cy":387,"r":8.559},"region_attributes":{"Type":"2","count":"3"}},{"shape_attributes":{"name":"circle","cx":464,"cy":376,"r":8.559},"region_attributes":{"Type":"1","count":"2"}},{"shape_attributes":{"name":"circle","cx":523,"cy":329,"r":8.559},"region_attributes":{"Type":"1","count":"1"}},{"shape_attributes":{"name":"circle","cx":522,"cy":396,"r":8.559},"region_attributes":{"Type":"1","count":"2"}},{"shape_attributes":{"name":"circle","cx":577,"cy":229,"r":8.559},"region_attributes":{"Type":"1","count":"1"}},{"shape_attributes":{"name":"circle","cx":583,"cy":285,"r":8.559},"region_attributes":{"Type":"1","count":"1"}},{"shape_attributes":{"name":"circle","cx":587,"cy":353,"r":8.559},"region_attributes":{"Type":"1","count":"1"}},{"shape_attributes":{"name":"circle","cx":572,"cy":371,"r":8.559},"region_attributes":{"Type":"2","count":"1"}},{"shape_attributes":{"name":"circle","cx":572,"cy":395,"r":8.559},"region_attributes":{"Type":"1","count":"1"}},{"shape_attributes":{"name":"circle","cx":571,"cy":432,"r":8.559},"region_attributes":{"Type":"2","count":"2"}},{"shape_attributes":{"name":"circle","cx":572,"cy":459,"r":8.559},"region_attributes":{"Type":"1","count":"5"}},{"shape_attributes":{"name":"circle","cx":664,"cy":168,"r":8.559},"region_attributes":{"Type":"3","count":"2"}},{"shape_attributes":{"name":"circle","cx":646,"cy":376,"r":8.559},"region_attributes":{"Type":"1","count":"1"}}],"file_attributes":{"date":"2019-08-01","temp":"","rain":"2","neighborhood":"East Village","total_count":""}},"https://drive.google.com/uc?export=view&id=192YWD-z6GXrwxZ6yKa7y3seAU7uevPhL\n":{"filename":"https://drive.google.com/uc?export=view&id=192YWD-z6GXrwxZ6yKa7y3seAU7uevPhL\n","size":-1,"regions":[{"shape_attributes":{"name":"circle","cx":109,"cy":295,"r":8.559},"region_attributes":{"Type":"1","count":"1"}},{"shape_attributes":{"name":"circle","cx":132,"cy":285,"r":8.559},"region_attributes":{"Type":"2","count":"1"}},{"shape_attributes":{"name":"circle","cx":131,"cy":309,"r":8.559},"region_attributes":{"Type":"1","count":"8"}},{"shape_attributes":{"name":"circle","cx":156,"cy":308,"r":8.559},"region_attributes":{"Type":"1","count":"4"}},{"shape_attributes":{"name":"circle","cx":135,"cy":323,"r":8.559},"region_attributes":{"Type":"1","count":"1"}},{"shape_attributes":{"name":"circle","cx":149,"cy":322,"r":8.559},"region_attributes":{"Type":"2","count":"1"}},{"shape_attributes":{"name":"circle","cx":181,"cy":283,"r":8.559},"region_attributes":{"Type":"2","count":"4"}},{"shape_attributes":{"name":"circle","cx":183,"cy":311,"r":8.559},"region_attributes":{"Type":"1","count":"10"}},{"shape_attributes":{"name":"circle","cx":209,"cy":280,"r":8.559},"region_attributes":{"Type":"1","count":"1"}},{"shape_attributes":{"name":"circle","cx":208,"cy":295,"r":8.559},"region_attributes":{"Type":"2","count":"4"}},{"shape_attributes":{"name":"circle","cx":207,"cy":321,"r":8.559},"region_attributes":{"Type":"2","count":"4"}},{"shape_attributes":{"name":"circle","cx":192,"cy":324,"r":8.559},"region_attributes":{"Type":"1","count":"1"}},{"shape_attributes":{"name":"circle","cx":258,"cy":281,"r":8.559},"region_attributes":{"Type":"1","count":"1"}},{"shape_attributes":{"name":"circle","cx":335,"cy":280,"r":8.559},"region_attributes":{"Type":"1","count":"2"}},{"shape_attributes":{"name":"circle","cx":81,"cy":368,"r":8.559},"region_attributes":{"Type":"1","count":"2"}},{"shape_attributes":{"name":"circle","cx":195,"cy":351,"r":8.559},"region_attributes":{"Type":"1","count":"2"}},{"shape_attributes":{"name":"circle","cx":182,"cy":371,"r":8.559},"region_attributes":{"Type":"1","count":"4"}},{"shape_attributes":{"name":"circle","cx":221,"cy":382,"r":8.559},"region_attributes":{"Type":"3","count":"1"}},{"shape_attributes":{"name":"circle","cx":256,"cy":352,"r":8.559},"region_attributes":{"Type":"1","count":"2"}},{"shape_attributes":{"name":"circle","cx":237,"cy":393,"r":8.559},"region_attributes":{"Type":"2","count":"1"}},{"shape_attributes":{"name":"circle","cx":254,"cy":392,"r":8.559},"region_attributes":{"Type":"1","count":"3"}},{"shape_attributes":{"name":"circle","cx":307,"cy":370,"r":8.559},"region_attributes":{"Type":"1","count":"2"}},{"shape_attributes":{"name":"circle","cx":91,"cy":424,"r":8.559},"region_attributes":{"Type":"1","count":"1"}},{"shape_attributes":{"name":"circle","cx":251,"cy":421,"r":8.559},"region_attributes":{"Type":"2","count":"4"}},{"shape_attributes":{"name":"circle","cx":232,"cy":439,"r":8.559},"region_attributes":{"Type":"1","count":"7"}},{"shape_attributes":{"name":"circle","cx":257,"cy":443,"r":8.559},"region_attributes":{"Type":"2","count":"1"}},{"shape_attributes":{"name":"circle","cx":242,"cy":463,"r":8.559},"region_attributes":{"Type":"1","count":"1"}},{"shape_attributes":{"name":"circle","cx":254,"cy":462,"r":8.559},"region_attributes":{"Type":"1","count":"2"}},{"shape_attributes":{"name":"circle","cx":281,"cy":441,"r":8.559},"region_attributes":{"Type":"2","count":"1"}},{"shape_attributes":{"name":"circle","cx":384,"cy":439,"r":8.559},"region_attributes":{"Type":"1","count":"4"}},{"shape_attributes":{"name":"circle","cx":387,"cy":147,"r":8.559},"region_attributes":{"Type":"2","count":"1"}},{"shape_attributes":{"name":"circle","cx":411,"cy":160,"r":8.559},"region_attributes":{"Type":"1","count":"3"}},{"shape_attributes":{"name":"circle","cx":386,"cy":228,"r":8.559},"region_attributes":{"Type":"1","count":"3"}},{"shape_attributes":{"name":"circle","cx":409,"cy":237,"r":8.559},"region_attributes":{"Type":"1","count":"3"}},{"shape_attributes":{"name":"circle","cx":438,"cy":137,"r":8.559},"region_attributes":{"Type":"1","count":"2"}},{"shape_attributes":{"name":"circle","cx":439,"cy":172,"r":8.559},"region_attributes":{"Type":"1","count":"3"}},{"shape_attributes":{"name":"circle","cx":491,"cy":159,"r":8.559},"region_attributes":{"Type":"1","count":"1"}},{"shape_attributes":{"name":"circle","cx":461,"cy":218,"r":8.559},"region_attributes":{"Type":"1","count":"2"}},{"shape_attributes":{"name":"circle","cx":436,"cy":245,"r":8.559},"region_attributes":{"Type":"1","count":"2"}},{"shape_attributes":{"name":"circle","cx":455,"cy":352,"r":8.559},"region_attributes":{"Type":"1","count":"4"}},{"shape_attributes":{"name":"circle","cx":431,"cy":357,"r":8.559},"region_attributes":{"Type":"2","count":"4"}},{"shape_attributes":{"name":"circle","cx":433,"cy":377,"r":8.559},"region_attributes":{"Type":"1","count":"3"}},{"shape_attributes":{"name":"circle","cx":440,"cy":394,"r":8.559},"region_attributes":{"Type":"2","count":"1"}},{"shape_attributes":{"name":"circle","cx":460,"cy":388,"r":8.559},"region_attributes":{"Type":"1","count":"4"}},{"shape_attributes":{"name":"circle","cx":588,"cy":178,"r":8.559},"region_attributes":{"Type":"1","count":"1"}},{"shape_attributes":{"name":"circle","cx":586,"cy":248,"r":8.559},"region_attributes":{"Type":"1","count":"1"}},{"shape_attributes":{"name":"circle","cx":572,"cy":360,"r":8.559},"region_attributes":{"Type":"1","count":"5"}},{"shape_attributes":{"name":"circle","cx":572,"cy":388,"r":8.559},"region_attributes":{"Type":"2","count":"2"}},{"shape_attributes":{"name":"circle","cx":499,"cy":424,"r":8.559},"region_attributes":{"Type":"1","count":"1"}},{"shape_attributes":{"name":"circle","cx":595,"cy":420,"r":8.559},"region_attributes":{"Type":"2","count":"1"}},{"shape_attributes":{"name":"circle","cx":579,"cy":424,"r":8.559},"region_attributes":{"Type":"1","count":"1"}},{"shape_attributes":{"name":"circle","cx":569,"cy":428,"r":8.559},"region_attributes":{"Type":"1","count":"2"}},{"shape_attributes":{"name":"circle","cx":570,"cy":459,"r":8.559},"region_attributes":{"Type":"2","count":"1"}},{"shape_attributes":{"name":"circle","cx":545,"cy":459,"r":8.559},"region_attributes":{"Type":"1","count":"1"}},{"shape_attributes":{"name":"circle","cx":663,"cy":140,"r":8.559},"region_attributes":{"Type":"3","count":"3"}}],"file_attributes":{"date":"2019-09-01","temp":"","rain":"1","neighborhood":"East Village","total_count":""}},"https://drive.google.com/uc?export=view&id=12kKk06fOSIXauqYt0dX13i26pl_zTJrU\n":{"filename":"https://drive.google.com/uc?export=view&id=12kKk06fOSIXauqYt0dX13i26pl_zTJrU\n","size":-1,"regions":[{"shape_attributes":{"name":"circle","cx":150,"cy":278,"r":8.559},"region_attributes":{"Type":"1","count":"1"}},{"shape_attributes":{"name":"circle","cx":163,"cy":292,"r":8.559},"region_attributes":{"Type":"2","count":"2"}},{"shape_attributes":{"name":"circle","cx":168,"cy":317,"r":8.559},"region_attributes":{"Type":"1","count":"6"}},{"shape_attributes":{"name":"circle","cx":194,"cy":289,"r":8.559},"region_attributes":{"Type":"2","count":"2"}},{"shape_attributes":{"name":"circle","cx":194,"cy":316,"r":8.559},"region_attributes":{"Type":"1","count":"5"}},{"shape_attributes":{"name":"circle","cx":219,"cy":287,"r":8.559},"region_attributes":{"Type":"1","count":"2"}},{"shape_attributes":{"name":"circle","cx":221,"cy":311,"r":8.559},"region_attributes":{"Type":"2","count":"2"}},{"shape_attributes":{"name":"circle","cx":298,"cy":302,"r":8.559},"region_attributes":{"Type":"1","count":"2"}},{"shape_attributes":{"name":"circle","cx":351,"cy":303,"r":8.559},"region_attributes":{"Type":"1","count":"2"}},{"shape_attributes":{"name":"circle","cx":370,"cy":283,"r":8.559},"region_attributes":{"Type":"1","count":"2"}},{"shape_attributes":{"name":"circle","cx":258,"cy":352,"r":8.559},"region_attributes":{"Type":"1","count":"2"}},{"shape_attributes":{"name":"circle","cx":231,"cy":372,"r":8.559},"region_attributes":{"Type":"3","count":"1"}},{"shape_attributes":{"name":"circle","cx":216,"cy":377,"r":8.559},"region_attributes":{"Type":"2","count":"2"}},{"shape_attributes":{"name":"circle","cx":203,"cy":354,"r":8.559},"region_attributes":{"Type":"1","count":"2"}},{"shape_attributes":{"name":"circle","cx":194,"cy":373,"r":8.559},"region_attributes":{"Type":"2","count":"4"}},{"shape_attributes":{"name":"circle","cx":191,"cy":390,"r":8.559},"region_attributes":{"Type":"2","count":"2"}},{"shape_attributes":{"name":"circle","cx":148,"cy":360,"r":8.559},"region_attributes":{"Type":"1","count":"20"}},{"shape_attributes":{"name":"circle","cx":144,"cy":387,"r":8.559},"region_attributes":{"Type":"2","count":"1"}},{"shape_attributes":{"name":"circle","cx":121,"cy":446,"r":8.559},"region_attributes":{"Type":"1","count":"1"}},{"shape_attributes":{"name":"circle","cx":244,"cy":456,"r":8.559},"region_attributes":{"Type":"2","count":"2"}},{"shape_attributes":{"name":"circle","cx":243,"cy":435,"r":8.559},"region_attributes":{"Type":"1","count":"3"}},{"shape_attributes":{"name":"circle","cx":250,"cy":424,"r":8.559},"region_attributes":{"Type":"1","count":"1"}},{"shape_attributes":{"name":"circle","cx":263,"cy":420,"r":8.559},"region_attributes":{"Type":"2","count":"2"}},{"shape_attributes":{"name":"circle","cx":271,"cy":431,"r":8.559},"region_attributes":{"Type":"1","count":"2"}},{"shape_attributes":{"name":"circle","cx":271,"cy":456,"r":8.559},"region_attributes":{"Type":"2","count":"1"}},{"shape_attributes":{"name":"circle","cx":323,"cy":429,"r":8.559},"region_attributes":{"Type":"2","count":"1"}},{"shape_attributes":{"name":"circle","cx":319,"cy":456,"r":8.559},"region_attributes":{"Type":"1","count":"11"}},{"shape_attributes":{"name":"circle","cx":394,"cy":426,"r":8.559},"region_attributes":{"Type":"1","count":"8"}},{"shape_attributes":{"name":"circle","cx":396,"cy":453,"r":8.559},"region_attributes":{"Type":"2","count":"1"}},{"shape_attributes":{"name":"circle","cx":399,"cy":139,"r":8.559},"region_attributes":{"Type":"1","count":"5"}},{"shape_attributes":{"name":"circle","cx":397,"cy":165,"r":8.559},"region_attributes":{"Type":"2","count":"1"}},{"shape_attributes":{"name":"circle","cx":445,"cy":169,"r":8.559},"region_attributes":{"Type":"2","count":"1"}},{"shape_attributes":{"name":"circle","cx":471,"cy":160,"r":8.559},"region_attributes":{"Type":"1","count":"3"}},{"shape_attributes":{"name":"circle","cx":503,"cy":140,"r":8.559},"region_attributes":{"Type":"1","count":"1"}},{"shape_attributes":{"name":"circle","cx":471,"cy":228,"r":8.559},"region_attributes":{"Type":"2","count":"2"}},{"shape_attributes":{"name":"circle","cx":446,"cy":373,"r":8.559},"region_attributes":{"Type":"1","count":"2"}},{"shape_attributes":{"name":"circle","cx":500,"cy":372,"r":8.559},"region_attributes":{"Type":"1","count":"2"}},{"shape_attributes":{"name":"circle","cx":546,"cy":351,"r":8.559},"region_attributes":{"Type":"1","count":"2"}},{"shape_attributes":{"name":"circle","cx":558,"cy":383,"r":8.559},"region_attributes":{"Type":"1","count":"1"}},{"shape_attributes":{"name":"circle","cx":523,"cy":285,"r":8.559},"region_attributes":{"Type":"1","count":"3"}},{"shape_attributes":{"name":"circle","cx":555,"cy":318,"r":8.559},"region_attributes":{"Type":"1","count":"1"}},{"shape_attributes":{"name":"circle","cx":592,"cy":468,"r":8.559},"region_attributes":{"Type":"1","count":"2"}},{"shape_attributes":{"name":"circle","cx":585,"cy":440,"r":8.559},"region_attributes":{"Type":"1","count":"3"}},{"shape_attributes":{"name":"circle","cx":621,"cy":442,"r":8.559},"region_attributes":{"Type":"3","count":"1"}},{"shape_attributes":{"name":"circle","cx":640,"cy":463,"r":8.559},"region_attributes":{"Type":"1","count":"1"}},{"shape_attributes":{"name":"circle","cx":596,"cy":393,"r":8.559},"region_attributes":{"Type":"1","count":"2"}},{"shape_attributes":{"name":"circle","cx":602,"cy":350,"r":8.559},"region_attributes":{"Type":"1","count":"2"}},{"shape_attributes":{"name":"circle","cx":650,"cy":353,"r":8.559},"region_attributes":{"Type":"1","count":"1"}},{"shape_attributes":{"name":"circle","cx":583,"cy":318,"r":8.559},"region_attributes":{"Type":"2","count":"1"}},{"shape_attributes":{"name":"circle","cx":612,"cy":294,"r":8.559},"region_attributes":{"Type":"1","count":"1"}},{"shape_attributes":{"name":"circle","cx":597,"cy":280,"r":8.559},"region_attributes":{"Type":"1","count":"1"}},{"shape_attributes":{"name":"circle","cx":589,"cy":244,"r":8.559},"region_attributes":{"Type":"1","count":"1"}},{"shape_attributes":{"name":"circle","cx":677,"cy":178,"r":8.559},"region_attributes":{"Type":"1","count":"6"}},{"shape_attributes":{"name":"circle","cx":674,"cy":160,"r":8.559},"region_attributes":{"Type":"3","count":"1"}}],"file_attributes":{"date":"2019-10-30","temp":"","rain":"2","neighborhood":"East Village","total_count":""}},"https://drive.google.com/uc?export=view&id=1DjMrlyK7EPpFi241qQtCAylH6S2QN0eS\n":{"filename":"https://drive.google.com/uc?export=view&id=1DjMrlyK7EPpFi241qQtCAylH6S2QN0eS\n","size":-1,"regions":[{"shape_attributes":{"name":"circle","cx":109,"cy":296,"r":8.559},"region_attributes":{"Type":"1","count":"1"}},{"shape_attributes":{"name":"circle","cx":146,"cy":298,"r":8.559},"region_attributes":{"Type":"2","count":"1"}},{"shape_attributes":{"name":"circle","cx":149,"cy":328,"r":8.559},"region_attributes":{"Type":"1","count":"4"}},{"shape_attributes":{"name":"circle","cx":174,"cy":301,"r":8.559},"region_attributes":{"Type":"1","count":"1"}},{"shape_attributes":{"name":"circle","cx":173,"cy":325,"r":8.559},"region_attributes":{"Type":"2","count":"1"}},{"shape_attributes":{"name":"circle","cx":196,"cy":297,"r":8.559},"region_attributes":{"Type":"1","count":"6"}},{"shape_attributes":{"name":"circle","cx":197,"cy":315,"r":8.559},"region_attributes":{"Type":"2","count":"2"}},{"shape_attributes":{"name":"circle","cx":223,"cy":297,"r":8.559},"region_attributes":{"Type":"1","count":"1"}},{"shape_attributes":{"name":"circle","cx":225,"cy":309,"r":8.559},"region_attributes":{"Type":"2","count":"4"}},{"shape_attributes":{"name":"circle","cx":224,"cy":337,"r":8.559},"region_attributes":{"Type":"2","count":"2"}},{"shape_attributes":{"name":"circle","cx":205,"cy":336,"r":8.559},"region_attributes":{"Type":"1","count":"2"}},{"shape_attributes":{"name":"circle","cx":302,"cy":315,"r":8.559},"region_attributes":{"Type":"1","count":"1"}},{"shape_attributes":{"name":"circle","cx":323,"cy":313,"r":8.559},"region_attributes":{"Type":"1","count":"1"}},{"shape_attributes":{"name":"circle","cx":375,"cy":299,"r":8.559},"region_attributes":{"Type":"2","count":"1"}},{"shape_attributes":{"name":"circle","cx":162,"cy":364,"r":8.559},"region_attributes":{"Type":"2","count":"1"}},{"shape_attributes":{"name":"circle","cx":212,"cy":366,"r":8.559},"region_attributes":{"Type":"1","count":"2"}},{"shape_attributes":{"name":"circle","cx":198,"cy":386,"r":8.559},"region_attributes":{"Type":"1","count":"1"}},{"shape_attributes":{"name":"circle","cx":220,"cy":392,"r":8.559},"region_attributes":{"Type":"1","count":"2"}},{"shape_attributes":{"name":"circle","cx":248,"cy":398,"r":8.559},"region_attributes":{"Type":"2","count":"1"}},{"shape_attributes":{"name":"circle","cx":122,"cy":465,"r":8.559},"region_attributes":{"Type":"1","count":"1"}},{"shape_attributes":{"name":"circle","cx":265,"cy":435,"r":8.559},"region_attributes":{"Type":"2","count":"1"}},{"shape_attributes":{"name":"circle","cx":249,"cy":450,"r":8.559},"region_attributes":{"Type":"2","count":"1"}},{"shape_attributes":{"name":"circle","cx":275,"cy":450,"r":8.559},"region_attributes":{"Type":"1","count":"2"}},{"shape_attributes":{"name":"circle","cx":249,"cy":470,"r":8.559},"region_attributes":{"Type":"1","count":"5"}},{"shape_attributes":{"name":"circle","cx":274,"cy":473,"r":8.559},"region_attributes":{"Type":"2","count":"1"}},{"shape_attributes":{"name":"circle","cx":325,"cy":437,"r":8.559},"region_attributes":{"Type":"1","count":"6"}},{"shape_attributes":{"name":"circle","cx":322,"cy":458,"r":8.559},"region_attributes":{"Type":"2","count":"2"}},{"shape_attributes":{"name":"circle","cx":314,"cy":477,"r":8.559},"region_attributes":{"Type":"1","count":"1"}},{"shape_attributes":{"name":"circle","cx":402,"cy":239,"r":8.559},"region_attributes":{"Type":"1","count":"4"}},{"shape_attributes":{"name":"circle","cx":426,"cy":243,"r":8.559},"region_attributes":{"Type":"1","count":"1"}},{"shape_attributes":{"name":"circle","cx":449,"cy":227,"r":8.559},"region_attributes":{"Type":"2","count":"1"}},{"shape_attributes":{"name":"circle","cx":451,"cy":256,"r":8.559},"region_attributes":{"Type":"1","count":"1"}},{"shape_attributes":{"name":"circle","cx":462,"cy":291,"r":8.559},"region_attributes":{"Type":"2","count":"1"}},{"shape_attributes":{"name":"circle","cx":471,"cy":365,"r":8.559},"region_attributes":{"Type":"1","count":"2"}},{"shape_attributes":{"name":"circle","cx":476,"cy":399,"r":8.559},"region_attributes":{"Type":"1","count":"1"}},{"shape_attributes":{"name":"circle","cx":466,"cy":404,"r":8.559},"region_attributes":{"Type":"2","count":"1"}},{"shape_attributes":{"name":"circle","cx":450,"cy":403,"r":8.559},"region_attributes":{"Type":"1","count":"6"}},{"shape_attributes":{"name":"circle","cx":403,"cy":455,"r":8.559},"region_attributes":{"Type":"1","count":"2"}},{"shape_attributes":{"name":"circle","cx":450,"cy":456,"r":8.559},"region_attributes":{"Type":"2","count":"1"}},{"shape_attributes":{"name":"circle","cx":524,"cy":365,"r":8.559},"region_attributes":{"Type":"1","count":"1"}},{"shape_attributes":{"name":"circle","cx":590,"cy":229,"r":8.559},"region_attributes":{"Type":"1","count":"1"}},{"shape_attributes":{"name":"circle","cx":588,"cy":256,"r":8.559},"region_attributes":{"Type":"2","count":"1"}},{"shape_attributes":{"name":"circle","cx":681,"cy":166,"r":8.559},"region_attributes":{"Type":"3","count":"1"}},{"shape_attributes":{"name":"circle","cx":603,"cy":366,"r":8.559},"region_attributes":{"Type":"1","count":"1"}},{"shape_attributes":{"name":"circle","cx":588,"cy":386,"r":8.559},"region_attributes":{"Type":"1","count":"2"}},{"shape_attributes":{"name":"circle","cx":586,"cy":442,"r":8.559},"region_attributes":{"Type":"2","count":"1"}},{"shape_attributes":{"name":"circle","cx":590,"cy":475,"r":8.559},"region_attributes":{"Type":"1","count":"3"}}],"file_attributes":{"date":"2019-11-26","temp":"55","rain":"2","neighborhood":"East Village","total_count":""}}},"_via_attributes":{"region":{"Type":{"type":"dropdown","description":"","options":{"1":"Individual","2":"Structure","3":"Vehicle"},"default_options":{}},"count":{"type":"text","description":"","default_value":""}},"file":{"date":{"type":"text","description":"","default_value":""},"temp":{"type":"text","description":"","default_value":""},"rain":{"type":"dropdown","description":"","options":{"1":"rain","2":"clear"},"default_options":{"2":true}},"neighborhood":{"type":"text","description":"","default_value":"East Village"},"total_count":{"type":"text","description":"","default_value":""}}},"_via_data_format_version":"2.0.10","_via_image_id_list":["https://drive.google.com/uc?export=view&id=1LQ_PRKI0k0LimFVuGAI_wEfuiJq6c6Yn\n","https://drive.google.com/uc?export=view&id=1MisQCJiDe2LpfZ-LlgGuRVVkAYNMiYjQ\n","https://drive.google.com/uc?export=view&id=1Jf_LL8gBgCUjvVw55aLLidO0D7zXIzC7\n","https://drive.google.com/uc?export=view&id=1wol81xePB0Akl-6boE0wPYy5CI2J5rw4\n","https://drive.google.com/uc?export=view&id=1nV2LyKCyUSpAsGk6xkbQ87lVkUlj_OPQ\n","https://drive.google.com/uc?export=view&id=1dkMoB5G5SqSuXqrnGEtNwp4g5fkarDYy\n","https://drive.google.com/uc?export=view&id=1aaoQk_9m4bhHQDtv1cJvBlErCTdcQMoi\n","https://drive.google.com/uc?export=view&id=1DNhro3EZhc8FBJSwbevTdi02J2fm4Q_y\n","https://drive.google.com/uc?export=view&id=192YWD-z6GXrwxZ6yKa7y3seAU7uevPhL\n","https://drive.google.com/uc?export=view&id=12kKk06fOSIXauqYt0dX13i26pl_zTJrU\n","https://drive.google.com/uc?export=view&id=1DjMrlyK7EPpFi241qQtCAylH6S2QN0eS\n"]}