{"_via_settings":{"ui":{"annotation_editor_height":25,"annotation_editor_fontsize":0.8,"leftsidebar_width":18,"image_grid":{"img_height":80,"rshape_fill":"none","rshape_fill_opacity":0.3,"rshape_stroke":"yellow","rshape_stroke_width":2,"show_region_shape":true,"show_image_policy":"all"},"image":{"region_label":"__via_region_id__","region_color":"__via_default_region_color__","region_label_font":"10px Sans","on_image_annotation_editor_placement":"NEAR_REGION"}},"core":{"buffer_size":18,"filepath":{},"default_filepath":""},"project":{"name":"Gaslamp_2020_count"}},"_via_img_metadata":{"https://drive.google.com/uc?export=view&id=1kmTnx8ft3lwAPN3yR5y9tzzKKY6ro7aY\n":{"filename":"https://drive.google.com/uc?export=view&id=1kmTnx8ft3lwAPN3yR5y9tzzKKY6ro7aY\n","size":-1,"regions":[{"shape_attributes":{"name":"circle","cx":518,"cy":76,"r":13.038},"region_attributes":{"Type":"1","count":"11"}},{"shape_attributes":{"name":"circle","cx":564,"cy":83,"r":10},"region_attributes":{"Type":"1","count":"3"}},{"shape_attributes":{"name":"circle","cx":541,"cy":93,"r":10},"region_attributes":{"Type":"1","count":"1"}},{"shape_attributes":{"name":"circle","cx":605,"cy":78,"r":9.513},"region_attributes":{"Type":"1","count":"3"}},{"shape_attributes":{"name":"circle","cx":567,"cy":132,"r":10},"region_attributes":{"Type":"1","count":"1"}},{"shape_attributes":{"name":"circle","cx":604,"cy":133,"r":9},"region_attributes":{"Type":"1","count":"1"}},{"shape_attributes":{"name":"circle","cx":634,"cy":117,"r":8},"region_attributes":{"Type":"1","count":"1"}},{"shape_attributes":{"name":"circle","cx":538,"cy":170,"r":10},"region_attributes":{"Type":"1","count":"1"}},{"shape_attributes":{"name":"circle","cx":565,"cy":194,"r":10},"region_attributes":{"Type":"1","count":"5"}},{"shape_attributes":{"name":"circle","cx":606,"cy":184,"r":8},"region_attributes":{"Type":"1","count":"2"}},{"shape_attributes":{"name":"circle","cx":655,"cy":183,"r":13},"region_attributes":{"Type":"1","count":"10"}},{"shape_attributes":{"name":"circle","cx":510,"cy":244,"r":10},"region_attributes":{"Type":"1","count":"4"}},{"shape_attributes":{"name":"circle","cx":538,"cy":251,"r":16},"region_attributes":{"Type":"1","count":"1"}},{"shape_attributes":{"name":"circle","cx":568,"cy":234,"r":10},"region_attributes":{"Type":"1","count":"1"}},{"shape_attributes":{"name":"circle","cx":603,"cy":238,"r":8},"region_attributes":{"Type":"1","count":"1"}},{"shape_attributes":{"name":"circle","cx":619,"cy":221,"r":8},"region_attributes":{"Type":"1","count":"1"}},{"shape_attributes":{"name":"circle","cx":620,"cy":249,"r":10},"region_attributes":{"Type":"1","count":"1"}},{"shape_attributes":{"name":"circle","cx":566,"cy":291,"r":10},"region_attributes":{"Type":"1","count":"1"}},{"shape_attributes":{"name":"circle","cx":603,"cy":291,"r":10},"region_attributes":{"Type":"1","count":"1"}},{"shape_attributes":{"name":"circle","cx":604,"cy":391,"r":9},"region_attributes":{"Type":"1","count":"1"}},{"shape_attributes":{"name":"circle","cx":542,"cy":461,"r":10},"region_attributes":{"Type":"1","count":"1"}},{"shape_attributes":{"name":"circle","cx":606,"cy":444,"r":10},"region_attributes":{"Type":"1","count":"3"}},{"shape_attributes":{"name":"circle","cx":640,"cy":431,"r":9},"region_attributes":{"Type":"1","count":"2"}},{"shape_attributes":{"name":"circle","cx":658,"cy":501,"r":10},"region_attributes":{"Type":"1","count":"1"}}],"file_attributes":{"date":"2020-01-01","temp":"48","rain":"2","neighborhood":"Gaslamp","total_count":""}},"https://drive.google.com/uc?export=view&id=1SgK1ALhq7NtWmmUWZO7OEP7pUTMWA9OL\n":{"filename":"https://drive.google.com/uc?export=view&id=1SgK1ALhq7NtWmmUWZO7OEP7pUTMWA9OL\n","size":-1,"regions":[{"shape_attributes":{"name":"circle","cx":508,"cy":75,"r":11},"region_attributes":{"Type":"1","count":"8"}},{"shape_attributes":{"name":"circle","cx":507,"cy":130,"r":10},"region_attributes":{"Type":"1","count":"2"}},{"shape_attributes":{"name":"circle","cx":532,"cy":118,"r":12},"region_attributes":{"Type":"1","count":"3"}},{"shape_attributes":{"name":"circle","cx":599,"cy":130,"r":13},"region_attributes":{"Type":"1","count":"1"}},{"shape_attributes":{"name":"circle","cx":627,"cy":117,"r":13},"region_attributes":{"Type":"1","count":"1"}},{"shape_attributes":{"name":"circle","cx":507,"cy":168,"r":12},"region_attributes":{"Type":"1","count":"6"}},{"shape_attributes":{"name":"circle","cx":599,"cy":183,"r":11},"region_attributes":{"Type":"1","count":"1"}},{"shape_attributes":{"name":"circle","cx":650,"cy":180,"r":13},"region_attributes":{"Type":"1","count":"6"}},{"shape_attributes":{"name":"circle","cx":558,"cy":234,"r":12},"region_attributes":{"Type":"1","count":"1"}},{"shape_attributes":{"name":"circle","cx":621,"cy":218,"r":17},"region_attributes":{"Type":"2","count":"1"}},{"shape_attributes":{"name":"circle","cx":525,"cy":273,"r":17},"region_attributes":{"Type":"2","count":"1"}},{"shape_attributes":{"name":"circle","cx":508,"cy":287,"r":14},"region_attributes":{"Type":"1","count":"1"}},{"shape_attributes":{"name":"circle","cx":544,"cy":272,"r":12},"region_attributes":{"Type":"1","count":"1"}},{"shape_attributes":{"name":"circle","cx":560,"cy":288,"r":12},"region_attributes":{"Type":"1","count":"4"}},{"shape_attributes":{"name":"circle","cx":599,"cy":286,"r":15},"region_attributes":{"Type":"1","count":"3"}},{"shape_attributes":{"name":"circle","cx":625,"cy":429,"r":14},"region_attributes":{"Type":"1","count":"2"}},{"shape_attributes":{"name":"circle","cx":600,"cy":442,"r":12},"region_attributes":{"Type":"1","count":"1"}},{"shape_attributes":{"name":"circle","cx":651,"cy":442,"r":14},"region_attributes":{"Type":"1","count":"1"}},{"shape_attributes":{"name":"circle","cx":652,"cy":501,"r":12},"region_attributes":{"Type":"1","count":"6"}}],"file_attributes":{"date":"2020-02-26","temp":"55","rain":"2","neighborhood":"Gaslamp","total_count":""}},"https://drive.google.com/uc?export=view&id=1mOFcsRL0-gvfwuYkIBDWGcmMLIFfAlO7\n":{"filename":"https://drive.google.com/uc?export=view&id=1mOFcsRL0-gvfwuYkIBDWGcmMLIFfAlO7\n","size":-1,"regions":[{"shape_attributes":{"name":"circle","cx":530,"cy":77,"r":14},"region_attributes":{"Type":"1","count":"3"}},{"shape_attributes":{"name":"circle","cx":554,"cy":87,"r":15},"region_attributes":{"Type":"1","count":"1"}},{"shape_attributes":{"name":"circle","cx":579,"cy":131,"r":14},"region_attributes":{"Type":"1","count":"2"}},{"shape_attributes":{"name":"circle","cx":672,"cy":128,"r":15},"region_attributes":{"Type":"1","count":"2"}},{"shape_attributes":{"name":"circle","cx":532,"cy":182,"r":14},"region_attributes":{"Type":"1","count":"6"}},{"shape_attributes":{"name":"circle","cx":559,"cy":192,"r":12},"region_attributes":{"Type":"1","count":"1"}},{"shape_attributes":{"name":"circle","cx":581,"cy":182,"r":14},"region_attributes":{"Type":"1","count":"4"}},{"shape_attributes":{"name":"circle","cx":624,"cy":182,"r":11},"region_attributes":{"Type":"1","count":"5"}},{"shape_attributes":{"name":"circle","cx":649,"cy":194,"r":11.543},"region_attributes":{"Type":"1","count":"6"}},{"shape_attributes":{"name":"circle","cx":674,"cy":170,"r":14},"region_attributes":{"Type":"1","count":"5"}},{"shape_attributes":{"name":"circle","cx":579,"cy":235,"r":14},"region_attributes":{"Type":"1","count":"2"}},{"shape_attributes":{"name":"circle","cx":620,"cy":237,"r":15},"region_attributes":{"Type":"1","count":"2"}},{"shape_attributes":{"name":"circle","cx":675,"cy":230,"r":14},"region_attributes":{"Type":"1","count":"1"}},{"shape_attributes":{"name":"circle","cx":484,"cy":271,"r":11},"region_attributes":{"Type":"1","count":"1"}},{"shape_attributes":{"name":"circle","cx":491,"cy":283,"r":16},"region_attributes":{"Type":"2","count":"1"}},{"shape_attributes":{"name":"circle","cx":489,"cy":300,"r":13},"region_attributes":{"Type":"1","count":"4"}},{"shape_attributes":{"name":"circle","cx":528,"cy":289,"r":15},"region_attributes":{"Type":"1","count":"1"}},{"shape_attributes":{"name":"circle","cx":555,"cy":275,"r":16},"region_attributes":{"Type":"2","count":"1"}},{"shape_attributes":{"name":"circle","cx":581,"cy":285,"r":13},"region_attributes":{"Type":"1","count":"1"}},{"shape_attributes":{"name":"circle","cx":621,"cy":294,"r":16},"region_attributes":{"Type":"2","count":"1"}},{"shape_attributes":{"name":"circle","cx":669,"cy":271,"r":14},"region_attributes":{"Type":"1","count":"1"}},{"shape_attributes":{"name":"circle","cx":531,"cy":341,"r":17},"region_attributes":{"Type":"1","count":"1"}},{"shape_attributes":{"name":"circle","cx":676,"cy":387,"r":16},"region_attributes":{"Type":"1","count":"1"}},{"shape_attributes":{"name":"circle","cx":625,"cy":394,"r":15},"region_attributes":{"Type":"1","count":"3"}},{"shape_attributes":{"name":"circle","cx":625,"cy":444,"r":16},"region_attributes":{"Type":"1","count":"2"}},{"shape_attributes":{"name":"circle","cx":656,"cy":432,"r":13},"region_attributes":{"Type":"1","count":"2"}},{"shape_attributes":{"name":"circle","cx":667,"cy":489,"r":14},"region_attributes":{"Type":"1","count":"5"}}],"file_attributes":{"date":"2020-03-26","temp":"55","rain":"1","neighborhood":"Gaslamp","total_count":""}},"https://drive.google.com/uc?export=view&id=1SXXH0TY68zp3KgJ3haG73D9CIMO3QQJk\n":{"filename":"https://drive.google.com/uc?export=view&id=1SXXH0TY68zp3KgJ3haG73D9CIMO3QQJk\n","size":-1,"regions":[{"shape_attributes":{"name":"circle","cx":545,"cy":86,"r":15},"region_attributes":{"Type":"1","count":"2"}},{"shape_attributes":{"name":"circle","cx":609,"cy":125,"r":13},"region_attributes":{"Type":"1","count":"2"}},{"shape_attributes":{"name":"circle","cx":530,"cy":195,"r":15},"region_attributes":{"Type":"1","count":"3"}},{"shape_attributes":{"name":"circle","cx":584,"cy":173,"r":11},"region_attributes":{"Type":"1","count":"2"}},{"shape_attributes":{"name":"circle","cx":584,"cy":196,"r":13},"region_attributes":{"Type":"2","count":"1"}},{"shape_attributes":{"name":"circle","cx":607,"cy":199,"r":11},"region_attributes":{"Type":"1","count":"2"}},{"shape_attributes":{"name":"circle","cx":635,"cy":175,"r":13},"region_attributes":{"Type":"1","count":"8"}},{"shape_attributes":{"name":"circle","cx":496,"cy":225,"r":15},"region_attributes":{"Type":"1","count":"1"}},{"shape_attributes":{"name":"circle","cx":546,"cy":241,"r":13},"region_attributes":{"Type":"1","count":"1"}},{"shape_attributes":{"name":"circle","cx":456,"cy":289,"r":15},"region_attributes":{"Type":"1","count":"1"}},{"shape_attributes":{"name":"circle","cx":492,"cy":288,"r":16},"region_attributes":{"Type":"1","count":"7"}},{"shape_attributes":{"name":"circle","cx":546,"cy":289,"r":12},"region_attributes":{"Type":"1","count":"1"}},{"shape_attributes":{"name":"circle","cx":584,"cy":449,"r":14},"region_attributes":{"Type":"1","count":"1"}},{"shape_attributes":{"name":"circle","cx":628,"cy":488,"r":16},"region_attributes":{"Type":"1","count":"11"}}],"file_attributes":{"date":"2020-04-30","temp":"63","rain":"2","neighborhood":"Gaslamp","total_count":""}},"https://drive.google.com/uc?export=view&id=1l8cfiy0xp1UnlCRwgGktOcnFnMa8J6mQ\n":{"filename":"https://drive.google.com/uc?export=view&id=1l8cfiy0xp1UnlCRwgGktOcnFnMa8J6mQ\n","size":-1,"regions":[{"shape_attributes":{"name":"circle","cx":505,"cy":88,"r":13},"region_attributes":{"Type":"1","count":"1"}},{"shape_attributes":{"name":"circle","cx":529,"cy":99,"r":10},"region_attributes":{"Type":"1","count":"2"}},{"shape_attributes":{"name":"circle","cx":554,"cy":89,"r":12.01},"region_attributes":{"Type":"1","count":"2"}},{"shape_attributes":{"name":"circle","cx":599,"cy":86,"r":14},"region_attributes":{"Type":"1","count":"1"}},{"shape_attributes":{"name":"circle","cx":555,"cy":189,"r":11},"region_attributes":{"Type":"1","count":"7"}},{"shape_attributes":{"name":"circle","cx":615,"cy":197,"r":11},"region_attributes":{"Type":"1","count":"3"}},{"shape_attributes":{"name":"circle","cx":648,"cy":175,"r":9},"region_attributes":{"Type":"1","count":"7"}},{"shape_attributes":{"name":"circle","cx":648,"cy":195,"r":18},"region_attributes":{"Type":"2","count":"1"}},{"shape_attributes":{"name":"circle","cx":524,"cy":229,"r":13},"region_attributes":{"Type":"1","count":"3"}},{"shape_attributes":{"name":"circle","cx":505,"cy":244,"r":14},"region_attributes":{"Type":"1","count":"2"}},{"shape_attributes":{"name":"circle","cx":600,"cy":227,"r":12},"region_attributes":{"Type":"1","count":"1"}},{"shape_attributes":{"name":"circle","cx":601,"cy":253,"r":14},"region_attributes":{"Type":"1","count":"2"}},{"shape_attributes":{"name":"circle","cx":639,"cy":224,"r":14},"region_attributes":{"Type":"2","count":"2"}},{"shape_attributes":{"name":"circle","cx":504,"cy":294,"r":13},"region_attributes":{"Type":"1","count":"3"}},{"shape_attributes":{"name":"circle","cx":553,"cy":294,"r":14},"region_attributes":{"Type":"1","count":"1"}},{"shape_attributes":{"name":"circle","cx":642,"cy":356,"r":14},"region_attributes":{"Type":"1","count":"1"}},{"shape_attributes":{"name":"circle","cx":639,"cy":392,"r":15},"region_attributes":{"Type":"1","count":"1"}},{"shape_attributes":{"name":"circle","cx":502,"cy":396,"r":14},"region_attributes":{"Type":"1","count":"1"}},{"shape_attributes":{"name":"circle","cx":646,"cy":514,"r":14},"region_attributes":{"Type":"1","count":"2"}}],"file_attributes":{"date":"2020-05-28","temp":"","rain":"2","neighborhood":"Gaslamp","total_count":""}},"https://drive.google.com/uc?export=view&id=1crE0RwAKZvIl0KWeMCBgOBBwWYvYpaAd\n":{"filename":"https://drive.google.com/uc?export=view&id=1crE0RwAKZvIl0KWeMCBgOBBwWYvYpaAd\n","size":-1,"regions":[{"shape_attributes":{"name":"circle","cx":633,"cy":72,"r":11},"region_attributes":{"Type":"1","count":"1"}},{"shape_attributes":{"name":"circle","cx":653,"cy":93,"r":9},"region_attributes":{"Type":"1","count":"1"}},{"shape_attributes":{"name":"circle","cx":504,"cy":139,"r":8},"region_attributes":{"Type":"1","count":"1"}},{"shape_attributes":{"name":"circle","cx":598,"cy":143,"r":9},"region_attributes":{"Type":"1","count":"1"}},{"shape_attributes":{"name":"circle","cx":534,"cy":181,"r":10},"region_attributes":{"Type":"1","count":"1"}},{"shape_attributes":{"name":"circle","cx":623,"cy":175,"r":11},"region_attributes":{"Type":"1","count":"1"}},{"shape_attributes":{"name":"circle","cx":652,"cy":194,"r":12},"region_attributes":{"Type":"1","count":"6"}},{"shape_attributes":{"name":"circle","cx":506,"cy":243,"r":11},"region_attributes":{"Type":"1","count":"1"}},{"shape_attributes":{"name":"circle","cx":559,"cy":244,"r":12},"region_attributes":{"Type":"1","count":"2"}},{"shape_attributes":{"name":"circle","cx":618,"cy":228,"r":10},"region_attributes":{"Type":"1","count":"1"}},{"shape_attributes":{"name":"circle","cx":648,"cy":255,"r":12.042},"region_attributes":{"Type":"1","count":"2"}},{"shape_attributes":{"name":"circle","cx":619,"cy":261,"r":9},"region_attributes":{"Type":"1","count":"1"}},{"shape_attributes":{"name":"circle","cx":467,"cy":301,"r":11},"region_attributes":{"Type":"1","count":"1"}},{"shape_attributes":{"name":"circle","cx":536,"cy":284,"r":13.01},"region_attributes":{"Type":"1","count":"1"}},{"shape_attributes":{"name":"circle","cx":509,"cy":292,"r":10.512},"region_attributes":{"Type":"1","count":"1"}},{"shape_attributes":{"name":"circle","cx":562,"cy":301,"r":13.5},"region_attributes":{"Type":"1","count":"2"}},{"shape_attributes":{"name":"circle","cx":657,"cy":301,"r":11.5},"region_attributes":{"Type":"1","count":"1"}},{"shape_attributes":{"name":"circle","cx":624,"cy":390,"r":14.08},"region_attributes":{"Type":"1","count":"1"}},{"shape_attributes":{"name":"circle","cx":642,"cy":419,"r":13.583},"region_attributes":{"Type":"1","count":"1"}},{"shape_attributes":{"name":"circle","cx":636,"cy":441,"r":17.007},"region_attributes":{"Type":"1","count":"2"}},{"shape_attributes":{"name":"circle","cx":653,"cy":457,"r":14.009},"region_attributes":{"Type":"1","count":"1"}},{"shape_attributes":{"name":"circle","cx":559,"cy":468,"r":11.543},"region_attributes":{"Type":"1","count":"1"}},{"shape_attributes":{"name":"circle","cx":513,"cy":507,"r":11.673},"region_attributes":{"Type":"1","count":"2"}},{"shape_attributes":{"name":"circle","cx":531,"cy":519,"r":14.534},"region_attributes":{"Type":"1","count":"1"}},{"shape_attributes":{"name":"circle","cx":543,"cy":518,"r":16.031},"region_attributes":{"Type":"1","count":"3"}}],"file_attributes":{"date":"2020-06-25","temp":"60","rain":"2","neighborhood":"Gaslamp","total_count":""}},"https://drive.google.com/uc?export=view&id=1xnb36ikoavkB_DN_40K0UH6s-LhdqDCi\n":{"filename":"https://drive.google.com/uc?export=view&id=1xnb36ikoavkB_DN_40K0UH6s-LhdqDCi\n","size":-1,"regions":[{"shape_attributes":{"name":"circle","cx":504,"cy":81,"r":12},"region_attributes":{"Type":"1","count":"5"}},{"shape_attributes":{"name":"circle","cx":557,"cy":87,"r":12},"region_attributes":{"Type":"1","count":"1"}},{"shape_attributes":{"name":"circle","cx":651,"cy":90,"r":12},"region_attributes":{"Type":"1","count":"2"}},{"shape_attributes":{"name":"circle","cx":517,"cy":103,"r":13},"region_attributes":{"Type":"1","count":"2"}},{"shape_attributes":{"name":"circle","cx":524,"cy":126,"r":13},"region_attributes":{"Type":"1","count":"1"}},{"shape_attributes":{"name":"circle","cx":502,"cy":143,"r":12},"region_attributes":{"Type":"1","count":"1"}},{"shape_attributes":{"name":"circle","cx":527,"cy":154,"r":13},"region_attributes":{"Type":"1","count":"1"}},{"shape_attributes":{"name":"circle","cx":596,"cy":136,"r":10},"region_attributes":{"Type":"1","count":"1"}},{"shape_attributes":{"name":"circle","cx":611,"cy":123,"r":10.512},"region_attributes":{"Type":"1","count":"1"}},{"shape_attributes":{"name":"circle","cx":651,"cy":149,"r":12},"region_attributes":{"Type":"1","count":"3"}},{"shape_attributes":{"name":"circle","cx":501,"cy":178,"r":16},"region_attributes":{"Type":"2","count":"1"}},{"shape_attributes":{"name":"circle","cx":502,"cy":196,"r":13},"region_attributes":{"Type":"1","count":"1"}},{"shape_attributes":{"name":"circle","cx":527,"cy":208,"r":13},"region_attributes":{"Type":"1","count":"6"}},{"shape_attributes":{"name":"circle","cx":623,"cy":210,"r":12},"region_attributes":{"Type":"1","count":"1"}},{"shape_attributes":{"name":"circle","cx":652,"cy":195,"r":14},"region_attributes":{"Type":"1","count":"6"}},{"shape_attributes":{"name":"circle","cx":652,"cy":183,"r":13},"region_attributes":{"Type":"2","count":"1"}},{"shape_attributes":{"name":"circle","cx":502,"cy":246,"r":15},"region_attributes":{"Type":"2","count":"1"}},{"shape_attributes":{"name":"circle","cx":555,"cy":248,"r":13},"region_attributes":{"Type":"1","count":"1"}},{"shape_attributes":{"name":"circle","cx":624,"cy":233,"r":14},"region_attributes":{"Type":"1","count":"1"}},{"shape_attributes":{"name":"circle","cx":503,"cy":303,"r":16},"region_attributes":{"Type":"1","count":"2"}},{"shape_attributes":{"name":"circle","cx":595,"cy":309,"r":11},"region_attributes":{"Type":"1","count":"1"}},{"shape_attributes":{"name":"circle","cx":650,"cy":339,"r":14},"region_attributes":{"Type":"1","count":"2"}},{"shape_attributes":{"name":"circle","cx":616,"cy":417,"r":9},"region_attributes":{"Type":"1","count":"1"}},{"shape_attributes":{"name":"circle","cx":529,"cy":444,"r":13},"region_attributes":{"Type":"1","count":"1"}},{"shape_attributes":{"name":"circle","cx":625,"cy":442,"r":13},"region_attributes":{"Type":"1","count":"1"}},{"shape_attributes":{"name":"circle","cx":648,"cy":460,"r":15},"region_attributes":{"Type":"1","count":"1"}},{"shape_attributes":{"name":"circle","cx":644,"cy":502,"r":12},"region_attributes":{"Type":"1","count":"3"}},{"shape_attributes":{"name":"circle","cx":641,"cy":519,"r":12},"region_attributes":{"Type":"1","count":"1"}}],"file_attributes":{"date":"2020-07-29","temp":"64","rain":"2","neighborhood":"Gaslamp","total_count":""}},"https://drive.google.com/uc?export=view&id=1NeoQngdmEUe-WjIKGVro3FL8Lt91Fg2l\n":{"filename":"https://drive.google.com/uc?export=view&id=1NeoQngdmEUe-WjIKGVro3FL8Lt91Fg2l\n","size":-1,"regions":[{"shape_attributes":{"name":"circle","cx":495,"cy":70,"r":12},"region_attributes":{"Type":"1","count":"1"}},{"shape_attributes":{"name":"circle","cx":497,"cy":89,"r":11},"region_attributes":{"Type":"1","count":"3"}},{"shape_attributes":{"name":"circle","cx":594,"cy":72,"r":11},"region_attributes":{"Type":"1","count":"2"}},{"shape_attributes":{"name":"circle","cx":646,"cy":78,"r":10},"region_attributes":{"Type":"1","count":"1"}},{"shape_attributes":{"name":"circle","cx":531,"cy":112,"r":13},"region_attributes":{"Type":"1","count":"1"}},{"shape_attributes":{"name":"circle","cx":547,"cy":136,"r":10},"region_attributes":{"Type":"1","count":"2"}},{"shape_attributes":{"name":"circle","cx":592,"cy":117,"r":11},"region_attributes":{"Type":"1","count":"1"}},{"shape_attributes":{"name":"circle","cx":623,"cy":108,"r":11},"region_attributes":{"Type":"1","count":"1"}},{"shape_attributes":{"name":"circle","cx":499,"cy":179,"r":12},"region_attributes":{"Type":"1","count":"2"}},{"shape_attributes":{"name":"circle","cx":545,"cy":166,"r":8},"region_attributes":{"Type":"1","count":"1"}},{"shape_attributes":{"name":"circle","cx":521,"cy":197,"r":12},"region_attributes":{"Type":"1","count":"3"}},{"shape_attributes":{"name":"circle","cx":646,"cy":167,"r":12},"region_attributes":{"Type":"2","count":"1"}},{"shape_attributes":{"name":"circle","cx":645,"cy":182,"r":12},"region_attributes":{"Type":"1","count":"5"}},{"shape_attributes":{"name":"circle","cx":495,"cy":231,"r":9},"region_attributes":{"Type":"1","count":"1"}},{"shape_attributes":{"name":"circle","cx":550,"cy":229,"r":8},"region_attributes":{"Type":"1","count":"1"}},{"shape_attributes":{"name":"circle","cx":591,"cy":224,"r":12},"region_attributes":{"Type":"1","count":"1"}},{"shape_attributes":{"name":"circle","cx":617,"cy":213,"r":14},"region_attributes":{"Type":"1","count":"1"}},{"shape_attributes":{"name":"circle","cx":492,"cy":293,"r":15},"region_attributes":{"Type":"1","count":"1"}},{"shape_attributes":{"name":"circle","cx":552,"cy":332,"r":13},"region_attributes":{"Type":"1","count":"1"}},{"shape_attributes":{"name":"circle","cx":642,"cy":326,"r":12.54},"region_attributes":{"Type":"1","count":"1"}},{"shape_attributes":{"name":"circle","cx":599,"cy":426,"r":14},"region_attributes":{"Type":"1","count":"1"}},{"shape_attributes":{"name":"circle","cx":619,"cy":427,"r":16},"region_attributes":{"Type":"1","count":"3"}},{"shape_attributes":{"name":"circle","cx":549,"cy":481,"r":14},"region_attributes":{"Type":"1","count":"1"}},{"shape_attributes":{"name":"circle","cx":620,"cy":483,"r":12},"region_attributes":{"Type":"1","count":"1"}},{"shape_attributes":{"name":"circle","cx":584,"cy":493,"r":13},"region_attributes":{"Type":"1","count":"1"}}],"file_attributes":{"date":"2020-08-27","temp":"76","rain":"2","neighborhood":"Gaslamp","total_count":""}},"https://drive.google.com/uc?export=view&id=1jGh7ANG63RQIq1clI4FjDim5DNVFI1rl\n":{"filename":"https://drive.google.com/uc?export=view&id=1jGh7ANG63RQIq1clI4FjDim5DNVFI1rl\n","size":-1,"regions":[{"shape_attributes":{"name":"circle","cx":561,"cy":86,"r":13},"region_attributes":{"Type":"1","count":"2"}},{"shape_attributes":{"name":"circle","cx":530,"cy":103,"r":13},"region_attributes":{"Type":"1","count":"1"}},{"shape_attributes":{"name":"circle","cx":597,"cy":89,"r":14},"region_attributes":{"Type":"1","count":"9"}},{"shape_attributes":{"name":"circle","cx":651,"cy":77,"r":13},"region_attributes":{"Type":"1","count":"1"}},{"shape_attributes":{"name":"circle","cx":503,"cy":142,"r":13},"region_attributes":{"Type":"1","count":"1"}},{"shape_attributes":{"name":"circle","cx":561,"cy":142,"r":15},"region_attributes":{"Type":"1","count":"1"}},{"shape_attributes":{"name":"circle","cx":650,"cy":141,"r":16},"region_attributes":{"Type":"1","count":"3"}},{"shape_attributes":{"name":"circle","cx":504,"cy":177,"r":15},"region_attributes":{"Type":"1","count":"1"}},{"shape_attributes":{"name":"circle","cx":506,"cy":197,"r":17},"region_attributes":{"Type":"1","count":"4"}},{"shape_attributes":{"name":"circle","cx":647,"cy":195,"r":16},"region_attributes":{"Type":"1","count":"4"}},{"shape_attributes":{"name":"circle","cx":513,"cy":230,"r":14},"region_attributes":{"Type":"1","count":"3"}},{"shape_attributes":{"name":"circle","cx":615,"cy":260,"r":17},"region_attributes":{"Type":"2","count":"1"}},{"shape_attributes":{"name":"circle","cx":646,"cy":257,"r":14},"region_attributes":{"Type":"1","count":"2"}},{"shape_attributes":{"name":"circle","cx":528,"cy":283,"r":14},"region_attributes":{"Type":"1","count":"1"}},{"shape_attributes":{"name":"circle","cx":504,"cy":295,"r":12},"region_attributes":{"Type":"1","count":"1"}},{"shape_attributes":{"name":"circle","cx":593,"cy":298,"r":15},"region_attributes":{"Type":"1","count":"1"}},{"shape_attributes":{"name":"circle","cx":625,"cy":337,"r":16},"region_attributes":{"Type":"1","count":"1"}},{"shape_attributes":{"name":"circle","cx":555,"cy":364,"r":17},"region_attributes":{"Type":"1","count":"1"}},{"shape_attributes":{"name":"circle","cx":645,"cy":414,"r":16},"region_attributes":{"Type":"1","count":"2"}},{"shape_attributes":{"name":"circle","cx":591,"cy":458,"r":10},"region_attributes":{"Type":"1","count":"1"}},{"shape_attributes":{"name":"circle","cx":643,"cy":512,"r":13},"region_attributes":{"Type":"1","count":"5"}}],"file_attributes":{"date":"2020-09-29","temp":"70","rain":"2","neighborhood":"Gaslamp","total_count":""}},"https://drive.google.com/uc?export=view&id=12vqA90mBKjCHum3HYobsLOpEL3C2FXKA\n":{"filename":"https://drive.google.com/uc?export=view&id=12vqA90mBKjCHum3HYobsLOpEL3C2FXKA\n","size":-1,"regions":[{"shape_attributes":{"name":"circle","cx":497,"cy":85,"r":14},"region_attributes":{"Type":"1","count":"2"}},{"shape_attributes":{"name":"circle","cx":507,"cy":100,"r":11},"region_attributes":{"Type":"1","count":"1"}},{"shape_attributes":{"name":"circle","cx":646,"cy":85,"r":12},"region_attributes":{"Type":"1","count":"1"}},{"shape_attributes":{"name":"circle","cx":498,"cy":127,"r":13},"region_attributes":{"Type":"1","count":"1"}},{"shape_attributes":{"name":"circle","cx":593,"cy":127,"r":11},"region_attributes":{"Type":"1","count":"1"}},{"shape_attributes":{"name":"circle","cx":644,"cy":135,"r":16},"region_attributes":{"Type":"1","count":"2"}},{"shape_attributes":{"name":"circle","cx":619,"cy":153,"r":10},"region_attributes":{"Type":"1","count":"1"}},{"shape_attributes":{"name":"circle","cx":553,"cy":191,"r":14},"region_attributes":{"Type":"1","count":"1"}},{"shape_attributes":{"name":"circle","cx":588,"cy":193,"r":10},"region_attributes":{"Type":"1","count":"1"}},{"shape_attributes":{"name":"circle","cx":644,"cy":183,"r":13},"region_attributes":{"Type":"1","count":"3"}},{"shape_attributes":{"name":"circle","cx":644,"cy":198,"r":17},"region_attributes":{"Type":"2","count":"1"}},{"shape_attributes":{"name":"circle","cx":494,"cy":245,"r":14},"region_attributes":{"Type":"1","count":"3"}},{"shape_attributes":{"name":"circle","cx":553,"cy":239,"r":17},"region_attributes":{"Type":"1","count":"2"}},{"shape_attributes":{"name":"circle","cx":609,"cy":229,"r":13},"region_attributes":{"Type":"2","count":"1"}},{"shape_attributes":{"name":"circle","cx":497,"cy":298,"r":13},"region_attributes":{"Type":"1","count":"1"}},{"shape_attributes":{"name":"circle","cx":645,"cy":297,"r":16},"region_attributes":{"Type":"1","count":"1"}},{"shape_attributes":{"name":"circle","cx":553,"cy":352,"r":11},"region_attributes":{"Type":"1","count":"1"}},{"shape_attributes":{"name":"circle","cx":590,"cy":362,"r":10},"region_attributes":{"Type":"1","count":"1"}},{"shape_attributes":{"name":"circle","cx":628,"cy":441,"r":13},"region_attributes":{"Type":"1","count":"3"}},{"shape_attributes":{"name":"circle","cx":515,"cy":499,"r":12},"region_attributes":{"Type":"1","count":"1"}},{"shape_attributes":{"name":"circle","cx":643,"cy":503,"r":17},"region_attributes":{"Type":"1","count":"4"}}],"file_attributes":{"date":"2020-10-29","temp":"61","rain":"2","neighborhood":"Gaslamp","total_count":""}},"https://drive.google.com/uc?export=view&id=1nhow0KfiLt-VCS01gVVedD4nDQpNe3cw\n":{"filename":"https://drive.google.com/uc?export=view&id=1nhow0KfiLt-VCS01gVVedD4nDQpNe3cw\n","size":-1,"regions":[{"shape_attributes":{"name":"circle","cx":502,"cy":77,"r":11},"region_attributes":{"Type":"1","count":"1"}},{"shape_attributes":{"name":"circle","cx":604,"cy":122,"r":10},"region_attributes":{"Type":"1","count":"1"}},{"shape_attributes":{"name":"circle","cx":591,"cy":138,"r":12},"region_attributes":{"Type":"1","count":"2"}},{"shape_attributes":{"name":"circle","cx":613,"cy":152,"r":12},"region_attributes":{"Type":"1","count":"2"}},{"shape_attributes":{"name":"circle","cx":591,"cy":191,"r":14},"region_attributes":{"Type":"2","count":"1"}},{"shape_attributes":{"name":"circle","cx":650,"cy":186,"r":12},"region_attributes":{"Type":"1","count":"4"}},{"shape_attributes":{"name":"circle","cx":650,"cy":197,"r":13},"region_attributes":{"Type":"2","count":"1"}},{"shape_attributes":{"name":"circle","cx":557,"cy":207,"r":15},"region_attributes":{"Type":"1","count":"1"}},{"shape_attributes":{"name":"circle","cx":503,"cy":228,"r":13},"region_attributes":{"Type":"1","count":"1"}},{"shape_attributes":{"name":"circle","cx":557,"cy":244,"r":15},"region_attributes":{"Type":"1","count":"2"}},{"shape_attributes":{"name":"circle","cx":502,"cy":256,"r":13},"region_attributes":{"Type":"1","count":"1"}},{"shape_attributes":{"name":"circle","cx":503,"cy":306,"r":14},"region_attributes":{"Type":"1","count":"3"}},{"shape_attributes":{"name":"circle","cx":551,"cy":306,"r":10},"region_attributes":{"Type":"1","count":"1"}},{"shape_attributes":{"name":"circle","cx":593,"cy":300,"r":13},"region_attributes":{"Type":"1","count":"1"}},{"shape_attributes":{"name":"circle","cx":618,"cy":338,"r":11},"region_attributes":{"Type":"1","count":"2"}},{"shape_attributes":{"name":"circle","cx":649,"cy":337,"r":13},"region_attributes":{"Type":"1","count":"1"}},{"shape_attributes":{"name":"circle","cx":632,"cy":438,"r":12},"region_attributes":{"Type":"1","count":"1"}},{"shape_attributes":{"name":"circle","cx":595,"cy":459,"r":15},"region_attributes":{"Type":"1","count":"2"}},{"shape_attributes":{"name":"circle","cx":623,"cy":472,"r":13},"region_attributes":{"Type":"1","count":"1"}}],"file_attributes":{"date":"2020-11-24","temp":"59","rain":"2","neighborhood":"Gaslamp","total_count":""}},"https://drive.google.com/uc?export=view&id=1pLXU6vLdwSHTgxtzeQ8yq2t7cIAgjArz\n":{"filename":"https://drive.google.com/uc?export=view&id=1pLXU6vLdwSHTgxtzeQ8yq2t7cIAgjArz\n","size":-1,"regions":[{"shape_attributes":{"name":"circle","cx":492,"cy":27,"r":18},"region_attributes":{"Type":"1","count":"1"}},{"shape_attributes":{"name":"circle","cx":619,"cy":23,"r":13},"region_attributes":{"Type":"1","count":"1"}},{"shape_attributes":{"name":"circle","cx":553,"cy":97,"r":12},"region_attributes":{"Type":"1","count":"1"}},{"shape_attributes":{"name":"circle","cx":492,"cy":100,"r":15},"region_attributes":{"Type":"1","count":"1"}},{"shape_attributes":{"name":"circle","cx":590,"cy":97,"r":14},"region_attributes":{"Type":"1","count":"3"}},{"shape_attributes":{"name":"circle","cx":490,"cy":151,"r":18},"region_attributes":{"Type":"1","count":"3"}},{"shape_attributes":{"name":"circle","cx":524,"cy":169,"r":12},"region_attributes":{"Type":"1","count":"1"}},{"shape_attributes":{"name":"circle","cx":590,"cy":153,"r":10},"region_attributes":{"Type":"1","count":"1"}},{"shape_attributes":{"name":"circle","cx":644,"cy":136,"r":15},"region_attributes":{"Type":"2","count":"1"}},{"shape_attributes":{"name":"circle","cx":650,"cy":152,"r":17},"region_attributes":{"Type":"1","count":"2"}},{"shape_attributes":{"name":"circle","cx":618,"cy":167,"r":16},"region_attributes":{"Type":"1","count":"2"}},{"shape_attributes":{"name":"circle","cx":553,"cy":210,"r":12},"region_attributes":{"Type":"1","count":"1"}},{"shape_attributes":{"name":"circle","cx":493,"cy":267,"r":14},"region_attributes":{"Type":"1","count":"8"}},{"shape_attributes":{"name":"circle","cx":453,"cy":263,"r":10},"region_attributes":{"Type":"1","count":"1"}},{"shape_attributes":{"name":"circle","cx":552,"cy":268,"r":15},"region_attributes":{"Type":"1","count":"1"}},{"shape_attributes":{"name":"circle","cx":590,"cy":263,"r":10},"region_attributes":{"Type":"1","count":"1"}},{"shape_attributes":{"name":"circle","cx":646,"cy":310,"r":13},"region_attributes":{"Type":"1","count":"1"}},{"shape_attributes":{"name":"circle","cx":648,"cy":422,"r":18},"region_attributes":{"Type":"1","count":"2"}},{"shape_attributes":{"name":"circle","cx":590,"cy":443,"r":16},"region_attributes":{"Type":"1","count":"3"}},{"shape_attributes":{"name":"circle","cx":644,"cy":483,"r":13},"region_attributes":{"Type":"1","count":"1"}},{"shape_attributes":{"name":"circle","cx":647,"cy":502,"r":15},"region_attributes":{"Type":"1","count":"1"}}],"file_attributes":{"date":"2020-12-29","temp":"53","rain":"1","neighborhood":"Gaslamp","total_count":""}}},"_via_attributes":{"region":{"Type":{"type":"dropdown","description":"","options":{"1":"Individual","2":"Structure","3":"Vehicle"},"default_options":{}},"count":{"type":"text","description":"","default_value":""}},"file":{"date":{"type":"text","description":"","default_value":""},"temp":{"type":"text","description":"","default_value":""},"rain":{"type":"dropdown","description":"","options":{"1":"rain","2":"clear"},"default_options":{"2":true}},"neighborhood":{"type":"text","description":"","default_value":"Gaslamp"},"total_count":{"type":"text","description":"","default_value":""}}},"_via_data_format_version":"2.0.10","_via_image_id_list":["https://drive.google.com/uc?export=view&id=1kmTnx8ft3lwAPN3yR5y9tzzKKY6ro7aY\n","https://drive.google.com/uc?export=view&id=1SgK1ALhq7NtWmmUWZO7OEP7pUTMWA9OL\n","https://drive.google.com/uc?export=view&id=1mOFcsRL0-gvfwuYkIBDWGcmMLIFfAlO7\n","https://drive.google.com/uc?export=view&id=1SXXH0TY68zp3KgJ3haG73D9CIMO3QQJk\n","https://drive.google.com/uc?export=view&id=1l8cfiy0xp1UnlCRwgGktOcnFnMa8J6mQ\n","https://drive.google.com/uc?export=view&id=1crE0RwAKZvIl0KWeMCBgOBBwWYvYpaAd\n","https://drive.google.com/uc?export=view&id=1xnb36ikoavkB_DN_40K0UH6s-LhdqDCi\n","https://drive.google.com/uc?export=view&id=1NeoQngdmEUe-WjIKGVro3FL8Lt91Fg2l\n","https://drive.google.com/uc?export=view&id=1jGh7ANG63RQIq1clI4FjDim5DNVFI1rl\n","https://drive.google.com/uc?export=view&id=12vqA90mBKjCHum3HYobsLOpEL3C2FXKA\n","https://drive.google.com/uc?export=view&id=1nhow0KfiLt-VCS01gVVedD4nDQpNe3cw\n","https://drive.google.com/uc?export=view&id=1pLXU6vLdwSHTgxtzeQ8yq2t7cIAgjArz\n"]}