{"_via_settings":{"ui":{"annotation_editor_height":25,"annotation_editor_fontsize":0.8,"leftsidebar_width":18,"image_grid":{"img_height":80,"rshape_fill":"none","rshape_fill_opacity":0.3,"rshape_stroke":"yellow","rshape_stroke_width":2,"show_region_shape":true,"show_image_policy":"all"},"image":{"region_label":"__via_region_id__","region_color":"__via_default_region_color__","region_label_font":"10px Sans","on_image_annotation_editor_placement":"NEAR_REGION"}},"core":{"buffer_size":18,"filepath":{},"default_filepath":""},"project":{"name":"Barrio Logan_2024_gcp"}},"_via_img_metadata":{"https://lh3.googleusercontent.com/d/1j1RDVwHdx-leQ2vLuof_UhAInG4Y3gAI\n":{"filename":"https://lh3.googleusercontent.com/d/1j1RDVwHdx-leQ2vLuof_UhAInG4Y3gAI\n","size":-1,"regions":[{"shape_attributes":{"name":"rect","x":477,"y":114,"width":40,"height":43},"region_attributes":{"Intersection":"1"}},{"shape_attributes":{"name":"rect","x":411,"y":480,"width":52,"height":55},"region_attributes":{"Intersection":"2"}},{"shape_attributes":{"name":"rect","x":1223,"y":712,"width":38,"height":45},"region_attributes":{"Intersection":"3"}},{"shape_attributes":{"name":"rect","x":1012,"y":974,"width":52,"height":41},"region_attributes":{"Intersection":"4"}}],"file_attributes":{}},"https://lh3.googleusercontent.com/d/1Wli78y2d8CHOuBlapztraYKsbgpIlb4V\n":{"filename":"https://lh3.googleusercontent.com/d/1Wli78y2d8CHOuBlapztraYKsbgpIlb4V\n","size":-1,"regions":[{"shape_attributes":{"name":"rect","x":477,"y":114,"width":40,"height":43},"region_attributes":{"Intersection":"1"}},{"shape_attributes":{"name":"rect","x":411,"y":480,"width":52,"height":55},"region_attributes":{"Intersection":"2"}},{"shape_attributes":{"name":"rect","x":1223,"y":712,"width":38,"height":45},"region_attributes":{"Intersection":"3"}},{"shape_attributes":{"name":"rect","x":1012,"y":974,"width":52,"height":41},"region_attributes":{"Intersection":"4"}}],"file_attributes":{}},"https://lh3.googleusercontent.com/d/1Kifrb1TnWgvj4nMVuWb9TFxoOBPKO3pl\n":{"filename":"https://lh3.googleusercontent.com/d/1Kifrb1TnWgvj4nMVuWb9TFxoOBPKO3pl\n","size":-1,"regions":[{"shape_attributes":{"name":"rect","x":474,"y":121,"width":40,"height":43},"region_attributes":{"Intersection":"1"}},{"shape_attributes":{"name":"rect","x":406,"y":489,"width":52,"height":55},"region_attributes":{"Intersection":"2"}},{"shape_attributes":{"name":"rect","x":1220,"y":717,"width":38,"height":45},"region_attributes":{"Intersection":"3"}},{"shape_attributes":{"name":"rect","x":1007,"y":979,"width":52,"height":41},"region_attributes":{"Intersection":"4"}}],"file_attributes":{}},"https://lh3.googleusercontent.com/d/1XBaxK9eAO6r9SZaZh7f7fH-zFeFaFk79\n":{"filename":"https://lh3.googleusercontent.com/d/1XBaxK9eAO6r9SZaZh7f7fH-zFeFaFk79\n","size":-1,"regions":[{"shape_attributes":{"name":"rect","x":477,"y":114,"width":40,"height":43},"region_attributes":{"Intersection":"1"}},{"shape_attributes":{"name":"rect","x":411,"y":480,"width":52,"height":55},"region_attributes":{"Intersection":"2"}},{"shape_attributes":{"name":"rect","x":1223,"y":712,"width":38,"height":45},"region_attributes":{"Intersection":"3"}},{"shape_attributes":{"name":"rect","x":1012,"y":974,"width":52,"height":41},"region_attributes":{"Intersection":"4"}}],"file_attributes":{}},"https://lh3.googleusercontent.com/d/1aX-4Tv_dkseHyB2-3RxKTfNx2HH921PZ\n":{"filename":"https://lh3.googleusercontent.com/d/1aX-4Tv_dkseHyB2-3RxKTfNx2HH921PZ\n","size":-1,"regions":[{"shape_attributes":{"name":"rect","x":477,"y":114,"width":40,"height":43},"region_attributes":{"Intersection":"1"}},{"shape_attributes":{"name":"rect","x":411,"y":480,"width":52,"height":55},"region_attributes":{"Intersection":"2"}},{"shape_attributes":{"name":"rect","x":1223,"y":712,"width":38,"height":45},"region_attributes":{"Intersection":"3"}},{"shape_attributes":{"name":"rect","x":1012,"y":974,"width":52,"height":41},"region_attributes":{"Intersection":"4"}}],"file_attributes":{}}},"_via_attributes":{"region":{"Intersection":{"type":"dropdown","description":"","options":{"1":"16th_Logan","2":"Main_Sigsbee","3":"Logan_Evans","4":"Main_Evans"},"default_options":{}}},"file":{"neighborhood":{"type":"text","description":"","default_value":"Barrio Logan"}}},"_via_data_format_version":"2.0.10","_via_image_id_list":["https://lh3.googleusercontent.com/d/1j1RDVwHdx-leQ2vLuof_UhAInG4Y3gAI\n","https://lh3.googleusercontent.com/d/1Wli78y2d8CHOuBlapztraYKsbgpIlb4V\n","https://lh3.googleusercontent.com/d/1Kifrb1TnWgvj4nMVuWb9TFxoOBPKO3pl\n","https://lh3.googleusercontent.com/d/1XBaxK9eAO6r9SZaZh7f7fH-zFeFaFk79\n","https://lh3.googleusercontent.com/d/1aX-4Tv_dkseHyB2-3RxKTfNx2HH921PZ\n"]}