{"_via_settings":{"ui":{"annotation_editor_height":25,"annotation_editor_fontsize":0.8,"leftsidebar_width":18,"image_grid":{"img_height":80,"rshape_fill":"none","rshape_fill_opacity":0.3,"rshape_stroke":"yellow","rshape_stroke_width":2,"show_region_shape":true,"show_image_policy":"all"},"image":{"region_label":"__via_region_id__","region_color":"__via_default_region_color__","region_label_font":"10px Sans","on_image_annotation_editor_placement":"NEAR_REGION"}},"core":{"buffer_size":18,"filepath":{},"default_filepath":""},"project":{"name":"Barrio Logan_2023_gcp"}},"_via_img_metadata":{" https://lh3.googleusercontent.com/d/1APzqM6U3XJt3i4vJIzOsnfGRM1cRwuuT\n":{"filename":" https://lh3.googleusercontent.com/d/1APzqM6U3XJt3i4vJIzOsnfGRM1cRwuuT\n","size":-1,"regions":[{"shape_attributes":{"name":"rect","x":478,"y":123,"width":34,"height":42},"region_attributes":{"Intersection":"1"}},{"shape_attributes":{"name":"rect","x":411,"y":495,"width":41,"height":43},"region_attributes":{"Intersection":"2"}},{"shape_attributes":{"name":"rect","x":1214,"y":724,"width":41,"height":45},"region_attributes":{"Intersection":"3"}},{"shape_attributes":{"name":"rect","x":1008,"y":986,"width":45,"height":39},"region_attributes":{"Intersection":"4"}}],"file_attributes":{}}," https://lh3.googleusercontent.com/d/1KMra2AYYhbcjH1JymT20skMJOxqxZBcY\n":{"filename":" https://lh3.googleusercontent.com/d/1KMra2AYYhbcjH1JymT20skMJOxqxZBcY\n","size":-1,"regions":[{"shape_attributes":{"name":"rect","x":478,"y":123,"width":34,"height":42},"region_attributes":{"Intersection":"1"}},{"shape_attributes":{"name":"rect","x":411,"y":495,"width":41,"height":43},"region_attributes":{"Intersection":"2"}},{"shape_attributes":{"name":"rect","x":1214,"y":724,"width":41,"height":45},"region_attributes":{"Intersection":"3"}},{"shape_attributes":{"name":"rect","x":1008,"y":986,"width":45,"height":39},"region_attributes":{"Intersection":"4"}}],"file_attributes":{}}," https://lh3.googleusercontent.com/d/1vzt9x2YrkERF1WGjztNtPYkJlTXQSUym\n":{"filename":" https://lh3.googleusercontent.com/d/1vzt9x2YrkERF1WGjztNtPYkJlTXQSUym\n","size":-1,"regions":[{"shape_attributes":{"name":"rect","x":511,"y":126,"width":34,"height":42},"region_attributes":{"Intersection":"1"}},{"shape_attributes":{"name":"rect","x":437,"y":486,"width":41,"height":43},"region_attributes":{"Intersection":"2"}},{"shape_attributes":{"name":"rect","x":1212,"y":712,"width":41,"height":45},"region_attributes":{"Intersection":"3"}},{"shape_attributes":{"name":"rect","x":1005,"y":967,"width":45,"height":39},"region_attributes":{"Intersection":"4"}}],"file_attributes":{}}," https://lh3.googleusercontent.com/d/1b2AFwVZ0eP8DUBVz8Oio31EsTx3W4INb\n":{"filename":" https://lh3.googleusercontent.com/d/1b2AFwVZ0eP8DUBVz8Oio31EsTx3W4INb\n","size":-1,"regions":[{"shape_attributes":{"name":"rect","x":488,"y":137,"width":34,"height":42},"region_attributes":{"Intersection":"1"}},{"shape_attributes":{"name":"rect","x":427,"y":497,"width":41,"height":43},"region_attributes":{"Intersection":"2"}},{"shape_attributes":{"name":"rect","x":1205,"y":717,"width":41,"height":45},"region_attributes":{"Intersection":"3"}},{"shape_attributes":{"name":"rect","x":1005,"y":972,"width":45,"height":39},"region_attributes":{"Intersection":"4"}}],"file_attributes":{}}," https://lh3.googleusercontent.com/d/1Q6yPC8Qswwe0uygCkNor6faHwulZcssk\n":{"filename":" https://lh3.googleusercontent.com/d/1Q6yPC8Qswwe0uygCkNor6faHwulZcssk\n","size":-1,"regions":[{"shape_attributes":{"name":"rect","x":471,"y":120,"width":34,"height":42},"region_attributes":{"Intersection":"1"}},{"shape_attributes":{"name":"rect","x":411,"y":495,"width":41,"height":43},"region_attributes":{"Intersection":"2"}},{"shape_attributes":{"name":"rect","x":1221,"y":715,"width":41,"height":45},"region_attributes":{"Intersection":"3"}},{"shape_attributes":{"name":"rect","x":1008,"y":986,"width":45,"height":39},"region_attributes":{"Intersection":"4"}}],"file_attributes":{}}," https://lh3.googleusercontent.com/d/1wbU5OxnrZE7T0QsBtfb76tifbW0jXLp-\n":{"filename":" https://lh3.googleusercontent.com/d/1wbU5OxnrZE7T0QsBtfb76tifbW0jXLp-\n","size":-1,"regions":[{"shape_attributes":{"name":"rect","x":499,"y":133,"width":34,"height":42},"region_attributes":{"Intersection":"1"}},{"shape_attributes":{"name":"rect","x":432,"y":495,"width":41,"height":43},"region_attributes":{"Intersection":"2"}},{"shape_attributes":{"name":"rect","x":1216,"y":717,"width":41,"height":45},"region_attributes":{"Intersection":"3"}},{"shape_attributes":{"name":"rect","x":1013,"y":969,"width":45,"height":39},"region_attributes":{"Intersection":"4"}}],"file_attributes":{}}," https://lh3.googleusercontent.com/d/1xrSNibFCsn5vrRHqYt9AbFMt6-cXyjSN\n":{"filename":" https://lh3.googleusercontent.com/d/1xrSNibFCsn5vrRHqYt9AbFMt6-cXyjSN\n","size":-1,"regions":[{"shape_attributes":{"name":"rect","x":487,"y":137,"width":34,"height":42},"region_attributes":{"Intersection":"1"}},{"shape_attributes":{"name":"rect","x":416,"y":490,"width":41,"height":43},"region_attributes":{"Intersection":"2"}},{"shape_attributes":{"name":"rect","x":1191,"y":714,"width":41,"height":45},"region_attributes":{"Intersection":"3"}},{"shape_attributes":{"name":"rect","x":989,"y":967,"width":45,"height":39},"region_attributes":{"Intersection":"4"}}],"file_attributes":{}}," https://lh3.googleusercontent.com/d/1HL3yhddZzIisnWHZatszRCCryjsxz39v\n":{"filename":" https://lh3.googleusercontent.com/d/1HL3yhddZzIisnWHZatszRCCryjsxz39v\n","size":-1,"regions":[{"shape_attributes":{"name":"rect","x":478,"y":123,"width":34,"height":42},"region_attributes":{"Intersection":"1"}},{"shape_attributes":{"name":"rect","x":411,"y":495,"width":41,"height":43},"region_attributes":{"Intersection":"2"}},{"shape_attributes":{"name":"rect","x":1214,"y":724,"width":41,"height":45},"region_attributes":{"Intersection":"3"}},{"shape_attributes":{"name":"rect","x":1008,"y":986,"width":45,"height":39},"region_attributes":{"Intersection":"4"}}],"file_attributes":{}}," https://lh3.googleusercontent.com/d/1-3MviYlwl2qkSZh7Xoo6VjO7OuDfTcjl\n":{"filename":" https://lh3.googleusercontent.com/d/1-3MviYlwl2qkSZh7Xoo6VjO7OuDfTcjl\n","size":-1,"regions":[{"shape_attributes":{"name":"rect","x":478,"y":123,"width":34,"height":42},"region_attributes":{"Intersection":"1"}},{"shape_attributes":{"name":"rect","x":411,"y":495,"width":41,"height":43},"region_attributes":{"Intersection":"2"}},{"shape_attributes":{"name":"rect","x":1214,"y":724,"width":41,"height":45},"region_attributes":{"Intersection":"3"}},{"shape_attributes":{"name":"rect","x":1008,"y":986,"width":45,"height":39},"region_attributes":{"Intersection":"4"}}],"file_attributes":{}}," https://lh3.googleusercontent.com/d/1YFx1Gz6HcSZOzgL9-Hn8rP7OHsnRtJ6P\n":{"filename":" https://lh3.googleusercontent.com/d/1YFx1Gz6HcSZOzgL9-Hn8rP7OHsnRtJ6P\n","size":-1,"regions":[{"shape_attributes":{"name":"rect","x":478,"y":123,"width":34,"height":42},"region_attributes":{"Intersection":"1"}},{"shape_attributes":{"name":"rect","x":411,"y":495,"width":41,"height":43},"region_attributes":{"Intersection":"2"}},{"shape_attributes":{"name":"rect","x":1214,"y":724,"width":41,"height":45},"region_attributes":{"Intersection":"3"}},{"shape_attributes":{"name":"rect","x":1008,"y":986,"width":45,"height":39},"region_attributes":{"Intersection":"4"}}],"file_attributes":{}}," https://lh3.googleusercontent.com/d/1GFW2GsSpr_9Nbe6_GlxtyOBrP0l_QMhp\n":{"filename":" https://lh3.googleusercontent.com/d/1GFW2GsSpr_9Nbe6_GlxtyOBrP0l_QMhp\n","size":-1,"regions":[{"shape_attributes":{"name":"rect","x":478,"y":123,"width":34,"height":42},"region_attributes":{"Intersection":"1"}},{"shape_attributes":{"name":"rect","x":411,"y":495,"width":41,"height":43},"region_attributes":{"Intersection":"2"}},{"shape_attributes":{"name":"rect","x":1214,"y":724,"width":41,"height":45},"region_attributes":{"Intersection":"3"}},{"shape_attributes":{"name":"rect","x":1008,"y":986,"width":45,"height":39},"region_attributes":{"Intersection":"4"}}],"file_attributes":{}}," https://lh3.googleusercontent.com/d/1bni78ARoQC9ZfNKaMOgYg3gScxfvMHeh\n":{"filename":" https://lh3.googleusercontent.com/d/1bni78ARoQC9ZfNKaMOgYg3gScxfvMHeh\n","size":-1,"regions":[{"shape_attributes":{"name":"rect","x":473,"y":118,"width":34,"height":42},"region_attributes":{"Intersection":"1"}},{"shape_attributes":{"name":"rect","x":413,"y":483,"width":41,"height":43},"region_attributes":{"Intersection":"2"}},{"shape_attributes":{"name":"rect","x":1217,"y":714,"width":41,"height":45},"region_attributes":{"Intersection":"3"}},{"shape_attributes":{"name":"rect","x":1008,"y":974,"width":45,"height":39},"region_attributes":{"Intersection":"4"}}],"file_attributes":{}}},"_via_attributes":{"region":{"Intersection":{"type":"dropdown","description":"","options":{"1":"16th_Logan","2":"Main_Sigsbee","3":"Logan_Evans","4":"Main_Evans"},"default_options":{}}},"file":{"neighborhood":{"type":"text","description":"","default_value":"Barrio Logan"}}},"_via_data_format_version":"2.0.10","_via_image_id_list":[" https://lh3.googleusercontent.com/d/1APzqM6U3XJt3i4vJIzOsnfGRM1cRwuuT\n"," https://lh3.googleusercontent.com/d/1KMra2AYYhbcjH1JymT20skMJOxqxZBcY\n"," https://lh3.googleusercontent.com/d/1vzt9x2YrkERF1WGjztNtPYkJlTXQSUym\n"," https://lh3.googleusercontent.com/d/1b2AFwVZ0eP8DUBVz8Oio31EsTx3W4INb\n"," https://lh3.googleusercontent.com/d/1Q6yPC8Qswwe0uygCkNor6faHwulZcssk\n"," https://lh3.googleusercontent.com/d/1wbU5OxnrZE7T0QsBtfb76tifbW0jXLp-\n"," https://lh3.googleusercontent.com/d/1xrSNibFCsn5vrRHqYt9AbFMt6-cXyjSN\n"," https://lh3.googleusercontent.com/d/1HL3yhddZzIisnWHZatszRCCryjsxz39v\n"," https://lh3.googleusercontent.com/d/1-3MviYlwl2qkSZh7Xoo6VjO7OuDfTcjl\n"," https://lh3.googleusercontent.com/d/1YFx1Gz6HcSZOzgL9-Hn8rP7OHsnRtJ6P\n"," https://lh3.googleusercontent.com/d/1GFW2GsSpr_9Nbe6_GlxtyOBrP0l_QMhp\n"," https://lh3.googleusercontent.com/d/1bni78ARoQC9ZfNKaMOgYg3gScxfvMHeh\n"]}