{"_via_settings":{"ui":{"annotation_editor_height":25,"annotation_editor_fontsize":0.8,"leftsidebar_width":18,"image_grid":{"img_height":80,"rshape_fill":"none","rshape_fill_opacity":0.3,"rshape_stroke":"yellow","rshape_stroke_width":2,"show_region_shape":true,"show_image_policy":"all"},"image":{"region_label":"__via_region_id__","region_color":"__via_default_region_color__","region_label_font":"10px Sans","on_image_annotation_editor_placement":"NEAR_REGION"}},"core":{"buffer_size":18,"filepath":{},"default_filepath":""},"project":{"name":"City Center_2023_gcp"}},"_via_img_metadata":{" https://lh3.googleusercontent.com/d/1wHUi4q42gMyS2yBP39HXXS88ArKtUHbu\n":{"filename":" https://lh3.googleusercontent.com/d/1wHUi4q42gMyS2yBP39HXXS88ArKtUHbu\n","size":-1,"regions":[{"shape_attributes":{"name":"rect","x":404,"y":607,"width":25,"height":34},"region_attributes":{"Intersection":"1"}},{"shape_attributes":{"name":"rect","x":408,"y":369,"width":25,"height":26},"region_attributes":{"Intersection":"2"}},{"shape_attributes":{"name":"rect","x":1359,"y":376,"width":23,"height":26},"region_attributes":{"Intersection":"4"}},{"shape_attributes":{"name":"rect","x":1358,"y":622,"width":25,"height":23},"region_attributes":{"Intersection":"3"}}],"file_attributes":{}}," https://lh3.googleusercontent.com/d/1TpSvRn-AZExMVNX0BCGVyfAkjrom1sO2\n":{"filename":" https://lh3.googleusercontent.com/d/1TpSvRn-AZExMVNX0BCGVyfAkjrom1sO2\n","size":-1,"regions":[{"shape_attributes":{"name":"rect","x":404,"y":600,"width":25,"height":34},"region_attributes":{"Intersection":"1"}},{"shape_attributes":{"name":"rect","x":406,"y":364,"width":25,"height":26},"region_attributes":{"Intersection":"2"}},{"shape_attributes":{"name":"rect","x":1360,"y":364,"width":23,"height":26},"region_attributes":{"Intersection":"4"}},{"shape_attributes":{"name":"rect","x":1357,"y":608,"width":25,"height":23},"region_attributes":{"Intersection":"3"}}],"file_attributes":{}}," https://lh3.googleusercontent.com/d/1zRkYbe5DIRRRQQF0PU_dl6R-J-RjIa4t\n":{"filename":" https://lh3.googleusercontent.com/d/1zRkYbe5DIRRRQQF0PU_dl6R-J-RjIa4t\n","size":-1,"regions":[{"shape_attributes":{"name":"rect","x":416,"y":591,"width":25,"height":34},"region_attributes":{"Intersection":"1"}},{"shape_attributes":{"name":"rect","x":419,"y":365,"width":25,"height":26},"region_attributes":{"Intersection":"2"}},{"shape_attributes":{"name":"rect","x":1338,"y":371,"width":23,"height":26},"region_attributes":{"Intersection":"4"}},{"shape_attributes":{"name":"rect","x":1332,"y":607,"width":25,"height":23},"region_attributes":{"Intersection":"3"}}],"file_attributes":{}}," https://lh3.googleusercontent.com/d/1I14LHVmWQHTbyiELTBX18aCuQ9q4_DO0\n":{"filename":" https://lh3.googleusercontent.com/d/1I14LHVmWQHTbyiELTBX18aCuQ9q4_DO0\n","size":-1,"regions":[{"shape_attributes":{"name":"rect","x":419,"y":597,"width":25,"height":34},"region_attributes":{"Intersection":"1"}},{"shape_attributes":{"name":"rect","x":421,"y":373,"width":25,"height":26},"region_attributes":{"Intersection":"2"}},{"shape_attributes":{"name":"rect","x":1341,"y":370,"width":23,"height":26},"region_attributes":{"Intersection":"4"}},{"shape_attributes":{"name":"rect","x":1338,"y":605,"width":25,"height":23},"region_attributes":{"Intersection":"3"}}],"file_attributes":{}}," https://lh3.googleusercontent.com/d/15_wB6kw_J5ySfjMQX8NvB__HOXjTAW0c\n":{"filename":" https://lh3.googleusercontent.com/d/15_wB6kw_J5ySfjMQX8NvB__HOXjTAW0c\n","size":-1,"regions":[{"shape_attributes":{"name":"rect","x":399,"y":606,"width":25,"height":34},"region_attributes":{"Intersection":"1"}},{"shape_attributes":{"name":"rect","x":399,"y":369,"width":25,"height":26},"region_attributes":{"Intersection":"2"}},{"shape_attributes":{"name":"rect","x":1356,"y":372,"width":23,"height":26},"region_attributes":{"Intersection":"4"}},{"shape_attributes":{"name":"rect","x":1355,"y":614,"width":25,"height":25},"region_attributes":{"Intersection":"3"}}],"file_attributes":{}}," https://lh3.googleusercontent.com/d/10UFPcmC-ACZwXJCWh3q41jNmd16rBVvZ\n":{"filename":" https://lh3.googleusercontent.com/d/10UFPcmC-ACZwXJCWh3q41jNmd16rBVvZ\n","size":-1,"regions":[{"shape_attributes":{"name":"rect","x":420,"y":602,"width":25,"height":34},"region_attributes":{"Intersection":"1"}},{"shape_attributes":{"name":"rect","x":421,"y":373,"width":25,"height":26},"region_attributes":{"Intersection":"2"}},{"shape_attributes":{"name":"rect","x":1354,"y":374,"width":23,"height":26},"region_attributes":{"Intersection":"4"}},{"shape_attributes":{"name":"rect","x":1351,"y":612,"width":25,"height":23},"region_attributes":{"Intersection":"3"}}],"file_attributes":{}}," https://lh3.googleusercontent.com/d/1e9zBeIdcLc213gLZljiFT3HIaUapJ83s\n":{"filename":" https://lh3.googleusercontent.com/d/1e9zBeIdcLc213gLZljiFT3HIaUapJ83s\n","size":-1,"regions":[{"shape_attributes":{"name":"rect","x":404,"y":595,"width":25,"height":34},"region_attributes":{"Intersection":"1"}},{"shape_attributes":{"name":"rect","x":408,"y":369,"width":25,"height":26},"region_attributes":{"Intersection":"2"}},{"shape_attributes":{"name":"rect","x":1325,"y":365,"width":23,"height":26},"region_attributes":{"Intersection":"4"}},{"shape_attributes":{"name":"rect","x":1324,"y":601,"width":25,"height":23},"region_attributes":{"Intersection":"3"}}],"file_attributes":{}}," https://lh3.googleusercontent.com/d/1-Fu19gfaeZ9jhbV6gRJtT6vGPVAl7YLD\n":{"filename":" https://lh3.googleusercontent.com/d/1-Fu19gfaeZ9jhbV6gRJtT6vGPVAl7YLD\n","size":-1,"regions":[{"shape_attributes":{"name":"rect","x":405,"y":590,"width":25,"height":34},"region_attributes":{"Intersection":"1"}},{"shape_attributes":{"name":"rect","x":405,"y":354,"width":25,"height":26},"region_attributes":{"Intersection":"2"}},{"shape_attributes":{"name":"rect","x":1355,"y":350,"width":23,"height":26},"region_attributes":{"Intersection":"4"}},{"shape_attributes":{"name":"rect","x":1355,"y":597,"width":25,"height":23},"region_attributes":{"Intersection":"3"}}],"file_attributes":{}}," https://lh3.googleusercontent.com/d/1ycRt4ppKdhDXPsF9log2WBG7e0dxQb4K\n":{"filename":" https://lh3.googleusercontent.com/d/1ycRt4ppKdhDXPsF9log2WBG7e0dxQb4K\n","size":-1,"regions":[{"shape_attributes":{"name":"rect","x":403,"y":595,"width":25,"height":34},"region_attributes":{"Intersection":"1"}},{"shape_attributes":{"name":"rect","x":403,"y":360,"width":25,"height":26},"region_attributes":{"Intersection":"2"}},{"shape_attributes":{"name":"rect","x":1356,"y":359,"width":23,"height":26},"region_attributes":{"Intersection":"4"}},{"shape_attributes":{"name":"rect","x":1354,"y":603,"width":25,"height":23},"region_attributes":{"Intersection":"3"}}],"file_attributes":{}}," https://lh3.googleusercontent.com/d/1U-QuSW5Bguq6smht-dl_vLWYVDajAhjf\n":{"filename":" https://lh3.googleusercontent.com/d/1U-QuSW5Bguq6smht-dl_vLWYVDajAhjf\n","size":-1,"regions":[{"shape_attributes":{"name":"rect","x":400,"y":595,"width":25,"height":34},"region_attributes":{"Intersection":"1"}},{"shape_attributes":{"name":"rect","x":404,"y":359,"width":25,"height":26},"region_attributes":{"Intersection":"2"}},{"shape_attributes":{"name":"rect","x":1354,"y":354,"width":23,"height":26},"region_attributes":{"Intersection":"4"}},{"shape_attributes":{"name":"rect","x":1355,"y":601,"width":25,"height":23},"region_attributes":{"Intersection":"3"}}],"file_attributes":{}}," https://lh3.googleusercontent.com/d/1N5QfFSIgGy0TYu8IYqJpui5KdwKC6nY3\n":{"filename":" https://lh3.googleusercontent.com/d/1N5QfFSIgGy0TYu8IYqJpui5KdwKC6nY3\n","size":-1,"regions":[{"shape_attributes":{"name":"rect","x":404,"y":600,"width":25,"height":34},"region_attributes":{"Intersection":"1"}},{"shape_attributes":{"name":"rect","x":404,"y":364,"width":25,"height":26},"region_attributes":{"Intersection":"2"}},{"shape_attributes":{"name":"rect","x":1358,"y":365,"width":23,"height":26},"region_attributes":{"Intersection":"4"}},{"shape_attributes":{"name":"rect","x":1356,"y":607,"width":25,"height":23},"region_attributes":{"Intersection":"3"}}],"file_attributes":{}}," https://lh3.googleusercontent.com/d/1RWHKW6oOLMRiGXvhMoDq6jd7nJeqVygk\n":{"filename":" https://lh3.googleusercontent.com/d/1RWHKW6oOLMRiGXvhMoDq6jd7nJeqVygk\n","size":-1,"regions":[{"shape_attributes":{"name":"rect","x":369,"y":597,"width":25,"height":34},"region_attributes":{"Intersection":"1"}},{"shape_attributes":{"name":"rect","x":371,"y":343,"width":25,"height":26},"region_attributes":{"Intersection":"2"}},{"shape_attributes":{"name":"rect","x":1393,"y":340,"width":23,"height":26},"region_attributes":{"Intersection":"4"}},{"shape_attributes":{"name":"rect","x":1391,"y":602,"width":25,"height":23},"region_attributes":{"Intersection":"3"}}],"file_attributes":{}}},"_via_attributes":{"region":{"Intersection":{"type":"dropdown","description":"","options":{"1":"Front_Broadway","2":"Front_B","3":"11th_Broadway","4":"11th_B"},"default_options":{}}},"file":{"neighborhood":{"type":"text","description":"","default_value":"City Center"}}},"_via_data_format_version":"2.0.10","_via_image_id_list":[" https://lh3.googleusercontent.com/d/1wHUi4q42gMyS2yBP39HXXS88ArKtUHbu\n"," https://lh3.googleusercontent.com/d/1TpSvRn-AZExMVNX0BCGVyfAkjrom1sO2\n"," https://lh3.googleusercontent.com/d/1zRkYbe5DIRRRQQF0PU_dl6R-J-RjIa4t\n"," https://lh3.googleusercontent.com/d/1I14LHVmWQHTbyiELTBX18aCuQ9q4_DO0\n"," https://lh3.googleusercontent.com/d/15_wB6kw_J5ySfjMQX8NvB__HOXjTAW0c\n"," https://lh3.googleusercontent.com/d/10UFPcmC-ACZwXJCWh3q41jNmd16rBVvZ\n"," https://lh3.googleusercontent.com/d/1e9zBeIdcLc213gLZljiFT3HIaUapJ83s\n"," https://lh3.googleusercontent.com/d/1-Fu19gfaeZ9jhbV6gRJtT6vGPVAl7YLD\n"," https://lh3.googleusercontent.com/d/1ycRt4ppKdhDXPsF9log2WBG7e0dxQb4K\n"," https://lh3.googleusercontent.com/d/1U-QuSW5Bguq6smht-dl_vLWYVDajAhjf\n"," https://lh3.googleusercontent.com/d/1N5QfFSIgGy0TYu8IYqJpui5KdwKC6nY3\n"," https://lh3.googleusercontent.com/d/1RWHKW6oOLMRiGXvhMoDq6jd7nJeqVygk\n"]}