{"_via_settings":{"ui":{"annotation_editor_height":25,"annotation_editor_fontsize":0.8,"leftsidebar_width":18,"image_grid":{"img_height":80,"rshape_fill":"none","rshape_fill_opacity":0.3,"rshape_stroke":"yellow","rshape_stroke_width":2,"show_region_shape":true,"show_image_policy":"all"},"image":{"region_label":"__via_region_id__","region_color":"__via_default_region_color__","region_label_font":"10px Sans","on_image_annotation_editor_placement":"NEAR_REGION"}},"core":{"buffer_size":18,"filepath":{},"default_filepath":""},"project":{"name":"City Center_2024_gcp"}},"_via_img_metadata":{"https://lh3.googleusercontent.com/d/1fHxdzezLlClfF3RKdyt9HI0RoWs6C2wf\n":{"filename":"https://lh3.googleusercontent.com/d/1fHxdzezLlClfF3RKdyt9HI0RoWs6C2wf\n","size":-1,"regions":[{"shape_attributes":{"name":"rect","x":370,"y":585,"width":31,"height":40},"region_attributes":{"Intersection":"1"}},{"shape_attributes":{"name":"rect","x":370,"y":332,"width":31,"height":33},"region_attributes":{"Intersection":"2"}},{"shape_attributes":{"name":"rect","x":1394,"y":332,"width":32,"height":33},"region_attributes":{"Intersection":"4"}},{"shape_attributes":{"name":"rect","x":1395,"y":593,"width":27,"height":30},"region_attributes":{"Intersection":"3"}}],"file_attributes":{}},"https://lh3.googleusercontent.com/d/1AfUw_YuOg4N0kRTvjM6KwvMjjBCaAst2\n":{"filename":"https://lh3.googleusercontent.com/d/1AfUw_YuOg4N0kRTvjM6KwvMjjBCaAst2\n","size":-1,"regions":[{"shape_attributes":{"name":"rect","x":402,"y":587,"width":31,"height":40},"region_attributes":{"Intersection":"1"}},{"shape_attributes":{"name":"rect","x":401,"y":354,"width":31,"height":33},"region_attributes":{"Intersection":"2"}},{"shape_attributes":{"name":"rect","x":1352,"y":354,"width":32,"height":33},"region_attributes":{"Intersection":"4"}},{"shape_attributes":{"name":"rect","x":1357,"y":595,"width":27,"height":30},"region_attributes":{"Intersection":"3"}}],"file_attributes":{}},"https://lh3.googleusercontent.com/d/11V_Bt43y1_rRW8HBB9_5uaVNzgDj_TWs\n":{"filename":"https://lh3.googleusercontent.com/d/11V_Bt43y1_rRW8HBB9_5uaVNzgDj_TWs\n","size":-1,"regions":[{"shape_attributes":{"name":"rect","x":394,"y":591,"width":31,"height":40},"region_attributes":{"Intersection":"1"}},{"shape_attributes":{"name":"rect","x":395,"y":356,"width":31,"height":33},"region_attributes":{"Intersection":"2"}},{"shape_attributes":{"name":"rect","x":1348,"y":354,"width":32,"height":33},"region_attributes":{"Intersection":"4"}},{"shape_attributes":{"name":"rect","x":1353,"y":595,"width":27,"height":30},"region_attributes":{"Intersection":"3"}}],"file_attributes":{}},"https://lh3.googleusercontent.com/d/1y8J2nAxRfSIaKawaUFb3z4wyAc457isT\n":{"filename":"https://lh3.googleusercontent.com/d/1y8J2nAxRfSIaKawaUFb3z4wyAc457isT\n","size":-1,"regions":[{"shape_attributes":{"name":"rect","x":404,"y":598,"width":31,"height":40},"region_attributes":{"Intersection":"1"}},{"shape_attributes":{"name":"rect","x":405,"y":361,"width":31,"height":33},"region_attributes":{"Intersection":"2"}},{"shape_attributes":{"name":"rect","x":1364,"y":362,"width":32,"height":33},"region_attributes":{"Intersection":"4"}},{"shape_attributes":{"name":"rect","x":1365,"y":605,"width":27,"height":30},"region_attributes":{"Intersection":"3"}}],"file_attributes":{}},"https://lh3.googleusercontent.com/d/19MO8O6UfGTjOZ_PoNCIzIQZUwucqGAu1\n":{"filename":"https://lh3.googleusercontent.com/d/19MO8O6UfGTjOZ_PoNCIzIQZUwucqGAu1\n","size":-1,"regions":[{"shape_attributes":{"name":"rect","x":402,"y":592,"width":31,"height":40},"region_attributes":{"Intersection":"1"}},{"shape_attributes":{"name":"rect","x":399,"y":359,"width":31,"height":33},"region_attributes":{"Intersection":"2"}},{"shape_attributes":{"name":"rect","x":1348,"y":352,"width":32,"height":33},"region_attributes":{"Intersection":"4"}},{"shape_attributes":{"name":"rect","x":1353,"y":591,"width":27,"height":30},"region_attributes":{"Intersection":"3"}}],"file_attributes":{}}},"_via_attributes":{"region":{"Intersection":{"type":"dropdown","description":"","options":{"1":"Front_Broadway","2":"Front_B","3":"11th_Broadway","4":"11th_B"},"default_options":{}}},"file":{"neighborhood":{"type":"text","description":"","default_value":"City Center"}}},"_via_data_format_version":"2.0.10","_via_image_id_list":["https://lh3.googleusercontent.com/d/1fHxdzezLlClfF3RKdyt9HI0RoWs6C2wf\n","https://lh3.googleusercontent.com/d/1AfUw_YuOg4N0kRTvjM6KwvMjjBCaAst2\n","https://lh3.googleusercontent.com/d/11V_Bt43y1_rRW8HBB9_5uaVNzgDj_TWs\n","https://lh3.googleusercontent.com/d/1y8J2nAxRfSIaKawaUFb3z4wyAc457isT\n","https://lh3.googleusercontent.com/d/19MO8O6UfGTjOZ_PoNCIzIQZUwucqGAu1\n"]}