{"_via_settings":{"ui":{"annotation_editor_height":25,"annotation_editor_fontsize":0.8,"leftsidebar_width":18,"image_grid":{"img_height":80,"rshape_fill":"none","rshape_fill_opacity":0.3,"rshape_stroke":"yellow","rshape_stroke_width":2,"show_region_shape":true,"show_image_policy":"all"},"image":{"region_label":"__via_region_id__","region_color":"__via_default_region_color__","region_label_font":"10px Sans","on_image_annotation_editor_placement":"NEAR_REGION"}},"core":{"buffer_size":18,"filepath":{},"default_filepath":""},"project":{"name":"Columbia_2024_gcp"}},"_via_img_metadata":{"https://lh3.googleusercontent.com/d/16VRROE_LkeQ2EnxRc16Ah-gSr8Zw2iKy\n":{"filename":"https://lh3.googleusercontent.com/d/16VRROE_LkeQ2EnxRc16Ah-gSr8Zw2iKy\n","size":-1,"regions":[{"shape_attributes":{"name":"rect","x":827,"y":664,"width":53,"height":60},"region_attributes":{"Intersection":"3"}},{"shape_attributes":{"name":"rect","x":827,"y":194,"width":52,"height":46},"region_attributes":{"Intersection":"4"}},{"shape_attributes":{"name":"rect","x":1294,"y":196,"width":50,"height":45},"region_attributes":{"Intersection":"2"}},{"shape_attributes":{"name":"rect","x":1294,"y":663,"width":55,"height":64},"region_attributes":{"Intersection":"1"}}],"file_attributes":{}},"https://lh3.googleusercontent.com/d/1adhv9IoylGWPQpKjzXjFHPXHrvZEZZOj\n":{"filename":"https://lh3.googleusercontent.com/d/1adhv9IoylGWPQpKjzXjFHPXHrvZEZZOj\n","size":-1,"regions":[{"shape_attributes":{"name":"rect","x":827,"y":664,"width":53,"height":60},"region_attributes":{"Intersection":"3"}},{"shape_attributes":{"name":"rect","x":829,"y":225,"width":52,"height":46},"region_attributes":{"Intersection":"4"}},{"shape_attributes":{"name":"rect","x":1265,"y":225,"width":50,"height":45},"region_attributes":{"Intersection":"2"}},{"shape_attributes":{"name":"rect","x":1265,"y":661,"width":55,"height":64},"region_attributes":{"Intersection":"1"}}],"file_attributes":{}},"https://lh3.googleusercontent.com/d/1RPcE2dTMtF4vuJ0cJ6_RgtqSxPKQ3ZEs\n":{"filename":"https://lh3.googleusercontent.com/d/1RPcE2dTMtF4vuJ0cJ6_RgtqSxPKQ3ZEs\n","size":-1,"regions":[{"shape_attributes":{"name":"rect","x":825,"y":668,"width":53,"height":60},"region_attributes":{"Intersection":"3"}},{"shape_attributes":{"name":"rect","x":825,"y":232,"width":52,"height":46},"region_attributes":{"Intersection":"4"}},{"shape_attributes":{"name":"rect","x":1263,"y":232,"width":50,"height":45},"region_attributes":{"Intersection":"2"}},{"shape_attributes":{"name":"rect","x":1260,"y":669,"width":55,"height":64},"region_attributes":{"Intersection":"1"}}],"file_attributes":{}},"https://lh3.googleusercontent.com/d/1rq44Zkqit2Vc6ClIZBU-h1vM8iuQCX6Q\n":{"filename":"https://lh3.googleusercontent.com/d/1rq44Zkqit2Vc6ClIZBU-h1vM8iuQCX6Q\n","size":-1,"regions":[{"shape_attributes":{"name":"rect","x":830,"y":663,"width":53,"height":60},"region_attributes":{"Intersection":"3"}},{"shape_attributes":{"name":"rect","x":829,"y":228,"width":52,"height":46},"region_attributes":{"Intersection":"4"}},{"shape_attributes":{"name":"rect","x":1268,"y":227,"width":50,"height":45},"region_attributes":{"Intersection":"2"}},{"shape_attributes":{"name":"rect","x":1267,"y":662,"width":55,"height":64},"region_attributes":{"Intersection":"1"}}],"file_attributes":{}},"https://lh3.googleusercontent.com/d/1Zaj_pyw3GPZY_meCP57obtyrEoLrgx92\n":{"filename":"https://lh3.googleusercontent.com/d/1Zaj_pyw3GPZY_meCP57obtyrEoLrgx92\n","size":-1,"regions":[{"shape_attributes":{"name":"rect","x":825,"y":660,"width":53,"height":60},"region_attributes":{"Intersection":"3"}},{"shape_attributes":{"name":"rect","x":823,"y":226,"width":52,"height":46},"region_attributes":{"Intersection":"4"}},{"shape_attributes":{"name":"rect","x":1259,"y":224,"width":50,"height":45},"region_attributes":{"Intersection":"2"}},{"shape_attributes":{"name":"rect","x":1260,"y":657,"width":55,"height":64},"region_attributes":{"Intersection":"1"}}],"file_attributes":{}}},"_via_attributes":{"region":{"Intersection":{"type":"dropdown","description":"","options":{"1":"State_Broadway","2":"State_A","3":"Ketner_Broadway","4":"Ketner_A"},"default_options":{}}},"file":{"neighborhood":{"type":"text","description":"","default_value":"Columbia"}}},"_via_data_format_version":"2.0.10","_via_image_id_list":["https://lh3.googleusercontent.com/d/16VRROE_LkeQ2EnxRc16Ah-gSr8Zw2iKy\n","https://lh3.googleusercontent.com/d/1adhv9IoylGWPQpKjzXjFHPXHrvZEZZOj\n","https://lh3.googleusercontent.com/d/1RPcE2dTMtF4vuJ0cJ6_RgtqSxPKQ3ZEs\n","https://lh3.googleusercontent.com/d/1rq44Zkqit2Vc6ClIZBU-h1vM8iuQCX6Q\n","https://lh3.googleusercontent.com/d/1Zaj_pyw3GPZY_meCP57obtyrEoLrgx92\n"]}