{"_via_settings":{"ui":{"annotation_editor_height":25,"annotation_editor_fontsize":0.8,"leftsidebar_width":18,"image_grid":{"img_height":80,"rshape_fill":"none","rshape_fill_opacity":0.3,"rshape_stroke":"yellow","rshape_stroke_width":2,"show_region_shape":true,"show_image_policy":"all"},"image":{"region_label":"Intersection","region_color":"__via_default_region_color__","region_label_font":"10px Sans","on_image_annotation_editor_placement":"NEAR_REGION"}},"core":{"buffer_size":18,"filepath":{},"default_filepath":""},"project":{"name":"Columbia_2023_gcp"}},"_via_img_metadata":{" https://lh3.googleusercontent.com/d/1djwCzJ2b-FE1AGoaKom4iTn35d7VgCfU\n":{"filename":" https://lh3.googleusercontent.com/d/1djwCzJ2b-FE1AGoaKom4iTn35d7VgCfU\n","size":-1,"regions":[{"shape_attributes":{"name":"rect","x":1264,"y":690,"width":41,"height":45},"region_attributes":{"Intersection":"1"}},{"shape_attributes":{"name":"rect","x":1270,"y":250,"width":37,"height":29},"region_attributes":{"Intersection":"2"}},{"shape_attributes":{"name":"rect","x":830,"y":685,"width":43,"height":46},"region_attributes":{"Intersection":"3"}},{"shape_attributes":{"name":"rect","x":838,"y":247,"width":37,"height":31},"region_attributes":{"Intersection":"4"}}],"file_attributes":{}}," https://lh3.googleusercontent.com/d/131RB-CWqippuqZwDXLG-3ZM4ENi5hqXb\n":{"filename":" https://lh3.googleusercontent.com/d/131RB-CWqippuqZwDXLG-3ZM4ENi5hqXb\n","size":-1,"regions":[{"shape_attributes":{"name":"rect","x":1266,"y":675,"width":41,"height":45},"region_attributes":{"Intersection":"1"}},{"shape_attributes":{"name":"rect","x":1270,"y":238,"width":37,"height":29},"region_attributes":{"Intersection":"2"}},{"shape_attributes":{"name":"rect","x":830,"y":677,"width":43,"height":46},"region_attributes":{"Intersection":"3"}},{"shape_attributes":{"name":"rect","x":838,"y":235,"width":37,"height":31},"region_attributes":{"Intersection":"4"}}],"file_attributes":{}}," https://lh3.googleusercontent.com/d/1VRi89o-UiZ2_rhcuC6uNgapqpi7OfLGs\n":{"filename":" https://lh3.googleusercontent.com/d/1VRi89o-UiZ2_rhcuC6uNgapqpi7OfLGs\n","size":-1,"regions":[{"shape_attributes":{"name":"rect","x":1260,"y":667,"width":41,"height":45},"region_attributes":{"Intersection":"1"}},{"shape_attributes":{"name":"rect","x":1268,"y":244,"width":37,"height":29},"region_attributes":{"Intersection":"2"}},{"shape_attributes":{"name":"rect","x":843,"y":666,"width":43,"height":46},"region_attributes":{"Intersection":"3"}},{"shape_attributes":{"name":"rect","x":853,"y":242,"width":37,"height":31},"region_attributes":{"Intersection":"4"}}],"file_attributes":{}}," https://lh3.googleusercontent.com/d/1tMBcsFsnfpBIjyM6pcJA0OyBoD8-J8-t\n":{"filename":" https://lh3.googleusercontent.com/d/1tMBcsFsnfpBIjyM6pcJA0OyBoD8-J8-t\n","size":-1,"regions":[{"shape_attributes":{"name":"rect","x":1250,"y":672,"width":41,"height":45},"region_attributes":{"Intersection":"1"}},{"shape_attributes":{"name":"rect","x":1255,"y":250,"width":37,"height":29},"region_attributes":{"Intersection":"2"}},{"shape_attributes":{"name":"rect","x":830,"y":672,"width":43,"height":46},"region_attributes":{"Intersection":"3"}},{"shape_attributes":{"name":"rect","x":838,"y":250,"width":37,"height":31},"region_attributes":{"Intersection":"4"}}],"file_attributes":{}}," https://lh3.googleusercontent.com/d/1AcYP_CYqi1XCVwCTn5w02noI5jpJXd-U\n":{"filename":" https://lh3.googleusercontent.com/d/1AcYP_CYqi1XCVwCTn5w02noI5jpJXd-U\n","size":-1,"regions":[{"shape_attributes":{"name":"rect","x":1265,"y":684,"width":41,"height":45},"region_attributes":{"Intersection":"1"}},{"shape_attributes":{"name":"rect","x":1266,"y":245,"width":37,"height":29},"region_attributes":{"Intersection":"2"}},{"shape_attributes":{"name":"rect","x":830,"y":684,"width":43,"height":46},"region_attributes":{"Intersection":"3"}},{"shape_attributes":{"name":"rect","x":832,"y":245,"width":37,"height":31},"region_attributes":{"Intersection":"4"}}],"file_attributes":{}}," https://lh3.googleusercontent.com/d/1xQ2Up-Tsx26MrZjH_nhKN6g8r6-m6v_y\n":{"filename":" https://lh3.googleusercontent.com/d/1xQ2Up-Tsx26MrZjH_nhKN6g8r6-m6v_y\n","size":-1,"regions":[{"shape_attributes":{"name":"rect","x":1263,"y":675,"width":41,"height":45},"region_attributes":{"Intersection":"1"}},{"shape_attributes":{"name":"rect","x":1268,"y":253,"width":37,"height":29},"region_attributes":{"Intersection":"2"}},{"shape_attributes":{"name":"rect","x":840,"y":676,"width":43,"height":46},"region_attributes":{"Intersection":"3"}},{"shape_attributes":{"name":"rect","x":845,"y":253,"width":37,"height":31},"region_attributes":{"Intersection":"4"}}],"file_attributes":{}}," https://lh3.googleusercontent.com/d/1uapMwBP10goQ699OV87gpLoW1zFc7Cfd\n":{"filename":" https://lh3.googleusercontent.com/d/1uapMwBP10goQ699OV87gpLoW1zFc7Cfd\n","size":-1,"regions":[{"shape_attributes":{"name":"rect","x":1235,"y":665,"width":41,"height":45},"region_attributes":{"Intersection":"1"}},{"shape_attributes":{"name":"rect","x":1241,"y":243,"width":37,"height":29},"region_attributes":{"Intersection":"2"}},{"shape_attributes":{"name":"rect","x":816,"y":665,"width":43,"height":46},"region_attributes":{"Intersection":"3"}},{"shape_attributes":{"name":"rect","x":824,"y":241,"width":37,"height":31},"region_attributes":{"Intersection":"4"}}],"file_attributes":{}}," https://lh3.googleusercontent.com/d/1w3FSHtbr_d9nL8wo4_FiBdSDhVQ4TrrG\n":{"filename":" https://lh3.googleusercontent.com/d/1w3FSHtbr_d9nL8wo4_FiBdSDhVQ4TrrG\n","size":-1,"regions":[{"shape_attributes":{"name":"rect","x":1264,"y":671,"width":41,"height":45},"region_attributes":{"Intersection":"1"}},{"shape_attributes":{"name":"rect","x":1267,"y":233,"width":37,"height":29},"region_attributes":{"Intersection":"2"}},{"shape_attributes":{"name":"rect","x":830,"y":673,"width":43,"height":46},"region_attributes":{"Intersection":"3"}},{"shape_attributes":{"name":"rect","x":834,"y":230,"width":37,"height":31},"region_attributes":{"Intersection":"4"}}],"file_attributes":{}}," https://lh3.googleusercontent.com/d/1s2c3bbmjNp31tPhNajdjJHPjZfcPD9Fy\n":{"filename":" https://lh3.googleusercontent.com/d/1s2c3bbmjNp31tPhNajdjJHPjZfcPD9Fy\n","size":-1,"regions":[{"shape_attributes":{"name":"rect","x":1266,"y":670,"width":41,"height":45},"region_attributes":{"Intersection":"1"}},{"shape_attributes":{"name":"rect","x":1267,"y":231,"width":37,"height":29},"region_attributes":{"Intersection":"2"}},{"shape_attributes":{"name":"rect","x":830,"y":673,"width":43,"height":46},"region_attributes":{"Intersection":"3"}},{"shape_attributes":{"name":"rect","x":834,"y":231,"width":37,"height":31},"region_attributes":{"Intersection":"4"}}],"file_attributes":{}}," https://lh3.googleusercontent.com/d/1DEOnlAVa4-eNTqmx8HwdLsBC39VWbxqc\n":{"filename":" https://lh3.googleusercontent.com/d/1DEOnlAVa4-eNTqmx8HwdLsBC39VWbxqc\n","size":-1,"regions":[{"shape_attributes":{"name":"rect","x":1263,"y":674,"width":41,"height":45},"region_attributes":{"Intersection":"1"}},{"shape_attributes":{"name":"rect","x":1267,"y":235,"width":37,"height":29},"region_attributes":{"Intersection":"2"}},{"shape_attributes":{"name":"rect","x":828,"y":672,"width":43,"height":46},"region_attributes":{"Intersection":"3"}},{"shape_attributes":{"name":"rect","x":836,"y":233,"width":37,"height":31},"region_attributes":{"Intersection":"4"}}],"file_attributes":{}}," https://lh3.googleusercontent.com/d/1ezUu44N9sEIeolireFvQC9jeaKSdad4b\n":{"filename":" https://lh3.googleusercontent.com/d/1ezUu44N9sEIeolireFvQC9jeaKSdad4b\n","size":-1,"regions":[{"shape_attributes":{"name":"rect","x":1266,"y":678,"width":41,"height":45},"region_attributes":{"Intersection":"1"}},{"shape_attributes":{"name":"rect","x":1270,"y":238,"width":37,"height":29},"region_attributes":{"Intersection":"2"}},{"shape_attributes":{"name":"rect","x":830,"y":677,"width":43,"height":46},"region_attributes":{"Intersection":"3"}},{"shape_attributes":{"name":"rect","x":834,"y":238,"width":37,"height":31},"region_attributes":{"Intersection":"4"}}],"file_attributes":{}}," https://lh3.googleusercontent.com/d/1Og9_sW8INUPA27QdlndXRluMSvDZk_jE\n":{"filename":" https://lh3.googleusercontent.com/d/1Og9_sW8INUPA27QdlndXRluMSvDZk_jE\n","size":-1,"regions":[{"shape_attributes":{"name":"rect","x":1299,"y":670,"width":41,"height":45},"region_attributes":{"Intersection":"1"}},{"shape_attributes":{"name":"rect","x":1298,"y":198,"width":40,"height":33},"region_attributes":{"Intersection":"2"}},{"shape_attributes":{"name":"rect","x":829,"y":670,"width":43,"height":46},"region_attributes":{"Intersection":"3"}},{"shape_attributes":{"name":"rect","x":829,"y":200,"width":41,"height":31},"region_attributes":{"Intersection":"4"}}],"file_attributes":{}}},"_via_attributes":{"region":{"Intersection":{"type":"dropdown","description":"","options":{"1":"State_Broadway","2":"State_A","3":"Ketner_Broadway","4":"Ketner_A"},"default_options":{}}},"file":{"neighborhood":{"type":"text","description":"","default_value":"Columbia"}}},"_via_data_format_version":"2.0.10","_via_image_id_list":[" https://lh3.googleusercontent.com/d/1djwCzJ2b-FE1AGoaKom4iTn35d7VgCfU\n"," https://lh3.googleusercontent.com/d/131RB-CWqippuqZwDXLG-3ZM4ENi5hqXb\n"," https://lh3.googleusercontent.com/d/1VRi89o-UiZ2_rhcuC6uNgapqpi7OfLGs\n"," https://lh3.googleusercontent.com/d/1tMBcsFsnfpBIjyM6pcJA0OyBoD8-J8-t\n"," https://lh3.googleusercontent.com/d/1AcYP_CYqi1XCVwCTn5w02noI5jpJXd-U\n"," https://lh3.googleusercontent.com/d/1xQ2Up-Tsx26MrZjH_nhKN6g8r6-m6v_y\n"," https://lh3.googleusercontent.com/d/1uapMwBP10goQ699OV87gpLoW1zFc7Cfd\n"," https://lh3.googleusercontent.com/d/1w3FSHtbr_d9nL8wo4_FiBdSDhVQ4TrrG\n"," https://lh3.googleusercontent.com/d/1s2c3bbmjNp31tPhNajdjJHPjZfcPD9Fy\n"," https://lh3.googleusercontent.com/d/1DEOnlAVa4-eNTqmx8HwdLsBC39VWbxqc\n"," https://lh3.googleusercontent.com/d/1ezUu44N9sEIeolireFvQC9jeaKSdad4b\n"," https://lh3.googleusercontent.com/d/1Og9_sW8INUPA27QdlndXRluMSvDZk_jE\n"]}