{"_via_settings":{"ui":{"annotation_editor_height":25,"annotation_editor_fontsize":0.8,"leftsidebar_width":18,"image_grid":{"img_height":80,"rshape_fill":"none","rshape_fill_opacity":0.3,"rshape_stroke":"yellow","rshape_stroke_width":2,"show_region_shape":true,"show_image_policy":"all"},"image":{"region_label":"__via_region_id__","region_color":"__via_default_region_color__","region_label_font":"10px Sans","on_image_annotation_editor_placement":"NEAR_REGION"}},"core":{"buffer_size":18,"filepath":{},"default_filepath":""},"project":{"name":"Cortez_2023_gcp"}},"_via_img_metadata":{" https://lh3.googleusercontent.com/d/1Lt-iZ98BRY79iZ79NN3QjomrKpSh0sQs\n":{"filename":" https://lh3.googleusercontent.com/d/1Lt-iZ98BRY79iZ79NN3QjomrKpSh0sQs\n","size":-1,"regions":[{"shape_attributes":{"name":"rect","x":1285,"y":436,"width":27,"height":27},"region_attributes":{"Intersection":"1"}},{"shape_attributes":{"name":"rect","x":1285,"y":716,"width":25,"height":27},"region_attributes":{"Intersection":"2"}},{"shape_attributes":{"name":"rect","x":521,"y":711,"width":26,"height":28},"region_attributes":{"Intersection":"4"}},{"shape_attributes":{"name":"rect","x":525,"y":432,"width":27,"height":25},"region_attributes":{"Intersection":"3"}}],"file_attributes":{}}," https://lh3.googleusercontent.com/d/1YKXkkLPmZNp3rDAX9S14H0OoT3JNwjI1\n":{"filename":" https://lh3.googleusercontent.com/d/1YKXkkLPmZNp3rDAX9S14H0OoT3JNwjI1\n","size":-1,"regions":[{"shape_attributes":{"name":"rect","x":1282,"y":420,"width":27,"height":27},"region_attributes":{"Intersection":"1"}},{"shape_attributes":{"name":"rect","x":1281,"y":701,"width":25,"height":27},"region_attributes":{"Intersection":"2"}},{"shape_attributes":{"name":"rect","x":518,"y":701,"width":26,"height":28},"region_attributes":{"Intersection":"4"}},{"shape_attributes":{"name":"rect","x":519,"y":423,"width":27,"height":25},"region_attributes":{"Intersection":"3"}}],"file_attributes":{}}," https://lh3.googleusercontent.com/d/1YHwz2bneHrf8L6uChlDfxCkI1bUsrx1W\n":{"filename":" https://lh3.googleusercontent.com/d/1YHwz2bneHrf8L6uChlDfxCkI1bUsrx1W\n","size":-1,"regions":[{"shape_attributes":{"name":"rect","x":1272,"y":430,"width":27,"height":27},"region_attributes":{"Intersection":"1"}},{"shape_attributes":{"name":"rect","x":1266,"y":700,"width":25,"height":27},"region_attributes":{"Intersection":"2"}},{"shape_attributes":{"name":"rect","x":530,"y":696,"width":26,"height":28},"region_attributes":{"Intersection":"4"}},{"shape_attributes":{"name":"rect","x":535,"y":427,"width":27,"height":25},"region_attributes":{"Intersection":"3"}}],"file_attributes":{}}," https://lh3.googleusercontent.com/d/18muJnpibDMaSoA44oXS-H9yitxGPlsfG\n":{"filename":" https://lh3.googleusercontent.com/d/18muJnpibDMaSoA44oXS-H9yitxGPlsfG\n","size":-1,"regions":[{"shape_attributes":{"name":"rect","x":1269,"y":431,"width":27,"height":27},"region_attributes":{"Intersection":"1"}},{"shape_attributes":{"name":"rect","x":1266,"y":698,"width":25,"height":27},"region_attributes":{"Intersection":"2"}},{"shape_attributes":{"name":"rect","x":531,"y":701,"width":26,"height":28},"region_attributes":{"Intersection":"4"}},{"shape_attributes":{"name":"rect","x":535,"y":432,"width":27,"height":25},"region_attributes":{"Intersection":"3"}}],"file_attributes":{}}," https://lh3.googleusercontent.com/d/1pEbMNuZh-FL-eGRTu5enuWCcp7ifZqOj\n":{"filename":" https://lh3.googleusercontent.com/d/1pEbMNuZh-FL-eGRTu5enuWCcp7ifZqOj\n","size":-1,"regions":[{"shape_attributes":{"name":"rect","x":1281,"y":427,"width":27,"height":27},"region_attributes":{"Intersection":"1"}},{"shape_attributes":{"name":"rect","x":1281,"y":707,"width":25,"height":27},"region_attributes":{"Intersection":"2"}},{"shape_attributes":{"name":"rect","x":520,"y":711,"width":26,"height":28},"region_attributes":{"Intersection":"4"}},{"shape_attributes":{"name":"rect","x":516,"y":427,"width":27,"height":25},"region_attributes":{"Intersection":"3"}}],"file_attributes":{}}," https://lh3.googleusercontent.com/d/1kCMxfov8ZOlPP-gonASdGTJICiw8gcmy\n":{"filename":" https://lh3.googleusercontent.com/d/1kCMxfov8ZOlPP-gonASdGTJICiw8gcmy\n","size":-1,"regions":[{"shape_attributes":{"name":"rect","x":1278,"y":430,"width":27,"height":27},"region_attributes":{"Intersection":"1"}},{"shape_attributes":{"name":"rect","x":1277,"y":701,"width":25,"height":27},"region_attributes":{"Intersection":"2"}},{"shape_attributes":{"name":"rect","x":533,"y":701,"width":26,"height":28},"region_attributes":{"Intersection":"4"}},{"shape_attributes":{"name":"rect","x":534,"y":429,"width":27,"height":25},"region_attributes":{"Intersection":"3"}}],"file_attributes":{}}," https://lh3.googleusercontent.com/d/144KSyDkQghF37kPonqe-nz-VVBv8PIFL\n":{"filename":" https://lh3.googleusercontent.com/d/144KSyDkQghF37kPonqe-nz-VVBv8PIFL\n","size":-1,"regions":[{"shape_attributes":{"name":"rect","x":1252,"y":426,"width":27,"height":27},"region_attributes":{"Intersection":"1"}},{"shape_attributes":{"name":"rect","x":1251,"y":695,"width":25,"height":27},"region_attributes":{"Intersection":"2"}},{"shape_attributes":{"name":"rect","x":518,"y":691,"width":26,"height":28},"region_attributes":{"Intersection":"4"}},{"shape_attributes":{"name":"rect","x":522,"y":425,"width":27,"height":25},"region_attributes":{"Intersection":"3"}}],"file_attributes":{}}," https://lh3.googleusercontent.com/d/1KGQWlOU8bin7O8IT1eN-sT5J0U2jIqLX\n":{"filename":" https://lh3.googleusercontent.com/d/1KGQWlOU8bin7O8IT1eN-sT5J0U2jIqLX\n","size":-1,"regions":[{"shape_attributes":{"name":"rect","x":1285,"y":412,"width":27,"height":27},"region_attributes":{"Intersection":"1"}},{"shape_attributes":{"name":"rect","x":1283,"y":693,"width":25,"height":27},"region_attributes":{"Intersection":"2"}},{"shape_attributes":{"name":"rect","x":522,"y":692,"width":26,"height":28},"region_attributes":{"Intersection":"4"}},{"shape_attributes":{"name":"rect","x":525,"y":417,"width":27,"height":25},"region_attributes":{"Intersection":"3"}}],"file_attributes":{}}," https://lh3.googleusercontent.com/d/1vV-0DZiSMBlNX_Gm_1x_Fh4XlvV9ritj\n":{"filename":" https://lh3.googleusercontent.com/d/1vV-0DZiSMBlNX_Gm_1x_Fh4XlvV9ritj\n","size":-1,"regions":[{"shape_attributes":{"name":"rect","x":1284,"y":420,"width":27,"height":27},"region_attributes":{"Intersection":"1"}},{"shape_attributes":{"name":"rect","x":1282,"y":701,"width":25,"height":27},"region_attributes":{"Intersection":"2"}},{"shape_attributes":{"name":"rect","x":522,"y":701,"width":26,"height":28},"region_attributes":{"Intersection":"4"}},{"shape_attributes":{"name":"rect","x":525,"y":422,"width":27,"height":25},"region_attributes":{"Intersection":"3"}}],"file_attributes":{}}," https://lh3.googleusercontent.com/d/1iJr2kFcB7PMxL0Ddq80PCT3JGDAsQaM_\n":{"filename":" https://lh3.googleusercontent.com/d/1iJr2kFcB7PMxL0Ddq80PCT3JGDAsQaM_\n","size":-1,"regions":[{"shape_attributes":{"name":"rect","x":1282,"y":420,"width":27,"height":27},"region_attributes":{"Intersection":"1"}},{"shape_attributes":{"name":"rect","x":1280,"y":701,"width":25,"height":27},"region_attributes":{"Intersection":"2"}},{"shape_attributes":{"name":"rect","x":521,"y":698,"width":26,"height":28},"region_attributes":{"Intersection":"4"}},{"shape_attributes":{"name":"rect","x":525,"y":422,"width":27,"height":25},"region_attributes":{"Intersection":"3"}}],"file_attributes":{}}," https://lh3.googleusercontent.com/d/1lLSJKzWOlj86nhUzmiT0WtHH_8v2SmZO\n":{"filename":" https://lh3.googleusercontent.com/d/1lLSJKzWOlj86nhUzmiT0WtHH_8v2SmZO\n","size":-1,"regions":[{"shape_attributes":{"name":"rect","x":1282,"y":426,"width":27,"height":27},"region_attributes":{"Intersection":"1"}},{"shape_attributes":{"name":"rect","x":1284,"y":706,"width":25,"height":27},"region_attributes":{"Intersection":"2"}},{"shape_attributes":{"name":"rect","x":518,"y":703,"width":26,"height":28},"region_attributes":{"Intersection":"4"}},{"shape_attributes":{"name":"rect","x":521,"y":427,"width":27,"height":25},"region_attributes":{"Intersection":"3"}}],"file_attributes":{}}," https://lh3.googleusercontent.com/d/17N2HimISm9lB6NQYPdmq09Vm-AuySRGj\n":{"filename":" https://lh3.googleusercontent.com/d/17N2HimISm9lB6NQYPdmq09Vm-AuySRGj\n","size":-1,"regions":[{"shape_attributes":{"name":"rect","x":1283,"y":408,"width":27,"height":27},"region_attributes":{"Intersection":"1"}},{"shape_attributes":{"name":"rect","x":1286,"y":683,"width":25,"height":27},"region_attributes":{"Intersection":"2"}},{"shape_attributes":{"name":"rect","x":523,"y":687,"width":26,"height":28},"region_attributes":{"Intersection":"4"}},{"shape_attributes":{"name":"rect","x":521,"y":415,"width":27,"height":25},"region_attributes":{"Intersection":"3"}}],"file_attributes":{}}},"_via_attributes":{"region":{"Intersection":{"type":"dropdown","description":"","options":{"1":"9th_Cedar","2":"9th_Ash","3":"1st_Cedar","4":"1st_Ash"},"default_options":{}}},"file":{"neighborhood":{"type":"text","description":"","default_value":"Cortez"}}},"_via_data_format_version":"2.0.10","_via_image_id_list":[" https://lh3.googleusercontent.com/d/1Lt-iZ98BRY79iZ79NN3QjomrKpSh0sQs\n"," https://lh3.googleusercontent.com/d/1YKXkkLPmZNp3rDAX9S14H0OoT3JNwjI1\n"," https://lh3.googleusercontent.com/d/1YHwz2bneHrf8L6uChlDfxCkI1bUsrx1W\n"," https://lh3.googleusercontent.com/d/18muJnpibDMaSoA44oXS-H9yitxGPlsfG\n"," https://lh3.googleusercontent.com/d/1pEbMNuZh-FL-eGRTu5enuWCcp7ifZqOj\n"," https://lh3.googleusercontent.com/d/1kCMxfov8ZOlPP-gonASdGTJICiw8gcmy\n"," https://lh3.googleusercontent.com/d/144KSyDkQghF37kPonqe-nz-VVBv8PIFL\n"," https://lh3.googleusercontent.com/d/1KGQWlOU8bin7O8IT1eN-sT5J0U2jIqLX\n"," https://lh3.googleusercontent.com/d/1vV-0DZiSMBlNX_Gm_1x_Fh4XlvV9ritj\n"," https://lh3.googleusercontent.com/d/1iJr2kFcB7PMxL0Ddq80PCT3JGDAsQaM_\n"," https://lh3.googleusercontent.com/d/1lLSJKzWOlj86nhUzmiT0WtHH_8v2SmZO\n"," https://lh3.googleusercontent.com/d/17N2HimISm9lB6NQYPdmq09Vm-AuySRGj\n"]}