{"_via_settings":{"ui":{"annotation_editor_height":25,"annotation_editor_fontsize":0.8,"leftsidebar_width":18,"image_grid":{"img_height":80,"rshape_fill":"none","rshape_fill_opacity":0.3,"rshape_stroke":"yellow","rshape_stroke_width":2,"show_region_shape":true,"show_image_policy":"all"},"image":{"region_label":"__via_region_id__","region_color":"__via_default_region_color__","region_label_font":"10px Sans","on_image_annotation_editor_placement":"NEAR_REGION"}},"core":{"buffer_size":18,"filepath":{},"default_filepath":""},"project":{"name":"Cortez_2024_gcp"}},"_via_img_metadata":{"https://lh3.googleusercontent.com/d/1nZCxcvLS9gvVcyZCpeuBtMCGbha3t5XQ\n":{"filename":"https://lh3.googleusercontent.com/d/1nZCxcvLS9gvVcyZCpeuBtMCGbha3t5XQ\n","size":-1,"regions":[{"shape_attributes":{"name":"rect","x":1309,"y":391,"width":52,"height":53},"region_attributes":{"Intersection":"1"}},{"shape_attributes":{"name":"rect","x":1311,"y":693,"width":45,"height":45},"region_attributes":{"Intersection":"2"}},{"shape_attributes":{"name":"rect","x":490,"y":690,"width":48,"height":50},"region_attributes":{"Intersection":"4"}},{"shape_attributes":{"name":"rect","x":492,"y":387,"width":45,"height":55},"region_attributes":{"Intersection":"3"}}],"file_attributes":{}},"https://lh3.googleusercontent.com/d/1I7QHZ4DQnNh_vVZkbkfxoHdJOsn4RDCT\n":{"filename":"https://lh3.googleusercontent.com/d/1I7QHZ4DQnNh_vVZkbkfxoHdJOsn4RDCT\n","size":-1,"regions":[{"shape_attributes":{"name":"rect","x":1275,"y":405,"width":52,"height":53},"region_attributes":{"Intersection":"1"}},{"shape_attributes":{"name":"rect","x":1277,"y":688,"width":45,"height":45},"region_attributes":{"Intersection":"2"}},{"shape_attributes":{"name":"rect","x":511,"y":687,"width":48,"height":50},"region_attributes":{"Intersection":"4"}},{"shape_attributes":{"name":"rect","x":513,"y":402,"width":45,"height":55},"region_attributes":{"Intersection":"3"}}],"file_attributes":{}},"https://lh3.googleusercontent.com/d/1ZPmKcrWE57Ll9vwbj523IUjq_skw014h\n":{"filename":"https://lh3.googleusercontent.com/d/1ZPmKcrWE57Ll9vwbj523IUjq_skw014h\n","size":-1,"regions":[{"shape_attributes":{"name":"rect","x":1269,"y":405,"width":52,"height":53},"region_attributes":{"Intersection":"1"}},{"shape_attributes":{"name":"rect","x":1273,"y":688,"width":45,"height":45},"region_attributes":{"Intersection":"2"}},{"shape_attributes":{"name":"rect","x":505,"y":687,"width":48,"height":50},"region_attributes":{"Intersection":"4"}},{"shape_attributes":{"name":"rect","x":507,"y":402,"width":45,"height":55},"region_attributes":{"Intersection":"3"}}],"file_attributes":{}},"https://lh3.googleusercontent.com/d/1nV-Ruhx-mAwhLQ7A9_1HcPIzLb5Ib5l0\n":{"filename":"https://lh3.googleusercontent.com/d/1nV-Ruhx-mAwhLQ7A9_1HcPIzLb5Ib5l0\n","size":-1,"regions":[{"shape_attributes":{"name":"rect","x":1273,"y":409,"width":52,"height":53},"region_attributes":{"Intersection":"1"}},{"shape_attributes":{"name":"rect","x":1277,"y":692,"width":45,"height":45},"region_attributes":{"Intersection":"2"}},{"shape_attributes":{"name":"rect","x":511,"y":687,"width":48,"height":50},"region_attributes":{"Intersection":"4"}},{"shape_attributes":{"name":"rect","x":515,"y":406,"width":45,"height":55},"region_attributes":{"Intersection":"3"}}],"file_attributes":{}},"https://lh3.googleusercontent.com/d/1XdLe07Grb86YH86SSvS-Ab4nB4kB2GBp\n":{"filename":"https://lh3.googleusercontent.com/d/1XdLe07Grb86YH86SSvS-Ab4nB4kB2GBp\n","size":-1,"regions":[{"shape_attributes":{"name":"rect","x":1269,"y":403,"width":52,"height":53},"region_attributes":{"Intersection":"1"}},{"shape_attributes":{"name":"rect","x":1275,"y":684,"width":45,"height":45},"region_attributes":{"Intersection":"2"}},{"shape_attributes":{"name":"rect","x":513,"y":685,"width":48,"height":50},"region_attributes":{"Intersection":"4"}},{"shape_attributes":{"name":"rect","x":513,"y":404,"width":45,"height":55},"region_attributes":{"Intersection":"3"}}],"file_attributes":{}}},"_via_attributes":{"region":{"Intersection":{"type":"dropdown","description":"","options":{"1":"9th_Cedar","2":"9th_Ash","3":"1st_Cedar","4":"1st_Ash"},"default_options":{}}},"file":{"neighborhood":{"type":"text","description":"","default_value":"Cortez"}}},"_via_data_format_version":"2.0.10","_via_image_id_list":["https://lh3.googleusercontent.com/d/1nZCxcvLS9gvVcyZCpeuBtMCGbha3t5XQ\n","https://lh3.googleusercontent.com/d/1I7QHZ4DQnNh_vVZkbkfxoHdJOsn4RDCT\n","https://lh3.googleusercontent.com/d/1ZPmKcrWE57Ll9vwbj523IUjq_skw014h\n","https://lh3.googleusercontent.com/d/1nV-Ruhx-mAwhLQ7A9_1HcPIzLb5Ib5l0\n","https://lh3.googleusercontent.com/d/1XdLe07Grb86YH86SSvS-Ab4nB4kB2GBp\n"]}