{"_via_settings":{"ui":{"annotation_editor_height":25,"annotation_editor_fontsize":0.8,"leftsidebar_width":18,"image_grid":{"img_height":80,"rshape_fill":"none","rshape_fill_opacity":0.3,"rshape_stroke":"yellow","rshape_stroke_width":2,"show_region_shape":true,"show_image_policy":"all"},"image":{"region_label":"__via_region_id__","region_color":"__via_default_region_color__","region_label_font":"10px Sans","on_image_annotation_editor_placement":"NEAR_REGION"}},"core":{"buffer_size":18,"filepath":{},"default_filepath":""},"project":{"name":"East Village South_2024_gcp_"}},"_via_img_metadata":{"https://lh3.googleusercontent.com/d/1fgzm3luMydJJVgiP8QSYyF1JFnk5wCm3\n":{"filename":"https://lh3.googleusercontent.com/d/1fgzm3luMydJJVgiP8QSYyF1JFnk5wCm3\n","size":-1,"regions":[{"shape_attributes":{"name":"rect","x":263,"y":269,"width":26,"height":24},"region_attributes":{"Intersection":"1"}},{"shape_attributes":{"name":"rect","x":1269,"y":275,"width":22,"height":17},"region_attributes":{"Intersection":"4"}},{"shape_attributes":{"name":"rect","x":1268,"y":881,"width":27,"height":26},"region_attributes":{"Intersection":"2"}},{"shape_attributes":{"name":"rect","x":266,"y":855,"width":26,"height":26},"region_attributes":{"Intersection":"3"}}],"file_attributes":{}},"https://lh3.googleusercontent.com/d/1reP3nipQGd7UCs8beYcu21xKCQbXv3BE\n":{"filename":"https://lh3.googleusercontent.com/d/1reP3nipQGd7UCs8beYcu21xKCQbXv3BE\n","size":-1,"regions":[{"shape_attributes":{"name":"rect","x":304,"y":294,"width":26,"height":24},"region_attributes":{"Intersection":"1"}},{"shape_attributes":{"name":"rect","x":1242,"y":299,"width":22,"height":17},"region_attributes":{"Intersection":"4"}},{"shape_attributes":{"name":"rect","x":1239,"y":864,"width":27,"height":26},"region_attributes":{"Intersection":"2"}},{"shape_attributes":{"name":"rect","x":307,"y":840,"width":26,"height":26},"region_attributes":{"Intersection":"3"}}],"file_attributes":{}},"https://lh3.googleusercontent.com/d/1lUFNePexJZc4uQ12q-r9TNITL0lB6uCR\n":{"filename":"https://lh3.googleusercontent.com/d/1lUFNePexJZc4uQ12q-r9TNITL0lB6uCR\n","size":-1,"regions":[{"shape_attributes":{"name":"rect","x":304,"y":294,"width":26,"height":24},"region_attributes":{"Intersection":"1"}},{"shape_attributes":{"name":"rect","x":1242,"y":299,"width":22,"height":17},"region_attributes":{"Intersection":"4"}},{"shape_attributes":{"name":"rect","x":1239,"y":864,"width":27,"height":26},"region_attributes":{"Intersection":"2"}},{"shape_attributes":{"name":"rect","x":307,"y":840,"width":26,"height":26},"region_attributes":{"Intersection":"3"}}],"file_attributes":{}},"https://lh3.googleusercontent.com/d/155Ij6Ywh5j088ptvK3OCa-uaK0NYhdXJ\n":{"filename":"https://lh3.googleusercontent.com/d/155Ij6Ywh5j088ptvK3OCa-uaK0NYhdXJ\n","size":-1,"regions":[{"shape_attributes":{"name":"rect","x":304,"y":294,"width":26,"height":24},"region_attributes":{"Intersection":"1"}},{"shape_attributes":{"name":"rect","x":1246,"y":307,"width":22,"height":17},"region_attributes":{"Intersection":"4"}},{"shape_attributes":{"name":"rect","x":1239,"y":864,"width":27,"height":26},"region_attributes":{"Intersection":"2"}},{"shape_attributes":{"name":"rect","x":307,"y":840,"width":26,"height":26},"region_attributes":{"Intersection":"3"}}],"file_attributes":{}},"https://lh3.googleusercontent.com/d/1MHuucXTNJW_QWBkpbjI2diwvjVXfB3X6\n":{"filename":"https://lh3.googleusercontent.com/d/1MHuucXTNJW_QWBkpbjI2diwvjVXfB3X6\n","size":-1,"regions":[{"shape_attributes":{"name":"rect","x":304,"y":294,"width":26,"height":24},"region_attributes":{"Intersection":"1"}},{"shape_attributes":{"name":"rect","x":1236,"y":298,"width":22,"height":17},"region_attributes":{"Intersection":"4"}},{"shape_attributes":{"name":"rect","x":1239,"y":864,"width":27,"height":26},"region_attributes":{"Intersection":"2"}},{"shape_attributes":{"name":"rect","x":307,"y":840,"width":26,"height":26},"region_attributes":{"Intersection":"3"}}],"file_attributes":{}}},"_via_attributes":{"region":{"Intersection":{"type":"dropdown","description":"","options":{"1":"7th_Market","2":"16th_Imperial","3":"7th_Imperial","4":"16th_Market"},"default_options":{}}},"file":{"neighborhood":{"type":"text","description":"","default_value":"East Village South"}}},"_via_data_format_version":"2.0.10","_via_image_id_list":["https://lh3.googleusercontent.com/d/1fgzm3luMydJJVgiP8QSYyF1JFnk5wCm3\n","https://lh3.googleusercontent.com/d/1reP3nipQGd7UCs8beYcu21xKCQbXv3BE\n","https://lh3.googleusercontent.com/d/1lUFNePexJZc4uQ12q-r9TNITL0lB6uCR\n","https://lh3.googleusercontent.com/d/155Ij6Ywh5j088ptvK3OCa-uaK0NYhdXJ\n","https://lh3.googleusercontent.com/d/1MHuucXTNJW_QWBkpbjI2diwvjVXfB3X6\n"]}