{"_via_settings":{"ui":{"annotation_editor_height":25,"annotation_editor_fontsize":0.8,"leftsidebar_width":18,"image_grid":{"img_height":80,"rshape_fill":"none","rshape_fill_opacity":0.3,"rshape_stroke":"yellow","rshape_stroke_width":2,"show_region_shape":true,"show_image_policy":"all"},"image":{"region_label":"__via_region_id__","region_color":"__via_default_region_color__","region_label_font":"10px Sans","on_image_annotation_editor_placement":"NEAR_REGION"}},"core":{"buffer_size":18,"filepath":{},"default_filepath":""},"project":{"name":"East Village_2024_gcp_"}},"_via_img_metadata":{"https://lh3.googleusercontent.com/d/1ziRgE--gVMWsxgpeaQk80mWBUXyO5pYo\n":{"filename":"https://lh3.googleusercontent.com/d/1ziRgE--gVMWsxgpeaQk80mWBUXyO5pYo\n","size":-1,"regions":[{"shape_attributes":{"name":"rect","x":211,"y":514,"width":22,"height":28},"region_attributes":{"Intersection":"4"}},{"shape_attributes":{"name":"rect","x":212,"y":981,"width":24,"height":26},"region_attributes":{"Intersection":"1"}},{"shape_attributes":{"name":"rect","x":1272,"y":516,"width":31,"height":31},"region_attributes":{"Intersection":"3"}},{"shape_attributes":{"name":"rect","x":1275,"y":987,"width":24,"height":26},"region_attributes":{"Intersection":"2"}}],"file_attributes":{}},"https://lh3.googleusercontent.com/d/1pSvJ4xj1BjMLaz2uA_0RnOKCrnvOHycS\n":{"filename":"https://lh3.googleusercontent.com/d/1pSvJ4xj1BjMLaz2uA_0RnOKCrnvOHycS\n","size":-1,"regions":[{"shape_attributes":{"name":"rect","x":252,"y":518,"width":22,"height":28},"region_attributes":{"Intersection":"4"}},{"shape_attributes":{"name":"rect","x":254,"y":952,"width":24,"height":26},"region_attributes":{"Intersection":"1"}},{"shape_attributes":{"name":"rect","x":1236,"y":523,"width":31,"height":31},"region_attributes":{"Intersection":"3"}},{"shape_attributes":{"name":"rect","x":1240,"y":955,"width":24,"height":26},"region_attributes":{"Intersection":"2"}}],"file_attributes":{}},"https://lh3.googleusercontent.com/d/1S_2qO2aeC3x_PXbea8kIcWSlCtRfZfeR\n":{"filename":"https://lh3.googleusercontent.com/d/1S_2qO2aeC3x_PXbea8kIcWSlCtRfZfeR\n","size":-1,"regions":[{"shape_attributes":{"name":"rect","x":252,"y":518,"width":22,"height":28},"region_attributes":{"Intersection":"4"}},{"shape_attributes":{"name":"rect","x":254,"y":952,"width":24,"height":26},"region_attributes":{"Intersection":"1"}},{"shape_attributes":{"name":"rect","x":1236,"y":523,"width":31,"height":31},"region_attributes":{"Intersection":"3"}},{"shape_attributes":{"name":"rect","x":1240,"y":955,"width":24,"height":26},"region_attributes":{"Intersection":"2"}}],"file_attributes":{}},"https://lh3.googleusercontent.com/d/1itXcRNwZ88JL6K_EvwAgN6gSKnC1TuBX\n":{"filename":"https://lh3.googleusercontent.com/d/1itXcRNwZ88JL6K_EvwAgN6gSKnC1TuBX\n","size":-1,"regions":[{"shape_attributes":{"name":"rect","x":252,"y":528,"width":22,"height":28},"region_attributes":{"Intersection":"4"}},{"shape_attributes":{"name":"rect","x":254,"y":952,"width":24,"height":26},"region_attributes":{"Intersection":"1"}},{"shape_attributes":{"name":"rect","x":1236,"y":523,"width":31,"height":31},"region_attributes":{"Intersection":"3"}},{"shape_attributes":{"name":"rect","x":1246,"y":958,"width":24,"height":26},"region_attributes":{"Intersection":"2"}}],"file_attributes":{}},"https://lh3.googleusercontent.com/d/148Fa7klb7fld6eKZCtpdjeIKjXDYl8Lk\n":{"filename":"https://lh3.googleusercontent.com/d/148Fa7klb7fld6eKZCtpdjeIKjXDYl8Lk\n","size":-1,"regions":[{"shape_attributes":{"name":"rect","x":252,"y":528,"width":22,"height":28},"region_attributes":{"Intersection":"4"}},{"shape_attributes":{"name":"rect","x":254,"y":952,"width":24,"height":26},"region_attributes":{"Intersection":"1"}},{"shape_attributes":{"name":"rect","x":1233,"y":518,"width":31,"height":31},"region_attributes":{"Intersection":"3"}},{"shape_attributes":{"name":"rect","x":1240,"y":953,"width":24,"height":26},"region_attributes":{"Intersection":"2"}}],"file_attributes":{}}},"_via_attributes":{"region":{"Intersection":{"type":"dropdown","description":"","options":{"1":"7th_Market","2":"16th_Market","3":"16th_E","4":"7th_E"},"default_options":{}}},"file":{"neighborhood":{"type":"text","description":"","default_value":"East Village"}}},"_via_data_format_version":"2.0.10","_via_image_id_list":["https://lh3.googleusercontent.com/d/1ziRgE--gVMWsxgpeaQk80mWBUXyO5pYo\n","https://lh3.googleusercontent.com/d/1pSvJ4xj1BjMLaz2uA_0RnOKCrnvOHycS\n","https://lh3.googleusercontent.com/d/1S_2qO2aeC3x_PXbea8kIcWSlCtRfZfeR\n","https://lh3.googleusercontent.com/d/1itXcRNwZ88JL6K_EvwAgN6gSKnC1TuBX\n","https://lh3.googleusercontent.com/d/148Fa7klb7fld6eKZCtpdjeIKjXDYl8Lk\n"]}