{"_via_settings":{"ui":{"annotation_editor_height":25,"annotation_editor_fontsize":0.8,"leftsidebar_width":18,"image_grid":{"img_height":80,"rshape_fill":"none","rshape_fill_opacity":0.3,"rshape_stroke":"yellow","rshape_stroke_width":2,"show_region_shape":true,"show_image_policy":"all"},"image":{"region_label":"__via_region_id__","region_color":"__via_default_region_color__","region_label_font":"10px Sans","on_image_annotation_editor_placement":"NEAR_REGION"}},"core":{"buffer_size":18,"filepath":{},"default_filepath":""},"project":{"name":"East Village_2023_gcp"}},"_via_img_metadata":{" https://lh3.googleusercontent.com/d/1kIk8VEu5j-KVBYL3xLXr2Xi6934Q5yeK\n":{"filename":" https://lh3.googleusercontent.com/d/1kIk8VEu5j-KVBYL3xLXr2Xi6934Q5yeK\n","size":-1,"regions":[{"shape_attributes":{"name":"rect","x":247,"y":971,"width":23,"height":25},"region_attributes":{"Intersection":"1"}},{"shape_attributes":{"name":"rect","x":1234,"y":984,"width":21,"height":23},"region_attributes":{"Intersection":"2"}},{"shape_attributes":{"name":"rect","x":1235,"y":542,"width":23,"height":23},"region_attributes":{"Intersection":"3"}},{"shape_attributes":{"name":"rect","x":249,"y":531,"width":25,"height":30},"region_attributes":{"Intersection":"4"}}],"file_attributes":{}}," https://lh3.googleusercontent.com/d/1hYilnSwObzq8ahZzkTxA7YIqXoN4xtOG\n":{"filename":" https://lh3.googleusercontent.com/d/1hYilnSwObzq8ahZzkTxA7YIqXoN4xtOG\n","size":-1,"regions":[{"shape_attributes":{"name":"rect","x":247,"y":971,"width":23,"height":25},"region_attributes":{"Intersection":"1"}},{"shape_attributes":{"name":"rect","x":1240,"y":970,"width":21,"height":23},"region_attributes":{"Intersection":"2"}},{"shape_attributes":{"name":"rect","x":1238,"y":536,"width":23,"height":23},"region_attributes":{"Intersection":"3"}},{"shape_attributes":{"name":"rect","x":249,"y":531,"width":25,"height":30},"region_attributes":{"Intersection":"4"}}],"file_attributes":{}}," https://lh3.googleusercontent.com/d/1h8CwU7Kdmd3afmj3h9Hs_ZiLkCeptZcH\n":{"filename":" https://lh3.googleusercontent.com/d/1h8CwU7Kdmd3afmj3h9Hs_ZiLkCeptZcH\n","size":-1,"regions":[{"shape_attributes":{"name":"rect","x":274,"y":937,"width":23,"height":25},"region_attributes":{"Intersection":"1"}},{"shape_attributes":{"name":"rect","x":1230,"y":957,"width":21,"height":23},"region_attributes":{"Intersection":"2"}},{"shape_attributes":{"name":"rect","x":1238,"y":536,"width":23,"height":23},"region_attributes":{"Intersection":"3"}},{"shape_attributes":{"name":"rect","x":284,"y":523,"width":25,"height":30},"region_attributes":{"Intersection":"4"}}],"file_attributes":{}}," https://lh3.googleusercontent.com/d/1DDU_HDNIA_nKiWvdt9MBJuWPDNNhl-uR\n":{"filename":" https://lh3.googleusercontent.com/d/1DDU_HDNIA_nKiWvdt9MBJuWPDNNhl-uR\n","size":-1,"regions":[{"shape_attributes":{"name":"rect","x":264,"y":946,"width":23,"height":25},"region_attributes":{"Intersection":"1"}},{"shape_attributes":{"name":"rect","x":1219,"y":949,"width":21,"height":23},"region_attributes":{"Intersection":"2"}},{"shape_attributes":{"name":"rect","x":1220,"y":535,"width":23,"height":23},"region_attributes":{"Intersection":"3"}},{"shape_attributes":{"name":"rect","x":264,"y":532,"width":25,"height":30},"region_attributes":{"Intersection":"4"}}],"file_attributes":{}}," https://lh3.googleusercontent.com/d/1c-tjSdylIZKhj1q0Y9_tpq1ohLtFG4WW\n":{"filename":" https://lh3.googleusercontent.com/d/1c-tjSdylIZKhj1q0Y9_tpq1ohLtFG4WW\n","size":-1,"regions":[{"shape_attributes":{"name":"rect","x":251,"y":969,"width":23,"height":25},"region_attributes":{"Intersection":"1"}},{"shape_attributes":{"name":"rect","x":1245,"y":974,"width":21,"height":23},"region_attributes":{"Intersection":"2"}},{"shape_attributes":{"name":"rect","x":1238,"y":540,"width":23,"height":23},"region_attributes":{"Intersection":"3"}},{"shape_attributes":{"name":"rect","x":251,"y":532,"width":25,"height":30},"region_attributes":{"Intersection":"4"}}],"file_attributes":{}}," https://lh3.googleusercontent.com/d/1VsvdscdmmSY-y5Zhcwy_gyrg6sjUGmeM\n":{"filename":" https://lh3.googleusercontent.com/d/1VsvdscdmmSY-y5Zhcwy_gyrg6sjUGmeM\n","size":-1,"regions":[{"shape_attributes":{"name":"rect","x":269,"y":954,"width":23,"height":25},"region_attributes":{"Intersection":"1"}},{"shape_attributes":{"name":"rect","x":1233,"y":955,"width":21,"height":23},"region_attributes":{"Intersection":"2"}},{"shape_attributes":{"name":"rect","x":1238,"y":540,"width":23,"height":23},"region_attributes":{"Intersection":"3"}},{"shape_attributes":{"name":"rect","x":270,"y":533,"width":25,"height":30},"region_attributes":{"Intersection":"4"}}],"file_attributes":{}}," https://lh3.googleusercontent.com/d/11PTER6xFMBKtD_ctUJ_9urBQ6JlrxaMZ\n":{"filename":" https://lh3.googleusercontent.com/d/11PTER6xFMBKtD_ctUJ_9urBQ6JlrxaMZ\n","size":-1,"regions":[{"shape_attributes":{"name":"rect","x":256,"y":946,"width":23,"height":25},"region_attributes":{"Intersection":"1"}},{"shape_attributes":{"name":"rect","x":1205,"y":954,"width":21,"height":23},"region_attributes":{"Intersection":"2"}},{"shape_attributes":{"name":"rect","x":1210,"y":537,"width":23,"height":23},"region_attributes":{"Intersection":"3"}},{"shape_attributes":{"name":"rect","x":260,"y":532,"width":25,"height":30},"region_attributes":{"Intersection":"4"}}],"file_attributes":{}}," https://lh3.googleusercontent.com/d/10g4xx5J_vlfrrfu_teIoQ3CARwYf-MRQ\n":{"filename":" https://lh3.googleusercontent.com/d/10g4xx5J_vlfrrfu_teIoQ3CARwYf-MRQ\n","size":-1,"regions":[{"shape_attributes":{"name":"rect","x":251,"y":952,"width":23,"height":25},"region_attributes":{"Intersection":"1"}},{"shape_attributes":{"name":"rect","x":1235,"y":955,"width":21,"height":23},"region_attributes":{"Intersection":"2"}},{"shape_attributes":{"name":"rect","x":1237,"y":529,"width":23,"height":23},"region_attributes":{"Intersection":"3"}},{"shape_attributes":{"name":"rect","x":250,"y":523,"width":25,"height":30},"region_attributes":{"Intersection":"4"}}],"file_attributes":{}}," https://lh3.googleusercontent.com/d/1bRCI8Hi3FXEVzW4qyL7vtYCDsFFcMV1X\n":{"filename":" https://lh3.googleusercontent.com/d/1bRCI8Hi3FXEVzW4qyL7vtYCDsFFcMV1X\n","size":-1,"regions":[{"shape_attributes":{"name":"rect","x":251,"y":952,"width":23,"height":25},"region_attributes":{"Intersection":"1"}},{"shape_attributes":{"name":"rect","x":1235,"y":955,"width":21,"height":23},"region_attributes":{"Intersection":"2"}},{"shape_attributes":{"name":"rect","x":1237,"y":529,"width":23,"height":23},"region_attributes":{"Intersection":"3"}},{"shape_attributes":{"name":"rect","x":250,"y":523,"width":25,"height":30},"region_attributes":{"Intersection":"4"}}],"file_attributes":{}}," https://lh3.googleusercontent.com/d/12Oj7_g3cd6rPJpP8mh8SlnNL1E-cEwpF\n":{"filename":" https://lh3.googleusercontent.com/d/12Oj7_g3cd6rPJpP8mh8SlnNL1E-cEwpF\n","size":-1,"regions":[{"shape_attributes":{"name":"rect","x":251,"y":952,"width":23,"height":25},"region_attributes":{"Intersection":"1"}},{"shape_attributes":{"name":"rect","x":1235,"y":967,"width":21,"height":23},"region_attributes":{"Intersection":"2"}},{"shape_attributes":{"name":"rect","x":1237,"y":529,"width":23,"height":23},"region_attributes":{"Intersection":"3"}},{"shape_attributes":{"name":"rect","x":250,"y":523,"width":25,"height":30},"region_attributes":{"Intersection":"4"}}],"file_attributes":{}}," https://lh3.googleusercontent.com/d/1ULwLEhIFm_P-4euWIyk5laXbrE5e50UV\n":{"filename":" https://lh3.googleusercontent.com/d/1ULwLEhIFm_P-4euWIyk5laXbrE5e50UV\n","size":-1,"regions":[{"shape_attributes":{"name":"rect","x":252,"y":966,"width":23,"height":25},"region_attributes":{"Intersection":"1"}},{"shape_attributes":{"name":"rect","x":1238,"y":970,"width":21,"height":23},"region_attributes":{"Intersection":"2"}},{"shape_attributes":{"name":"rect","x":1237,"y":533,"width":23,"height":23},"region_attributes":{"Intersection":"3"}},{"shape_attributes":{"name":"rect","x":251,"y":528,"width":25,"height":30},"region_attributes":{"Intersection":"4"}}],"file_attributes":{}}," https://lh3.googleusercontent.com/d/1mq1Xm56BQyiFGDdyY1BAmw4keW3FRI1m\n":{"filename":" https://lh3.googleusercontent.com/d/1mq1Xm56BQyiFGDdyY1BAmw4keW3FRI1m\n","size":-1,"regions":[{"shape_attributes":{"name":"rect","x":257,"y":953,"width":23,"height":25},"region_attributes":{"Intersection":"1"}},{"shape_attributes":{"name":"rect","x":1241,"y":952,"width":21,"height":23},"region_attributes":{"Intersection":"2"}},{"shape_attributes":{"name":"rect","x":1238,"y":528,"width":23,"height":23},"region_attributes":{"Intersection":"3"}},{"shape_attributes":{"name":"rect","x":251,"y":528,"width":25,"height":30},"region_attributes":{"Intersection":"4"}}],"file_attributes":{}}},"_via_attributes":{"region":{"Intersection":{"type":"dropdown","description":"","options":{"1":"7th_Market","2":"16th_Market","3":"16th_E","4":"7th_E"},"default_options":{}}},"file":{"neighborhood":{"type":"text","description":"","default_value":"East Village"}}},"_via_data_format_version":"2.0.10","_via_image_id_list":[" https://lh3.googleusercontent.com/d/1kIk8VEu5j-KVBYL3xLXr2Xi6934Q5yeK\n"," https://lh3.googleusercontent.com/d/1hYilnSwObzq8ahZzkTxA7YIqXoN4xtOG\n"," https://lh3.googleusercontent.com/d/1h8CwU7Kdmd3afmj3h9Hs_ZiLkCeptZcH\n"," https://lh3.googleusercontent.com/d/1DDU_HDNIA_nKiWvdt9MBJuWPDNNhl-uR\n"," https://lh3.googleusercontent.com/d/1c-tjSdylIZKhj1q0Y9_tpq1ohLtFG4WW\n"," https://lh3.googleusercontent.com/d/1VsvdscdmmSY-y5Zhcwy_gyrg6sjUGmeM\n"," https://lh3.googleusercontent.com/d/11PTER6xFMBKtD_ctUJ_9urBQ6JlrxaMZ\n"," https://lh3.googleusercontent.com/d/10g4xx5J_vlfrrfu_teIoQ3CARwYf-MRQ\n"," https://lh3.googleusercontent.com/d/1bRCI8Hi3FXEVzW4qyL7vtYCDsFFcMV1X\n"," https://lh3.googleusercontent.com/d/12Oj7_g3cd6rPJpP8mh8SlnNL1E-cEwpF\n"," https://lh3.googleusercontent.com/d/1ULwLEhIFm_P-4euWIyk5laXbrE5e50UV\n"," https://lh3.googleusercontent.com/d/1mq1Xm56BQyiFGDdyY1BAmw4keW3FRI1m\n"]}