{"_via_settings":{"ui":{"annotation_editor_height":25,"annotation_editor_fontsize":0.8,"leftsidebar_width":18,"image_grid":{"img_height":80,"rshape_fill":"none","rshape_fill_opacity":0.3,"rshape_stroke":"yellow","rshape_stroke_width":2,"show_region_shape":true,"show_image_policy":"all"},"image":{"region_label":"__via_region_id__","region_color":"__via_default_region_color__","region_label_font":"10px Sans","on_image_annotation_editor_placement":"NEAR_REGION"}},"core":{"buffer_size":18,"filepath":{},"default_filepath":""},"project":{"name":"East Village South_2023_gcp_"}},"_via_img_metadata":{" https://lh3.googleusercontent.com/d/14yIN8g2lOSkm1b5kEkIRTtFfPM2dFjJc\n":{"filename":" https://lh3.googleusercontent.com/d/14yIN8g2lOSkm1b5kEkIRTtFfPM2dFjJc\n","size":-1,"regions":[{"shape_attributes":{"name":"rect","x":307,"y":305,"width":19,"height":25},"region_attributes":{"Intersection":"1"}},{"shape_attributes":{"name":"rect","x":1237,"y":317,"width":22,"height":20},"region_attributes":{"Intersection":"4"}},{"shape_attributes":{"name":"rect","x":1234,"y":888,"width":21,"height":21},"region_attributes":{"Intersection":"2"}},{"shape_attributes":{"name":"rect","x":298,"y":860,"width":26,"height":23},"region_attributes":{"Intersection":"3"}}],"file_attributes":{}}," https://lh3.googleusercontent.com/d/13qmYe68bXSsPUbBPK_-lhA2KlYWl1zaD\n":{"filename":" https://lh3.googleusercontent.com/d/13qmYe68bXSsPUbBPK_-lhA2KlYWl1zaD\n","size":-1,"regions":[{"shape_attributes":{"name":"rect","x":307,"y":305,"width":19,"height":25},"region_attributes":{"Intersection":"1"}},{"shape_attributes":{"name":"rect","x":1240,"y":303,"width":22,"height":20},"region_attributes":{"Intersection":"4"}},{"shape_attributes":{"name":"rect","x":1234,"y":878,"width":21,"height":21},"region_attributes":{"Intersection":"2"}},{"shape_attributes":{"name":"rect","x":298,"y":860,"width":26,"height":23},"region_attributes":{"Intersection":"3"}}],"file_attributes":{}}," https://lh3.googleusercontent.com/d/1pXz2LR5eQsS0htH7rNV4HfUqX-KLEVYE\n":{"filename":" https://lh3.googleusercontent.com/d/1pXz2LR5eQsS0htH7rNV4HfUqX-KLEVYE\n","size":-1,"regions":[{"shape_attributes":{"name":"rect","x":344,"y":296,"width":19,"height":25},"region_attributes":{"Intersection":"1"}},{"shape_attributes":{"name":"rect","x":1240,"y":303,"width":22,"height":20},"region_attributes":{"Intersection":"4"}},{"shape_attributes":{"name":"rect","x":1230,"y":857,"width":21,"height":21},"region_attributes":{"Intersection":"2"}},{"shape_attributes":{"name":"rect","x":325,"y":833,"width":26,"height":23},"region_attributes":{"Intersection":"3"}}],"file_attributes":{}}," https://lh3.googleusercontent.com/d/1v4D8-CYvdCx_FwLUq39zyNjvaTShgWgx\n":{"filename":" https://lh3.googleusercontent.com/d/1v4D8-CYvdCx_FwLUq39zyNjvaTShgWgx\n","size":-1,"regions":[{"shape_attributes":{"name":"rect","x":322,"y":301,"width":19,"height":25},"region_attributes":{"Intersection":"1"}},{"shape_attributes":{"name":"rect","x":1219,"y":304,"width":22,"height":20},"region_attributes":{"Intersection":"4"}},{"shape_attributes":{"name":"rect","x":1212,"y":858,"width":21,"height":21},"region_attributes":{"Intersection":"2"}},{"shape_attributes":{"name":"rect","x":315,"y":833,"width":26,"height":23},"region_attributes":{"Intersection":"3"}}],"file_attributes":{}}," https://lh3.googleusercontent.com/d/112WG1umhrZYZfjg6BOnvg8VTASZXNMKI\n":{"filename":" https://lh3.googleusercontent.com/d/112WG1umhrZYZfjg6BOnvg8VTASZXNMKI\n","size":-1,"regions":[{"shape_attributes":{"name":"rect","x":304,"y":305,"width":19,"height":25},"region_attributes":{"Intersection":"1"}},{"shape_attributes":{"name":"rect","x":1235,"y":307,"width":25,"height":21},"region_attributes":{"Intersection":"4"}},{"shape_attributes":{"name":"rect","x":1238,"y":881,"width":30,"height":21},"region_attributes":{"Intersection":"2"}},{"shape_attributes":{"name":"rect","x":309,"y":861,"width":26,"height":23},"region_attributes":{"Intersection":"3"}}],"file_attributes":{}}," https://lh3.googleusercontent.com/d/1P2oj6y2qCGp5mdjYwyIy9PF4cBKgGMHm\n":{"filename":" https://lh3.googleusercontent.com/d/1P2oj6y2qCGp5mdjYwyIy9PF4cBKgGMHm\n","size":-1,"regions":[{"shape_attributes":{"name":"rect","x":323,"y":306,"width":19,"height":25},"region_attributes":{"Intersection":"1"}},{"shape_attributes":{"name":"rect","x":1231,"y":316,"width":25,"height":21},"region_attributes":{"Intersection":"4"}},{"shape_attributes":{"name":"rect","x":1229,"y":869,"width":30,"height":21},"region_attributes":{"Intersection":"2"}},{"shape_attributes":{"name":"rect","x":314,"y":847,"width":26,"height":23},"region_attributes":{"Intersection":"3"}}],"file_attributes":{}}," https://lh3.googleusercontent.com/d/12gEhtrKFM4Qdd7-kh7vYAuQZzF30hs6V\n":{"filename":" https://lh3.googleusercontent.com/d/12gEhtrKFM4Qdd7-kh7vYAuQZzF30hs6V\n","size":-1,"regions":[{"shape_attributes":{"name":"rect","x":315,"y":303,"width":19,"height":25},"region_attributes":{"Intersection":"1"}},{"shape_attributes":{"name":"rect","x":1212,"y":311,"width":25,"height":21},"region_attributes":{"Intersection":"4"}},{"shape_attributes":{"name":"rect","x":1201,"y":861,"width":30,"height":21},"region_attributes":{"Intersection":"2"}},{"shape_attributes":{"name":"rect","x":305,"y":834,"width":26,"height":23},"region_attributes":{"Intersection":"3"}}],"file_attributes":{}}," https://lh3.googleusercontent.com/d/1xix96nkh9iuIikTWN4eN5oD74ZlIG5Z0\n":{"filename":" https://lh3.googleusercontent.com/d/1xix96nkh9iuIikTWN4eN5oD74ZlIG5Z0\n","size":-1,"regions":[{"shape_attributes":{"name":"rect","x":303,"y":293,"width":19,"height":25},"region_attributes":{"Intersection":"1"}},{"shape_attributes":{"name":"rect","x":1235,"y":294,"width":25,"height":21},"region_attributes":{"Intersection":"4"}},{"shape_attributes":{"name":"rect","x":1232,"y":862,"width":30,"height":21},"region_attributes":{"Intersection":"2"}},{"shape_attributes":{"name":"rect","x":302,"y":840,"width":26,"height":23},"region_attributes":{"Intersection":"3"}}],"file_attributes":{}}," https://lh3.googleusercontent.com/d/1p5B2J9sRx3ZpVbI0R4LSi9L02eTMQy1c\n":{"filename":" https://lh3.googleusercontent.com/d/1p5B2J9sRx3ZpVbI0R4LSi9L02eTMQy1c\n","size":-1,"regions":[{"shape_attributes":{"name":"rect","x":303,"y":299,"width":19,"height":25},"region_attributes":{"Intersection":"1"}},{"shape_attributes":{"name":"rect","x":1231,"y":304,"width":25,"height":21},"region_attributes":{"Intersection":"4"}},{"shape_attributes":{"name":"rect","x":1226,"y":880,"width":30,"height":21},"region_attributes":{"Intersection":"2"}},{"shape_attributes":{"name":"rect","x":298,"y":844,"width":26,"height":23},"region_attributes":{"Intersection":"3"}}],"file_attributes":{}}," https://lh3.googleusercontent.com/d/1jyudTsZMN5QToO7AHCZvD2DmJGZigvUf\n":{"filename":" https://lh3.googleusercontent.com/d/1jyudTsZMN5QToO7AHCZvD2DmJGZigvUf\n","size":-1,"regions":[{"shape_attributes":{"name":"rect","x":303,"y":299,"width":19,"height":25},"region_attributes":{"Intersection":"1"}},{"shape_attributes":{"name":"rect","x":1231,"y":304,"width":25,"height":21},"region_attributes":{"Intersection":"4"}},{"shape_attributes":{"name":"rect","x":1227,"y":875,"width":30,"height":21},"region_attributes":{"Intersection":"2"}},{"shape_attributes":{"name":"rect","x":298,"y":844,"width":26,"height":23},"region_attributes":{"Intersection":"3"}}],"file_attributes":{}}," https://lh3.googleusercontent.com/d/1Not8sXySkPX-YDcVZS-djqf_H19eG-r9\n":{"filename":" https://lh3.googleusercontent.com/d/1Not8sXySkPX-YDcVZS-djqf_H19eG-r9\n","size":-1,"regions":[{"shape_attributes":{"name":"rect","x":303,"y":299,"width":19,"height":25},"region_attributes":{"Intersection":"1"}},{"shape_attributes":{"name":"rect","x":1237,"y":304,"width":25,"height":21},"region_attributes":{"Intersection":"4"}},{"shape_attributes":{"name":"rect","x":1233,"y":875,"width":30,"height":21},"region_attributes":{"Intersection":"2"}},{"shape_attributes":{"name":"rect","x":298,"y":844,"width":26,"height":23},"region_attributes":{"Intersection":"3"}}],"file_attributes":{}}," https://lh3.googleusercontent.com/d/1vxLNSyOZkw_0ZvVAa9ci7TBzeaiZz5Nl\n":{"filename":" https://lh3.googleusercontent.com/d/1vxLNSyOZkw_0ZvVAa9ci7TBzeaiZz5Nl\n","size":-1,"regions":[{"shape_attributes":{"name":"rect","x":308,"y":299,"width":19,"height":25},"region_attributes":{"Intersection":"1"}},{"shape_attributes":{"name":"rect","x":1232,"y":294,"width":25,"height":23},"region_attributes":{"Intersection":"4"}},{"shape_attributes":{"name":"rect","x":1237,"y":866,"width":30,"height":21},"region_attributes":{"Intersection":"2"}},{"shape_attributes":{"name":"rect","x":306,"y":840,"width":26,"height":23},"region_attributes":{"Intersection":"3"}}],"file_attributes":{}}},"_via_attributes":{"region":{"Intersection":{"type":"dropdown","description":"","options":{"1":"7th_Market","2":"16th_Imperial","3":"7th_Imperial","4":"16th_Market"},"default_options":{}}},"file":{"neighborhood":{"type":"text","description":"","default_value":"East Village South"}}},"_via_data_format_version":"2.0.10","_via_image_id_list":[" https://lh3.googleusercontent.com/d/14yIN8g2lOSkm1b5kEkIRTtFfPM2dFjJc\n"," https://lh3.googleusercontent.com/d/13qmYe68bXSsPUbBPK_-lhA2KlYWl1zaD\n"," https://lh3.googleusercontent.com/d/1pXz2LR5eQsS0htH7rNV4HfUqX-KLEVYE\n"," https://lh3.googleusercontent.com/d/1v4D8-CYvdCx_FwLUq39zyNjvaTShgWgx\n"," https://lh3.googleusercontent.com/d/112WG1umhrZYZfjg6BOnvg8VTASZXNMKI\n"," https://lh3.googleusercontent.com/d/1P2oj6y2qCGp5mdjYwyIy9PF4cBKgGMHm\n"," https://lh3.googleusercontent.com/d/12gEhtrKFM4Qdd7-kh7vYAuQZzF30hs6V\n"," https://lh3.googleusercontent.com/d/1xix96nkh9iuIikTWN4eN5oD74ZlIG5Z0\n"," https://lh3.googleusercontent.com/d/1p5B2J9sRx3ZpVbI0R4LSi9L02eTMQy1c\n"," https://lh3.googleusercontent.com/d/1jyudTsZMN5QToO7AHCZvD2DmJGZigvUf\n"," https://lh3.googleusercontent.com/d/1Not8sXySkPX-YDcVZS-djqf_H19eG-r9\n"," https://lh3.googleusercontent.com/d/1vxLNSyOZkw_0ZvVAa9ci7TBzeaiZz5Nl\n"]}