{"_via_settings":{"ui":{"annotation_editor_height":25,"annotation_editor_fontsize":0.8,"leftsidebar_width":18,"image_grid":{"img_height":80,"rshape_fill":"none","rshape_fill_opacity":0.3,"rshape_stroke":"yellow","rshape_stroke_width":2,"show_region_shape":true,"show_image_policy":"all"},"image":{"region_label":"__via_region_id__","region_color":"__via_default_region_color__","region_label_font":"10px Sans","on_image_annotation_editor_placement":"NEAR_REGION"}},"core":{"buffer_size":18,"filepath":{},"default_filepath":""},"project":{"name":"Gaslamp_2024_gcp_"}},"_via_img_metadata":{"https://lh3.googleusercontent.com/d/1LnQx7kXNWdKlLZuE2F2G3gtOPbz-_QGf\n":{"filename":"https://lh3.googleusercontent.com/d/1LnQx7kXNWdKlLZuE2F2G3gtOPbz-_QGf\n","size":-1,"regions":[{"shape_attributes":{"name":"rect","x":1366,"y":847,"width":34,"height":24},"region_attributes":{"Intersection":"1"}},{"shape_attributes":{"name":"rect","x":1365,"y":52,"width":28,"height":22},"region_attributes":{"Intersection":"2"}},{"shape_attributes":{"name":"rect","x":983,"y":850,"width":22,"height":21},"region_attributes":{"Intersection":"3"}},{"shape_attributes":{"name":"rect","x":979,"y":56,"width":24,"height":22},"region_attributes":{"Intersection":"4"}}],"file_attributes":{}},"https://lh3.googleusercontent.com/d/1WmbKrLu1k6ZiyTrNv_36SoAd9hLTAG9Z\n":{"filename":"https://lh3.googleusercontent.com/d/1WmbKrLu1k6ZiyTrNv_36SoAd9hLTAG9Z\n","size":-1,"regions":[{"shape_attributes":{"name":"rect","x":1327,"y":841,"width":34,"height":24},"region_attributes":{"Intersection":"1"}},{"shape_attributes":{"name":"rect","x":1333,"y":101,"width":28,"height":22},"region_attributes":{"Intersection":"2"}},{"shape_attributes":{"name":"rect","x":977,"y":844,"width":22,"height":21},"region_attributes":{"Intersection":"3"}},{"shape_attributes":{"name":"rect","x":973,"y":95,"width":24,"height":22},"region_attributes":{"Intersection":"4"}}],"file_attributes":{}},"https://lh3.googleusercontent.com/d/1O2eUOJmmH0KxRuGhgRubyBu3KYB2ujNK\n":{"filename":"https://lh3.googleusercontent.com/d/1O2eUOJmmH0KxRuGhgRubyBu3KYB2ujNK\n","size":-1,"regions":[{"shape_attributes":{"name":"rect","x":1327,"y":834,"width":34,"height":24},"region_attributes":{"Intersection":"1"}},{"shape_attributes":{"name":"rect","x":1327,"y":99,"width":28,"height":22},"region_attributes":{"Intersection":"2"}},{"shape_attributes":{"name":"rect","x":973,"y":836,"width":24,"height":22},"region_attributes":{"Intersection":"3"}},{"shape_attributes":{"name":"rect","x":973,"y":95,"width":24,"height":22},"region_attributes":{"Intersection":"4"}}],"file_attributes":{}},"https://lh3.googleusercontent.com/d/1AbVG7EleBghKOgocIzMuXiZj6sGwJJNR\n":{"filename":"https://lh3.googleusercontent.com/d/1AbVG7EleBghKOgocIzMuXiZj6sGwJJNR\n","size":-1,"regions":[{"shape_attributes":{"name":"rect","x":1327,"y":834,"width":34,"height":24},"region_attributes":{"Intersection":"1"}},{"shape_attributes":{"name":"rect","x":1327,"y":99,"width":28,"height":22},"region_attributes":{"Intersection":"2"}},{"shape_attributes":{"name":"rect","x":973,"y":836,"width":24,"height":22},"region_attributes":{"Intersection":"3"}},{"shape_attributes":{"name":"rect","x":973,"y":95,"width":24,"height":22},"region_attributes":{"Intersection":"4"}}],"file_attributes":{}},"https://lh3.googleusercontent.com/d/184AfkcjaUqYHCYl8MAbWau_9maFg2Fyg\n":{"filename":"https://lh3.googleusercontent.com/d/184AfkcjaUqYHCYl8MAbWau_9maFg2Fyg\n","size":-1,"regions":[{"shape_attributes":{"name":"rect","x":1328,"y":826,"width":34,"height":24},"region_attributes":{"Intersection":"1"}},{"shape_attributes":{"name":"rect","x":1323,"y":92,"width":28,"height":22},"region_attributes":{"Intersection":"2"}},{"shape_attributes":{"name":"rect","x":973,"y":829,"width":24,"height":22},"region_attributes":{"Intersection":"3"}},{"shape_attributes":{"name":"rect","x":972,"y":90,"width":19,"height":22},"region_attributes":{"Intersection":"4"}}],"file_attributes":{}}},"_via_attributes":{"region":{"Intersection":{"type":"dropdown","description":"","options":{"1":"6th_K","2":"6th_Broadway","3":"4th_K","4":"4th_Broadway"},"default_options":{}}},"file":{"neighborhood":{"type":"text","description":"","default_value":"Gaslamp"}}},"_via_data_format_version":"2.0.10","_via_image_id_list":["https://lh3.googleusercontent.com/d/1LnQx7kXNWdKlLZuE2F2G3gtOPbz-_QGf\n","https://lh3.googleusercontent.com/d/1WmbKrLu1k6ZiyTrNv_36SoAd9hLTAG9Z\n","https://lh3.googleusercontent.com/d/1O2eUOJmmH0KxRuGhgRubyBu3KYB2ujNK\n","https://lh3.googleusercontent.com/d/1AbVG7EleBghKOgocIzMuXiZj6sGwJJNR\n","https://lh3.googleusercontent.com/d/184AfkcjaUqYHCYl8MAbWau_9maFg2Fyg\n"]}