{"_via_settings":{"ui":{"annotation_editor_height":25,"annotation_editor_fontsize":0.8,"leftsidebar_width":18,"image_grid":{"img_height":80,"rshape_fill":"none","rshape_fill_opacity":0.3,"rshape_stroke":"yellow","rshape_stroke_width":2,"show_region_shape":true,"show_image_policy":"all"},"image":{"region_label":"Intersection","region_color":"__via_default_region_color__","region_label_font":"10px Sans","on_image_annotation_editor_placement":"NEAR_REGION"}},"core":{"buffer_size":18,"filepath":{},"default_filepath":""},"project":{"name":"Gaslamp_2023_gcp"}},"_via_img_metadata":{" https://lh3.googleusercontent.com/d/1SeWTYj-TCm3BasxQGClmvaZZcnsqeRan\n":{"filename":" https://lh3.googleusercontent.com/d/1SeWTYj-TCm3BasxQGClmvaZZcnsqeRan\n","size":-1,"regions":[{"shape_attributes":{"name":"rect","x":1328,"y":847,"width":36,"height":21},"region_attributes":{"Intersection":"1"}},{"shape_attributes":{"name":"rect","x":1322,"y":104,"width":25,"height":21},"region_attributes":{"Intersection":"2"}},{"shape_attributes":{"name":"rect","x":969,"y":846,"width":21,"height":21},"region_attributes":{"Intersection":"3"}},{"shape_attributes":{"name":"rect","x":971,"y":108,"width":21,"height":17},"region_attributes":{"Intersection":"4"}}],"file_attributes":{}}," https://lh3.googleusercontent.com/d/10G8jwmpzz2kxDX71poLV7HzOu1iYp1bi\n":{"filename":" https://lh3.googleusercontent.com/d/10G8jwmpzz2kxDX71poLV7HzOu1iYp1bi\n","size":-1,"regions":[{"shape_attributes":{"name":"rect","x":1326,"y":840,"width":36,"height":19},"region_attributes":{"Intersection":"1"}},{"shape_attributes":{"name":"rect","x":1325,"y":96,"width":25,"height":21},"region_attributes":{"Intersection":"2"}},{"shape_attributes":{"name":"rect","x":971,"y":836,"width":21,"height":21},"region_attributes":{"Intersection":"3"}},{"shape_attributes":{"name":"rect","x":975,"y":100,"width":21,"height":17},"region_attributes":{"Intersection":"4"}}],"file_attributes":{}}," https://lh3.googleusercontent.com/d/1rRG3c_4diWr8j18dzccItLCFP00eifeJ\n":{"filename":" https://lh3.googleusercontent.com/d/1rRG3c_4diWr8j18dzccItLCFP00eifeJ\n","size":-1,"regions":[{"shape_attributes":{"name":"rect","x":1314,"y":821,"width":36,"height":19},"region_attributes":{"Intersection":"1"}},{"shape_attributes":{"name":"rect","x":1328,"y":108,"width":25,"height":17},"region_attributes":{"Intersection":"2"}},{"shape_attributes":{"name":"rect","x":973,"y":818,"width":21,"height":21},"region_attributes":{"Intersection":"3"}},{"shape_attributes":{"name":"rect","x":984,"y":113,"width":21,"height":17},"region_attributes":{"Intersection":"4"}}],"file_attributes":{}}," https://lh3.googleusercontent.com/d/1DKzLl8asQyOne63N2Z-CSFcuPHsnIL6e\n":{"filename":" https://lh3.googleusercontent.com/d/1DKzLl8asQyOne63N2Z-CSFcuPHsnIL6e\n","size":-1,"regions":[{"shape_attributes":{"name":"rect","x":1311,"y":830,"width":36,"height":19},"region_attributes":{"Intersection":"1"}},{"shape_attributes":{"name":"rect","x":1312,"y":120,"width":25,"height":17},"region_attributes":{"Intersection":"2"}},{"shape_attributes":{"name":"rect","x":973,"y":830,"width":21,"height":21},"region_attributes":{"Intersection":"3"}},{"shape_attributes":{"name":"rect","x":970,"y":113,"width":21,"height":17},"region_attributes":{"Intersection":"4"}}],"file_attributes":{}}," https://lh3.googleusercontent.com/d/19AESclB7D9EYxWqeM755R06jSXysnR73\n":{"filename":" https://lh3.googleusercontent.com/d/19AESclB7D9EYxWqeM755R06jSXysnR73\n","size":-1,"regions":[{"shape_attributes":{"name":"rect","x":1328,"y":847,"width":36,"height":21},"region_attributes":{"Intersection":"1"}},{"shape_attributes":{"name":"rect","x":1322,"y":104,"width":25,"height":21},"region_attributes":{"Intersection":"2"}},{"shape_attributes":{"name":"rect","x":969,"y":846,"width":21,"height":21},"region_attributes":{"Intersection":"3"}},{"shape_attributes":{"name":"rect","x":971,"y":108,"width":21,"height":17},"region_attributes":{"Intersection":"4"}}],"file_attributes":{}}," https://lh3.googleusercontent.com/d/1FFRkB5yObHb-ffhSYAeI4OqVK97ZxcRV\n":{"filename":" https://lh3.googleusercontent.com/d/1FFRkB5yObHb-ffhSYAeI4OqVK97ZxcRV\n","size":-1,"regions":[{"shape_attributes":{"name":"rect","x":1319,"y":834,"width":36,"height":19},"region_attributes":{"Intersection":"1"}},{"shape_attributes":{"name":"rect","x":1320,"y":118,"width":25,"height":17},"region_attributes":{"Intersection":"2"}},{"shape_attributes":{"name":"rect","x":976,"y":831,"width":18,"height":16},"region_attributes":{"Intersection":"3"}},{"shape_attributes":{"name":"rect","x":976,"y":121,"width":21,"height":17},"region_attributes":{"Intersection":"4"}}],"file_attributes":{}}," https://lh3.googleusercontent.com/d/1c14ZggpQGjPU3HUtf_IOXztYg5-ZLT9F\n":{"filename":" https://lh3.googleusercontent.com/d/1c14ZggpQGjPU3HUtf_IOXztYg5-ZLT9F\n","size":-1,"regions":[{"shape_attributes":{"name":"rect","x":1294,"y":825,"width":36,"height":19},"region_attributes":{"Intersection":"1"}},{"shape_attributes":{"name":"rect","x":1294,"y":109,"width":25,"height":17},"region_attributes":{"Intersection":"2"}},{"shape_attributes":{"name":"rect","x":954,"y":822,"width":18,"height":16},"region_attributes":{"Intersection":"3"}},{"shape_attributes":{"name":"rect","x":954,"y":112,"width":21,"height":17},"region_attributes":{"Intersection":"4"}}],"file_attributes":{}}," https://lh3.googleusercontent.com/d/1qKqJCMEj5tEjh3lMq8Q3kbkUuE9qCzU7\n":{"filename":" https://lh3.googleusercontent.com/d/1qKqJCMEj5tEjh3lMq8Q3kbkUuE9qCzU7\n","size":-1,"regions":[{"shape_attributes":{"name":"rect","x":1331,"y":833,"width":36,"height":19},"region_attributes":{"Intersection":"1"}},{"shape_attributes":{"name":"rect","x":1325,"y":91,"width":25,"height":17},"region_attributes":{"Intersection":"2"}},{"shape_attributes":{"name":"rect","x":971,"y":834,"width":18,"height":16},"region_attributes":{"Intersection":"3"}},{"shape_attributes":{"name":"rect","x":971,"y":95,"width":21,"height":17},"region_attributes":{"Intersection":"4"}}],"file_attributes":{}}," https://lh3.googleusercontent.com/d/182KCPGx2YhUZHkU4PvNtkYJX4pGpzLWP\n":{"filename":" https://lh3.googleusercontent.com/d/182KCPGx2YhUZHkU4PvNtkYJX4pGpzLWP\n","size":-1,"regions":[{"shape_attributes":{"name":"rect","x":1331,"y":833,"width":36,"height":19},"region_attributes":{"Intersection":"1"}},{"shape_attributes":{"name":"rect","x":1325,"y":91,"width":25,"height":17},"region_attributes":{"Intersection":"2"}},{"shape_attributes":{"name":"rect","x":971,"y":834,"width":18,"height":16},"region_attributes":{"Intersection":"3"}},{"shape_attributes":{"name":"rect","x":971,"y":95,"width":21,"height":17},"region_attributes":{"Intersection":"4"}}],"file_attributes":{}}," https://lh3.googleusercontent.com/d/1447m1SItGMB2SODC9aZcnoQlkSQfNEuE\n":{"filename":" https://lh3.googleusercontent.com/d/1447m1SItGMB2SODC9aZcnoQlkSQfNEuE\n","size":-1,"regions":[{"shape_attributes":{"name":"rect","x":1325,"y":838,"width":36,"height":19},"region_attributes":{"Intersection":"1"}},{"shape_attributes":{"name":"rect","x":1324,"y":95,"width":25,"height":17},"region_attributes":{"Intersection":"2"}},{"shape_attributes":{"name":"rect","x":968,"y":837,"width":18,"height":16},"region_attributes":{"Intersection":"3"}},{"shape_attributes":{"name":"rect","x":971,"y":95,"width":21,"height":17},"region_attributes":{"Intersection":"4"}}],"file_attributes":{}}," https://lh3.googleusercontent.com/d/1awTo-JiLxdZawqcJC3MZEp64Jh8TqhWJ\n":{"filename":" https://lh3.googleusercontent.com/d/1awTo-JiLxdZawqcJC3MZEp64Jh8TqhWJ\n","size":-1,"regions":[{"shape_attributes":{"name":"rect","x":1325,"y":844,"width":36,"height":19},"region_attributes":{"Intersection":"1"}},{"shape_attributes":{"name":"rect","x":1326,"y":102,"width":25,"height":17},"region_attributes":{"Intersection":"2"}},{"shape_attributes":{"name":"rect","x":970,"y":842,"width":18,"height":16},"region_attributes":{"Intersection":"3"}},{"shape_attributes":{"name":"rect","x":963,"y":100,"width":21,"height":17},"region_attributes":{"Intersection":"4"}}],"file_attributes":{}}," https://lh3.googleusercontent.com/d/1CerIW2H3lRs-5f6QNvvvU9OznF38ZPXQ\n":{"filename":" https://lh3.googleusercontent.com/d/1CerIW2H3lRs-5f6QNvvvU9OznF38ZPXQ\n","size":-1,"regions":[{"shape_attributes":{"name":"rect","x":1363,"y":847,"width":36,"height":19},"region_attributes":{"Intersection":"1"}},{"shape_attributes":{"name":"rect","x":1356,"y":59,"width":25,"height":17},"region_attributes":{"Intersection":"2"}},{"shape_attributes":{"name":"rect","x":982,"y":849,"width":18,"height":16},"region_attributes":{"Intersection":"3"}},{"shape_attributes":{"name":"rect","x":975,"y":61,"width":21,"height":17},"region_attributes":{"Intersection":"4"}}],"file_attributes":{}}},"_via_attributes":{"region":{"Intersection":{"type":"dropdown","description":"","options":{"1":"6th_K","2":"6th_Broadway","3":"4th_K","4":"4th_Broadway"},"default_options":{}}},"file":{"neighborhood":{"type":"text","description":"","default_value":"Gaslamp"}}},"_via_data_format_version":"2.0.10","_via_image_id_list":[" https://lh3.googleusercontent.com/d/1SeWTYj-TCm3BasxQGClmvaZZcnsqeRan\n"," https://lh3.googleusercontent.com/d/10G8jwmpzz2kxDX71poLV7HzOu1iYp1bi\n"," https://lh3.googleusercontent.com/d/1rRG3c_4diWr8j18dzccItLCFP00eifeJ\n"," https://lh3.googleusercontent.com/d/1DKzLl8asQyOne63N2Z-CSFcuPHsnIL6e\n"," https://lh3.googleusercontent.com/d/19AESclB7D9EYxWqeM755R06jSXysnR73\n"," https://lh3.googleusercontent.com/d/1FFRkB5yObHb-ffhSYAeI4OqVK97ZxcRV\n"," https://lh3.googleusercontent.com/d/1c14ZggpQGjPU3HUtf_IOXztYg5-ZLT9F\n"," https://lh3.googleusercontent.com/d/1qKqJCMEj5tEjh3lMq8Q3kbkUuE9qCzU7\n"," https://lh3.googleusercontent.com/d/182KCPGx2YhUZHkU4PvNtkYJX4pGpzLWP\n"," https://lh3.googleusercontent.com/d/1447m1SItGMB2SODC9aZcnoQlkSQfNEuE\n"," https://lh3.googleusercontent.com/d/1awTo-JiLxdZawqcJC3MZEp64Jh8TqhWJ\n"," https://lh3.googleusercontent.com/d/1CerIW2H3lRs-5f6QNvvvU9OznF38ZPXQ\n"]}