{"_via_settings":{"ui":{"annotation_editor_height":25,"annotation_editor_fontsize":0.8,"leftsidebar_width":18,"image_grid":{"img_height":80,"rshape_fill":"none","rshape_fill_opacity":0.3,"rshape_stroke":"yellow","rshape_stroke_width":2,"show_region_shape":true,"show_image_policy":"all"},"image":{"region_label":"__via_region_id__","region_color":"__via_default_region_color__","region_label_font":"10px Sans","on_image_annotation_editor_placement":"NEAR_REGION"}},"core":{"buffer_size":18,"filepath":{},"default_filepath":""},"project":{"name":"Golden Hill_2024_gcp"}},"_via_img_metadata":{"https://lh3.googleusercontent.com/d/17vz0hbrFa_synVZRWQGrcrhSvQq54V1k\n":{"filename":"https://lh3.googleusercontent.com/d/17vz0hbrFa_synVZRWQGrcrhSvQq54V1k\n","size":-1,"regions":[{"shape_attributes":{"name":"rect","x":211,"y":356,"width":41,"height":43},"region_attributes":{"Intersection":"1"}},{"shape_attributes":{"name":"rect","x":207,"y":682,"width":46,"height":42},"region_attributes":{"Intersection":"2"}},{"shape_attributes":{"name":"rect","x":1142,"y":356,"width":51,"height":48},"region_attributes":{"Intersection":"3"}},{"shape_attributes":{"name":"rect","x":1146,"y":683,"width":49,"height":44},"region_attributes":{"Intersection":"4"}}],"file_attributes":{}},"https://lh3.googleusercontent.com/d/1Gk6qM0KqfvjVnR4bKc8bvzBfdjDhVdTz\n":{"filename":"https://lh3.googleusercontent.com/d/1Gk6qM0KqfvjVnR4bKc8bvzBfdjDhVdTz\n","size":-1,"regions":[{"shape_attributes":{"name":"rect","x":210,"y":357,"width":41,"height":43},"region_attributes":{"Intersection":"1"}},{"shape_attributes":{"name":"rect","x":206,"y":683,"width":46,"height":42},"region_attributes":{"Intersection":"2"}},{"shape_attributes":{"name":"rect","x":1137,"y":356,"width":51,"height":48},"region_attributes":{"Intersection":"3"}},{"shape_attributes":{"name":"rect","x":1141,"y":683,"width":49,"height":44},"region_attributes":{"Intersection":"4"}}],"file_attributes":{}},"https://lh3.googleusercontent.com/d/1xD95O13kI-8ynF3iyHxeUu_D7V2fN-2D\n":{"filename":"https://lh3.googleusercontent.com/d/1xD95O13kI-8ynF3iyHxeUu_D7V2fN-2D\n","size":-1,"regions":[{"shape_attributes":{"name":"rect","x":210,"y":336,"width":41,"height":43},"region_attributes":{"Intersection":"1"}},{"shape_attributes":{"name":"rect","x":203,"y":662,"width":46,"height":42},"region_attributes":{"Intersection":"2"}},{"shape_attributes":{"name":"rect","x":1138,"y":341,"width":51,"height":48},"region_attributes":{"Intersection":"3"}},{"shape_attributes":{"name":"rect","x":1142,"y":668,"width":49,"height":44},"region_attributes":{"Intersection":"4"}}],"file_attributes":{}},"https://lh3.googleusercontent.com/d/1QTEdKGZsd7HowGSlk6KvzP13jpFUIvah\n":{"filename":"https://lh3.googleusercontent.com/d/1QTEdKGZsd7HowGSlk6KvzP13jpFUIvah\n","size":-1,"regions":[{"shape_attributes":{"name":"rect","x":208,"y":357,"width":41,"height":43},"region_attributes":{"Intersection":"1"}},{"shape_attributes":{"name":"rect","x":204,"y":683,"width":46,"height":42},"region_attributes":{"Intersection":"2"}},{"shape_attributes":{"name":"rect","x":1141,"y":356,"width":51,"height":48},"region_attributes":{"Intersection":"3"}},{"shape_attributes":{"name":"rect","x":1145,"y":683,"width":49,"height":44},"region_attributes":{"Intersection":"4"}}],"file_attributes":{}},"https://lh3.googleusercontent.com/d/10mmmOHFcAh49dPmh3EFJysg3mAc8vc2m\n":{"filename":"https://lh3.googleusercontent.com/d/10mmmOHFcAh49dPmh3EFJysg3mAc8vc2m\n","size":-1,"regions":[{"shape_attributes":{"name":"rect","x":209,"y":362,"width":41,"height":43},"region_attributes":{"Intersection":"1"}},{"shape_attributes":{"name":"rect","x":205,"y":688,"width":46,"height":42},"region_attributes":{"Intersection":"2"}},{"shape_attributes":{"name":"rect","x":1136,"y":361,"width":51,"height":48},"region_attributes":{"Intersection":"3"}},{"shape_attributes":{"name":"rect","x":1140,"y":688,"width":49,"height":44},"region_attributes":{"Intersection":"4"}}],"file_attributes":{}}},"_via_attributes":{"region":{"Intersection":{"type":"dropdown","description":"","options":{"1":"B_19th","2":"E_19th","3":"B_27th","4":"E_27th"},"default_options":{}}},"file":{"neighborhood":{"type":"text","description":"","default_value":"Golden Hill"}}},"_via_data_format_version":"2.0.10","_via_image_id_list":["https://lh3.googleusercontent.com/d/17vz0hbrFa_synVZRWQGrcrhSvQq54V1k\n","https://lh3.googleusercontent.com/d/1Gk6qM0KqfvjVnR4bKc8bvzBfdjDhVdTz\n","https://lh3.googleusercontent.com/d/1xD95O13kI-8ynF3iyHxeUu_D7V2fN-2D\n","https://lh3.googleusercontent.com/d/1QTEdKGZsd7HowGSlk6KvzP13jpFUIvah\n","https://lh3.googleusercontent.com/d/10mmmOHFcAh49dPmh3EFJysg3mAc8vc2m\n"]}