{"_via_settings":{"ui":{"annotation_editor_height":25,"annotation_editor_fontsize":0.8,"leftsidebar_width":18,"image_grid":{"img_height":80,"rshape_fill":"none","rshape_fill_opacity":0.3,"rshape_stroke":"yellow","rshape_stroke_width":2,"show_region_shape":true,"show_image_policy":"all"},"image":{"region_label":"Intersection","region_color":"__via_default_region_color__","region_label_font":"10px Sans","on_image_annotation_editor_placement":"NEAR_REGION"}},"core":{"buffer_size":18,"filepath":{},"default_filepath":""},"project":{"name":"Golden Hill_2023_gcp"}},"_via_img_metadata":{" https://lh3.googleusercontent.com/d/1aDvSUODpM7VYGqeFeJ3EWaVlJagDWLTP\n":{"filename":" https://lh3.googleusercontent.com/d/1aDvSUODpM7VYGqeFeJ3EWaVlJagDWLTP\n","size":-1,"regions":[{"shape_attributes":{"name":"rect","x":218,"y":369,"width":35,"height":34},"region_attributes":{"Intersection":"1"}},{"shape_attributes":{"name":"rect","x":211,"y":695,"width":35,"height":34},"region_attributes":{"Intersection":"2"}},{"shape_attributes":{"name":"rect","x":1139,"y":701,"width":42,"height":40},"region_attributes":{"Intersection":"4"}},{"shape_attributes":{"name":"rect","x":1137,"y":372,"width":51,"height":46},"region_attributes":{"Intersection":"3"}}],"file_attributes":{}}," https://lh3.googleusercontent.com/d/1DiOOwLPPQqbBHxB3ee07wlpaiMwXkM8m\n":{"filename":" https://lh3.googleusercontent.com/d/1DiOOwLPPQqbBHxB3ee07wlpaiMwXkM8m\n","size":-1,"regions":[{"shape_attributes":{"name":"rect","x":212,"y":363,"width":35,"height":34},"region_attributes":{"Intersection":"1"}},{"shape_attributes":{"name":"rect","x":205,"y":689,"width":35,"height":34},"region_attributes":{"Intersection":"2"}},{"shape_attributes":{"name":"rect","x":1139,"y":687,"width":42,"height":40},"region_attributes":{"Intersection":"4"}},{"shape_attributes":{"name":"rect","x":1137,"y":358,"width":51,"height":46},"region_attributes":{"Intersection":"3"}}],"file_attributes":{}}," https://lh3.googleusercontent.com/d/1F7c_Yf-W4Zn6RbGUrXuM-zkjypQmbQ9H\n":{"filename":" https://lh3.googleusercontent.com/d/1F7c_Yf-W4Zn6RbGUrXuM-zkjypQmbQ9H\n","size":-1,"regions":[{"shape_attributes":{"name":"rect","x":251,"y":362,"width":35,"height":34},"region_attributes":{"Intersection":"1"}},{"shape_attributes":{"name":"rect","x":239,"y":677,"width":35,"height":34},"region_attributes":{"Intersection":"2"}},{"shape_attributes":{"name":"rect","x":1141,"y":685,"width":42,"height":40},"region_attributes":{"Intersection":"4"}},{"shape_attributes":{"name":"rect","x":1143,"y":368,"width":51,"height":46},"region_attributes":{"Intersection":"3"}}],"file_attributes":{}}," https://lh3.googleusercontent.com/d/1nnrFZZsRlDyd_rGZbfNRGH_F9zt8A2d5\n":{"filename":" https://lh3.googleusercontent.com/d/1nnrFZZsRlDyd_rGZbfNRGH_F9zt8A2d5\n","size":-1,"regions":[{"shape_attributes":{"name":"rect","x":236,"y":375,"width":35,"height":34},"region_attributes":{"Intersection":"1"}},{"shape_attributes":{"name":"rect","x":229,"y":691,"width":35,"height":34},"region_attributes":{"Intersection":"2"}},{"shape_attributes":{"name":"rect","x":1126,"y":685,"width":42,"height":40},"region_attributes":{"Intersection":"4"}},{"shape_attributes":{"name":"rect","x":1121,"y":368,"width":51,"height":46},"region_attributes":{"Intersection":"3"}}],"file_attributes":{}}," https://lh3.googleusercontent.com/d/1qYOo9Z8uDf3nULb338mOrP04pFtUI2Ve\n":{"filename":" https://lh3.googleusercontent.com/d/1qYOo9Z8uDf3nULb338mOrP04pFtUI2Ve\n","size":-1,"regions":[{"shape_attributes":{"name":"rect","x":208,"y":370,"width":35,"height":34},"region_attributes":{"Intersection":"1"}},{"shape_attributes":{"name":"rect","x":208,"y":698,"width":35,"height":34},"region_attributes":{"Intersection":"2"}},{"shape_attributes":{"name":"rect","x":1142,"y":693,"width":42,"height":40},"region_attributes":{"Intersection":"4"}},{"shape_attributes":{"name":"rect","x":1133,"y":365,"width":51,"height":46},"region_attributes":{"Intersection":"3"}}],"file_attributes":{}}," https://lh3.googleusercontent.com/d/1A60wsD1MRr0ZpILnBiC6PaSdBJUJQ6Vg\n":{"filename":" https://lh3.googleusercontent.com/d/1A60wsD1MRr0ZpILnBiC6PaSdBJUJQ6Vg\n","size":-1,"regions":[{"shape_attributes":{"name":"rect","x":238,"y":371,"width":35,"height":34},"region_attributes":{"Intersection":"1"}},{"shape_attributes":{"name":"rect","x":233,"y":688,"width":35,"height":34},"region_attributes":{"Intersection":"2"}},{"shape_attributes":{"name":"rect","x":1142,"y":684,"width":42,"height":40},"region_attributes":{"Intersection":"4"}},{"shape_attributes":{"name":"rect","x":1135,"y":367,"width":51,"height":46},"region_attributes":{"Intersection":"3"}}],"file_attributes":{}}," https://lh3.googleusercontent.com/d/159d-xqSwdbvcZrOrxYS8WVYV-mpxK0A8\n":{"filename":" https://lh3.googleusercontent.com/d/159d-xqSwdbvcZrOrxYS8WVYV-mpxK0A8\n","size":-1,"regions":[{"shape_attributes":{"name":"rect","x":224,"y":367,"width":35,"height":34},"region_attributes":{"Intersection":"1"}},{"shape_attributes":{"name":"rect","x":219,"y":684,"width":35,"height":34},"region_attributes":{"Intersection":"2"}},{"shape_attributes":{"name":"rect","x":1117,"y":681,"width":42,"height":40},"region_attributes":{"Intersection":"4"}},{"shape_attributes":{"name":"rect","x":1110,"y":364,"width":51,"height":46},"region_attributes":{"Intersection":"3"}}],"file_attributes":{}}," https://lh3.googleusercontent.com/d/16cuH0QsJ0wNhOia2FUKpzGm_KXbZDL9H\n":{"filename":" https://lh3.googleusercontent.com/d/16cuH0QsJ0wNhOia2FUKpzGm_KXbZDL9H\n","size":-1,"regions":[{"shape_attributes":{"name":"rect","x":219,"y":358,"width":35,"height":34},"region_attributes":{"Intersection":"1"}},{"shape_attributes":{"name":"rect","x":212,"y":684,"width":35,"height":34},"region_attributes":{"Intersection":"2"}},{"shape_attributes":{"name":"rect","x":1141,"y":678,"width":42,"height":40},"region_attributes":{"Intersection":"4"}},{"shape_attributes":{"name":"rect","x":1135,"y":349,"width":51,"height":46},"region_attributes":{"Intersection":"3"}}],"file_attributes":{}}," https://lh3.googleusercontent.com/d/1gNSp-waDvLoo0ho_L3Ok5NTyeyP4eoeD\n":{"filename":" https://lh3.googleusercontent.com/d/1gNSp-waDvLoo0ho_L3Ok5NTyeyP4eoeD\n","size":-1,"regions":[{"shape_attributes":{"name":"rect","x":214,"y":364,"width":35,"height":34},"region_attributes":{"Intersection":"1"}},{"shape_attributes":{"name":"rect","x":209,"y":693,"width":35,"height":34},"region_attributes":{"Intersection":"2"}},{"shape_attributes":{"name":"rect","x":1139,"y":691,"width":42,"height":40},"region_attributes":{"Intersection":"4"}},{"shape_attributes":{"name":"rect","x":1134,"y":362,"width":51,"height":46},"region_attributes":{"Intersection":"3"}}],"file_attributes":{}}," https://lh3.googleusercontent.com/d/1ku4P4fAyhQWu4ky__WdIJbiZCUQHds2G\n":{"filename":" https://lh3.googleusercontent.com/d/1ku4P4fAyhQWu4ky__WdIJbiZCUQHds2G\n","size":-1,"regions":[{"shape_attributes":{"name":"rect","x":214,"y":356,"width":35,"height":34},"region_attributes":{"Intersection":"1"}},{"shape_attributes":{"name":"rect","x":209,"y":685,"width":35,"height":34},"region_attributes":{"Intersection":"2"}},{"shape_attributes":{"name":"rect","x":1139,"y":683,"width":42,"height":40},"region_attributes":{"Intersection":"4"}},{"shape_attributes":{"name":"rect","x":1134,"y":354,"width":51,"height":46},"region_attributes":{"Intersection":"3"}}],"file_attributes":{}}," https://lh3.googleusercontent.com/d/1yBHMVCSA9wbc9zYuDAY627_I3GaWRE5L\n":{"filename":" https://lh3.googleusercontent.com/d/1yBHMVCSA9wbc9zYuDAY627_I3GaWRE5L\n","size":-1,"regions":[{"shape_attributes":{"name":"rect","x":214,"y":361,"width":35,"height":34},"region_attributes":{"Intersection":"1"}},{"shape_attributes":{"name":"rect","x":209,"y":690,"width":35,"height":34},"region_attributes":{"Intersection":"2"}},{"shape_attributes":{"name":"rect","x":1139,"y":688,"width":42,"height":40},"region_attributes":{"Intersection":"4"}},{"shape_attributes":{"name":"rect","x":1134,"y":359,"width":51,"height":46},"region_attributes":{"Intersection":"3"}}],"file_attributes":{}}," https://lh3.googleusercontent.com/d/1b4huA-83LQKYhCgm-64wqnhEb1E0hkGu\n":{"filename":" https://lh3.googleusercontent.com/d/1b4huA-83LQKYhCgm-64wqnhEb1E0hkGu\n","size":-1,"regions":[{"shape_attributes":{"name":"rect","x":215,"y":362,"width":35,"height":34},"region_attributes":{"Intersection":"1"}},{"shape_attributes":{"name":"rect","x":208,"y":688,"width":35,"height":34},"region_attributes":{"Intersection":"2"}},{"shape_attributes":{"name":"rect","x":1137,"y":682,"width":42,"height":40},"region_attributes":{"Intersection":"4"}},{"shape_attributes":{"name":"rect","x":1131,"y":356,"width":51,"height":46},"region_attributes":{"Intersection":"3"}}],"file_attributes":{}}},"_via_attributes":{"region":{"Intersection":{"type":"dropdown","description":"","options":{"1":"B_19th","2":"E_19th","3":"B_27th","4":"E_27th"},"default_options":{}}},"file":{"neighborhood":{"type":"text","description":"","default_value":"Golden Hill"}}},"_via_data_format_version":"2.0.10","_via_image_id_list":[" https://lh3.googleusercontent.com/d/1aDvSUODpM7VYGqeFeJ3EWaVlJagDWLTP\n"," https://lh3.googleusercontent.com/d/1DiOOwLPPQqbBHxB3ee07wlpaiMwXkM8m\n"," https://lh3.googleusercontent.com/d/1F7c_Yf-W4Zn6RbGUrXuM-zkjypQmbQ9H\n"," https://lh3.googleusercontent.com/d/1nnrFZZsRlDyd_rGZbfNRGH_F9zt8A2d5\n"," https://lh3.googleusercontent.com/d/1qYOo9Z8uDf3nULb338mOrP04pFtUI2Ve\n"," https://lh3.googleusercontent.com/d/1A60wsD1MRr0ZpILnBiC6PaSdBJUJQ6Vg\n"," https://lh3.googleusercontent.com/d/159d-xqSwdbvcZrOrxYS8WVYV-mpxK0A8\n"," https://lh3.googleusercontent.com/d/16cuH0QsJ0wNhOia2FUKpzGm_KXbZDL9H\n"," https://lh3.googleusercontent.com/d/1gNSp-waDvLoo0ho_L3Ok5NTyeyP4eoeD\n"," https://lh3.googleusercontent.com/d/1ku4P4fAyhQWu4ky__WdIJbiZCUQHds2G\n"," https://lh3.googleusercontent.com/d/1yBHMVCSA9wbc9zYuDAY627_I3GaWRE5L\n"," https://lh3.googleusercontent.com/d/1b4huA-83LQKYhCgm-64wqnhEb1E0hkGu\n"]}