{"_via_settings":{"ui":{"annotation_editor_height":25,"annotation_editor_fontsize":0.8,"leftsidebar_width":18,"image_grid":{"img_height":80,"rshape_fill":"none","rshape_fill_opacity":0.3,"rshape_stroke":"yellow","rshape_stroke_width":2,"show_region_shape":true,"show_image_policy":"all"},"image":{"region_label":"__via_region_id__","region_color":"__via_default_region_color__","region_label_font":"10px Sans","on_image_annotation_editor_placement":"NEAR_REGION"}},"core":{"buffer_size":18,"filepath":{},"default_filepath":""},"project":{"name":"Marina_2024_gcp"}},"_via_img_metadata":{"https://lh3.googleusercontent.com/d/14Vm6kNGyiUO7IQHwyGC-gxTKhztbX4Ve\n":{"filename":"https://lh3.googleusercontent.com/d/14Vm6kNGyiUO7IQHwyGC-gxTKhztbX4Ve\n","size":-1,"regions":[{"shape_attributes":{"name":"rect","x":276,"y":468,"width":62,"height":57},"region_attributes":{"Intersection":"1"}},{"shape_attributes":{"name":"rect","x":275,"y":321,"width":60,"height":58},"region_attributes":{"Intersection":"2"}},{"shape_attributes":{"name":"rect","x":1177,"y":912,"width":62,"height":61},"region_attributes":{"Intersection":"3"}},{"shape_attributes":{"name":"rect","x":1171,"y":321,"width":62,"height":56},"region_attributes":{"Intersection":"4"}}],"file_attributes":{}},"https://lh3.googleusercontent.com/d/1Iavcn3qI9SCuaBVdBRa2LxOvq8Ay4_zJ\n":{"filename":"https://lh3.googleusercontent.com/d/1Iavcn3qI9SCuaBVdBRa2LxOvq8Ay4_zJ\n","size":-1,"regions":[{"shape_attributes":{"name":"rect","x":316,"y":478,"width":62,"height":57},"region_attributes":{"Intersection":"1"}},{"shape_attributes":{"name":"rect","x":315,"y":341,"width":60,"height":58},"region_attributes":{"Intersection":"2"}},{"shape_attributes":{"name":"rect","x":1153,"y":890,"width":62,"height":61},"region_attributes":{"Intersection":"3"}},{"shape_attributes":{"name":"rect","x":1149,"y":341,"width":62,"height":56},"region_attributes":{"Intersection":"4"}}],"file_attributes":{}},"https://lh3.googleusercontent.com/d/15evkHjkJbvqdqIJ8nC33LD-mBgsSWfLk\n":{"filename":"https://lh3.googleusercontent.com/d/15evkHjkJbvqdqIJ8nC33LD-mBgsSWfLk\n","size":-1,"regions":[{"shape_attributes":{"name":"rect","x":312,"y":478,"width":62,"height":57},"region_attributes":{"Intersection":"1"}},{"shape_attributes":{"name":"rect","x":311,"y":341,"width":60,"height":58},"region_attributes":{"Intersection":"2"}},{"shape_attributes":{"name":"rect","x":1153,"y":890,"width":62,"height":61},"region_attributes":{"Intersection":"3"}},{"shape_attributes":{"name":"rect","x":1149,"y":339,"width":62,"height":56},"region_attributes":{"Intersection":"4"}}],"file_attributes":{}},"https://lh3.googleusercontent.com/d/1bb-aO4ywduLAZEey66LyRrtcwBYzUZXY\n":{"filename":"https://lh3.googleusercontent.com/d/1bb-aO4ywduLAZEey66LyRrtcwBYzUZXY\n","size":-1,"regions":[{"shape_attributes":{"name":"rect","x":318,"y":480,"width":62,"height":57},"region_attributes":{"Intersection":"1"}},{"shape_attributes":{"name":"rect","x":317,"y":343,"width":60,"height":58},"region_attributes":{"Intersection":"2"}},{"shape_attributes":{"name":"rect","x":1155,"y":898,"width":62,"height":61},"region_attributes":{"Intersection":"3"}},{"shape_attributes":{"name":"rect","x":1155,"y":349,"width":62,"height":56},"region_attributes":{"Intersection":"4"}}],"file_attributes":{}},"https://lh3.googleusercontent.com/d/1hp3KZaOUJT6KdrZkTjgE3fxYD9jvAOa_\n":{"filename":"https://lh3.googleusercontent.com/d/1hp3KZaOUJT6KdrZkTjgE3fxYD9jvAOa_\n","size":-1,"regions":[{"shape_attributes":{"name":"rect","x":312,"y":478,"width":62,"height":57},"region_attributes":{"Intersection":"1"}},{"shape_attributes":{"name":"rect","x":311,"y":341,"width":60,"height":58},"region_attributes":{"Intersection":"2"}},{"shape_attributes":{"name":"rect","x":1151,"y":890,"width":62,"height":61},"region_attributes":{"Intersection":"3"}},{"shape_attributes":{"name":"rect","x":1147,"y":341,"width":62,"height":56},"region_attributes":{"Intersection":"4"}}],"file_attributes":{}}},"_via_attributes":{"region":{"Intersection":{"type":"dropdown","description":"","options":{"1":"Ketner_Market","2":"Ketner_G","3":"3rd_K","4":"3rd_G"},"default_options":{}}},"file":{"neighborhood":{"type":"text","description":"","default_value":"Marina"}}},"_via_data_format_version":"2.0.10","_via_image_id_list":["https://lh3.googleusercontent.com/d/14Vm6kNGyiUO7IQHwyGC-gxTKhztbX4Ve\n","https://lh3.googleusercontent.com/d/1Iavcn3qI9SCuaBVdBRa2LxOvq8Ay4_zJ\n","https://lh3.googleusercontent.com/d/15evkHjkJbvqdqIJ8nC33LD-mBgsSWfLk\n","https://lh3.googleusercontent.com/d/1bb-aO4ywduLAZEey66LyRrtcwBYzUZXY\n","https://lh3.googleusercontent.com/d/1hp3KZaOUJT6KdrZkTjgE3fxYD9jvAOa_\n"]}