{"_via_settings":{"ui":{"annotation_editor_height":25,"annotation_editor_fontsize":0.8,"leftsidebar_width":18,"image_grid":{"img_height":80,"rshape_fill":"none","rshape_fill_opacity":0.3,"rshape_stroke":"yellow","rshape_stroke_width":2,"show_region_shape":true,"show_image_policy":"all"},"image":{"region_label":"Intersection","region_color":"__via_default_region_color__","region_label_font":"10px Sans","on_image_annotation_editor_placement":"NEAR_REGION"}},"core":{"buffer_size":18,"filepath":{},"default_filepath":""},"project":{"name":"Marina_2023_gcp"}},"_via_img_metadata":{" https://lh3.googleusercontent.com/d/1A-K9NmIMr0JL7Y5ArTt3OPnKR0S1Oq3A\n":{"filename":" https://lh3.googleusercontent.com/d/1A-K9NmIMr0JL7Y5ArTt3OPnKR0S1Oq3A\n","size":-1,"regions":[{"shape_attributes":{"name":"rect","x":319,"y":354,"width":52,"height":52},"region_attributes":{"Intersection":"2"}},{"shape_attributes":{"name":"rect","x":319,"y":492,"width":52,"height":48},"region_attributes":{"Intersection":"1"}},{"shape_attributes":{"name":"rect","x":1150,"y":913,"width":56,"height":60},"region_attributes":{"Intersection":"3"}},{"shape_attributes":{"name":"rect","x":1153,"y":359,"width":53,"height":53},"region_attributes":{"Intersection":"4"}}],"file_attributes":{}}," https://lh3.googleusercontent.com/d/1wbEgx-Wy26p765msTw-OADlurCpI9jRj\n":{"filename":" https://lh3.googleusercontent.com/d/1wbEgx-Wy26p765msTw-OADlurCpI9jRj\n","size":-1,"regions":[{"shape_attributes":{"name":"rect","x":319,"y":344,"width":52,"height":52},"region_attributes":{"Intersection":"2"}},{"shape_attributes":{"name":"rect","x":319,"y":480,"width":52,"height":48},"region_attributes":{"Intersection":"1"}},{"shape_attributes":{"name":"rect","x":1150,"y":899,"width":56,"height":60},"region_attributes":{"Intersection":"3"}},{"shape_attributes":{"name":"rect","x":1155,"y":345,"width":53,"height":53},"region_attributes":{"Intersection":"4"}}],"file_attributes":{}}," https://lh3.googleusercontent.com/d/1kpa7UYa3zwjNwZ0Aai9fJPMTwIRCy1Ia\n":{"filename":" https://lh3.googleusercontent.com/d/1kpa7UYa3zwjNwZ0Aai9fJPMTwIRCy1Ia\n","size":-1,"regions":[{"shape_attributes":{"name":"rect","x":355,"y":344,"width":52,"height":52},"region_attributes":{"Intersection":"2"}},{"shape_attributes":{"name":"rect","x":351,"y":472,"width":52,"height":48},"region_attributes":{"Intersection":"1"}},{"shape_attributes":{"name":"rect","x":1144,"y":883,"width":56,"height":60},"region_attributes":{"Intersection":"3"}},{"shape_attributes":{"name":"rect","x":1155,"y":349,"width":53,"height":53},"region_attributes":{"Intersection":"4"}}],"file_attributes":{}}," https://lh3.googleusercontent.com/d/13np40otXfS5Ikvq3VYyLEHSmirdLkzSA\n":{"filename":" https://lh3.googleusercontent.com/d/13np40otXfS5Ikvq3VYyLEHSmirdLkzSA\n","size":-1,"regions":[{"shape_attributes":{"name":"rect","x":337,"y":358,"width":52,"height":52},"region_attributes":{"Intersection":"2"}},{"shape_attributes":{"name":"rect","x":337,"y":490,"width":52,"height":48},"region_attributes":{"Intersection":"1"}},{"shape_attributes":{"name":"rect","x":1136,"y":887,"width":56,"height":60},"region_attributes":{"Intersection":"3"}},{"shape_attributes":{"name":"rect","x":1141,"y":355,"width":53,"height":53},"region_attributes":{"Intersection":"4"}}],"file_attributes":{}}," https://lh3.googleusercontent.com/d/1U_12eHboQDS7jJ_K0WASVIYnYwelRkE6\n":{"filename":" https://lh3.googleusercontent.com/d/1U_12eHboQDS7jJ_K0WASVIYnYwelRkE6\n","size":-1,"regions":[{"shape_attributes":{"name":"rect","x":315,"y":354,"width":52,"height":52},"region_attributes":{"Intersection":"2"}},{"shape_attributes":{"name":"rect","x":317,"y":490,"width":52,"height":48},"region_attributes":{"Intersection":"1"}},{"shape_attributes":{"name":"rect","x":1156,"y":911,"width":56,"height":60},"region_attributes":{"Intersection":"3"}},{"shape_attributes":{"name":"rect","x":1153,"y":355,"width":53,"height":53},"region_attributes":{"Intersection":"4"}}],"file_attributes":{}}," https://lh3.googleusercontent.com/d/1A3NskWQYpZk8oCZOcB0d_qG6tsSSnHrd\n":{"filename":" https://lh3.googleusercontent.com/d/1A3NskWQYpZk8oCZOcB0d_qG6tsSSnHrd\n","size":-1,"regions":[{"shape_attributes":{"name":"rect","x":345,"y":358,"width":52,"height":52},"region_attributes":{"Intersection":"2"}},{"shape_attributes":{"name":"rect","x":345,"y":490,"width":52,"height":48},"region_attributes":{"Intersection":"1"}},{"shape_attributes":{"name":"rect","x":1152,"y":893,"width":56,"height":60},"region_attributes":{"Intersection":"3"}},{"shape_attributes":{"name":"rect","x":1155,"y":359,"width":53,"height":53},"region_attributes":{"Intersection":"4"}}],"file_attributes":{}}," https://lh3.googleusercontent.com/d/1tG8pemAQ9p0wVLUHRiRFTfUFgjtup9E9\n":{"filename":" https://lh3.googleusercontent.com/d/1tG8pemAQ9p0wVLUHRiRFTfUFgjtup9E9\n","size":-1,"regions":[{"shape_attributes":{"name":"rect","x":327,"y":350,"width":52,"height":52},"region_attributes":{"Intersection":"2"}},{"shape_attributes":{"name":"rect","x":325,"y":478,"width":52,"height":48},"region_attributes":{"Intersection":"1"}},{"shape_attributes":{"name":"rect","x":1118,"y":885,"width":56,"height":60},"region_attributes":{"Intersection":"3"}},{"shape_attributes":{"name":"rect","x":1125,"y":351,"width":53,"height":53},"region_attributes":{"Intersection":"4"}}],"file_attributes":{}}," https://lh3.googleusercontent.com/d/1qee35BarQYSHvkJUhbVgLfDK0rUpEXzH\n":{"filename":" https://lh3.googleusercontent.com/d/1qee35BarQYSHvkJUhbVgLfDK0rUpEXzH\n","size":-1,"regions":[{"shape_attributes":{"name":"rect","x":321,"y":342,"width":52,"height":52},"region_attributes":{"Intersection":"2"}},{"shape_attributes":{"name":"rect","x":319,"y":478,"width":52,"height":48},"region_attributes":{"Intersection":"1"}},{"shape_attributes":{"name":"rect","x":1152,"y":891,"width":56,"height":60},"region_attributes":{"Intersection":"3"}},{"shape_attributes":{"name":"rect","x":1151,"y":337,"width":53,"height":53},"region_attributes":{"Intersection":"4"}}],"file_attributes":{}}," https://lh3.googleusercontent.com/d/1osThmVt7tSihDYGZY7_nC9l9YdlDq0OZ\n":{"filename":" https://lh3.googleusercontent.com/d/1osThmVt7tSihDYGZY7_nC9l9YdlDq0OZ\n","size":-1,"regions":[{"shape_attributes":{"name":"rect","x":321,"y":344,"width":52,"height":52},"region_attributes":{"Intersection":"2"}},{"shape_attributes":{"name":"rect","x":319,"y":480,"width":52,"height":48},"region_attributes":{"Intersection":"1"}},{"shape_attributes":{"name":"rect","x":1150,"y":901,"width":56,"height":60},"region_attributes":{"Intersection":"3"}},{"shape_attributes":{"name":"rect","x":1153,"y":349,"width":53,"height":53},"region_attributes":{"Intersection":"4"}}],"file_attributes":{}}," https://lh3.googleusercontent.com/d/1PKp_xz5ljLlIGIMLiUi-Cc6NP01K5fCh\n":{"filename":" https://lh3.googleusercontent.com/d/1PKp_xz5ljLlIGIMLiUi-Cc6NP01K5fCh\n","size":-1,"regions":[{"shape_attributes":{"name":"rect","x":321,"y":340,"width":52,"height":52},"region_attributes":{"Intersection":"2"}},{"shape_attributes":{"name":"rect","x":319,"y":476,"width":52,"height":48},"region_attributes":{"Intersection":"1"}},{"shape_attributes":{"name":"rect","x":1150,"y":897,"width":56,"height":60},"region_attributes":{"Intersection":"3"}},{"shape_attributes":{"name":"rect","x":1153,"y":341,"width":53,"height":53},"region_attributes":{"Intersection":"4"}}],"file_attributes":{}}," https://lh3.googleusercontent.com/d/1PGVkLZVuVc61oYWwxF5z6pGI4UKO69T0\n":{"filename":" https://lh3.googleusercontent.com/d/1PGVkLZVuVc61oYWwxF5z6pGI4UKO69T0\n","size":-1,"regions":[{"shape_attributes":{"name":"rect","x":315,"y":344,"width":52,"height":52},"region_attributes":{"Intersection":"2"}},{"shape_attributes":{"name":"rect","x":317,"y":480,"width":52,"height":48},"region_attributes":{"Intersection":"1"}},{"shape_attributes":{"name":"rect","x":1150,"y":901,"width":56,"height":60},"region_attributes":{"Intersection":"3"}},{"shape_attributes":{"name":"rect","x":1151,"y":347,"width":53,"height":53},"region_attributes":{"Intersection":"4"}}],"file_attributes":{}}," https://lh3.googleusercontent.com/d/17lQP05xNkrw4ye2WWtSQNL0nDUYl0QVR\n":{"filename":" https://lh3.googleusercontent.com/d/17lQP05xNkrw4ye2WWtSQNL0nDUYl0QVR\n","size":-1,"regions":[{"shape_attributes":{"name":"rect","x":321,"y":344,"width":52,"height":52},"region_attributes":{"Intersection":"2"}},{"shape_attributes":{"name":"rect","x":321,"y":482,"width":52,"height":48},"region_attributes":{"Intersection":"1"}},{"shape_attributes":{"name":"rect","x":1154,"y":889,"width":56,"height":60},"region_attributes":{"Intersection":"3"}},{"shape_attributes":{"name":"rect","x":1151,"y":337,"width":53,"height":53},"region_attributes":{"Intersection":"4"}}],"file_attributes":{}}},"_via_attributes":{"region":{"Intersection":{"type":"dropdown","description":"","options":{"1":"Ketner_Market","2":"Ketner_G","3":"3rd_K","4":"3rd_G"},"default_options":{}}},"file":{"neighborhood":{"type":"text","description":"","default_value":"Marina"}}},"_via_data_format_version":"2.0.10","_via_image_id_list":[" https://lh3.googleusercontent.com/d/1A-K9NmIMr0JL7Y5ArTt3OPnKR0S1Oq3A\n"," https://lh3.googleusercontent.com/d/1wbEgx-Wy26p765msTw-OADlurCpI9jRj\n"," https://lh3.googleusercontent.com/d/1kpa7UYa3zwjNwZ0Aai9fJPMTwIRCy1Ia\n"," https://lh3.googleusercontent.com/d/13np40otXfS5Ikvq3VYyLEHSmirdLkzSA\n"," https://lh3.googleusercontent.com/d/1U_12eHboQDS7jJ_K0WASVIYnYwelRkE6\n"," https://lh3.googleusercontent.com/d/1A3NskWQYpZk8oCZOcB0d_qG6tsSSnHrd\n"," https://lh3.googleusercontent.com/d/1tG8pemAQ9p0wVLUHRiRFTfUFgjtup9E9\n"," https://lh3.googleusercontent.com/d/1qee35BarQYSHvkJUhbVgLfDK0rUpEXzH\n"," https://lh3.googleusercontent.com/d/1osThmVt7tSihDYGZY7_nC9l9YdlDq0OZ\n"," https://lh3.googleusercontent.com/d/1PKp_xz5ljLlIGIMLiUi-Cc6NP01K5fCh\n"," https://lh3.googleusercontent.com/d/1PGVkLZVuVc61oYWwxF5z6pGI4UKO69T0\n"," https://lh3.googleusercontent.com/d/17lQP05xNkrw4ye2WWtSQNL0nDUYl0QVR\n"]}