{"_via_settings":{"ui":{"annotation_editor_height":25,"annotation_editor_fontsize":0.8,"leftsidebar_width":18,"image_grid":{"img_height":80,"rshape_fill":"none","rshape_fill_opacity":0.3,"rshape_stroke":"yellow","rshape_stroke_width":2,"show_region_shape":true,"show_image_policy":"all"},"image":{"region_label":"__via_region_id__","region_color":"__via_default_region_color__","region_label_font":"10px Sans","on_image_annotation_editor_placement":"NEAR_REGION"}},"core":{"buffer_size":18,"filepath":{},"default_filepath":""},"project":{"name":"Sherman Heights_2024_gcp"}},"_via_img_metadata":{"https://lh3.googleusercontent.com/d/1eQiUBuIZrRJ7J3XhIvEyBOLtC6G7PKHS\n":{"filename":"https://lh3.googleusercontent.com/d/1eQiUBuIZrRJ7J3XhIvEyBOLtC6G7PKHS\n","size":-1,"regions":[{"shape_attributes":{"name":"rect","x":194,"y":124,"width":52,"height":60},"region_attributes":{"Intersection":"1"}},{"shape_attributes":{"name":"rect","x":190,"y":833,"width":52,"height":52},"region_attributes":{"Intersection":"2"}},{"shape_attributes":{"name":"rect","x":661,"y":123,"width":65,"height":59},"region_attributes":{"Intersection":"3"}},{"shape_attributes":{"name":"rect","x":662,"y":818,"width":68,"height":65},"region_attributes":{"Intersection":"4"}}],"file_attributes":{}},"https://lh3.googleusercontent.com/d/1LzYGDHFRYyTEf9eI7H8izny_9QF7khz9\n":{"filename":"https://lh3.googleusercontent.com/d/1LzYGDHFRYyTEf9eI7H8izny_9QF7khz9\n","size":-1,"regions":[{"shape_attributes":{"name":"rect","x":194,"y":126,"width":52,"height":60},"region_attributes":{"Intersection":"1"}},{"shape_attributes":{"name":"rect","x":190,"y":835,"width":52,"height":52},"region_attributes":{"Intersection":"2"}},{"shape_attributes":{"name":"rect","x":663,"y":125,"width":65,"height":59},"region_attributes":{"Intersection":"3"}},{"shape_attributes":{"name":"rect","x":662,"y":822,"width":68,"height":65},"region_attributes":{"Intersection":"4"}}],"file_attributes":{}},"https://lh3.googleusercontent.com/d/15r_81uwdciDo-xsqyFopLn9aausk3ydG\n":{"filename":"https://lh3.googleusercontent.com/d/15r_81uwdciDo-xsqyFopLn9aausk3ydG\n","size":-1,"regions":[{"shape_attributes":{"name":"rect","x":188,"y":106,"width":52,"height":60},"region_attributes":{"Intersection":"1"}},{"shape_attributes":{"name":"rect","x":182,"y":817,"width":52,"height":52},"region_attributes":{"Intersection":"2"}},{"shape_attributes":{"name":"rect","x":659,"y":109,"width":65,"height":59},"region_attributes":{"Intersection":"3"}},{"shape_attributes":{"name":"rect","x":660,"y":804,"width":68,"height":65},"region_attributes":{"Intersection":"4"}}],"file_attributes":{}},"https://lh3.googleusercontent.com/d/1OWiWYxIcj3cIajR6lIVgNSaoTU75ZoMn\n":{"filename":"https://lh3.googleusercontent.com/d/1OWiWYxIcj3cIajR6lIVgNSaoTU75ZoMn\n","size":-1,"regions":[{"shape_attributes":{"name":"rect","x":192,"y":130,"width":52,"height":60},"region_attributes":{"Intersection":"1"}},{"shape_attributes":{"name":"rect","x":188,"y":839,"width":52,"height":52},"region_attributes":{"Intersection":"2"}},{"shape_attributes":{"name":"rect","x":661,"y":129,"width":65,"height":59},"region_attributes":{"Intersection":"3"}},{"shape_attributes":{"name":"rect","x":662,"y":826,"width":68,"height":65},"region_attributes":{"Intersection":"4"}}],"file_attributes":{}},"https://lh3.googleusercontent.com/d/1D7z7b8Zr4zeiqSqpLd5BwS4RoUSkbdhU\n":{"filename":"https://lh3.googleusercontent.com/d/1D7z7b8Zr4zeiqSqpLd5BwS4RoUSkbdhU\n","size":-1,"regions":[{"shape_attributes":{"name":"rect","x":188,"y":132,"width":52,"height":60},"region_attributes":{"Intersection":"1"}},{"shape_attributes":{"name":"rect","x":192,"y":841,"width":52,"height":52},"region_attributes":{"Intersection":"2"}},{"shape_attributes":{"name":"rect","x":655,"y":129,"width":65,"height":59},"region_attributes":{"Intersection":"3"}},{"shape_attributes":{"name":"rect","x":664,"y":822,"width":68,"height":65},"region_attributes":{"Intersection":"4"}}],"file_attributes":{}}},"_via_attributes":{"region":{"Intersection":{"type":"dropdown","description":"","options":{"1":"G_19th","2":"L_19th","3":"G_24th","4":"L_24th"},"default_options":{}}},"file":{"neighborhood":{"type":"text","description":"","default_value":"Sherman Heights"}}},"_via_data_format_version":"2.0.10","_via_image_id_list":["https://lh3.googleusercontent.com/d/1eQiUBuIZrRJ7J3XhIvEyBOLtC6G7PKHS\n","https://lh3.googleusercontent.com/d/1LzYGDHFRYyTEf9eI7H8izny_9QF7khz9\n","https://lh3.googleusercontent.com/d/15r_81uwdciDo-xsqyFopLn9aausk3ydG\n","https://lh3.googleusercontent.com/d/1OWiWYxIcj3cIajR6lIVgNSaoTU75ZoMn\n","https://lh3.googleusercontent.com/d/1D7z7b8Zr4zeiqSqpLd5BwS4RoUSkbdhU\n"]}