{"_via_settings":{"ui":{"annotation_editor_height":25,"annotation_editor_fontsize":0.8,"leftsidebar_width":18,"image_grid":{"img_height":80,"rshape_fill":"none","rshape_fill_opacity":0.3,"rshape_stroke":"yellow","rshape_stroke_width":2,"show_region_shape":true,"show_image_policy":"all"},"image":{"region_label":"Intersection","region_color":"__via_default_region_color__","region_label_font":"10px Sans","on_image_annotation_editor_placement":"NEAR_REGION"}},"core":{"buffer_size":18,"filepath":{},"default_filepath":""},"project":{"name":"Sherman Heights_2023_gcp"}},"_via_img_metadata":{" https://lh3.googleusercontent.com/d/1qYXD_oaQfzIDvKAUlQ2j5-dNhYIacRmd\n":{"filename":" https://lh3.googleusercontent.com/d/1qYXD_oaQfzIDvKAUlQ2j5-dNhYIacRmd\n","size":-1,"regions":[{"shape_attributes":{"name":"rect","x":195,"y":130,"width":49,"height":59},"region_attributes":{"Intersection":"1"}},{"shape_attributes":{"name":"rect","x":180,"y":841,"width":55,"height":65},"region_attributes":{"Intersection":"2"}},{"shape_attributes":{"name":"rect","x":662,"y":134,"width":66,"height":58},"region_attributes":{"Intersection":"3"}},{"shape_attributes":{"name":"rect","x":649,"y":834,"width":79,"height":69},"region_attributes":{"Intersection":"4"}}],"file_attributes":{}}," https://lh3.googleusercontent.com/d/15LybyLDB2bmxijNl3Qp9sPQAP-E2xMKV\n":{"filename":" https://lh3.googleusercontent.com/d/15LybyLDB2bmxijNl3Qp9sPQAP-E2xMKV\n","size":-1,"regions":[{"shape_attributes":{"name":"rect","x":193,"y":124,"width":49,"height":59},"region_attributes":{"Intersection":"1"}},{"shape_attributes":{"name":"rect","x":180,"y":833,"width":55,"height":65},"region_attributes":{"Intersection":"2"}},{"shape_attributes":{"name":"rect","x":660,"y":122,"width":66,"height":58},"region_attributes":{"Intersection":"3"}},{"shape_attributes":{"name":"rect","x":649,"y":822,"width":79,"height":69},"region_attributes":{"Intersection":"4"}}],"file_attributes":{}}," https://lh3.googleusercontent.com/d/1QuBdzLXS1MRpu7Lb-txG44kO3ReyJ2IY\n":{"filename":" https://lh3.googleusercontent.com/d/1QuBdzLXS1MRpu7Lb-txG44kO3ReyJ2IY\n","size":-1,"regions":[{"shape_attributes":{"name":"rect","x":235,"y":130,"width":49,"height":59},"region_attributes":{"Intersection":"1"}},{"shape_attributes":{"name":"rect","x":214,"y":813,"width":55,"height":65},"region_attributes":{"Intersection":"2"}},{"shape_attributes":{"name":"rect","x":686,"y":132,"width":66,"height":58},"region_attributes":{"Intersection":"3"}},{"shape_attributes":{"name":"rect","x":667,"y":806,"width":79,"height":69},"region_attributes":{"Intersection":"4"}}],"file_attributes":{}}," https://lh3.googleusercontent.com/d/1ugbbuRIedruV2YL-f2VPvVBwUYjxhdYS\n":{"filename":" https://lh3.googleusercontent.com/d/1ugbbuRIedruV2YL-f2VPvVBwUYjxhdYS\n","size":-1,"regions":[{"shape_attributes":{"name":"rect","x":215,"y":144,"width":49,"height":59},"region_attributes":{"Intersection":"1"}},{"shape_attributes":{"name":"rect","x":202,"y":827,"width":55,"height":65},"region_attributes":{"Intersection":"2"}},{"shape_attributes":{"name":"rect","x":664,"y":144,"width":66,"height":58},"region_attributes":{"Intersection":"3"}},{"shape_attributes":{"name":"rect","x":657,"y":816,"width":79,"height":69},"region_attributes":{"Intersection":"4"}}],"file_attributes":{}}," https://lh3.googleusercontent.com/d/1udsy7Aey5WL57FQKi18qb9mxaxWxr29j\n":{"filename":" https://lh3.googleusercontent.com/d/1udsy7Aey5WL57FQKi18qb9mxaxWxr29j\n","size":-1,"regions":[{"shape_attributes":{"name":"rect","x":187,"y":136,"width":49,"height":59},"region_attributes":{"Intersection":"1"}},{"shape_attributes":{"name":"rect","x":182,"y":845,"width":55,"height":65},"region_attributes":{"Intersection":"2"}},{"shape_attributes":{"name":"rect","x":652,"y":134,"width":66,"height":58},"region_attributes":{"Intersection":"3"}},{"shape_attributes":{"name":"rect","x":655,"y":834,"width":79,"height":69},"region_attributes":{"Intersection":"4"}}],"file_attributes":{}}," https://lh3.googleusercontent.com/d/1q8lZK905P2QRm3N_343ujDDVZVKOH0IL\n":{"filename":" https://lh3.googleusercontent.com/d/1q8lZK905P2QRm3N_343ujDDVZVKOH0IL\n","size":-1,"regions":[{"shape_attributes":{"name":"rect","x":219,"y":140,"width":49,"height":59},"region_attributes":{"Intersection":"1"}},{"shape_attributes":{"name":"rect","x":210,"y":825,"width":55,"height":65},"region_attributes":{"Intersection":"2"}},{"shape_attributes":{"name":"rect","x":674,"y":144,"width":66,"height":58},"region_attributes":{"Intersection":"3"}},{"shape_attributes":{"name":"rect","x":663,"y":816,"width":79,"height":69},"region_attributes":{"Intersection":"4"}}],"file_attributes":{}}," https://lh3.googleusercontent.com/d/1lKx2jGJzfhI4LhHpd29tt3tGw0ij251E\n":{"filename":" https://lh3.googleusercontent.com/d/1lKx2jGJzfhI4LhHpd29tt3tGw0ij251E\n","size":-1,"regions":[{"shape_attributes":{"name":"rect","x":205,"y":140,"width":49,"height":59},"region_attributes":{"Intersection":"1"}},{"shape_attributes":{"name":"rect","x":192,"y":823,"width":55,"height":65},"region_attributes":{"Intersection":"2"}},{"shape_attributes":{"name":"rect","x":654,"y":142,"width":66,"height":58},"region_attributes":{"Intersection":"3"}},{"shape_attributes":{"name":"rect","x":643,"y":814,"width":79,"height":69},"region_attributes":{"Intersection":"4"}}],"file_attributes":{}}," https://lh3.googleusercontent.com/d/1TEsZpohGbUeEgXDn8U7HWb-BTUi21jBX\n":{"filename":" https://lh3.googleusercontent.com/d/1TEsZpohGbUeEgXDn8U7HWb-BTUi21jBX\n","size":-1,"regions":[{"shape_attributes":{"name":"rect","x":193,"y":118,"width":49,"height":59},"region_attributes":{"Intersection":"1"}},{"shape_attributes":{"name":"rect","x":184,"y":829,"width":55,"height":65},"region_attributes":{"Intersection":"2"}},{"shape_attributes":{"name":"rect","x":660,"y":120,"width":66,"height":58},"region_attributes":{"Intersection":"3"}},{"shape_attributes":{"name":"rect","x":653,"y":818,"width":79,"height":69},"region_attributes":{"Intersection":"4"}}],"file_attributes":{}}," https://lh3.googleusercontent.com/d/1FpbJfvhJ7cxMTMmKwxIl8lw9is9Fx0gm\n":{"filename":" https://lh3.googleusercontent.com/d/1FpbJfvhJ7cxMTMmKwxIl8lw9is9Fx0gm\n","size":-1,"regions":[{"shape_attributes":{"name":"rect","x":195,"y":126,"width":49,"height":59},"region_attributes":{"Intersection":"1"}},{"shape_attributes":{"name":"rect","x":184,"y":835,"width":55,"height":65},"region_attributes":{"Intersection":"2"}},{"shape_attributes":{"name":"rect","x":660,"y":126,"width":66,"height":58},"region_attributes":{"Intersection":"3"}},{"shape_attributes":{"name":"rect","x":653,"y":824,"width":79,"height":69},"region_attributes":{"Intersection":"4"}}],"file_attributes":{}}," https://lh3.googleusercontent.com/d/1jv2a0l28JMc4frk3WE16jLLRvAb_SGvH\n":{"filename":" https://lh3.googleusercontent.com/d/1jv2a0l28JMc4frk3WE16jLLRvAb_SGvH\n","size":-1,"regions":[{"shape_attributes":{"name":"rect","x":195,"y":124,"width":49,"height":59},"region_attributes":{"Intersection":"1"}},{"shape_attributes":{"name":"rect","x":184,"y":833,"width":55,"height":65},"region_attributes":{"Intersection":"2"}},{"shape_attributes":{"name":"rect","x":660,"y":124,"width":66,"height":58},"region_attributes":{"Intersection":"3"}},{"shape_attributes":{"name":"rect","x":653,"y":822,"width":79,"height":69},"region_attributes":{"Intersection":"4"}}],"file_attributes":{}}," https://lh3.googleusercontent.com/d/1T2BHMQBBwewdCRciVj-2GNFEqAnuVw5D\n":{"filename":" https://lh3.googleusercontent.com/d/1T2BHMQBBwewdCRciVj-2GNFEqAnuVw5D\n","size":-1,"regions":[{"shape_attributes":{"name":"rect","x":189,"y":126,"width":49,"height":59},"region_attributes":{"Intersection":"1"}},{"shape_attributes":{"name":"rect","x":184,"y":835,"width":55,"height":65},"region_attributes":{"Intersection":"2"}},{"shape_attributes":{"name":"rect","x":654,"y":126,"width":66,"height":58},"region_attributes":{"Intersection":"3"}},{"shape_attributes":{"name":"rect","x":653,"y":824,"width":79,"height":69},"region_attributes":{"Intersection":"4"}}],"file_attributes":{}}," https://lh3.googleusercontent.com/d/1_se1Cs74Tzzp3zOkRlVPmi5BblrkC-jd\n":{"filename":" https://lh3.googleusercontent.com/d/1_se1Cs74Tzzp3zOkRlVPmi5BblrkC-jd\n","size":-1,"regions":[{"shape_attributes":{"name":"rect","x":191,"y":126,"width":49,"height":59},"region_attributes":{"Intersection":"1"}},{"shape_attributes":{"name":"rect","x":186,"y":829,"width":55,"height":65},"region_attributes":{"Intersection":"2"}},{"shape_attributes":{"name":"rect","x":656,"y":126,"width":66,"height":58},"region_attributes":{"Intersection":"3"}},{"shape_attributes":{"name":"rect","x":653,"y":816,"width":79,"height":69},"region_attributes":{"Intersection":"4"}}],"file_attributes":{}}},"_via_attributes":{"region":{"Intersection":{"type":"dropdown","description":"","options":{"1":"G_19th","2":"L_19th","3":"G_24th","4":"L_24th"},"default_options":{}}},"file":{"neighborhood":{"type":"text","description":"","default_value":"Sherman Heights"}}},"_via_data_format_version":"2.0.10","_via_image_id_list":[" https://lh3.googleusercontent.com/d/1qYXD_oaQfzIDvKAUlQ2j5-dNhYIacRmd\n"," https://lh3.googleusercontent.com/d/15LybyLDB2bmxijNl3Qp9sPQAP-E2xMKV\n"," https://lh3.googleusercontent.com/d/1QuBdzLXS1MRpu7Lb-txG44kO3ReyJ2IY\n"," https://lh3.googleusercontent.com/d/1ugbbuRIedruV2YL-f2VPvVBwUYjxhdYS\n"," https://lh3.googleusercontent.com/d/1udsy7Aey5WL57FQKi18qb9mxaxWxr29j\n"," https://lh3.googleusercontent.com/d/1q8lZK905P2QRm3N_343ujDDVZVKOH0IL\n"," https://lh3.googleusercontent.com/d/1lKx2jGJzfhI4LhHpd29tt3tGw0ij251E\n"," https://lh3.googleusercontent.com/d/1TEsZpohGbUeEgXDn8U7HWb-BTUi21jBX\n"," https://lh3.googleusercontent.com/d/1FpbJfvhJ7cxMTMmKwxIl8lw9is9Fx0gm\n"," https://lh3.googleusercontent.com/d/1jv2a0l28JMc4frk3WE16jLLRvAb_SGvH\n"," https://lh3.googleusercontent.com/d/1T2BHMQBBwewdCRciVj-2GNFEqAnuVw5D\n"," https://lh3.googleusercontent.com/d/1_se1Cs74Tzzp3zOkRlVPmi5BblrkC-jd\n"]}