{"_via_settings": {"ui": {"annotation_editor_height": 25, "annotation_editor_fontsize": 0.8, "leftsidebar_width": 18, "image_grid": {"img_height": 80, "rshape_fill": "none", "rshape_fill_opacity": 0.3, "rshape_stroke": "yellow", "rshape_stroke_width": 2, "show_region_shape": true, "show_image_policy": "all"}, "image": {"region_label": "__via_region_id__", "region_color": "__via_default_region_color__", "region_label_font": "10px Sans", "on_image_annotation_editor_placement": "NEAR_REGION"}}, "core": {"buffer_size": 18, "filepath": {}, "default_filepath": ""}, "project": {"name": "Cortez_2020_gcp"}}, "_via_img_metadata": {"https://drive.google.com/uc?export=view&id=1KzODuR2syysVKBOjkTq0LcG8bNGuQ--3\n": {"filename": "https://drive.google.com/uc?export=view&id=1KzODuR2syysVKBOjkTq0LcG8bNGuQ--3\n", "size": -1, "regions": [{"shape_attributes": {"name": "rect", "x": 270, "y": 193, "width": 16, "height": 17}, "region_attributes": {"Intersection": "3"}}, {"shape_attributes": {"name": "rect", "x": 269, "y": 334, "width": 18, "height": 19}, "region_attributes": {"Intersection": "4"}}, {"shape_attributes": {"name": "rect", "x": 650, "y": 195, "width": 18, "height": 17}, "region_attributes": {"Intersection": "1"}}, {"shape_attributes": {"name": "rect", "x": 650, "y": 332, "width": 16, "height": 19}, "region_attributes": {"Intersection": "2"}}], "file_attributes": {"neighborhood": "Cortez"}}, "https://drive.google.com/uc?export=view&id=1ty9xqXqc4GWUkbTVqt8lGMZce0TMCXU0\n": {"filename": "https://drive.google.com/uc?export=view&id=1ty9xqXqc4GWUkbTVqt8lGMZce0TMCXU0\n", "size": -1, "regions": [{"shape_attributes": {"name": "rect", "x": 256, "y": 204, "width": 16, "height": 17}, "region_attributes": {"Intersection": "3"}}, {"shape_attributes": {"name": "rect", "x": 261, "y": 340, "width": 18, "height": 19}, "region_attributes": {"Intersection": "4"}}, {"shape_attributes": {"name": "rect", "x": 636, "y": 203, "width": 18, "height": 17}, "region_attributes": {"Intersection": "1"}}, {"shape_attributes": {"name": "rect", "x": 638, "y": 340, "width": 16, "height": 19}, "region_attributes": {"Intersection": "2"}}], "file_attributes": {"neighborhood": "Cortez"}}, "https://drive.google.com/uc?export=view&id=16XnK8mHJUZhc_DrTdIMVypIAJzUnSgPP\n": {"filename": "https://drive.google.com/uc?export=view&id=16XnK8mHJUZhc_DrTdIMVypIAJzUnSgPP\n", "size": -1, "regions": [{"shape_attributes": {"name": "rect", "x": 284, "y": 202, "width": 16, "height": 17}, "region_attributes": {"Intersection": "3"}}, {"shape_attributes": {"name": "rect", "x": 282, "y": 338, "width": 18, "height": 19}, "region_attributes": {"Intersection": "4"}}, {"shape_attributes": {"name": "rect", "x": 661, "y": 201, "width": 18, "height": 17}, "region_attributes": {"Intersection": "1"}}, {"shape_attributes": {"name": "rect", "x": 662, "y": 336, "width": 16, "height": 19}, "region_attributes": {"Intersection": "2"}}], "file_attributes": {"neighborhood": "Cortez"}}, "https://drive.google.com/uc?export=view&id=1AjO-sR0EmucecxO49bFDsqgCwXOEYGOt\n": {"filename": "https://drive.google.com/uc?export=view&id=1AjO-sR0EmucecxO49bFDsqgCwXOEYGOt\n", "size": -1, "regions": [{"shape_attributes": {"name": "rect", "x": 253, "y": 208, "width": 16, "height": 17}, "region_attributes": {"Intersection": "3"}}, {"shape_attributes": {"name": "rect", "x": 252, "y": 338, "width": 18, "height": 19}, "region_attributes": {"Intersection": "4"}}, {"shape_attributes": {"name": "rect", "x": 620, "y": 204, "width": 18, "height": 17}, "region_attributes": {"Intersection": "1"}}, {"shape_attributes": {"name": "rect", "x": 625, "y": 337, "width": 16, "height": 19}, "region_attributes": {"Intersection": "2"}}], "file_attributes": {"neighborhood": "Cortez"}}, "https://drive.google.com/uc?export=view&id=136oiqanNwgEDEKxI5LyX8jPx36dH0RPh\n": {"filename": "https://drive.google.com/uc?export=view&id=136oiqanNwgEDEKxI5LyX8jPx36dH0RPh\n", "size": -1, "regions": [{"shape_attributes": {"name": "rect", "x": 253, "y": 208, "width": 16, "height": 17}, "region_attributes": {"Intersection": "3"}}, {"shape_attributes": {"name": "rect", "x": 252, "y": 338, "width": 18, "height": 19}, "region_attributes": {"Intersection": "4"}}, {"shape_attributes": {"name": "rect", "x": 620, "y": 204, "width": 18, "height": 17}, "region_attributes": {"Intersection": "1"}}, {"shape_attributes": {"name": "rect", "x": 625, "y": 337, "width": 16, "height": 19}, "region_attributes": {"Intersection": "2"}}], "file_attributes": {"neighborhood": "Cortez"}}, "https://drive.google.com/uc?export=view&id=18HzcQ0AY9rdQ4Q4glwMBmYIVqgkBq751\n": {"filename": "https://drive.google.com/uc?export=view&id=18HzcQ0AY9rdQ4Q4glwMBmYIVqgkBq751\n", "size": -1, "regions": [{"shape_attributes": {"name": "rect", "x": 262, "y": 214, "width": 16, "height": 15}, "region_attributes": {"Intersection": "3"}}, {"shape_attributes": {"name": "rect", "x": 257, "y": 352, "width": 18, "height": 19}, "region_attributes": {"Intersection": "4"}}, {"shape_attributes": {"name": "rect", "x": 640, "y": 212, "width": 18, "height": 17}, "region_attributes": {"Intersection": "1"}}, {"shape_attributes": {"name": "rect", "x": 640, "y": 350, "width": 16, "height": 19}, "region_attributes": {"Intersection": "2"}}], "file_attributes": {"neighborhood": "Cortez"}}, "https://drive.google.com/uc?export=view&id=1lHJALPX7f5s6Qoc4hOjirf1K1w-SGosH\n": {"filename": "https://drive.google.com/uc?export=view&id=1lHJALPX7f5s6Qoc4hOjirf1K1w-SGosH\n", "size": -1, "regions": [{"shape_attributes": {"name": "rect", "x": 262, "y": 214, "width": 16, "height": 15}, "region_attributes": {"Intersection": "3"}}, {"shape_attributes": {"name": "rect", "x": 257, "y": 352, "width": 18, "height": 19}, "region_attributes": {"Intersection": "4"}}, {"shape_attributes": {"name": "rect", "x": 640, "y": 212, "width": 18, "height": 17}, "region_attributes": {"Intersection": "1"}}, {"shape_attributes": {"name": "rect", "x": 640, "y": 350, "width": 16, "height": 19}, "region_attributes": {"Intersection": "2"}}], "file_attributes": {"neighborhood": "Cortez"}}, "https://drive.google.com/uc?export=view&id=1p8Jb1OdwlCRMH7EM22d6eBKEszBmV7-e\n": {"filename": "https://drive.google.com/uc?export=view&id=1p8Jb1OdwlCRMH7EM22d6eBKEszBmV7-e\n", "size": -1, "regions": [{"shape_attributes": {"name": "rect", "x": 248, "y": 197, "width": 16, "height": 27}, "region_attributes": {"Intersection": "3"}}, {"shape_attributes": {"name": "rect", "x": 251, "y": 340, "width": 18, "height": 19}, "region_attributes": {"Intersection": "4"}}, {"shape_attributes": {"name": "rect", "x": 630, "y": 202, "width": 18, "height": 17}, "region_attributes": {"Intersection": "1"}}, {"shape_attributes": {"name": "rect", "x": 633, "y": 339, "width": 16, "height": 19}, "region_attributes": {"Intersection": "2"}}], "file_attributes": {"neighborhood": "Cortez"}}, "https://drive.google.com/uc?export=view&id=1JeIO3LT9B-za2nQy_VA-HvjfwIRn15hu\n": {"filename": "https://drive.google.com/uc?export=view&id=1JeIO3LT9B-za2nQy_VA-HvjfwIRn15hu\n", "size": -1, "regions": [{"shape_attributes": {"name": "rect", "x": 262, "y": 214, "width": 16, "height": 15}, "region_attributes": {"Intersection": "3"}}, {"shape_attributes": {"name": "rect", "x": 257, "y": 352, "width": 18, "height": 19}, "region_attributes": {"Intersection": "4"}}, {"shape_attributes": {"name": "rect", "x": 640, "y": 212, "width": 18, "height": 17}, "region_attributes": {"Intersection": "1"}}, {"shape_attributes": {"name": "rect", "x": 640, "y": 350, "width": 16, "height": 19}, "region_attributes": {"Intersection": "2"}}], "file_attributes": {"neighborhood": "Cortez"}}, "https://drive.google.com/uc?export=view&id=1qDVzD2hVI7yW34CPEqew_V_OcB3Kv6zf\n": {"filename": "https://drive.google.com/uc?export=view&id=1qDVzD2hVI7yW34CPEqew_V_OcB3Kv6zf\n", "size": -1, "regions": [{"shape_attributes": {"name": "rect", "x": 253, "y": 214, "width": 16, "height": 15}, "region_attributes": {"Intersection": "3"}}, {"shape_attributes": {"name": "rect", "x": 257, "y": 352, "width": 18, "height": 19}, "region_attributes": {"Intersection": "4"}}, {"shape_attributes": {"name": "rect", "x": 640, "y": 212, "width": 18, "height": 17}, "region_attributes": {"Intersection": "1"}}, {"shape_attributes": {"name": "rect", "x": 640, "y": 350, "width": 16, "height": 19}, "region_attributes": {"Intersection": "2"}}], "file_attributes": {"neighborhood": "Cortez"}}, "https://drive.google.com/uc?export=view&id=14tuVLLM1NPGz3TeiYoM8GNJg5aetSylq\n": {"filename": "https://drive.google.com/uc?export=view&id=14tuVLLM1NPGz3TeiYoM8GNJg5aetSylq\n", "size": -1, "regions": [{"shape_attributes": {"name": "rect", "x": 262, "y": 214, "width": 16, "height": 15}, "region_attributes": {"Intersection": "3"}}, {"shape_attributes": {"name": "rect", "x": 257, "y": 352, "width": 18, "height": 19}, "region_attributes": {"Intersection": "4"}}, {"shape_attributes": {"name": "rect", "x": 640, "y": 212, "width": 18, "height": 17}, "region_attributes": {"Intersection": "1"}}, {"shape_attributes": {"name": "rect", "x": 640, "y": 350, "width": 16, "height": 19}, "region_attributes": {"Intersection": "2"}}], "file_attributes": {"neighborhood": "Cortez"}}, "https://drive.google.com/uc?export=view&id=1IMsurPTfAepRTIhJi8a_J0bST1hY6E-i\n": {"filename": "https://drive.google.com/uc?export=view&id=1IMsurPTfAepRTIhJi8a_J0bST1hY6E-i\n", "size": -1, "regions": [{"shape_attributes": {"name": "rect", "x": 225, "y": 179, "width": 16, "height": 15}, "region_attributes": {"Intersection": "3"}}, {"shape_attributes": {"name": "rect", "x": 225, "y": 326, "width": 18, "height": 19}, "region_attributes": {"Intersection": "4"}}, {"shape_attributes": {"name": "rect", "x": 630, "y": 177, "width": 18, "height": 17}, "region_attributes": {"Intersection": "1"}}, {"shape_attributes": {"name": "rect", "x": 631, "y": 325, "width": 16, "height": 19}, "region_attributes": {"Intersection": "2"}}], "file_attributes": {"neighborhood": "Cortez"}}}, "_via_attributes": {"region": {"Intersection": {"type": "dropdown", "description": "", "options": {"1": "9th_Cedar", "2": "9th_Ash", "3": "1st_Cedar", "4": "1st_Ash"}, "default_options": {}}}, "file": {"neighborhood": {"type": "text", "description": "", "default_value": "Cortez"}}}, "_via_data_format_version": "2.0.10", "_via_image_id_list": ["https://drive.google.com/uc?export=view&id=1KzODuR2syysVKBOjkTq0LcG8bNGuQ--3\n", "https://drive.google.com/uc?export=view&id=1ty9xqXqc4GWUkbTVqt8lGMZce0TMCXU0\n", "https://drive.google.com/uc?export=view&id=16XnK8mHJUZhc_DrTdIMVypIAJzUnSgPP\n", "https://drive.google.com/uc?export=view&id=1AjO-sR0EmucecxO49bFDsqgCwXOEYGOt\n", "https://drive.google.com/uc?export=view&id=136oiqanNwgEDEKxI5LyX8jPx36dH0RPh\n", "https://drive.google.com/uc?export=view&id=18HzcQ0AY9rdQ4Q4glwMBmYIVqgkBq751\n", "https://drive.google.com/uc?export=view&id=1lHJALPX7f5s6Qoc4hOjirf1K1w-SGosH\n", "https://drive.google.com/uc?export=view&id=1p8Jb1OdwlCRMH7EM22d6eBKEszBmV7-e\n", "https://drive.google.com/uc?export=view&id=1JeIO3LT9B-za2nQy_VA-HvjfwIRn15hu\n", "https://drive.google.com/uc?export=view&id=1qDVzD2hVI7yW34CPEqew_V_OcB3Kv6zf\n", "https://drive.google.com/uc?export=view&id=14tuVLLM1NPGz3TeiYoM8GNJg5aetSylq\n", "https://drive.google.com/uc?export=view&id=1IMsurPTfAepRTIhJi8a_J0bST1hY6E-i\n"]}