{"_via_settings": {"ui": {"annotation_editor_height": 25, "annotation_editor_fontsize": 0.8, "leftsidebar_width": 18, "image_grid": {"img_height": 80, "rshape_fill": "none", "rshape_fill_opacity": 0.3, "rshape_stroke": "yellow", "rshape_stroke_width": 2, "show_region_shape": true, "show_image_policy": "all"}, "image": {"region_label": "__via_region_id__", "region_color": "__via_default_region_color__", "region_label_font": "10px Sans", "on_image_annotation_editor_placement": "NEAR_REGION"}}, "core": {"buffer_size": 18, "filepath": {}, "default_filepath": ""}, "project": {"name": "East Village_2022_gcp"}}, "_via_img_metadata": {"https://drive.google.com/uc?export=view&id=1Ssx831bTWmZVVELGj2hlvZ3b5gemIDko\n": {"filename": "https://drive.google.com/uc?export=view&id=1Ssx831bTWmZVVELGj2hlvZ3b5gemIDko\n", "size": -1, "regions": [{"shape_attributes": {"name": "rect", "x": 108, "y": 492, "width": 12, "height": 13}, "region_attributes": {"Intersection": "1"}}, {"shape_attributes": {"name": "rect", "x": 633, "y": 493, "width": 13, "height": 11}, "region_attributes": {"Intersection": "2"}}, {"shape_attributes": {"name": "rect", "x": 634, "y": 261, "width": 13, "height": 14}, "region_attributes": {"Intersection": "3"}}, {"shape_attributes": {"name": "rect", "x": 109, "y": 263, "width": 13, "height": 13}, "region_attributes": {"Intersection": "4"}}], "file_attributes": {"neighborhood": "East Village"}}, "https://drive.google.com/uc?export=view&id=1-QeJIbcgTfKKXNkMe_fx-OaDeB4-mR37\n": {"filename": "https://drive.google.com/uc?export=view&id=1-QeJIbcgTfKKXNkMe_fx-OaDeB4-mR37\n", "size": -1, "regions": [{"shape_attributes": {"name": "rect", "x": 102, "y": 489, "width": 12, "height": 13}, "region_attributes": {"Intersection": "1"}}, {"shape_attributes": {"name": "rect", "x": 629, "y": 489, "width": 13, "height": 11}, "region_attributes": {"Intersection": "2"}}, {"shape_attributes": {"name": "rect", "x": 627, "y": 256, "width": 13, "height": 14}, "region_attributes": {"Intersection": "3"}}, {"shape_attributes": {"name": "rect", "x": 99, "y": 261, "width": 13, "height": 13}, "region_attributes": {"Intersection": "4"}}], "file_attributes": {"neighborhood": "East Village"}}, "https://drive.google.com/uc?export=view&id=1tXFmygj9QW2glxP0rchTJ9SJDQ1rufgv\n": {"filename": "https://drive.google.com/uc?export=view&id=1tXFmygj9QW2glxP0rchTJ9SJDQ1rufgv\n", "size": -1, "regions": [{"shape_attributes": {"name": "rect", "x": 125, "y": 477, "width": 12, "height": 13}, "region_attributes": {"Intersection": "1"}}, {"shape_attributes": {"name": "rect", "x": 612, "y": 478, "width": 13, "height": 11}, "region_attributes": {"Intersection": "2"}}, {"shape_attributes": {"name": "rect", "x": 613, "y": 262, "width": 13, "height": 14}, "region_attributes": {"Intersection": "3"}}, {"shape_attributes": {"name": "rect", "x": 123, "y": 264, "width": 13, "height": 13}, "region_attributes": {"Intersection": "4"}}], "file_attributes": {"neighborhood": "East Village"}}, "https://drive.google.com/uc?export=view&id=1qDHPHe6KdMGkq79c47PfFH7bKGS8sMxS\n": {"filename": "https://drive.google.com/uc?export=view&id=1qDHPHe6KdMGkq79c47PfFH7bKGS8sMxS\n", "size": -1, "regions": [{"shape_attributes": {"name": "rect", "x": 134, "y": 472, "width": 12, "height": 13}, "region_attributes": {"Intersection": "1"}}, {"shape_attributes": {"name": "rect", "x": 608, "y": 469, "width": 13, "height": 11}, "region_attributes": {"Intersection": "2"}}, {"shape_attributes": {"name": "rect", "x": 607, "y": 258, "width": 13, "height": 14}, "region_attributes": {"Intersection": "3"}}, {"shape_attributes": {"name": "rect", "x": 131, "y": 263, "width": 13, "height": 13}, "region_attributes": {"Intersection": "4"}}], "file_attributes": {"neighborhood": "East Village"}}, "https://drive.google.com/uc?export=view&id=1Hg83LKkgKGFGSaghHHDAXI0K0hAla84u\n": {"filename": "https://drive.google.com/uc?export=view&id=1Hg83LKkgKGFGSaghHHDAXI0K0hAla84u\n", "size": -1, "regions": [{"shape_attributes": {"name": "rect", "x": 127, "y": 478, "width": 12, "height": 13}, "region_attributes": {"Intersection": "1"}}, {"shape_attributes": {"name": "rect", "x": 614, "y": 478, "width": 13, "height": 11}, "region_attributes": {"Intersection": "2"}}, {"shape_attributes": {"name": "rect", "x": 614, "y": 262, "width": 13, "height": 14}, "region_attributes": {"Intersection": "3"}}, {"shape_attributes": {"name": "rect", "x": 126, "y": 264, "width": 13, "height": 13}, "region_attributes": {"Intersection": "4"}}], "file_attributes": {"neighborhood": "East Village"}}, "https://drive.google.com/uc?export=view&id=1cOK6q9EDwVfT0gyxgjFE-yvj-d55I3Ns\n": {"filename": "https://drive.google.com/uc?export=view&id=1cOK6q9EDwVfT0gyxgjFE-yvj-d55I3Ns\n", "size": -1, "regions": [{"shape_attributes": {"name": "rect", "x": 126, "y": 483, "width": 12, "height": 13}, "region_attributes": {"Intersection": "1"}}, {"shape_attributes": {"name": "rect", "x": 616, "y": 478, "width": 13, "height": 11}, "region_attributes": {"Intersection": "2"}}, {"shape_attributes": {"name": "rect", "x": 613, "y": 262, "width": 13, "height": 14}, "region_attributes": {"Intersection": "3"}}, {"shape_attributes": {"name": "rect", "x": 125, "y": 269, "width": 13, "height": 13}, "region_attributes": {"Intersection": "4"}}], "file_attributes": {"neighborhood": "East Village"}}, "https://drive.google.com/uc?export=view&id=10FZE_Ugccb-9KG2LZLZttwgWOhtLD47d\n": {"filename": "https://drive.google.com/uc?export=view&id=10FZE_Ugccb-9KG2LZLZttwgWOhtLD47d\n", "size": -1, "regions": [{"shape_attributes": {"name": "rect", "x": 132, "y": 471, "width": 12, "height": 13}, "region_attributes": {"Intersection": "1"}}, {"shape_attributes": {"name": "rect", "x": 606, "y": 262, "width": 13, "height": 14}, "region_attributes": {"Intersection": "3"}}, {"shape_attributes": {"name": "rect", "x": 132, "y": 262, "width": 13, "height": 13}, "region_attributes": {"Intersection": "4"}}, {"shape_attributes": {"name": "rect", "x": 606, "y": 474, "width": 13, "height": 11}, "region_attributes": {"Intersection": "2"}}], "file_attributes": {"neighborhood": "East Village"}}, "https://drive.google.com/uc?export=view&id=1K5SwfkubWuWVL8piIkulPsAvduZavvO1\n": {"filename": "https://drive.google.com/uc?export=view&id=1K5SwfkubWuWVL8piIkulPsAvduZavvO1\n", "size": -1, "regions": [{"shape_attributes": {"name": "rect", "x": 125, "y": 475, "width": 12, "height": 13}, "region_attributes": {"Intersection": "1"}}, {"shape_attributes": {"name": "rect", "x": 612, "y": 477, "width": 13, "height": 11}, "region_attributes": {"Intersection": "2"}}, {"shape_attributes": {"name": "rect", "x": 612, "y": 260, "width": 13, "height": 14}, "region_attributes": {"Intersection": "3"}}, {"shape_attributes": {"name": "rect", "x": 124, "y": 262, "width": 13, "height": 13}, "region_attributes": {"Intersection": "4"}}], "file_attributes": {"neighborhood": "East Village"}}, "https://drive.google.com/uc?export=view&id=1mZcDno3R62KXS7gMMGQw4GpWC6cw5l5d\n": {"filename": "https://drive.google.com/uc?export=view&id=1mZcDno3R62KXS7gMMGQw4GpWC6cw5l5d\n", "size": -1, "regions": [{"shape_attributes": {"name": "rect", "x": 125, "y": 484, "width": 12, "height": 13}, "region_attributes": {"Intersection": "1"}}, {"shape_attributes": {"name": "rect", "x": 612, "y": 485, "width": 13, "height": 11}, "region_attributes": {"Intersection": "2"}}, {"shape_attributes": {"name": "rect", "x": 613, "y": 270, "width": 13, "height": 14}, "region_attributes": {"Intersection": "3"}}, {"shape_attributes": {"name": "rect", "x": 125, "y": 270, "width": 13, "height": 13}, "region_attributes": {"Intersection": "4"}}], "file_attributes": {"neighborhood": "East Village"}}, "https://drive.google.com/uc?export=view&id=1c4TZ9VIZ1OUjOnCiHHNLgeGMtm2QyoL_\n": {"filename": "https://drive.google.com/uc?export=view&id=1c4TZ9VIZ1OUjOnCiHHNLgeGMtm2QyoL_\n", "size": -1, "regions": [{"shape_attributes": {"name": "rect", "x": 124, "y": 476, "width": 12, "height": 13}, "region_attributes": {"Intersection": "1"}}, {"shape_attributes": {"name": "rect", "x": 612, "y": 477, "width": 13, "height": 11}, "region_attributes": {"Intersection": "2"}}, {"shape_attributes": {"name": "rect", "x": 612, "y": 260, "width": 13, "height": 14}, "region_attributes": {"Intersection": "3"}}, {"shape_attributes": {"name": "rect", "x": 125, "y": 261, "width": 13, "height": 13}, "region_attributes": {"Intersection": "4"}}], "file_attributes": {"neighborhood": "East Village"}}, "https://drive.google.com/uc?export=view&id=1gDtlOvbRcmPO30YDF9SgqE6zrldMdHO9\n": {"filename": "https://drive.google.com/uc?export=view&id=1gDtlOvbRcmPO30YDF9SgqE6zrldMdHO9\n", "size": -1, "regions": [{"shape_attributes": {"name": "rect", "x": 124, "y": 477, "width": 12, "height": 13}, "region_attributes": {"Intersection": "1"}}, {"shape_attributes": {"name": "rect", "x": 612, "y": 479, "width": 13, "height": 11}, "region_attributes": {"Intersection": "2"}}, {"shape_attributes": {"name": "rect", "x": 613, "y": 262, "width": 13, "height": 14}, "region_attributes": {"Intersection": "3"}}, {"shape_attributes": {"name": "rect", "x": 124, "y": 262, "width": 13, "height": 13}, "region_attributes": {"Intersection": "4"}}], "file_attributes": {"neighborhood": "East Village"}}, "https://drive.google.com/uc?export=view&id=1nNeqcSO6a6p0x2CDChWap13L73Ch3EV-\n": {"filename": "https://drive.google.com/uc?export=view&id=1nNeqcSO6a6p0x2CDChWap13L73Ch3EV-\n", "size": -1, "regions": [{"shape_attributes": {"name": "rect", "x": 124, "y": 481, "width": 12, "height": 13}, "region_attributes": {"Intersection": "1"}}, {"shape_attributes": {"name": "rect", "x": 611, "y": 481, "width": 13, "height": 11}, "region_attributes": {"Intersection": "2"}}, {"shape_attributes": {"name": "rect", "x": 611, "y": 265, "width": 13, "height": 14}, "region_attributes": {"Intersection": "3"}}, {"shape_attributes": {"name": "rect", "x": 125, "y": 266, "width": 13, "height": 13}, "region_attributes": {"Intersection": "4"}}], "file_attributes": {"neighborhood": "East Village"}}}, "_via_attributes": {"region": {"Intersection": {"type": "dropdown", "description": "", "options": {"1": "7th_Market", "2": "16th_Market", "3": "16th_E", "4": "7th_E"}, "default_options": {}}}, "file": {"neighborhood": {"type": "text", "description": "", "default_value": "East Village"}}}, "_via_data_format_version": "2.0.10", "_via_image_id_list": ["https://drive.google.com/uc?export=view&id=1Ssx831bTWmZVVELGj2hlvZ3b5gemIDko\n", "https://drive.google.com/uc?export=view&id=1-QeJIbcgTfKKXNkMe_fx-OaDeB4-mR37\n", "https://drive.google.com/uc?export=view&id=1tXFmygj9QW2glxP0rchTJ9SJDQ1rufgv\n", "https://drive.google.com/uc?export=view&id=1qDHPHe6KdMGkq79c47PfFH7bKGS8sMxS\n", "https://drive.google.com/uc?export=view&id=1Hg83LKkgKGFGSaghHHDAXI0K0hAla84u\n", "https://drive.google.com/uc?export=view&id=1cOK6q9EDwVfT0gyxgjFE-yvj-d55I3Ns\n", "https://drive.google.com/uc?export=view&id=10FZE_Ugccb-9KG2LZLZttwgWOhtLD47d\n", "https://drive.google.com/uc?export=view&id=1K5SwfkubWuWVL8piIkulPsAvduZavvO1\n", "https://drive.google.com/uc?export=view&id=1mZcDno3R62KXS7gMMGQw4GpWC6cw5l5d\n", "https://drive.google.com/uc?export=view&id=1c4TZ9VIZ1OUjOnCiHHNLgeGMtm2QyoL_\n", "https://drive.google.com/uc?export=view&id=1gDtlOvbRcmPO30YDF9SgqE6zrldMdHO9\n", "https://drive.google.com/uc?export=view&id=1nNeqcSO6a6p0x2CDChWap13L73Ch3EV-\n"]}