{"_via_settings": {"ui": {"annotation_editor_height": 25, "annotation_editor_fontsize": 0.8, "leftsidebar_width": 18, "image_grid": {"img_height": 80, "rshape_fill": "none", "rshape_fill_opacity": 0.3, "rshape_stroke": "yellow", "rshape_stroke_width": 2, "show_region_shape": true, "show_image_policy": "all"}, "image": {"region_label": "__via_region_id__", "region_color": "__via_default_region_color__", "region_label_font": "10px Sans", "on_image_annotation_editor_placement": "NEAR_REGION"}}, "core": {"buffer_size": 18, "filepath": {}, "default_filepath": ""}, "project": {"name": "Barrio Logan_2022_gcp"}}, "_via_img_metadata": {"https://drive.google.com/uc?export=view&id=1SD801gPZJOLjfKDe0-JBVS_ncqr5KZEL\n": {"filename": "https://drive.google.com/uc?export=view&id=1SD801gPZJOLjfKDe0-JBVS_ncqr5KZEL\n", "size": -1, "regions": [{"shape_attributes": {"name": "rect", "x": 227, "y": 43, "width": 14, "height": 20}, "region_attributes": {"Intersection": "1"}}, {"shape_attributes": {"name": "rect", "x": 194, "y": 243, "width": 20, "height": 19}, "region_attributes": {"Intersection": "2"}}, {"shape_attributes": {"name": "rect", "x": 625, "y": 363, "width": 14, "height": 20}, "region_attributes": {"Intersection": "3"}}, {"shape_attributes": {"name": "rect", "x": 514, "y": 501, "width": 17, "height": 18}, "region_attributes": {"Intersection": "4"}}], "file_attributes": {"neighborhood": "Barrio Logan"}}, "https://drive.google.com/uc?export=view&id=15hSm9tTuktVaMMGr9pT8BxW6vb_Fk7m4\n": {"filename": "https://drive.google.com/uc?export=view&id=15hSm9tTuktVaMMGr9pT8BxW6vb_Fk7m4\n", "size": -1, "regions": [{"shape_attributes": {"name": "rect", "x": 227, "y": 43, "width": 14, "height": 20}, "region_attributes": {"Intersection": "1"}}, {"shape_attributes": {"name": "rect", "x": 192, "y": 243, "width": 14, "height": 19}, "region_attributes": {"Intersection": "2"}}, {"shape_attributes": {"name": "rect", "x": 620, "y": 363, "width": 14, "height": 20}, "region_attributes": {"Intersection": "3"}}, {"shape_attributes": {"name": "rect", "x": 509, "y": 501, "width": 17, "height": 18}, "region_attributes": {"Intersection": "4"}}], "file_attributes": {"neighborhood": "Barrio Logan"}}, "https://drive.google.com/uc?export=view&id=1gdYu_eshlXnS5Vgl5fxUp6prU2BNh16g\n": {"filename": "https://drive.google.com/uc?export=view&id=1gdYu_eshlXnS5Vgl5fxUp6prU2BNh16g\n", "size": -1, "regions": [{"shape_attributes": {"name": "rect", "x": 227, "y": 39, "width": 14, "height": 20}, "region_attributes": {"Intersection": "1"}}, {"shape_attributes": {"name": "rect", "x": 194, "y": 243, "width": 15, "height": 19}, "region_attributes": {"Intersection": "2"}}, {"shape_attributes": {"name": "rect", "x": 621, "y": 361, "width": 14, "height": 20}, "region_attributes": {"Intersection": "3"}}, {"shape_attributes": {"name": "rect", "x": 512, "y": 501, "width": 16, "height": 18}, "region_attributes": {"Intersection": "4"}}], "file_attributes": {"neighborhood": "Barrio Logan"}}, "https://drive.google.com/uc?export=view&id=1QZVeH22lk52XNV-hy1QbFwkVzL_o95al\n": {"filename": "https://drive.google.com/uc?export=view&id=1QZVeH22lk52XNV-hy1QbFwkVzL_o95al\n", "size": -1, "regions": [{"shape_attributes": {"name": "rect", "x": 242, "y": 68, "width": 14, "height": 19}, "region_attributes": {"Intersection": "1"}}, {"shape_attributes": {"name": "rect", "x": 211, "y": 249, "width": 20, "height": 19}, "region_attributes": {"Intersection": "2"}}, {"shape_attributes": {"name": "rect", "x": 600, "y": 358, "width": 14, "height": 20}, "region_attributes": {"Intersection": "3"}}, {"shape_attributes": {"name": "rect", "x": 501, "y": 482, "width": 17, "height": 18}, "region_attributes": {"Intersection": "4"}}], "file_attributes": {"neighborhood": "Barrio Logan"}}, "https://drive.google.com/uc?export=view&id=19mFnpQYFbUpu320Iwmhd9Nfw4hhZ4x08\n": {"filename": "https://drive.google.com/uc?export=view&id=19mFnpQYFbUpu320Iwmhd9Nfw4hhZ4x08\n", "size": -1, "regions": [{"shape_attributes": {"name": "rect", "x": 238, "y": 61, "width": 14, "height": 20}, "region_attributes": {"Intersection": "1"}}, {"shape_attributes": {"name": "rect", "x": 209, "y": 248, "width": 15, "height": 15}, "region_attributes": {"Intersection": "2"}}, {"shape_attributes": {"name": "rect", "x": 610, "y": 358, "width": 14, "height": 20}, "region_attributes": {"Intersection": "3"}}, {"shape_attributes": {"name": "rect", "x": 506, "y": 487, "width": 17, "height": 18}, "region_attributes": {"Intersection": "4"}}], "file_attributes": {"neighborhood": "Barrio Logan"}}, "https://drive.google.com/uc?export=view&id=1sT-I5VeAdaW4K4IEgqJz9ShUCYDB4vtH\n": {"filename": "https://drive.google.com/uc?export=view&id=1sT-I5VeAdaW4K4IEgqJz9ShUCYDB4vtH\n", "size": -1, "regions": [{"shape_attributes": {"name": "rect", "x": 237, "y": 64, "width": 14, "height": 20}, "region_attributes": {"Intersection": "1"}}, {"shape_attributes": {"name": "rect", "x": 204, "y": 250, "width": 20, "height": 19}, "region_attributes": {"Intersection": "2"}}, {"shape_attributes": {"name": "rect", "x": 606, "y": 357, "width": 14, "height": 20}, "region_attributes": {"Intersection": "3"}}, {"shape_attributes": {"name": "rect", "x": 506, "y": 490, "width": 17, "height": 18}, "region_attributes": {"Intersection": "4"}}], "file_attributes": {"neighborhood": "Barrio Logan"}}, "https://drive.google.com/uc?export=view&id=144F0aPYTQ0JLQA1Wdd7Ecun4HN9DVCLv\n": {"filename": "https://drive.google.com/uc?export=view&id=144F0aPYTQ0JLQA1Wdd7Ecun4HN9DVCLv\n", "size": -1, "regions": [{"shape_attributes": {"name": "rect", "x": 243, "y": 62, "width": 14, "height": 20}, "region_attributes": {"Intersection": "1"}}, {"shape_attributes": {"name": "rect", "x": 210, "y": 246, "width": 20, "height": 19}, "region_attributes": {"Intersection": "2"}}, {"shape_attributes": {"name": "rect", "x": 601, "y": 353, "width": 14, "height": 20}, "region_attributes": {"Intersection": "3"}}, {"shape_attributes": {"name": "rect", "x": 501, "y": 482, "width": 17, "height": 18}, "region_attributes": {"Intersection": "4"}}], "file_attributes": {"neighborhood": "Barrio Logan"}}, "https://drive.google.com/uc?export=view&id=146b1VZKq8Izf2hmzqUhi6sOpA5iVnuFA\n": {"filename": "https://drive.google.com/uc?export=view&id=146b1VZKq8Izf2hmzqUhi6sOpA5iVnuFA\n", "size": -1, "regions": [{"shape_attributes": {"name": "rect", "x": 236, "y": 55, "width": 14, "height": 20}, "region_attributes": {"Intersection": "1"}}, {"shape_attributes": {"name": "rect", "x": 204, "y": 244, "width": 20, "height": 18}, "region_attributes": {"Intersection": "2"}}, {"shape_attributes": {"name": "rect", "x": 604, "y": 357, "width": 14, "height": 20}, "region_attributes": {"Intersection": "3"}}, {"shape_attributes": {"name": "rect", "x": 502, "y": 486, "width": 17, "height": 18}, "region_attributes": {"Intersection": "4"}}], "file_attributes": {"neighborhood": "Barrio Logan"}}, "https://drive.google.com/uc?export=view&id=19ppYthokhlt7rl4zLuDyzOWmDWBo98G7\n": {"filename": "https://drive.google.com/uc?export=view&id=19ppYthokhlt7rl4zLuDyzOWmDWBo98G7\n", "size": -1, "regions": [{"shape_attributes": {"name": "rect", "x": 239, "y": 58, "width": 14, "height": 20}, "region_attributes": {"Intersection": "1"}}, {"shape_attributes": {"name": "rect", "x": 204, "y": 245, "width": 20, "height": 19}, "region_attributes": {"Intersection": "2"}}, {"shape_attributes": {"name": "rect", "x": 603, "y": 358, "width": 12, "height": 19}, "region_attributes": {"Intersection": "3"}}, {"shape_attributes": {"name": "rect", "x": 502, "y": 490, "width": 17, "height": 18}, "region_attributes": {"Intersection": "4"}}], "file_attributes": {"neighborhood": "Barrio Logan"}}, "https://drive.google.com/uc?export=view&id=12RVwJWcbA5Sw9AvVGH_5aRHLAyDCIvVl\n": {"filename": "https://drive.google.com/uc?export=view&id=12RVwJWcbA5Sw9AvVGH_5aRHLAyDCIvVl\n", "size": -1, "regions": [{"shape_attributes": {"name": "rect", "x": 234, "y": 55, "width": 14, "height": 20}, "region_attributes": {"Intersection": "1"}}, {"shape_attributes": {"name": "rect", "x": 205, "y": 243, "width": 20, "height": 19}, "region_attributes": {"Intersection": "2"}}, {"shape_attributes": {"name": "rect", "x": 605, "y": 354, "width": 14, "height": 20}, "region_attributes": {"Intersection": "3"}}, {"shape_attributes": {"name": "rect", "x": 503, "y": 486, "width": 17, "height": 18}, "region_attributes": {"Intersection": "4"}}], "file_attributes": {"neighborhood": "Barrio Logan"}}, "https://drive.google.com/uc?export=view&id=1flEWsKci1bsoLCsxUPdRwKQU9eJ2yO3B\n": {"filename": "https://drive.google.com/uc?export=view&id=1flEWsKci1bsoLCsxUPdRwKQU9eJ2yO3B\n", "size": -1, "regions": [{"shape_attributes": {"name": "rect", "x": 236, "y": 60, "width": 14, "height": 20}, "region_attributes": {"Intersection": "1"}}, {"shape_attributes": {"name": "rect", "x": 206, "y": 245, "width": 20, "height": 19}, "region_attributes": {"Intersection": "2"}}, {"shape_attributes": {"name": "rect", "x": 606, "y": 361, "width": 14, "height": 20}, "region_attributes": {"Intersection": "3"}}, {"shape_attributes": {"name": "rect", "x": 504, "y": 489, "width": 17, "height": 18}, "region_attributes": {"Intersection": "4"}}], "file_attributes": {"neighborhood": "Barrio Logan"}}, "https://drive.google.com/uc?export=view&id=1WjHPFJbhiCNXnQILkb6jDkksl2V9bpEn\n": {"filename": "https://drive.google.com/uc?export=view&id=1WjHPFJbhiCNXnQILkb6jDkksl2V9bpEn\n", "size": -1, "regions": [{"shape_attributes": {"name": "rect", "x": 236, "y": 60, "width": 14, "height": 20}, "region_attributes": {"Intersection": "1"}}, {"shape_attributes": {"name": "rect", "x": 204, "y": 248, "width": 20, "height": 19}, "region_attributes": {"Intersection": "2"}}, {"shape_attributes": {"name": "rect", "x": 605, "y": 360, "width": 14, "height": 20}, "region_attributes": {"Intersection": "3"}}, {"shape_attributes": {"name": "rect", "x": 503, "y": 489, "width": 17, "height": 18}, "region_attributes": {"Intersection": "4"}}], "file_attributes": {"neighborhood": "Barrio Logan"}}}, "_via_attributes": {"region": {"Intersection": {"type": "dropdown", "description": "", "options": {"1": "16th_Logan", "2": "Main_Sigsbee", "3": "Logan_Evans", "4": "Main_Evans"}, "default_options": {}}}, "file": {"neighborhood": {"type": "text", "description": "", "default_value": "Barrio Logan"}}}, "_via_data_format_version": "2.0.10", "_via_image_id_list": ["https://drive.google.com/uc?export=view&id=1SD801gPZJOLjfKDe0-JBVS_ncqr5KZEL\n", "https://drive.google.com/uc?export=view&id=15hSm9tTuktVaMMGr9pT8BxW6vb_Fk7m4\n", "https://drive.google.com/uc?export=view&id=1gdYu_eshlXnS5Vgl5fxUp6prU2BNh16g\n", "https://drive.google.com/uc?export=view&id=1QZVeH22lk52XNV-hy1QbFwkVzL_o95al\n", "https://drive.google.com/uc?export=view&id=19mFnpQYFbUpu320Iwmhd9Nfw4hhZ4x08\n", "https://drive.google.com/uc?export=view&id=1sT-I5VeAdaW4K4IEgqJz9ShUCYDB4vtH\n", "https://drive.google.com/uc?export=view&id=144F0aPYTQ0JLQA1Wdd7Ecun4HN9DVCLv\n", "https://drive.google.com/uc?export=view&id=146b1VZKq8Izf2hmzqUhi6sOpA5iVnuFA\n", "https://drive.google.com/uc?export=view&id=19ppYthokhlt7rl4zLuDyzOWmDWBo98G7\n", "https://drive.google.com/uc?export=view&id=12RVwJWcbA5Sw9AvVGH_5aRHLAyDCIvVl\n", "https://drive.google.com/uc?export=view&id=1flEWsKci1bsoLCsxUPdRwKQU9eJ2yO3B\n", "https://drive.google.com/uc?export=view&id=1WjHPFJbhiCNXnQILkb6jDkksl2V9bpEn\n"]}