{"_via_settings": {"ui": {"annotation_editor_height": 25, "annotation_editor_fontsize": 0.8, "leftsidebar_width": 18, "image_grid": {"img_height": 80, "rshape_fill": "none", "rshape_fill_opacity": 0.3, "rshape_stroke": "yellow", "rshape_stroke_width": 2, "show_region_shape": true, "show_image_policy": "all"}, "image": {"region_label": "__via_region_id__", "region_color": "__via_default_region_color__", "region_label_font": "10px Sans", "on_image_annotation_editor_placement": "NEAR_REGION"}}, "core": {"buffer_size": 18, "filepath": {}, "default_filepath": ""}, "project": {"name": "Columbia_2019_gcp"}}, "_via_img_metadata": {"https://drive.google.com/uc?export=view&id=1hNKn78kPz8z_YjqopKnCuT9nnMGiMewl\n": {"filename": "https://drive.google.com/uc?export=view&id=1hNKn78kPz8z_YjqopKnCuT9nnMGiMewl\n", "size": -1, "regions": [{"shape_attributes": {"name": "rect", "x": 386, "y": 117, "width": 17, "height": 17}, "region_attributes": {"Intersection": "4"}}, {"shape_attributes": {"name": "rect", "x": 604, "y": 119, "width": 15, "height": 13}, "region_attributes": {"Intersection": "2"}}, {"shape_attributes": {"name": "rect", "x": 383, "y": 340, "width": 21, "height": 17}, "region_attributes": {"Intersection": "3"}}, {"shape_attributes": {"name": "rect", "x": 599, "y": 337, "width": 20, "height": 20}, "region_attributes": {"Intersection": "1"}}], "file_attributes": {"neighborhood": "Columbia"}}, "https://drive.google.com/uc?export=view&id=1heYWnktW26FfL2gUz54b-lySXms-z4kB\n": {"filename": "https://drive.google.com/uc?export=view&id=1heYWnktW26FfL2gUz54b-lySXms-z4kB\n", "size": -1, "regions": [{"shape_attributes": {"name": "rect", "x": 418, "y": 113, "width": 17, "height": 17}, "region_attributes": {"Intersection": "4"}}, {"shape_attributes": {"name": "rect", "x": 635, "y": 114, "width": 15, "height": 13}, "region_attributes": {"Intersection": "2"}}, {"shape_attributes": {"name": "rect", "x": 416, "y": 335, "width": 15, "height": 17}, "region_attributes": {"Intersection": "3"}}, {"shape_attributes": {"name": "rect", "x": 630, "y": 333, "width": 20, "height": 20}, "region_attributes": {"Intersection": "1"}}], "file_attributes": {"neighborhood": "Columbia"}}, "https://drive.google.com/uc?export=view&id=1XpI8PeRFmU26Ygt9dipbc3LPH4b7BtA3\n": {"filename": "https://drive.google.com/uc?export=view&id=1XpI8PeRFmU26Ygt9dipbc3LPH4b7BtA3\n", "size": -1, "regions": [{"shape_attributes": {"name": "rect", "x": 412, "y": 112, "width": 17, "height": 17}, "region_attributes": {"Intersection": "4"}}, {"shape_attributes": {"name": "rect", "x": 629, "y": 113, "width": 15, "height": 13}, "region_attributes": {"Intersection": "2"}}, {"shape_attributes": {"name": "rect", "x": 410, "y": 336, "width": 19, "height": 17}, "region_attributes": {"Intersection": "3"}}, {"shape_attributes": {"name": "rect", "x": 626, "y": 333, "width": 20, "height": 20}, "region_attributes": {"Intersection": "1"}}], "file_attributes": {"neighborhood": "Columbia"}}, "https://drive.google.com/uc?export=view&id=1guJmSiEXStPv9zD9HhWCgTCMm1L2jzFu\n": {"filename": "https://drive.google.com/uc?export=view&id=1guJmSiEXStPv9zD9HhWCgTCMm1L2jzFu\n", "size": -1, "regions": [{"shape_attributes": {"name": "rect", "x": 421, "y": 120, "width": 17, "height": 17}, "region_attributes": {"Intersection": "4"}}, {"shape_attributes": {"name": "rect", "x": 639, "y": 118, "width": 15, "height": 13}, "region_attributes": {"Intersection": "2"}}, {"shape_attributes": {"name": "rect", "x": 417, "y": 340, "width": 19, "height": 17}, "region_attributes": {"Intersection": "3"}}, {"shape_attributes": {"name": "rect", "x": 634, "y": 337, "width": 20, "height": 20}, "region_attributes": {"Intersection": "1"}}], "file_attributes": {"neighborhood": "Columbia"}}, "https://drive.google.com/uc?export=view&id=1P0bGvWDoSUTBSfOi2tSrxZ9rBiUXSaoj\n": {"filename": "https://drive.google.com/uc?export=view&id=1P0bGvWDoSUTBSfOi2tSrxZ9rBiUXSaoj\n", "size": -1, "regions": [{"shape_attributes": {"name": "rect", "x": 414, "y": 119, "width": 17, "height": 17}, "region_attributes": {"Intersection": "4"}}, {"shape_attributes": {"name": "rect", "x": 631, "y": 119, "width": 15, "height": 13}, "region_attributes": {"Intersection": "2"}}, {"shape_attributes": {"name": "rect", "x": 411, "y": 342, "width": 18, "height": 17}, "region_attributes": {"Intersection": "3"}}, {"shape_attributes": {"name": "rect", "x": 628, "y": 338, "width": 20, "height": 20}, "region_attributes": {"Intersection": "1"}}], "file_attributes": {"neighborhood": "Columbia"}}, "https://drive.google.com/uc?export=view&id=1-5m1Vz95cfW9oB7r0RYWNOdVXCQplv89\n": {"filename": "https://drive.google.com/uc?export=view&id=1-5m1Vz95cfW9oB7r0RYWNOdVXCQplv89\n", "size": -1, "regions": [{"shape_attributes": {"name": "rect", "x": 447, "y": 100, "width": 17, "height": 15}, "region_attributes": {"Intersection": "4"}}, {"shape_attributes": {"name": "rect", "x": 665, "y": 96, "width": 15, "height": 13}, "region_attributes": {"Intersection": "2"}}, {"shape_attributes": {"name": "rect", "x": 445, "y": 319, "width": 20, "height": 23}, "region_attributes": {"Intersection": "3"}}, {"shape_attributes": {"name": "rect", "x": 663, "y": 316, "width": 17, "height": 20}, "region_attributes": {"Intersection": "1"}}], "file_attributes": {"neighborhood": "Columbia"}}, "https://drive.google.com/uc?export=view&id=1ebZUdRpZ3SR9v_VX8UUake8e1Oj7i_r7\n": {"filename": "https://drive.google.com/uc?export=view&id=1ebZUdRpZ3SR9v_VX8UUake8e1Oj7i_r7\n", "size": -1, "regions": [{"shape_attributes": {"name": "rect", "x": 416, "y": 120, "width": 17, "height": 17}, "region_attributes": {"Intersection": "4"}}, {"shape_attributes": {"name": "rect", "x": 634, "y": 120, "width": 15, "height": 13}, "region_attributes": {"Intersection": "2"}}, {"shape_attributes": {"name": "rect", "x": 413, "y": 343, "width": 19, "height": 17}, "region_attributes": {"Intersection": "3"}}, {"shape_attributes": {"name": "rect", "x": 630, "y": 340, "width": 20, "height": 20}, "region_attributes": {"Intersection": "1"}}], "file_attributes": {"neighborhood": "Columbia"}}, "https://drive.google.com/uc?export=view&id=1CTYZ_s_r_etK4gDa0kj8EyzWuk_N9EOi\n": {"filename": "https://drive.google.com/uc?export=view&id=1CTYZ_s_r_etK4gDa0kj8EyzWuk_N9EOi\n", "size": -1, "regions": [{"shape_attributes": {"name": "rect", "x": 412, "y": 132, "width": 17, "height": 17}, "region_attributes": {"Intersection": "4"}}, {"shape_attributes": {"name": "rect", "x": 621, "y": 136, "width": 15, "height": 13}, "region_attributes": {"Intersection": "2"}}, {"shape_attributes": {"name": "rect", "x": 410, "y": 347, "width": 19, "height": 17}, "region_attributes": {"Intersection": "3"}}, {"shape_attributes": {"name": "rect", "x": 617, "y": 347, "width": 20, "height": 20}, "region_attributes": {"Intersection": "1"}}], "file_attributes": {"neighborhood": "Columbia"}}, "https://drive.google.com/uc?export=view&id=1U6euNeHwiffTJacs57DYrKfwv8jTsmhL\n": {"filename": "https://drive.google.com/uc?export=view&id=1U6euNeHwiffTJacs57DYrKfwv8jTsmhL\n", "size": -1, "regions": [{"shape_attributes": {"name": "rect", "x": 409, "y": 112, "width": 17, "height": 17}, "region_attributes": {"Intersection": "4"}}, {"shape_attributes": {"name": "rect", "x": 626, "y": 115, "width": 15, "height": 12}, "region_attributes": {"Intersection": "2"}}, {"shape_attributes": {"name": "rect", "x": 404, "y": 336, "width": 16, "height": 17}, "region_attributes": {"Intersection": "3"}}, {"shape_attributes": {"name": "rect", "x": 621, "y": 335, "width": 20, "height": 20}, "region_attributes": {"Intersection": "1"}}], "file_attributes": {"neighborhood": "Columbia"}}, "https://drive.google.com/uc?export=view&id=1NBVXHlNf4Ge0f01CdGXgVAQsfUbEKWt_\n": {"filename": "https://drive.google.com/uc?export=view&id=1NBVXHlNf4Ge0f01CdGXgVAQsfUbEKWt_\n", "size": -1, "regions": [{"shape_attributes": {"name": "rect", "x": 416, "y": 111, "width": 17, "height": 17}, "region_attributes": {"Intersection": "4"}}, {"shape_attributes": {"name": "rect", "x": 632, "y": 113, "width": 15, "height": 13}, "region_attributes": {"Intersection": "2"}}, {"shape_attributes": {"name": "rect", "x": 413, "y": 332, "width": 19, "height": 17}, "region_attributes": {"Intersection": "3"}}, {"shape_attributes": {"name": "rect", "x": 629, "y": 331, "width": 20, "height": 20}, "region_attributes": {"Intersection": "1"}}], "file_attributes": {"neighborhood": "Columbia"}}, "https://drive.google.com/uc?export=view&id=1xErSRvVVeSgknZRa-VSHzt6gs676QqKn\n": {"filename": "https://drive.google.com/uc?export=view&id=1xErSRvVVeSgknZRa-VSHzt6gs676QqKn\n", "size": -1, "regions": [{"shape_attributes": {"name": "rect", "x": 419, "y": 125, "width": 17, "height": 17}, "region_attributes": {"Intersection": "4"}}, {"shape_attributes": {"name": "rect", "x": 635, "y": 125, "width": 15, "height": 13}, "region_attributes": {"Intersection": "2"}}, {"shape_attributes": {"name": "rect", "x": 417, "y": 344, "width": 19, "height": 17}, "region_attributes": {"Intersection": "3"}}, {"shape_attributes": {"name": "rect", "x": 634, "y": 343, "width": 20, "height": 20}, "region_attributes": {"Intersection": "1"}}], "file_attributes": {"neighborhood": "Columbia"}}}, "_via_attributes": {"region": {"Intersection": {"type": "dropdown", "description": "", "options": {"1": "State_Broadway", "2": "State_A", "3": "Ketner_Broadway", "4": "Ketner_A"}, "default_options": {}}}, "file": {"neighborhood": {"type": "text", "description": "", "default_value": "Columbia"}}}, "_via_data_format_version": "2.0.10", "_via_image_id_list": ["https://drive.google.com/uc?export=view&id=1hNKn78kPz8z_YjqopKnCuT9nnMGiMewl\n", "https://drive.google.com/uc?export=view&id=1heYWnktW26FfL2gUz54b-lySXms-z4kB\n", "https://drive.google.com/uc?export=view&id=1XpI8PeRFmU26Ygt9dipbc3LPH4b7BtA3\n", "https://drive.google.com/uc?export=view&id=1guJmSiEXStPv9zD9HhWCgTCMm1L2jzFu\n", "https://drive.google.com/uc?export=view&id=1P0bGvWDoSUTBSfOi2tSrxZ9rBiUXSaoj\n", "https://drive.google.com/uc?export=view&id=1-5m1Vz95cfW9oB7r0RYWNOdVXCQplv89\n", "https://drive.google.com/uc?export=view&id=1ebZUdRpZ3SR9v_VX8UUake8e1Oj7i_r7\n", "https://drive.google.com/uc?export=view&id=1CTYZ_s_r_etK4gDa0kj8EyzWuk_N9EOi\n", "https://drive.google.com/uc?export=view&id=1U6euNeHwiffTJacs57DYrKfwv8jTsmhL\n", "https://drive.google.com/uc?export=view&id=1NBVXHlNf4Ge0f01CdGXgVAQsfUbEKWt_\n", "https://drive.google.com/uc?export=view&id=1xErSRvVVeSgknZRa-VSHzt6gs676QqKn\n"]}