{"_via_settings": {"ui": {"annotation_editor_height": 25, "annotation_editor_fontsize": 0.8, "leftsidebar_width": 18, "image_grid": {"img_height": 80, "rshape_fill": "none", "rshape_fill_opacity": 0.3, "rshape_stroke": "yellow", "rshape_stroke_width": 2, "show_region_shape": true, "show_image_policy": "all"}, "image": {"region_label": "__via_region_id__", "region_color": "__via_default_region_color__", "region_label_font": "10px Sans", "on_image_annotation_editor_placement": "NEAR_REGION"}}, "core": {"buffer_size": 18, "filepath": {}, "default_filepath": ""}, "project": {"name": "Columbia_2022_gcp"}}, "_via_img_metadata": {"https://drive.google.com/uc?export=view&id=12xgzo05bPEMmcr-0MFAiFE86s6rOtoJP\n": {"filename": "https://drive.google.com/uc?export=view&id=12xgzo05bPEMmcr-0MFAiFE86s6rOtoJP\n", "size": -1, "regions": [{"shape_attributes": {"name": "rect", "x": 422, "y": 106, "width": 16, "height": 13}, "region_attributes": {"Intersection": "4"}}, {"shape_attributes": {"name": "rect", "x": 417, "y": 337, "width": 21, "height": 23}, "region_attributes": {"Intersection": "3"}}, {"shape_attributes": {"name": "rect", "x": 649, "y": 339, "width": 21, "height": 23}, "region_attributes": {"Intersection": "1"}}, {"shape_attributes": {"name": "rect", "x": 652, "y": 106, "width": 18, "height": 15}, "region_attributes": {"Intersection": "2"}}], "file_attributes": {"neighborhood": "Columbia"}}, "https://drive.google.com/uc?export=view&id=1kbs9tKp_DnRtg8NzNhTMaPj7H0n_NJLx\n": {"filename": "https://drive.google.com/uc?export=view&id=1kbs9tKp_DnRtg8NzNhTMaPj7H0n_NJLx\n", "size": -1, "regions": [{"shape_attributes": {"name": "rect", "x": 414, "y": 105, "width": 16, "height": 13}, "region_attributes": {"Intersection": "4"}}, {"shape_attributes": {"name": "rect", "x": 413, "y": 337, "width": 21, "height": 23}, "region_attributes": {"Intersection": "3"}}, {"shape_attributes": {"name": "rect", "x": 644, "y": 335, "width": 21, "height": 23}, "region_attributes": {"Intersection": "1"}}, {"shape_attributes": {"name": "rect", "x": 643, "y": 100, "width": 18, "height": 15}, "region_attributes": {"Intersection": "2"}}], "file_attributes": {"neighborhood": "Columbia"}}, "https://drive.google.com/uc?export=view&id=1L8_xGqJ3fQBN4SXvcPEF4AFiZPdfRU9p\n": {"filename": "https://drive.google.com/uc?export=view&id=1L8_xGqJ3fQBN4SXvcPEF4AFiZPdfRU9p\n", "size": -1, "regions": [{"shape_attributes": {"name": "rect", "x": 414, "y": 118, "width": 16, "height": 13}, "region_attributes": {"Intersection": "4"}}, {"shape_attributes": {"name": "rect", "x": 413, "y": 334, "width": 21, "height": 23}, "region_attributes": {"Intersection": "3"}}, {"shape_attributes": {"name": "rect", "x": 628, "y": 333, "width": 21, "height": 23}, "region_attributes": {"Intersection": "1"}}, {"shape_attributes": {"name": "rect", "x": 629, "y": 117, "width": 18, "height": 15}, "region_attributes": {"Intersection": "2"}}], "file_attributes": {"neighborhood": "Columbia"}}, "https://drive.google.com/uc?export=view&id=1992xIeDr6Iz4_JbmbPMYx2hrj09tbJWc\n": {"filename": "https://drive.google.com/uc?export=view&id=1992xIeDr6Iz4_JbmbPMYx2hrj09tbJWc\n", "size": -1, "regions": [{"shape_attributes": {"name": "rect", "x": 415, "y": 120, "width": 16, "height": 13}, "region_attributes": {"Intersection": "4"}}, {"shape_attributes": {"name": "rect", "x": 412, "y": 333, "width": 21, "height": 23}, "region_attributes": {"Intersection": "3"}}, {"shape_attributes": {"name": "rect", "x": 621, "y": 332, "width": 21, "height": 23}, "region_attributes": {"Intersection": "1"}}, {"shape_attributes": {"name": "rect", "x": 621, "y": 121, "width": 18, "height": 15}, "region_attributes": {"Intersection": "2"}}], "file_attributes": {"neighborhood": "Columbia"}}, "https://drive.google.com/uc?export=view&id=1Aha-nSDs4PaLlzNY5FpqoVk75YNx4O4L\n": {"filename": "https://drive.google.com/uc?export=view&id=1Aha-nSDs4PaLlzNY5FpqoVk75YNx4O4L\n", "size": -1, "regions": [{"shape_attributes": {"name": "rect", "x": 415, "y": 121, "width": 16, "height": 13}, "region_attributes": {"Intersection": "4"}}, {"shape_attributes": {"name": "rect", "x": 413, "y": 337, "width": 21, "height": 23}, "region_attributes": {"Intersection": "3"}}, {"shape_attributes": {"name": "rect", "x": 629, "y": 337, "width": 21, "height": 23}, "region_attributes": {"Intersection": "1"}}, {"shape_attributes": {"name": "rect", "x": 631, "y": 122, "width": 18, "height": 15}, "region_attributes": {"Intersection": "2"}}], "file_attributes": {"neighborhood": "Columbia"}}, "https://drive.google.com/uc?export=view&id=14TC9eKafp9urJCWqbYstOT12IHHR9S4y\n": {"filename": "https://drive.google.com/uc?export=view&id=14TC9eKafp9urJCWqbYstOT12IHHR9S4y\n", "size": -1, "regions": [{"shape_attributes": {"name": "rect", "x": 414, "y": 118, "width": 16, "height": 13}, "region_attributes": {"Intersection": "4"}}, {"shape_attributes": {"name": "rect", "x": 415, "y": 337, "width": 15, "height": 23}, "region_attributes": {"Intersection": "3"}}, {"shape_attributes": {"name": "rect", "x": 630, "y": 334, "width": 19, "height": 23}, "region_attributes": {"Intersection": "1"}}, {"shape_attributes": {"name": "rect", "x": 628, "y": 115, "width": 18, "height": 15}, "region_attributes": {"Intersection": "2"}}], "file_attributes": {"neighborhood": "Columbia"}}, "https://drive.google.com/uc?export=view&id=1SA4OWaWMnQXBYICf6Njf6ej42a5o-ofk\n": {"filename": "https://drive.google.com/uc?export=view&id=1SA4OWaWMnQXBYICf6Njf6ej42a5o-ofk\n", "size": -1, "regions": [{"shape_attributes": {"name": "rect", "x": 415, "y": 116, "width": 16, "height": 13}, "region_attributes": {"Intersection": "4"}}, {"shape_attributes": {"name": "rect", "x": 412, "y": 334, "width": 19, "height": 23}, "region_attributes": {"Intersection": "3"}}, {"shape_attributes": {"name": "rect", "x": 627, "y": 334, "width": 18, "height": 23}, "region_attributes": {"Intersection": "1"}}, {"shape_attributes": {"name": "rect", "x": 627, "y": 116, "width": 18, "height": 15}, "region_attributes": {"Intersection": "2"}}], "file_attributes": {"neighborhood": "Columbia"}}, "https://drive.google.com/uc?export=view&id=13Je-_TyQWnLgyL00FxAb9lidW7MXBHm2\n": {"filename": "https://drive.google.com/uc?export=view&id=13Je-_TyQWnLgyL00FxAb9lidW7MXBHm2\n", "size": -1, "regions": [{"shape_attributes": {"name": "rect", "x": 416, "y": 112, "width": 16, "height": 13}, "region_attributes": {"Intersection": "4"}}, {"shape_attributes": {"name": "rect", "x": 415, "y": 332, "width": 15, "height": 19}, "region_attributes": {"Intersection": "3"}}, {"shape_attributes": {"name": "rect", "x": 631, "y": 330, "width": 16, "height": 21}, "region_attributes": {"Intersection": "1"}}, {"shape_attributes": {"name": "rect", "x": 630, "y": 111, "width": 18, "height": 15}, "region_attributes": {"Intersection": "2"}}], "file_attributes": {"neighborhood": "Columbia"}}, "https://drive.google.com/uc?export=view&id=1_43cswrv_720AiCAfmFTj0HgShwyFbwD\n": {"filename": "https://drive.google.com/uc?export=view&id=1_43cswrv_720AiCAfmFTj0HgShwyFbwD\n", "size": -1, "regions": [{"shape_attributes": {"name": "rect", "x": 417, "y": 121, "width": 16, "height": 13}, "region_attributes": {"Intersection": "4"}}, {"shape_attributes": {"name": "rect", "x": 415, "y": 339, "width": 20, "height": 22}, "region_attributes": {"Intersection": "3"}}, {"shape_attributes": {"name": "rect", "x": 632, "y": 340, "width": 17, "height": 20}, "region_attributes": {"Intersection": "1"}}, {"shape_attributes": {"name": "rect", "x": 630, "y": 121, "width": 18, "height": 13}, "region_attributes": {"Intersection": "2"}}], "file_attributes": {"neighborhood": "Columbia"}}, "https://drive.google.com/uc?export=view&id=15DJzhLMSWYnJW4mpPCAjoRB5jTPBp1qY\n": {"filename": "https://drive.google.com/uc?export=view&id=15DJzhLMSWYnJW4mpPCAjoRB5jTPBp1qY\n", "size": -1, "regions": [{"shape_attributes": {"name": "rect", "x": 414, "y": 116, "width": 16, "height": 13}, "region_attributes": {"Intersection": "4"}}, {"shape_attributes": {"name": "rect", "x": 413, "y": 337, "width": 16, "height": 19}, "region_attributes": {"Intersection": "3"}}, {"shape_attributes": {"name": "rect", "x": 628, "y": 333, "width": 17, "height": 21}, "region_attributes": {"Intersection": "1"}}, {"shape_attributes": {"name": "rect", "x": 626, "y": 115, "width": 18, "height": 15}, "region_attributes": {"Intersection": "2"}}], "file_attributes": {"neighborhood": "Columbia"}}, "https://drive.google.com/uc?export=view&id=1dqnu1felW8hJJRSoMp_KRTrDDWLauYqp\n": {"filename": "https://drive.google.com/uc?export=view&id=1dqnu1felW8hJJRSoMp_KRTrDDWLauYqp\n", "size": -1, "regions": [{"shape_attributes": {"name": "rect", "x": 414, "y": 118, "width": 16, "height": 13}, "region_attributes": {"Intersection": "4"}}, {"shape_attributes": {"name": "rect", "x": 413, "y": 337, "width": 18, "height": 19}, "region_attributes": {"Intersection": "3"}}, {"shape_attributes": {"name": "rect", "x": 629, "y": 335, "width": 17, "height": 21}, "region_attributes": {"Intersection": "1"}}, {"shape_attributes": {"name": "rect", "x": 627, "y": 117, "width": 18, "height": 15}, "region_attributes": {"Intersection": "2"}}], "file_attributes": {"neighborhood": "Columbia"}}, "https://drive.google.com/uc?export=view&id=18cb76MUM8c-HRpLaDt9jCZf2jGYhBb7c\n": {"filename": "https://drive.google.com/uc?export=view&id=18cb76MUM8c-HRpLaDt9jCZf2jGYhBb7c\n", "size": -1, "regions": [{"shape_attributes": {"name": "rect", "x": 415, "y": 119, "width": 16, "height": 13}, "region_attributes": {"Intersection": "4"}}, {"shape_attributes": {"name": "rect", "x": 413, "y": 337, "width": 18, "height": 21}, "region_attributes": {"Intersection": "3"}}, {"shape_attributes": {"name": "rect", "x": 628, "y": 338, "width": 19, "height": 21}, "region_attributes": {"Intersection": "1"}}, {"shape_attributes": {"name": "rect", "x": 628, "y": 119, "width": 18, "height": 15}, "region_attributes": {"Intersection": "2"}}], "file_attributes": {"neighborhood": "Columbia"}}}, "_via_attributes": {"region": {"Intersection": {"type": "dropdown", "description": "", "options": {"1": "State_Broadway", "2": "State_A", "3": "Ketner_Broadway", "4": "Ketner_A"}, "default_options": {}}}, "file": {"neighborhood": {"type": "text", "description": "", "default_value": "Columbia"}}}, "_via_data_format_version": "2.0.10", "_via_image_id_list": ["https://drive.google.com/uc?export=view&id=12xgzo05bPEMmcr-0MFAiFE86s6rOtoJP\n", "https://drive.google.com/uc?export=view&id=1kbs9tKp_DnRtg8NzNhTMaPj7H0n_NJLx\n", "https://drive.google.com/uc?export=view&id=1L8_xGqJ3fQBN4SXvcPEF4AFiZPdfRU9p\n", "https://drive.google.com/uc?export=view&id=1992xIeDr6Iz4_JbmbPMYx2hrj09tbJWc\n", "https://drive.google.com/uc?export=view&id=1Aha-nSDs4PaLlzNY5FpqoVk75YNx4O4L\n", "https://drive.google.com/uc?export=view&id=14TC9eKafp9urJCWqbYstOT12IHHR9S4y\n", "https://drive.google.com/uc?export=view&id=1SA4OWaWMnQXBYICf6Njf6ej42a5o-ofk\n", "https://drive.google.com/uc?export=view&id=13Je-_TyQWnLgyL00FxAb9lidW7MXBHm2\n", "https://drive.google.com/uc?export=view&id=1_43cswrv_720AiCAfmFTj0HgShwyFbwD\n", "https://drive.google.com/uc?export=view&id=15DJzhLMSWYnJW4mpPCAjoRB5jTPBp1qY\n", "https://drive.google.com/uc?export=view&id=1dqnu1felW8hJJRSoMp_KRTrDDWLauYqp\n", "https://drive.google.com/uc?export=view&id=18cb76MUM8c-HRpLaDt9jCZf2jGYhBb7c\n"]}