{"_via_settings":{"ui":{"annotation_editor_height":25,"annotation_editor_fontsize":0.8,"leftsidebar_width":18,"image_grid":{"img_height":80,"rshape_fill":"none","rshape_fill_opacity":0.3,"rshape_stroke":"yellow","rshape_stroke_width":2,"show_region_shape":true,"show_image_policy":"all"},"image":{"region_label":"__via_region_id__","region_color":"__via_default_region_color__","region_label_font":"10px Sans","on_image_annotation_editor_placement":"NEAR_REGION"}},"core":{"buffer_size":18,"filepath":{},"default_filepath":""},"project":{"name":"Cortez_2018_gcp_raw"}},"_via_img_metadata":{"https://drive.google.com/uc?export=view&id=1UHIkMcBq3vFQCuvQ_kf1uOrhTj0H_WfF\n":{"filename":"https://drive.google.com/uc?export=view&id=1UHIkMcBq3vFQCuvQ_kf1uOrhTj0H_WfF\n","size":-1,"regions":[{"shape_attributes":{"name":"rect","x":3516,"y":1149,"width":70,"height":90},"region_attributes":{"Intersection":"1"}},{"shape_attributes":{"name":"rect","x":3511,"y":1918,"width":75,"height":85},"region_attributes":{"Intersection":"2"}},{"shape_attributes":{"name":"rect","x":1398,"y":1918,"width":90,"height":90},"region_attributes":{"Intersection":"4"}},{"shape_attributes":{"name":"rect","x":1408,"y":1144,"width":80,"height":100},"region_attributes":{"Intersection":"3"}}],"file_attributes":{}},"https://drive.google.com/uc?export=view&id=1uRQ9L1RuMBESzZ60rCVYJHOlgPWpuw1g\n":{"filename":"https://drive.google.com/uc?export=view&id=1uRQ9L1RuMBESzZ60rCVYJHOlgPWpuw1g\n","size":-1,"regions":[{"shape_attributes":{"name":"rect","x":3576,"y":1154,"width":70,"height":90},"region_attributes":{"Intersection":"1"}},{"shape_attributes":{"name":"rect","x":3571,"y":1938,"width":75,"height":85},"region_attributes":{"Intersection":"2"}},{"shape_attributes":{"name":"rect","x":1453,"y":1953,"width":90,"height":90},"region_attributes":{"Intersection":"4"}},{"shape_attributes":{"name":"rect","x":1453,"y":1164,"width":80,"height":100},"region_attributes":{"Intersection":"3"}}],"file_attributes":{}},"https://drive.google.com/uc?export=view&id=1hPfag7yeJAbr-Wje4oEjaeDv-PtZ1qYf\n":{"filename":"https://drive.google.com/uc?export=view&id=1hPfag7yeJAbr-Wje4oEjaeDv-PtZ1qYf\n","size":-1,"regions":[{"shape_attributes":{"name":"rect","x":3516,"y":1089,"width":70,"height":90},"region_attributes":{"Intersection":"1"}},{"shape_attributes":{"name":"rect","x":3511,"y":1858,"width":75,"height":85},"region_attributes":{"Intersection":"2"}},{"shape_attributes":{"name":"rect","x":1388,"y":1878,"width":90,"height":90},"region_attributes":{"Intersection":"4"}},{"shape_attributes":{"name":"rect","x":1398,"y":1089,"width":80,"height":110},"region_attributes":{"Intersection":"3"}}],"file_attributes":{}},"https://drive.google.com/uc?export=view&id=1bvDAX_2fOM7UGOLsrF_KCyf_3OXg5OmH\n":{"filename":"https://drive.google.com/uc?export=view&id=1bvDAX_2fOM7UGOLsrF_KCyf_3OXg5OmH\n","size":-1,"regions":[{"shape_attributes":{"name":"rect","x":3536,"y":1134,"width":70,"height":90},"region_attributes":{"Intersection":"1"}},{"shape_attributes":{"name":"rect","x":3531,"y":1913,"width":75,"height":70},"region_attributes":{"Intersection":"2"}},{"shape_attributes":{"name":"rect","x":1418,"y":1913,"width":90,"height":90},"region_attributes":{"Intersection":"4"}},{"shape_attributes":{"name":"rect","x":1428,"y":1134,"width":80,"height":100},"region_attributes":{"Intersection":"3"}}],"file_attributes":{}},"https://drive.google.com/uc?export=view&id=1UyXsWwAw3maBtM4Lmielly_r-NZpR8fN\n":{"filename":"https://drive.google.com/uc?export=view&id=1UyXsWwAw3maBtM4Lmielly_r-NZpR8fN\n","size":-1,"regions":[{"shape_attributes":{"name":"rect","x":3576,"y":1189,"width":70,"height":90},"region_attributes":{"Intersection":"1"}},{"shape_attributes":{"name":"rect","x":3571,"y":1968,"width":75,"height":85},"region_attributes":{"Intersection":"2"}},{"shape_attributes":{"name":"rect","x":1453,"y":1968,"width":90,"height":90},"region_attributes":{"Intersection":"4"}},{"shape_attributes":{"name":"rect","x":1453,"y":1179,"width":80,"height":100},"region_attributes":{"Intersection":"3"}}],"file_attributes":{}}},"_via_attributes":{"region":{"Intersection":{"type":"dropdown","description":"","options":{"1":"9th_Cedar","2":"9th_Ash","3":"1st_Cedar","4":"1st_Ash"},"default_options":{}}},"file":{"neighborhood":{"type":"text","description":"","default_value":"Cortez"}}},"_via_data_format_version":"2.0.10","_via_image_id_list":["https://drive.google.com/uc?export=view&id=1UHIkMcBq3vFQCuvQ_kf1uOrhTj0H_WfF\n","https://drive.google.com/uc?export=view&id=1uRQ9L1RuMBESzZ60rCVYJHOlgPWpuw1g\n","https://drive.google.com/uc?export=view&id=1hPfag7yeJAbr-Wje4oEjaeDv-PtZ1qYf\n","https://drive.google.com/uc?export=view&id=1bvDAX_2fOM7UGOLsrF_KCyf_3OXg5OmH\n","https://drive.google.com/uc?export=view&id=1UyXsWwAw3maBtM4Lmielly_r-NZpR8fN\n"]}