{"_via_settings": {"ui": {"annotation_editor_height": 25, "annotation_editor_fontsize": 0.8, "leftsidebar_width": 18, "image_grid": {"img_height": 80, "rshape_fill": "none", "rshape_fill_opacity": 0.3, "rshape_stroke": "yellow", "rshape_stroke_width": 2, "show_region_shape": true, "show_image_policy": "all"}, "image": {"region_label": "__via_region_id__", "region_color": "__via_default_region_color__", "region_label_font": "10px Sans", "on_image_annotation_editor_placement": "NEAR_REGION"}}, "core": {"buffer_size": 18, "filepath": {}, "default_filepath": ""}, "project": {"name": "East Village_2020_gcp"}}, "_via_img_metadata": {"https://drive.google.com/uc?export=view&id=18q86Dlz0PDofx2_r8Fh3UN7yE5cWGZd-\n": {"filename": "https://drive.google.com/uc?export=view&id=18q86Dlz0PDofx2_r8Fh3UN7yE5cWGZd-\n", "size": -1, "regions": [{"shape_attributes": {"name": "rect", "x": 137, "y": 475, "width": 12, "height": 13}, "region_attributes": {"Intersection": "1"}}, {"shape_attributes": {"name": "rect", "x": 625, "y": 477, "width": 13, "height": 11}, "region_attributes": {"Intersection": "2"}}, {"shape_attributes": {"name": "rect", "x": 623, "y": 261, "width": 13, "height": 14}, "region_attributes": {"Intersection": "3"}}, {"shape_attributes": {"name": "rect", "x": 136, "y": 260, "width": 13, "height": 13}, "region_attributes": {"Intersection": "4"}}], "file_attributes": {"neighborhood": "East Village"}}, "https://drive.google.com/uc?export=view&id=1qKUg90iPjMaS8gfRQrBiXIfKq7RAbGkV\n": {"filename": "https://drive.google.com/uc?export=view&id=1qKUg90iPjMaS8gfRQrBiXIfKq7RAbGkV\n", "size": -1, "regions": [{"shape_attributes": {"name": "rect", "x": 125, "y": 474, "width": 12, "height": 13}, "region_attributes": {"Intersection": "1"}}, {"shape_attributes": {"name": "rect", "x": 616, "y": 474, "width": 13, "height": 11}, "region_attributes": {"Intersection": "2"}}, {"shape_attributes": {"name": "rect", "x": 616, "y": 259, "width": 13, "height": 14}, "region_attributes": {"Intersection": "3"}}, {"shape_attributes": {"name": "rect", "x": 123, "y": 259, "width": 13, "height": 13}, "region_attributes": {"Intersection": "4"}}], "file_attributes": {"neighborhood": "East Village"}}, "https://drive.google.com/uc?export=view&id=1S27xheT7IzTCnVEMMkQhDQuhQ2y4qJGs\n": {"filename": "https://drive.google.com/uc?export=view&id=1S27xheT7IzTCnVEMMkQhDQuhQ2y4qJGs\n", "size": -1, "regions": [{"shape_attributes": {"name": "rect", "x": 148, "y": 472, "width": 12, "height": 13}, "region_attributes": {"Intersection": "1"}}, {"shape_attributes": {"name": "rect", "x": 637, "y": 473, "width": 13, "height": 11}, "region_attributes": {"Intersection": "2"}}, {"shape_attributes": {"name": "rect", "x": 638, "y": 257, "width": 13, "height": 14}, "region_attributes": {"Intersection": "3"}}, {"shape_attributes": {"name": "rect", "x": 148, "y": 260, "width": 13, "height": 13}, "region_attributes": {"Intersection": "4"}}], "file_attributes": {"neighborhood": "East Village"}}, "https://drive.google.com/uc?export=view&id=14ovzd-93h0WYJKZ0yyo1O14P8N5yzK84\n": {"filename": "https://drive.google.com/uc?export=view&id=14ovzd-93h0WYJKZ0yyo1O14P8N5yzK84\n", "size": -1, "regions": [{"shape_attributes": {"name": "rect", "x": 122, "y": 469, "width": 12, "height": 13}, "region_attributes": {"Intersection": "1"}}, {"shape_attributes": {"name": "rect", "x": 599, "y": 471, "width": 13, "height": 11}, "region_attributes": {"Intersection": "2"}}, {"shape_attributes": {"name": "rect", "x": 599, "y": 261, "width": 13, "height": 14}, "region_attributes": {"Intersection": "3"}}, {"shape_attributes": {"name": "rect", "x": 122, "y": 261, "width": 13, "height": 13}, "region_attributes": {"Intersection": "4"}}], "file_attributes": {"neighborhood": "East Village"}}, "https://drive.google.com/uc?export=view&id=1jw6Heel-FKZ4YSefI_B2New5PWd1RWBB\n": {"filename": "https://drive.google.com/uc?export=view&id=1jw6Heel-FKZ4YSefI_B2New5PWd1RWBB\n", "size": -1, "regions": [{"shape_attributes": {"name": "rect", "x": 122, "y": 485, "width": 12, "height": 13}, "region_attributes": {"Intersection": "1"}}, {"shape_attributes": {"name": "rect", "x": 615, "y": 486, "width": 13, "height": 11}, "region_attributes": {"Intersection": "2"}}, {"shape_attributes": {"name": "rect", "x": 616, "y": 269, "width": 13, "height": 14}, "region_attributes": {"Intersection": "3"}}, {"shape_attributes": {"name": "rect", "x": 123, "y": 269, "width": 13, "height": 13}, "region_attributes": {"Intersection": "4"}}], "file_attributes": {"neighborhood": "East Village"}}, "https://drive.google.com/uc?export=view&id=1UkZaY2G1ecM6XkydV-Tg2952ICpkP9ZO\n": {"filename": "https://drive.google.com/uc?export=view&id=1UkZaY2G1ecM6XkydV-Tg2952ICpkP9ZO\n", "size": -1, "regions": [{"shape_attributes": {"name": "rect", "x": 128, "y": 488, "width": 12, "height": 13}, "region_attributes": {"Intersection": "1"}}, {"shape_attributes": {"name": "rect", "x": 618, "y": 488, "width": 13, "height": 11}, "region_attributes": {"Intersection": "2"}}, {"shape_attributes": {"name": "rect", "x": 619, "y": 272, "width": 13, "height": 14}, "region_attributes": {"Intersection": "3"}}, {"shape_attributes": {"name": "rect", "x": 128, "y": 273, "width": 13, "height": 13}, "region_attributes": {"Intersection": "4"}}], "file_attributes": {"neighborhood": "East Village"}}, "https://drive.google.com/uc?export=view&id=1irIUw_dNa0bHFzBhxVqCPh4U7ISpxC7j\n": {"filename": "https://drive.google.com/uc?export=view&id=1irIUw_dNa0bHFzBhxVqCPh4U7ISpxC7j\n", "size": -1, "regions": [{"shape_attributes": {"name": "rect", "x": 127, "y": 483, "width": 12, "height": 13}, "region_attributes": {"Intersection": "1"}}, {"shape_attributes": {"name": "rect", "x": 617, "y": 486, "width": 13, "height": 11}, "region_attributes": {"Intersection": "2"}}, {"shape_attributes": {"name": "rect", "x": 619, "y": 270, "width": 13, "height": 14}, "region_attributes": {"Intersection": "3"}}, {"shape_attributes": {"name": "rect", "x": 129, "y": 270, "width": 13, "height": 13}, "region_attributes": {"Intersection": "4"}}], "file_attributes": {"neighborhood": "East Village"}}, "https://drive.google.com/uc?export=view&id=1IW0F5qtMzp03xeK1ugJBUny-ivdZh98q\n": {"filename": "https://drive.google.com/uc?export=view&id=1IW0F5qtMzp03xeK1ugJBUny-ivdZh98q\n", "size": -1, "regions": [{"shape_attributes": {"name": "rect", "x": 114, "y": 474, "width": 12, "height": 13}, "region_attributes": {"Intersection": "1"}}, {"shape_attributes": {"name": "rect", "x": 606, "y": 474, "width": 13, "height": 11}, "region_attributes": {"Intersection": "2"}}, {"shape_attributes": {"name": "rect", "x": 609, "y": 257, "width": 13, "height": 14}, "region_attributes": {"Intersection": "3"}}, {"shape_attributes": {"name": "rect", "x": 115, "y": 260, "width": 13, "height": 13}, "region_attributes": {"Intersection": "4"}}], "file_attributes": {"neighborhood": "East Village"}}, "https://drive.google.com/uc?export=view&id=1OjHN8Y3Sq-6TDhPb-yoNZLxO7kKCSe48\n": {"filename": "https://drive.google.com/uc?export=view&id=1OjHN8Y3Sq-6TDhPb-yoNZLxO7kKCSe48\n", "size": -1, "regions": [{"shape_attributes": {"name": "rect", "x": 123, "y": 485, "width": 12, "height": 13}, "region_attributes": {"Intersection": "1"}}, {"shape_attributes": {"name": "rect", "x": 615, "y": 486, "width": 13, "height": 11}, "region_attributes": {"Intersection": "2"}}, {"shape_attributes": {"name": "rect", "x": 616, "y": 270, "width": 13, "height": 14}, "region_attributes": {"Intersection": "3"}}, {"shape_attributes": {"name": "rect", "x": 125, "y": 270, "width": 13, "height": 13}, "region_attributes": {"Intersection": "4"}}], "file_attributes": {"neighborhood": "East Village"}}, "https://drive.google.com/uc?export=view&id=1ZxcmgbSXcuf7j0P40jNKSfhRQP5uq5NN\n": {"filename": "https://drive.google.com/uc?export=view&id=1ZxcmgbSXcuf7j0P40jNKSfhRQP5uq5NN\n", "size": -1, "regions": [{"shape_attributes": {"name": "rect", "x": 120, "y": 485, "width": 12, "height": 13}, "region_attributes": {"Intersection": "1"}}, {"shape_attributes": {"name": "rect", "x": 611, "y": 484, "width": 13, "height": 11}, "region_attributes": {"Intersection": "2"}}, {"shape_attributes": {"name": "rect", "x": 612, "y": 269, "width": 13, "height": 14}, "region_attributes": {"Intersection": "3"}}, {"shape_attributes": {"name": "rect", "x": 118, "y": 271, "width": 13, "height": 13}, "region_attributes": {"Intersection": "4"}}], "file_attributes": {"neighborhood": "East Village"}}, "https://drive.google.com/uc?export=view&id=176jKcwppmVbzfLgh6TvgM9EmJdOJcNna\n": {"filename": "https://drive.google.com/uc?export=view&id=176jKcwppmVbzfLgh6TvgM9EmJdOJcNna\n", "size": -1, "regions": [{"shape_attributes": {"name": "rect", "x": 123, "y": 484, "width": 12, "height": 13}, "region_attributes": {"Intersection": "1"}}, {"shape_attributes": {"name": "rect", "x": 614, "y": 485, "width": 13, "height": 11}, "region_attributes": {"Intersection": "2"}}, {"shape_attributes": {"name": "rect", "x": 615, "y": 269, "width": 13, "height": 14}, "region_attributes": {"Intersection": "3"}}, {"shape_attributes": {"name": "rect", "x": 123, "y": 269, "width": 13, "height": 13}, "region_attributes": {"Intersection": "4"}}], "file_attributes": {"neighborhood": "East Village"}}, "https://drive.google.com/uc?export=view&id=1breARWx_qF7WYkesvJLWH2W05H1_xW14\n": {"filename": "https://drive.google.com/uc?export=view&id=1breARWx_qF7WYkesvJLWH2W05H1_xW14\n", "size": -1, "regions": [{"shape_attributes": {"name": "rect", "x": 82, "y": 482, "width": 12, "height": 13}, "region_attributes": {"Intersection": "1"}}, {"shape_attributes": {"name": "rect", "x": 608, "y": 481, "width": 13, "height": 11}, "region_attributes": {"Intersection": "2"}}, {"shape_attributes": {"name": "rect", "x": 608, "y": 250, "width": 13, "height": 14}, "region_attributes": {"Intersection": "3"}}, {"shape_attributes": {"name": "rect", "x": 83, "y": 255, "width": 13, "height": 13}, "region_attributes": {"Intersection": "4"}}], "file_attributes": {"neighborhood": "East Village"}}}, "_via_attributes": {"region": {"Intersection": {"type": "dropdown", "description": "", "options": {"1": "7th_Market", "2": "16th_Market", "3": "16th_E", "4": "7th_E"}, "default_options": {}}}, "file": {"neighborhood": {"type": "text", "description": "", "default_value": "East Village"}}}, "_via_data_format_version": "2.0.10", "_via_image_id_list": ["https://drive.google.com/uc?export=view&id=18q86Dlz0PDofx2_r8Fh3UN7yE5cWGZd-\n", "https://drive.google.com/uc?export=view&id=1qKUg90iPjMaS8gfRQrBiXIfKq7RAbGkV\n", "https://drive.google.com/uc?export=view&id=1S27xheT7IzTCnVEMMkQhDQuhQ2y4qJGs\n", "https://drive.google.com/uc?export=view&id=14ovzd-93h0WYJKZ0yyo1O14P8N5yzK84\n", "https://drive.google.com/uc?export=view&id=1jw6Heel-FKZ4YSefI_B2New5PWd1RWBB\n", "https://drive.google.com/uc?export=view&id=1UkZaY2G1ecM6XkydV-Tg2952ICpkP9ZO\n", "https://drive.google.com/uc?export=view&id=1irIUw_dNa0bHFzBhxVqCPh4U7ISpxC7j\n", "https://drive.google.com/uc?export=view&id=1IW0F5qtMzp03xeK1ugJBUny-ivdZh98q\n", "https://drive.google.com/uc?export=view&id=1OjHN8Y3Sq-6TDhPb-yoNZLxO7kKCSe48\n", "https://drive.google.com/uc?export=view&id=1ZxcmgbSXcuf7j0P40jNKSfhRQP5uq5NN\n", "https://drive.google.com/uc?export=view&id=176jKcwppmVbzfLgh6TvgM9EmJdOJcNna\n", "https://drive.google.com/uc?export=view&id=1breARWx_qF7WYkesvJLWH2W05H1_xW14\n"]}