{"_via_settings":{"ui":{"annotation_editor_height":25,"annotation_editor_fontsize":0.8,"leftsidebar_width":18,"image_grid":{"img_height":80,"rshape_fill":"none","rshape_fill_opacity":0.3,"rshape_stroke":"yellow","rshape_stroke_width":2,"show_region_shape":true,"show_image_policy":"all"},"image":{"region_label":"__via_region_id__","region_color":"__via_default_region_color__","region_label_font":"10px Sans","on_image_annotation_editor_placement":"NEAR_REGION"}},"core":{"buffer_size":18,"filepath":{},"default_filepath":""},"project":{"name":"Gaslamp_2018_gcp"}},"_via_img_metadata":{"https://drive.google.com/uc?export=view&id=1mynN4bHZGqjO2WD84Lo4ig9-4-atKWtR\n":{"filename":"https://drive.google.com/uc?export=view&id=1mynN4bHZGqjO2WD84Lo4ig9-4-atKWtR\n","size":-1,"regions":[{"shape_attributes":{"name":"rect","x":2646,"y":237,"width":81,"height":86},"region_attributes":{"Intersection":"4"}},{"shape_attributes":{"name":"rect","x":3604,"y":204,"width":97,"height":113},"region_attributes":{"Intersection":"2"}},{"shape_attributes":{"name":"rect","x":2620,"y":2275,"width":108,"height":91},"region_attributes":{"Intersection":"3"}},{"shape_attributes":{"name":"rect","x":3636,"y":2270,"width":91,"height":97},"region_attributes":{"Intersection":"1"}}],"file_attributes":{}},"https://drive.google.com/uc?export=view&id=1ddoVOfLgezIZ_bsM-rVGTVkMuVBDyn0O\n":{"filename":"https://drive.google.com/uc?export=view&id=1ddoVOfLgezIZ_bsM-rVGTVkMuVBDyn0O\n","size":-1,"regions":[{"shape_attributes":{"name":"rect","x":2684,"y":280,"width":81,"height":86},"region_attributes":{"Intersection":"4"}},{"shape_attributes":{"name":"rect","x":3658,"y":242,"width":97,"height":113},"region_attributes":{"Intersection":"2"}},{"shape_attributes":{"name":"rect","x":2663,"y":2297,"width":108,"height":91},"region_attributes":{"Intersection":"3"}},{"shape_attributes":{"name":"rect","x":3663,"y":2270,"width":91,"height":97},"region_attributes":{"Intersection":"1"}}],"file_attributes":{}},"https://drive.google.com/uc?export=view&id=1Qn2fzEbQ9PrqnvppJ_DSL3zlvSKGePTj\n":{"filename":"https://drive.google.com/uc?export=view&id=1Qn2fzEbQ9PrqnvppJ_DSL3zlvSKGePTj\n","size":-1,"regions":[{"shape_attributes":{"name":"rect","x":2646,"y":237,"width":81,"height":86},"region_attributes":{"Intersection":"4"}},{"shape_attributes":{"name":"rect","x":3604,"y":204,"width":97,"height":113},"region_attributes":{"Intersection":"2"}},{"shape_attributes":{"name":"rect","x":2620,"y":2275,"width":108,"height":91},"region_attributes":{"Intersection":"3"}},{"shape_attributes":{"name":"rect","x":3636,"y":2270,"width":91,"height":97},"region_attributes":{"Intersection":"1"}}],"file_attributes":{}},"https://drive.google.com/uc?export=view&id=1u7bRkvwf_JBg4uV-4qMESDSScKCt_mxa\n":{"filename":"https://drive.google.com/uc?export=view&id=1u7bRkvwf_JBg4uV-4qMESDSScKCt_mxa\n","size":-1,"regions":[{"shape_attributes":{"name":"rect","x":2646,"y":237,"width":81,"height":86},"region_attributes":{"Intersection":"4"}},{"shape_attributes":{"name":"rect","x":3604,"y":204,"width":97,"height":113},"region_attributes":{"Intersection":"2"}},{"shape_attributes":{"name":"rect","x":2620,"y":2275,"width":108,"height":91},"region_attributes":{"Intersection":"3"}},{"shape_attributes":{"name":"rect","x":3636,"y":2270,"width":91,"height":97},"region_attributes":{"Intersection":"1"}}],"file_attributes":{}},"https://drive.google.com/uc?export=view&id=1dZchBcYIokTOieX-4QsvZoHN2blXAwrf\n":{"filename":"https://drive.google.com/uc?export=view&id=1dZchBcYIokTOieX-4QsvZoHN2blXAwrf\n","size":-1,"regions":[{"shape_attributes":{"name":"rect","x":2684,"y":296,"width":81,"height":86},"region_attributes":{"Intersection":"4"}},{"shape_attributes":{"name":"rect","x":3663,"y":247,"width":97,"height":113},"region_attributes":{"Intersection":"2"}},{"shape_attributes":{"name":"rect","x":2658,"y":2318,"width":108,"height":91},"region_attributes":{"Intersection":"3"}},{"shape_attributes":{"name":"rect","x":3668,"y":2318,"width":91,"height":97},"region_attributes":{"Intersection":"1"}}],"file_attributes":{}}},"_via_attributes":{"region":{"Intersection":{"type":"dropdown","description":"","options":{"1":"6th_K","2":"6th_Broadway","3":"4th_K","4":"4th_Broadway"},"default_options":{}}},"file":{"neighborhood":{"type":"text","description":"","default_value":"Gaslamp"}}},"_via_data_format_version":"2.0.10","_via_image_id_list":["https://drive.google.com/uc?export=view&id=1mynN4bHZGqjO2WD84Lo4ig9-4-atKWtR\n","https://drive.google.com/uc?export=view&id=1ddoVOfLgezIZ_bsM-rVGTVkMuVBDyn0O\n","https://drive.google.com/uc?export=view&id=1Qn2fzEbQ9PrqnvppJ_DSL3zlvSKGePTj\n","https://drive.google.com/uc?export=view&id=1u7bRkvwf_JBg4uV-4qMESDSScKCt_mxa\n","https://drive.google.com/uc?export=view&id=1dZchBcYIokTOieX-4QsvZoHN2blXAwrf\n"]}