{"_via_settings": {"ui": {"annotation_editor_height": 25, "annotation_editor_fontsize": 0.8, "leftsidebar_width": 18, "image_grid": {"img_height": 80, "rshape_fill": "none", "rshape_fill_opacity": 0.3, "rshape_stroke": "yellow", "rshape_stroke_width": 2, "show_region_shape": true, "show_image_policy": "all"}, "image": {"region_label": "__via_region_id__", "region_color": "__via_default_region_color__", "region_label_font": "10px Sans", "on_image_annotation_editor_placement": "NEAR_REGION"}}, "core": {"buffer_size": 18, "filepath": {}, "default_filepath": ""}, "project": {"name": "Marina_2020_gcp"}}, "_via_img_metadata": {"https://drive.google.com/uc?export=view&id=1UD3Op4xNbhHwSnfK7Cj25n91gohY6TAL\n": {"filename": "https://drive.google.com/uc?export=view&id=1UD3Op4xNbhHwSnfK7Cj25n91gohY6TAL\n", "size": -1, "regions": [{"shape_attributes": {"name": "rect", "x": 173, "y": 167, "width": 15, "height": 14}, "region_attributes": {"Intersection": "2"}}, {"shape_attributes": {"name": "rect", "x": 172, "y": 234, "width": 15, "height": 14}, "region_attributes": {"Intersection": "1"}}, {"shape_attributes": {"name": "rect", "x": 588, "y": 164, "width": 16, "height": 15}, "region_attributes": {"Intersection": "4"}}, {"shape_attributes": {"name": "rect", "x": 589, "y": 441, "width": 14, "height": 13}, "region_attributes": {"Intersection": "3"}}], "file_attributes": {"neighborhood": "Marina"}}, "https://drive.google.com/uc?export=view&id=1JFEdT1InoKSVAD-6X5a9kQfV5mwCzMiQ\n": {"filename": "https://drive.google.com/uc?export=view&id=1JFEdT1InoKSVAD-6X5a9kQfV5mwCzMiQ\n", "size": -1, "regions": [{"shape_attributes": {"name": "rect", "x": 165, "y": 175, "width": 16, "height": 13}, "region_attributes": {"Intersection": "2"}}, {"shape_attributes": {"name": "rect", "x": 165, "y": 241, "width": 14, "height": 14}, "region_attributes": {"Intersection": "1"}}, {"shape_attributes": {"name": "rect", "x": 581, "y": 173, "width": 15, "height": 14}, "region_attributes": {"Intersection": "4"}}, {"shape_attributes": {"name": "rect", "x": 583, "y": 448, "width": 12, "height": 14}, "region_attributes": {"Intersection": "3"}}], "file_attributes": {"neighborhood": "Marina"}}, "https://drive.google.com/uc?export=view&id=1gOFPSCrJPSuriO_ve7kDBUTClY_d8b1G\n": {"filename": "https://drive.google.com/uc?export=view&id=1gOFPSCrJPSuriO_ve7kDBUTClY_d8b1G\n", "size": -1, "regions": [{"shape_attributes": {"name": "rect", "x": 188, "y": 174, "width": 16, "height": 14}, "region_attributes": {"Intersection": "2"}}, {"shape_attributes": {"name": "rect", "x": 189, "y": 242, "width": 14, "height": 14}, "region_attributes": {"Intersection": "1"}}, {"shape_attributes": {"name": "rect", "x": 604, "y": 173, "width": 16, "height": 14}, "region_attributes": {"Intersection": "4"}}, {"shape_attributes": {"name": "rect", "x": 605, "y": 449, "width": 14, "height": 12}, "region_attributes": {"Intersection": "3"}}], "file_attributes": {"neighborhood": "Marina"}}, "https://drive.google.com/uc?export=view&id=1vQUF6aqPn9reM5YI4RFU9xSimm5aHENe\n": {"filename": "https://drive.google.com/uc?export=view&id=1vQUF6aqPn9reM5YI4RFU9xSimm5aHENe\n", "size": -1, "regions": [{"shape_attributes": {"name": "rect", "x": 160, "y": 179, "width": 15, "height": 12}, "region_attributes": {"Intersection": "2"}}, {"shape_attributes": {"name": "rect", "x": 160, "y": 243, "width": 14, "height": 14}, "region_attributes": {"Intersection": "1"}}, {"shape_attributes": {"name": "rect", "x": 564, "y": 176, "width": 16, "height": 16}, "region_attributes": {"Intersection": "4"}}, {"shape_attributes": {"name": "rect", "x": 566, "y": 447, "width": 12, "height": 12}, "region_attributes": {"Intersection": "3"}}], "file_attributes": {"neighborhood": "Marina"}}, "https://drive.google.com/uc?export=view&id=1hlmmocPlwu5nPlDCdLO6JPyQ1S-kaiEw\n": {"filename": "https://drive.google.com/uc?export=view&id=1hlmmocPlwu5nPlDCdLO6JPyQ1S-kaiEw\n", "size": -1, "regions": [{"shape_attributes": {"name": "rect", "x": 163, "y": 185, "width": 15, "height": 14}, "region_attributes": {"Intersection": "2"}}, {"shape_attributes": {"name": "rect", "x": 162, "y": 253, "width": 15, "height": 15}, "region_attributes": {"Intersection": "1"}}, {"shape_attributes": {"name": "rect", "x": 579, "y": 183, "width": 15, "height": 15}, "region_attributes": {"Intersection": "4"}}, {"shape_attributes": {"name": "rect", "x": 581, "y": 460, "width": 13, "height": 13}, "region_attributes": {"Intersection": "3"}}], "file_attributes": {"neighborhood": "Marina"}}, "https://drive.google.com/uc?export=view&id=1J1b0sUxuyqEmC7AaUe_5p0343qKGJHFa\n": {"filename": "https://drive.google.com/uc?export=view&id=1J1b0sUxuyqEmC7AaUe_5p0343qKGJHFa\n", "size": -1, "regions": [{"shape_attributes": {"name": "rect", "x": 167, "y": 188, "width": 15, "height": 14}, "region_attributes": {"Intersection": "2"}}, {"shape_attributes": {"name": "rect", "x": 167, "y": 255, "width": 15, "height": 16}, "region_attributes": {"Intersection": "1"}}, {"shape_attributes": {"name": "rect", "x": 582, "y": 185, "width": 16, "height": 15}, "region_attributes": {"Intersection": "4"}}, {"shape_attributes": {"name": "rect", "x": 585, "y": 463, "width": 12, "height": 12}, "region_attributes": {"Intersection": "3"}}], "file_attributes": {"neighborhood": "Marina"}}, "https://drive.google.com/uc?export=view&id=1CI1QNuPoHTmeSsF6_z_dpRrjcd7KNYe6\n": {"filename": "https://drive.google.com/uc?export=view&id=1CI1QNuPoHTmeSsF6_z_dpRrjcd7KNYe6\n", "size": -1, "regions": [{"shape_attributes": {"name": "rect", "x": 166, "y": 188, "width": 14, "height": 14}, "region_attributes": {"Intersection": "2"}}, {"shape_attributes": {"name": "rect", "x": 164, "y": 255, "width": 15, "height": 17}, "region_attributes": {"Intersection": "1"}}, {"shape_attributes": {"name": "rect", "x": 581, "y": 185, "width": 16, "height": 15}, "region_attributes": {"Intersection": "4"}}, {"shape_attributes": {"name": "rect", "x": 582, "y": 463, "width": 14, "height": 13}, "region_attributes": {"Intersection": "3"}}], "file_attributes": {"neighborhood": "Marina"}}, "https://drive.google.com/uc?export=view&id=1gIT3PK90FCP09tPyJyKsBNSgrxGCZrBp\n": {"filename": "https://drive.google.com/uc?export=view&id=1gIT3PK90FCP09tPyJyKsBNSgrxGCZrBp\n", "size": -1, "regions": [{"shape_attributes": {"name": "rect", "x": 154, "y": 176, "width": 15, "height": 15}, "region_attributes": {"Intersection": "2"}}, {"shape_attributes": {"name": "rect", "x": 153, "y": 243, "width": 15, "height": 15}, "region_attributes": {"Intersection": "1"}}, {"shape_attributes": {"name": "rect", "x": 572, "y": 172, "width": 14, "height": 15}, "region_attributes": {"Intersection": "4"}}, {"shape_attributes": {"name": "rect", "x": 572, "y": 450, "width": 12, "height": 11}, "region_attributes": {"Intersection": "3"}}], "file_attributes": {"neighborhood": "Marina"}}, "https://drive.google.com/uc?export=view&id=1mfxxTSnkaKBtHk7JoE9ibBfBqZ5oPM8Y\n": {"filename": "https://drive.google.com/uc?export=view&id=1mfxxTSnkaKBtHk7JoE9ibBfBqZ5oPM8Y\n", "size": -1, "regions": [{"shape_attributes": {"name": "rect", "x": 165, "y": 185, "width": 14, "height": 15}, "region_attributes": {"Intersection": "2"}}, {"shape_attributes": {"name": "rect", "x": 163, "y": 252, "width": 16, "height": 14}, "region_attributes": {"Intersection": "1"}}, {"shape_attributes": {"name": "rect", "x": 581, "y": 188, "width": 16, "height": 13}, "region_attributes": {"Intersection": "4"}}, {"shape_attributes": {"name": "rect", "x": 581, "y": 463, "width": 12, "height": 14}, "region_attributes": {"Intersection": "3"}}], "file_attributes": {"neighborhood": "Marina"}}, "https://drive.google.com/uc?export=view&id=1ozG0BfcPLX0PSswEG7RCDYOIavfUYdJI\n": {"filename": "https://drive.google.com/uc?export=view&id=1ozG0BfcPLX0PSswEG7RCDYOIavfUYdJI\n", "size": -1, "regions": [{"shape_attributes": {"name": "rect", "x": 162, "y": 186, "width": 13, "height": 13}, "region_attributes": {"Intersection": "2"}}, {"shape_attributes": {"name": "rect", "x": 160, "y": 252, "width": 15, "height": 13}, "region_attributes": {"Intersection": "1"}}, {"shape_attributes": {"name": "rect", "x": 577, "y": 185, "width": 15, "height": 13}, "region_attributes": {"Intersection": "4"}}, {"shape_attributes": {"name": "rect", "x": 579, "y": 460, "width": 13, "height": 14}, "region_attributes": {"Intersection": "3"}}], "file_attributes": {"neighborhood": "Marina"}}, "https://drive.google.com/uc?export=view&id=1u27CEEdNHSL-lM3oIgMFrLjG6mfEdrgw\n": {"filename": "https://drive.google.com/uc?export=view&id=1u27CEEdNHSL-lM3oIgMFrLjG6mfEdrgw\n", "size": -1, "regions": [{"shape_attributes": {"name": "rect", "x": 165, "y": 184, "width": 14, "height": 14}, "region_attributes": {"Intersection": "2"}}, {"shape_attributes": {"name": "rect", "x": 163, "y": 249, "width": 16, "height": 19}, "region_attributes": {"Intersection": "1"}}, {"shape_attributes": {"name": "rect", "x": 579, "y": 181, "width": 17, "height": 18}, "region_attributes": {"Intersection": "4"}}, {"shape_attributes": {"name": "rect", "x": 581, "y": 459, "width": 13, "height": 13}, "region_attributes": {"Intersection": "3"}}], "file_attributes": {"neighborhood": "Marina"}}, "https://drive.google.com/uc?export=view&id=1Jyyt1IZT0D8H2ybdfz_AYhrI8q7awY_Q\n": {"filename": "https://drive.google.com/uc?export=view&id=1Jyyt1IZT0D8H2ybdfz_AYhrI8q7awY_Q\n", "size": -1, "regions": [{"shape_attributes": {"name": "rect", "x": 126, "y": 164, "width": 16, "height": 16}, "region_attributes": {"Intersection": "2"}}, {"shape_attributes": {"name": "rect", "x": 125, "y": 236, "width": 16, "height": 16}, "region_attributes": {"Intersection": "1"}}, {"shape_attributes": {"name": "rect", "x": 570, "y": 161, "width": 17, "height": 13}, "region_attributes": {"Intersection": "4"}}, {"shape_attributes": {"name": "rect", "x": 573, "y": 455, "width": 13, "height": 14}, "region_attributes": {"Intersection": "3"}}], "file_attributes": {"neighborhood": "Marina"}}}, "_via_attributes": {"region": {"Intersection": {"type": "dropdown", "description": "", "options": {"1": "Ketner_Market", "2": "Ketner_G", "3": "3rd_K", "4": "3rd_G"}, "default_options": {}}}, "file": {"neighborhood": {"type": "text", "description": "", "default_value": "Marina"}}}, "_via_data_format_version": "2.0.10", "_via_image_id_list": ["https://drive.google.com/uc?export=view&id=1UD3Op4xNbhHwSnfK7Cj25n91gohY6TAL\n", "https://drive.google.com/uc?export=view&id=1JFEdT1InoKSVAD-6X5a9kQfV5mwCzMiQ\n", "https://drive.google.com/uc?export=view&id=1gOFPSCrJPSuriO_ve7kDBUTClY_d8b1G\n", "https://drive.google.com/uc?export=view&id=1vQUF6aqPn9reM5YI4RFU9xSimm5aHENe\n", "https://drive.google.com/uc?export=view&id=1hlmmocPlwu5nPlDCdLO6JPyQ1S-kaiEw\n", "https://drive.google.com/uc?export=view&id=1J1b0sUxuyqEmC7AaUe_5p0343qKGJHFa\n", "https://drive.google.com/uc?export=view&id=1CI1QNuPoHTmeSsF6_z_dpRrjcd7KNYe6\n", "https://drive.google.com/uc?export=view&id=1gIT3PK90FCP09tPyJyKsBNSgrxGCZrBp\n", "https://drive.google.com/uc?export=view&id=1mfxxTSnkaKBtHk7JoE9ibBfBqZ5oPM8Y\n", "https://drive.google.com/uc?export=view&id=1ozG0BfcPLX0PSswEG7RCDYOIavfUYdJI\n", "https://drive.google.com/uc?export=view&id=1u27CEEdNHSL-lM3oIgMFrLjG6mfEdrgw\n", "https://drive.google.com/uc?export=view&id=1Jyyt1IZT0D8H2ybdfz_AYhrI8q7awY_Q\n"]}