image_url,file_id,source_file,url_year,url_month,url_date,date,url_neighborhood,neighborhood,total_count,temp,rain
"https://drive.google.com/uc?export=view&id=1SN7akRhgzmSiBwA18GM-1L64ed999gDp
",brLmd/PMIFUoHRMT9jF6rQfqy1JxAejhtwXn3w==,Count/Core_2019_count.json,,,,2019-01-31,,core,,55.0,2
"https://drive.google.com/uc?export=view&id=1togSan8igrYznfGzXRpAEDR8YP8w8_KC
",arqzAJP7xI/Qut8mQN0X3OVRjb9OsjkWQTTXsQ==,Count/Core_2019_count.json,,,,2019-02-27,,core,,55.0,2
"https://drive.google.com/uc?export=view&id=12XquwoO26jiu6jzbqgLPDKjGY4Z7yi-i
",svm4MaJvUPEy8zyYPg1XZs89y5Lth/p5YwbjJA==,Count/Core_2019_count.json,,,,2019-03-01,,core,,,2
"https://drive.google.com/uc?export=view&id=1vy_UojvJq5lLE3accBTqrjAOptliLD2s
",NVzqTBVfeD5UYt/TODpGGPHvf7SBAFfOT3ZEFg==,Count/Core_2019_count.json,,,,2019-04-25,,core,,59.0,2
"https://drive.google.com/uc?export=view&id=1Nnc12BsNS1mcy1lro_SPDcgZ061HeHCx
",Ct0Sd2n1Tj+H/ptN/3y7IedR4oDFb13Fs3aZzQ==,Count/Core_2019_count.json,,,,2019-05-29,,core,,60.0,2
"https://drive.google.com/uc?export=view&id=1svhsf_oHSq6BPtHLQSTThJVBN4CrBnGU
",q17iUwaIIHjGbd+GW+mJspEDNpZX/erPKHltjg==,Count/Core_2019_count.json,,,,2019-06-26,,core,,63.0,2
"https://drive.google.com/uc?export=view&id=1XgXzKJr2kqJDKutsj20EJVKplhpaIq-3
",svmF8B8538ZTayX/72prxKx0umuFeF+Azvx0HQ==,Count/Core_2019_count.json,,,,2019-07-24,,core,,,2
"https://drive.google.com/uc?export=view&id=1uUUVSaL1y3kqVlAcam3nHgaR58ATUETZ
",W1zJWS+4eQzxB2WT8dMBQdivHRWSPuReJ2hA2w==,Count/Core_2019_count.json,,,,2019-08-01,,core,,,2
"https://drive.google.com/uc?export=view&id=1OUTv1MwWdEGhw-n_NRBMc8Ylnz8LbFM7
",Fwr54cCWuJ7p36SYzib2rIvYWLxMBPsxpCUcUg==,Count/Core_2019_count.json,,,,2019-09-01,,core,,,2
"https://drive.google.com/uc?export=view&id=1LhDtVr39IAZao3T2JU1q4m-vkfkaE8rZ
",LeLS2H/Wvwv78O/HZUTxE8B0rhKPJ2x3pRoD5Q==,Count/Core_2019_count.json,,,,2019-10-30,,core,,,2
"https://drive.google.com/uc?export=view&id=1V7-vADUDfhpxK2OkDXzVD1c2p8iw6vaH
",fghaGeqcP5cYIDlYJgWga+iZId9pjkTv7pY2Ew==,Count/Core_2019_count.json,,,,2019-11-29,,core,,,2
"https://drive.google.com/uc?export=view&id=1VQoYwiKybUFrwUwpZoCyl4aWLGMquMu0
",r04xrtvoLzlaNyoXvxx7xY2S1EnAaM7HRj9rJw==,Count/City Center_2020_count.json,,,,2020-01-01,,City Center,,48.0,2
"https://drive.google.com/uc?export=view&id=1vahe3W6EHX2oIWsVxup8J6xzZ_g3qHlj
",o74J6zekl4yUvvowux6yDle7C+sUyZfiHiWs9w==,Count/City Center_2020_count.json,,,,2020-02-26,,City Center,,55.0,2
"https://drive.google.com/uc?export=view&id=1rhdIPN_lp8T-TpTY47zR6uUOsgBwpqKr
",CcO1TrqRRBlqhVnMLoSKEOm0BeTVpzJfTld//g==,Count/City Center_2020_count.json,,,,2020-03-26,,City Center,,55.0,2
"https://drive.google.com/uc?export=view&id=1NjWQ9Eb0LGKdJhRg91r_7bcgEiTefBQv
",Ko5iUXyZOwEWkUVusPCzp3JKLSHLWS5QwX7kaA==,Count/City Center_2020_count.json,,,,2020-04-30,,City Center,,63.0,2
"https://drive.google.com/uc?export=view&id=1pS89hc01A9ig48s-30kbMVxxv6BwjdDI
",Ht46j5nQmkYmXcjdh+53dGbY58mIQngtqUTGEQ==,Count/City Center_2020_count.json,,,,2022-05-01,,City Center,,,2
"https://drive.google.com/uc?export=view&id=1irFT6-ILEpGxt3p2HY_3szZnhn7EajD9
",/37kfcwVCyayeyKLm6n+8Joua92t1BpYp5E9og==,Count/City Center_2020_count.json,,,,2020-06-25,,City Center,,60.0,2
"https://drive.google.com/uc?export=view&id=17y76zB0DgP5JZcDxELmh7w4G7kFvzTCT
",u0Wvns6+BrG5u5SjevZYoDq1wMeFgfAzQbEC4w==,Count/City Center_2020_count.json,,,,2020-07-29,,City Center,,64.0,2
"https://drive.google.com/uc?export=view&id=1pei5OsQgZLURJJrujrOGnChYRMV9tiKr
",8CoptHS197odmTIoCf9TKU3JKuVRWLZWzIyrHg==,Count/City Center_2020_count.json,,,,2020-08-27,,City Center,,76.0,2
"https://drive.google.com/uc?export=view&id=1vGwRRJSL7D08wUlDlWuVlI0Ws1gob5t1
",6IKKwNZ7+KgdyC/a84yCBl/Z1oFnVPfHlY19Xg==,Count/City Center_2020_count.json,,,,2020-09-29,,City Center,,70.0,2
"https://drive.google.com/uc?export=view&id=1uCPpe66iuKJOD8QG8PVm7YNvuss4iXE5
",AX4ogyO7+e6eqEWFtja3Vn8G8/7UB61G0IdBLw==,Count/City Center_2020_count.json,,,,2020-10-29,,City Center,,61.0,2
"https://drive.google.com/uc?export=view&id=1c0o6ijZ5NBnwvenETHcVlxvEcFn9dRze
",NgTXtDY8l6aQ9lurv0Tvaw0MEAC9CHLBRAeoRA==,Count/City Center_2020_count.json,,,,2020-11-24,,City Center,,59.0,2
"https://drive.google.com/uc?export=view&id=1RX4768ySWOtRKYPoGwOzqaHhrnakaqgz
",hqbqwL7EEvj71XPGLNwxa8FkVbrQWb0KxU7P1A==,Count/City Center_2020_count.json,,,,2020-12-29,,City Center,,53.0,1
"https://drive.google.com/uc?export=view&id=19hJ6AujQX1udDQ-XYsoAVRUVPADmUC_n
",G2q17H3ecFIODRvH0HvodKNG6aFizDUltNT4VQ==,Count/Gaslamp_2019_count.json,,,,2019-01-31,,gaslamp,,55.0,2
"https://drive.google.com/uc?export=view&id=12xeUBGjhvEbaoIPcFqleh0AEwMg22Dkn
",WCrpZYW0ZzTWYJUj10ewysp6qe+uw/pn6NLTsg==,Count/Gaslamp_2019_count.json,,,,2019-02-27,,gaslamp,,55.0,2
"https://drive.google.com/uc?export=view&id=1qfexE1s5JaROnLSl6mzMWELGeWw2QPPd
",MzwCFxMSS0SpKvZqk/PPrBdG48kNBKhPXOwiZQ==,Count/Gaslamp_2019_count.json,,,,2019-03-01,,gaslamp,,,2
"https://drive.google.com/uc?export=view&id=1NHbYSYrGGoNqtQorGAuBLbbUElMlN6b6
",UxxAnOPU4MsNta3hFrk03uxJLyCi4O5FohyTdw==,Count/Gaslamp_2019_count.json,,,,2019-04-25,,gaslamp,,59.0,2
"https://drive.google.com/uc?export=view&id=10tL6u70igQTh58xfV1A0ZuQ8KzsW-Yso
",bW9bzX861td5/iJ7Yu7SdwHnbLqY7/3/ucLqxA==,Count/Gaslamp_2019_count.json,,,,2019-05-29,,gaslamp,,60.0,2
"https://drive.google.com/uc?export=view&id=1L3PZRtvOY3D-0zpv8rwjLo45e-4Z1lgw
",aKe16cjR/SPchYDwyhDbGKzPYTkWb5DQrS9pKA==,Count/Gaslamp_2019_count.json,,,,2019-06-26,,gaslamp,,63.0,2
"https://drive.google.com/uc?export=view&id=1NVz66Dpk9dYLNKhPzuXXAaNHnIBLQErA
",FMtpcqnycDe0KEwL2cptF9wXs5NBxsia6dHoUw==,Count/Gaslamp_2019_count.json,,,,2019-07-24,,gaslamp,,73.0,2
"https://drive.google.com/uc?export=view&id=1xpBwB1v7YGYRhdDY9CWfmICC8GjovSKv
",a5WFxqctqJo71/mtK0q5pKbxv4Vuu+PkI3KLCA==,Count/Gaslamp_2019_count.json,,,,2019-08-01,,gaslamp,,,2
"https://drive.google.com/uc?export=view&id=1BByCXYvqWLSzaj7KX8SwT-sd6CPZ7y_4
",Liw15wS943IPMgC/Nh9rof06LQC8DVXXFn/uTg==,Count/Gaslamp_2019_count.json,,,,2019-09-01,,gaslamp,,,1
"https://drive.google.com/uc?export=view&id=1PXxMIwP6y-DFQfYUCAop_Uut9PALVuWl
",dmoQmzC4PgHol2wdI37fX/9vBMv0i+Zg42m/oA==,Count/Gaslamp_2019_count.json,,,,2019-10-30,,gaslamp,,,2
"https://drive.google.com/uc?export=view&id=15iDXSOmiEzCMZ2Rsd8I95KPm0cnlh1bh
",3ySrcaeE0FPqrkPiBk1faaZ2s+CVVHGfg51+Eg==,Count/Gaslamp_2019_count.json,,,,2019-11-26,,gaslamp,,,2
"https://drive.google.com/uc?export=view&id=1X8koOniLcdClneGfsWFHRkiGm1yZgtO3
",zCRZrjIEIucd/EowiEJLc21WRqq1zMRkJr9dKw==,Count/Cortez_2021_count.json,,,,2021-01-28,,cortez,,46.0,2
"https://drive.google.com/uc?export=view&id=1K0tWEXY9QiBVmvSyA75JPIheOGqyg7ZV
",4zt5Mp/fKajCZm5Cvf1/NViPS2Y/Epha9xtmtg==,Count/Cortez_2021_count.json,,,,2021-02-01,,cortez,,,2
"https://drive.google.com/uc?export=view&id=1btdfG3Eyj2sqLA3PZ6xA77RtANznpMYC
",jsZw0mJ1anze/eUfP95b5WDzuCOMmSVOj+m6Lw==,Count/Cortez_2021_count.json,,,,2021-03-25,,cortez,,54.0,2
"https://drive.google.com/uc?export=view&id=1q9LBJQdaAaFyhQY1FqKlDrZ8vI9WGBM0
",HPur4nJf1j4f8kVN5kIAnIKVXnA/8RaM+Eq1RA==,Count/Cortez_2021_count.json,,,,2021-04-29,,cortez,,61.0,2
"https://drive.google.com/uc?export=view&id=10I--PO0hS8MmdkIPZ71TVS7OebG6UB8g
",Y606/gGJ1ERzf6wm7HhsFqG9imE6wxvquwJ/Xg==,Count/Cortez_2021_count.json,,,,2021-05-27,,cortez,,,2
"https://drive.google.com/uc?export=view&id=1IQHH2Afy4-EKdiwPUXguwQ-JE4K_CCHM
",ZpOd16hj3NLjLwKNiOCQkJk6OVu5IKsdUKpNEQ==,Count/Cortez_2021_count.json,,,,2021-06-01,,cortez,,,2
"https://drive.google.com/uc?export=view&id=1ux4pqc_D6yWhJh34OQ2mvnhMRpMCQDJX
",UfxpDsg6XJo3RZIkyxnQZoz0A3p/SNl8P312kg==,Count/Cortez_2021_count.json,,,,2021-07-21,,cortez,,60.0,2
"https://drive.google.com/uc?export=view&id=1_xOiZKFj5XjESZm0amiAQWQb3vydfwIp
",6KvQLgr63IlHkhcDuvAqLVmRDyu17d0Kllldgg==,Count/Cortez_2021_count.json,,,,2021-08-01,,cortez,,,2
"https://drive.google.com/uc?export=view&id=1WoFmeVPEToTMKSLTF2ryLF7RPrmPvpxU
",LOD6OaivLYiT5n+nin3emgLbh7BkNcoB1M7t3w==,Count/Cortez_2021_count.json,,,,2021-09-30,,cortez,,66.0,2
"https://drive.google.com/uc?export=view&id=10paqX818qHrndbzVInrT492iogLQ7DXb
",Go0u+Yez6I+G61V/ofwK+s2EwNkZo/HZP9SvTw==,Count/Cortez_2021_count.json,,,,2021-10-28,,cortez,,61.0,2
"https://drive.google.com/uc?export=view&id=1g3vaHyg-d-ZYkb1oK4dNlfB78aF7Ox3H
",oMb1/1bXG+Wx/BSsS7PZk9gif96OCLSyy2Jr3g==,Count/Cortez_2021_count.json,,,,2021-11-23,,cortez,,61.0,2
"https://drive.google.com/uc?export=view&id=1IeuLxIC1KwLvEpYzJg19IB9QdE_c88Wx
",pJqRp4xRaPJNzv0mAOWhbvSUiZEJAvDaUOr5Eg==,Count/Cortez_2021_count.json,,,,2021-12-01,,cortez,,,2
"https://drive.google.com/uc?export=view&id=1hNKn78kPz8z_YjqopKnCuT9nnMGiMewl
",j76CukWwfe0Rbyw2VyW0bNmaNSEKq95vFKg6lQ==,Count/Columbia_2019_count.json,,,,2019-01-31,,columbia,,55.0,2
"https://drive.google.com/uc?export=view&id=1heYWnktW26FfL2gUz54b-lySXms-z4kB
",bfi6hpJD9837obEzhBwbXMv7WgArvJEPXcfC6Q==,Count/Columbia_2019_count.json,,,,2019-02-22,,columbia,,55.0,2
"https://drive.google.com/uc?export=view&id=1XpI8PeRFmU26Ygt9dipbc3LPH4b7BtA3
",KaGZvcKdm4Z7V34YELQaXLBaQ9WCjT9emPLMVg==,Count/Columbia_2019_count.json,,,,2019-03-01,,columbia,,,2
"https://drive.google.com/uc?export=view&id=1guJmSiEXStPv9zD9HhWCgTCMm1L2jzFu
",IbjiMAJNOn7H7whFiT4bSdJvW1HgPqolaqeygQ==,Count/Columbia_2019_count.json,,,,2019-04-25,,columbia,,59.0,2
"https://drive.google.com/uc?export=view&id=1P0bGvWDoSUTBSfOi2tSrxZ9rBiUXSaoj
",aseoDmEQjzwBsnKbeBj/8gmWtYOudEon/cRsYA==,Count/Columbia_2019_count.json,,,,2019-05-29,,columbia,,60.0,2
"https://drive.google.com/uc?export=view&id=1-5m1Vz95cfW9oB7r0RYWNOdVXCQplv89
",539iPZgOGNyy3y2dJoTYvklbF/+JeY2CAc/6Mg==,Count/Columbia_2019_count.json,,,,2019-06-26,,columbia,,63.0,2
"https://drive.google.com/uc?export=view&id=1ebZUdRpZ3SR9v_VX8UUake8e1Oj7i_r7
",vXp78ckbeNfNuc5EWKIbZoaoQ4K22GOnQAPjeQ==,Count/Columbia_2019_count.json,,,,2019-07-01,,columbia,,,2
"https://drive.google.com/uc?export=view&id=1CTYZ_s_r_etK4gDa0kj8EyzWuk_N9EOi
",TqahUdtYujj6CdpPDHRTxWI0VarHup4LbMtRww==,Count/Columbia_2019_count.json,,,,2019-08-01,,columbia,,,2
"https://drive.google.com/uc?export=view&id=1U6euNeHwiffTJacs57DYrKfwv8jTsmhL
",qJXIQFIJbDYm2mTMcJNyCs4XYsDB7/HU6ahTWw==,Count/Columbia_2019_count.json,,,,2019-09-01,,columbia,,,1
"https://drive.google.com/uc?export=view&id=1NBVXHlNf4Ge0f01CdGXgVAQsfUbEKWt_
",huaiMq/atsBHtx5RcxiIYoRg5c4id6gD5Z8gEw==,Count/Columbia_2019_count.json,,,,2019-10-30,,columbia,,,2
"https://drive.google.com/uc?export=view&id=1xErSRvVVeSgknZRa-VSHzt6gs676QqKn
",cndVS4FOxTD0MU9i2b7qD/txfrlzxDrTk7UhKQ==,Count/Columbia_2019_count.json,,,,2019-11-26,,columbia,,,2
"https://drive.google.com/uc?export=view&id=1wHGZOjlTowBNVs-a0EQctuy6pqKaZjZX
",yLki43+DkZP8SIM+P4MW36XsmZbhcVgbtvv5Fw==,Count/East Village South_2019_count.json,,,,2019-01-31,,east_village_south,,55.0,2
"https://drive.google.com/uc?export=view&id=1DN5H9WPniifEgJGxClvw4fnse2OiD1tP
",wshEhReH72V/R67fkxBC7a16NJTUfRkwX9ygDQ==,Count/East Village South_2019_count.json,,,,2019-02-27,,east_village_south,,55.0,2
"https://drive.google.com/uc?export=view&id=1Dzv5TYimConjzgzlXWpSUt8NnYSJkJty
",MJPLJSRSTffPlOVoc8kvxkS6Zg7Jc8aTlsw/QQ==,Count/East Village South_2019_count.json,,,,2019-03-01,,east_village_south,,,2
"https://drive.google.com/uc?export=view&id=1jVNf9p7bFEiASOk06ATNhnlspe4MFl8r
",vaKMxJx6DbLyMNlQnG8Vn0kLVHCx09MATX0vGA==,Count/East Village South_2019_count.json,,,,2019-04-25,,east_village_south,,59.0,2
"https://drive.google.com/uc?export=view&id=11pKEmV4VB1R6phes4dRALaXnnzWL9TqI
",ktNHb2UpKJtH/I3f0Ni3V8uLVOdmb3cln9On0Q==,Count/East Village South_2019_count.json,,,,2019-05-29,,east_village_south,,60.0,2
"https://drive.google.com/uc?export=view&id=1nAIkVB1Ro6nuJOy7kozmsgdVRDlD9uWo
",T4u+NZ0LHYlReC5Z7Bx8ecJIP/2frRL7ve5YXg==,Count/East Village South_2019_count.json,,,,2019-06-26,,east_village_south,,63.0,2
"https://drive.google.com/uc?export=view&id=1yfSTkXQyf93qtvEiyPdXfCBD7YFBANBQ
",elxwftMI8Cz3n3hUcblSICbIIafKZFrJaMBqZQ==,Count/East Village South_2019_count.json,,,,2019-07-24,,east_village_south,,73.0,2
"https://drive.google.com/uc?export=view&id=1EOFIpk5WmL98YgxODPxbJ7tHkHU-IIkY
",6iCUCa+FX4mKH2Hc7QwC7GxZQU5TuBOoQMrpsQ==,Count/East Village South_2019_count.json,,,,2019-08-01,,east_village_south,,,2
"https://drive.google.com/uc?export=view&id=1-YRcw04UbM55V_9hp2otRaexIt8_9CEl
",efxXLM1NjGrC7kWFPsvG47Q+p2nUgOEjhnbVFg==,Count/East Village South_2019_count.json,,,,2019-09-01,,east_village_south,,,2
"https://drive.google.com/uc?export=view&id=1kT2DMR5UFiUOl8O0I2L-2MmXSoM663v7
",QF9Ht/QuZfczW4ewrZ4aeSMpxEWw8U1cuRa88A==,Count/East Village South_2019_count.json,,,,2019-10-30,,east_village_south,,,2
"https://drive.google.com/uc?export=view&id=1dpvNrQwfnn_-Lp-nREwCxaqaENCFt0aa
",BoKxv9ANPHk/y0Z57ee9jZu3BWYPic7uUSn2hQ==,Count/East Village South_2019_count.json,,,,2019-11-01,,east_village_south,,,2
"https://drive.google.com/uc?export=view&id=1unb_tYCIgCBujCQP0I23ptQ03d8DOg0T
",AX1PcXWtWWxt01P8a0TthLS7xtOwwvHz9g3dVw==,Count/Barrio Logan_2021_count.json,,,,2021-05-01,,Barrio Logan,,,2
"https://drive.google.com/uc?export=view&id=1kL2pvwexKMAxM_dpasE_4gukuSUoGWmj
",GNAvkCQD9X2vSTbNmo3Pq1eAZApIsYeoR/7EsA==,Count/Barrio Logan_2021_count.json,,,,2021-06-01,,Barrio Logan,,,2
"https://drive.google.com/uc?export=view&id=1NLXu4uZduGkWKuPKq_Vd1-ixIGqKiADV
",BAWUXwX2w71GWg9FCRmGsZsiPeoNDxALvZUEkg==,Count/Barrio Logan_2021_count.json,,,,2021-07-01,,Barrio Logan,,,2
"https://drive.google.com/uc?export=view&id=1JW0G_6R9ER3Aw1ZbuEtQuukwz4kIKHZJ
",JYyKpI1XBmbXxdzmdQLI8YA3kIeRre/PNeWsDQ==,Count/Barrio Logan_2021_count.json,,,,2021-08-01,,Barrio Logan,,68.0,2
"https://drive.google.com/uc?export=view&id=1DrGpl-XLZ9dls8MbR_aKyi9lT_wmsTCM
",oC9POwINH/URcJJZRgh3acv4TCjdtNph4g4/pA==,Count/Barrio Logan_2021_count.json,,,,2021-09-01,,Barrio Logan,,,2
"https://drive.google.com/uc?export=view&id=1NkXj7cuhAQ0tGLiTVlbpRgevHu7Cm5y7
",IZACow2Z44jpa0gDnIo7qev4jt09Uyf4LCoexg==,Count/Barrio Logan_2021_count.json,,,,2021-10-01,,Barrio Logan,,,2
"https://drive.google.com/uc?export=view&id=15hYO9r7sm1kzerSrhz-g9fc1wO5eZYHo
",fUY01AFYaqTd1woq2w3ZX84ZMuqe0eLcY75Cbw==,Count/Barrio Logan_2021_count.json,,,,2021-11-01,,Barrio Logan,,,2
"https://drive.google.com/uc?export=view&id=1aQZ5XbW3FDX-1eNDrzXJqY3dFNx4cD_3
",b0CK3/z3Wpz0wkDiuqb8ONejb9de1CdTCfi1Cw==,Count/Barrio Logan_2021_count.json,,,,2021-12-01,,Barrio Logan,,,2
"https://drive.google.com/uc?export=view&id=1ZJZBsqYXXCkWhViNcxxLfp000eYUbi9t
",8eFzpiP3k+esu8HtCQ0iS/j7P0GxCgN5ykCBiQ==,Count/Marina_2021_count.json,,,,2021-01-28,,marina,,46.0,2
"https://drive.google.com/uc?export=view&id=1A5ypoK7ytblIQRCwc5_-gk5WaPBzC9Tt
",ItNxT4dd+jbissYr1EHHxwl9V83Z7+Y2b3cwNQ==,Count/Marina_2021_count.json,,,,2021-02-25,,marina,,54.0,2
"https://drive.google.com/uc?export=view&id=11urDxx-zJnq7TilbYY5rz4PYjkv3vkvz
",FXhoo47GlxDSo7cWiFqFVfMPeFRKLd4EBPn8sw==,Count/Marina_2021_count.json,,,,2021-03-25,,marina,,54.0,2
"https://drive.google.com/uc?export=view&id=1nhCiddcwPWsMQ9wlvlaSqxFnYmGOOw_a
",oiA5eoyokmDR0nHWNn9JjrgxFOCeU2R7/hnsNg==,Count/Marina_2021_count.json,,,,2021-04-29,,marina,,61.0,2
"https://drive.google.com/uc?export=view&id=1ncGrzQ9ktyt_05zQ2kUsmf0k9CaDA4PF
",CD+4gOzNgAJhL8Qfj/IPAGRCbp7hAz4Jjg6imw==,Count/Marina_2021_count.json,,,,2021-05-27,,marina,,59.0,2
"https://drive.google.com/uc?export=view&id=1ybuqENnGg7urJU50_GJmbqebERFqArmv
",bpgivPVu9E/FdwcF6SjkC6/XojiGiS2uri6ebw==,Count/Marina_2021_count.json,,,,2021-06-24,,marina,,,2
"https://drive.google.com/uc?export=view&id=1fKQxP70f99-ep0GiociB-BTwosIbNr6-
",9Rhnv582xVF29Sy4J0lh7imtlAZtdC2qxUGQTw==,Count/Marina_2021_count.json,,,,2021-07-30,,marina,,66.0,2
"https://drive.google.com/uc?export=view&id=1Dsibyd9ZKHiEv92sqrhif-a3HiPJ6FIb
",PyKoW8qdkKu9NArLShMI+EBeCkTMDYYmRfofjQ==,Count/Marina_2021_count.json,,,,2021-08-27,,marina,,70.0,2
"https://drive.google.com/uc?export=view&id=1yaK-JzrwBepwiRskKBL5zna4WIQaGwBS
",tuEtcHhEcBGNrB2LW9UMG/gbjFS+RLq5fJsYRg==,Count/Marina_2021_count.json,,,,2021-09-30,,marina,,66.0,2
"https://drive.google.com/uc?export=view&id=1nXqJBd4MlYdACVWd295T7tUmaFT9cqae
",B/fj6snkTwOtB1CVkPfY55ka0cwmRXNLh3Ba7A==,Count/Marina_2021_count.json,,,,2021-10-28,,marina,,61.0,2
"https://drive.google.com/uc?export=view&id=10vWkdxy3baNkkM08f48P5_BkeOlFIg0D
",JUKpnlTf3lz9mksNLjyvp+ceWvtEmtTGbuygXw==,Count/Marina_2021_count.json,,,,2021-11-23,,marina,,59.0,2
"https://drive.google.com/uc?export=view&id=1LjbEqZEVmSgOlSndlZ_ch6H9aVrkQeWd
",huOacpUvYygvTZjmhuvYC2lzDkif4Qk8uPGb+Q==,Count/Marina_2021_count.json,,,,2021-12-22,,marina,,52.0,2
"https://drive.google.com/uc?export=view&id=18q86Dlz0PDofx2_r8Fh3UN7yE5cWGZd-
",DIiVZw7iKzh/JIQi26bxzVRuZxV2R/VsquzkNw==,Count/East Village_2020_count.json,,,,2020-01-01,,east_village,,48.0,2
"https://drive.google.com/uc?export=view&id=1qKUg90iPjMaS8gfRQrBiXIfKq7RAbGkV
",J0UztCwSkiZWp01ACEwpHemXtn4igLPnVlkfoQ==,Count/East Village_2020_count.json,,,,2020-02-26,,east_village,,55.0,2
"https://drive.google.com/uc?export=view&id=1S27xheT7IzTCnVEMMkQhDQuhQ2y4qJGs
",ryDp37KHo8VK0FucSv97dwFvV8zlJ06OVWs2vw==,Count/East Village_2020_count.json,,,,2020-03-26,,east_village,,55.0,2
"https://drive.google.com/uc?export=view&id=14ovzd-93h0WYJKZ0yyo1O14P8N5yzK84
",93lNzeRNFoiM6JHCL5qfYoYkPLvzTUCu8M9rww==,Count/East Village_2020_count.json,,,,2020-04-30,,east_village,,63.0,2
"https://drive.google.com/uc?export=view&id=1jw6Heel-FKZ4YSefI_B2New5PWd1RWBB
",Cd/CFgg+XdISzH125Led6hHQqCTrZSeiZj8q/Q==,Count/East Village_2020_count.json,,,,2020-05-28,,east_village,,,2
"https://drive.google.com/uc?export=view&id=1UkZaY2G1ecM6XkydV-Tg2952ICpkP9ZO
",0jSxAxm+GeDgQQovPChl2wA67dMMYPQ8bQ/QGg==,Count/East Village_2020_count.json,,,,2020-06-25,,east_village,,60.0,2
"https://drive.google.com/uc?export=view&id=1irIUw_dNa0bHFzBhxVqCPh4U7ISpxC7j
",oxABb5/slQw24EsJyqiMACoAe97ZZEgNBMxtHw==,Count/East Village_2020_count.json,,,,2020-07-29,,east_village,,67.0,2
"https://drive.google.com/uc?export=view&id=1IW0F5qtMzp03xeK1ugJBUny-ivdZh98q
",HdF0/pwMadzeaqLqBiSJ79HtEFPcE21+QAxeDg==,Count/East Village_2020_count.json,,,,2020-08-27,,east_village,,76.0,2
"https://drive.google.com/uc?export=view&id=1OjHN8Y3Sq-6TDhPb-yoNZLxO7kKCSe48
",ClyaT9hC2nPLbwUda7T5MgQcnwh6gr5veGhVVg==,Count/East Village_2020_count.json,,,,2020-09-29,,east_village,,70.0,2
"https://drive.google.com/uc?export=view&id=1ZxcmgbSXcuf7j0P40jNKSfhRQP5uq5NN
",RYBvnIMJK9QensdFNptvapMvwV2nlz93tMC1yA==,Count/East Village_2020_count.json,,,,2020-10-29,,east_village,,61.0,2
"https://drive.google.com/uc?export=view&id=176jKcwppmVbzfLgh6TvgM9EmJdOJcNna
",NwqFNL0u7wIeSOw60DVlmk7p1yohOrWw+nKLzw==,Count/East Village_2020_count.json,,,,2020-11-24,,east_village,,59.0,2
"https://drive.google.com/uc?export=view&id=1breARWx_qF7WYkesvJLWH2W05H1_xW14
",chLJ0eA7SQR3KINYzZvGl3LxP2pm5ko1BScplA==,Count/East Village_2020_count.json,,,,2020-12-29,,east_village,,53.0,1
"https://drive.google.com/uc?export=view&id=11oPElPkZMxpE_a1nzmbKjifFcQJn903g
",5hORyJpONupKaxKXL4p+q/j+L4t01MmbdcmSbw==,Count/City Center_2022_count.json,,,,2022-01-27,,City Center,,48.0,2
"https://drive.google.com/uc?export=view&id=1qCHQyuZtOaZpGiMrX6sDtlbEEg_4CXhL
",wRB6of7Jz3tgG0L8utlbvTW32qCtLSSOmcNG+Q==,Count/City Center_2022_count.json,,,,2022-03-01,,City Center,,53.0,2
"https://drive.google.com/uc?export=view&id=1jIb9-NkzCZu7ExwfJrr1zExjKIYfWb5X
",wbNjUvrsP8ZuMH1P3cQeERLeAje4vZlONEqzmQ==,Count/City Center_2022_count.json,,,,2022-03-29,,City Center,,57.0,2
"https://drive.google.com/uc?export=view&id=1CGf7799AUhtTDQTuN4djLD9rttjmaib2
",YsRJzreaHHCDSS3mR8ljLNa6h026QFpqSnZxnA==,Count/City Center_2022_count.json,,,,2022-04-29,,City Center,,55.0,2
"https://drive.google.com/uc?export=view&id=1hnSZlVz5_MXUS4evvJcwBZGQ--pJSkHy
",0ESdQmf+4iKSZUS+/6GA9sQxDgN9zAsohsdQFw==,Count/City Center_2022_count.json,,,,2022-05-27,,City Center,,61.0,2
"https://drive.google.com/uc?export=view&id=1y3UBdp3zUBvR-YrS-DPdSWQ-f7QA72H8
",Td1x3g6pp76/O3RUdjjOBjgXraMpgSq+8b44pA==,Count/City Center_2022_count.json,,,,2022-06-30,,City Center,,67.0,2
"https://drive.google.com/uc?export=view&id=1MX4gpH6iQaj0XnTDHFzFRLc1Fu8m8Fvd
",CKK1cF8FBCOzKOz7CczXFd6D0Oned1WCCyos2g==,Count/City Center_2022_count.json,,,,2022-07-29,,City Center,,70.0,2
"https://drive.google.com/uc?export=view&id=1wDhNd3guGYG7edvPV2H3i4DEKckC87FN
",WWBzUwvgtpCuGRRS/38wzmGkITTEIK55/8Sq8A==,Count/City Center_2022_count.json,,,,2022-08-25,,City Center,,68.0,2
"https://drive.google.com/uc?export=view&id=1QoKAH71SF15154m6W25UlIoIOvscVUwm
",+enhGIVW6mSZdRtWDz128w1BZ8TBu3FaFb2Nbg==,Count/City Center_2022_count.json,,,,2022-09-30,,City Center,,67.0,2
"https://drive.google.com/uc?export=view&id=1zJirERdHa2eSD9rrJN4KFvjdWBDnczqd
",EOapnro1WNN06dYvyCq2siV7ell0YJvg4Kf1mg==,Count/City Center_2022_count.json,,,,2022-10-28,,City Center,,56.0,2
"https://drive.google.com/uc?export=view&id=1xK4Wl99uvPPDa2LuPqnnCILzIlmadZRG
",LZF28yjoINqGcR3JNMFyBmx+Y1HyyUTphlGyYg==,Count/City Center_2022_count.json,,,,2022-11-23,,City Center,,50.0,2
"https://drive.google.com/uc?export=view&id=1cfLIcB6ObIUrCXGqzEk8wBGZP8cpbjiP
",wilAyDEe7mWkh7n2VwyU+6oQAWDeYdO/e7zsxQ==,Count/City Center_2022_count.json,,,,2022-12-24,,City Center,,54.0,2
"https://drive.google.com/uc?export=view&id=1vgtOADW1kDdyo1BcfWMIRYGMKWwpjkMA
",qVV8y6+iXDjZlbKMxoJV5jKJB6YLAwTAKPFhgw==,Count/Columbia_2021_count.json,,,,2021-01-28,,columbia,,46.0,2
"https://drive.google.com/uc?export=view&id=1T9PuSuS6hCKKfdXZMis2IdTq44WO0fUY
",KG1KwaTjh3AMXhJVp+vLk/SSyo0ihjggU6iogw==,Count/Columbia_2021_count.json,,,,2021-02-25,,columbia,,54.0,2
"https://drive.google.com/uc?export=view&id=1748lhO1V-flNo6hwvugjRlyH5caCXI7x
",6WLSk+9m0gfIpFtGF/Q1Wh/cvLVLWmsVL7+bCg==,Count/Columbia_2021_count.json,,,,2021-03-25,,columbia,,54.0,2
"https://drive.google.com/uc?export=view&id=1FEd1Y4JmJjaXAunO0GWZVr7I3arq50Yp
",kUcmuS9dMJQ8c5HmOlLxt7kCkp7R9Vi41ZryTw==,Count/Columbia_2021_count.json,,,,2021-04-29,,columbia,,61.0,2
"https://drive.google.com/uc?export=view&id=1DfIHuWcQ0ZAFQyJjtbGMICj18Dnyal0M
",L3Nyf3dEHb8NClFmTqGHPnQ/7nTEXkRblQnOzA==,Count/Columbia_2021_count.json,,,,2021-05-27,,columbia,,59.0,2
"https://drive.google.com/uc?export=view&id=19C_kT_Bd753Soe0WJuQUvdC9nNZPSU_O
",yGFu4Rv0nDOA67ZTpI11FdxLXR9oJVmlnm/lCg==,Count/Columbia_2021_count.json,,,,2021-06-01,,columbia,,,2
"https://drive.google.com/uc?export=view&id=1pYlheI9J6Qw98fk6oRNzmPMc4JNDmfvq
",a0qD2BF60PIDxvQQxfkBsgn/VFghGCdb6HhMiQ==,Count/Columbia_2021_count.json,,,,2021-07-30,,columbia,,66.0,2
"https://drive.google.com/uc?export=view&id=1ztYdo4jWSTXKrXxDkHgnONycpXbRmG22
",E9uRgHMVY6Mm2JHhxUW/A+9eIpgtNdeN1mPnLw==,Count/Columbia_2021_count.json,,,,2021-08-27,,columbia,,70.0,2
"https://drive.google.com/uc?export=view&id=1RCmm204UNZ10SWwYcyQlDyfKeACdpm2s
",NA7dkQ8B1QQiRaU04elaSMd/uvznSvjwfq9Xcg==,Count/Columbia_2021_count.json,,,,2021-09-30,,columbia,,64.0,2
"https://drive.google.com/uc?export=view&id=1G7myV6gUfJm6kgrZNZrkJzq1rjUG9Jvv
",2X9798aR17pccXaVuMyaJViiGgZGwVxh6PKSbg==,Count/Columbia_2021_count.json,,,,2021-10-28,,columbia,,61.0,2
"https://drive.google.com/uc?export=view&id=1PZ-GdoI8VM_AEJg45Lg6Ym4_I4H0uMCm
",9u9YDajZJDXUy/qSQyy84nTVEKygrAyeL2eWCQ==,Count/Columbia_2021_count.json,,,,2021-11-23,,columbia,,61.0,2
"https://drive.google.com/uc?export=view&id=1exgwA40NoOCLAwHgyXvthZvWukYKLpie
",S7LZd5KFd2hN49zrsTzvfE3cstGsLzzVfXAAfg==,Count/Columbia_2021_count.json,,,,2021-12-22,,columbia,,54.0,2
"https://drive.google.com/uc?export=view&id=1GJU8_CQSkS1pLmiqma3wW8t27uE-TyrD
",GChx7vVDcQZhNPt8boVyIybZkbGw50SouSX+uA==,Count/East Village South_2021_count.json,,,,2021-01-28,,east_village_south,,46.0,2
"https://drive.google.com/uc?export=view&id=1f72GIIt86gCwWh3HN6ckb2xu4mjckjdX
",DltmqalD6v5iaghVHBySSmJM/yr/atmJ/WIxCA==,Count/East Village South_2021_count.json,,,,2021-02-25,,east_village_south,,55.0,2
"https://drive.google.com/uc?export=view&id=1p4HQrmbdbdqN7vAxKdsqbWUgLKD9KM0C
",s5UDFKo+S0fOAF05fpFptEA/c2EhQSDPnWq3sg==,Count/East Village South_2021_count.json,,,,2021-03-24,,east_village_south,,54.0,2
"https://drive.google.com/uc?export=view&id=1hxD3hCJqt-xJHgATgLoe1KCV7DgXHaHn
",1UzODjv36IJ8WpKnOnDHWtDPYNiRL2kVN4cnTw==,Count/East Village South_2021_count.json,,,,2021-04-29,,east_village_south,,61.0,2
"https://drive.google.com/uc?export=view&id=1PhQ_os09wqCzj9bMfes6YKOhzjIKv6vS
",MbOxfLNmz3+7Iu6IPhPU1mZjw0aOd4h1C53nCQ==,Count/East Village South_2021_count.json,,,,2021-05-27,,east_village_south,,59.0,2
"https://drive.google.com/uc?export=view&id=116a87DIYudQwdOL5tzlRvlPxslfSHBsC
",+AC9NcAip5+148ULSZIEb8EHCVedNnM8IoDIuA==,Count/East Village South_2021_count.json,,,,2021-06-24,,east_village_south,,,2
"https://drive.google.com/uc?export=view&id=16YrxlswBcZwAepgOUIZ4T5DWuNlQaMnd
",qXyf2SDQnVkeS4lLVWg+8+Pr6oZOfRzxfkB2vQ==,Count/East Village South_2021_count.json,,,,2021-07-30,,east_village_south,,66.0,2
"https://drive.google.com/uc?export=view&id=1AKiMSrFGzm8Tdl60jY9XwHNFFpbqiCnC
",VtJsUa//H7A8QKKw+HRnRZqF6z8O+T5RFc2lgg==,Count/East Village South_2021_count.json,,,,2021-08-27,,east_village_south,,72.0,2
"https://drive.google.com/uc?export=view&id=1_Ny7ae0ecHg67tc3cbvp7Q701b-wo4Cc
",jiiEFKZ3/DCYrcA1VQTxP3moTmJEfBtyV5jqQQ==,Count/East Village South_2021_count.json,,,,2021-09-30,,east_village_south,,66.0,2
"https://drive.google.com/uc?export=view&id=10OjziZvZ4tZjSbMLJyin2yQCFJDP96_X
",zV1yrvucMNL5L+bv/Zqi870Rbu7yoiYfE1w7yQ==,Count/East Village South_2021_count.json,,,,2021-10-28,,east_village_south,,61.0,2
"https://drive.google.com/uc?export=view&id=1Ndqc9OsEtLjfXPCQCWbxMuArMzJwN5EJ
",qPGQMlOe+MvrpI4vSY4XbA8fyeAJCPB21hnkog==,Count/East Village South_2021_count.json,,,,2021-11-23,,east_village_south,,63.0,2
"https://drive.google.com/uc?export=view&id=10dDjnVJMllv46jIVJDIfjYoLzOYPYY6g
",jrAC5ya7vSofhfc5zK6gKuRvA16cGVf9m9J/Tw==,Count/East Village South_2021_count.json,,,,2021-12-22,,east_village_south,,54.0,2
"https://drive.google.com/uc?export=view&id=1IeJxzMWWHFFrQXwXTqDNR1AvMYR4D-jv
",+jHWpgQLHmXiPUvMrsU/sqtF5W0d5koSrCDMiQ==,Count/Cortez_2019_count.json,,,,2019-01-31,,cortez,,55.0,2
"https://drive.google.com/uc?export=view&id=1JMJ7yyUq7bi3xlyfdwf-y3o1y-Oq3vqV
",ZKpuJStIoEHkVV8emLZtAwaJsw0Y+Z7V9TD8Ag==,Count/Cortez_2019_count.json,,,,2019-02-27,,cortez,,55.0,2
"https://drive.google.com/uc?export=view&id=16LhByfOiu8yxCyqgbgLo-kYjo74P9Lpf
",dw4JIchAST+K/+2LZb0xlZ7i8azZjx8u/GjM3A==,Count/Cortez_2019_count.json,,,,2019-03-01,,cortez,,,2
"https://drive.google.com/uc?export=view&id=1oWdJ8uzEknQrG5VRbnH4R7rcCwrL7U7S
",5mJNPisC0KtQ1JpNCAV3/pXiRgHKTFAQw5ijcg==,Count/Cortez_2019_count.json,,,,2019-04-25,,cortez,,59.0,2
"https://drive.google.com/uc?export=view&id=1fQUNjvd9l2wYnIvrJxlOcTckhhxsAEYy
",Umi7jmXlbXDuFkwG71oh2GDsK9IPTaSPZs9Khg==,Count/Cortez_2019_count.json,,,,2019-05-24,,cortez,,60.0,2
"https://drive.google.com/uc?export=view&id=1PWPYt21CKo7mAu-TJUMQLPAdQMt8tXrk
",4qdFm6QRmHQs+c5l7zCQ63JINWcxbvKTKVf92w==,Count/Cortez_2019_count.json,,,,2019-06-24,,cortez,,63.0,2
"https://drive.google.com/uc?export=view&id=1BUdJuR6JmBdbcj3_kYXRbGZ6eUoM93WV
",3mbi56anzgsCqYJDUnBBqHlq93LyQHqne3Meew==,Count/Cortez_2019_count.json,,,,2019-07-24,,cortez,,73.0,2
"https://drive.google.com/uc?export=view&id=1S36wgavsEfNJ1KNksdPxMpzIN0byj1ar
",YNucnjkSIMv6GI/SVlDLFCeMi7ym9qmT2RxUng==,Count/Cortez_2019_count.json,,,,2019-08-01,,cortez,,,2
"https://drive.google.com/uc?export=view&id=1d65BkWq8AU4pLZAd7zJS1Nzf0QV5hIEa
",Rnj96B7RgDTPA2DUVhtolk5si2lEY4Za5LDeuw==,Count/Cortez_2019_count.json,,,,2019-09-01,,cortez,,,2
"https://drive.google.com/uc?export=view&id=1StcdPwYtncsFATz4PYvBvfjSSFsD-SQQ
",1R8E4ZxPduxUGpqFEQ1DO4Xr5IcsGUqXJinv2A==,Count/Cortez_2019_count.json,,,,2019-10-30,,cortez,,,2
"https://drive.google.com/uc?export=view&id=18lX4O8mCJhNhwVdkMZMunN9sV-BVoz8j
",OE2QluvhVaHCIMGxXpzWAJU7OQuAJ8L3NdHiBQ==,Count/Cortez_2019_count.json,,,,2019-11-26,,cortez,,55.0,2
"https://drive.google.com/uc?export=view&id=1K4RA6AdwysD-MDFQjIKGTOveFjotYx2o
",x/X3JTVAOqPiIAquWyYJoio2QZc7FKt0SZbZZA==,Count/Sherman Height_2022_count.json,,,,2022-01-27,,Sherman Height,,,2
"https://drive.google.com/uc?export=view&id=1gFJlbxzUqtf_ztQv_r19OEHab77K33xA
",nCUu3IwKohlxy+PgSA9msGT2/DDNzrJ74xffvw==,Count/Sherman Height_2022_count.json,,,,2022-03-01,,Sherman Height,,,2
"https://drive.google.com/uc?export=view&id=1tT4NwcMv2icpplVzFa7uuru-mUFOmvB3
",7EMVKwC3zDQqja5huZVxBh3mOpe0Puy2D7us5Q==,Count/Sherman Height_2022_count.json,,,,2022-03-29,,Sherman Height,,,2
"https://drive.google.com/uc?export=view&id=1K1Wngbe5L0nXLf0Tep4XYNsMUcrGS1NG
",2UK/C+5otyrdLqlhNJgwAN6G4jSam0wz1puqxw==,Count/Sherman Height_2022_count.json,,,,2022-04-29,,Sherman Height,,,2
"https://drive.google.com/uc?export=view&id=1DNNomGWc0g_xN1YAHTJnBuktX7hmlHHo
",I1DhgpZ1ERCpRoTBrkAwrW5QuLJCrmUAyds9cA==,Count/Sherman Height_2022_count.json,,,,2022-05-27,,Sherman Height,,,2
"https://drive.google.com/uc?export=view&id=15t2vGr61LBNvX3-5fSPna4EsAP-C7JkN
",KUKhbiDmJP0VWkfBoEugubtZfh6wv0KfA1TJqQ==,Count/Sherman Height_2022_count.json,,,,2022-06-30,,Sherman Height,,,2
"https://drive.google.com/uc?export=view&id=1iVSivlVd2RVq8IMKKc5N6V242wYxbFcs
",5M0zBuUlhECQjeGTkW6EhPAxkfcn1d35Uv7k1w==,Count/Sherman Height_2022_count.json,,,,2022-07-29,,Sherman Height,,,2
"https://drive.google.com/uc?export=view&id=1HChBmN5GQYlkhg-TBUTL7Y1a06Z_OKny
",CFeGb5IlOFlJLWobNgpHbjYHLQFpSJsTFIxE6A==,Count/Sherman Height_2022_count.json,,,,2022-08-25,,Sherman Height,,,2
"https://drive.google.com/uc?export=view&id=1i9a3WESGIPDGNUt0sl8pB0ELlIwD4CbM
",l6SeXgNmFzgyeUCPwTlUbeVle3Oo1r6tZtVOLQ==,Count/Sherman Height_2022_count.json,,,,2022-09-30,,Sherman Height,,,2
"https://drive.google.com/uc?export=view&id=1OXlHkKrTLbAyXv9FOIHHflR6e-CIE40m
",XyBJCUY4M97JMJxiL4nTfUaNFdhZLOJcAXCtlA==,Count/Sherman Height_2022_count.json,,,,2022-10-28,,Sherman Height,,,2
"https://drive.google.com/uc?export=view&id=19L17TkUjHlEg3KWkNwNXQRiITLznjoMp
",tLBbiecVH8rguZ/9rsOWuA4S/dI5CllrFd0b2w==,Count/Sherman Height_2022_count.json,,,,2022-11-23,,Sherman Height,,,2
"https://drive.google.com/uc?export=view&id=1ALAvHKbwA3_VX4g_OXoe1sUFmieYBM4y
",3bPtSqStLkQH5iEL4zYkbCIWQIU4nlyxDjDrSg==,Count/Sherman Height_2022_count.json,,,,2022-12-29,,Sherman Height,,,2
"https://drive.google.com/uc?export=view&id=1uQkdtmroSHdZTPtTU3ZJBWCht5as0Jvg
",NHwZohOC5fb3SwL59f3HuTL0nUe8TM4N6Cw8pQ==,Count/Gaslamp_2021_count.json,,,,2021-01-28,,gaslamp,,46.0,2
"https://drive.google.com/uc?export=view&id=1gCgXkpmcZKqOnJTwMip_LTcRhY5Gd52I
",Lcmj37nwRK5Gv8ohC59iEMsUMMLfzoz2wMnNEg==,Count/Gaslamp_2021_count.json,,,,2021-02-25,,gaslamp,,54.0,2
"https://drive.google.com/uc?export=view&id=1QfQ8p4FrKDI0W5Rm-zby5YG2RyCAZGEl
",CNbS7bvs9oqqp/VhSBVUHyMeGSWObXJYwMeOjQ==,Count/Gaslamp_2021_count.json,,,,2021-03-25,,gaslamp,,52.0,2
"https://drive.google.com/uc?export=view&id=1n_b46dGH00uE2lurBlBuWnp-nQBAKMke
",vfb/vgAdZqN57j7Nmn/LvDj1NWW6TyrtqN0cYQ==,Count/Gaslamp_2021_count.json,,,,2021-04-29,,gaslamp,,61.0,2
"https://drive.google.com/uc?export=view&id=1dpJLb1rFTBH0cW9NT-pdWM1vG-hAwKZw
",AZSs01otIJgO833pwFsy7ss9neK1H5/gtukggw==,Count/Gaslamp_2021_count.json,,,,2021-05-27,,gaslamp,,59.0,2
"https://drive.google.com/uc?export=view&id=1u-IZoO7Fh9T44WaBfWo6OMZ3wkO7wXTH
",JRp73OmBaA2fljD5eKI2Caft3MzgCFZrjwyCQA==,Count/Gaslamp_2021_count.json,,,,2021-06-24,,gaslamp,,,2
"https://drive.google.com/uc?export=view&id=1rZLlHmWHuiKcDJDigjen79lEJpKGNkDU
",RcKfDZy0pEpGzIE5JG+BrRS+wtDL4KoacybQnw==,Count/Gaslamp_2021_count.json,,,,2021-07-30,,gaslamp,,66.0,2
"https://drive.google.com/uc?export=view&id=1hhqQIe9jAhNzvukVUqeGwXjXbljVYr-Y
",DXUYCFgAVlVXfF7zPOogVvhCboMBPCyKvzVSKA==,Count/Gaslamp_2021_count.json,,,,2021-08-27,,gaslamp,,70.0,2
"https://drive.google.com/uc?export=view&id=1HpDf6AGMNmolh-xsWlIfYoTMHFHtmqoq
",RLXgxEYtK6Me6p5B4XyL75POyaAYj8qDeC8gnw==,Count/Gaslamp_2021_count.json,,,,2021-09-30,,gaslamp,,66.0,2
"https://drive.google.com/uc?export=view&id=12dDviqfg_Hmtj1VgNpsV3KzAgMF2o-yX
",o8cpEWDj8EWc8aRyxLvCaDL+XWr+liT6NwcwOg==,Count/Gaslamp_2021_count.json,,,,2021-10-28,,gaslamp,,61.0,2
"https://drive.google.com/uc?export=view&id=1JW88g_0-OVKaqrn6lZr1p46BEYMRQ5Jm
",Gv9TcRiXjqzauy7tPKG0jvZi7oX3THHeaQljtA==,Count/Gaslamp_2021_count.json,,,,2021-11-23,,gaslamp,,59.0,2
"https://drive.google.com/uc?export=view&id=1EiZmiO2TYnsyDsNygEQDYqqFbHoEPSBt
",P3fk7aDKgtrErNbx4Xo22zF+vPGouKhSta3HhQ==,Count/Gaslamp_2021_count.json,,,,2021-12-22,,gaslamp,,52.0,2
"https://drive.google.com/uc?export=view&id=1w_MIbQSENLw130XMboUkeJAHJ7vx_vqD
",dH2OQ805kYuOFL+BCqwAwHIGe1p/UdzT5MYxeA==,Count/Marina_2019_count.json,,,,2019-01-31,,marina,,55.0,2
"https://drive.google.com/uc?export=view&id=18y47noHf-zhJKBLsIz9eZGRwt_yab3wG
",u5jhqZJR/JPz4nHY0vTXcxK4Fd/zeLO1cuRPfg==,Count/Marina_2019_count.json,,,,2019-02-27,,marina,,55.0,2
"https://drive.google.com/uc?export=view&id=1CDmmTC4IQ2qXCwO8Om3GOZf7g3sMt4Mk
",rPRwTXGY4Try1lWGls3gXwoVy7+T/YLUDz5vwQ==,Count/Marina_2019_count.json,,,,2019-03-01,,marina,,,2
"https://drive.google.com/uc?export=view&id=1P_tEKBrXNMdCd-waVE0ETkTbGX_ZKSWI
",GjqD6+DTz6RB6kOYhyG7V371sUO1rXA9U9mR9g==,Count/Marina_2019_count.json,,,,2019-04-25,,marina,,59.0,2
"https://drive.google.com/uc?export=view&id=1_JlHjJXLcS9HBdDojQD-OU5YLcR51SfT
",mXHhTmguc3+TcIBonDml9oVgnmMNDBUkIk513g==,Count/Marina_2019_count.json,,,,2019-05-29,,marina,,60.0,2
"https://drive.google.com/uc?export=view&id=1hOImT1D1Qk3vBX5AEuwTfJ_87zlwzVvq
",b2UPAetAOI65SzrUyWpE3WbTyxZM59tktfkfcQ==,Count/Marina_2019_count.json,,,,2019-06-26,,marina,,63.0,2
"https://drive.google.com/uc?export=view&id=15w6ItGIVfcYh2AvuJJGMjTxTeFeIk0wN
",3h9CJoz6W5+Rpk3BlGSIaF5/O5+8UH/hVp/x4w==,Count/Marina_2019_count.json,,,,2019-07-24,,marina,,73.0,2
"https://drive.google.com/uc?export=view&id=1KnA6A5RHz3ecQRM6YxTsLE9ogMVCAcQJ
",zLp8B3YZAfavg1Ph9rHzOLMIBGAwK6IgYxc8ZQ==,Count/Marina_2019_count.json,,,,2019-08-01,,marina,,,2
"https://drive.google.com/uc?export=view&id=1DEuUWSBzK06nR06Jj-2O9l4naDRM-pp3
",Cg7EzDOlzxllFLzxKVjZFlfV9WAo0It5N7PeBQ==,Count/Marina_2019_count.json,,,,2019-09-01,,marina,,,1
"https://drive.google.com/uc?export=view&id=1wT3lMCoJaFsM6zcyZRySpbMlymKNPGgd
",tDxiU/KlP7CnFxg8EpI4NOmHdbIJxegll17JoA==,Count/Marina_2019_count.json,,,,2019-10-30,,marina,,,2
"https://drive.google.com/uc?export=view&id=15wGRdlmbi782SPsMS6mk8nWK7AZ4kiqG
",e9eA466c9m3OjaYCsZ3MvAFUte1BZfBglvofOA==,Count/Marina_2019_count.json,,,,2019-11-26,,marina,,55.0,2
"https://drive.google.com/uc?export=view&id=1J_KWlaYaozdQJ1-USAN01FhSfwFAdBtG
",0d9A4CT4etdoVeSqBTgd0lIiC2FoUZpywvrKrg==,Count/Golden Hill_2021_count.json,,,,2021-05-27,,Golden Hill,,,2
"https://drive.google.com/uc?export=view&id=1Lj8Ae4XUMUIRhZT5Kshm4fdKwJw2mM60
",N7lC+ghTfUQ0HcXWbOVNYcQC15IhiXzO7auJPQ==,Count/Golden Hill_2021_count.json,,,,2021-06-24,,Golden Hill,,,2
"https://drive.google.com/uc?export=view&id=1Ni4CMuvTtR9N0upCg2VwwqmsIHcvCMnH
",CpeeanixQESLAkJzqsQ31d5xCwO3lhl0ZMHMBg==,Count/Golden Hill_2021_count.json,,,,2021-07-30,,Golden Hill,,,2
"https://drive.google.com/uc?export=view&id=1oUaB206Xq46HAi5hgCjl9ncSXf9jySV9
",O6HfKn3tyB1BbKkqU3D6vHbXWtxQHj5KvnLHlw==,Count/Golden Hill_2021_count.json,,,,2021-08-27,,Golden Hill,,,2
"https://drive.google.com/uc?export=view&id=10eypInUI518GMNDszg2MJr-EkboVxDUy
",FZQ8LCmGbx5/osMSloLe9qcr5daQpQ79353K7Q==,Count/Golden Hill_2021_count.json,,,,2021-09-30,,Golden Hill,,,2
"https://drive.google.com/uc?export=view&id=1XliDGHnr69WBoWv8SH4xU-YVVMcu8nCE
",hLSBbfK1FoJ7PFJ4kfBNHxWoxbVsJ4taxcJ+qg==,Count/Golden Hill_2021_count.json,,,,2021-10-28,,Golden Hill,,,2
"https://drive.google.com/uc?export=view&id=1CyrolyyonzaZO8RZcuL485Wjcw5zHyW7
",5gyp2p8bj8gvtTROOW91WHrnf6WrC4KxaCFHTg==,Count/Golden Hill_2021_count.json,,,,2021-11-23,,Golden Hill,,,2
"https://drive.google.com/uc?export=view&id=1dEjWAZvWhexNzIad5t5Ag_kHbzk0BEgE
",bPG+NcLC6fBYoyEhFUG6vAtpx9b5/5h2w5QUWw==,Count/Golden Hill_2021_count.json,,,,2021-12-22,,Golden Hill,,,2
"https://drive.google.com/uc?export=view&id=1Ssx831bTWmZVVELGj2hlvZ3b5gemIDko
",uhpoKulnIRBIxF5htWPnt6ohDMMOUnmiok3Kbw==,Count/East Village_2022_count.json,,,,2022-01-27,,east_village,,50.0,2
"https://drive.google.com/uc?export=view&id=1-QeJIbcgTfKKXNkMe_fx-OaDeB4-mR37
",ZZEUKL1vRIDpN9EP32mwdn3KZYt1QrCpGDqkvA==,Count/East Village_2022_count.json,,,,2022-03-01,,east_village,,55.0,2
"https://drive.google.com/uc?export=view&id=1tXFmygj9QW2glxP0rchTJ9SJDQ1rufgv
",SoaI7LpLthBqFu/ckc2CMD/bJ7YbARVWKm2QHA==,Count/East Village_2022_count.json,,,,2022-03-29,,east_village,,55.0,2
"https://drive.google.com/uc?export=view&id=1qDHPHe6KdMGkq79c47PfFH7bKGS8sMxS
",fhcRjMbKV1Da2mNnvJXZWIn28t20QJTUxo2NKw==,Count/East Village_2022_count.json,,,,2022-04-29,,east_village,,58.0,2
"https://drive.google.com/uc?export=view&id=1Hg83LKkgKGFGSaghHHDAXI0K0hAla84u
",TAG0pgnY7bdE+2E0w/JrUUCmMNohVQ80bfRKbg==,Count/East Village_2022_count.json,,,,2022-05-27,,east_village,,61.0,2
"https://drive.google.com/uc?export=view&id=1cOK6q9EDwVfT0gyxgjFE-yvj-d55I3Ns
",DRbqX5B6PRXyqbQprBAc8cbZnH/Hcme84gbfeQ==,Count/East Village_2022_count.json,,,,2022-06-30,,east_village,,67.0,2
"https://drive.google.com/uc?export=view&id=10FZE_Ugccb-9KG2LZLZttwgWOhtLD47d
",wRQwrklnvm3x0tCwC29qL05dcVlvLSBNTGmvtA==,Count/East Village_2022_count.json,,,,2022-07-29,,east_village,,70.0,2
"https://drive.google.com/uc?export=view&id=1K5SwfkubWuWVL8piIkulPsAvduZavvO1
",JLqaRqDvTTI3ieZpr7VwFnuPF8ipcVQm+vdyNg==,Count/East Village_2022_count.json,,,,2022-08-25,,east_village,,68.0,2
"https://drive.google.com/uc?export=view&id=1mZcDno3R62KXS7gMMGQw4GpWC6cw5l5d
",XscZYHAb3wWaHk5ixHiS3anQkIJWhg9GuzQfTw==,Count/East Village_2022_count.json,,,,2022-09-30,,east_village,,67.0,2
"https://drive.google.com/uc?export=view&id=1c4TZ9VIZ1OUjOnCiHHNLgeGMtm2QyoL_
",ZuYHIIEQPAVgaxILCKch1WsNNiqYeyl1tk9ISQ==,Count/East Village_2022_count.json,,,,2022-10-28,,east_village,,57.0,2
"https://drive.google.com/uc?export=view&id=1gDtlOvbRcmPO30YDF9SgqE6zrldMdHO9
",lAvBoNau3gDB9pCWuM5Vq3s3xHYXpFu2Itl3AQ==,Count/East Village_2022_count.json,,,,2022-11-23,,east_village,,50.0,2
"https://drive.google.com/uc?export=view&id=1nNeqcSO6a6p0x2CDChWap13L73Ch3EV-
",I1oZ1nIoFEJoJmVb1e+t+YvhQNYWx7A018kwHw==,Count/East Village_2022_count.json,,,,2022-12-29,,east_village,,59.0,2
"https://drive.google.com/uc?export=view&id=1UD3Op4xNbhHwSnfK7Cj25n91gohY6TAL
",IBNpc5GBo90B6jo2rrLrU4tlrSAdtYQ++998LQ==,Count/Marina_2020_count.json,,,,2021-01-01,,marina,,48.0,2
"https://drive.google.com/uc?export=view&id=1JFEdT1InoKSVAD-6X5a9kQfV5mwCzMiQ
",7lKO/g/xNUZelbtmPD7JLeOda8DaUm1JTp4Grw==,Count/Marina_2020_count.json,,,,2020-02-26,,marina,,55.0,2
"https://drive.google.com/uc?export=view&id=1gOFPSCrJPSuriO_ve7kDBUTClY_d8b1G
",PuQF6nnlm9Vp75/vGtZTZRgRn5AT4FmXyme/9w==,Count/Marina_2020_count.json,,,,2020-03-26,,marina,,55.0,1
"https://drive.google.com/uc?export=view&id=1vQUF6aqPn9reM5YI4RFU9xSimm5aHENe
",dC/XliN4iQ0qC6t8q+mop/huZmsnYKMpKfzBdQ==,Count/Marina_2020_count.json,,,,2020-04-30,,marina,,63.0,2
"https://drive.google.com/uc?export=view&id=1hlmmocPlwu5nPlDCdLO6JPyQ1S-kaiEw
",53YN5tbm8FKt6/bVejBtM4yXkK3QMRDOj45QqA==,Count/Marina_2020_count.json,,,,2020-05-28,,marina,,,2
"https://drive.google.com/uc?export=view&id=1J1b0sUxuyqEmC7AaUe_5p0343qKGJHFa
",yh/sTgPwfnukfjS0HrRXbhMIh+VWO4jzyPJmfg==,Count/Marina_2020_count.json,,,,2020-06-25,,marina,,60.0,2
"https://drive.google.com/uc?export=view&id=1CI1QNuPoHTmeSsF6_z_dpRrjcd7KNYe6
",CoW+dtSgZtpX/zy77A0T1wIZMfqslNEn9NZqxQ==,Count/Marina_2020_count.json,,,,2020-07-29,,marina,,,2
"https://drive.google.com/uc?export=view&id=1gIT3PK90FCP09tPyJyKsBNSgrxGCZrBp
",UF6AhC4d/Dqql6bDCoB/cREI0iQQ9OQhFVfApQ==,Count/Marina_2020_count.json,,,,2020-08-27,,marina,,76.0,2
"https://drive.google.com/uc?export=view&id=1mfxxTSnkaKBtHk7JoE9ibBfBqZ5oPM8Y
",+KhFp1wpVQh6VhTacx2OYCQjxXp7+YNl+QZgZw==,Count/Marina_2020_count.json,,,,2020-09-29,,marina,,,2
"https://drive.google.com/uc?export=view&id=1ozG0BfcPLX0PSswEG7RCDYOIavfUYdJI
",un552l89PBVHJwAIp/cnf/+SfwDtBAh6yQwyEg==,Count/Marina_2020_count.json,,,,2020-10-29,,marina,,61.0,2
"https://drive.google.com/uc?export=view&id=1u27CEEdNHSL-lM3oIgMFrLjG6mfEdrgw
",2uuzanE0p9mAz7aVQVKZefCroXB++llDznlkZg==,Count/Marina_2020_count.json,,,,2020-11-24,,marina,,59.0,2
"https://drive.google.com/uc?export=view&id=1Jyyt1IZT0D8H2ybdfz_AYhrI8q7awY_Q
",UBS2tsW627YbLh6v1wjVIU/ZpTXbQ89AfzQx9A==,Count/Marina_2020_count.json,,,,2020-12-29,,marina,,53.0,1
"https://drive.google.com/uc?export=view&id=1P-99KGv2QOerVrwIya1OO_rslVRvFTEX
",m0T6QN0BPaJlL7gzA8bCfhAuync1Fc5vnFol1w==,Count/East Village_2021_count.json,,,,2021-01-28,,east_village,,46.0,2
"https://drive.google.com/uc?export=view&id=1E-rqKtmpl6ctbo6TOpJt5qLaCeaC0LQz
",O5dYbyum/VL8irJ3bEegdjHky2ZB56a8NI24zw==,Count/East Village_2021_count.json,,,,2021-02-25,,east_village,,55.0,2
"https://drive.google.com/uc?export=view&id=15KR9PvnzMmBqK9EJM9XCX_ofRzauAM_c
",VLUVJIKKMjlJBKCvEHF5Xyzns2L3CXTLk4BAxg==,Count/East Village_2021_count.json,,,,2021-03-25,,east_village,,54.0,2
"https://drive.google.com/uc?export=view&id=1A90uJvViHXDXuHX2EF3M7IBkOg2MM--k
",E7mOtnrixAQFVOcWvJstxEnE2vL5jiFdLdHO+Q==,Count/East Village_2021_count.json,,,,2021-04-29,,east_village,,61.0,2
"https://drive.google.com/uc?export=view&id=1ZIAx8yEhyotF8dyfmpTAwT9sXpMbMgdc
",0hdJao1dTNFWxdxjlm23yNNVPENK6/zV6me+1A==,Count/East Village_2021_count.json,,,,2021-05-27,,east_village,,59.0,2
"https://drive.google.com/uc?export=view&id=1xhv82ZGXauHF6BoSEozqHXTfgB5p9-1l
",NgGNkXD9phgaWwtgIRDOm1bh0r166NS3zScCQg==,Count/East Village_2021_count.json,,,,2021-06-24,,east_village,,,2
"https://drive.google.com/uc?export=view&id=1Xy-jCfOGxR-1YtWPsVyDcPrHvDel_Nd0
",gRGlzo3RPIC6JDiye9SB1fuG0dIMsg7OXlQPMg==,Count/East Village_2021_count.json,,,,2021-07-30,,east_village,,66.0,2
"https://drive.google.com/uc?export=view&id=1qzG4-qufZj61sJNA3IjWOKOVzKQLIlsc
",YL1V+xfmB/S4UQWUca+kVgZvp2IM6AJIV81g7A==,Count/East Village_2021_count.json,,,,2021-08-27,,east_village,,72.0,2
"https://drive.google.com/uc?export=view&id=1EIxcZFlQKzCS3NVnngPnXiWhWR2Cd3KV
",h2JHxSnvBev5m5h8VHF9jKiaH5cUvMI1N15rVQ==,Count/East Village_2021_count.json,,,,2021-09-30,,east_village,,66.0,2
"https://drive.google.com/uc?export=view&id=17u-u5Cfi3KgctfnUCXQca05RmbMosKQI
",0CG/MwpuLtStNe9xbi/FtV/wLZZenVBa3+VQtQ==,Count/East Village_2021_count.json,,,,2021-10-28,,east_village,,61.0,2
"https://drive.google.com/uc?export=view&id=1trG7IalPt7HVmiA7vLtCXb4JbGTP_DJi
",eM3gYyxmUxoZpaaP100M6TBZmN0QuoAs1RW8LQ==,Count/East Village_2021_count.json,,,,2021-11-23,,east_village,,61.0,2
"https://drive.google.com/uc?export=view&id=1Yx7z3xyj9cD1G2Ku24s_vcgTq838S5Wx
",EqZdSjXCmkWES+32NXN2D/t5gNIhbV61OnA/cw==,Count/East Village_2021_count.json,,,,2021-12-22,,east_village,,54.0,2
"https://drive.google.com/uc?export=view&id=1Q4x2iIaHC75CqCjXXjeYfXsJQz0mBfsK
",sXtlAYf+Be8lK2gTMHHufCjX+K4gS78gTUiumA==,Count/Golden Hill_2022_count.json,,,,2022-01-27,,Golden Hill,,,2
"https://drive.google.com/uc?export=view&id=1JSIEabY8kTqdC_qkXz375cWLupdv1tAk
",OZSKiKM+FlXL2nGOeaVGQNKBLw166QwD4Rwurg==,Count/Golden Hill_2022_count.json,,,,2022-03-01,,Golden Hill,,,2
"https://drive.google.com/uc?export=view&id=1KwHt3C67z3HN6nw50xMsC9waz6uJU1g_
",fQ7a68wWGf73wquyg0tgiCDeWRWfaufDd+ZCvw==,Count/Golden Hill_2022_count.json,,,,2022-03-29,,Golden Hill,,,2
"https://drive.google.com/uc?export=view&id=1NFvPYQ3xNrgUvAMY90Tbd03s4URl8o2l
",7QEtx+GoJYAqj2IzV/y6MqspC0QidjIpse5olw==,Count/Golden Hill_2022_count.json,,,,2022-04-29,,Golden Hill,,,2
"https://drive.google.com/uc?export=view&id=1axODAzv9BOjVlHQBtpIqD7qKaHV4Uh3M
",Envm0PAmMmErSkZ3gnPltdlJFEFXxt7ZHnpcSQ==,Count/Golden Hill_2022_count.json,,,,2022-05-27,,Golden Hill,,,2
"https://drive.google.com/uc?export=view&id=1J-GTAS2jGlqQm1OzvJy9qjc_s54Mx2cH
",fpSIaQDtnBvc8Z0qEPLPK/rxuQPex1rComxt1A==,Count/Golden Hill_2022_count.json,,,,2022-06-30,,Golden Hill,,,2
"https://drive.google.com/uc?export=view&id=1q3H3KCSD9WyZAzY_7KJuJBTZq_-h3hz2
",sKOjTLTwU5Kj1XcKkZqV49kebPcCh08FU66iIQ==,Count/Golden Hill_2022_count.json,,,,2022-07-29,,Golden Hill,,,2
"https://drive.google.com/uc?export=view&id=1O0MzwTQf-NJU4jGZoFE5nL8MFg90QfXL
",QivMxOogLWWFxfeK/ZnOMEvPrAETYRnxjRn0OA==,Count/Golden Hill_2022_count.json,,,,2022-08-25,,Golden Hill,,,2
"https://drive.google.com/uc?export=view&id=1X-xvLNyfWDjB_ACiVBUL6DMVXiSHjq1m
",COM35+TzGAnprz7gZzG3taBwxU8FK9/MsbPOIw==,Count/Golden Hill_2022_count.json,,,,2022-09-30,,Golden Hill,,,2
"https://drive.google.com/uc?export=view&id=1jeZZ-m2a5oOvNFTjk2vGhNYveYE46Nnj
",DfxRB8lt9+KI49/mWbMjMscf+SiuQkctKRsdfw==,Count/Golden Hill_2022_count.json,,,,2022-10-28,,Golden Hill,,,2
"https://drive.google.com/uc?export=view&id=16RvN_pUoYTAhs4p3razhBqcOhjNwNOfL
",mnsagNtC4IR0NFkyOA3CHdGPo2aYrohKjOsufQ==,Count/Golden Hill_2022_count.json,,,,2022-11-23,,Golden Hill,,,2
"https://drive.google.com/uc?export=view&id=1936wwkS_urDIm0KY2XVJpT9t-9lVnWmv
",wyCDQBf3Gxczdu9ZEOTSTa2G6g4yr9mDSacKwQ==,Count/Golden Hill_2022_count.json,,,,2022-12-29,,Golden Hill,,,2
"https://drive.google.com/uc?export=view&id=1-quXvc0GNjU7svP4tIIK4wqNEpNSno88
",TL4CuJjJPHnBSKcLDVBl+ozuVBQ8wofQnSR44g==,Count/City Center_2021_count.json,,,,2021-01-28,,City Center,,46.0,2
"https://drive.google.com/uc?export=view&id=1cFqbXlMFV5V-ppHDuntQkmgIONI8juWS
",6fpLg9FuQFgJ+kF+LiaWfjR4vc97qD0pPm2WLQ==,Count/City Center_2021_count.json,,,,2021-02-25,,City Center,,55.0,2
"https://drive.google.com/uc?export=view&id=1f9Zr_0JkeOIKeBJTIOWK2N9_FihSM2GR
",cNvyDI2TJF69uC+uEMe5IwntHZrUfJMfnxH36A==,Count/City Center_2021_count.json,,,,2021-03-25,,City Center,,54.0,2
"https://drive.google.com/uc?export=view&id=1H8eqGjzxVmD9FEqtSwX46gxOinjPMomE
",r8sy73Vp1xKZmXOotMoTEQ66SCIQ3xDQsOC6ag==,Count/City Center_2021_count.json,,,,2021-04-29,,City Center,,61.0,2
"https://drive.google.com/uc?export=view&id=1uq3RrEHYVCsQ9s-HICa3pfu7b2i7iKIn
",DTbf/bfxLQkbxeG35puq7rd2RQQvit+FfI0rOA==,Count/City Center_2021_count.json,,,,2021-05-27,,City Center,,59.0,2
"https://drive.google.com/uc?export=view&id=1XHcELSmWLCUGqZa0HQ7lez2UoYwbwBET
",KiFly+xqv3w7jg0dNQnZ+sTffZNiIFPAjIzTiA==,Count/City Center_2021_count.json,,,,2021-06-01,,City Center,,,2
"https://drive.google.com/uc?export=view&id=1oFE1MChhntKGyV3rTDH9OGSiNFGksDDo
",074Ff+7JulijIt2ilzjv+wOI+UMHjQu4CXh3UA==,Count/City Center_2021_count.json,,,,2021-07-30,,City Center,,66.0,2
"https://drive.google.com/uc?export=view&id=1TPcrSFjPgEr553QdR933vFd8-C7pmzuV
",0h/G9XB8sOqLnZXq0IvzLv75osPZaD3Na71f2w==,Count/City Center_2021_count.json,,,,2021-08-27,,City Center,,70.0,2
"https://drive.google.com/uc?export=view&id=1DjUZoFEg_hAagWyrG_sNkC7FnmL7LJcR
",49BTWDIrpgteZ916WNeve0o4gLvWTdKv4tE1xQ==,Count/City Center_2021_count.json,,,,2021-09-30,,City Center,,66.0,2
"https://drive.google.com/uc?export=view&id=1Nk2roOnNWz_zJGq_kr6RMLkt8WC1kDLP
",Wfs66FdkqFwQg9CDQn4cEsEudFW+6I0QUTf1+w==,Count/City Center_2021_count.json,,,,2021-10-28,,City Center,,61.0,2
"https://drive.google.com/uc?export=view&id=1CFjNNuZZ1Z26WcVPjN2N1pVdRJyCLpe1
",zb9FiA8HzMicV+Fwqx1wFozPW7uDMml2BxO+Yg==,Count/City Center_2021_count.json,,,,2021-11-23,,City Center,,59.0,2
"https://drive.google.com/uc?export=view&id=1O5Lauo5EWQ60TcILmDn2QPdIUpLcFNzo
",oZggPUQcQkbD38+f3hUKJMC8F9fn8CuWLqBPpw==,Count/City Center_2021_count.json,,,,2021-12-22,,City Center,,54.0,2
"https://drive.google.com/uc?export=view&id=12xgzo05bPEMmcr-0MFAiFE86s6rOtoJP
",s2rCyJjus9+CUoR4yIzdj9uJibAvgtaUoFNDlg==,Count/Columbia_2022_count.json,,,,2022-01-27,,columbia,,48.0,2
"https://drive.google.com/uc?export=view&id=1kbs9tKp_DnRtg8NzNhTMaPj7H0n_NJLx
",ArVZ4Ai/c3LatpryStc3dMXK+Wpr0r4JWptzkg==,Count/Columbia_2022_count.json,,,,2022-03-01,,columbia,,54.0,2
"https://drive.google.com/uc?export=view&id=1L8_xGqJ3fQBN4SXvcPEF4AFiZPdfRU9p
",yHN23gdpg9dndD+27swmT248u7nW+V3FmfhZUw==,Count/Columbia_2022_count.json,,,,2022-03-29,,columbia,,55.0,2
"https://drive.google.com/uc?export=view&id=1992xIeDr6Iz4_JbmbPMYx2hrj09tbJWc
",PTir/xPV1UV2zgLVSmRL0uJjBmuw0u45pdKisA==,Count/Columbia_2022_count.json,,,,2022-04-29,,columbia,,55.0,2
"https://drive.google.com/uc?export=view&id=1Aha-nSDs4PaLlzNY5FpqoVk75YNx4O4L
",9Oe1ymGwPfgIKhlAV7N5OzBEoc4hgbDtOCYaow==,Count/Columbia_2022_count.json,,,,2022-05-27,,columbia,,61.0,2
"https://drive.google.com/uc?export=view&id=14TC9eKafp9urJCWqbYstOT12IHHR9S4y
",S3g+/68vNwVEGcsPyGST7i414InnW8v3jXDDsw==,Count/Columbia_2022_count.json,,,,2022-06-30,,columbia,,67.0,2
"https://drive.google.com/uc?export=view&id=1SA4OWaWMnQXBYICf6Njf6ej42a5o-ofk
",huaxFHRvMaGjtBJJImtxXIZ0PPke2TNEPbFAiw==,Count/Columbia_2022_count.json,,,,2022-07-29,,columbia,,70.0,2
"https://drive.google.com/uc?export=view&id=13Je-_TyQWnLgyL00FxAb9lidW7MXBHm2
",ilO/vxehq2edESsRYmnGzIRjKjytz8Vp6QyUNg==,Count/Columbia_2022_count.json,,,,2022-08-25,,columbia,,68.0,2
"https://drive.google.com/uc?export=view&id=1_43cswrv_720AiCAfmFTj0HgShwyFbwD
",Y+IoJNc/DJ8A3ibzV7koL7/ZgPDLteuqmxLr5w==,Count/Columbia_2022_count.json,,,,2022-09-30,,columbia,,67.0,2
"https://drive.google.com/uc?export=view&id=15DJzhLMSWYnJW4mpPCAjoRB5jTPBp1qY
",jtKVTbYrwZasfB6C0rq3C8xjWyqn8UyVLQi/tw==,Count/Columbia_2022_count.json,,,,2022-10-28,,columbia,,57.0,2
"https://drive.google.com/uc?export=view&id=1dqnu1felW8hJJRSoMp_KRTrDDWLauYqp
",CFFn27U9xs1HnHHqCo6gcHiBFm1f6LJ5eiywnw==,Count/Columbia_2022_count.json,,,,2022-11-23,,columbia,,50.0,2
"https://drive.google.com/uc?export=view&id=18cb76MUM8c-HRpLaDt9jCZf2jGYhBb7c
",GVhApCxK3BmuDK+iq/G5iokqg6P7e8l2FzJbTQ==,Count/Columbia_2022_count.json,,,,2022-12-29,,columbia,,59.0,2
"https://drive.google.com/uc?export=view&id=17t2YDy4VwYw35yfGHiDyXSFhRt9ln7z4
",Oc79rc1plmDBbKEF38sCYBZVrpYASg9owAgGpQ==,Count/East Village South_2022_count.json,,,,2022-01-27,,east_village_south,,52.0,2
"https://drive.google.com/uc?export=view&id=1MG2VAO_3135Qm4lteKZJeBlmXrbfAPrJ
",pTrwKJ1MoJmqS9g3MW8/6hlYIcMF7rR6VHKVfA==,Count/East Village South_2022_count.json,,,,2022-02-01,,east_village_south,,56.0,2
"https://drive.google.com/uc?export=view&id=13VnDPxFccuyacazTWbUVlSEGj4hBi1JQ
",HDTqXviBKKME1swiMspT/vZFIE0h3uoP+WejGw==,Count/East Village South_2022_count.json,,,,2022-03-29,,east_village_south,,55.0,2
"https://drive.google.com/uc?export=view&id=1BcQDPzWGhFnWJHcc0ZtsY7WZGBfRu8w-
",hFpnCwNQu+rFlVazWWYbpt45RjINvIoTdcs9rw==,Count/East Village South_2022_count.json,,,,2022-04-29,,east_village_south,,58.0,2
"https://drive.google.com/uc?export=view&id=1dHge2A2RJaA3FH2wyDLrtgDr5PS5Ns5_
",G/WMIWas97eFhDVJ0Oy2z4n3YRg89/9i3mRi4Q==,Count/East Village South_2022_count.json,,,,2022-05-27,,east_village_south,,61.0,2
"https://drive.google.com/uc?export=view&id=1WXVznBYZmcfHR88fmY9WGDJPyJgBmBIj
",TiMwgsijwlPd7JhbUP+lVhxVxfG3r0v5Q48Adg==,Count/East Village South_2022_count.json,,,,2022-06-22,,east_village_south,,67.0,2
"https://drive.google.com/uc?export=view&id=1s64grHT85OJZblAugXjzHdwg-MlDmPmi
",huLdmNREvxC+L5OJlDGz0o3bEr8Z69ljd5h1xQ==,Count/East Village South_2022_count.json,,,,2022-07-29,,east_village_south,,70.0,2
"https://drive.google.com/uc?export=view&id=1DJM-aYOV6fayWjWJrUhnV3SBGYlY7WVY
",iVrvWiNuTT6Rf/1ywHVn97uXMMA/C/i0kfGAYw==,Count/East Village South_2022_count.json,,,,2022-08-25,,east_village_south,,68.0,2
"https://drive.google.com/uc?export=view&id=1Q_al-1u42wkGFVsZtnWS2l0Ol7QjR3zb
",nR9OhVJiQdf8wvTgQ2+4BaeKdjafaH0Lzhn4WA==,Count/East Village South_2022_count.json,,,,2022-09-30,,east_village_south,,67.0,2
"https://drive.google.com/uc?export=view&id=1DkAPadlZe5TuiCLbquZdwWg_ZoWoeKyh
",Q/GazQyeLuoNcgRjB/WjjTcMZO+pzvg76KvNfw==,Count/East Village South_2022_count.json,,,,2022-10-28,,east_village_south,,57.0,2
"https://drive.google.com/uc?export=view&id=1HBGN6jb_1H3tC2eBYnHRbO_WjGBiL9Zu
",AAeRkBylEBrBSblpTbv3k+XKWNqEG4rGaq3+ew==,Count/East Village South_2022_count.json,,,,2022-11-23,,east_village_south,,50.0,2
"https://drive.google.com/uc?export=view&id=1Q6FrnqKT2ILGjcnYnNtozfDL9jgy2Iww
",71GiX/f7QvxFy523CQsqxAEzneITT4mvDe8tjg==,Count/East Village South_2022_count.json,,,,2022-12-29,,east_village_south,,,2
"https://drive.google.com/uc?export=view&id=1KzODuR2syysVKBOjkTq0LcG8bNGuQ--3
",Xq9AAI6uuxWpFJoLfZSgkxIDK0CSd80hNk9BDA==,Count/Cortez_2020_count.json,,,,2020-01-01,,cortez,,48.0,2
"https://drive.google.com/uc?export=view&id=1ty9xqXqc4GWUkbTVqt8lGMZce0TMCXU0
",dyYABQX8McZuY5Xxp57kx0j8pjkD0owQtBsOLA==,Count/Cortez_2020_count.json,,,,2020-02-26,,cortez,,55.0,2
"https://drive.google.com/uc?export=view&id=16XnK8mHJUZhc_DrTdIMVypIAJzUnSgPP
",GLdm/4rCiOTUawQ1QNrPu061hbpSfaVyBxHUbw==,Count/Cortez_2020_count.json,,,,2020-03-26,,cortez,,55.0,1
"https://drive.google.com/uc?export=view&id=1AjO-sR0EmucecxO49bFDsqgCwXOEYGOt
",w3MLmsvjah+JirikzfEO9VWbpKkbas4mM04Pjg==,Count/Cortez_2020_count.json,,,,2020-04-30,,cortez,,,2
"https://drive.google.com/uc?export=view&id=136oiqanNwgEDEKxI5LyX8jPx36dH0RPh
",/XTB1cbuP+KIFcNrj4G40iLwHA2ZOXLMUvgHxw==,Count/Cortez_2020_count.json,,,,2020-05-01,,cortez,,,2
"https://drive.google.com/uc?export=view&id=18HzcQ0AY9rdQ4Q4glwMBmYIVqgkBq751
",mRik0+xDdhbzrk3HimT+w5XhN/dCNxwfT1wqxg==,Count/Cortez_2020_count.json,,,,2020-06-25,,cortez,,60.0,2
"https://drive.google.com/uc?export=view&id=1lHJALPX7f5s6Qoc4hOjirf1K1w-SGosH
",3xQ3e84EPbTOsQhGoO75CesdePLjYX7PO0PRIw==,Count/Cortez_2020_count.json,,,,2020-07-29,,cortez,,64.0,2
"https://drive.google.com/uc?export=view&id=1p8Jb1OdwlCRMH7EM22d6eBKEszBmV7-e
",mmd/mb2SaETBJOYnjNakUi8dYGADqtd0XkBSow==,Count/Cortez_2020_count.json,,,,2020-08-27,,cortez,,74.0,2
"https://drive.google.com/uc?export=view&id=1JeIO3LT9B-za2nQy_VA-HvjfwIRn15hu
",lq8xmBnfZucAxu/z7BODuHp2nFrO/L8HuXM2cg==,Count/Cortez_2020_count.json,,,,2020-09-29,,cortez,,70.0,2
"https://drive.google.com/uc?export=view&id=1qDVzD2hVI7yW34CPEqew_V_OcB3Kv6zf
",Tbkb+y/tirevb0HiU5d4bbp80klHOyHHXYewpA==,Count/Cortez_2020_count.json,,,,2020-10-29,,cortez,,61.0,2
"https://drive.google.com/uc?export=view&id=14tuVLLM1NPGz3TeiYoM8GNJg5aetSylq
",9Cy5s6nfF+q1oplH2z6Pd1YIv9dnqxGWAd9hVQ==,Count/Cortez_2020_count.json,,,,2020-11-24,,cortez,,59.0,2
"https://drive.google.com/uc?export=view&id=1IMsurPTfAepRTIhJi8a_J0bST1hY6E-i
",PWI2WsOQcUkftZ9lHxhnoLJkZE3NbjCraYfosA==,Count/Cortez_2020_count.json,,,,2020-12-29,,cortez,,53.0,1
"https://drive.google.com/uc?export=view&id=1fkcIu-pbR9lz7Ipu76-TIA6SuuEYEm37
",jsVmEzSkOvI38aVnVNz2uEicnl+7C/DIqNJErw==,Count/Sherman Height_2021_count.json,,,,2021-05-27,,Sherman Height,,,2
"https://drive.google.com/uc?export=view&id=12SDFZYyZdtZIno3Qmp3226xwEt4aObbz
",rqvbzq81pQpBVyqwLWOHDgQu2uKnS13HwSnBmg==,Count/Sherman Height_2021_count.json,,,,2021-06-24,,Sherman Height,,,2
"https://drive.google.com/uc?export=view&id=1Zb2WTZlz7sHgCeeAZTcFYmrFFw2Y_gZp
",qigQghJ5wDAE8fND/NweEX5D6Q31IaONA4bKcA==,Count/Sherman Height_2021_count.json,,,,2021-07-30,,Sherman Height,,,2
"https://drive.google.com/uc?export=view&id=1aQedr8rzCfNHYkL2_R-GfU1YeGwRFi67
",4WUtqJH6dT9/iqV20169nin7j+YdfcHUTWTY4Q==,Count/Sherman Height_2021_count.json,,,,2021-08-27,,Sherman Height,,,2
"https://drive.google.com/uc?export=view&id=1OqB_YymJncu2TjN1q2bI5lwBykbJNCk5
",i2uIrp7lqWwHc9FOdx4r/lWU2RTZsLmwitfafQ==,Count/Sherman Height_2021_count.json,,,,2021-09-30,,Sherman Height,,,2
"https://drive.google.com/uc?export=view&id=1YSr11zVKNsp4EL-XojZkwd4MYLHY9pfW
",i1skO+2qSnoXO9QDouplz1fUaDNKhQeGKRfwvw==,Count/Sherman Height_2021_count.json,,,,2021-10-28,,Sherman Height,,,2
"https://drive.google.com/uc?export=view&id=1Mys0HZa10JcA3LcTxCvMQSONGlFgYXQd
",9Xj+l4zCYIjNkm6WhDxNdNdY11F7jzl7GRGh9g==,Count/Sherman Height_2021_count.json,,,,2021-11-23,,Sherman Height,,,2
"https://drive.google.com/uc?export=view&id=1VfIM7eh6vMEsGvLbBSB6UUzApd3Vsup_
",alc1JwGyI93EYVlAT64a87oWlWyNuT4dGXDd8Q==,Count/Sherman Height_2021_count.json,,,,2021-12-22,,Sherman Height,,,2
"https://drive.google.com/uc?export=view&id=1wRDD6VqlX6PNHG5stKR8bZcFPAOm7OK7
",TDnLimvvTCWt+48PkNWAf7x+0ih9+8xyvh8klg==,Count/Gaslamp_2022_count.json,,,,2022-01-27,,gaslamp,,48.0,2
"https://drive.google.com/uc?export=view&id=1Rzx7_fNun25_2Qd8RUYrv2Opr5iYDd25
",/39ZVqD9wgYgQVuFuG621XP2fsV8wCef+Eg2YQ==,Count/Gaslamp_2022_count.json,,,,2022-03-01,,gaslamp,,54.0,2
"https://drive.google.com/uc?export=view&id=14ZC0OBtrk75PFSEU2_oXOjw2SWCDB6h6
",6i9/t7rft2jDLK3HAfehPU+FrSkm+pvByWHmgg==,Count/Gaslamp_2022_count.json,,,,2022-03-29,,gaslamp,,55.0,2
"https://drive.google.com/uc?export=view&id=1Jk1p94LmGAcG2lO0Hjdw1LuTrCez_13M
",ktQQnkzbRu+nqcyoJ8U0G4sbtf0oTrb4TgoNYQ==,Count/Gaslamp_2022_count.json,,,,2022-04-29,,gaslamp,,56.0,2
"https://drive.google.com/uc?export=view&id=1eBlW6LuQbrqb3BQsdcsj7mOqzIFRkT8Z
",xCtBhxuqJWDBT+2bIa45YLXc2Y8f51/IFT8EXA==,Count/Gaslamp_2022_count.json,,,,2022-05-27,,gaslamp,,61.0,2
"https://drive.google.com/uc?export=view&id=1XjBhIT8xcavDqORne2ZC1DUZx7H5k648
",nQAUPemYV3jy2dNQmq+sd+/V54RdmwTQTWkpkA==,Count/Gaslamp_2022_count.json,,,,2022-06-30,,gaslamp,,67.0,2
"https://drive.google.com/uc?export=view&id=1wNfjk1R7D97L_OVtpSv3E2YbjwesXa3K
",5mI/PvEn4D11DhVB9zfv0vbSL+lBeaqW/tHdeA==,Count/Gaslamp_2022_count.json,,,,2022-07-29,,gaslamp,,70.0,2
"https://drive.google.com/uc?export=view&id=1rM52xBz0FWtUbDA6pTrP3AMvgq_-ekCd
",xQN6UUJ7/o+lb+kX+4HNmxZlaK3uiMUzT7VSmg==,Count/Gaslamp_2022_count.json,,,,2022-08-25,,gaslamp,,68.0,2
"https://drive.google.com/uc?export=view&id=1XWOXBlVw3SjnIVLkd77jm0Xdj_an0v0A
",t81cBdAjk7mwXkkph2wEeAfsqm/27xS38/RM4A==,Count/Gaslamp_2022_count.json,,,,2022-09-30,,gaslamp,,67.0,2
"https://drive.google.com/uc?export=view&id=1-fX8Zc7gzmQjgGR5MEohf8lPONb6_q69
",rDEXsUiA/5THFWH+uBeot6bjTPE5xGQebMJ2YQ==,Count/Gaslamp_2022_count.json,,,,2022-10-28,,gaslamp,,57.0,2
"https://drive.google.com/uc?export=view&id=1fM6cN3rVVW3WIFctsvqkbYV379zbOwY2
",r0ujMzdDTdRJcbPGjXhTtnryCVu+PAjPJR6qZg==,Count/Gaslamp_2022_count.json,,,,2022-11-23,,gaslamp,,50.0,2
"https://drive.google.com/uc?export=view&id=1PthnzWCvVV-rRKyVt3EXOiHj5bspYw1e
",Otoo0HgPSBidZcy2vmlgPeKA075R92cvZb05zA==,Count/Gaslamp_2022_count.json,,,,2022-12-29,,gaslamp,,59.0,2
"https://drive.google.com/uc?export=view&id=1v2t9rbfMhyDSTYhdrJyVDFqqO4ao9GwT
",Ld9geIJm/qAg1jIQ8M8ByfcvmNDT0/6pgP0tEA==,Count/Marina_2022_count.json,,,,2022-01-27,,marina,,48.0,2
"https://drive.google.com/uc?export=view&id=134U0zDvtSC3u-Ykoi4877xBFEGgbERxB
",rov4NzkvkMx98tdxICPbAIbS2jO+3OYE03eEuQ==,Count/Marina_2022_count.json,,,,2022-03-01,,marina,,54.0,2
"https://drive.google.com/uc?export=view&id=1mXGPg6Z2ECh0VObEMqr74iaF6IlN1AlR
",mQ3fr1TCaRia2UgZD7RXL/2vVIEvS5l6kzPRgg==,Count/Marina_2022_count.json,,,,2022-03-29,,marina,,55.0,2
"https://drive.google.com/uc?export=view&id=1vnrIRBHIfn0N0GKFQIumygirrUXdAn-U
",vrpeME3p3JnMkmN/vajmBNr90MHgdoEJ28V3SQ==,Count/Marina_2022_count.json,,,,2022-04-29,,marina,,55.0,2
"https://drive.google.com/uc?export=view&id=1dotg69Glm_Sc-BRcJSsBOsYPax3_j__G
",wb6yFEV0C9nA8Jc9AT/eJtAmmpWzhEXkyzGUgw==,Count/Marina_2022_count.json,,,,2022-05-27,,marina,,61.0,2
"https://drive.google.com/uc?export=view&id=1tzi0phjEbIeDjGEWOv3orNBu-vdMadnC
",aEVJe+SiFpHQeDJyq6Yjnri7muqkCZ2JVLQF6g==,Count/Marina_2022_count.json,,,,2022-06-30,,marina,,67.0,2
"https://drive.google.com/uc?export=view&id=1FvvFuLvS2PQ3Ru4OKrq_akVZaUCIV5TI
",WK5P0Uk2FZmUJ+ba9wQMDEgiie6eQWXA4MF8JQ==,Count/Marina_2022_count.json,,,,2022-07-29,,marina,,70.0,2
"https://drive.google.com/uc?export=view&id=11YYBXszE_I7x663zeX70_t8vxvgYTsLn
",nlI7oyMIGkBaUR5h8FMIlm3uy34O+DYdLW9VmQ==,Count/Marina_2022_count.json,,,,2022-08-25,,marina,,68.0,2
"https://drive.google.com/uc?export=view&id=1U5RtrB7adzZE43rtcKKz7YEVA507Ilxt
",JHRDMfnuf5WkIQSM3ghAUvcxBoHnv7KyfF2b6g==,Count/Marina_2022_count.json,,,,2022-09-30,,marina,,,2
"https://drive.google.com/uc?export=view&id=145uEVJZMg7wIt1-fw9v_j5CEGa7Y6hSo
",rEq+jGsFqCNOhOvRdDB6n06s4gllYw+JzJV82g==,Count/Marina_2022_count.json,,,,2022-10-28,,marina,,57.0,2
"https://drive.google.com/uc?export=view&id=1GIMbJxOWhw_4nmETgOYpN5WhplYzkaZy
",9hFABm1pFxnqUCg9u7hvE/H4WP7XpnDkzB6skA==,Count/Marina_2022_count.json,,,,2022-11-23,,marina,,50.0,2
"https://drive.google.com/uc?export=view&id=1rh0JD8wVFi4zIV-WbP3D5sH_9VTLbi4G
",i+lUhnoGrmHILq1ljG0edpk5zel/udPa4N0Y0A==,Count/Marina_2022_count.json,,,,2022-12-29,,marina,,59.0,2
"https://drive.google.com/uc?export=view&id=1LQ_PRKI0k0LimFVuGAI_wEfuiJq6c6Yn
",vImfDXzgKikvy/cSYXXcPeQ0EFjTbvhQhS9zhg==,Count/East Village_2019_count.json,,,,2019-01-31,,east_village,,55.0,2
"https://drive.google.com/uc?export=view&id=1MisQCJiDe2LpfZ-LlgGuRVVkAYNMiYjQ
",9NHVk/q6WuuBHfzJ+66o66l4BTRGFgeP0Ax7cA==,Count/East Village_2019_count.json,,,,2019-02-27,,east_village,,55.0,2
"https://drive.google.com/uc?export=view&id=1Jf_LL8gBgCUjvVw55aLLidO0D7zXIzC7
",SQoa3GYMkw8H3n1bhD+pJ6rJ7tTmF1DB5wDsqg==,Count/East Village_2019_count.json,,,,2019-03-01,,east_village,,,2
"https://drive.google.com/uc?export=view&id=1wol81xePB0Akl-6boE0wPYy5CI2J5rw4
",EBp8rVskDTsgV6BPl1Q5C86l3b3g7pno5obpuA==,Count/East Village_2019_count.json,,,,2019-04-25,,east_village,,59.0,2
"https://drive.google.com/uc?export=view&id=1nV2LyKCyUSpAsGk6xkbQ87lVkUlj_OPQ
",1O5QzRlRElQU7u9Bg6zJM3F0Jo3xaLFqEdZyZg==,Count/East Village_2019_count.json,,,,2019-05-29,,east_village,,60.0,2
"https://drive.google.com/uc?export=view&id=1dkMoB5G5SqSuXqrnGEtNwp4g5fkarDYy
",/0IfkqFijJmDiO8gyB9TAR2+OWfjoZl/w5ls8A==,Count/East Village_2019_count.json,,,,2019-06-26,,east_village,,63.0,2
"https://drive.google.com/uc?export=view&id=1aaoQk_9m4bhHQDtv1cJvBlErCTdcQMoi
",Enm7Fb4O3+o6Jh2UDFZkuuC8n6CbG/G4YNMk0A==,Count/East Village_2019_count.json,,,,2019-07-24,,east_village,,73.0,2
"https://drive.google.com/uc?export=view&id=1DNhro3EZhc8FBJSwbevTdi02J2fm4Q_y
",MPzO0Zi0IBHXpRavd6yP5Sc6/rxjg10ADsWDWg==,Count/East Village_2019_count.json,,,,2019-08-01,,east_village,,,2
"https://drive.google.com/uc?export=view&id=192YWD-z6GXrwxZ6yKa7y3seAU7uevPhL
",OWyjV+CEg4DqFhswwT5pcXH+PBUbYtssqNINyQ==,Count/East Village_2019_count.json,,,,2019-09-01,,east_village,,,1
"https://drive.google.com/uc?export=view&id=12kKk06fOSIXauqYt0dX13i26pl_zTJrU
",fLCJokRDtrvEtwczzcTnSm4RsZVYjrX0fZTKVw==,Count/East Village_2019_count.json,,,,2019-10-30,,east_village,,,2
"https://drive.google.com/uc?export=view&id=1DjMrlyK7EPpFi241qQtCAylH6S2QN0eS
",xd2j4Ydq0FEPfErF02/sKcpcQrFaQ8OL3uuzEQ==,Count/East Village_2019_count.json,,,,2019-11-26,,east_village,,55.0,2
"https://drive.google.com/uc?export=view&id=1SD801gPZJOLjfKDe0-JBVS_ncqr5KZEL
",XCGYVRZnb+UDLLItYcIC0CNOHR4uUVDX4r/+wA==,Count/Barrio Logan_2022_count.json,,,,2022-01-27,,Barrio Logan,,,2
"https://drive.google.com/uc?export=view&id=15hSm9tTuktVaMMGr9pT8BxW6vb_Fk7m4
",vg/5RL3F131aFsIQXhR5tOt5o/sO8xrPdPNetQ==,Count/Barrio Logan_2022_count.json,,,,2022-03-01,,Barrio Logan,,,2
"https://drive.google.com/uc?export=view&id=1gdYu_eshlXnS5Vgl5fxUp6prU2BNh16g
",+kPzSCdOywNA1FyWaAwG9jDYidIBqDk9yNNWUw==,Count/Barrio Logan_2022_count.json,,,,2022-03-01,,Barrio Logan,,,2
"https://drive.google.com/uc?export=view&id=1QZVeH22lk52XNV-hy1QbFwkVzL_o95al
",5lXepgO4nxVLWm6KwinQ4VuUGuYbE1OWZryhZQ==,Count/Barrio Logan_2022_count.json,,,,2022-04-29,,Barrio Logan,,,2
"https://drive.google.com/uc?export=view&id=19mFnpQYFbUpu320Iwmhd9Nfw4hhZ4x08
",8kyX1TXOGzn4D07y/TqYL0Lb4YIanCYTPFTiJQ==,Count/Barrio Logan_2022_count.json,,,,2022-05-27,,Barrio Logan,,,2
"https://drive.google.com/uc?export=view&id=1sT-I5VeAdaW4K4IEgqJz9ShUCYDB4vtH
",YxW6X7+OKHjCJyz9LBN++RY8C4GpzZ2Sld4oWg==,Count/Barrio Logan_2022_count.json,,,,2022-06-01,,Barrio Logan,,,2
"https://drive.google.com/uc?export=view&id=144F0aPYTQ0JLQA1Wdd7Ecun4HN9DVCLv
",jaiR3EKroru2evWooA6vHgox7fE/c/nk2Qj3gQ==,Count/Barrio Logan_2022_count.json,,,,2022-07-01,,Barrio Logan,,,2
"https://drive.google.com/uc?export=view&id=146b1VZKq8Izf2hmzqUhi6sOpA5iVnuFA
",MXUORGkwgaJeKQEDbGMEkidgk/UHI+fKqnpQKw==,Count/Barrio Logan_2022_count.json,,,,2022-08-01,,Barrio Logan,,,2
"https://drive.google.com/uc?export=view&id=19ppYthokhlt7rl4zLuDyzOWmDWBo98G7
",c16MGKNR5l28wRSw5Eiwn2g9+lvEVGyV+KZ3jQ==,Count/Barrio Logan_2022_count.json,,,,2022-09-01,,Barrio Logan,,,2
"https://drive.google.com/uc?export=view&id=12RVwJWcbA5Sw9AvVGH_5aRHLAyDCIvVl
",R2emJlPcaVKsF8m+18zY0NKaxULKnoGreXkgQQ==,Count/Barrio Logan_2022_count.json,,,,2022-10-01,,Barrio Logan,,,2
"https://drive.google.com/uc?export=view&id=1flEWsKci1bsoLCsxUPdRwKQU9eJ2yO3B
",A2Erh+sBSXUBwp0Xf66AwT/nC1fk67Ap02buxg==,Count/Barrio Logan_2022_count.json,,,,2022-11-01,,Barrio Logan,,,2
"https://drive.google.com/uc?export=view&id=1WjHPFJbhiCNXnQILkb6jDkksl2V9bpEn
",lgKLqzRNglvejQqWaCU+D3Yzlgh6sEniRp1qhw==,Count/Barrio Logan_2022_count.json,,,,2022-12-01,,Barrio Logan,,,2
"https://drive.google.com/uc?export=view&id=107JASMcwG6HC3Eo0MWxIiQXyLz6V2sLP
",pslcIjflAVEZkrLW2X+pKjWDRPwyasziWQgQYg==,Count/Cortez_2022_count.json,,,,2022-01-27,,cortez,,50.0,2
"https://drive.google.com/uc?export=view&id=1H4OlqGzVi2pRcFCqv-a8EYE05Nprjiwg
",AZThNAFbMdMGGNnIUw9XqzR1FJmJPy/kx/gt/A==,Count/Cortez_2022_count.json,,,,2022-03-01,,cortez,,55.0,2
"https://drive.google.com/uc?export=view&id=1IKub0XpDRiKVwD4nIKigXc9IlRbAnt7y
",GOsJ5c7l2H3pEYuP7pgF9ZA6x2mnNzzmD/rFeQ==,Count/Cortez_2022_count.json,,,,2022-03-29,,cortez,,55.0,2
"https://drive.google.com/uc?export=view&id=1yOrAPFbPOpWADM33XNjHtks7cVoT_3Eg
",wMn7gqW/YZKBdBXN0WDHnuwQ5fF4OH9nk2mCdw==,Count/Cortez_2022_count.json,,,,2022-04-29,,cortez,,57.0,2
"https://drive.google.com/uc?export=view&id=16s_t5uyuNkA2jTNU8jWjYv_HqXyJ7f8Z
",cPLnC+v9d2TTMLPwFFfNajj2mgWSO67EbhU2Lg==,Count/Cortez_2022_count.json,,,,2022-05-27,,cortez,,61.0,2
"https://drive.google.com/uc?export=view&id=1Kra02z5xmvPMAY66ozBub63RgIsi_fIO
",0WW0e8l97HIv16id0kpIYZ/shOtJ8GbqYhOJAg==,Count/Cortez_2022_count.json,,,,2022-06-30,,cortez,,67.0,2
"https://drive.google.com/uc?export=view&id=1WwxA36v23x27hmUYUpXhqvCbHbkWr7zh
",EYl71xdfUZkR1p44Q4KK7BezY5AoWRQwub81pA==,Count/Cortez_2022_count.json,,,,2022-07-29,,cortez,,70.0,2
"https://drive.google.com/uc?export=view&id=1qUZmXUPGPwgYFRs96zR-oUy5-YJmyqlW
",OaquwS7txTjuJxQhS+cgeuGFeqovwS+JUN49QA==,Count/Cortez_2022_count.json,,,,2022-08-25,,cortez,,68.0,2
"https://drive.google.com/uc?export=view&id=1oXq2RPUaetSuA9VGcQ7lwqam3ECmkPgV
",O1H7hz8OfKobDWbAmDuWqfQ0sOhGU+ClUPxPmA==,Count/Cortez_2022_count.json,,,,2022-09-30,,cortez,,67.0,2
"https://drive.google.com/uc?export=view&id=1sptrg9XROE1fVyPKO8WhdP-k16as-Nok
",Pw3LgPmkgkAbEUNTaSjnsJ4GRudTio/FnUVELg==,Count/Cortez_2022_count.json,,,,2022-10-28,,cortez,,57.0,2
"https://drive.google.com/uc?export=view&id=1Z8d_6se08ypzSrLyzrToyWIUdj_jZhfp
",xq3rRL/7gy+ArI/7QGxNp4mdOIwgzmatzUNQpg==,Count/Cortez_2022_count.json,,,,2022-11-23,,cortez,,50.0,2
"https://drive.google.com/uc?export=view&id=1r15acW-XodD2srfYZ6QT82c9c4_v17ZW
",d39Lhp7VD4D42yVGj1jfPM0aoehevy83hynXQQ==,Count/Cortez_2022_count.json,,,,2022-12-29,,cortez,,59.0,2
"https://drive.google.com/uc?export=view&id=1Gt_Ulr8FjbDJtKk6yY8XlGzS3jtyagBG
",Nx/gxWigd30zIkQ5OmtD/ceDFnBGbzEnbjqMzg==,Count/Columbia_2020_count.json,,,,2020-01-01,,columbia,,48.0,2
"https://drive.google.com/uc?export=view&id=1dzGXSMVjdqz3dS-ulrPWFk08SNGwbp_w
",izsUrRyg6Rw8YVBKanZf7p0Y3tht5/nhGWPkEA==,Count/Columbia_2020_count.json,,,,2020-02-26,,columbia,,55.0,2
"https://drive.google.com/uc?export=view&id=1xyc9murWg5F55nEng39dXg34RczzqILN
",WYSeGuaimf63IoBMa49kWf/5ZnOCAC9liYVCXA==,Count/Columbia_2020_count.json,,,,2020-03-26,,columbia,,55.0,1
"https://drive.google.com/uc?export=view&id=1gIBE8cIabyeNohxEyHkWm7ejY8M_F5YZ
",jjwmOUtb4/SV2yxdZFFWHW7wkdZaSE+57nHPWA==,Count/Columbia_2020_count.json,,,,2020-04-30,,columbia,,,2
"https://drive.google.com/uc?export=view&id=17hkC62XS3FINvKNQN5udDMpTY1da_ccB
",DfqrKhEZauejSlPf3Q37eUBWDvSi+GYbNehr2w==,Count/Columbia_2020_count.json,,,,2020-05-28,,columbia,,,2
"https://drive.google.com/uc?export=view&id=11Bdlbt2rw7PGpjWvfqiN2d_uYq29RL8G
",aqzGHTWD2uar82Ad9y89Kwf4rHa++W4uzdTo4w==,Count/Columbia_2020_count.json,,,,2020-06-25,,columbia,,60.0,2
"https://drive.google.com/uc?export=view&id=1LL6YxZCrw24Bhl392Vnh0WiCPy7gD2Dn
",0Bmoe1Lh+bio5ZH5VeWXSpoub2zPAA3UPnZFFg==,Count/Columbia_2020_count.json,,,,2020-07-29,,columbia,,64.0,2
"https://drive.google.com/uc?export=view&id=1xsYk3jwhD1nUUMXhoQA8LNWgvbUXTFhI
",m17VVcW6+yAy607/8Lds57lmVagVhBiV3Fr6XA==,Count/Columbia_2020_count.json,,,,2020-08-27,,columbia,,76.0,2
"https://drive.google.com/uc?export=view&id=1AXvtpK52XUh12UZqt42hA2Z63Jf9655z
",z02lOMJ82PFVE8UnxOHFsTUBwwpBtDU0S+o5GA==,Count/Columbia_2020_count.json,,,,2020-09-29,,columbia,,70.0,2
"https://drive.google.com/uc?export=view&id=19z0ymgspQXnXiVj8uPHNGR5dG9farIap
",/mrzm+dnEbnD4QZ2NCY/DsYpS/EaK6kBv4D4ug==,Count/Columbia_2020_count.json,,,,2020-10-01,,columbia,,61.0,2
"https://drive.google.com/uc?export=view&id=10poS3xIt-gHZaRY8BBLywTtlaYC6-FMZ
",Od05m7Yl3Emo6BtCcHCWy3gQ4iEWnTFzOL8QVg==,Count/Columbia_2020_count.json,,,,2020-11-24,,columbia,,59.0,2
"https://drive.google.com/uc?export=view&id=1hIFzvV-5-O5jkG5TTcjFiKUkSBweeXF4
",kbxlp5c1WoNhsAR5GoXeHeRdz1r4PIfVv2Tj4Q==,Count/Columbia_2020_count.json,,,,2020-12-29,,columbia,,53.0,1
"https://drive.google.com/uc?export=view&id=1tpbGnwWhz72qXUuPe0z_UWSoSx8V_pd7
",jWavd2ZcEEGfBNPPhKprY6JuxYGiyALoOMV4ag==,Count/East Village South_2020_count.json,,,,2020-01-01,,east_village_south,,48.0,2
"https://drive.google.com/uc?export=view&id=166AZTAzTEvxVS1ygg77s-4GjsBn31Pst
",T6kjowJiUyutX4ByfaDS7ch/aEzdmoKlDNlT9g==,Count/East Village South_2020_count.json,,,,2020-02-26,,east_village_south,,55.0,2
"https://drive.google.com/uc?export=view&id=1ipRjN1IMO8oMT0lLCy1q4mbSLgN7ARMC
",KjXJMfPjxIvrJHkUAnOrJK7i+sOOzivy2FBT3g==,Count/East Village South_2020_count.json,,,,2020-03-26,,east_village_south,,55.0,2
"https://drive.google.com/uc?export=view&id=1MA9rrb-kQLwzhqnGMns4HjzaAxrA2cyp
",thJtaNG4a3Y1bN5TTIVM5ywl5jmacfT5MUGLbg==,Count/East Village South_2020_count.json,,,,2020-04-30,,east_village_south,,63.0,2
"https://drive.google.com/uc?export=view&id=1k_RODyEeldinCz_T-NrtrdUD4LcCJHME
",gtEIJkvb9FLV8zzZXsYWFUYyYLuKUY5C6XER8g==,Count/East Village South_2020_count.json,,,,2020-05-01,,east_village_south,,,2
"https://drive.google.com/uc?export=view&id=1FHFOrbE1s7OY-7gdemJJZBkRhqQrcExx
",xKaPhGeIy355sBUR2h+MvhMX8DJsJ6M1LdYgWw==,Count/East Village South_2020_count.json,,,,2020-06-25,,east_village_south,,60.0,2
"https://drive.google.com/uc?export=view&id=1_Ku4FaybtgRAlG4WE6P57v_gOxdufK-B
",NgqDeZoUWxBDAjtjqqJswpeamls30zPxBA3fhA==,Count/East Village South_2020_count.json,,,,2020-07-29,,east_village_south,,67.0,2
"https://drive.google.com/uc?export=view&id=1lgU5SFxtVA2LwMnBXX0czjAnUZmWlcZv
",U5IEnf78rdgAPKxZw1ZI9ZM5mwN+L4deawXo2Q==,Count/East Village South_2020_count.json,,,,2020-08-01,,east_village_south,,,2
"https://drive.google.com/uc?export=view&id=1N5wkOxHJNZae5yRTbZA7H5KFBYfpgHrW
",kHKEy5muTCSjabNc4QSbcXINrXaHJNBXz5xE0w==,Count/East Village South_2020_count.json,,,,2020-09-29,,east_village_south,,70.0,2
"https://drive.google.com/uc?export=view&id=1L0qzDwghqgL1VNpUklkLKvNq_NlhdV53
",tE0OhRX5ma0BGvTVnNTtgGUJu5c2Kvv/IERbCQ==,Count/East Village South_2020_count.json,,,,2020-10-29,,east_village_south,,61.0,2
"https://drive.google.com/uc?export=view&id=15n8926qbueHx58Qenj93VlvSAmQND8vb
",GLDdctcoMTPn9gQ5Vd7z2HQLh053oUAJVT1yvQ==,Count/East Village South_2020_count.json,,,,2020-11-24,,east_village_south,,59.0,2
"https://drive.google.com/uc?export=view&id=18OC-wEsjejglo6IfQOcsQnl27ifgS4KJ
",Z1zJHZEo3O145InZDKuLC6u9L1qpsttI3+H4Bg==,Count/East Village South_2020_count.json,,,,2020-12-29,,east_village_south,,53.0,2
"https://drive.google.com/uc?export=view&id=1kmTnx8ft3lwAPN3yR5y9tzzKKY6ro7aY
",FvIm8/cdaJgzaT10O1akRZU3eUVYDm5c3ZdwVQ==,Count/Gaslamp_2020_count.json,,,,2020-01-01,,gaslamp,,48.0,2
"https://drive.google.com/uc?export=view&id=1SgK1ALhq7NtWmmUWZO7OEP7pUTMWA9OL
",WkNX0mbIwpkmtdGdb+4UM03uZfbaSeOt6zqV7g==,Count/Gaslamp_2020_count.json,,,,2020-02-26,,gaslamp,,55.0,2
"https://drive.google.com/uc?export=view&id=1mOFcsRL0-gvfwuYkIBDWGcmMLIFfAlO7
",Ak//QSFD2YPUD+XAKUdQupx+epvcJYtrl5/CSg==,Count/Gaslamp_2020_count.json,,,,2020-03-26,,gaslamp,,55.0,1
"https://drive.google.com/uc?export=view&id=1SXXH0TY68zp3KgJ3haG73D9CIMO3QQJk
",8cIhPYP3nDxzQm4CeDEx+nNrRqKh8swIkFsslw==,Count/Gaslamp_2020_count.json,,,,2020-04-30,,gaslamp,,63.0,2
"https://drive.google.com/uc?export=view&id=1l8cfiy0xp1UnlCRwgGktOcnFnMa8J6mQ
",XCheCMdEhE1tcF9zP1WVgSfouzyVoixh4snSwA==,Count/Gaslamp_2020_count.json,,,,2020-05-28,,gaslamp,,,2
"https://drive.google.com/uc?export=view&id=1crE0RwAKZvIl0KWeMCBgOBBwWYvYpaAd
",kf/kmZw8P0Uy/ONOCxTr6y1/cRovNlMPqND11Q==,Count/Gaslamp_2020_count.json,,,,2020-06-25,,gaslamp,,60.0,2
"https://drive.google.com/uc?export=view&id=1xnb36ikoavkB_DN_40K0UH6s-LhdqDCi
",S0PA1TGxfGUh0Wi92i5SWNFVOy0e+V2GRuqAYQ==,Count/Gaslamp_2020_count.json,,,,2020-07-29,,gaslamp,,64.0,2
"https://drive.google.com/uc?export=view&id=1NeoQngdmEUe-WjIKGVro3FL8Lt91Fg2l
",YdhOHuExJ0MoYCxfqDtymyN8wyTFfV5gG1io4Q==,Count/Gaslamp_2020_count.json,,,,2020-08-27,,gaslamp,,76.0,2
"https://drive.google.com/uc?export=view&id=1jGh7ANG63RQIq1clI4FjDim5DNVFI1rl
",oTTRaEB305sEFmRVCT+7lSFyhwLEX2bp6ffz4w==,Count/Gaslamp_2020_count.json,,,,2020-09-29,,gaslamp,,70.0,2
"https://drive.google.com/uc?export=view&id=12vqA90mBKjCHum3HYobsLOpEL3C2FXKA
",P/rPnnpxSgGwBgYgtCCLkaLYncnhPPdnBdV27w==,Count/Gaslamp_2020_count.json,,,,2020-10-29,,gaslamp,,61.0,2
"https://drive.google.com/uc?export=view&id=1nhow0KfiLt-VCS01gVVedD4nDQpNe3cw
",5cnlJPBmlE5qC750e06L4W2jbr5koaNChtR2+g==,Count/Gaslamp_2020_count.json,,,,2020-11-24,,gaslamp,,59.0,2
"https://drive.google.com/uc?export=view&id=1pLXU6vLdwSHTgxtzeQ8yq2t7cIAgjArz
",QhwWsIdtRuVIV+69DgImYVDbR9SCSbLmfJBQBw==,Count/Gaslamp_2020_count.json,,,,2020-12-29,,gaslamp,,53.0,1
