{"_via_settings":{"ui":{"annotation_editor_height":25,"annotation_editor_fontsize":0.8,"leftsidebar_width":18,"image_grid":{"img_height":80,"rshape_fill":"none","rshape_fill_opacity":0.3,"rshape_stroke":"yellow","rshape_stroke_width":2,"show_region_shape":true,"show_image_policy":"all"},"image":{"region_label":"__via_region_id__","region_color":"__via_default_region_color__","region_label_font":"10px Sans","on_image_annotation_editor_placement":"NEAR_REGION"}},"core":{"buffer_size":18,"filepath":{},"default_filepath":""},"project":{"name":"City Center_2022_count"}},"_via_img_metadata":{"https://drive.google.com/uc?export=view&id=11oPElPkZMxpE_a1nzmbKjifFcQJn903g\n":{"filename":"https://drive.google.com/uc?export=view&id=11oPElPkZMxpE_a1nzmbKjifFcQJn903g\n","size":-1,"regions":[{"shape_attributes":{"name":"rect","x":148,"y":134,"width":30,"height":28},"region_attributes":{"Type":"1","count":"2"}},{"shape_attributes":{"name":"rect","x":174,"y":160,"width":18,"height":18},"region_attributes":{"Type":"1","count":"2"}},{"shape_attributes":{"name":"rect","x":153,"y":159,"width":19,"height":17},"region_attributes":{"Type":"2","count":"2"}},{"shape_attributes":{"name":"rect","x":146,"y":185,"width":28,"height":18},"region_attributes":{"Type":"2","count":"4"}},{"shape_attributes":{"name":"rect","x":150,"y":208,"width":22,"height":16},"region_attributes":{"Type":"2","count":"2"}},{"shape_attributes":{"name":"rect","x":145,"y":225,"width":18,"height":16},"region_attributes":{"Type":"1","count":"1"}},{"shape_attributes":{"name":"rect","x":171,"y":185,"width":17,"height":16},"region_attributes":{"Type":"1","count":"2"}},{"shape_attributes":{"name":"rect","x":241,"y":132,"width":22,"height":27},"region_attributes":{"Type":"1","count":"1"}},{"shape_attributes":{"name":"rect","x":303,"y":140,"width":28,"height":28},"region_attributes":{"Type":"1","count":"1"}},{"shape_attributes":{"name":"rect","x":302,"y":179,"width":28,"height":28},"region_attributes":{"Type":"1","count":"1"}},{"shape_attributes":{"name":"rect","x":489,"y":153,"width":28,"height":28},"region_attributes":{"Type":"1","count":"1"}},{"shape_attributes":{"name":"rect","x":473,"y":170,"width":28,"height":28},"region_attributes":{"Type":"1","count":"1"}},{"shape_attributes":{"name":"rect","x":390,"y":209,"width":28,"height":28},"region_attributes":{"Type":"1","count":"1"}},{"shape_attributes":{"name":"rect","x":226,"y":266,"width":28,"height":28},"region_attributes":{"Type":"1","count":"1"}},{"shape_attributes":{"name":"rect","x":489,"y":190,"width":28,"height":29},"region_attributes":{"Type":"1","count":"1"}},{"shape_attributes":{"name":"rect","x":481,"y":208,"width":28,"height":28},"region_attributes":{"Type":"1","count":"1"}},{"shape_attributes":{"name":"rect","x":516,"y":209,"width":28,"height":28},"region_attributes":{"Type":"1","count":"1"}},{"shape_attributes":{"name":"rect","x":356,"y":108,"width":28,"height":28},"region_attributes":{"Type":"1","count":"1"}},{"shape_attributes":{"name":"rect","x":630,"y":125,"width":28,"height":28},"region_attributes":{"Type":"1","count":"1"}},{"shape_attributes":{"name":"rect","x":649,"y":129,"width":28,"height":28},"region_attributes":{"Type":"1","count":"1"}},{"shape_attributes":{"name":"rect","x":414,"y":250,"width":28,"height":28},"region_attributes":{"Type":"1","count":"1"}},{"shape_attributes":{"name":"rect","x":721,"y":194,"width":28,"height":28},"region_attributes":{"Type":"1","count":"1"}},{"shape_attributes":{"name":"rect","x":256,"y":113,"width":28,"height":28},"region_attributes":{"Type":"1","count":"1"}},{"shape_attributes":{"name":"rect","x":248,"y":274,"width":28,"height":28},"region_attributes":{"Type":"1","count":"1"}},{"shape_attributes":{"name":"rect","x":240,"y":190,"width":25,"height":22},"region_attributes":{"Type":"1","count":"6"}},{"shape_attributes":{"name":"rect","x":338,"y":155,"width":14,"height":21},"region_attributes":{"Type":"1","count":"2"}},{"shape_attributes":{"name":"rect","x":360,"y":146,"width":17,"height":13},"region_attributes":{"Type":"2","count":"1"}},{"shape_attributes":{"name":"rect","x":357,"y":166,"width":19,"height":9},"region_attributes":{"Type":"1","count":"1"}},{"shape_attributes":{"name":"rect","x":280,"y":224,"width":22,"height":20},"region_attributes":{"Type":"1","count":"3"}},{"shape_attributes":{"name":"rect","x":340,"y":203,"width":14,"height":19},"region_attributes":{"Type":"2","count":"2"}},{"shape_attributes":{"name":"rect","x":337,"y":221,"width":14,"height":9},"region_attributes":{"Type":"1","count":"7"}},{"shape_attributes":{"name":"rect","x":365,"y":188,"width":14,"height":14},"region_attributes":{"Type":"1","count":"2"}},{"shape_attributes":{"name":"rect","x":363,"y":201,"width":13,"height":12},"region_attributes":{"Type":"2","count":"4"}},{"shape_attributes":{"name":"rect","x":343,"y":225,"width":12,"height":16},"region_attributes":{"Type":"1","count":"16"}},{"shape_attributes":{"name":"rect","x":359,"y":223,"width":10,"height":22},"region_attributes":{"Type":"2","count":"7"}},{"shape_attributes":{"name":"rect","x":318,"y":266,"width":15,"height":10},"region_attributes":{"Type":"1","count":"5"}},{"shape_attributes":{"name":"rect","x":311,"y":243,"width":14,"height":16},"region_attributes":{"Type":"1","count":"4"}},{"shape_attributes":{"name":"rect","x":315,"y":281,"width":20,"height":16},"region_attributes":{"Type":"2","count":"2"}},{"shape_attributes":{"name":"rect","x":433,"y":222,"width":14,"height":17},"region_attributes":{"Type":"1","count":"4"}},{"shape_attributes":{"name":"rect","x":426,"y":117,"width":19,"height":25},"region_attributes":{"Type":"1","count":"3"}},{"shape_attributes":{"name":"rect","x":440,"y":248,"width":13,"height":30},"region_attributes":{"Type":"1","count":"2"}},{"shape_attributes":{"name":"rect","x":500,"y":269,"width":15,"height":15},"region_attributes":{"Type":"1","count":"2"}},{"shape_attributes":{"name":"rect","x":712,"y":120,"width":17,"height":19},"region_attributes":{"Type":"2","count":"4"}},{"shape_attributes":{"name":"rect","x":684,"y":141,"width":19,"height":21},"region_attributes":{"Type":"1","count":"3"}},{"shape_attributes":{"name":"rect","x":720,"y":141,"width":22,"height":17},"region_attributes":{"Type":"3","count":"1"}},{"shape_attributes":{"name":"rect","x":716,"y":218,"width":21,"height":24},"region_attributes":{"Type":"1","count":"1"}},{"shape_attributes":{"name":"rect","x":663,"y":198,"width":11,"height":16},"region_attributes":{"Type":"2","count":"1"}},{"shape_attributes":{"name":"rect","x":592,"y":184,"width":13,"height":16},"region_attributes":{"Type":"1","count":"1"}},{"shape_attributes":{"name":"rect","x":592,"y":209,"width":14,"height":20},"region_attributes":{"Type":"2","count":"2"}},{"shape_attributes":{"name":"rect","x":569,"y":259,"width":14,"height":17},"region_attributes":{"Type":"1","count":"2"}},{"shape_attributes":{"name":"rect","x":566,"y":307,"width":20,"height":19},"region_attributes":{"Type":"1","count":"2"}},{"shape_attributes":{"name":"rect","x":572,"y":333,"width":11,"height":13},"region_attributes":{"Type":"1","count":"3"}},{"shape_attributes":{"name":"rect","x":568,"y":352,"width":14,"height":18},"region_attributes":{"Type":"1","count":"7"}},{"shape_attributes":{"name":"rect","x":599,"y":331,"width":10,"height":20},"region_attributes":{"Type":"1","count":"3"}},{"shape_attributes":{"name":"rect","x":586,"y":350,"width":19,"height":19},"region_attributes":{"Type":"2","count":"4"}},{"shape_attributes":{"name":"rect","x":626,"y":181,"width":12,"height":15},"region_attributes":{"Type":"2","count":"2"}},{"shape_attributes":{"name":"rect","x":643,"y":182,"width":9,"height":17},"region_attributes":{"Type":"1","count":"2"}},{"shape_attributes":{"name":"rect","x":613,"y":192,"width":20,"height":18},"region_attributes":{"Type":"2","count":"6"}},{"shape_attributes":{"name":"rect","x":612,"y":208,"width":13,"height":10},"region_attributes":{"Type":"1","count":"2"}},{"shape_attributes":{"name":"rect","x":624,"y":225,"width":21,"height":21},"region_attributes":{"Type":"2","count":"2"}},{"shape_attributes":{"name":"rect","x":654,"y":210,"width":23,"height":13},"region_attributes":{"Type":"1","count":"1"}},{"shape_attributes":{"name":"rect","x":662,"y":260,"width":17,"height":19},"region_attributes":{"Type":"2","count":"2"}},{"shape_attributes":{"name":"rect","x":659,"y":273,"width":13,"height":22},"region_attributes":{"Type":"1","count":"1"}},{"shape_attributes":{"name":"rect","x":723,"y":288,"width":25,"height":17},"region_attributes":{"Type":"1","count":"6"}},{"shape_attributes":{"name":"rect","x":683,"y":291,"width":13,"height":16},"region_attributes":{"Type":"1","count":"3"}},{"shape_attributes":{"name":"rect","x":640,"y":334,"width":16,"height":19},"region_attributes":{"Type":"1","count":"1"}},{"shape_attributes":{"name":"rect","x":685,"y":317,"width":15,"height":16},"region_attributes":{"Type":"1","count":"2"}},{"shape_attributes":{"name":"rect","x":679,"y":339,"width":34,"height":15},"region_attributes":{"Type":"2","count":"1"}},{"shape_attributes":{"name":"rect","x":681,"y":351,"width":26,"height":17},"region_attributes":{"Type":"1","count":"2"}}],"file_attributes":{"date":"2022-01-27","temp":"48","rain":"2","neighborhood":"City Center","total_count":""}},"https://drive.google.com/uc?export=view&id=1qCHQyuZtOaZpGiMrX6sDtlbEEg_4CXhL\n":{"filename":"https://drive.google.com/uc?export=view&id=1qCHQyuZtOaZpGiMrX6sDtlbEEg_4CXhL\n","size":-1,"regions":[{"shape_attributes":{"name":"rect","x":177,"y":150,"width":14,"height":24},"region_attributes":{"Type":"1","count":"7"}},{"shape_attributes":{"name":"rect","x":150,"y":155,"width":23,"height":21},"region_attributes":{"Type":"2","count":"3"}},{"shape_attributes":{"name":"rect","x":151,"y":179,"width":26,"height":17},"region_attributes":{"Type":"2","count":"2"}},{"shape_attributes":{"name":"rect","x":137,"y":202,"width":24,"height":11},"region_attributes":{"Type":"2","count":"3"}},{"shape_attributes":{"name":"rect","x":144,"y":219,"width":13,"height":15},"region_attributes":{"Type":"1","count":"3"}},{"shape_attributes":{"name":"rect","x":241,"y":116,"width":20,"height":25},"region_attributes":{"Type":"1","count":"1"}},{"shape_attributes":{"name":"rect","x":277,"y":115,"width":29,"height":21},"region_attributes":{"Type":"1","count":"2"}},{"shape_attributes":{"name":"rect","x":195,"y":255,"width":24,"height":26},"region_attributes":{"Type":"1","count":"1"}},{"shape_attributes":{"name":"rect","x":153,"y":310,"width":23,"height":22},"region_attributes":{"Type":"1","count":"1"}},{"shape_attributes":{"name":"rect","x":161,"y":407,"width":19,"height":28},"region_attributes":{"Type":"1","count":"1"}},{"shape_attributes":{"name":"rect","x":236,"y":310,"width":21,"height":20},"region_attributes":{"Type":"1","count":"1"}},{"shape_attributes":{"name":"rect","x":244,"y":260,"width":22,"height":24},"region_attributes":{"Type":"1","count":"3"}},{"shape_attributes":{"name":"rect","x":274,"y":220,"width":42,"height":16},"region_attributes":{"Type":"1","count":"5"}},{"shape_attributes":{"name":"rect","x":285,"y":243,"width":25,"height":25},"region_attributes":{"Type":"1","count":"7"}},{"shape_attributes":{"name":"rect","x":314,"y":256,"width":6,"height":14},"region_attributes":{"Type":"2","count":"1"}},{"shape_attributes":{"name":"rect","x":311,"y":281,"width":20,"height":19},"region_attributes":{"Type":"1","count":"7"}},{"shape_attributes":{"name":"rect","x":283,"y":278,"width":18,"height":21},"region_attributes":{"Type":"1","count":"1"}},{"shape_attributes":{"name":"rect","x":333,"y":273,"width":26,"height":36},"region_attributes":{"Type":"1","count":"3"}},{"shape_attributes":{"name":"rect","x":376,"y":242,"width":16,"height":22},"region_attributes":{"Type":"1","count":"1"}},{"shape_attributes":{"name":"rect","x":384,"y":282,"width":25,"height":26},"region_attributes":{"Type":"1","count":"1"}},{"shape_attributes":{"name":"rect","x":435,"y":242,"width":25,"height":37},"region_attributes":{"Type":"1","count":"2"}},{"shape_attributes":{"name":"rect","x":471,"y":262,"width":20,"height":26},"region_attributes":{"Type":"1","count":""}},{"shape_attributes":{"name":"rect","x":497,"y":242,"width":16,"height":15},"region_attributes":{"Type":"1","count":"1"}},{"shape_attributes":{"name":"rect","x":466,"y":328,"width":26,"height":23},"region_attributes":{"Type":"1","count":"2"}},{"shape_attributes":{"name":"rect","x":541,"y":330,"width":16,"height":19},"region_attributes":{"Type":"1","count":"1"}},{"shape_attributes":{"name":"rect","x":560,"y":196,"width":26,"height":32},"region_attributes":{"Type":"1","count":"3"}},{"shape_attributes":{"name":"rect","x":565,"y":127,"width":20,"height":30},"region_attributes":{"Type":"1","count":"1"}},{"shape_attributes":{"name":"rect","x":662,"y":123,"width":17,"height":27},"region_attributes":{"Type":"1","count":"2"}},{"shape_attributes":{"name":"rect","x":660,"y":152,"width":13,"height":13},"region_attributes":{"Type":"1","count":"2"}},{"shape_attributes":{"name":"rect","x":707,"y":112,"width":16,"height":16},"region_attributes":{"Type":"1","count":"3"}},{"shape_attributes":{"name":"rect","x":725,"y":108,"width":15,"height":19},"region_attributes":{"Type":"2","count":"2"}},{"shape_attributes":{"name":"rect","x":702,"y":132,"width":15,"height":13},"region_attributes":{"Type":"2","count":"2"}},{"shape_attributes":{"name":"rect","x":721,"y":129,"width":20,"height":8},"region_attributes":{"Type":"1","count":"1"}},{"shape_attributes":{"name":"rect","x":725,"y":156,"width":21,"height":23},"region_attributes":{"Type":"3","count":"1"}},{"shape_attributes":{"name":"rect","x":703,"y":157,"width":15,"height":18},"region_attributes":{"Type":"1","count":"2"}},{"shape_attributes":{"name":"rect","x":619,"y":173,"width":19,"height":21},"region_attributes":{"Type":"2","count":"3"}},{"shape_attributes":{"name":"rect","x":600,"y":204,"width":26,"height":12},"region_attributes":{"Type":"2","count":"13"}},{"shape_attributes":{"name":"rect","x":610,"y":223,"width":14,"height":14},"region_attributes":{"Type":"1","count":"8"}},{"shape_attributes":{"name":"rect","x":629,"y":221,"width":8,"height":14},"region_attributes":{"Type":"1","count":"1"}},{"shape_attributes":{"name":"rect","x":646,"y":190,"width":25,"height":34},"region_attributes":{"Type":"2","count":"4"}},{"shape_attributes":{"name":"rect","x":727,"y":195,"width":14,"height":10},"region_attributes":{"Type":"2","count":"4"}},{"shape_attributes":{"name":"rect","x":728,"y":210,"width":12,"height":9},"region_attributes":{"Type":"1","count":"1"}},{"shape_attributes":{"name":"rect","x":702,"y":216,"width":16,"height":19},"region_attributes":{"Type":"1","count":"3"}},{"shape_attributes":{"name":"rect","x":722,"y":218,"width":21,"height":13},"region_attributes":{"Type":"2","count":"1"}},{"shape_attributes":{"name":"rect","x":652,"y":247,"width":11,"height":12},"region_attributes":{"Type":"2","count":"1"}},{"shape_attributes":{"name":"rect","x":661,"y":279,"width":17,"height":29},"region_attributes":{"Type":"1","count":"1"}},{"shape_attributes":{"name":"rect","x":702,"y":248,"width":36,"height":55},"region_attributes":{"Type":"1","count":"9"}},{"shape_attributes":{"name":"rect","x":707,"y":303,"width":24,"height":14},"region_attributes":{"Type":"1","count":"1"}},{"shape_attributes":{"name":"rect","x":675,"y":327,"width":18,"height":23},"region_attributes":{"Type":"2","count":"1"}},{"shape_attributes":{"name":"rect","x":653,"y":323,"width":15,"height":15},"region_attributes":{"Type":"1","count":"2"}},{"shape_attributes":{"name":"rect","x":627,"y":348,"width":13,"height":15},"region_attributes":{"Type":"1","count":"1"}},{"shape_attributes":{"name":"rect","x":608,"y":345,"width":26,"height":27},"region_attributes":{"Type":"2","count":"7"}},{"shape_attributes":{"name":"rect","x":564,"y":320,"width":17,"height":21},"region_attributes":{"Type":"2","count":"2"}},{"shape_attributes":{"name":"rect","x":566,"y":348,"width":13,"height":20},"region_attributes":{"Type":"1","count":"5"}},{"shape_attributes":{"name":"rect","x":581,"y":345,"width":11,"height":23},"region_attributes":{"Type":"2","count":"3"}}],"file_attributes":{"date":"2022-03-01","temp":"53","rain":"2","neighborhood":"City Center","total_count":""}},"https://drive.google.com/uc?export=view&id=1jIb9-NkzCZu7ExwfJrr1zExjKIYfWb5X\n":{"filename":"https://drive.google.com/uc?export=view&id=1jIb9-NkzCZu7ExwfJrr1zExjKIYfWb5X\n","size":-1,"regions":[{"shape_attributes":{"name":"rect","x":161,"y":198,"width":21,"height":23},"region_attributes":{"Type":"2","count":"4"}},{"shape_attributes":{"name":"rect","x":175,"y":230,"width":5,"height":13},"region_attributes":{"Type":"2","count":"4"}},{"shape_attributes":{"name":"rect","x":189,"y":221,"width":13,"height":19},"region_attributes":{"Type":"1","count":"2"}},{"shape_attributes":{"name":"rect","x":211,"y":204,"width":17,"height":18},"region_attributes":{"Type":"2","count":"4"}},{"shape_attributes":{"name":"rect","x":231,"y":193,"width":14,"height":21},"region_attributes":{"Type":"1","count":"2"}},{"shape_attributes":{"name":"rect","x":253,"y":183,"width":22,"height":16},"region_attributes":{"Type":"1","count":"2"}},{"shape_attributes":{"name":"rect","x":340,"y":145,"width":17,"height":24},"region_attributes":{"Type":"1","count":"1"}},{"shape_attributes":{"name":"rect","x":361,"y":142,"width":17,"height":24},"region_attributes":{"Type":"1","count":"1"}},{"shape_attributes":{"name":"rect","x":333,"y":175,"width":17,"height":24},"region_attributes":{"Type":"1","count":"1"}},{"shape_attributes":{"name":"rect","x":398,"y":135,"width":17,"height":24},"region_attributes":{"Type":"1","count":"1"}},{"shape_attributes":{"name":"rect","x":443,"y":141,"width":17,"height":24},"region_attributes":{"Type":"1","count":"1"}},{"shape_attributes":{"name":"rect","x":466,"y":137,"width":17,"height":24},"region_attributes":{"Type":"1","count":"1"}},{"shape_attributes":{"name":"rect","x":612,"y":116,"width":17,"height":24},"region_attributes":{"Type":"1","count":"1"}},{"shape_attributes":{"name":"rect","x":616,"y":135,"width":17,"height":24},"region_attributes":{"Type":"1","count":"1"}},{"shape_attributes":{"name":"rect","x":642,"y":123,"width":17,"height":24},"region_attributes":{"Type":"1","count":"1"}},{"shape_attributes":{"name":"rect","x":654,"y":142,"width":17,"height":24},"region_attributes":{"Type":"1","count":"1"}},{"shape_attributes":{"name":"rect","x":703,"y":137,"width":17,"height":24},"region_attributes":{"Type":"1","count":"1"}},{"shape_attributes":{"name":"rect","x":638,"y":191,"width":17,"height":24},"region_attributes":{"Type":"1","count":"1"}},{"shape_attributes":{"name":"rect","x":378,"y":267,"width":17,"height":24},"region_attributes":{"Type":"1","count":"1"}},{"shape_attributes":{"name":"rect","x":335,"y":262,"width":17,"height":24},"region_attributes":{"Type":"1","count":"1"}},{"shape_attributes":{"name":"rect","x":319,"y":256,"width":17,"height":24},"region_attributes":{"Type":"1","count":"1"}},{"shape_attributes":{"name":"rect","x":308,"y":284,"width":17,"height":24},"region_attributes":{"Type":"1","count":"1"}},{"shape_attributes":{"name":"rect","x":520,"y":251,"width":17,"height":24},"region_attributes":{"Type":"1","count":"1"}},{"shape_attributes":{"name":"rect","x":318,"y":138,"width":17,"height":24},"region_attributes":{"Type":"1","count":"1"}},{"shape_attributes":{"name":"rect","x":354,"y":181,"width":21,"height":25},"region_attributes":{"Type":"2","count":"2"}},{"shape_attributes":{"name":"rect","x":338,"y":207,"width":13,"height":18},"region_attributes":{"Type":"1","count":"6"}},{"shape_attributes":{"name":"rect","x":340,"y":220,"width":13,"height":16},"region_attributes":{"Type":"2","count":"1"}},{"shape_attributes":{"name":"rect","x":365,"y":222,"width":7,"height":19},"region_attributes":{"Type":"2","count":"9"}},{"shape_attributes":{"name":"rect","x":348,"y":227,"width":10,"height":13},"region_attributes":{"Type":"1","count":"9"}},{"shape_attributes":{"name":"rect","x":303,"y":247,"width":15,"height":21},"region_attributes":{"Type":"1","count":"3"}},{"shape_attributes":{"name":"rect","x":352,"y":248,"width":13,"height":20},"region_attributes":{"Type":"2","count":"1"}},{"shape_attributes":{"name":"rect","x":354,"y":288,"width":10,"height":16},"region_attributes":{"Type":"1","count":"2"}},{"shape_attributes":{"name":"rect","x":394,"y":248,"width":16,"height":16},"region_attributes":{"Type":"2","count":"2"}},{"shape_attributes":{"name":"rect","x":428,"y":242,"width":23,"height":28},"region_attributes":{"Type":"2","count":"2"}},{"shape_attributes":{"name":"rect","x":431,"y":283,"width":22,"height":22},"region_attributes":{"Type":"1","count":"1"}},{"shape_attributes":{"name":"rect","x":474,"y":285,"width":19,"height":20},"region_attributes":{"Type":"1","count":"3"}},{"shape_attributes":{"name":"rect","x":533,"y":196,"width":13,"height":17},"region_attributes":{"Type":"1","count":"3"}},{"shape_attributes":{"name":"rect","x":522,"y":213,"width":23,"height":17},"region_attributes":{"Type":"2","count":"8"}},{"shape_attributes":{"name":"rect","x":484,"y":316,"width":22,"height":29},"region_attributes":{"Type":"2","count":"1"}},{"shape_attributes":{"name":"rect","x":473,"y":347,"width":20,"height":19},"region_attributes":{"Type":"1","count":"2"}},{"shape_attributes":{"name":"rect","x":517,"y":360,"width":22,"height":20},"region_attributes":{"Type":"2","count":"3"}},{"shape_attributes":{"name":"rect","x":550,"y":323,"width":19,"height":22},"region_attributes":{"Type":"2","count":"1"}},{"shape_attributes":{"name":"rect","x":578,"y":318,"width":15,"height":26},"region_attributes":{"Type":"1","count":"2"}},{"shape_attributes":{"name":"rect","x":572,"y":356,"width":14,"height":24},"region_attributes":{"Type":"2","count":"5"}},{"shape_attributes":{"name":"rect","x":550,"y":358,"width":21,"height":24},"region_attributes":{"Type":"1","count":"6"}},{"shape_attributes":{"name":"rect","x":604,"y":306,"width":21,"height":30},"region_attributes":{"Type":"2","count":"1"}},{"shape_attributes":{"name":"rect","x":552,"y":204,"width":12,"height":19},"region_attributes":{"Type":"1","count":"4"}},{"shape_attributes":{"name":"rect","x":569,"y":215,"width":11,"height":21},"region_attributes":{"Type":"2","count":"2"}},{"shape_attributes":{"name":"rect","x":575,"y":202,"width":17,"height":28},"region_attributes":{"Type":"1","count":"1"}},{"shape_attributes":{"name":"rect","x":604,"y":169,"width":16,"height":11},"region_attributes":{"Type":"1","count":"3"}},{"shape_attributes":{"name":"rect","x":683,"y":146,"width":16,"height":22},"region_attributes":{"Type":"1","count":"2"}},{"shape_attributes":{"name":"rect","x":615,"y":187,"width":8,"height":15},"region_attributes":{"Type":"1","count":"2"}},{"shape_attributes":{"name":"rect","x":597,"y":189,"width":11,"height":16},"region_attributes":{"Type":"2","count":"3"}},{"shape_attributes":{"name":"rect","x":612,"y":208,"width":16,"height":17},"region_attributes":{"Type":"2","count":"1"}},{"shape_attributes":{"name":"rect","x":637,"y":220,"width":33,"height":14},"region_attributes":{"Type":"2","count":"3"}},{"shape_attributes":{"name":"rect","x":560,"y":250,"width":13,"height":20},"region_attributes":{"Type":"2","count":"4"}},{"shape_attributes":{"name":"rect","x":573,"y":256,"width":17,"height":16},"region_attributes":{"Type":"1","count":"1"}},{"shape_attributes":{"name":"rect","x":644,"y":276,"width":25,"height":22},"region_attributes":{"Type":"2","count":"1"}},{"shape_attributes":{"name":"rect","x":718,"y":281,"width":29,"height":29},"region_attributes":{"Type":"2","count":"3"}},{"shape_attributes":{"name":"rect","x":687,"y":283,"width":17,"height":22},"region_attributes":{"Type":"1","count":"2"}},{"shape_attributes":{"name":"rect","x":652,"y":306,"width":14,"height":15},"region_attributes":{"Type":"1","count":"2"}},{"shape_attributes":{"name":"rect","x":656,"y":327,"width":20,"height":16},"region_attributes":{"Type":"2","count":"1"}},{"shape_attributes":{"name":"rect","x":648,"y":347,"width":17,"height":18},"region_attributes":{"Type":"1","count":"2"}},{"shape_attributes":{"name":"rect","x":704,"y":335,"width":18,"height":20},"region_attributes":{"Type":"1","count":"2"}}],"file_attributes":{"date":"2022-03-29","temp":"57","rain":"2","neighborhood":"City Center","total_count":""}},"https://drive.google.com/uc?export=view&id=1CGf7799AUhtTDQTuN4djLD9rttjmaib2\n":{"filename":"https://drive.google.com/uc?export=view&id=1CGf7799AUhtTDQTuN4djLD9rttjmaib2\n","size":-1,"regions":[{"shape_attributes":{"name":"rect","x":171,"y":140,"width":18,"height":23},"region_attributes":{"Type":"2","count":"2"}},{"shape_attributes":{"name":"rect","x":173,"y":171,"width":15,"height":15},"region_attributes":{"Type":"2","count":"4"}},{"shape_attributes":{"name":"rect","x":195,"y":154,"width":12,"height":15},"region_attributes":{"Type":"1","count":"1"}},{"shape_attributes":{"name":"rect","x":190,"y":167,"width":14,"height":15},"region_attributes":{"Type":"1","count":"3"}},{"shape_attributes":{"name":"rect","x":233,"y":135,"width":17,"height":20},"region_attributes":{"Type":"2","count":"1"}},{"shape_attributes":{"name":"rect","x":178,"y":192,"width":17,"height":17},"region_attributes":{"Type":"1","count":"2"}},{"shape_attributes":{"name":"rect","x":193,"y":196,"width":18,"height":12},"region_attributes":{"Type":"2","count":"2"}},{"shape_attributes":{"name":"rect","x":171,"y":212,"width":24,"height":13},"region_attributes":{"Type":"2","count":"4"}},{"shape_attributes":{"name":"rect","x":173,"y":225,"width":11,"height":18},"region_attributes":{"Type":"1","count":"1"}},{"shape_attributes":{"name":"rect","x":224,"y":229,"width":16,"height":16},"region_attributes":{"Type":"1","count":"1"}},{"shape_attributes":{"name":"rect","x":253,"y":172,"width":23,"height":23},"region_attributes":{"Type":"1","count":"6"}},{"shape_attributes":{"name":"rect","x":284,"y":185,"width":18,"height":23},"region_attributes":{"Type":"1","count":"2"}},{"shape_attributes":{"name":"rect","x":264,"y":221,"width":18,"height":23},"region_attributes":{"Type":"1","count":"3"}},{"shape_attributes":{"name":"rect","x":271,"y":279,"width":9,"height":17},"region_attributes":{"Type":"1","count":"3"}},{"shape_attributes":{"name":"rect","x":306,"y":224,"width":17,"height":20},"region_attributes":{"Type":"1","count":"5"}},{"shape_attributes":{"name":"rect","x":300,"y":254,"width":32,"height":33},"region_attributes":{"Type":"1","count":"3"}},{"shape_attributes":{"name":"rect","x":342,"y":146,"width":31,"height":14},"region_attributes":{"Type":"1","count":"2"}},{"shape_attributes":{"name":"rect","x":341,"y":165,"width":33,"height":18},"region_attributes":{"Type":"2","count":"2"}},{"shape_attributes":{"name":"rect","x":341,"y":194,"width":15,"height":17},"region_attributes":{"Type":"2","count":"1"}},{"shape_attributes":{"name":"rect","x":342,"y":216,"width":14,"height":10},"region_attributes":{"Type":"1","count":"12"}},{"shape_attributes":{"name":"rect","x":364,"y":204,"width":13,"height":27},"region_attributes":{"Type":"1","count":"19"}},{"shape_attributes":{"name":"rect","x":357,"y":229,"width":19,"height":19},"region_attributes":{"Type":"2","count":"4"}},{"shape_attributes":{"name":"rect","x":340,"y":232,"width":8,"height":16},"region_attributes":{"count":""}},{"shape_attributes":{"name":"rect","x":348,"y":248,"width":13,"height":20},"region_attributes":{"Type":"1","count":"1"}},{"shape_attributes":{"name":"rect","x":390,"y":228,"width":19,"height":36},"region_attributes":{"Type":"1","count":"2"}},{"shape_attributes":{"name":"rect","x":419,"y":131,"width":30,"height":39},"region_attributes":{"Type":"1","count":"4"}},{"shape_attributes":{"name":"rect","x":432,"y":228,"width":21,"height":22},"region_attributes":{"Type":"1","count":"4"}},{"shape_attributes":{"name":"rect","x":547,"y":209,"width":14,"height":14},"region_attributes":{"Type":"1","count":"1"}},{"shape_attributes":{"name":"rect","x":554,"y":230,"width":18,"height":10},"region_attributes":{"Type":"2","count":"12"}},{"shape_attributes":{"name":"rect","x":518,"y":247,"width":11,"height":17},"region_attributes":{"Type":"1","count":"2"}},{"shape_attributes":{"name":"rect","x":506,"y":311,"width":19,"height":18},"region_attributes":{"Type":"2","count":"8"}},{"shape_attributes":{"name":"rect","x":512,"y":329,"width":12,"height":11},"region_attributes":{"Type":"1","count":"4"}},{"shape_attributes":{"name":"rect","x":516,"y":347,"width":13,"height":15},"region_attributes":{"Type":"2","count":"3"}},{"shape_attributes":{"name":"rect","x":525,"y":343,"width":14,"height":18},"region_attributes":{"Type":"1","count":"2"}},{"shape_attributes":{"name":"rect","x":563,"y":252,"width":17,"height":16},"region_attributes":{"Type":"1","count":"2"}},{"shape_attributes":{"name":"rect","x":551,"y":274,"width":10,"height":14},"region_attributes":{"Type":"1","count":"1"}},{"shape_attributes":{"name":"rect","x":553,"y":315,"width":11,"height":17},"region_attributes":{"Type":"1","count":"1"}},{"shape_attributes":{"name":"rect","x":547,"y":342,"width":18,"height":19},"region_attributes":{"Type":"1","count":"9"}},{"shape_attributes":{"name":"rect","x":569,"y":314,"width":10,"height":15},"region_attributes":{"Type":"1","count":"4"}},{"shape_attributes":{"name":"rect","x":580,"y":314,"width":9,"height":13},"region_attributes":{"Type":"3","count":"1"}},{"shape_attributes":{"name":"rect","x":566,"y":330,"width":17,"height":9},"region_attributes":{"Type":"2","count":"1"}},{"shape_attributes":{"name":"rect","x":565,"y":345,"width":12,"height":13},"region_attributes":{"Type":"2","count":"1"}},{"shape_attributes":{"name":"rect","x":617,"y":310,"width":24,"height":20},"region_attributes":{"Type":"1","count":"2"}},{"shape_attributes":{"name":"rect","x":654,"y":321,"width":11,"height":17},"region_attributes":{"Type":"2","count":"4"}},{"shape_attributes":{"name":"rect","x":644,"y":345,"width":16,"height":15},"region_attributes":{"Type":"1","count":"1"}},{"shape_attributes":{"name":"rect","x":683,"y":132,"width":14,"height":17},"region_attributes":{"Type":"1","count":"2"}},{"shape_attributes":{"name":"rect","x":691,"y":157,"width":20,"height":11},"region_attributes":{"Type":"1","count":"1"}},{"shape_attributes":{"name":"rect","x":629,"y":137,"width":14,"height":19},"region_attributes":{"Type":"1","count":"1"}},{"shape_attributes":{"name":"rect","x":654,"y":143,"width":14,"height":22},"region_attributes":{"Type":"1","count":"2"}},{"shape_attributes":{"name":"rect","x":633,"y":164,"width":12,"height":15},"region_attributes":{"Type":"1","count":"2"}},{"shape_attributes":{"name":"rect","x":639,"y":167,"width":21,"height":11},"region_attributes":{"Type":"1","count":"1"}},{"shape_attributes":{"name":"rect","x":587,"y":189,"width":27,"height":19},"region_attributes":{"Type":"2","count":"5"}},{"shape_attributes":{"name":"rect","x":588,"y":206,"width":8,"height":19},"region_attributes":{"Type":"1","count":"2"}},{"shape_attributes":{"name":"rect","x":596,"y":234,"width":26,"height":9},"region_attributes":{"Type":"1","count":"2"}},{"shape_attributes":{"name":"rect","x":632,"y":196,"width":21,"height":24},"region_attributes":{"Type":"2","count":"3"}},{"shape_attributes":{"name":"rect","x":630,"y":213,"width":15,"height":20},"region_attributes":{"Type":"1","count":"3"}},{"shape_attributes":{"name":"rect","x":658,"y":200,"width":11,"height":20},"region_attributes":{"Type":"1","count":"1"}},{"shape_attributes":{"name":"rect","x":654,"y":227,"width":15,"height":13},"region_attributes":{"Type":"1","count":"1"}},{"shape_attributes":{"name":"rect","x":681,"y":191,"width":13,"height":12},"region_attributes":{"Type":"1","count":"1"}},{"shape_attributes":{"name":"rect","x":692,"y":201,"width":12,"height":14},"region_attributes":{"Type":"2","count":"1"}},{"shape_attributes":{"name":"rect","x":690,"y":218,"width":13,"height":14},"region_attributes":{"Type":"1","count":"2"}},{"shape_attributes":{"name":"rect","x":593,"y":252,"width":14,"height":18},"region_attributes":{"Type":"1","count":"2"}},{"shape_attributes":{"name":"rect","x":590,"y":282,"width":13,"height":16},"region_attributes":{"Type":"2","count":"1"}},{"shape_attributes":{"name":"rect","x":608,"y":271,"width":14,"height":17},"region_attributes":{"Type":"2","count":"6"}},{"shape_attributes":{"name":"rect","x":644,"y":252,"width":16,"height":14},"region_attributes":{"Type":"1","count":"1"}},{"shape_attributes":{"name":"rect","x":633,"y":262,"width":13,"height":16},"region_attributes":{"Type":"2","count":"1"}},{"shape_attributes":{"name":"rect","x":634,"y":279,"width":9,"height":11},"region_attributes":{"Type":"1","count":"2"}},{"shape_attributes":{"name":"rect","x":651,"y":273,"width":13,"height":26},"region_attributes":{"Type":"1","count":"5"}},{"shape_attributes":{"name":"rect","x":674,"y":254,"width":36,"height":39},"region_attributes":{"Type":"1","count":"16"}}],"file_attributes":{"date":"2022-04-29","temp":"55","rain":"2","neighborhood":"City Center","total_count":""}},"https://drive.google.com/uc?export=view&id=1hnSZlVz5_MXUS4evvJcwBZGQ--pJSkHy\n":{"filename":"https://drive.google.com/uc?export=view&id=1hnSZlVz5_MXUS4evvJcwBZGQ--pJSkHy\n","size":-1,"regions":[{"shape_attributes":{"name":"rect","x":251,"y":150,"width":23,"height":40},"region_attributes":{"Type":"1","count":"4"}},{"shape_attributes":{"name":"rect","x":322,"y":265,"width":13,"height":26},"region_attributes":{"Type":"2","count":"1"}},{"shape_attributes":{"name":"rect","x":319,"y":325,"width":16,"height":17},"region_attributes":{"Type":"2","count":"1"}},{"shape_attributes":{"name":"rect","x":337,"y":124,"width":33,"height":42},"region_attributes":{"Type":"1","count":"2"}},{"shape_attributes":{"name":"rect","x":353,"y":176,"width":16,"height":14},"region_attributes":{"Type":"2","count":"2"}},{"shape_attributes":{"name":"rect","x":379,"y":163,"width":16,"height":18},"region_attributes":{"Type":"1","count":"1"}},{"shape_attributes":{"name":"rect","x":360,"y":196,"width":13,"height":16},"region_attributes":{"Type":"2","count":"1"}},{"shape_attributes":{"name":"rect","x":331,"y":200,"width":24,"height":18},"region_attributes":{"Type":"2","count":"3"}},{"shape_attributes":{"name":"rect","x":331,"y":221,"width":22,"height":22},"region_attributes":{"Type":"1","count":"13"}},{"shape_attributes":{"name":"rect","x":367,"y":227,"width":7,"height":22},"region_attributes":{"Type":"1","count":"9"}},{"shape_attributes":{"name":"rect","x":349,"y":237,"width":11,"height":16},"region_attributes":{"Type":"2","count":"4"}},{"shape_attributes":{"name":"rect","x":440,"y":157,"width":27,"height":32},"region_attributes":{"Type":"1","count":"3"}},{"shape_attributes":{"name":"rect","x":514,"y":125,"width":24,"height":28},"region_attributes":{"Type":"2","count":"2"}},{"shape_attributes":{"name":"rect","x":462,"y":228,"width":22,"height":21},"region_attributes":{"Type":"1","count":"1"}},{"shape_attributes":{"name":"rect","x":450,"y":281,"width":17,"height":22},"region_attributes":{"Type":"1","count":"1"}},{"shape_attributes":{"name":"rect","x":506,"y":233,"width":43,"height":50},"region_attributes":{"Type":"1","count":"4"}},{"shape_attributes":{"name":"rect","x":512,"y":312,"width":16,"height":24},"region_attributes":{"Type":"1","count":"1"}},{"shape_attributes":{"name":"rect","x":507,"y":348,"width":19,"height":22},"region_attributes":{"Type":"2","count":"3"}},{"shape_attributes":{"name":"rect","x":534,"y":346,"width":12,"height":17},"region_attributes":{"Type":"2","count":"1"}},{"shape_attributes":{"name":"rect","x":554,"y":317,"width":19,"height":18},"region_attributes":{"Type":"2","count":"4"}},{"shape_attributes":{"name":"rect","x":555,"y":341,"width":12,"height":23},"region_attributes":{"Type":"2","count":"6"}},{"shape_attributes":{"name":"rect","x":570,"y":348,"width":13,"height":17},"region_attributes":{"Type":"1","count":"3"}},{"shape_attributes":{"name":"rect","x":622,"y":317,"width":50,"height":12},"region_attributes":{"Type":"1","count":"2"}},{"shape_attributes":{"name":"rect","x":620,"y":339,"width":17,"height":19},"region_attributes":{"Type":"2","count":"8"}},{"shape_attributes":{"name":"rect","x":644,"y":269,"width":12,"height":13},"region_attributes":{"Type":"1","count":"2"}},{"shape_attributes":{"name":"rect","x":638,"y":285,"width":19,"height":14},"region_attributes":{"Type":"2","count":"2"}},{"shape_attributes":{"name":"rect","x":707,"y":258,"width":21,"height":46},"region_attributes":{"Type":"1","count":"5"}},{"shape_attributes":{"name":"rect","x":684,"y":138,"width":11,"height":22},"region_attributes":{"Type":"3","count":"1"}},{"shape_attributes":{"name":"rect","x":702,"y":133,"width":25,"height":29},"region_attributes":{"Type":"1","count":"3"}},{"shape_attributes":{"name":"rect","x":701,"y":174,"width":23,"height":16},"region_attributes":{"Type":"1","count":"1"}},{"shape_attributes":{"name":"rect","x":551,"y":166,"width":20,"height":25},"region_attributes":{"Type":"1","count":"1"}},{"shape_attributes":{"name":"rect","x":558,"y":225,"width":11,"height":26},"region_attributes":{"Type":"2","count":"16"}},{"shape_attributes":{"name":"rect","x":574,"y":229,"width":11,"height":19},"region_attributes":{"Type":"1","count":"5"}},{"shape_attributes":{"name":"rect","x":594,"y":167,"width":46,"height":46},"region_attributes":{"Type":"1","count":"3"}},{"shape_attributes":{"name":"rect","x":595,"y":220,"width":14,"height":17},"region_attributes":{"Type":"2","count":"1"}},{"shape_attributes":{"name":"rect","x":620,"y":217,"width":17,"height":16},"region_attributes":{"Type":"2","count":"10"}},{"shape_attributes":{"name":"rect","x":610,"y":207,"width":38,"height":9},"region_attributes":{"Type":"1","count":"2"}},{"shape_attributes":{"name":"rect","x":704,"y":196,"width":22,"height":22},"region_attributes":{"Type":"2","count":"1"}},{"shape_attributes":{"name":"rect","x":680,"y":201,"width":19,"height":27},"region_attributes":{"Type":"1","count":"6"}},{"shape_attributes":{"name":"rect","x":701,"y":217,"width":44,"height":13},"region_attributes":{"Type":"1","count":"2"}},{"shape_attributes":{"name":"rect","x":648,"y":232,"width":12,"height":18},"region_attributes":{"Type":"1","count":"2"}},{"shape_attributes":{"name":"rect","x":592,"y":258,"width":19,"height":14},"region_attributes":{"Type":"2","count":"15"}},{"shape_attributes":{"name":"rect","x":621,"y":250,"width":17,"height":24},"region_attributes":{"Type":"1","count":"5"}}],"file_attributes":{"date":"2022-05-27","temp":"61","rain":"2","neighborhood":"City Center","total_count":""}},"https://drive.google.com/uc?export=view&id=1y3UBdp3zUBvR-YrS-DPdSWQ-f7QA72H8\n":{"filename":"https://drive.google.com/uc?export=view&id=1y3UBdp3zUBvR-YrS-DPdSWQ-f7QA72H8\n","size":-1,"regions":[{"shape_attributes":{"name":"rect","x":175,"y":187,"width":32,"height":29},"region_attributes":{"Type":"1","count":"2"}},{"shape_attributes":{"name":"rect","x":168,"y":310,"width":32,"height":23},"region_attributes":{"Type":"1","count":"1"}},{"shape_attributes":{"name":"rect","x":220,"y":444,"width":32,"height":23},"region_attributes":{"Type":"1","count":"1"}},{"shape_attributes":{"name":"rect","x":292,"y":363,"width":32,"height":23},"region_attributes":{"Type":"1","count":"1"}},{"shape_attributes":{"name":"rect","x":285,"y":279,"width":32,"height":23},"region_attributes":{"Type":"1","count":"1"}},{"shape_attributes":{"name":"rect","x":388,"y":186,"width":32,"height":23},"region_attributes":{"Type":"1","count":"1"}},{"shape_attributes":{"name":"rect","x":236,"y":138,"width":32,"height":23},"region_attributes":{"Type":"1","count":"1"}},{"shape_attributes":{"name":"rect","x":407,"y":185,"width":32,"height":23},"region_attributes":{"Type":"1","count":"1"}},{"shape_attributes":{"name":"rect","x":435,"y":182,"width":32,"height":23},"region_attributes":{"Type":"1","count":"1"}},{"shape_attributes":{"name":"rect","x":477,"y":260,"width":32,"height":19},"region_attributes":{"Type":"1","count":"1"}},{"shape_attributes":{"name":"rect","x":540,"y":271,"width":32,"height":23},"region_attributes":{"Type":"1","count":"1"}},{"shape_attributes":{"name":"rect","x":698,"y":239,"width":32,"height":23},"region_attributes":{"Type":"1","count":"1"}},{"shape_attributes":{"name":"rect","x":704,"y":316,"width":32,"height":23},"region_attributes":{"Type":"1","count":"1"}},{"shape_attributes":{"name":"rect","x":619,"y":204,"width":32,"height":23},"region_attributes":{"Type":"1","count":"1"}},{"shape_attributes":{"name":"rect","x":600,"y":343,"width":32,"height":23},"region_attributes":{"Type":"1","count":"1"}},{"shape_attributes":{"name":"rect","x":316,"y":137,"width":32,"height":23},"region_attributes":{"Type":"1","count":"1"}},{"shape_attributes":{"name":"rect","x":345,"y":138,"width":32,"height":23},"region_attributes":{"Type":"2","count":"1"}},{"shape_attributes":{"name":"rect","x":206,"y":226,"width":32,"height":23},"region_attributes":{"Type":"1","count":"1"}},{"shape_attributes":{"name":"rect","x":416,"y":123,"width":32,"height":23},"region_attributes":{"Type":"1","count":"1"}},{"shape_attributes":{"name":"rect","x":280,"y":226,"width":38,"height":39},"region_attributes":{"Type":"1","count":"14"}},{"shape_attributes":{"name":"rect","x":245,"y":180,"width":19,"height":22},"region_attributes":{"Type":"1","count":"9"}},{"shape_attributes":{"name":"rect","x":226,"y":256,"width":24,"height":15},"region_attributes":{"Type":"1","count":"1"}},{"shape_attributes":{"name":"rect","x":282,"y":464,"width":21,"height":19},"region_attributes":{"Type":"1","count":"4"}},{"shape_attributes":{"name":"rect","x":345,"y":443,"width":36,"height":38},"region_attributes":{"Type":"1","count":"4"}},{"shape_attributes":{"name":"rect","x":343,"y":168,"width":15,"height":13},"region_attributes":{"Type":"2","count":"6"}},{"shape_attributes":{"name":"rect","x":315,"y":175,"width":18,"height":16},"region_attributes":{"Type":"1","count":"4"}},{"shape_attributes":{"name":"rect","x":313,"y":215,"width":19,"height":19},"region_attributes":{"Type":"1","count":"2"}},{"shape_attributes":{"name":"rect","x":363,"y":175,"width":5,"height":14},"region_attributes":{"Type":"1","count":"1"}},{"shape_attributes":{"name":"rect","x":391,"y":118,"width":26,"height":32},"region_attributes":{"Type":"1","count":"2"}},{"shape_attributes":{"name":"rect","x":467,"y":116,"width":26,"height":26},"region_attributes":{"Type":"2","count":"2"}},{"shape_attributes":{"name":"rect","x":337,"y":198,"width":18,"height":12},"region_attributes":{"Type":"2","count":"3"}},{"shape_attributes":{"name":"rect","x":361,"y":205,"width":16,"height":19},"region_attributes":{"Type":"2","count":"3"}},{"shape_attributes":{"name":"rect","x":345,"y":217,"width":12,"height":9},"region_attributes":{"Type":"1","count":"8"}},{"shape_attributes":{"name":"rect","x":340,"y":236,"width":12,"height":11},"region_attributes":{"Type":"1","count":"3"}},{"shape_attributes":{"name":"rect","x":356,"y":231,"width":15,"height":16},"region_attributes":{"Type":"2","count":"2"}},{"shape_attributes":{"name":"rect","x":263,"y":312,"width":27,"height":42},"region_attributes":{"Type":"1","count":"4"}},{"shape_attributes":{"name":"rect","x":390,"y":247,"width":16,"height":19},"region_attributes":{"Type":"1","count":"2"}},{"shape_attributes":{"name":"rect","x":426,"y":249,"width":14,"height":14},"region_attributes":{"Type":"1","count":"3"}},{"shape_attributes":{"name":"rect","x":473,"y":217,"width":19,"height":22},"region_attributes":{"Type":"1","count":"3"}},{"shape_attributes":{"name":"rect","x":447,"y":263,"width":14,"height":18},"region_attributes":{"Type":"1","count":"1"}},{"shape_attributes":{"name":"rect","x":522,"y":222,"width":21,"height":18},"region_attributes":{"Type":"1","count":"2"}},{"shape_attributes":{"name":"rect","x":591,"y":189,"width":19,"height":17},"region_attributes":{"Type":"2","count":"4"}},{"shape_attributes":{"name":"rect","x":591,"y":213,"width":16,"height":11},"region_attributes":{"Type":"1","count":"3"}},{"shape_attributes":{"name":"rect","x":603,"y":223,"width":11,"height":11},"region_attributes":{"Type":"2","count":"2"}},{"shape_attributes":{"name":"rect","x":605,"y":243,"width":17,"height":16},"region_attributes":{"Type":"1","count":"2"}},{"shape_attributes":{"name":"rect","x":480,"y":311,"width":25,"height":26},"region_attributes":{"Type":"2","count":"1"}},{"shape_attributes":{"name":"rect","x":473,"y":347,"width":17,"height":18},"region_attributes":{"Type":"2","count":"4"}},{"shape_attributes":{"name":"rect","x":491,"y":345,"width":19,"height":17},"region_attributes":{"Type":"1","count":"2"}},{"shape_attributes":{"name":"rect","x":512,"y":319,"width":18,"height":20},"region_attributes":{"Type":"2","count":"1"}},{"shape_attributes":{"name":"rect","x":513,"y":341,"width":17,"height":18},"region_attributes":{"Type":"2","count":"12"}},{"shape_attributes":{"name":"rect","x":532,"y":343,"width":13,"height":18},"region_attributes":{"Type":"1","count":"3"}},{"shape_attributes":{"name":"rect","x":656,"y":242,"width":13,"height":15},"region_attributes":{"Type":"1","count":"2"}},{"shape_attributes":{"name":"rect","x":638,"y":252,"width":13,"height":15},"region_attributes":{"Type":"2","count":"3"}},{"shape_attributes":{"name":"rect","x":640,"y":266,"width":20,"height":13},"region_attributes":{"Type":"1","count":"2"}},{"shape_attributes":{"name":"rect","x":644,"y":289,"width":22,"height":10},"region_attributes":{"Type":"1","count":"2"}},{"shape_attributes":{"name":"rect","x":694,"y":268,"width":19,"height":17},"region_attributes":{"Type":"1","count":"13"}},{"shape_attributes":{"name":"rect","x":658,"y":309,"width":17,"height":21},"region_attributes":{"Type":"2","count":"8"}},{"shape_attributes":{"name":"rect","x":671,"y":322,"width":12,"height":24},"region_attributes":{"Type":"1","count":"2"}},{"shape_attributes":{"name":"rect","x":649,"y":337,"width":20,"height":26},"region_attributes":{"Type":"1","count":"5"}},{"shape_attributes":{"name":"rect","x":610,"y":300,"width":13,"height":19},"region_attributes":{"Type":"1","count":"2"}},{"shape_attributes":{"name":"rect","x":598,"y":314,"width":16,"height":26},"region_attributes":{"Type":"1","count":"2"}},{"shape_attributes":{"name":"rect","x":567,"y":304,"width":16,"height":17},"region_attributes":{"Type":"1","count":"2"}},{"shape_attributes":{"name":"rect","x":553,"y":309,"width":19,"height":32},"region_attributes":{"Type":"1","count":"7"}},{"shape_attributes":{"name":"rect","x":560,"y":350,"width":10,"height":12},"region_attributes":{"Type":"1","count":"6"}},{"shape_attributes":{"name":"rect","x":573,"y":346,"width":12,"height":13},"region_attributes":{"Type":"2","count":"2"}},{"shape_attributes":{"name":"rect","x":579,"y":326,"width":12,"height":14},"region_attributes":{"Type":"2","count":"2"}}],"file_attributes":{"date":"","temp":"","rain":"2","neighborhood":"City Center","total_count":""}},"https://drive.google.com/uc?export=view&id=1MX4gpH6iQaj0XnTDHFzFRLc1Fu8m8Fvd\n":{"filename":"https://drive.google.com/uc?export=view&id=1MX4gpH6iQaj0XnTDHFzFRLc1Fu8m8Fvd\n","size":-1,"regions":[{"shape_attributes":{"name":"rect","x":275,"y":182,"width":16,"height":31},"region_attributes":{"Type":"1","count":"1"}},{"shape_attributes":{"name":"rect","x":267,"y":223,"width":24,"height":24},"region_attributes":{"Type":"1","count":"5"}},{"shape_attributes":{"name":"rect","x":309,"y":190,"width":19,"height":22},"region_attributes":{"Type":"2","count":"1"}},{"shape_attributes":{"name":"rect","x":336,"y":160,"width":29,"height":21},"region_attributes":{"Type":"1","count":"5"}},{"shape_attributes":{"name":"rect","x":354,"y":189,"width":12,"height":13},"region_attributes":{"Type":"1","count":"1"}},{"shape_attributes":{"name":"rect","x":316,"y":220,"width":15,"height":14},"region_attributes":{"Type":"1","count":"2"}},{"shape_attributes":{"name":"rect","x":304,"y":251,"width":23,"height":12},"region_attributes":{"Type":"1","count":"2"}},{"shape_attributes":{"name":"rect","x":340,"y":196,"width":13,"height":21},"region_attributes":{"Type":"1","count":"12"}},{"shape_attributes":{"name":"rect","x":340,"y":223,"width":14,"height":19},"region_attributes":{"Type":"1","count":"11"}},{"shape_attributes":{"name":"rect","x":360,"y":219,"width":11,"height":24},"region_attributes":{"Type":"2","count":"5"}},{"shape_attributes":{"name":"rect","x":351,"y":255,"width":14,"height":15},"region_attributes":{"Type":"2","count":"1"}},{"shape_attributes":{"name":"rect","x":314,"y":304,"width":18,"height":23},"region_attributes":{"Type":"1","count":"2"}},{"shape_attributes":{"name":"rect","x":428,"y":249,"width":42,"height":18},"region_attributes":{"Type":"1","count":"2"}},{"shape_attributes":{"name":"rect","x":479,"y":221,"width":23,"height":24},"region_attributes":{"Type":"1","count":"3"}},{"shape_attributes":{"name":"rect","x":510,"y":243,"width":16,"height":24},"region_attributes":{"Type":"1","count":"1"}},{"shape_attributes":{"name":"rect","x":502,"y":344,"width":23,"height":21},"region_attributes":{"Type":"2","count":"4"}},{"shape_attributes":{"name":"rect","x":522,"y":309,"width":22,"height":30},"region_attributes":{"Type":"2","count":"9"}},{"shape_attributes":{"name":"rect","x":637,"y":138,"width":24,"height":25},"region_attributes":{"Type":"1","count":"1"}},{"shape_attributes":{"name":"rect","x":698,"y":127,"width":17,"height":21},"region_attributes":{"Type":"1","count":"2"}},{"shape_attributes":{"name":"rect","x":675,"y":135,"width":25,"height":24},"region_attributes":{"Type":"2","count":"7"}},{"shape_attributes":{"name":"rect","x":598,"y":185,"width":15,"height":21},"region_attributes":{"Type":"2","count":"2"}},{"shape_attributes":{"name":"rect","x":618,"y":183,"width":13,"height":22},"region_attributes":{"Type":"1","count":"2"}},{"shape_attributes":{"name":"rect","x":700,"y":191,"width":24,"height":19},"region_attributes":{"Type":"1","count":"2"}},{"shape_attributes":{"name":"rect","x":699,"y":217,"width":18,"height":17},"region_attributes":{"Type":"2","count":"3"}},{"shape_attributes":{"name":"rect","x":638,"y":200,"width":19,"height":16},"region_attributes":{"Type":"2","count":"8"}},{"shape_attributes":{"name":"rect","x":641,"y":227,"width":11,"height":14},"region_attributes":{"Type":"1","count":"1"}},{"shape_attributes":{"name":"rect","x":587,"y":202,"width":23,"height":17},"region_attributes":{"Type":"1","count":"4"}},{"shape_attributes":{"name":"rect","x":600,"y":227,"width":19,"height":16},"region_attributes":{"Type":"2","count":"2"}},{"shape_attributes":{"name":"rect","x":602,"y":252,"width":27,"height":12},"region_attributes":{"Type":"1","count":"10"}},{"shape_attributes":{"name":"rect","x":592,"y":265,"width":18,"height":18},"region_attributes":{"Type":"1","count":"5"}},{"shape_attributes":{"name":"rect","x":590,"y":283,"width":19,"height":16},"region_attributes":{"Type":"2","count":"1"}},{"shape_attributes":{"name":"rect","x":596,"y":310,"width":15,"height":16},"region_attributes":{"Type":"1","count":"4"}},{"shape_attributes":{"name":"rect","x":602,"y":328,"width":8,"height":12},"region_attributes":{"Type":"2","count":"10"}},{"shape_attributes":{"name":"rect","x":597,"y":344,"width":11,"height":16},"region_attributes":{"Type":"1","count":"7"}},{"shape_attributes":{"name":"rect","x":616,"y":313,"width":13,"height":17},"region_attributes":{"Type":"2","count":"2"}},{"shape_attributes":{"name":"rect","x":617,"y":331,"width":12,"height":16},"region_attributes":{"count":"5"}},{"shape_attributes":{"name":"rect","x":608,"y":345,"width":11,"height":13},"region_attributes":{"Type":"1","count":"2"}},{"shape_attributes":{"name":"rect","x":660,"y":260,"width":14,"height":20},"region_attributes":{"Type":"1","count":"4"}},{"shape_attributes":{"name":"rect","x":636,"y":265,"width":14,"height":18},"region_attributes":{"Type":"1","count":"5"}},{"shape_attributes":{"name":"rect","x":639,"y":291,"width":19,"height":9},"region_attributes":{"Type":"2","count":"4"}},{"shape_attributes":{"name":"rect","x":637,"y":317,"width":11,"height":22},"region_attributes":{"Type":"1","count":"1"}},{"shape_attributes":{"name":"rect","x":698,"y":246,"width":23,"height":24},"region_attributes":{"Type":"1","count":"2"}},{"shape_attributes":{"name":"rect","x":683,"y":267,"width":31,"height":35},"region_attributes":{"Type":"1","count":"8"}},{"shape_attributes":{"name":"rect","x":694,"y":312,"width":12,"height":18},"region_attributes":{"Type":"1","count":"8"}},{"shape_attributes":{"name":"rect","x":674,"y":327,"width":20,"height":20},"region_attributes":{"Type":"1","count":"8"}},{"shape_attributes":{"name":"rect","x":655,"y":340,"width":17,"height":22},"region_attributes":{"Type":"2","count":"1"}}],"file_attributes":{"date":"2022-07-29","temp":"70","rain":"2","neighborhood":"City Center","total_count":""}},"https://drive.google.com/uc?export=view&id=1wDhNd3guGYG7edvPV2H3i4DEKckC87FN\n":{"filename":"https://drive.google.com/uc?export=view&id=1wDhNd3guGYG7edvPV2H3i4DEKckC87FN\n","size":-1,"regions":[{"shape_attributes":{"name":"rect","x":183,"y":163,"width":25,"height":22},"region_attributes":{"Type":"1","count":"1"}},{"shape_attributes":{"name":"rect","x":153,"y":206,"width":25,"height":22},"region_attributes":{"Type":"1","count":"1"}},{"shape_attributes":{"name":"rect","x":163,"y":301,"width":25,"height":22},"region_attributes":{"Type":"1","count":"1"}},{"shape_attributes":{"name":"rect","x":257,"y":129,"width":25,"height":22},"region_attributes":{"Type":"1","count":"1"}},{"shape_attributes":{"name":"rect","x":211,"y":246,"width":25,"height":22},"region_attributes":{"Type":"1","count":"1"}},{"shape_attributes":{"name":"rect","x":220,"y":377,"width":25,"height":22},"region_attributes":{"Type":"1","count":"1"}},{"shape_attributes":{"name":"rect","x":291,"y":339,"width":25,"height":22},"region_attributes":{"Type":"1","count":"1"}},{"shape_attributes":{"name":"rect","x":343,"y":159,"width":25,"height":22},"region_attributes":{"Type":"1","count":"1"}},{"shape_attributes":{"name":"rect","x":386,"y":162,"width":25,"height":22},"region_attributes":{"Type":"1","count":"1"}},{"shape_attributes":{"name":"rect","x":390,"y":222,"width":25,"height":20},"region_attributes":{"Type":"1","count":"1"}},{"shape_attributes":{"name":"rect","x":412,"y":125,"width":49,"height":45},"region_attributes":{"Type":"1","count":"1"}},{"shape_attributes":{"name":"rect","x":437,"y":121,"width":25,"height":22},"region_attributes":{"Type":"1","count":"1"}},{"shape_attributes":{"name":"rect","x":594,"y":161,"width":25,"height":22},"region_attributes":{"Type":"1","count":"1"}},{"shape_attributes":{"name":"rect","x":422,"y":289,"width":25,"height":22},"region_attributes":{"Type":"1","count":"1"}},{"shape_attributes":{"name":"rect","x":441,"y":281,"width":25,"height":22},"region_attributes":{"Type":"1","count":"1"}},{"shape_attributes":{"name":"rect","x":464,"y":215,"width":25,"height":22},"region_attributes":{"Type":"1","count":"1"}},{"shape_attributes":{"name":"rect","x":470,"y":239,"width":25,"height":22},"region_attributes":{"Type":"1","count":"1"}},{"shape_attributes":{"name":"rect","x":501,"y":241,"width":25,"height":22},"region_attributes":{"Type":"1","count":"1"}},{"shape_attributes":{"name":"rect","x":552,"y":283,"width":25,"height":22},"region_attributes":{"Type":"1","count":"1"}},{"shape_attributes":{"name":"rect","x":676,"y":224,"width":25,"height":22},"region_attributes":{"Type":"1","count":"1"}},{"shape_attributes":{"name":"rect","x":597,"y":314,"width":25,"height":22},"region_attributes":{"Type":"1","count":"1"}},{"shape_attributes":{"name":"rect","x":162,"y":140,"width":25,"height":22},"region_attributes":{"Type":"1","count":"1"}},{"shape_attributes":{"name":"rect","x":163,"y":167,"width":18,"height":17},"region_attributes":{"Type":"2","count":"1"}},{"shape_attributes":{"name":"rect","x":177,"y":193,"width":21,"height":19},"region_attributes":{"Type":"1","count":"2"}},{"shape_attributes":{"name":"rect","x":254,"y":166,"width":17,"height":22},"region_attributes":{"Type":"2","count":"1"}},{"shape_attributes":{"name":"rect","x":306,"y":152,"width":24,"height":22},"region_attributes":{"Type":"1","count":"2"}},{"shape_attributes":{"name":"rect","x":258,"y":275,"width":21,"height":28},"region_attributes":{"Type":"1","count":"3"}},{"shape_attributes":{"name":"rect","x":299,"y":220,"width":22,"height":23},"region_attributes":{"Type":"1","count":"11"}},{"shape_attributes":{"name":"rect","x":306,"y":255,"width":21,"height":13},"region_attributes":{"Type":"1","count":"11"}},{"shape_attributes":{"name":"rect","x":317,"y":279,"width":17,"height":15},"region_attributes":{"Type":"1","count":"4"}},{"shape_attributes":{"name":"rect","x":336,"y":268,"width":10,"height":23},"region_attributes":{"Type":"1","count":"3"}},{"shape_attributes":{"name":"rect","x":337,"y":214,"width":15,"height":36},"region_attributes":{"Type":"1","count":"23"}},{"shape_attributes":{"name":"rect","x":357,"y":219,"width":18,"height":26},"region_attributes":{"Type":"2","count":"7"}},{"shape_attributes":{"name":"rect","x":432,"y":190,"width":13,"height":17},"region_attributes":{"Type":"1","count":"2"}},{"shape_attributes":{"name":"rect","x":437,"y":151,"width":41,"height":12},"region_attributes":{"Type":"1","count":"3"}},{"shape_attributes":{"name":"rect","x":427,"y":222,"width":11,"height":20},"region_attributes":{"Type":"1","count":"3"}},{"shape_attributes":{"name":"rect","x":400,"y":273,"width":15,"height":19},"region_attributes":{"Type":"1","count":"2"}},{"shape_attributes":{"name":"rect","x":430,"y":249,"width":20,"height":20},"region_attributes":{"Type":"1","count":"2"}},{"shape_attributes":{"name":"rect","x":552,"y":221,"width":23,"height":27},"region_attributes":{"Type":"2","count":"1"}},{"shape_attributes":{"name":"rect","x":563,"y":151,"width":30,"height":15},"region_attributes":{"Type":"3","count":"1"}},{"shape_attributes":{"name":"rect","x":646,"y":121,"width":15,"height":21},"region_attributes":{"Type":"2","count":"1"}},{"shape_attributes":{"name":"rect","x":706,"y":129,"width":17,"height":30},"region_attributes":{"Type":"1","count":"2"}},{"shape_attributes":{"name":"rect","x":702,"y":162,"width":10,"height":15},"region_attributes":{"Type":"1","count":"2"}},{"shape_attributes":{"name":"rect","x":678,"y":150,"width":13,"height":13},"region_attributes":{"Type":"2","count":"4"}},{"shape_attributes":{"name":"rect","x":662,"y":151,"width":8,"height":14},"region_attributes":{"Type":"1","count":"1"}},{"shape_attributes":{"name":"rect","x":635,"y":150,"width":15,"height":18},"region_attributes":{"Type":"1","count":"2"}},{"shape_attributes":{"name":"rect","x":643,"y":184,"width":16,"height":23},"region_attributes":{"Type":"1","count":"3"}},{"shape_attributes":{"name":"rect","x":688,"y":167,"width":8,"height":15},"region_attributes":{"Type":"2","count":"2"}},{"shape_attributes":{"name":"rect","x":692,"y":206,"width":22,"height":15},"region_attributes":{"Type":"1","count":"4"}},{"shape_attributes":{"name":"rect","x":682,"y":262,"width":31,"height":28},"region_attributes":{"Type":"1","count":"16"}},{"shape_attributes":{"name":"rect","x":466,"y":270,"width":36,"height":18},"region_attributes":{"Type":"1","count":"3"}},{"shape_attributes":{"name":"rect","x":615,"y":248,"width":12,"height":23},"region_attributes":{"Type":"2","count":"11"}},{"shape_attributes":{"name":"rect","x":517,"y":283,"width":15,"height":17},"region_attributes":{"Type":"1","count":"3"}},{"shape_attributes":{"name":"rect","x":474,"y":311,"width":16,"height":16},"region_attributes":{"Type":"1","count":"2"}},{"shape_attributes":{"name":"rect","x":517,"y":311,"width":11,"height":13},"region_attributes":{"Type":"2","count":"1"}},{"shape_attributes":{"name":"rect","x":510,"y":331,"width":12,"height":16},"region_attributes":{"Type":"2","count":"1"}},{"shape_attributes":{"name":"rect","x":499,"y":344,"width":24,"height":21},"region_attributes":{"Type":"2","count":"3"}},{"shape_attributes":{"name":"rect","x":530,"y":320,"width":7,"height":16},"region_attributes":{"Type":"2","count":"5"}},{"shape_attributes":{"name":"rect","x":535,"y":343,"width":11,"height":14},"region_attributes":{"Type":"1","count":"4"}},{"shape_attributes":{"name":"rect","x":523,"y":353,"width":15,"height":14},"region_attributes":{"Type":"1","count":"6"}},{"shape_attributes":{"name":"rect","x":590,"y":275,"width":20,"height":21},"region_attributes":{"Type":"2","count":"1"}},{"shape_attributes":{"name":"rect","x":640,"y":261,"width":11,"height":16},"region_attributes":{"Type":"1","count":"2"}},{"shape_attributes":{"name":"rect","x":637,"y":280,"width":10,"height":12},"region_attributes":{"Type":"2","count":"2"}},{"shape_attributes":{"name":"rect","x":619,"y":272,"width":12,"height":20},"region_attributes":{"Type":"1","count":"5"}},{"shape_attributes":{"name":"rect","x":568,"y":312,"width":20,"height":19},"region_attributes":{"Type":"1","count":"10"}},{"shape_attributes":{"name":"rect","x":574,"y":331,"width":16,"height":20},"region_attributes":{"Type":"2","count":"6"}},{"shape_attributes":{"name":"rect","x":551,"y":325,"width":16,"height":18},"region_attributes":{"Type":"2","count":"6"}},{"shape_attributes":{"name":"rect","x":546,"y":339,"width":17,"height":10},"region_attributes":{"Type":"1","count":"1"}},{"shape_attributes":{"name":"rect","x":649,"y":312,"width":28,"height":32},"region_attributes":{"Type":"2","count":"2"}},{"shape_attributes":{"name":"rect","x":638,"y":347,"width":22,"height":23},"region_attributes":{"Type":"1","count":"3"}}],"file_attributes":{"date":"2022-08-25","temp":"68","rain":"2","neighborhood":"City Center","total_count":""}},"https://drive.google.com/uc?export=view&id=1QoKAH71SF15154m6W25UlIoIOvscVUwm\n":{"filename":"https://drive.google.com/uc?export=view&id=1QoKAH71SF15154m6W25UlIoIOvscVUwm\n","size":-1,"regions":[{"shape_attributes":{"name":"rect","x":214,"y":221,"width":24,"height":20},"region_attributes":{"Type":"1","count":"2"}},{"shape_attributes":{"name":"rect","x":232,"y":268,"width":14,"height":17},"region_attributes":{"Type":"2","count":"1"}},{"shape_attributes":{"name":"rect","x":250,"y":129,"width":82,"height":109},"region_attributes":{"Type":"1","count":"19"}},{"shape_attributes":{"name":"rect","x":306,"y":248,"width":22,"height":19},"region_attributes":{"Type":"1","count":"14"}},{"shape_attributes":{"name":"rect","x":304,"y":277,"width":31,"height":17},"region_attributes":{"Type":"1","count":"4"}},{"shape_attributes":{"name":"rect","x":355,"y":151,"width":20,"height":28},"region_attributes":{"Type":"1","count":"2"}},{"shape_attributes":{"name":"rect","x":337,"y":193,"width":28,"height":44},"region_attributes":{"Type":"1","count":"6"}},{"shape_attributes":{"name":"rect","x":350,"y":278,"width":16,"height":23},"region_attributes":{"Type":"1","count":"1"}},{"shape_attributes":{"name":"rect","x":403,"y":183,"width":17,"height":23},"region_attributes":{"Type":"1","count":"1"}},{"shape_attributes":{"name":"rect","x":391,"y":278,"width":20,"height":25},"region_attributes":{"Type":"1","count":"1"}},{"shape_attributes":{"name":"rect","x":432,"y":222,"width":22,"height":19},"region_attributes":{"Type":"1","count":"5"}},{"shape_attributes":{"name":"rect","x":423,"y":138,"width":21,"height":27},"region_attributes":{"Type":"1","count":"2"}},{"shape_attributes":{"name":"rect","x":441,"y":261,"width":19,"height":19},"region_attributes":{"Type":"1","count":"3"}},{"shape_attributes":{"name":"rect","x":470,"y":268,"width":30,"height":21},"region_attributes":{"Type":"1","count":"3"}},{"shape_attributes":{"name":"rect","x":471,"y":162,"width":16,"height":21},"region_attributes":{"Type":"1","count":"3"}},{"shape_attributes":{"name":"rect","x":466,"y":142,"width":18,"height":18},"region_attributes":{"Type":"2","count":"1"}},{"shape_attributes":{"name":"rect","x":490,"y":125,"width":17,"height":17},"region_attributes":{"Type":"1","count":"1"}},{"shape_attributes":{"name":"rect","x":556,"y":121,"width":26,"height":20},"region_attributes":{"Type":"1","count":"1"}},{"shape_attributes":{"name":"rect","x":565,"y":158,"width":12,"height":22},"region_attributes":{"Type":"1","count":"1"}},{"shape_attributes":{"name":"rect","x":687,"y":103,"width":14,"height":19},"region_attributes":{"Type":"1","count":"1"}},{"shape_attributes":{"name":"rect","x":637,"y":143,"width":21,"height":18},"region_attributes":{"Type":"1","count":"1"}},{"shape_attributes":{"name":"rect","x":704,"y":142,"width":16,"height":28},"region_attributes":{"Type":"1","count":"1"}},{"shape_attributes":{"name":"rect","x":696,"y":185,"width":23,"height":18},"region_attributes":{"Type":"1","count":"3"}},{"shape_attributes":{"name":"rect","x":681,"y":209,"width":16,"height":18},"region_attributes":{"Type":"1","count":"5"}},{"shape_attributes":{"name":"rect","x":648,"y":188,"width":17,"height":19},"region_attributes":{"Type":"1","count":"5"}},{"shape_attributes":{"name":"rect","x":607,"y":186,"width":15,"height":16},"region_attributes":{"Type":"2","count":"1"}},{"shape_attributes":{"name":"rect","x":572,"y":198,"width":17,"height":20},"region_attributes":{"Type":"1","count":"3"}},{"shape_attributes":{"name":"rect","x":549,"y":218,"width":19,"height":20},"region_attributes":{"Type":"2","count":"3"}},{"shape_attributes":{"name":"rect","x":570,"y":222,"width":19,"height":13},"region_attributes":{"Type":"1","count":"2"}},{"shape_attributes":{"name":"rect","x":524,"y":298,"width":18,"height":23},"region_attributes":{"Type":"2","count":"7"}},{"shape_attributes":{"name":"rect","x":471,"y":325,"width":13,"height":15},"region_attributes":{"Type":"1","count":"1"}},{"shape_attributes":{"name":"rect","x":507,"y":317,"width":15,"height":16},"region_attributes":{"Type":"2","count":"5"}},{"shape_attributes":{"name":"rect","x":509,"y":338,"width":18,"height":16},"region_attributes":{"Type":"2","count":"11"}},{"shape_attributes":{"name":"rect","x":531,"y":326,"width":15,"height":27},"region_attributes":{"Type":"1","count":"6"}},{"shape_attributes":{"name":"rect","x":568,"y":302,"width":16,"height":20},"region_attributes":{"Type":"2","count":"1"}},{"shape_attributes":{"name":"rect","x":574,"y":326,"width":16,"height":19},"region_attributes":{"Type":"3","count":"1"}},{"shape_attributes":{"name":"rect","x":564,"y":339,"width":24,"height":17},"region_attributes":{"Type":"1","count":"1"}},{"shape_attributes":{"name":"rect","x":595,"y":309,"width":24,"height":16},"region_attributes":{"Type":"1","count":"1"}},{"shape_attributes":{"name":"rect","x":598,"y":202,"width":16,"height":15},"region_attributes":{"Type":"2","count":"14"}},{"shape_attributes":{"name":"rect","x":620,"y":210,"width":4,"height":20},"region_attributes":{"Type":"1","count":"4"}},{"shape_attributes":{"name":"rect","x":603,"y":223,"width":18,"height":17},"region_attributes":{"Type":"2","count":"2"}},{"shape_attributes":{"name":"rect","x":637,"y":208,"width":20,"height":18},"region_attributes":{"Type":"2","count":"2"}},{"shape_attributes":{"name":"rect","x":594,"y":245,"width":17,"height":20},"region_attributes":{"Type":"2","count":"3"}},{"shape_attributes":{"name":"rect","x":617,"y":247,"width":12,"height":12},"region_attributes":{"Type":"1","count":"4"}},{"shape_attributes":{"name":"rect","x":624,"y":265,"width":7,"height":8},"region_attributes":{"Type":"1","count":"1"}},{"shape_attributes":{"name":"rect","x":615,"y":280,"width":21,"height":19},"region_attributes":{"Type":"2","count":"1"}},{"shape_attributes":{"name":"rect","x":641,"y":252,"width":14,"height":18},"region_attributes":{"Type":"2","count":"2"}},{"shape_attributes":{"name":"rect","x":685,"y":261,"width":9,"height":15},"region_attributes":{"Type":"1","count":"2"}},{"shape_attributes":{"name":"rect","x":660,"y":268,"width":9,"height":28},"region_attributes":{"Type":"1","count":"9"}},{"shape_attributes":{"name":"rect","x":672,"y":275,"width":4,"height":13},"region_attributes":{"Type":"3","count":"1"}},{"shape_attributes":{"name":"rect","x":698,"y":267,"width":21,"height":51},"region_attributes":{"Type":"1","count":"14"}}],"file_attributes":{"date":"2022-09-30","temp":"67","rain":"2","neighborhood":"City Center","total_count":""}},"https://drive.google.com/uc?export=view&id=1zJirERdHa2eSD9rrJN4KFvjdWBDnczqd\n":{"filename":"https://drive.google.com/uc?export=view&id=1zJirERdHa2eSD9rrJN4KFvjdWBDnczqd\n","size":-1,"regions":[{"shape_attributes":{"name":"rect","x":169,"y":135,"width":27,"height":44},"region_attributes":{"Type":"1","count":"7"}},{"shape_attributes":{"name":"rect","x":172,"y":229,"width":21,"height":40},"region_attributes":{"Type":"1","count":"2"}},{"shape_attributes":{"name":"rect","x":227,"y":142,"width":16,"height":21},"region_attributes":{"Type":"1","count":"1"}},{"shape_attributes":{"name":"rect","x":254,"y":132,"width":19,"height":13},"region_attributes":{"Type":"1","count":"2"}},{"shape_attributes":{"name":"rect","x":202,"y":265,"width":42,"height":29},"region_attributes":{"Type":"1","count":"4"}},{"shape_attributes":{"name":"rect","x":211,"y":330,"width":28,"height":28},"region_attributes":{"Type":"1","count":"2"}},{"shape_attributes":{"name":"rect","x":209,"y":446,"width":15,"height":20},"region_attributes":{"Type":"1","count":"1"}},{"shape_attributes":{"name":"rect","x":344,"y":451,"width":27,"height":29},"region_attributes":{"Type":"1","count":"6"}},{"shape_attributes":{"name":"rect","x":256,"y":206,"width":15,"height":18},"region_attributes":{"Type":"1","count":"2"}},{"shape_attributes":{"name":"rect","x":286,"y":215,"width":25,"height":23},"region_attributes":{"Type":"1","count":"17"}},{"shape_attributes":{"name":"rect","x":255,"y":268,"width":23,"height":32},"region_attributes":{"Type":"1","count":"2"}},{"shape_attributes":{"name":"rect","x":305,"y":252,"width":16,"height":18},"region_attributes":{"Type":"1","count":"12"}},{"shape_attributes":{"name":"rect","x":310,"y":279,"width":8,"height":17},"region_attributes":{"Type":"1","count":"1"}},{"shape_attributes":{"name":"rect","x":317,"y":274,"width":16,"height":13},"region_attributes":{"Type":"1","count":"2"}},{"shape_attributes":{"name":"rect","x":291,"y":310,"width":32,"height":48},"region_attributes":{"Type":"1","count":"3"}},{"shape_attributes":{"name":"rect","x":347,"y":313,"width":15,"height":14},"region_attributes":{"Type":"1","count":"1"}},{"shape_attributes":{"name":"rect","x":354,"y":137,"width":16,"height":18},"region_attributes":{"Type":"2","count":"3"}},{"shape_attributes":{"name":"rect","x":344,"y":168,"width":19,"height":14},"region_attributes":{"Type":"2","count":"1"}},{"shape_attributes":{"name":"rect","x":338,"y":206,"width":24,"height":34},"region_attributes":{"Type":"1","count":"2"}},{"shape_attributes":{"name":"rect","x":350,"y":250,"width":15,"height":16},"region_attributes":{"Type":"1","count":"2"}},{"shape_attributes":{"name":"rect","x":363,"y":275,"width":10,"height":11},"region_attributes":{"Type":"1","count":"1"}},{"shape_attributes":{"name":"rect","x":352,"y":291,"width":15,"height":15},"region_attributes":{"Type":"1","count":"1"}},{"shape_attributes":{"name":"rect","x":386,"y":256,"width":30,"height":50},"region_attributes":{"Type":"1","count":"6"}},{"shape_attributes":{"name":"rect","x":423,"y":129,"width":14,"height":21},"region_attributes":{"Type":"1","count":"1"}},{"shape_attributes":{"name":"rect","x":422,"y":207,"width":29,"height":33},"region_attributes":{"Type":"1","count":"5"}},{"shape_attributes":{"name":"rect","x":426,"y":250,"width":29,"height":34},"region_attributes":{"Type":"1","count":"5"}},{"shape_attributes":{"name":"rect","x":464,"y":130,"width":15,"height":16},"region_attributes":{"Type":"2","count":"3"}},{"shape_attributes":{"name":"rect","x":484,"y":126,"width":17,"height":35},"region_attributes":{"Type":"1","count":"2"}},{"shape_attributes":{"name":"rect","x":483,"y":188,"width":14,"height":15},"region_attributes":{"Type":"2","count":"1"}},{"shape_attributes":{"name":"rect","x":470,"y":191,"width":12,"height":22},"region_attributes":{"Type":"1","count":"2"}},{"shape_attributes":{"name":"rect","x":464,"y":274,"width":15,"height":18},"region_attributes":{"Type":"1","count":"1"}},{"shape_attributes":{"name":"rect","x":483,"y":329,"width":14,"height":15},"region_attributes":{"Type":"2","count":"8"}},{"shape_attributes":{"name":"rect","x":478,"y":346,"width":13,"height":20},"region_attributes":{"Type":"1","count":"7"}},{"shape_attributes":{"name":"rect","x":532,"y":222,"width":16,"height":20},"region_attributes":{"Type":"1","count":"1"}},{"shape_attributes":{"name":"rect","x":514,"y":249,"width":18,"height":20},"region_attributes":{"Type":"1","count":"2"}},{"shape_attributes":{"name":"rect","x":524,"y":279,"width":22,"height":10},"region_attributes":{"Type":"1","count":"1"}},{"shape_attributes":{"name":"rect","x":699,"y":121,"width":12,"height":26},"region_attributes":{"Type":"2","count":"1"}},{"shape_attributes":{"name":"rect","x":678,"y":137,"width":12,"height":15},"region_attributes":{"Type":"2","count":"8"}},{"shape_attributes":{"name":"rect","x":678,"y":158,"width":12,"height":11},"region_attributes":{"Type":"1","count":"5"}},{"shape_attributes":{"name":"rect","x":635,"y":149,"width":31,"height":32},"region_attributes":{"Type":"1","count":"3"}},{"shape_attributes":{"name":"rect","x":608,"y":186,"width":16,"height":21},"region_attributes":{"Type":"2","count":"3"}},{"shape_attributes":{"name":"rect","x":687,"y":192,"width":10,"height":13},"region_attributes":{"Type":"1","count":"2"}},{"shape_attributes":{"name":"rect","x":654,"y":187,"width":11,"height":15},"region_attributes":{"Type":"1","count":"1"}},{"shape_attributes":{"name":"rect","x":640,"y":211,"width":11,"height":5},"region_attributes":{"Type":"2","count":"6"}},{"shape_attributes":{"name":"rect","x":633,"y":219,"width":19,"height":16},"region_attributes":{"Type":"1","count":"4"}},{"shape_attributes":{"name":"rect","x":700,"y":219,"width":12,"height":13},"region_attributes":{"Type":"2","count":"1"}},{"shape_attributes":{"name":"rect","x":696,"y":245,"width":13,"height":16},"region_attributes":{"Type":"1","count":"1"}},{"shape_attributes":{"name":"rect","x":681,"y":262,"width":7,"height":9},"region_attributes":{"Type":"1","count":"5"}},{"shape_attributes":{"name":"rect","x":692,"y":268,"width":20,"height":22},"region_attributes":{"Type":"1","count":"22"}},{"shape_attributes":{"name":"rect","x":690,"y":289,"width":14,"height":14},"region_attributes":{"Type":"1","count":"1"}},{"shape_attributes":{"name":"rect","x":690,"y":310,"width":25,"height":17},"region_attributes":{"Type":"1","count":"1"}},{"shape_attributes":{"name":"rect","x":638,"y":257,"width":18,"height":14},"region_attributes":{"Type":"2","count":"6"}},{"shape_attributes":{"name":"rect","x":616,"y":262,"width":13,"height":16},"region_attributes":{"Type":"1","count":"4"}},{"shape_attributes":{"name":"rect","x":562,"y":283,"width":17,"height":18},"region_attributes":{"Type":"1","count":""}},{"shape_attributes":{"name":"rect","x":640,"y":279,"width":10,"height":11},"region_attributes":{"Type":"1","count":"3"}},{"shape_attributes":{"name":"rect","x":653,"y":278,"width":11,"height":20},"region_attributes":{"Type":"1","count":"4"}},{"shape_attributes":{"name":"rect","x":662,"y":327,"width":13,"height":19},"region_attributes":{"Type":"1","count":"1"}},{"shape_attributes":{"name":"rect","x":613,"y":285,"width":19,"height":13},"region_attributes":{"Type":"2","count":"1"}},{"shape_attributes":{"name":"rect","x":595,"y":288,"width":17,"height":16},"region_attributes":{"Type":"1","count":"2"}},{"shape_attributes":{"name":"rect","x":502,"y":304,"width":25,"height":25},"region_attributes":{"Type":"1","count":"3"}},{"shape_attributes":{"name":"rect","x":549,"y":313,"width":9,"height":15},"region_attributes":{"Type":"3","count":"1"}},{"shape_attributes":{"name":"rect","x":559,"y":339,"width":7,"height":10},"region_attributes":{"Type":"1","count":"2"}},{"shape_attributes":{"name":"rect","x":533,"y":316,"width":12,"height":17},"region_attributes":{"Type":"2","count":"4"}},{"shape_attributes":{"name":"rect","x":535,"y":333,"width":6,"height":9},"region_attributes":{"Type":"1","count":"2"}},{"shape_attributes":{"name":"rect","x":540,"y":332,"width":10,"height":20},"region_attributes":{"Type":"3","count":"1"}},{"shape_attributes":{"name":"rect","x":533,"y":343,"width":8,"height":19},"region_attributes":{"Type":"1","count":"6"}},{"shape_attributes":{"name":"rect","x":510,"y":337,"width":16,"height":8},"region_attributes":{"Type":"2","count":"2"}},{"shape_attributes":{"name":"rect","x":513,"y":353,"width":16,"height":12},"region_attributes":{"Type":"2","count":"9"}}],"file_attributes":{"date":"","temp":"","rain":"2","neighborhood":"City Center","total_count":""}},"https://drive.google.com/uc?export=view&id=1xK4Wl99uvPPDa2LuPqnnCILzIlmadZRG\n":{"filename":"https://drive.google.com/uc?export=view&id=1xK4Wl99uvPPDa2LuPqnnCILzIlmadZRG\n","size":-1,"regions":[{"shape_attributes":{"name":"rect","x":165,"y":153,"width":19,"height":18},"region_attributes":{"Type":"1","count":"3"}},{"shape_attributes":{"name":"rect","x":164,"y":213,"width":27,"height":26},"region_attributes":{"Type":"1","count":"2"}},{"shape_attributes":{"name":"rect","x":162,"y":387,"width":21,"height":27},"region_attributes":{"Type":"1","count":"1"}},{"shape_attributes":{"name":"rect","x":215,"y":302,"width":21,"height":27},"region_attributes":{"Type":"1","count":"1"}},{"shape_attributes":{"name":"rect","x":217,"y":338,"width":21,"height":27},"region_attributes":{"Type":"1","count":"1"}},{"shape_attributes":{"name":"rect","x":239,"y":315,"width":21,"height":27},"region_attributes":{"Type":"1","count":"1"}},{"shape_attributes":{"name":"rect","x":243,"y":257,"width":21,"height":27},"region_attributes":{"Type":"1","count":"1"}},{"shape_attributes":{"name":"rect","x":247,"y":207,"width":21,"height":27},"region_attributes":{"Type":"1","count":"1"}},{"shape_attributes":{"name":"rect","x":301,"y":129,"width":17,"height":27},"region_attributes":{"Type":"1","count":"1"}},{"shape_attributes":{"name":"rect","x":306,"y":161,"width":21,"height":27},"region_attributes":{"Type":"1","count":"1"}},{"shape_attributes":{"name":"rect","x":310,"y":200,"width":21,"height":27},"region_attributes":{"Type":"1","count":"1"}},{"shape_attributes":{"name":"rect","x":344,"y":238,"width":21,"height":27},"region_attributes":{"Type":"1","count":"1"}},{"shape_attributes":{"name":"rect","x":426,"y":123,"width":21,"height":27},"region_attributes":{"Type":"1","count":"1"}},{"shape_attributes":{"name":"rect","x":634,"y":132,"width":21,"height":27},"region_attributes":{"Type":"1","count":"1"}},{"shape_attributes":{"name":"rect","x":425,"y":222,"width":21,"height":27},"region_attributes":{"Type":"1","count":"1"}},{"shape_attributes":{"name":"rect","x":167,"y":329,"width":21,"height":27},"region_attributes":{"Type":"1","count":"1"}},{"shape_attributes":{"name":"rect","x":274,"y":177,"width":21,"height":27},"region_attributes":{"Type":"1","count":"1"}},{"shape_attributes":{"name":"rect","x":253,"y":156,"width":18,"height":18},"region_attributes":{"Type":"1","count":"3"}},{"shape_attributes":{"name":"rect","x":354,"y":168,"width":14,"height":18},"region_attributes":{"Type":"1","count":"2"}},{"shape_attributes":{"name":"rect","x":278,"y":220,"width":10,"height":21},"region_attributes":{"Type":"1","count":"16"}},{"shape_attributes":{"name":"rect","x":298,"y":226,"width":20,"height":22},"region_attributes":{"Type":"2","count":"3"}},{"shape_attributes":{"name":"rect","x":262,"y":287,"width":13,"height":12},"region_attributes":{"Type":"1","count":"2"}},{"shape_attributes":{"name":"rect","x":316,"y":248,"width":11,"height":18},"region_attributes":{"Type":"1","count":"2"}},{"shape_attributes":{"name":"rect","x":302,"y":281,"width":19,"height":23},"region_attributes":{"Type":"1","count":"2"}},{"shape_attributes":{"name":"rect","x":341,"y":317,"width":27,"height":18},"region_attributes":{"Type":"1","count":"3"}},{"shape_attributes":{"name":"rect","x":231,"y":383,"width":22,"height":33},"region_attributes":{"Type":"1","count":"2"}},{"shape_attributes":{"name":"rect","x":224,"y":445,"width":17,"height":20},"region_attributes":{"Type":"2","count":"1"}},{"shape_attributes":{"name":"rect","x":363,"y":453,"width":11,"height":16},"region_attributes":{"Type":"1","count":"2"}},{"shape_attributes":{"name":"rect","x":395,"y":253,"width":62,"height":50},"region_attributes":{"Type":"1","count":"9"}},{"shape_attributes":{"name":"rect","x":468,"y":128,"width":22,"height":37},"region_attributes":{"Type":"1","count":"8"}},{"shape_attributes":{"name":"rect","x":470,"y":213,"width":11,"height":26},"region_attributes":{"Type":"1","count":"1"}},{"shape_attributes":{"name":"rect","x":475,"y":287,"width":20,"height":22},"region_attributes":{"Type":"1","count":"2"}},{"shape_attributes":{"name":"rect","x":680,"y":126,"width":18,"height":30},"region_attributes":{"Type":"2","count":"4"}},{"shape_attributes":{"name":"rect","x":482,"y":318,"width":18,"height":26},"region_attributes":{"Type":"2","count":"8"}},{"shape_attributes":{"name":"rect","x":465,"y":346,"width":14,"height":18},"region_attributes":{"Type":"1","count":"1"}},{"shape_attributes":{"name":"rect","x":477,"y":344,"width":19,"height":13},"region_attributes":{"Type":"2","count":"1"}},{"shape_attributes":{"name":"rect","x":509,"y":316,"width":24,"height":50},"region_attributes":{"Type":"2","count":"7"}},{"shape_attributes":{"name":"rect","x":531,"y":311,"width":9,"height":32},"region_attributes":{"Type":"2","count":"5"}},{"shape_attributes":{"name":"rect","x":538,"y":335,"width":4,"height":21},"region_attributes":{"Type":"1","count":"2"}},{"shape_attributes":{"name":"rect","x":642,"y":171,"width":29,"height":12},"region_attributes":{"Type":"1","count":"3"}},{"shape_attributes":{"name":"rect","x":700,"y":149,"width":13,"height":14},"region_attributes":{"Type":"1","count":"1"}},{"shape_attributes":{"name":"rect","x":679,"y":162,"width":10,"height":10},"region_attributes":{"Type":"1","count":"1"}},{"shape_attributes":{"name":"rect","x":682,"y":172,"width":30,"height":14},"region_attributes":{"Type":"2","count":"3"}},{"shape_attributes":{"name":"rect","x":683,"y":191,"width":31,"height":52},"region_attributes":{"Type":"1","count":"6"}},{"shape_attributes":{"name":"rect","x":638,"y":207,"width":14,"height":10},"region_attributes":{"Type":"2","count":"11"}},{"shape_attributes":{"name":"rect","x":581,"y":199,"width":28,"height":26},"region_attributes":{"Type":"2","count":"4"}},{"shape_attributes":{"name":"rect","x":549,"y":304,"width":14,"height":45},"region_attributes":{"Type":"2","count":"8"}},{"shape_attributes":{"name":"rect","x":563,"y":315,"width":10,"height":14},"region_attributes":{"Type":"1","count":"1"}},{"shape_attributes":{"name":"rect","x":577,"y":322,"width":13,"height":35},"region_attributes":{"Type":"1","count":"1"}},{"shape_attributes":{"name":"rect","x":659,"y":335,"width":14,"height":13},"region_attributes":{"Type":"1","count":"2"}},{"shape_attributes":{"name":"rect","x":685,"y":259,"width":26,"height":44},"region_attributes":{"Type":"1","count":"18"}},{"shape_attributes":{"name":"rect","x":661,"y":279,"width":11,"height":14},"region_attributes":{"Type":"2","count":"1"}},{"shape_attributes":{"name":"rect","x":660,"y":258,"width":15,"height":19},"region_attributes":{"Type":"1","count":"1"}},{"shape_attributes":{"name":"rect","x":638,"y":275,"width":20,"height":29},"region_attributes":{"Type":"1","count":"6"}},{"shape_attributes":{"name":"rect","x":599,"y":255,"width":8,"height":12},"region_attributes":{"Type":"2","count":"1"}},{"shape_attributes":{"name":"rect","x":616,"y":254,"width":8,"height":9},"region_attributes":{"Type":"1","count":"2"}},{"shape_attributes":{"name":"rect","x":615,"y":269,"width":13,"height":5},"region_attributes":{"Type":"2","count":"3"}},{"shape_attributes":{"name":"rect","x":619,"y":281,"width":13,"height":13},"region_attributes":{"Type":"1","count":"3"}},{"shape_attributes":{"name":"rect","x":609,"y":293,"width":13,"height":10},"region_attributes":{"Type":"1","count":"1"}},{"shape_attributes":{"name":"rect","x":592,"y":269,"width":17,"height":12},"region_attributes":{"Type":"1","count":"2"}},{"shape_attributes":{"name":"rect","x":594,"y":280,"width":6,"height":17},"region_attributes":{"Type":"2","count":"1"}}],"file_attributes":{"date":"2022-11-23","temp":"50","rain":"2","neighborhood":"City Center","total_count":""}},"https://drive.google.com/uc?export=view&id=1cfLIcB6ObIUrCXGqzEk8wBGZP8cpbjiP\n":{"filename":"https://drive.google.com/uc?export=view&id=1cfLIcB6ObIUrCXGqzEk8wBGZP8cpbjiP\n","size":-1,"regions":[{"shape_attributes":{"name":"rect","x":178,"y":130,"width":21,"height":22},"region_attributes":{"Type":"1","count":"1"}},{"shape_attributes":{"name":"rect","x":168,"y":170,"width":21,"height":13},"region_attributes":{"Type":"1","count":"2"}},{"shape_attributes":{"name":"rect","x":174,"y":193,"width":16,"height":14},"region_attributes":{"Type":"1","count":"4"}},{"shape_attributes":{"name":"rect","x":190,"y":195,"width":15,"height":17},"region_attributes":{"Type":"2","count":"1"}},{"shape_attributes":{"name":"rect","x":179,"y":309,"width":17,"height":12},"region_attributes":{"Type":"1","count":"1"}},{"shape_attributes":{"name":"rect","x":289,"y":211,"width":33,"height":30},"region_attributes":{"Type":"1","count":"23"}},{"shape_attributes":{"name":"rect","x":244,"y":224,"width":12,"height":13},"region_attributes":{"Type":"1","count":"1"}},{"shape_attributes":{"name":"rect","x":219,"y":307,"width":18,"height":19},"region_attributes":{"Type":"1","count":"1"}},{"shape_attributes":{"name":"rect","x":265,"y":290,"width":13,"height":17},"region_attributes":{"Type":"1","count":"1"}},{"shape_attributes":{"name":"rect","x":269,"y":326,"width":18,"height":18},"region_attributes":{"Type":"1","count":"1"}},{"shape_attributes":{"name":"rect","x":226,"y":449,"width":25,"height":23},"region_attributes":{"Type":"1","count":"1"}},{"shape_attributes":{"name":"rect","x":359,"y":448,"width":14,"height":20},"region_attributes":{"Type":"1","count":"2"}},{"shape_attributes":{"name":"rect","x":336,"y":469,"width":16,"height":17},"region_attributes":{"Type":"1","count":"1"}},{"shape_attributes":{"name":"rect","x":318,"y":311,"width":12,"height":16},"region_attributes":{"Type":"1","count":"1"}},{"shape_attributes":{"name":"rect","x":344,"y":286,"width":20,"height":20},"region_attributes":{"Type":"1","count":"1"}},{"shape_attributes":{"name":"rect","x":343,"y":312,"width":16,"height":13},"region_attributes":{"Type":"1","count":"1"}},{"shape_attributes":{"name":"rect","x":357,"y":347,"width":27,"height":17},"region_attributes":{"Type":"1","count":"2"}},{"shape_attributes":{"name":"rect","x":350,"y":138,"width":36,"height":48},"region_attributes":{"Type":"2","count":"1"}},{"shape_attributes":{"name":"rect","x":422,"y":147,"width":24,"height":19},"region_attributes":{"Type":"1","count":"1"}},{"shape_attributes":{"name":"rect","x":462,"y":149,"width":14,"height":18},"region_attributes":{"Type":"1","count":"1"}},{"shape_attributes":{"name":"rect","x":422,"y":207,"width":56,"height":36},"region_attributes":{"Type":"1","count":"7"}},{"shape_attributes":{"name":"rect","x":502,"y":222,"width":28,"height":28},"region_attributes":{"Type":"1","count":"1"}},{"shape_attributes":{"name":"rect","x":655,"y":106,"width":23,"height":22},"region_attributes":{"Type":"2","count":"3"}},{"shape_attributes":{"name":"rect","x":614,"y":145,"width":44,"height":37},"region_attributes":{"Type":"1","count":"3"}},{"shape_attributes":{"name":"rect","x":682,"y":194,"width":27,"height":9},"region_attributes":{"Type":"1","count":"2"}},{"shape_attributes":{"name":"rect","x":699,"y":212,"width":21,"height":11},"region_attributes":{"Type":"1","count":"1"}},{"shape_attributes":{"name":"rect","x":681,"y":211,"width":15,"height":17},"region_attributes":{"Type":"2","count":"1"}},{"shape_attributes":{"name":"rect","x":643,"y":195,"width":28,"height":31},"region_attributes":{"Type":"2","count":"12"}},{"shape_attributes":{"name":"rect","x":642,"y":228,"width":19,"height":11},"region_attributes":{"Type":"1","count":"1"}},{"shape_attributes":{"name":"rect","x":614,"y":191,"width":13,"height":16},"region_attributes":{"Type":"2","count":"4"}},{"shape_attributes":{"name":"rect","x":604,"y":195,"width":16,"height":17},"region_attributes":{"Type":"1","count":"3"}},{"shape_attributes":{"name":"rect","x":589,"y":206,"width":24,"height":18},"region_attributes":{"Type":"2","count":"19"}},{"shape_attributes":{"name":"rect","x":592,"y":226,"width":15,"height":10},"region_attributes":{"Type":"1","count":"3"}},{"shape_attributes":{"name":"rect","x":619,"y":211,"width":12,"height":11},"region_attributes":{"Type":"1","count":"1"}},{"shape_attributes":{"name":"rect","x":550,"y":225,"width":32,"height":21},"region_attributes":{"Type":"2","count":"1"}},{"shape_attributes":{"name":"rect","x":561,"y":280,"width":13,"height":33},"region_attributes":{"Type":"1","count":"1"}},{"shape_attributes":{"name":"rect","x":678,"y":256,"width":28,"height":47},"region_attributes":{"Type":"1","count":"11"}},{"shape_attributes":{"name":"rect","x":652,"y":276,"width":18,"height":26},"region_attributes":{"Type":"1","count":"7"}},{"shape_attributes":{"name":"rect","x":601,"y":253,"width":12,"height":16},"region_attributes":{"Type":"2","count":"4"}},{"shape_attributes":{"name":"rect","x":619,"y":250,"width":14,"height":17},"region_attributes":{"Type":"1","count":"5"}},{"shape_attributes":{"name":"rect","x":615,"y":275,"width":16,"height":14},"region_attributes":{"Type":"2","count":"4"}},{"shape_attributes":{"name":"rect","x":622,"y":290,"width":5,"height":14},"region_attributes":{"Type":"1","count":"3"}},{"shape_attributes":{"name":"rect","x":596,"y":286,"width":11,"height":43},"region_attributes":{"Type":"1","count":"1"}},{"shape_attributes":{"name":"rect","x":649,"y":314,"width":14,"height":18},"region_attributes":{"Type":"1","count":"3"}},{"shape_attributes":{"name":"rect","x":638,"y":336,"width":21,"height":36},"region_attributes":{"Type":"1","count":"3"}},{"shape_attributes":{"name":"rect","x":707,"y":322,"width":13,"height":18},"region_attributes":{"Type":"1","count":"8"}},{"shape_attributes":{"name":"rect","x":510,"y":307,"width":13,"height":18},"region_attributes":{"Type":"1","count":"1"}},{"shape_attributes":{"name":"rect","x":539,"y":319,"width":20,"height":21},"region_attributes":{"Type":"3","count":"1"}},{"shape_attributes":{"name":"rect","x":531,"y":330,"width":14,"height":13},"region_attributes":{"Type":"1","count":"2"}},{"shape_attributes":{"name":"rect","x":537,"y":344,"width":9,"height":11},"region_attributes":{"Type":"2","count":"8"}},{"shape_attributes":{"name":"rect","x":529,"y":353,"width":8,"height":9},"region_attributes":{"Type":"1","count":"5"}},{"shape_attributes":{"name":"rect","x":511,"y":332,"width":15,"height":10},"region_attributes":{"Type":"2","count":"5"}},{"shape_attributes":{"name":"rect","x":490,"y":319,"width":16,"height":16},"region_attributes":{"Type":"1","count":"2"}},{"shape_attributes":{"name":"rect","x":485,"y":341,"width":11,"height":10},"region_attributes":{"Type":"2","count":"7"}},{"shape_attributes":{"name":"rect","x":503,"y":347,"width":7,"height":10},"region_attributes":{"Type":"3","count":"1"}},{"shape_attributes":{"name":"rect","x":516,"y":352,"width":12,"height":16},"region_attributes":{"Type":"2","count":"7"}}],"file_attributes":{"date":"","temp":"","rain":"2","neighborhood":"City Center","total_count":""}}},"_via_attributes":{"region":{"Type":{"type":"dropdown","description":"","options":{"1":"Individual","2":"Structure","3":"Vehicle"},"default_options":{}},"count":{"type":"text","description":"","default_value":""}},"file":{"date":{"type":"text","description":"","default_value":""},"temp":{"type":"text","description":"","default_value":""},"rain":{"type":"dropdown","description":"","options":{"1":"rain","2":"clear"},"default_options":{"2":true}},"neighborhood":{"type":"text","description":"","default_value":"City Center"},"total_count":{"type":"text","description":"","default_value":""}}},"_via_data_format_version":"2.0.10","_via_image_id_list":["https://drive.google.com/uc?export=view&id=11oPElPkZMxpE_a1nzmbKjifFcQJn903g\n","https://drive.google.com/uc?export=view&id=1qCHQyuZtOaZpGiMrX6sDtlbEEg_4CXhL\n","https://drive.google.com/uc?export=view&id=1jIb9-NkzCZu7ExwfJrr1zExjKIYfWb5X\n","https://drive.google.com/uc?export=view&id=1CGf7799AUhtTDQTuN4djLD9rttjmaib2\n","https://drive.google.com/uc?export=view&id=1hnSZlVz5_MXUS4evvJcwBZGQ--pJSkHy\n","https://drive.google.com/uc?export=view&id=1y3UBdp3zUBvR-YrS-DPdSWQ-f7QA72H8\n","https://drive.google.com/uc?export=view&id=1MX4gpH6iQaj0XnTDHFzFRLc1Fu8m8Fvd\n","https://drive.google.com/uc?export=view&id=1wDhNd3guGYG7edvPV2H3i4DEKckC87FN\n","https://drive.google.com/uc?export=view&id=1QoKAH71SF15154m6W25UlIoIOvscVUwm\n","https://drive.google.com/uc?export=view&id=1zJirERdHa2eSD9rrJN4KFvjdWBDnczqd\n","https://drive.google.com/uc?export=view&id=1xK4Wl99uvPPDa2LuPqnnCILzIlmadZRG\n","https://drive.google.com/uc?export=view&id=1cfLIcB6ObIUrCXGqzEk8wBGZP8cpbjiP\n"]}