{"_via_settings":{"ui":{"annotation_editor_height":20,"annotation_editor_fontsize":0.8,"leftsidebar_width":18,"image_grid":{"img_height":80,"rshape_fill":"none","rshape_fill_opacity":0.3,"rshape_stroke":"yellow","rshape_stroke_width":2,"show_region_shape":true,"show_image_policy":"all"},"image":{"region_label":"__via_region_id__","region_color":"__via_default_region_color__","region_label_font":"10px Sans","on_image_annotation_editor_placement":"NEAR_REGION"}},"core":{"buffer_size":18,"filepath":{},"default_filepath":""},"project":{"name":"City Center_2020_count"}},"_via_img_metadata":{"https://drive.google.com/uc?export=view&id=1VQoYwiKybUFrwUwpZoCyl4aWLGMquMu0\n":{"filename":"https://drive.google.com/uc?export=view&id=1VQoYwiKybUFrwUwpZoCyl4aWLGMquMu0\n","size":-1,"regions":[{"shape_attributes":{"name":"rect","x":178,"y":124,"width":17,"height":14},"region_attributes":{"Type":"1","count":"2"}},{"shape_attributes":{"name":"rect","x":173,"y":142,"width":21,"height":16},"region_attributes":{"Type":"2","count":"2"}},{"shape_attributes":{"name":"rect","x":188,"y":163,"width":18,"height":9},"region_attributes":{"Type":"1","count":"6"}},{"shape_attributes":{"name":"rect","x":189,"y":181,"width":20,"height":15},"region_attributes":{"Type":"2","count":"1"}},{"shape_attributes":{"name":"rect","x":169,"y":181,"width":19,"height":18},"region_attributes":{"Type":"1","count":"4"}},{"shape_attributes":{"name":"rect","x":174,"y":203,"width":18,"height":17},"region_attributes":{"Type":"1","count":"5"}},{"shape_attributes":{"name":"rect","x":176,"y":221,"width":15,"height":12},"region_attributes":{"Type":"1","count":"8"}},{"shape_attributes":{"name":"rect","x":195,"y":213,"width":18,"height":17},"region_attributes":{"Type":"2","count":"1"}},{"shape_attributes":{"name":"rect","x":183,"y":241,"width":21,"height":17},"region_attributes":{"Type":"2","count":"5"}},{"shape_attributes":{"name":"rect","x":228,"y":256,"width":29,"height":25},"region_attributes":{"Type":"1","count":"2"}},{"shape_attributes":{"name":"rect","x":237,"y":429,"width":21,"height":28},"region_attributes":{"Type":"1","count":"1"}},{"shape_attributes":{"name":"rect","x":319,"y":440,"width":22,"height":31},"region_attributes":{"Type":"1","count":"2"}},{"shape_attributes":{"name":"rect","x":365,"y":356,"width":24,"height":19},"region_attributes":{"Type":"2","count":"1"}},{"shape_attributes":{"name":"rect","x":353,"y":331,"width":35,"height":24},"region_attributes":{"Type":"1","count":"1"}},{"shape_attributes":{"name":"rect","x":350,"y":297,"width":28,"height":26},"region_attributes":{"Type":"1","count":"1"}},{"shape_attributes":{"name":"rect","x":302,"y":300,"width":26,"height":22},"region_attributes":{"Type":"1","count":"1"}},{"shape_attributes":{"name":"rect","x":261,"y":210,"width":20,"height":28},"region_attributes":{"Type":"1","count":"1"}},{"shape_attributes":{"name":"rect","x":287,"y":210,"width":35,"height":43},"region_attributes":{"Type":"1","count":"1\n"}},{"shape_attributes":{"name":"rect","x":349,"y":210,"width":23,"height":23},"region_attributes":{"Type":"1","count":"5"}},{"shape_attributes":{"name":"rect","x":368,"y":179,"width":17,"height":19},"region_attributes":{"Type":"1","count":"2"}},{"shape_attributes":{"name":"rect","x":398,"y":212,"width":28,"height":22},"region_attributes":{"Type":"1","count":"17"}},{"shape_attributes":{"name":"rect","x":388,"y":182,"width":32,"height":23},"region_attributes":{"Type":"1","count":"11"}},{"shape_attributes":{"name":"rect","x":495,"y":134,"width":19,"height":21},"region_attributes":{"Type":"1","count":"2"}},{"shape_attributes":{"name":"rect","x":483,"y":175,"width":23,"height":17},"region_attributes":{"Type":"1","count":"1"}},{"shape_attributes":{"name":"rect","x":499,"y":197,"width":19,"height":13},"region_attributes":{"Type":"1","count":"3"}},{"shape_attributes":{"name":"rect","x":445,"y":234,"width":26,"height":28},"region_attributes":{"Type":"1","count":"3"}},{"shape_attributes":{"name":"rect","x":520,"y":188,"width":26,"height":28},"region_attributes":{"Type":"1","count":"2"}},{"shape_attributes":{"name":"rect","x":557,"y":235,"width":27,"height":27},"region_attributes":{"Type":"1","count":"2"}},{"shape_attributes":{"name":"rect","x":599,"y":303,"width":24,"height":35},"region_attributes":{"Type":"1","count":"2"}},{"shape_attributes":{"name":"rect","x":668,"y":315,"width":19,"height":31},"region_attributes":{"Type":"1","count":"2"}},{"shape_attributes":{"name":"rect","x":709,"y":335,"width":33,"height":28},"region_attributes":{"Type":"1","count":"1"}},{"shape_attributes":{"name":"rect","x":702,"y":303,"width":29,"height":20},"region_attributes":{"Type":"1","count":"1"}},{"shape_attributes":{"name":"rect","x":693,"y":271,"width":23,"height":20},"region_attributes":{"Type":"1","count":"4"}},{"shape_attributes":{"name":"rect","x":712,"y":239,"width":16,"height":22},"region_attributes":{"Type":"1","count":"1"}},{"shape_attributes":{"name":"rect","x":706,"y":210,"width":32,"height":27},"region_attributes":{"Type":"1","count":"1"}},{"shape_attributes":{"name":"rect","x":705,"y":135,"width":29,"height":24},"region_attributes":{"Type":"1","count":"1"}},{"shape_attributes":{"name":"rect","x":668,"y":195,"width":20,"height":22},"region_attributes":{"Type":"1","count":"1"}},{"shape_attributes":{"name":"rect","x":642,"y":196,"width":22,"height":20},"region_attributes":{"Type":"1","count":"3"}},{"shape_attributes":{"name":"rect","x":665,"y":254,"width":21,"height":22},"region_attributes":{"Type":"2","count":"1"}},{"shape_attributes":{"name":"rect","x":656,"y":279,"width":20,"height":14},"region_attributes":{"Type":"1","count":"1"}},{"shape_attributes":{"name":"rect","x":649,"y":257,"width":16,"height":21},"region_attributes":{"Type":"1","count":"3"}},{"shape_attributes":{"name":"rect","x":594,"y":190,"width":34,"height":38},"region_attributes":{"Type":"2","count":"1"}},{"shape_attributes":{"name":"rect","x":598,"y":239,"width":43,"height":38},"region_attributes":{"Type":"1","count":"3"}}],"file_attributes":{"date":"","temp":"","rain":"2","neighborhood":"City Center","total_count":""}},"https://drive.google.com/uc?export=view&id=1vahe3W6EHX2oIWsVxup8J6xzZ_g3qHlj\n":{"filename":"https://drive.google.com/uc?export=view&id=1vahe3W6EHX2oIWsVxup8J6xzZ_g3qHlj\n","size":-1,"regions":[{"shape_attributes":{"name":"circle","cx":174,"cy":135,"r":14},"region_attributes":{"Type":"2","count":"2"}},{"shape_attributes":{"name":"circle","cx":173,"cy":163,"r":10},"region_attributes":{"Type":"1","count":"2"}},{"shape_attributes":{"name":"circle","cx":191,"cy":162,"r":10},"region_attributes":{"Type":"1","count":"6"}},{"shape_attributes":{"name":"circle","cx":193,"cy":188,"r":6},"region_attributes":{"Type":"1","count":"7"}},{"shape_attributes":{"name":"circle","cx":171,"cy":195,"r":13},"region_attributes":{"Type":"2","count":"1"}},{"shape_attributes":{"name":"rect","x":155,"y":212,"width":25,"height":19},"region_attributes":{"Type":"1","count":"4"}},{"shape_attributes":{"name":"rect","x":181,"y":214,"width":19,"height":18},"region_attributes":{"Type":"1","count":"5"}},{"shape_attributes":{"name":"rect","x":161,"y":243,"width":20,"height":19},"region_attributes":{"Type":"1","count":""}},{"shape_attributes":{"name":"rect","x":181,"y":241,"width":20,"height":21},"region_attributes":{"Type":"2","count":"1"}},{"shape_attributes":{"name":"rect","x":186,"y":272,"width":21,"height":22},"region_attributes":{"Type":"1","count":"1"}},{"shape_attributes":{"name":"rect","x":214,"y":235,"width":26,"height":33},"region_attributes":{"Type":"1","count":"1"}},{"shape_attributes":{"name":"rect","x":224,"y":262,"width":28,"height":20},"region_attributes":{"Type":"1","count":"1"}},{"shape_attributes":{"name":"rect","x":223,"y":325,"width":25,"height":28},"region_attributes":{"Type":"1","count":"1"}},{"shape_attributes":{"name":"rect","x":222,"y":425,"width":24,"height":30},"region_attributes":{"Type":"1","count":"1"}},{"shape_attributes":{"name":"rect","x":251,"y":437,"width":32,"height":35},"region_attributes":{"Type":"1","count":"1"}},{"shape_attributes":{"name":"rect","x":257,"y":303,"width":27,"height":29},"region_attributes":{"Type":"1","count":"1"}},{"shape_attributes":{"name":"rect","x":247,"y":208,"width":26,"height":28},"region_attributes":{"Type":"1","count":"4"}},{"shape_attributes":{"name":"rect","x":267,"y":247,"width":17,"height":18},"region_attributes":{"Type":"1","count":"1"}},{"shape_attributes":{"name":"rect","x":275,"y":201,"width":51,"height":38},"region_attributes":{"Type":"1","count":"10"}},{"shape_attributes":{"name":"rect","x":306,"y":246,"width":27,"height":23},"region_attributes":{"Type":"1","count":"2"}},{"shape_attributes":{"name":"rect","x":340,"y":242,"width":25,"height":28},"region_attributes":{"Type":"1","count":"3"}},{"shape_attributes":{"name":"rect","x":339,"y":273,"width":23,"height":23},"region_attributes":{"Type":"1","count":"2"}},{"shape_attributes":{"name":"rect","x":379,"y":253,"width":24,"height":42},"region_attributes":{"Type":"1","count":"1"}},{"shape_attributes":{"name":"rect","x":398,"y":241,"width":24,"height":31},"region_attributes":{"Type":"1","count":"1"}},{"shape_attributes":{"name":"rect","x":356,"y":210,"width":40,"height":34},"region_attributes":{"Type":"2","count":"17"}},{"shape_attributes":{"name":"rect","x":395,"y":209,"width":16,"height":22},"region_attributes":{"Type":"1","count":"1"}},{"shape_attributes":{"name":"rect","x":329,"y":190,"width":24,"height":35},"region_attributes":{"Type":"2","count":"11"}},{"shape_attributes":{"name":"rect","x":350,"y":183,"width":21,"height":20},"region_attributes":{"Type":"1","count":"3"}},{"shape_attributes":{"name":"rect","x":347,"y":154,"width":25,"height":23},"region_attributes":{"Type":"1","count":"3"}},{"shape_attributes":{"name":"rect","x":333,"y":140,"width":22,"height":17},"region_attributes":{"Type":"1","count":"2"}},{"shape_attributes":{"name":"rect","x":357,"y":116,"width":24,"height":34},"region_attributes":{"Type":"2","count":"1"}},{"shape_attributes":{"name":"rect","x":426,"y":257,"width":24,"height":32},"region_attributes":{"Type":"1","count":"1"}},{"shape_attributes":{"name":"rect","x":463,"y":247,"width":29,"height":32},"region_attributes":{"Type":"1","count":"4"}},{"shape_attributes":{"name":"rect","x":492,"y":250,"width":15,"height":28},"region_attributes":{"Type":"1","count":"1"}},{"shape_attributes":{"name":"rect","x":479,"y":210,"width":48,"height":30},"region_attributes":{"Type":"1","count":"1"}},{"shape_attributes":{"name":"rect","x":516,"y":266,"width":36,"height":33},"region_attributes":{"Type":"1","count":"1"}},{"shape_attributes":{"name":"rect","x":553,"y":249,"width":30,"height":37},"region_attributes":{"Type":"2","count":"3"}},{"shape_attributes":{"name":"rect","x":576,"y":332,"width":25,"height":24},"region_attributes":{"Type":"1","count":"2"}},{"shape_attributes":{"name":"rect","x":627,"y":320,"width":33,"height":28},"region_attributes":{"Type":"1","count":"1"}},{"shape_attributes":{"name":"rect","x":661,"y":314,"width":28,"height":28},"region_attributes":{"Type":"1","count":"2"}},{"shape_attributes":{"name":"rect","x":683,"y":307,"width":55,"height":40},"region_attributes":{"Type":"1","count":"7"}},{"shape_attributes":{"name":"rect","x":650,"y":257,"width":32,"height":30},"region_attributes":{"Type":"1","count":"1"}},{"shape_attributes":{"name":"rect","x":688,"y":256,"width":26,"height":32},"region_attributes":{"count":"4"}},{"shape_attributes":{"name":"rect","x":682,"y":203,"width":26,"height":28},"region_attributes":{"Type":"1","count":"2"}},{"shape_attributes":{"name":"rect","x":693,"y":179,"width":38,"height":39},"region_attributes":{"Type":"1","count":"2"}},{"shape_attributes":{"name":"rect","x":685,"y":136,"width":41,"height":32},"region_attributes":{"Type":"2","count":"1"}},{"shape_attributes":{"name":"rect","x":661,"y":137,"width":28,"height":35},"region_attributes":{"Type":"1","count":"2"}},{"shape_attributes":{"name":"rect","x":642,"y":186,"width":19,"height":27},"region_attributes":{"Type":"1","count":"5"}},{"shape_attributes":{"name":"rect","x":619,"y":188,"width":16,"height":26},"region_attributes":{"Type":"1","count":"5"}},{"shape_attributes":{"name":"rect","x":581,"y":209,"width":41,"height":29},"region_attributes":{"Type":"1","count":"2"}}],"file_attributes":{"date":"","temp":"","rain":"2","neighborhood":"City Center","total_count":""}},"https://drive.google.com/uc?export=view&id=1rhdIPN_lp8T-TpTY47zR6uUOsgBwpqKr\n":{"filename":"https://drive.google.com/uc?export=view&id=1rhdIPN_lp8T-TpTY47zR6uUOsgBwpqKr\n","size":-1,"regions":[{"shape_attributes":{"name":"rect","x":203,"y":155,"width":22,"height":31},"region_attributes":{"Type":"1","count":"9"}},{"shape_attributes":{"name":"rect","x":197,"y":190,"width":29,"height":22},"region_attributes":{"Type":"2","count":"15"}},{"shape_attributes":{"name":"rect","x":197,"y":217,"width":27,"height":20},"region_attributes":{"Type":"2","count":"11"}},{"shape_attributes":{"name":"rect","x":191,"y":245,"width":22,"height":25},"region_attributes":{"Type":"2","count":"2"}},{"shape_attributes":{"name":"rect","x":205,"y":242,"width":24,"height":31},"region_attributes":{"Type":"2","count":"4"}},{"shape_attributes":{"name":"rect","x":245,"y":418,"width":28,"height":32},"region_attributes":{"Type":"1","count":"1"}},{"shape_attributes":{"name":"rect","x":325,"y":445,"width":46,"height":56},"region_attributes":{"Type":"1","count":"1"}},{"shape_attributes":{"name":"rect","x":236,"y":199,"width":36,"height":49},"region_attributes":{"Type":"1","count":"2"}},{"shape_attributes":{"name":"rect","x":276,"y":203,"width":26,"height":36},"region_attributes":{"Type":"1","count":"1"}},{"shape_attributes":{"name":"rect","x":319,"y":211,"width":13,"height":8},"region_attributes":{"Type":"1","count":"5"}},{"shape_attributes":{"name":"rect","x":325,"y":250,"width":30,"height":15},"region_attributes":{"Type":"1","count":"2"}},{"shape_attributes":{"name":"rect","x":359,"y":127,"width":28,"height":25},"region_attributes":{"Type":"1","count":"1"}},{"shape_attributes":{"name":"rect","x":364,"y":160,"width":20,"height":20},"region_attributes":{"Type":"1","count":"2"}},{"shape_attributes":{"name":"rect","x":384,"y":159,"width":22,"height":23},"region_attributes":{"Type":"1","count":"2"}},{"shape_attributes":{"name":"rect","x":367,"y":187,"width":27,"height":26},"region_attributes":{"Type":"1","count":"3"}},{"shape_attributes":{"name":"rect","x":362,"y":228,"width":21,"height":19},"region_attributes":{"Type":"1","count":"2"}},{"shape_attributes":{"name":"rect","x":387,"y":215,"width":17,"height":27},"region_attributes":{"Type":"2","count":"4"}},{"shape_attributes":{"name":"rect","x":377,"y":250,"width":25,"height":22},"region_attributes":{"Type":"1","count":"2"}},{"shape_attributes":{"name":"rect","x":415,"y":249,"width":15,"height":20},"region_attributes":{"Type":"1","count":"2"}},{"shape_attributes":{"name":"rect","x":410,"y":276,"width":30,"height":17},"region_attributes":{"Type":"1","count":"2"}},{"shape_attributes":{"name":"rect","x":410,"y":199,"width":25,"height":35},"region_attributes":{"Type":"2","count":"1"}},{"shape_attributes":{"name":"rect","x":443,"y":148,"width":33,"height":36},"region_attributes":{"Type":"1","count":"1"}},{"shape_attributes":{"name":"rect","x":463,"y":210,"width":21,"height":29},"region_attributes":{"Type":"1","count":"3"}},{"shape_attributes":{"name":"rect","x":464,"y":249,"width":24,"height":31},"region_attributes":{"Type":"1","count":"3"}},{"shape_attributes":{"name":"rect","x":497,"y":250,"width":28,"height":37},"region_attributes":{"Type":"1","count":"1"}},{"shape_attributes":{"name":"rect","x":492,"y":218,"width":19,"height":25},"region_attributes":{"Type":"1","count":"2"}},{"shape_attributes":{"name":"rect","x":512,"y":218,"width":21,"height":21},"region_attributes":{"Type":"1","count":"2"}},{"shape_attributes":{"name":"rect","x":512,"y":192,"width":24,"height":30},"region_attributes":{"Type":"2","count":"2"}},{"shape_attributes":{"name":"rect","x":575,"y":336,"width":25,"height":25},"region_attributes":{"Type":"2","count":"5"}},{"shape_attributes":{"name":"rect","x":598,"y":330,"width":22,"height":38},"region_attributes":{"Type":"1","count":"7"}},{"shape_attributes":{"name":"rect","x":677,"y":310,"width":15,"height":17},"region_attributes":{"Type":"1","count":"1"}},{"shape_attributes":{"name":"rect","x":667,"y":274,"width":36,"height":30},"region_attributes":{"Type":"1","count":"6"}},{"shape_attributes":{"name":"rect","x":656,"y":254,"width":31,"height":21},"region_attributes":{"Type":"2","count":"4"}},{"shape_attributes":{"name":"rect","x":719,"y":271,"width":24,"height":25},"region_attributes":{"Type":"1","count":"4"}},{"shape_attributes":{"name":"rect","x":729,"y":245,"width":27,"height":23},"region_attributes":{"Type":"1","count":"2"}},{"shape_attributes":{"name":"rect","x":704,"y":201,"width":24,"height":25},"region_attributes":{"Type":"1","count":"1"}},{"shape_attributes":{"name":"rect","x":720,"y":213,"width":16,"height":25},"region_attributes":{"Type":"1","count":"1"}},{"shape_attributes":{"name":"rect","x":654,"y":199,"width":33,"height":28},"region_attributes":{"Type":"2","count":"1"}}],"file_attributes":{"date":"2020-03-26","temp":"55","rain":"2","neighborhood":"City Center","total_count":""}},"https://drive.google.com/uc?export=view&id=1NjWQ9Eb0LGKdJhRg91r_7bcgEiTefBQv\n":{"filename":"https://drive.google.com/uc?export=view&id=1NjWQ9Eb0LGKdJhRg91r_7bcgEiTefBQv\n","size":-1,"regions":[{"shape_attributes":{"name":"rect","x":177,"y":155,"width":21,"height":31},"region_attributes":{"Type":"1","count":"8"}},{"shape_attributes":{"name":"rect","x":177,"y":190,"width":26,"height":25},"region_attributes":{"Type":"1","count":"7"}},{"shape_attributes":{"name":"rect","x":216,"y":248,"width":20,"height":19},"region_attributes":{"Type":"1","count":"1"}},{"shape_attributes":{"name":"rect","x":224,"y":274,"width":24,"height":24},"region_attributes":{"Type":"1","count":"1"}},{"shape_attributes":{"name":"rect","x":242,"y":374,"width":35,"height":27},"region_attributes":{"Type":"1","count":"4"}},{"shape_attributes":{"name":"rect","x":294,"y":251,"width":37,"height":43},"region_attributes":{"Type":"1","count":"4"}},{"shape_attributes":{"name":"rect","x":310,"y":202,"width":20,"height":29},"region_attributes":{"Type":"1","count":"1"}},{"shape_attributes":{"name":"rect","x":352,"y":187,"width":17,"height":22},"region_attributes":{"Type":"1","count":"3"}},{"shape_attributes":{"name":"rect","x":335,"y":200,"width":16,"height":17},"region_attributes":{"Type":"1","count":"1"}},{"shape_attributes":{"name":"rect","x":335,"y":222,"width":22,"height":24},"region_attributes":{"Type":"2","count":"10"}},{"shape_attributes":{"name":"rect","x":385,"y":220,"width":15,"height":18},"region_attributes":{"Type":"1","count":"1"}},{"shape_attributes":{"name":"rect","x":428,"y":215,"width":22,"height":21},"region_attributes":{"Type":"1","count":"1"}},{"shape_attributes":{"name":"rect","x":367,"y":255,"width":30,"height":38},"region_attributes":{"Type":"1","count":"4"}},{"shape_attributes":{"name":"rect","x":398,"y":248,"width":22,"height":22},"region_attributes":{"Type":"1","count":"1"}},{"shape_attributes":{"name":"rect","x":436,"y":256,"width":21,"height":18},"region_attributes":{"Type":"1","count":"1"}},{"shape_attributes":{"name":"rect","x":470,"y":245,"width":16,"height":30},"region_attributes":{"Type":"1","count":"6"}},{"shape_attributes":{"name":"rect","x":509,"y":270,"width":25,"height":35},"region_attributes":{"Type":"1","count":"3"}},{"shape_attributes":{"name":"rect","x":600,"y":201,"width":24,"height":33},"region_attributes":{"Type":"1","count":""}},{"shape_attributes":{"name":"rect","x":581,"y":327,"width":34,"height":30},"region_attributes":{"Type":"1","count":"10"}},{"shape_attributes":{"name":"rect","x":648,"y":323,"width":18,"height":28},"region_attributes":{"Type":"1","count":"1"}},{"shape_attributes":{"name":"rect","x":676,"y":322,"width":40,"height":32},"region_attributes":{"Type":"1","count":"3"}},{"shape_attributes":{"name":"rect","x":626,"y":248,"width":22,"height":40},"region_attributes":{"Type":"1","count":"1"}},{"shape_attributes":{"name":"rect","x":662,"y":195,"width":43,"height":45},"region_attributes":{"Type":"1","count":"12"}},{"shape_attributes":{"name":"rect","x":681,"y":153,"width":29,"height":22},"region_attributes":{"Type":"1","count":"2"}}],"file_attributes":{"date":"2020-04-30","temp":"63","rain":"2","neighborhood":"City Center","total_count":""}},"https://drive.google.com/uc?export=view&id=1pS89hc01A9ig48s-30kbMVxxv6BwjdDI\n":{"filename":"https://drive.google.com/uc?export=view&id=1pS89hc01A9ig48s-30kbMVxxv6BwjdDI\n","size":-1,"regions":[{"shape_attributes":{"name":"rect","x":157,"y":149,"width":29,"height":29},"region_attributes":{"Type":"1","count":"1"}},{"shape_attributes":{"name":"rect","x":186,"y":163,"width":13,"height":37},"region_attributes":{"Type":"1","count":"7"}},{"shape_attributes":{"name":"rect","x":160,"y":199,"width":36,"height":21},"region_attributes":{"Type":"1","count":"4"}},{"shape_attributes":{"name":"rect","x":205,"y":254,"width":22,"height":16},"region_attributes":{"Type":"2","count":"1"}},{"shape_attributes":{"name":"rect","x":222,"y":276,"width":20,"height":19},"region_attributes":{"Type":"1","count":"3"}},{"shape_attributes":{"name":"rect","x":247,"y":257,"width":34,"height":46},"region_attributes":{"Type":"1","count":"2"}},{"shape_attributes":{"name":"rect","x":219,"y":441,"width":30,"height":46},"region_attributes":{"Type":"1","count":"1"}},{"shape_attributes":{"name":"rect","x":299,"y":221,"width":19,"height":27},"region_attributes":{"Type":"1","count":"3"}},{"shape_attributes":{"name":"rect","x":298,"y":259,"width":23,"height":24},"region_attributes":{"Type":"1","count":"1"}},{"shape_attributes":{"name":"rect","x":289,"y":286,"width":29,"height":18},"region_attributes":{"Type":"1","count":""}},{"shape_attributes":{"name":"rect","x":342,"y":230,"width":30,"height":28},"region_attributes":{"Type":"1","count":"13"}},{"shape_attributes":{"name":"rect","x":333,"y":205,"width":19,"height":24},"region_attributes":{"Type":"1","count":"7"}},{"shape_attributes":{"name":"rect","x":355,"y":198,"width":23,"height":20},"region_attributes":{"Type":"1","count":"2"}},{"shape_attributes":{"name":"rect","x":345,"y":144,"width":34,"height":48},"region_attributes":{"Type":"1","count":"3"}},{"shape_attributes":{"name":"rect","x":388,"y":134,"width":32,"height":44},"region_attributes":{"Type":"1","count":"1"}},{"shape_attributes":{"name":"rect","x":426,"y":140,"width":25,"height":32},"region_attributes":{"Type":"1","count":"1"}},{"shape_attributes":{"name":"rect","x":388,"y":228,"width":22,"height":24},"region_attributes":{"Type":"1","count":"3"}},{"shape_attributes":{"name":"rect","x":371,"y":265,"width":37,"height":33},"region_attributes":{"Type":"1","count":"2"}},{"shape_attributes":{"name":"rect","x":433,"y":201,"width":32,"height":26},"region_attributes":{"Type":"2","count":"1"}},{"shape_attributes":{"name":"rect","x":442,"y":235,"width":21,"height":19},"region_attributes":{"Type":"1","count":"1"}},{"shape_attributes":{"name":"rect","x":432,"y":262,"width":23,"height":46},"region_attributes":{"Type":"1","count":"2"}},{"shape_attributes":{"name":"rect","x":474,"y":254,"width":19,"height":25},"region_attributes":{"Type":"1","count":"9"}},{"shape_attributes":{"name":"rect","x":501,"y":205,"width":41,"height":41},"region_attributes":{"Type":"1","count":"6"}},{"shape_attributes":{"name":"rect","x":550,"y":207,"width":28,"height":30},"region_attributes":{"Type":"1","count":"9"}},{"shape_attributes":{"name":"rect","x":514,"y":254,"width":24,"height":24},"region_attributes":{"Type":"1","count":"2"}},{"shape_attributes":{"name":"rect","x":505,"y":286,"width":19,"height":20},"region_attributes":{"Type":"2","count":"1"}},{"shape_attributes":{"name":"rect","x":517,"y":306,"width":18,"height":15},"region_attributes":{"Type":"3","count":"1"}},{"shape_attributes":{"name":"rect","x":466,"y":328,"width":53,"height":53},"region_attributes":{"Type":"1","count":"2"}},{"shape_attributes":{"name":"rect","x":649,"y":327,"width":40,"height":41},"region_attributes":{"Type":"1","count":"1"}},{"shape_attributes":{"name":"rect","x":550,"y":284,"width":28,"height":22},"region_attributes":{"Type":"1","count":"1"}},{"shape_attributes":{"name":"rect","x":636,"y":197,"width":30,"height":20},"region_attributes":{"Type":"1","count":"5"}},{"shape_attributes":{"name":"rect","x":632,"y":223,"width":27,"height":30},"region_attributes":{"Type":"2","count":"1"}},{"shape_attributes":{"name":"rect","x":699,"y":219,"width":31,"height":40},"region_attributes":{"Type":"1","count":"5"}},{"shape_attributes":{"name":"rect","x":695,"y":265,"width":25,"height":23},"region_attributes":{"Type":"1","count":"2"}},{"shape_attributes":{"name":"rect","x":679,"y":286,"width":34,"height":35},"region_attributes":{"Type":"1","count":"1"}}],"file_attributes":{"date":"","temp":"","rain":"2","neighborhood":"City Center","total_count":""}},"https://drive.google.com/uc?export=view&id=1irFT6-ILEpGxt3p2HY_3szZnhn7EajD9\n":{"filename":"https://drive.google.com/uc?export=view&id=1irFT6-ILEpGxt3p2HY_3szZnhn7EajD9\n","size":-1,"regions":[{"shape_attributes":{"name":"rect","x":169,"y":157,"width":13,"height":16},"region_attributes":{"Type":"1","count":"1"}},{"shape_attributes":{"name":"rect","x":187,"y":175,"width":19,"height":19},"region_attributes":{"Type":"1","count":"4"}},{"shape_attributes":{"name":"rect","x":167,"y":203,"width":30,"height":20},"region_attributes":{"Type":"1","count":"2"}},{"shape_attributes":{"name":"rect","x":182,"y":277,"width":22,"height":18},"region_attributes":{"Type":"1","count":"1"}},{"shape_attributes":{"name":"rect","x":208,"y":263,"width":44,"height":44},"region_attributes":{"Type":"1","count":"3"}},{"shape_attributes":{"name":"rect","x":223,"y":323,"width":23,"height":17},"region_attributes":{"Type":"1","count":"1"}},{"shape_attributes":{"name":"rect","x":255,"y":265,"width":35,"height":39},"region_attributes":{"Type":"1","count":"1"}},{"shape_attributes":{"name":"rect","x":257,"y":190,"width":18,"height":37},"region_attributes":{"Type":"1","count":"2"}},{"shape_attributes":{"name":"rect","x":284,"y":228,"width":23,"height":27},"region_attributes":{"Type":"1","count":"2"}},{"shape_attributes":{"name":"rect","x":318,"y":152,"width":19,"height":38},"region_attributes":{"Type":"1","count":"2"}},{"shape_attributes":{"name":"rect","x":313,"y":196,"width":24,"height":19},"region_attributes":{"Type":"1","count":"1"}},{"shape_attributes":{"name":"rect","x":314,"y":228,"width":17,"height":19},"region_attributes":{"Type":"1","count":"1"}},{"shape_attributes":{"name":"rect","x":317,"y":260,"width":19,"height":21},"region_attributes":{"Type":"1","count":"1"}},{"shape_attributes":{"name":"rect","x":313,"y":282,"width":26,"height":18},"region_attributes":{"Type":"1","count":"2"}},{"shape_attributes":{"name":"rect","x":345,"y":152,"width":19,"height":20},"region_attributes":{"Type":"1","count":"6"}},{"shape_attributes":{"name":"rect","x":346,"y":173,"width":14,"height":18},"region_attributes":{"Type":"1","count":"4"}},{"shape_attributes":{"name":"rect","x":353,"y":198,"width":15,"height":15},"region_attributes":{"Type":"1","count":"1"}},{"shape_attributes":{"name":"rect","x":343,"y":210,"width":12,"height":15},"region_attributes":{"Type":"1","count":"6"}},{"shape_attributes":{"name":"rect","x":343,"y":232,"width":20,"height":22},"region_attributes":{"Type":"2","count":"14"}},{"shape_attributes":{"name":"rect","x":364,"y":235,"width":18,"height":22},"region_attributes":{"Type":"2","count":"2"}},{"shape_attributes":{"name":"rect","x":384,"y":215,"width":19,"height":15},"region_attributes":{"Type":"1","count":"2"}},{"shape_attributes":{"name":"rect","x":389,"y":258,"width":10,"height":14},"region_attributes":{"Type":"1","count":"3"}},{"shape_attributes":{"name":"rect","x":382,"y":276,"width":19,"height":31},"region_attributes":{"Type":"1","count":"2"}},{"shape_attributes":{"name":"rect","x":408,"y":278,"width":10,"height":17},"region_attributes":{"Type":"1","count":"1"}},{"shape_attributes":{"name":"rect","x":425,"y":264,"width":18,"height":27},"region_attributes":{"Type":"1","count":"3"}},{"shape_attributes":{"name":"rect","x":440,"y":239,"width":19,"height":16},"region_attributes":{"Type":"1","count":"1"}},{"shape_attributes":{"name":"rect","x":472,"y":220,"width":24,"height":27},"region_attributes":{"Type":"1","count":"1"}},{"shape_attributes":{"name":"rect","x":470,"y":288,"width":26,"height":27},"region_attributes":{"Type":"1","count":"1"}},{"shape_attributes":{"name":"rect","x":465,"y":344,"width":31,"height":27},"region_attributes":{"Type":"1","count":"1"}},{"shape_attributes":{"name":"rect","x":549,"y":268,"width":33,"height":38},"region_attributes":{"Type":"2","count":"1"}},{"shape_attributes":{"name":"rect","x":555,"y":184,"width":39,"height":58},"region_attributes":{"Type":"1","count":"6"}},{"shape_attributes":{"name":"rect","x":597,"y":202,"width":23,"height":25},"region_attributes":{"Type":"2","count":"3"}},{"shape_attributes":{"name":"rect","x":600,"y":228,"width":11,"height":10},"region_attributes":{"Type":"1","count":"5"}},{"shape_attributes":{"name":"rect","x":638,"y":201,"width":20,"height":29},"region_attributes":{"Type":"2","count":"6"}},{"shape_attributes":{"name":"rect","x":643,"y":232,"width":10,"height":13},"region_attributes":{"Type":"1","count":"2"}},{"shape_attributes":{"name":"rect","x":682,"y":142,"width":21,"height":18},"region_attributes":{"Type":"1","count":"1"}},{"shape_attributes":{"name":"rect","x":706,"y":141,"width":13,"height":36},"region_attributes":{"Type":"1","count":"4"}},{"shape_attributes":{"name":"rect","x":682,"y":202,"width":21,"height":32},"region_attributes":{"Type":"2","count":"2"}},{"shape_attributes":{"name":"rect","x":707,"y":208,"width":26,"height":31},"region_attributes":{"Type":"1","count":"1"}},{"shape_attributes":{"name":"rect","x":614,"y":257,"width":26,"height":29},"region_attributes":{"Type":"2","count":"2"}},{"shape_attributes":{"name":"rect","x":598,"y":289,"width":23,"height":18},"region_attributes":{"Type":"1","count":"2"}},{"shape_attributes":{"name":"rect","x":620,"y":284,"width":16,"height":13},"region_attributes":{"Type":"1","count":"2"}},{"shape_attributes":{"name":"rect","x":649,"y":288,"width":21,"height":27},"region_attributes":{"Type":"1","count":"1"}},{"shape_attributes":{"name":"rect","x":692,"y":290,"width":21,"height":28},"region_attributes":{"Type":"1","count":"2"}},{"shape_attributes":{"name":"rect","x":555,"y":326,"width":25,"height":28},"region_attributes":{"Type":"1","count":"4"}},{"shape_attributes":{"name":"rect","x":560,"y":352,"width":19,"height":29},"region_attributes":{"Type":"1","count":"10"}},{"shape_attributes":{"name":"rect","x":664,"y":329,"width":25,"height":35},"region_attributes":{"Type":"1","count":"1"}}],"file_attributes":{"date":"2020-06-25","temp":"60","rain":"2","neighborhood":"City Center","total_count":""}},"https://drive.google.com/uc?export=view&id=17y76zB0DgP5JZcDxELmh7w4G7kFvzTCT\n":{"filename":"https://drive.google.com/uc?export=view&id=17y76zB0DgP5JZcDxELmh7w4G7kFvzTCT\n","size":-1,"regions":[{"shape_attributes":{"name":"rect","x":155,"y":146,"width":38,"height":32},"region_attributes":{"Type":"1","count":"3"}},{"shape_attributes":{"name":"rect","x":185,"y":177,"width":18,"height":16},"region_attributes":{"Type":"2","count":"1"}},{"shape_attributes":{"name":"rect","x":159,"y":175,"width":38,"height":14},"region_attributes":{"Type":"1","count":"4"}},{"shape_attributes":{"name":"rect","x":184,"y":202,"width":25,"height":17},"region_attributes":{"Type":"1","count":"2"}},{"shape_attributes":{"name":"rect","x":157,"y":208,"width":34,"height":16},"region_attributes":{"Type":"1","count":"1"}},{"shape_attributes":{"name":"rect","x":275,"y":230,"width":24,"height":26},"region_attributes":{"Type":"1","count":"7"}},{"shape_attributes":{"name":"rect","x":293,"y":132,"width":24,"height":27},"region_attributes":{"Type":"1","count":"1"}},{"shape_attributes":{"name":"rect","x":309,"y":188,"width":25,"height":24},"region_attributes":{"Type":"1","count":"3"}},{"shape_attributes":{"name":"rect","x":304,"y":281,"width":29,"height":26},"region_attributes":{"Type":"1","count":"3"}},{"shape_attributes":{"name":"rect","x":342,"y":172,"width":24,"height":22},"region_attributes":{"Type":"1","count":"2"}},{"shape_attributes":{"name":"rect","x":343,"y":206,"width":13,"height":29},"region_attributes":{"Type":"1","count":"7"}},{"shape_attributes":{"name":"rect","x":365,"y":203,"width":18,"height":15},"region_attributes":{"Type":"1","count":"1"}},{"shape_attributes":{"name":"rect","x":354,"y":231,"width":22,"height":26},"region_attributes":{"Type":"1","count":"8"}},{"shape_attributes":{"name":"rect","x":356,"y":294,"width":16,"height":17},"region_attributes":{"Type":"1","count":"1"}},{"shape_attributes":{"name":"rect","x":381,"y":271,"width":20,"height":20},"region_attributes":{"Type":"2","count":"2"}},{"shape_attributes":{"name":"rect","x":403,"y":262,"width":14,"height":20},"region_attributes":{"Type":"1","count":"1"}},{"shape_attributes":{"name":"rect","x":423,"y":219,"width":22,"height":28},"region_attributes":{"Type":"1","count":"1"}},{"shape_attributes":{"name":"rect","x":424,"y":157,"width":68,"height":25},"region_attributes":{"Type":"1","count":"5"}},{"shape_attributes":{"name":"rect","x":449,"y":227,"width":14,"height":25},"region_attributes":{"Type":"1","count":"2"}},{"shape_attributes":{"name":"rect","x":424,"y":259,"width":29,"height":22},"region_attributes":{"Type":"1","count":"3"}},{"shape_attributes":{"name":"rect","x":420,"y":296,"width":28,"height":6},"region_attributes":{"Type":"1","count":"1"}},{"shape_attributes":{"name":"rect","x":474,"y":256,"width":20,"height":25},"region_attributes":{"Type":"1","count":"4"}},{"shape_attributes":{"name":"rect","x":468,"y":217,"width":18,"height":23},"region_attributes":{"Type":"2","count":"1"}},{"shape_attributes":{"name":"rect","x":481,"y":195,"width":25,"height":20},"region_attributes":{"Type":"1","count":"1"}},{"shape_attributes":{"name":"rect","x":491,"y":232,"width":15,"height":15},"region_attributes":{"Type":"1","count":"3"}},{"shape_attributes":{"name":"rect","x":510,"y":273,"width":13,"height":18},"region_attributes":{"Type":"1","count":"4"}},{"shape_attributes":{"name":"rect","x":529,"y":280,"width":9,"height":17},"region_attributes":{"Type":"2","count":"1"}},{"shape_attributes":{"name":"rect","x":548,"y":205,"width":25,"height":32},"region_attributes":{"Type":"1","count":"1"}},{"shape_attributes":{"name":"rect","x":589,"y":207,"width":30,"height":31},"region_attributes":{"Type":"2","count":"1"}},{"shape_attributes":{"name":"rect","x":558,"y":255,"width":20,"height":18},"region_attributes":{"Type":"1","count":"1"}},{"shape_attributes":{"name":"rect","x":572,"y":254,"width":23,"height":24},"region_attributes":{"Type":"2","count":"1"}},{"shape_attributes":{"name":"rect","x":574,"y":291,"width":21,"height":16},"region_attributes":{"Type":"1","count":"2"}},{"shape_attributes":{"name":"rect","x":566,"y":315,"width":23,"height":26},"region_attributes":{"Type":"1","count":"4"}},{"shape_attributes":{"name":"rect","x":557,"y":354,"width":20,"height":20},"region_attributes":{"Type":"1","count":"6"}},{"shape_attributes":{"name":"rect","x":579,"y":352,"width":14,"height":20},"region_attributes":{"Type":"2","count":"2"}},{"shape_attributes":{"name":"rect","x":622,"y":278,"width":17,"height":16},"region_attributes":{"Type":"2","count":"1"}},{"shape_attributes":{"name":"rect","x":612,"y":260,"width":33,"height":16},"region_attributes":{"Type":"1","count":"1"}},{"shape_attributes":{"name":"rect","x":637,"y":200,"width":19,"height":35},"region_attributes":{"Type":"1","count":"1"}},{"shape_attributes":{"name":"rect","x":637,"y":229,"width":14,"height":16},"region_attributes":{"Type":"2","count":"1"}},{"shape_attributes":{"name":"rect","x":699,"y":231,"width":27,"height":21},"region_attributes":{"Type":"1","count":"6"}},{"shape_attributes":{"name":"rect","x":657,"y":257,"width":25,"height":52},"region_attributes":{"Type":"1","count":"2"}},{"shape_attributes":{"name":"rect","x":702,"y":261,"width":27,"height":23},"region_attributes":{"Type":"1","count":"2"}},{"shape_attributes":{"name":"rect","x":691,"y":290,"width":21,"height":25},"region_attributes":{"Type":"1","count":"3"}},{"shape_attributes":{"name":"rect","x":705,"y":331,"width":34,"height":29},"region_attributes":{"Type":"1","count":"2"}},{"shape_attributes":{"name":"rect","x":217,"y":430,"width":49,"height":65},"region_attributes":{"Type":"1","count":"1"}}],"file_attributes":{"date":"2020-07-29","temp":"64","rain":"2","neighborhood":"City Center","total_count":""}},"https://drive.google.com/uc?export=view&id=1pei5OsQgZLURJJrujrOGnChYRMV9tiKr\n":{"filename":"https://drive.google.com/uc?export=view&id=1pei5OsQgZLURJJrujrOGnChYRMV9tiKr\n","size":-1,"regions":[{"shape_attributes":{"name":"rect","x":157,"y":140,"width":21,"height":30},"region_attributes":{"Type":"1","count":"3"}},{"shape_attributes":{"name":"rect","x":167,"y":164,"width":20,"height":21},"region_attributes":{"Type":"1","count":"6"}},{"shape_attributes":{"name":"rect","x":197,"y":146,"width":26,"height":24},"region_attributes":{"Type":"1","count":"1"}},{"shape_attributes":{"name":"rect","x":195,"y":221,"width":21,"height":24},"region_attributes":{"Type":"1","count":"1"}},{"shape_attributes":{"name":"rect","x":208,"y":271,"width":27,"height":27},"region_attributes":{"Type":"2","count":"1"}},{"shape_attributes":{"name":"rect","x":221,"y":449,"width":16,"height":28},"region_attributes":{"Type":"1","count":"1"}},{"shape_attributes":{"name":"rect","x":240,"y":181,"width":86,"height":62},"region_attributes":{"Type":"1","count":"14"}},{"shape_attributes":{"name":"rect","x":339,"y":135,"width":27,"height":19},"region_attributes":{"Type":"1","count":"1"}},{"shape_attributes":{"name":"rect","x":327,"y":159,"width":19,"height":20},"region_attributes":{"Type":"1","count":"1"}},{"shape_attributes":{"name":"rect","x":355,"y":157,"width":17,"height":11},"region_attributes":{"Type":"1","count":"4"}},{"shape_attributes":{"name":"rect","x":348,"y":169,"width":20,"height":17},"region_attributes":{"Type":"1","count":"1"}},{"shape_attributes":{"name":"rect","x":326,"y":206,"width":21,"height":20},"region_attributes":{"Type":"1","count":"5"}},{"shape_attributes":{"name":"rect","x":336,"y":232,"width":22,"height":12},"region_attributes":{"Type":"1","count":"11"}},{"shape_attributes":{"name":"rect","x":359,"y":217,"width":9,"height":25},"region_attributes":{"Type":"2","count":"1"}},{"shape_attributes":{"name":"rect","x":387,"y":247,"width":18,"height":22},"region_attributes":{"Type":"1","count":"2"}},{"shape_attributes":{"name":"rect","x":376,"y":277,"width":22,"height":27},"region_attributes":{"Type":"1","count":"2"}},{"shape_attributes":{"name":"rect","x":438,"y":127,"width":41,"height":31},"region_attributes":{"Type":"1","count":"6"}},{"shape_attributes":{"name":"rect","x":427,"y":247,"width":22,"height":25},"region_attributes":{"Type":"1","count":"2"}},{"shape_attributes":{"name":"rect","x":417,"y":283,"width":23,"height":22},"region_attributes":{"Type":"1","count":"1"}},{"shape_attributes":{"name":"rect","x":438,"y":272,"width":20,"height":17},"region_attributes":{"Type":"1","count":"1"}},{"shape_attributes":{"name":"rect","x":482,"y":207,"width":21,"height":22},"region_attributes":{"Type":"1","count":"3"}},{"shape_attributes":{"name":"rect","x":518,"y":203,"width":12,"height":21},"region_attributes":{"Type":"1","count":"5"}},{"shape_attributes":{"name":"rect","x":559,"y":186,"width":26,"height":22},"region_attributes":{"Type":"2","count":"1"}},{"shape_attributes":{"name":"rect","x":544,"y":209,"width":26,"height":20},"region_attributes":{"Type":"1","count":"1"}},{"shape_attributes":{"name":"rect","x":547,"y":246,"width":24,"height":23},"region_attributes":{"Type":"1","count":"3"}},{"shape_attributes":{"name":"rect","x":573,"y":253,"width":14,"height":22},"region_attributes":{"Type":"1","count":"2"}},{"shape_attributes":{"name":"rect","x":558,"y":275,"width":36,"height":21},"region_attributes":{"Type":"2","count":"1"}},{"shape_attributes":{"name":"rect","x":541,"y":314,"width":21,"height":19},"region_attributes":{"Type":"2","count":""}},{"shape_attributes":{"name":"rect","x":566,"y":303,"width":16,"height":23},"region_attributes":{"Type":"1","count":"2"}},{"shape_attributes":{"name":"rect","x":543,"y":330,"width":29,"height":15},"region_attributes":{"Type":"1","count":"2"}},{"shape_attributes":{"name":"rect","x":458,"y":324,"width":30,"height":32},"region_attributes":{"Type":"1","count":"1"}},{"shape_attributes":{"name":"rect","x":588,"y":334,"width":18,"height":6},"region_attributes":{"Type":"1","count":"1"}},{"shape_attributes":{"name":"rect","x":632,"y":197,"width":19,"height":47},"region_attributes":{"Type":"1","count":"3"}},{"shape_attributes":{"name":"rect","x":647,"y":155,"width":24,"height":21},"region_attributes":{"Type":"1","count":"1"}},{"shape_attributes":{"name":"rect","x":676,"y":99,"width":20,"height":19},"region_attributes":{"Type":"1","count":"1"}},{"shape_attributes":{"name":"rect","x":698,"y":138,"width":29,"height":18},"region_attributes":{"Type":"1","count":"1"}},{"shape_attributes":{"name":"rect","x":685,"y":196,"width":33,"height":43},"region_attributes":{"Type":"1","count":"3"}},{"shape_attributes":{"name":"rect","x":688,"y":265,"width":36,"height":40},"region_attributes":{"Type":"1","count":"4"}}],"file_attributes":{"date":"2020-08-27","temp":"76","rain":"2","neighborhood":"City Center","total_count":""}},"https://drive.google.com/uc?export=view&id=1vGwRRJSL7D08wUlDlWuVlI0Ws1gob5t1\n":{"filename":"https://drive.google.com/uc?export=view&id=1vGwRRJSL7D08wUlDlWuVlI0Ws1gob5t1\n","size":-1,"regions":[{"shape_attributes":{"name":"rect","x":160,"y":151,"width":22,"height":23},"region_attributes":{"Type":"1","count":"3"}},{"shape_attributes":{"name":"rect","x":181,"y":172,"width":17,"height":18},"region_attributes":{"Type":"1","count":"4"}},{"shape_attributes":{"name":"rect","x":159,"y":228,"width":24,"height":24},"region_attributes":{"Type":"1","count":"1"}},{"shape_attributes":{"name":"rect","x":246,"y":369,"width":17,"height":18},"region_attributes":{"Type":"1","count":"1"}},{"shape_attributes":{"name":"rect","x":219,"y":261,"width":28,"height":27},"region_attributes":{"Type":"1","count":"2"}},{"shape_attributes":{"name":"rect","x":276,"y":227,"width":17,"height":23},"region_attributes":{"Type":"1","count":"6"}},{"shape_attributes":{"name":"rect","x":269,"y":142,"width":26,"height":20},"region_attributes":{"Type":"1","count":"1"}},{"shape_attributes":{"name":"rect","x":313,"y":159,"width":17,"height":23},"region_attributes":{"Type":"1","count":"1"}},{"shape_attributes":{"name":"rect","x":315,"y":192,"width":17,"height":21},"region_attributes":{"Type":"1","count":"1"}},{"shape_attributes":{"name":"rect","x":309,"y":231,"width":24,"height":28},"region_attributes":{"Type":"1","count":"3"}},{"shape_attributes":{"name":"rect","x":253,"y":276,"width":20,"height":24},"region_attributes":{"Type":"1","count":"1"}},{"shape_attributes":{"name":"rect","x":265,"y":322,"width":22,"height":24},"region_attributes":{"Type":"1","count":"1"}},{"shape_attributes":{"name":"rect","x":304,"y":319,"width":25,"height":24},"region_attributes":{"Type":"1","count":"1"}},{"shape_attributes":{"name":"rect","x":345,"y":294,"width":21,"height":21},"region_attributes":{"Type":"1","count":"2"}},{"shape_attributes":{"name":"rect","x":336,"y":258,"width":15,"height":15},"region_attributes":{"Type":"1","count":"1"}},{"shape_attributes":{"name":"rect","x":335,"y":239,"width":24,"height":15},"region_attributes":{"Type":"1","count":"15"}},{"shape_attributes":{"name":"rect","x":361,"y":239,"width":14,"height":14},"region_attributes":{"Type":"2","count":"4"}},{"shape_attributes":{"name":"rect","x":340,"y":201,"width":16,"height":23},"region_attributes":{"Type":"1","count":"8"}},{"shape_attributes":{"name":"rect","x":345,"y":176,"width":31,"height":19},"region_attributes":{"Type":"1","count":"1"}},{"shape_attributes":{"name":"rect","x":359,"y":150,"width":30,"height":28},"region_attributes":{"Type":"1","count":"1"}},{"shape_attributes":{"name":"rect","x":379,"y":218,"width":18,"height":15},"region_attributes":{"Type":"1","count":"1"}},{"shape_attributes":{"name":"rect","x":384,"y":240,"width":25,"height":22},"region_attributes":{"Type":"1","count":"1"}},{"shape_attributes":{"name":"rect","x":383,"y":296,"width":18,"height":18},"region_attributes":{"Type":"1","count":"1"}},{"shape_attributes":{"name":"rect","x":436,"y":263,"width":23,"height":28},"region_attributes":{"Type":"1","count":"10"}},{"shape_attributes":{"name":"rect","x":432,"y":169,"width":17,"height":20},"region_attributes":{"Type":"1","count":"1"}},{"shape_attributes":{"name":"rect","x":452,"y":156,"width":14,"height":20},"region_attributes":{"Type":"1","count":"2"}},{"shape_attributes":{"name":"rect","x":471,"y":155,"width":21,"height":21},"region_attributes":{"Type":"1","count":"4"}},{"shape_attributes":{"name":"rect","x":477,"y":138,"width":34,"height":12},"region_attributes":{"Type":"1","count":"1"}},{"shape_attributes":{"name":"rect","x":470,"y":255,"width":17,"height":26},"region_attributes":{"Type":"1","count":"1"}},{"shape_attributes":{"name":"rect","x":465,"y":315,"width":23,"height":26},"region_attributes":{"Type":"1","count":"1"}},{"shape_attributes":{"name":"rect","x":557,"y":209,"width":22,"height":27},"region_attributes":{"Type":"1","count":"2"}},{"shape_attributes":{"name":"rect","x":578,"y":225,"width":9,"height":13},"region_attributes":{"Type":"1","count":"1"}},{"shape_attributes":{"name":"rect","x":596,"y":203,"width":23,"height":22},"region_attributes":{"Type":"2","count":"1"}},{"shape_attributes":{"name":"rect","x":588,"y":218,"width":27,"height":24},"region_attributes":{"Type":"1","count":"1"}},{"shape_attributes":{"name":"rect","x":572,"y":274,"width":19,"height":22},"region_attributes":{"Type":"2","count":"1"}},{"shape_attributes":{"name":"rect","x":554,"y":314,"width":14,"height":27},"region_attributes":{"Type":"1","count":"2"}},{"shape_attributes":{"name":"rect","x":568,"y":313,"width":23,"height":14},"region_attributes":{"Type":"2","count":"2"}},{"shape_attributes":{"name":"rect","x":575,"y":338,"width":22,"height":29},"region_attributes":{"Type":"1","count":"5"}},{"shape_attributes":{"name":"rect","x":556,"y":355,"width":29,"height":21},"region_attributes":{"Type":"1","count":"4"}},{"shape_attributes":{"name":"rect","x":602,"y":353,"width":16,"height":12},"region_attributes":{"Type":"1","count":"1"}},{"shape_attributes":{"name":"rect","x":607,"y":296,"width":12,"height":15},"region_attributes":{"Type":"1","count":"1"}},{"shape_attributes":{"name":"rect","x":620,"y":274,"width":13,"height":22},"region_attributes":{"Type":"1","count":"1"}},{"shape_attributes":{"name":"rect","x":604,"y":261,"width":22,"height":13},"region_attributes":{"Type":"1","count":"1"}},{"shape_attributes":{"name":"rect","x":636,"y":213,"width":22,"height":24},"region_attributes":{"Type":"2","count":"1"}},{"shape_attributes":{"name":"rect","x":686,"y":172,"width":18,"height":17},"region_attributes":{"Type":"1","count":"2"}},{"shape_attributes":{"name":"rect","x":689,"y":235,"width":17,"height":25},"region_attributes":{"Type":"1","count":"1"}},{"shape_attributes":{"name":"rect","x":656,"y":259,"width":26,"height":31},"region_attributes":{"Type":"1","count":"4"}},{"shape_attributes":{"name":"rect","x":663,"y":321,"width":13,"height":17},"region_attributes":{"Type":"1","count":"1"}},{"shape_attributes":{"name":"rect","x":708,"y":255,"width":11,"height":24},"region_attributes":{"Type":"1","count":"1"}},{"shape_attributes":{"name":"rect","x":686,"y":295,"width":25,"height":23},"region_attributes":{"Type":"1","count":"2"}}],"file_attributes":{"date":"2020-09-29","temp":"70","rain":"2","neighborhood":"City Center","total_count":""}},"https://drive.google.com/uc?export=view&id=1uCPpe66iuKJOD8QG8PVm7YNvuss4iXE5\n":{"filename":"https://drive.google.com/uc?export=view&id=1uCPpe66iuKJOD8QG8PVm7YNvuss4iXE5\n","size":-1,"regions":[{"shape_attributes":{"name":"rect","x":169,"y":131,"width":14,"height":26},"region_attributes":{"Type":"1","count":"5"}},{"shape_attributes":{"name":"rect","x":159,"y":166,"width":29,"height":23},"region_attributes":{"Type":"1","count":"4"}},{"shape_attributes":{"name":"rect","x":178,"y":173,"width":17,"height":9},"region_attributes":{"Type":"2","count":"1"}},{"shape_attributes":{"name":"rect","x":159,"y":204,"width":28,"height":18},"region_attributes":{"Type":"1","count":"4"}},{"shape_attributes":{"name":"rect","x":181,"y":197,"width":25,"height":17},"region_attributes":{"Type":"1","count":"1"}},{"shape_attributes":{"name":"rect","x":222,"y":394,"width":22,"height":26},"region_attributes":{"Type":"1","count":"1"}},{"shape_attributes":{"name":"rect","x":275,"y":220,"width":30,"height":29},"region_attributes":{"Type":"1","count":"13"}},{"shape_attributes":{"name":"rect","x":310,"y":221,"width":21,"height":26},"region_attributes":{"Type":"1","count":"1"}},{"shape_attributes":{"name":"rect","x":301,"y":260,"width":19,"height":13},"region_attributes":{"Type":"1","count":"2"}},{"shape_attributes":{"name":"rect","x":315,"y":275,"width":11,"height":18},"region_attributes":{"Type":"1","count":"1"}},{"shape_attributes":{"name":"rect","x":334,"y":216,"width":16,"height":10},"region_attributes":{"Type":"1","count":"8"}},{"shape_attributes":{"name":"rect","x":346,"y":233,"width":32,"height":21},"region_attributes":{"Type":"1","count":"7"}},{"shape_attributes":{"name":"rect","x":358,"y":198,"width":15,"height":13},"region_attributes":{"Type":"1","count":"1"}},{"shape_attributes":{"name":"rect","x":346,"y":172,"width":15,"height":16},"region_attributes":{"Type":"1","count":"2"}},{"shape_attributes":{"name":"rect","x":440,"y":152,"width":21,"height":20},"region_attributes":{"Type":"1","count":"5"}},{"shape_attributes":{"name":"rect","x":393,"y":249,"width":25,"height":25},"region_attributes":{"Type":"1","count":"1"}},{"shape_attributes":{"name":"rect","x":433,"y":284,"width":21,"height":29},"region_attributes":{"Type":"1","count":"1"}},{"shape_attributes":{"name":"rect","x":465,"y":166,"width":23,"height":27},"region_attributes":{"Type":"1","count":"1"}},{"shape_attributes":{"name":"rect","x":480,"y":285,"width":15,"height":32},"region_attributes":{"Type":"1","count":"2"}},{"shape_attributes":{"name":"rect","x":467,"y":352,"width":26,"height":23},"region_attributes":{"Type":"2","count":"1"}},{"shape_attributes":{"name":"rect","x":503,"y":222,"width":19,"height":24},"region_attributes":{"Type":"1","count":"3"}},{"shape_attributes":{"name":"rect","x":548,"y":217,"width":21,"height":19},"region_attributes":{"Type":"2","count":"1"}},{"shape_attributes":{"name":"rect","x":548,"y":190,"width":37,"height":23},"region_attributes":{"Type":"2","count":"1"}},{"shape_attributes":{"name":"rect","x":572,"y":332,"width":18,"height":24},"region_attributes":{"Type":"2","count":"2"}},{"shape_attributes":{"name":"rect","x":558,"y":355,"width":23,"height":28},"region_attributes":{"Type":"1","count":"7"}},{"shape_attributes":{"name":"rect","x":554,"y":329,"width":14,"height":22},"region_attributes":{"Type":"1","count":"2"}},{"shape_attributes":{"name":"rect","x":611,"y":272,"width":22,"height":22},"region_attributes":{"Type":"1","count":"1"}},{"shape_attributes":{"name":"rect","x":600,"y":353,"width":15,"height":20},"region_attributes":{"Type":"1","count":"2"}},{"shape_attributes":{"name":"rect","x":616,"y":352,"width":20,"height":13},"region_attributes":{"Type":"1","count":"1"}},{"shape_attributes":{"name":"rect","x":651,"y":348,"width":16,"height":22},"region_attributes":{"Type":"1","count":"1"}},{"shape_attributes":{"name":"rect","x":652,"y":292,"width":23,"height":26},"region_attributes":{"Type":"1","count":"2"}},{"shape_attributes":{"name":"rect","x":670,"y":276,"width":31,"height":21},"region_attributes":{"Type":"2","count":"1"}},{"shape_attributes":{"name":"rect","x":680,"y":326,"width":19,"height":29},"region_attributes":{"Type":"2","count":"1"}},{"shape_attributes":{"name":"rect","x":674,"y":310,"width":37,"height":9},"region_attributes":{"Type":"1","count":"1"}},{"shape_attributes":{"name":"rect","x":683,"y":228,"width":14,"height":20},"region_attributes":{"Type":"2","count":"1"}},{"shape_attributes":{"name":"rect","x":704,"y":228,"width":15,"height":14},"region_attributes":{"Type":"1","count":"1"}},{"shape_attributes":{"name":"rect","x":659,"y":211,"width":13,"height":23},"region_attributes":{"Type":"1","count":"1"}},{"shape_attributes":{"name":"rect","x":649,"y":170,"width":23,"height":23},"region_attributes":{"Type":"1","count":"3"}},{"shape_attributes":{"name":"rect","x":645,"y":132,"width":16,"height":25},"region_attributes":{"Type":"1","count":"2"}},{"shape_attributes":{"name":"rect","x":698,"y":130,"width":23,"height":23},"region_attributes":{"Type":"1","count":"1"}},{"shape_attributes":{"name":"rect","x":700,"y":164,"width":17,"height":21},"region_attributes":{"Type":"1","count":"2"}},{"shape_attributes":{"name":"rect","x":695,"y":192,"width":27,"height":22},"region_attributes":{"Type":"1","count":"2"}}],"file_attributes":{"date":"2020-10-29","temp":"61","rain":"2","neighborhood":"City Center","total_count":""}},"https://drive.google.com/uc?export=view&id=1c0o6ijZ5NBnwvenETHcVlxvEcFn9dRze\n":{"filename":"https://drive.google.com/uc?export=view&id=1c0o6ijZ5NBnwvenETHcVlxvEcFn9dRze\n","size":-1,"regions":[{"shape_attributes":{"name":"rect","x":163,"y":145,"width":24,"height":31},"region_attributes":{"Type":"1","count":"3"}},{"shape_attributes":{"name":"rect","x":163,"y":212,"width":15,"height":13},"region_attributes":{"Type":"1","count":"4"}},{"shape_attributes":{"name":"rect","x":166,"y":239,"width":32,"height":18},"region_attributes":{"Type":"1","count":"3"}},{"shape_attributes":{"name":"rect","x":188,"y":217,"width":26,"height":34},"region_attributes":{"Type":"2","count":"2"}},{"shape_attributes":{"name":"rect","x":163,"y":262,"width":26,"height":20},"region_attributes":{"Type":"1","count":"4"}},{"shape_attributes":{"name":"rect","x":176,"y":394,"width":27,"height":39},"region_attributes":{"Type":"1","count":"1"}},{"shape_attributes":{"name":"rect","x":254,"y":339,"width":17,"height":27},"region_attributes":{"Type":"1","count":"1"}},{"shape_attributes":{"name":"rect","x":217,"y":434,"width":29,"height":39},"region_attributes":{"Type":"1","count":"2"}},{"shape_attributes":{"name":"rect","x":268,"y":229,"width":29,"height":35},"region_attributes":{"Type":"1","count":"16"}},{"shape_attributes":{"name":"rect","x":307,"y":226,"width":28,"height":21},"region_attributes":{"Type":"1","count":"2"}},{"shape_attributes":{"name":"rect","x":303,"y":255,"width":27,"height":22},"region_attributes":{"Type":"1","count":"2"}},{"shape_attributes":{"name":"rect","x":348,"y":236,"width":34,"height":22},"region_attributes":{"Type":"1","count":"6"}},{"shape_attributes":{"name":"rect","x":340,"y":212,"width":16,"height":21},"region_attributes":{"Type":"1","count":"7"}},{"shape_attributes":{"name":"rect","x":350,"y":169,"width":22,"height":25},"region_attributes":{"Type":"1","count":"7"}},{"shape_attributes":{"name":"rect","x":338,"y":159,"width":21,"height":25},"region_attributes":{"Type":"1","count":"2"}},{"shape_attributes":{"name":"rect","x":392,"y":190,"width":21,"height":24},"region_attributes":{"Type":"1","count":"1"}},{"shape_attributes":{"name":"rect","x":383,"y":234,"width":12,"height":22},"region_attributes":{"Type":"1","count":"1"}},{"shape_attributes":{"name":"rect","x":401,"y":254,"width":33,"height":30},"region_attributes":{"Type":"1","count":"2"}},{"shape_attributes":{"name":"rect","x":487,"y":210,"width":21,"height":28},"region_attributes":{"Type":"1","count":"2"}},{"shape_attributes":{"name":"rect","x":514,"y":170,"width":32,"height":21},"region_attributes":{"Type":"1","count":"1"}},{"shape_attributes":{"name":"rect","x":483,"y":270,"width":23,"height":26},"region_attributes":{"Type":"1","count":"1"}},{"shape_attributes":{"name":"rect","x":467,"y":344,"width":32,"height":33},"region_attributes":{"Type":"2","count":"1"}},{"shape_attributes":{"name":"rect","x":524,"y":259,"width":26,"height":30},"region_attributes":{"Type":"1","count":"2"}},{"shape_attributes":{"name":"rect","x":553,"y":196,"width":25,"height":32},"region_attributes":{"Type":"1","count":"3"}},{"shape_attributes":{"name":"rect","x":554,"y":251,"width":17,"height":28},"region_attributes":{"Type":"1","count":"3"}},{"shape_attributes":{"name":"rect","x":576,"y":255,"width":21,"height":28},"region_attributes":{"Type":"1","count":"1"}},{"shape_attributes":{"name":"rect","x":572,"y":282,"width":20,"height":22},"region_attributes":{"Type":"1","count":"12"}},{"shape_attributes":{"name":"rect","x":553,"y":322,"width":16,"height":29},"region_attributes":{"Type":"1","count":"3"}},{"shape_attributes":{"name":"rect","x":550,"y":361,"width":26,"height":12},"region_attributes":{"Type":"2","count":"3"}},{"shape_attributes":{"name":"rect","x":581,"y":339,"width":14,"height":14},"region_attributes":{"Type":"2","count":"3"}},{"shape_attributes":{"name":"rect","x":572,"y":314,"width":27,"height":24},"region_attributes":{"Type":"1","count":"4"}},{"shape_attributes":{"name":"rect","x":609,"y":289,"width":15,"height":23},"region_attributes":{"Type":"1","count":"1"}},{"shape_attributes":{"name":"rect","x":617,"y":232,"width":22,"height":22},"region_attributes":{"Type":"1","count":"1"}},{"shape_attributes":{"name":"rect","x":659,"y":149,"width":37,"height":33},"region_attributes":{"Type":"1","count":"1"}},{"shape_attributes":{"name":"rect","x":684,"y":226,"width":23,"height":25},"region_attributes":{"Type":"1","count":"2"}},{"shape_attributes":{"name":"rect","x":713,"y":217,"width":17,"height":22},"region_attributes":{"Type":"1","count":"3"}},{"shape_attributes":{"name":"rect","x":639,"y":285,"width":17,"height":29},"region_attributes":{"Type":"1","count":"2"}},{"shape_attributes":{"name":"rect","x":662,"y":292,"width":12,"height":14},"region_attributes":{"Type":"1","count":"1"}},{"shape_attributes":{"name":"rect","x":635,"y":353,"width":31,"height":29},"region_attributes":{"Type":"1","count":"1"}},{"shape_attributes":{"name":"rect","x":680,"y":314,"width":20,"height":21},"region_attributes":{"Type":"1","count":"1"}},{"shape_attributes":{"name":"rect","x":688,"y":133,"width":38,"height":27},"region_attributes":{"Type":"1","count":"2"}},{"shape_attributes":{"name":"rect","x":348,"y":435,"width":32,"height":39},"region_attributes":{"Type":"1","count":"1"}}],"file_attributes":{"date":"2020-11-24","temp":"59","rain":"2","neighborhood":"City Center","total_count":""}},"https://drive.google.com/uc?export=view&id=1RX4768ySWOtRKYPoGwOzqaHhrnakaqgz\n":{"filename":"https://drive.google.com/uc?export=view&id=1RX4768ySWOtRKYPoGwOzqaHhrnakaqgz\n","size":-1,"regions":[{"shape_attributes":{"name":"rect","x":128,"y":147,"width":20,"height":25},"region_attributes":{"Type":"1","count":"7"}},{"shape_attributes":{"name":"rect","x":174,"y":110,"width":17,"height":24},"region_attributes":{"Type":"1","count":"1"}},{"shape_attributes":{"name":"rect","x":143,"y":150,"width":30,"height":11},"region_attributes":{"Type":"2","count":"1"}},{"shape_attributes":{"name":"rect","x":129,"y":181,"width":18,"height":25},"region_attributes":{"Type":"1","count":"8"}},{"shape_attributes":{"name":"rect","x":147,"y":177,"width":20,"height":16},"region_attributes":{"Type":"2","count":"1"}},{"shape_attributes":{"name":"rect","x":228,"y":168,"width":31,"height":40},"region_attributes":{"Type":"1","count":"26"}},{"shape_attributes":{"name":"rect","x":264,"y":210,"width":22,"height":27},"region_attributes":{"Type":"1","count":"8"}},{"shape_attributes":{"name":"rect","x":287,"y":213,"width":18,"height":15},"region_attributes":{"Type":"1","count":"1"}},{"shape_attributes":{"name":"rect","x":313,"y":140,"width":9,"height":18},"region_attributes":{"Type":"1","count":"3"}},{"shape_attributes":{"name":"rect","x":209,"y":331,"width":39,"height":35},"region_attributes":{"Type":"1","count":"3"}},{"shape_attributes":{"name":"rect","x":274,"y":246,"width":24,"height":17},"region_attributes":{"Type":"1","count":"3"}},{"shape_attributes":{"name":"rect","x":363,"y":276,"width":24,"height":25},"region_attributes":{"Type":"1","count":"2"}},{"shape_attributes":{"name":"rect","x":402,"y":122,"width":23,"height":26},"region_attributes":{"Type":"1","count":"1"}},{"shape_attributes":{"name":"rect","x":427,"y":129,"width":9,"height":45},"region_attributes":{"Type":"1","count":"3"}},{"shape_attributes":{"name":"rect","x":462,"y":147,"width":28,"height":65},"region_attributes":{"Type":"1","count":"6"}},{"shape_attributes":{"name":"rect","x":467,"y":260,"width":23,"height":23},"region_attributes":{"Type":"1","count":"1"}},{"shape_attributes":{"name":"rect","x":442,"y":332,"width":27,"height":36},"region_attributes":{"Type":"1","count":"1"}},{"shape_attributes":{"name":"rect","x":538,"y":251,"width":22,"height":33},"region_attributes":{"Type":"2","count":"4"}},{"shape_attributes":{"name":"rect","x":565,"y":246,"width":24,"height":31},"region_attributes":{"Type":"2","count":"4"}},{"shape_attributes":{"name":"rect","x":543,"y":282,"width":21,"height":12},"region_attributes":{"Type":"1","count":"4"}},{"shape_attributes":{"name":"rect","x":600,"y":236,"width":18,"height":31},"region_attributes":{"Type":"2","count":"1"}},{"shape_attributes":{"name":"rect","x":540,"y":318,"width":18,"height":10},"region_attributes":{"Type":"1","count":"6"}},{"shape_attributes":{"name":"rect","x":541,"y":335,"width":17,"height":19},"region_attributes":{"Type":"2","count":"3"}},{"shape_attributes":{"name":"rect","x":556,"y":341,"width":13,"height":16},"region_attributes":{"Type":"1","count":"10"}},{"shape_attributes":{"name":"rect","x":573,"y":344,"width":10,"height":14},"region_attributes":{"Type":"2","count":"2"}},{"shape_attributes":{"name":"rect","x":652,"y":303,"width":16,"height":26},"region_attributes":{"Type":"1","count":"1"}},{"shape_attributes":{"name":"rect","x":702,"y":305,"width":14,"height":16},"region_attributes":{"Type":"1","count":"2"}},{"shape_attributes":{"name":"rect","x":631,"y":254,"width":24,"height":27},"region_attributes":{"Type":"2","count":"1"}},{"shape_attributes":{"name":"rect","x":631,"y":281,"width":22,"height":11},"region_attributes":{"Type":"1","count":"3"}},{"shape_attributes":{"name":"rect","x":692,"y":271,"width":21,"height":18},"region_attributes":{"Type":"1","count":"3"}},{"shape_attributes":{"name":"rect","x":591,"y":190,"width":20,"height":17},"region_attributes":{"Type":"1","count":"1"}},{"shape_attributes":{"name":"rect","x":704,"y":179,"width":20,"height":17},"region_attributes":{"Type":"1","count":"1"}},{"shape_attributes":{"name":"rect","x":704,"y":179,"width":20,"height":17},"region_attributes":{"Type":"1","count":"1"}},{"shape_attributes":{"name":"rect","x":704,"y":179,"width":20,"height":17},"region_attributes":{"Type":"1","count":"1"}},{"shape_attributes":{"name":"rect","x":704,"y":179,"width":20,"height":17},"region_attributes":{"Type":"1","count":"1"}},{"shape_attributes":{"name":"rect","x":704,"y":179,"width":20,"height":17},"region_attributes":{"Type":"1","count":"1"}},{"shape_attributes":{"name":"rect","x":657,"y":130,"width":20,"height":17},"region_attributes":{"Type":"1","count":"1"}},{"shape_attributes":{"name":"rect","x":611,"y":177,"width":20,"height":17},"region_attributes":{"Type":"1","count":"1"}},{"shape_attributes":{"name":"rect","x":631,"y":149,"width":20,"height":17},"region_attributes":{"Type":"1","count":"1"}}],"file_attributes":{"date":"2020-12-29","temp":"53","rain":"1","neighborhood":"City Center","total_count":""}}},"_via_attributes":{"region":{"Type":{"type":"dropdown","description":"","options":{"1":"Individual","2":"Structure","3":"Vehicle"},"default_options":{}},"count":{"type":"text","description":"","default_value":""}},"file":{"date":{"type":"text","description":"","default_value":""},"temp":{"type":"text","description":"","default_value":""},"rain":{"type":"dropdown","description":"","options":{"1":"rain","2":"clear"},"default_options":{"2":true}},"neighborhood":{"type":"text","description":"","default_value":"City Center"},"total_count":{"type":"text","description":"","default_value":""}}},"_via_data_format_version":"2.0.10","_via_image_id_list":["https://drive.google.com/uc?export=view&id=1VQoYwiKybUFrwUwpZoCyl4aWLGMquMu0\n","https://drive.google.com/uc?export=view&id=1vahe3W6EHX2oIWsVxup8J6xzZ_g3qHlj\n","https://drive.google.com/uc?export=view&id=1rhdIPN_lp8T-TpTY47zR6uUOsgBwpqKr\n","https://drive.google.com/uc?export=view&id=1NjWQ9Eb0LGKdJhRg91r_7bcgEiTefBQv\n","https://drive.google.com/uc?export=view&id=1pS89hc01A9ig48s-30kbMVxxv6BwjdDI\n","https://drive.google.com/uc?export=view&id=1irFT6-ILEpGxt3p2HY_3szZnhn7EajD9\n","https://drive.google.com/uc?export=view&id=17y76zB0DgP5JZcDxELmh7w4G7kFvzTCT\n","https://drive.google.com/uc?export=view&id=1pei5OsQgZLURJJrujrOGnChYRMV9tiKr\n","https://drive.google.com/uc?export=view&id=1vGwRRJSL7D08wUlDlWuVlI0Ws1gob5t1\n","https://drive.google.com/uc?export=view&id=1uCPpe66iuKJOD8QG8PVm7YNvuss4iXE5\n","https://drive.google.com/uc?export=view&id=1c0o6ijZ5NBnwvenETHcVlxvEcFn9dRze\n","https://drive.google.com/uc?export=view&id=1RX4768ySWOtRKYPoGwOzqaHhrnakaqgz\n"]}