{"_via_settings":{"ui":{"annotation_editor_height":25,"annotation_editor_fontsize":0.8,"leftsidebar_width":18,"image_grid":{"img_height":80,"rshape_fill":"none","rshape_fill_opacity":0.3,"rshape_stroke":"yellow","rshape_stroke_width":2,"show_region_shape":true,"show_image_policy":"all"},"image":{"region_label":"__via_region_id__","region_color":"__via_default_region_color__","region_label_font":"10px Sans","on_image_annotation_editor_placement":"NEAR_REGION"}},"core":{"buffer_size":18,"filepath":{},"default_filepath":""},"project":{"name":"Gaslamp_2021_count"}},"_via_img_metadata":{"https://drive.google.com/uc?export=view&id=1uQkdtmroSHdZTPtTU3ZJBWCht5as0Jvg\n":{"filename":"https://drive.google.com/uc?export=view&id=1uQkdtmroSHdZTPtTU3ZJBWCht5as0Jvg\n","size":-1,"regions":[{"shape_attributes":{"name":"circle","cx":541,"cy":78,"r":10},"region_attributes":{"Type":"1","count":"1"}},{"shape_attributes":{"name":"circle","cx":511,"cy":88,"r":10},"region_attributes":{"Type":"1","count":"2"}},{"shape_attributes":{"name":"circle","cx":512,"cy":106,"r":10},"region_attributes":{"Type":"1","count":"1"}},{"shape_attributes":{"name":"circle","cx":601,"cy":93,"r":10},"region_attributes":{"Type":"1","count":"1"}},{"shape_attributes":{"name":"circle","cx":655,"cy":185,"r":11.543},"region_attributes":{"Type":"2","count":"1"}},{"shape_attributes":{"name":"circle","cx":508,"cy":132,"r":10},"region_attributes":{"Type":"1","count":"1"}},{"shape_attributes":{"name":"circle","cx":566,"cy":150,"r":10},"region_attributes":{"Type":"1","count":"1"}},{"shape_attributes":{"name":"circle","cx":603,"cy":200,"r":10},"region_attributes":{"Type":"1","count":"2"}},{"shape_attributes":{"name":"circle","cx":657,"cy":199,"r":10},"region_attributes":{"Type":"1","count":"4"}},{"shape_attributes":{"name":"circle","cx":512,"cy":183,"r":10},"region_attributes":{"Type":"1","count":"2"}},{"shape_attributes":{"name":"circle","cx":512,"cy":210,"r":10},"region_attributes":{"Type":"1","count":"2"}},{"shape_attributes":{"name":"circle","cx":509,"cy":248,"r":10},"region_attributes":{"Type":"1","count":"3"}},{"shape_attributes":{"name":"circle","cx":617,"cy":265,"r":10},"region_attributes":{"Type":"1","count":"1"}},{"shape_attributes":{"name":"circle","cx":643,"cy":264,"r":10},"region_attributes":{"Type":"1","count":"1"}},{"shape_attributes":{"name":"circle","cx":567,"cy":300,"r":10},"region_attributes":{"Type":"1","count":"2"}},{"shape_attributes":{"name":"circle","cx":508,"cy":347,"r":10},"region_attributes":{"Type":"1","count":"1"}},{"shape_attributes":{"name":"circle","cx":534,"cy":368,"r":10},"region_attributes":{"Type":"1","count":"1"}},{"shape_attributes":{"name":"circle","cx":635,"cy":444,"r":10},"region_attributes":{"Type":"1","count":"2"}},{"shape_attributes":{"name":"circle","cx":598,"cy":463,"r":10},"region_attributes":{"Type":"1","count":"1"}}],"file_attributes":{"date":"2021-01-28","temp":"46","rain":"2","neighborhood":"Gaslamp","total_count":""}},"https://drive.google.com/uc?export=view&id=1gCgXkpmcZKqOnJTwMip_LTcRhY5Gd52I\n":{"filename":"https://drive.google.com/uc?export=view&id=1gCgXkpmcZKqOnJTwMip_LTcRhY5Gd52I\n","size":-1,"regions":[{"shape_attributes":{"name":"circle","cx":490,"cy":56,"r":10},"region_attributes":{"Type":"1","count":"1"}},{"shape_attributes":{"name":"circle","cx":514,"cy":56,"r":8.078},"region_attributes":{"Type":"1","count":"1"}},{"shape_attributes":{"name":"circle","cx":490,"cy":87,"r":10},"region_attributes":{"Type":"1","count":"3"}},{"shape_attributes":{"name":"circle","cx":509,"cy":85,"r":10},"region_attributes":{"Type":"1","count":"1"}},{"shape_attributes":{"name":"circle","cx":603,"cy":87,"r":10},"region_attributes":{"Type":"1","count":"1"}},{"shape_attributes":{"name":"circle","cx":546,"cy":175,"r":10},"region_attributes":{"Type":"1","count":"1"}},{"shape_attributes":{"name":"circle","cx":582,"cy":162,"r":10},"region_attributes":{"Type":"1","count":"1"}},{"shape_attributes":{"name":"circle","cx":613,"cy":159,"r":10},"region_attributes":{"Type":"1","count":"1"}},{"shape_attributes":{"name":"circle","cx":581,"cy":179,"r":10},"region_attributes":{"Type":"1","count":"3"}},{"shape_attributes":{"name":"circle","cx":591,"cy":188,"r":10},"region_attributes":{"Type":"1","count":"2"}},{"shape_attributes":{"name":"circle","cx":632,"cy":176,"r":10},"region_attributes":{"Type":"1","count":"3"}},{"shape_attributes":{"name":"circle","cx":489,"cy":223,"r":10},"region_attributes":{"Type":"1","count":"2"}},{"shape_attributes":{"name":"circle","cx":580,"cy":215,"r":10},"region_attributes":{"Type":"1","count":"1"}},{"shape_attributes":{"name":"circle","cx":623,"cy":239,"r":10},"region_attributes":{"Type":"2","count":"1"}},{"shape_attributes":{"name":"circle","cx":587,"cy":293,"r":10},"region_attributes":{"Type":"1","count":"1"}},{"shape_attributes":{"name":"circle","cx":488,"cy":333,"r":10},"region_attributes":{"Type":"1","count":"1"}},{"shape_attributes":{"name":"circle","cx":628,"cy":318,"r":10},"region_attributes":{"Type":"1","count":"1"}},{"shape_attributes":{"name":"circle","cx":620,"cy":422,"r":10},"region_attributes":{"Type":"1","count":"1"}},{"shape_attributes":{"name":"circle","cx":580,"cy":439,"r":10},"region_attributes":{"Type":"1","count":"2"}},{"shape_attributes":{"name":"circle","cx":500,"cy":483,"r":10},"region_attributes":{"Type":"1","count":"2"}},{"shape_attributes":{"name":"circle","cx":611,"cy":482,"r":10},"region_attributes":{"Type":"1","count":"1"}}],"file_attributes":{"date":"2021-02-25","temp":"54","rain":"2","neighborhood":"Gaslamp","total_count":""}},"https://drive.google.com/uc?export=view&id=1QfQ8p4FrKDI0W5Rm-zby5YG2RyCAZGEl\n":{"filename":"https://drive.google.com/uc?export=view&id=1QfQ8p4FrKDI0W5Rm-zby5YG2RyCAZGEl\n","size":-1,"regions":[{"shape_attributes":{"name":"circle","cx":499,"cy":91,"r":10},"region_attributes":{"Type":"1","count":"3"}},{"shape_attributes":{"name":"circle","cx":616,"cy":77,"r":10},"region_attributes":{"Type":"1","count":"1"}},{"shape_attributes":{"name":"circle","cx":501,"cy":144,"r":10},"region_attributes":{"Type":"1","count":"2"}},{"shape_attributes":{"name":"circle","cx":501,"cy":192,"r":10},"region_attributes":{"Type":"1","count":"5"}},{"shape_attributes":{"name":"circle","cx":633,"cy":176,"r":10},"region_attributes":{"Type":"1","count":"1"}},{"shape_attributes":{"name":"circle","cx":646,"cy":189,"r":10},"region_attributes":{"Type":"1","count":"1"}},{"shape_attributes":{"name":"circle","cx":500,"cy":238,"r":10},"region_attributes":{"Type":"1","count":"1"}},{"shape_attributes":{"name":"circle","cx":590,"cy":242,"r":10},"region_attributes":{"Type":"1","count":"1"}},{"shape_attributes":{"name":"circle","cx":642,"cy":232,"r":10},"region_attributes":{"Type":"2","count":"2"}},{"shape_attributes":{"name":"circle","cx":644,"cy":243,"r":10},"region_attributes":{"Type":"1","count":"3"}},{"shape_attributes":{"name":"circle","cx":641,"cy":259,"r":10},"region_attributes":{"Type":"1","count":"1"}},{"shape_attributes":{"name":"circle","cx":592,"cy":286,"r":10},"region_attributes":{"Type":"1","count":"1"}},{"shape_attributes":{"name":"circle","cx":592,"cy":306,"r":10},"region_attributes":{"Type":"1","count":"1"}},{"shape_attributes":{"name":"circle","cx":553,"cy":336,"r":10},"region_attributes":{"Type":"1","count":"1"}},{"shape_attributes":{"name":"circle","cx":619,"cy":383,"r":10},"region_attributes":{"Type":"1","count":"1"}},{"shape_attributes":{"name":"circle","cx":556,"cy":395,"r":10},"region_attributes":{"Type":"1","count":"1"}},{"shape_attributes":{"name":"circle","cx":591,"cy":457,"r":10},"region_attributes":{"Type":"1","count":"2"}},{"shape_attributes":{"name":"circle","cx":654,"cy":515,"r":10},"region_attributes":{"Type":"1","count":"2"}}],"file_attributes":{"date":"2021-03-25","temp":"52","rain":"2","neighborhood":"Gaslamp","total_count":""}},"https://drive.google.com/uc?export=view&id=1n_b46dGH00uE2lurBlBuWnp-nQBAKMke\n":{"filename":"https://drive.google.com/uc?export=view&id=1n_b46dGH00uE2lurBlBuWnp-nQBAKMke\n","size":-1,"regions":[{"shape_attributes":{"name":"circle","cx":498,"cy":93,"r":10},"region_attributes":{"Type":"1","count":"1"}},{"shape_attributes":{"name":"circle","cx":526,"cy":85,"r":10},"region_attributes":{"Type":"1","count":"1"}},{"shape_attributes":{"name":"circle","cx":619,"cy":84,"r":10},"region_attributes":{"Type":"1","count":"1"}},{"shape_attributes":{"name":"circle","cx":497,"cy":147,"r":10},"region_attributes":{"Type":"1","count":"1"}},{"shape_attributes":{"name":"circle","cx":644,"cy":146,"r":10},"region_attributes":{"Type":"1","count":"1"}},{"shape_attributes":{"name":"circle","cx":616,"cy":165,"r":10},"region_attributes":{"Type":"1","count":"1"}},{"shape_attributes":{"name":"circle","cx":525,"cy":186,"r":10},"region_attributes":{"Type":"1","count":"1"}},{"shape_attributes":{"name":"circle","cx":498,"cy":189,"r":10},"region_attributes":{"Type":"1","count":"1"}},{"shape_attributes":{"name":"circle","cx":498,"cy":211,"r":10},"region_attributes":{"Type":"1","count":"1"}},{"shape_attributes":{"name":"circle","cx":552,"cy":210,"r":10},"region_attributes":{"Type":"1","count":"2"}},{"shape_attributes":{"name":"circle","cx":641,"cy":190,"r":10},"region_attributes":{"Type":"2","count":"1"}},{"shape_attributes":{"name":"circle","cx":641,"cy":205,"r":10},"region_attributes":{"Type":"1","count":"3"}},{"shape_attributes":{"name":"circle","cx":499,"cy":244,"r":10},"region_attributes":{"Type":"1","count":"1"}},{"shape_attributes":{"name":"circle","cx":549,"cy":261,"r":10},"region_attributes":{"Type":"1","count":"2"}},{"shape_attributes":{"name":"circle","cx":588,"cy":265,"r":10},"region_attributes":{"Type":"1","count":"2"}},{"shape_attributes":{"name":"circle","cx":549,"cy":296,"r":10},"region_attributes":{"Type":"1","count":"2"}},{"shape_attributes":{"name":"circle","cx":463,"cy":301,"r":10},"region_attributes":{"Type":"1","count":"1"}},{"shape_attributes":{"name":"circle","cx":590,"cy":468,"r":10},"region_attributes":{"Type":"1","count":"5"}}],"file_attributes":{"date":"2021-04-29","temp":"61","rain":"2","neighborhood":"Gaslamp","total_count":""}},"https://drive.google.com/uc?export=view&id=1dpJLb1rFTBH0cW9NT-pdWM1vG-hAwKZw\n":{"filename":"https://drive.google.com/uc?export=view&id=1dpJLb1rFTBH0cW9NT-pdWM1vG-hAwKZw\n","size":-1,"regions":[{"shape_attributes":{"name":"circle","cx":526,"cy":89,"r":10},"region_attributes":{"Type":"1","count":"1"}},{"shape_attributes":{"name":"circle","cx":552,"cy":98,"r":10},"region_attributes":{"Type":"1","count":"2"}},{"shape_attributes":{"name":"circle","cx":500,"cy":117,"r":10},"region_attributes":{"Type":"1","count":"2"}},{"shape_attributes":{"name":"circle","cx":589,"cy":102,"r":10},"region_attributes":{"Type":"1","count":"3"}},{"shape_attributes":{"name":"circle","cx":550,"cy":144,"r":10},"region_attributes":{"Type":"1","count":"3"}},{"shape_attributes":{"name":"circle","cx":639,"cy":146,"r":10},"region_attributes":{"Type":"1","count":"2"}},{"shape_attributes":{"name":"circle","cx":635,"cy":206,"r":10},"region_attributes":{"Type":"1","count":"4"}},{"shape_attributes":{"name":"circle","cx":496,"cy":255,"r":10},"region_attributes":{"Type":"1","count":"1"}},{"shape_attributes":{"name":"circle","cx":586,"cy":255,"r":10},"region_attributes":{"Type":"1","count":"1"}},{"shape_attributes":{"name":"circle","cx":459,"cy":307,"r":10},"region_attributes":{"Type":"1","count":"1"}},{"shape_attributes":{"name":"circle","cx":547,"cy":297,"r":10},"region_attributes":{"Type":"1","count":"2"}},{"shape_attributes":{"name":"circle","cx":498,"cy":311,"r":10},"region_attributes":{"Type":"1","count":"4"}},{"shape_attributes":{"name":"circle","cx":496,"cy":356,"r":10},"region_attributes":{"Type":"1","count":"1"}},{"shape_attributes":{"name":"circle","cx":586,"cy":397,"r":10},"region_attributes":{"Type":"1","count":"1"}},{"shape_attributes":{"name":"circle","cx":521,"cy":423,"r":10},"region_attributes":{"Type":"1","count":"1"}},{"shape_attributes":{"name":"circle","cx":613,"cy":448,"r":10},"region_attributes":{"Type":"1","count":"4"}},{"shape_attributes":{"name":"circle","cx":585,"cy":476,"r":10},"region_attributes":{"Type":"1","count":"1"}},{"shape_attributes":{"name":"circle","cx":635,"cy":519,"r":10},"region_attributes":{"Type":"1","count":"1"}}],"file_attributes":{"date":"2021-05-27","temp":"59","rain":"2","neighborhood":"Gaslamp","total_count":""}},"https://drive.google.com/uc?export=view&id=1u-IZoO7Fh9T44WaBfWo6OMZ3wkO7wXTH\n":{"filename":"https://drive.google.com/uc?export=view&id=1u-IZoO7Fh9T44WaBfWo6OMZ3wkO7wXTH\n","size":-1,"regions":[{"shape_attributes":{"name":"circle","cx":501,"cy":104,"r":10},"region_attributes":{"Type":"1","count":"1"}},{"shape_attributes":{"name":"circle","cx":591,"cy":85,"r":10},"region_attributes":{"Type":"1","count":"1"}},{"shape_attributes":{"name":"circle","cx":613,"cy":79,"r":11.597},"region_attributes":{"Type":"1","count":"1"}},{"shape_attributes":{"name":"circle","cx":624,"cy":78,"r":10},"region_attributes":{"Type":"1","count":"1"}},{"shape_attributes":{"name":"circle","cx":554,"cy":103,"r":10},"region_attributes":{"Type":"1","count":"1"}},{"shape_attributes":{"name":"circle","cx":524,"cy":127,"r":10},"region_attributes":{"Type":"1","count":"1"}},{"shape_attributes":{"name":"circle","cx":538,"cy":155,"r":10},"region_attributes":{"Type":"1","count":"2"}},{"shape_attributes":{"name":"circle","cx":590,"cy":135,"r":10},"region_attributes":{"Type":"1","count":"2"}},{"shape_attributes":{"name":"circle","cx":592,"cy":150,"r":10},"region_attributes":{"Type":"1","count":"1"}},{"shape_attributes":{"name":"circle","cx":646,"cy":138,"r":10},"region_attributes":{"Type":"1","count":"2"}},{"shape_attributes":{"name":"circle","cx":500,"cy":191,"r":10},"region_attributes":{"Type":"1","count":"1"}},{"shape_attributes":{"name":"circle","cx":554,"cy":186,"r":10},"region_attributes":{"Type":"1","count":"2"}},{"shape_attributes":{"name":"circle","cx":631,"cy":179,"r":10},"region_attributes":{"Type":"1","count":"1"}},{"shape_attributes":{"name":"circle","cx":643,"cy":179,"r":10},"region_attributes":{"Type":"1","count":"4"}},{"shape_attributes":{"name":"circle","cx":646,"cy":205,"r":10},"region_attributes":{"Type":"1","count":"1"}},{"shape_attributes":{"name":"circle","cx":499,"cy":229,"r":8.732},"region_attributes":{"Type":"1","count":"1"}},{"shape_attributes":{"name":"circle","cx":502,"cy":240,"r":10},"region_attributes":{"Type":"1","count":"8"}},{"shape_attributes":{"name":"circle","cx":589,"cy":246,"r":10},"region_attributes":{"Type":"1","count":"1"}},{"shape_attributes":{"name":"circle","cx":590,"cy":299,"r":10},"region_attributes":{"Type":"1","count":"1"}},{"shape_attributes":{"name":"circle","cx":533,"cy":360,"r":10},"region_attributes":{"Type":"1","count":"1"}},{"shape_attributes":{"name":"circle","cx":592,"cy":352,"r":10},"region_attributes":{"Type":"1","count":"1"}},{"shape_attributes":{"name":"circle","cx":644,"cy":386,"r":10},"region_attributes":{"Type":"1","count":"1"}},{"shape_attributes":{"name":"circle","cx":645,"cy":405,"r":10},"region_attributes":{"Type":"1","count":"1"}},{"shape_attributes":{"name":"circle","cx":553,"cy":446,"r":10},"region_attributes":{"Type":"1","count":"2"}},{"shape_attributes":{"name":"circle","cx":595,"cy":448,"r":10},"region_attributes":{"Type":"1","count":"2"}},{"shape_attributes":{"name":"circle","cx":605,"cy":431,"r":10},"region_attributes":{"Type":"1","count":"1"}},{"shape_attributes":{"name":"circle","cx":622,"cy":431,"r":10},"region_attributes":{"Type":"1","count":"1"}},{"shape_attributes":{"name":"circle","cx":607,"cy":519,"r":10},"region_attributes":{"Type":"1","count":"1"}}],"file_attributes":{"date":"2021-06-24","temp":"","rain":"2","neighborhood":"Gaslamp","total_count":""}},"https://drive.google.com/uc?export=view&id=1rZLlHmWHuiKcDJDigjen79lEJpKGNkDU\n":{"filename":"https://drive.google.com/uc?export=view&id=1rZLlHmWHuiKcDJDigjen79lEJpKGNkDU\n","size":-1,"regions":[{"shape_attributes":{"name":"circle","cx":500,"cy":70,"r":10},"region_attributes":{"Type":"1","count":"2"}},{"shape_attributes":{"name":"circle","cx":497,"cy":93,"r":10},"region_attributes":{"Type":"1","count":"1"}},{"shape_attributes":{"name":"circle","cx":625,"cy":69,"r":10},"region_attributes":{"Type":"1","count":"1"}},{"shape_attributes":{"name":"circle","cx":524,"cy":123,"r":10},"region_attributes":{"Type":"1","count":"1"}},{"shape_attributes":{"name":"circle","cx":552,"cy":142,"r":10},"region_attributes":{"Type":"1","count":"2"}},{"shape_attributes":{"name":"circle","cx":497,"cy":184,"r":10},"region_attributes":{"Type":"1","count":"1"}},{"shape_attributes":{"name":"circle","cx":498,"cy":201,"r":10},"region_attributes":{"Type":"1","count":"1"}},{"shape_attributes":{"name":"circle","cx":555,"cy":187,"r":10},"region_attributes":{"Type":"1","count":"1"}},{"shape_attributes":{"name":"circle","cx":588,"cy":245,"r":10},"region_attributes":{"Type":"1","count":"1"}},{"shape_attributes":{"name":"circle","cx":498,"cy":243,"r":10},"region_attributes":{"Type":"1","count":"1"}},{"shape_attributes":{"name":"circle","cx":499,"cy":301,"r":10},"region_attributes":{"Type":"1","count":"1"}},{"shape_attributes":{"name":"circle","cx":535,"cy":308,"r":10},"region_attributes":{"Type":"1","count":"1"}},{"shape_attributes":{"name":"circle","cx":496,"cy":352,"r":10},"region_attributes":{"Type":"1","count":"1"}},{"shape_attributes":{"name":"circle","cx":552,"cy":350,"r":10},"region_attributes":{"Type":"1","count":"1"}},{"shape_attributes":{"name":"circle","cx":553,"cy":399,"r":10},"region_attributes":{"Type":"1","count":"1"}},{"shape_attributes":{"name":"circle","cx":529,"cy":416,"r":10},"region_attributes":{"Type":"1","count":"1"}},{"shape_attributes":{"name":"circle","cx":524,"cy":439,"r":10},"region_attributes":{"Type":"1","count":"1"}},{"shape_attributes":{"name":"circle","cx":591,"cy":453,"r":10},"region_attributes":{"Type":"1","count":"2"}}],"file_attributes":{"date":"2021-07-30","temp":"66","rain":"2","neighborhood":"Gaslamp","total_count":""}},"https://drive.google.com/uc?export=view&id=1hhqQIe9jAhNzvukVUqeGwXjXbljVYr-Y\n":{"filename":"https://drive.google.com/uc?export=view&id=1hhqQIe9jAhNzvukVUqeGwXjXbljVYr-Y\n","size":-1,"regions":[{"shape_attributes":{"name":"circle","cx":548,"cy":42,"r":10},"region_attributes":{"Type":"1","count":"1"}},{"shape_attributes":{"name":"circle","cx":513,"cy":61,"r":10},"region_attributes":{"Type":"1","count":"2"}},{"shape_attributes":{"name":"circle","cx":644,"cy":44,"r":10},"region_attributes":{"Type":"1","count":"3"}},{"shape_attributes":{"name":"circle","cx":616,"cy":76,"r":10},"region_attributes":{"Type":"1","count":"1"}},{"shape_attributes":{"name":"circle","cx":569,"cy":123,"r":10},"region_attributes":{"Type":"1","count":"1"}},{"shape_attributes":{"name":"circle","cx":608,"cy":121,"r":10},"region_attributes":{"Type":"1","count":"1"}},{"shape_attributes":{"name":"circle","cx":512,"cy":184,"r":10},"region_attributes":{"Type":"1","count":"5"}},{"shape_attributes":{"name":"circle","cx":569,"cy":173,"r":10},"region_attributes":{"Type":"1","count":"5"}},{"shape_attributes":{"name":"circle","cx":611,"cy":173,"r":10},"region_attributes":{"Type":"1","count":"2"}},{"shape_attributes":{"name":"circle","cx":568,"cy":269,"r":10},"region_attributes":{"Type":"1","count":"1"}},{"shape_attributes":{"name":"circle","cx":471,"cy":269,"r":10},"region_attributes":{"Type":"1","count":"1"}},{"shape_attributes":{"name":"circle","cx":538,"cy":358,"r":10},"region_attributes":{"Type":"1","count":"1"}},{"shape_attributes":{"name":"circle","cx":567,"cy":458,"r":10},"region_attributes":{"Type":"1","count":"1"}},{"shape_attributes":{"name":"circle","cx":641,"cy":437,"r":10},"region_attributes":{"Type":"1","count":"1"}},{"shape_attributes":{"name":"circle","cx":609,"cy":454,"r":10},"region_attributes":{"Type":"1","count":"3"}},{"shape_attributes":{"name":"circle","cx":668,"cy":455,"r":10},"region_attributes":{"Type":"1","count":"1"}},{"shape_attributes":{"name":"circle","cx":645,"cy":500,"r":10},"region_attributes":{"Type":"1","count":"1"}}],"file_attributes":{"date":"2021-08-27","temp":"70","rain":"2","neighborhood":"Gaslamp","total_count":""}},"https://drive.google.com/uc?export=view&id=1HpDf6AGMNmolh-xsWlIfYoTMHFHtmqoq\n":{"filename":"https://drive.google.com/uc?export=view&id=1HpDf6AGMNmolh-xsWlIfYoTMHFHtmqoq\n","size":-1,"regions":[{"shape_attributes":{"name":"circle","cx":501,"cy":82,"r":10},"region_attributes":{"Type":"1","count":"3"}},{"shape_attributes":{"name":"circle","cx":556,"cy":89,"r":10},"region_attributes":{"Type":"1","count":"2"}},{"shape_attributes":{"name":"circle","cx":616,"cy":62,"r":10},"region_attributes":{"Type":"1","count":"8"}},{"shape_attributes":{"name":"circle","cx":648,"cy":70,"r":10},"region_attributes":{"Type":"1","count":"1"}},{"shape_attributes":{"name":"circle","cx":649,"cy":89,"r":10},"region_attributes":{"Type":"1","count":"1"}},{"shape_attributes":{"name":"circle","cx":526,"cy":114,"r":10},"region_attributes":{"Type":"1","count":"2"}},{"shape_attributes":{"name":"circle","cx":646,"cy":135,"r":10},"region_attributes":{"Type":"1","count":"3"}},{"shape_attributes":{"name":"circle","cx":530,"cy":165,"r":10},"region_attributes":{"Type":"1","count":"1"}},{"shape_attributes":{"name":"circle","cx":557,"cy":179,"r":10},"region_attributes":{"Type":"1","count":"1"}},{"shape_attributes":{"name":"circle","cx":601,"cy":166,"r":10},"region_attributes":{"Type":"1","count":"1"}},{"shape_attributes":{"name":"circle","cx":649,"cy":176,"r":10},"region_attributes":{"Type":"1","count":"5"}},{"shape_attributes":{"name":"circle","cx":498,"cy":243,"r":10},"region_attributes":{"Type":"1","count":"1"}},{"shape_attributes":{"name":"circle","cx":620,"cy":220,"r":10},"region_attributes":{"Type":"2","count":"1"}},{"shape_attributes":{"name":"circle","cx":645,"cy":218,"r":10},"region_attributes":{"Type":"1","count":"1"}},{"shape_attributes":{"name":"circle","cx":593,"cy":243,"r":10},"region_attributes":{"Type":"1","count":"1"}},{"shape_attributes":{"name":"circle","cx":592,"cy":287,"r":10},"region_attributes":{"Type":"1","count":"3"}},{"shape_attributes":{"name":"circle","cx":623,"cy":324,"r":10},"region_attributes":{"Type":"1","count":"1"}},{"shape_attributes":{"name":"circle","cx":621,"cy":376,"r":10},"region_attributes":{"Type":"1","count":"1"}},{"shape_attributes":{"name":"circle","cx":554,"cy":442,"r":10},"region_attributes":{"Type":"1","count":"2"}},{"shape_attributes":{"name":"circle","cx":591,"cy":442,"r":8.515},"region_attributes":{"Type":"1","count":"2"}},{"shape_attributes":{"name":"circle","cx":633,"cy":455,"r":10},"region_attributes":{"Type":"1","count":"1"}},{"shape_attributes":{"name":"circle","cx":636,"cy":487,"r":10},"region_attributes":{"Type":"1","count":"1"}}],"file_attributes":{"date":"2021-09-30","temp":"66","rain":"2","neighborhood":"Gaslamp","total_count":""}},"https://drive.google.com/uc?export=view&id=12dDviqfg_Hmtj1VgNpsV3KzAgMF2o-yX\n":{"filename":"https://drive.google.com/uc?export=view&id=12dDviqfg_Hmtj1VgNpsV3KzAgMF2o-yX\n","size":-1,"regions":[{"shape_attributes":{"name":"circle","cx":468,"cy":43,"r":10},"region_attributes":{"Type":"1","count":"5"}},{"shape_attributes":{"name":"circle","cx":516,"cy":42,"r":10},"region_attributes":{"Type":"1","count":"5"}},{"shape_attributes":{"name":"circle","cx":556,"cy":40,"r":10},"region_attributes":{"Type":"1","count":"2"}},{"shape_attributes":{"name":"circle","cx":581,"cy":28,"r":10},"region_attributes":{"Type":"1","count":"3"}},{"shape_attributes":{"name":"circle","cx":613,"cy":41,"r":10},"region_attributes":{"Type":"1","count":"2"}},{"shape_attributes":{"name":"circle","cx":569,"cy":57,"r":10},"region_attributes":{"Type":"1","count":"1"}},{"shape_attributes":{"name":"circle","cx":593,"cy":56,"r":10},"region_attributes":{"Type":"1","count":"1"}},{"shape_attributes":{"name":"circle","cx":463,"cy":93,"r":10},"region_attributes":{"Type":"1","count":"1"}},{"shape_attributes":{"name":"circle","cx":520,"cy":93,"r":10},"region_attributes":{"Type":"1","count":"1"}},{"shape_attributes":{"name":"circle","cx":556,"cy":93,"r":10},"region_attributes":{"Type":"1","count":"2"}},{"shape_attributes":{"name":"circle","cx":613,"cy":94,"r":10},"region_attributes":{"Type":"1","count":"1"}},{"shape_attributes":{"name":"circle","cx":519,"cy":145,"r":10},"region_attributes":{"Type":"1","count":"3"}},{"shape_attributes":{"name":"circle","cx":483,"cy":162,"r":10},"region_attributes":{"Type":"1","count":"1"}},{"shape_attributes":{"name":"circle","cx":607,"cy":139,"r":10},"region_attributes":{"Type":"2","count":"1"}},{"shape_attributes":{"name":"circle","cx":609,"cy":155,"r":10},"region_attributes":{"Type":"1","count":"6"}},{"shape_attributes":{"name":"circle","cx":463,"cy":196,"r":10},"region_attributes":{"Type":"1","count":"1"}},{"shape_attributes":{"name":"circle","cx":482,"cy":212,"r":10},"region_attributes":{"Type":"1","count":"1"}},{"shape_attributes":{"name":"circle","cx":580,"cy":184,"r":10},"region_attributes":{"Type":"1","count":"1"}},{"shape_attributes":{"name":"circle","cx":583,"cy":212,"r":10},"region_attributes":{"Type":"1","count":"2"}},{"shape_attributes":{"name":"circle","cx":466,"cy":255,"r":10},"region_attributes":{"Type":"1","count":"2"}},{"shape_attributes":{"name":"circle","cx":519,"cy":254,"r":10},"region_attributes":{"Type":"1","count":"1"}},{"shape_attributes":{"name":"circle","cx":583,"cy":265,"r":10},"region_attributes":{"Type":"1","count":"3"}},{"shape_attributes":{"name":"circle","cx":494,"cy":341,"r":10},"region_attributes":{"Type":"1","count":"1"}},{"shape_attributes":{"name":"circle","cx":520,"cy":359,"r":10},"region_attributes":{"Type":"1","count":"1"}},{"shape_attributes":{"name":"circle","cx":554,"cy":410,"r":10},"region_attributes":{"Type":"1","count":"1"}},{"shape_attributes":{"name":"circle","cx":609,"cy":395,"r":10},"region_attributes":{"Type":"1","count":"1"}}],"file_attributes":{"date":"2021-10-28","temp":"61","rain":"2","neighborhood":"Gaslamp","total_count":""}},"https://drive.google.com/uc?export=view&id=1JW88g_0-OVKaqrn6lZr1p46BEYMRQ5Jm\n":{"filename":"https://drive.google.com/uc?export=view&id=1JW88g_0-OVKaqrn6lZr1p46BEYMRQ5Jm\n","size":-1,"regions":[{"shape_attributes":{"name":"circle","cx":544,"cy":37,"r":10},"region_attributes":{"Type":"1","count":"2"}},{"shape_attributes":{"name":"circle","cx":516,"cy":55,"r":10},"region_attributes":{"Type":"1","count":"1"}},{"shape_attributes":{"name":"circle","cx":544,"cy":65,"r":10},"region_attributes":{"Type":"1","count":"1"}},{"shape_attributes":{"name":"circle","cx":660,"cy":38,"r":8.139},"region_attributes":{"Type":"1","count":"2"}},{"shape_attributes":{"name":"circle","cx":671,"cy":34,"r":10},"region_attributes":{"Type":"2","count":"2"}},{"shape_attributes":{"name":"circle","cx":513,"cy":104,"r":10},"region_attributes":{"Type":"2","count":"1"}},{"shape_attributes":{"name":"circle","cx":545,"cy":90,"r":10},"region_attributes":{"Type":"1","count":"1"}},{"shape_attributes":{"name":"circle","cx":515,"cy":119,"r":10},"region_attributes":{"Type":"1","count":"1"}},{"shape_attributes":{"name":"circle","cx":644,"cy":90,"r":10},"region_attributes":{"Type":"1","count":"2"}},{"shape_attributes":{"name":"circle","cx":615,"cy":105,"r":10},"region_attributes":{"Type":"1","count":"1"}},{"shape_attributes":{"name":"circle","cx":515,"cy":149,"r":10},"region_attributes":{"Type":"1","count":"2"}},{"shape_attributes":{"name":"circle","cx":574,"cy":149,"r":10},"region_attributes":{"Type":"1","count":"1"}},{"shape_attributes":{"name":"circle","cx":514,"cy":169,"r":8.86},"region_attributes":{"Type":"1","count":"1"}},{"shape_attributes":{"name":"circle","cx":549,"cy":176,"r":10},"region_attributes":{"Type":"1","count":"2"}},{"shape_attributes":{"name":"circle","cx":573,"cy":171,"r":10},"region_attributes":{"Type":"1","count":"1"}},{"shape_attributes":{"name":"circle","cx":671,"cy":160,"r":10},"region_attributes":{"Type":"1","count":"5"}},{"shape_attributes":{"name":"circle","cx":573,"cy":210,"r":11.102},"region_attributes":{"Type":"1","count":"1"}},{"shape_attributes":{"name":"circle","cx":574,"cy":224,"r":10},"region_attributes":{"Type":"1","count":"1"}},{"shape_attributes":{"name":"circle","cx":649,"cy":199,"r":10},"region_attributes":{"Type":"1","count":"2"}},{"shape_attributes":{"name":"circle","cx":635,"cy":232,"r":10},"region_attributes":{"Type":"1","count":"2"}},{"shape_attributes":{"name":"circle","cx":511,"cy":278,"r":10},"region_attributes":{"Type":"1","count":"1"}},{"shape_attributes":{"name":"circle","cx":571,"cy":277,"r":10},"region_attributes":{"Type":"1","count":"1"}},{"shape_attributes":{"name":"circle","cx":612,"cy":277,"r":10},"region_attributes":{"Type":"1","count":"2"}},{"shape_attributes":{"name":"circle","cx":672,"cy":275,"r":10},"region_attributes":{"Type":"1","count":"1"}},{"shape_attributes":{"name":"circle","cx":547,"cy":368,"r":10},"region_attributes":{"Type":"1","count":"1"}},{"shape_attributes":{"name":"circle","cx":570,"cy":385,"r":10},"region_attributes":{"Type":"1","count":"1"}},{"shape_attributes":{"name":"circle","cx":612,"cy":440,"r":10},"region_attributes":{"Type":"1","count":"3"}},{"shape_attributes":{"name":"circle","cx":655,"cy":488,"r":10},"region_attributes":{"Type":"1","count":"2"}}],"file_attributes":{"date":"2021-11-23","temp":"59","rain":"2","neighborhood":"Gaslamp","total_count":""}},"https://drive.google.com/uc?export=view&id=1EiZmiO2TYnsyDsNygEQDYqqFbHoEPSBt\n":{"filename":"https://drive.google.com/uc?export=view&id=1EiZmiO2TYnsyDsNygEQDYqqFbHoEPSBt\n","size":-1,"regions":[{"shape_attributes":{"name":"circle","cx":497,"cy":78,"r":10},"region_attributes":{"Type":"1","count":"9"}},{"shape_attributes":{"name":"circle","cx":555,"cy":75,"r":10},"region_attributes":{"Type":"1","count":"1"}},{"shape_attributes":{"name":"circle","cx":547,"cy":93,"r":10},"region_attributes":{"Type":"1","count":"2"}},{"shape_attributes":{"name":"circle","cx":590,"cy":81,"r":10},"region_attributes":{"Type":"1","count":"1"}},{"shape_attributes":{"name":"circle","cx":620,"cy":59,"r":10},"region_attributes":{"Type":"2","count":"1"}},{"shape_attributes":{"name":"circle","cx":641,"cy":58,"r":10},"region_attributes":{"Type":"1","count":"5"}},{"shape_attributes":{"name":"circle","cx":555,"cy":131,"r":10},"region_attributes":{"Type":"1","count":"1"}},{"shape_attributes":{"name":"circle","cx":589,"cy":127,"r":10},"region_attributes":{"Type":"1","count":"1"}},{"shape_attributes":{"name":"circle","cx":499,"cy":185,"r":10},"region_attributes":{"Type":"1","count":"2"}},{"shape_attributes":{"name":"circle","cx":556,"cy":184,"r":10},"region_attributes":{"Type":"1","count":"5"}},{"shape_attributes":{"name":"circle","cx":644,"cy":175,"r":10},"region_attributes":{"Type":"2","count":"2"}},{"shape_attributes":{"name":"circle","cx":524,"cy":218,"r":10},"region_attributes":{"Type":"1","count":"1"}},{"shape_attributes":{"name":"circle","cx":527,"cy":248,"r":10},"region_attributes":{"Type":"1","count":"2"}},{"shape_attributes":{"name":"circle","cx":498,"cy":288,"r":10},"region_attributes":{"Type":"1","count":"1"}},{"shape_attributes":{"name":"circle","cx":521,"cy":269,"r":10},"region_attributes":{"Type":"1","count":"1"}},{"shape_attributes":{"name":"circle","cx":555,"cy":291,"r":10},"region_attributes":{"Type":"1","count":"2"}},{"shape_attributes":{"name":"circle","cx":592,"cy":286,"r":10},"region_attributes":{"Type":"1","count":"2"}},{"shape_attributes":{"name":"circle","cx":615,"cy":302,"r":10},"region_attributes":{"Type":"1","count":"1"}},{"shape_attributes":{"name":"circle","cx":524,"cy":321,"r":10},"region_attributes":{"Type":"1","count":"2"}},{"shape_attributes":{"name":"circle","cx":515,"cy":406,"r":10},"region_attributes":{"Type":"1","count":"1"}},{"shape_attributes":{"name":"circle","cx":530,"cy":406,"r":10},"region_attributes":{"Type":"1","count":"1"}},{"shape_attributes":{"name":"circle","cx":589,"cy":387,"r":10},"region_attributes":{"Type":"1","count":"1"}},{"shape_attributes":{"name":"circle","cx":616,"cy":401,"r":10},"region_attributes":{"Type":"1","count":"1"}},{"shape_attributes":{"name":"circle","cx":555,"cy":443,"r":10},"region_attributes":{"Type":"1","count":"1"}},{"shape_attributes":{"name":"circle","cx":591,"cy":441,"r":10},"region_attributes":{"Type":"1","count":"5"}},{"shape_attributes":{"name":"circle","cx":621,"cy":424,"r":10},"region_attributes":{"Type":"1","count":"1"}},{"shape_attributes":{"name":"circle","cx":529,"cy":480,"r":10},"region_attributes":{"Type":"1","count":"1"}},{"shape_attributes":{"name":"circle","cx":527,"cy":512,"r":10},"region_attributes":{"Type":"1","count":"2"}},{"shape_attributes":{"name":"circle","cx":624,"cy":484,"r":10},"region_attributes":{"Type":"1","count":"1"}}],"file_attributes":{"date":"2021-12-22","temp":"52","rain":"2","neighborhood":"Gaslamp","total_count":""}}},"_via_attributes":{"region":{"Type":{"type":"dropdown","description":"","options":{"1":"Individual","2":"Structure","3":"Vehicle"},"default_options":{}},"count":{"type":"text","description":"","default_value":""}},"file":{"date":{"type":"text","description":"","default_value":""},"temp":{"type":"text","description":"","default_value":""},"rain":{"type":"dropdown","description":"","options":{"1":"rain","2":"clear"},"default_options":{"2":true}},"neighborhood":{"type":"text","description":"","default_value":"Gaslamp"},"total_count":{"type":"text","description":"","default_value":""}}},"_via_data_format_version":"2.0.10","_via_image_id_list":["https://drive.google.com/uc?export=view&id=1uQkdtmroSHdZTPtTU3ZJBWCht5as0Jvg\n","https://drive.google.com/uc?export=view&id=1gCgXkpmcZKqOnJTwMip_LTcRhY5Gd52I\n","https://drive.google.com/uc?export=view&id=1QfQ8p4FrKDI0W5Rm-zby5YG2RyCAZGEl\n","https://drive.google.com/uc?export=view&id=1n_b46dGH00uE2lurBlBuWnp-nQBAKMke\n","https://drive.google.com/uc?export=view&id=1dpJLb1rFTBH0cW9NT-pdWM1vG-hAwKZw\n","https://drive.google.com/uc?export=view&id=1u-IZoO7Fh9T44WaBfWo6OMZ3wkO7wXTH\n","https://drive.google.com/uc?export=view&id=1rZLlHmWHuiKcDJDigjen79lEJpKGNkDU\n","https://drive.google.com/uc?export=view&id=1hhqQIe9jAhNzvukVUqeGwXjXbljVYr-Y\n","https://drive.google.com/uc?export=view&id=1HpDf6AGMNmolh-xsWlIfYoTMHFHtmqoq\n","https://drive.google.com/uc?export=view&id=12dDviqfg_Hmtj1VgNpsV3KzAgMF2o-yX\n","https://drive.google.com/uc?export=view&id=1JW88g_0-OVKaqrn6lZr1p46BEYMRQ5Jm\n","https://drive.google.com/uc?export=view&id=1EiZmiO2TYnsyDsNygEQDYqqFbHoEPSBt\n"]}