{"_via_settings":{"ui":{"annotation_editor_height":25,"annotation_editor_fontsize":0.8,"leftsidebar_width":18,"image_grid":{"img_height":80,"rshape_fill":"none","rshape_fill_opacity":0.3,"rshape_stroke":"yellow","rshape_stroke_width":2,"show_region_shape":true,"show_image_policy":"all"},"image":{"region_label":"__via_region_id__","region_color":"__via_default_region_color__","region_label_font":"10px Sans","on_image_annotation_editor_placement":"NEAR_REGION"}},"core":{"buffer_size":18,"filepath":{},"default_filepath":""},"project":{"name":"Golden Hill_2021_count"}},"_via_img_metadata":{"https://drive.google.com/uc?export=view&id=1J_KWlaYaozdQJ1-USAN01FhSfwFAdBtG\n":{"filename":"https://drive.google.com/uc?export=view&id=1J_KWlaYaozdQJ1-USAN01FhSfwFAdBtG\n","size":-1,"regions":[{"shape_attributes":{"name":"circle","cx":74,"cy":312,"r":13},"region_attributes":{"Type":"2","count":"1"}},{"shape_attributes":{"name":"circle","cx":117,"cy":338,"r":15},"region_attributes":{"Type":"2","count":"1"}},{"shape_attributes":{"name":"circle","cx":76,"cy":336,"r":16},"region_attributes":{"Type":"2","count":"9"}},{"shape_attributes":{"name":"circle","cx":105,"cy":368,"r":15},"region_attributes":{"Type":"2","count":"1"}}],"file_attributes":{"date":"2021-05-27","temp":"","rain":"2","neighborhood":"Golden Hill","total_count":""}},"https://drive.google.com/uc?export=view&id=1Lj8Ae4XUMUIRhZT5Kshm4fdKwJw2mM60\n":{"filename":"https://drive.google.com/uc?export=view&id=1Lj8Ae4XUMUIRhZT5Kshm4fdKwJw2mM60\n","size":-1,"regions":[{"shape_attributes":{"name":"circle","cx":76,"cy":288,"r":17},"region_attributes":{"Type":"2","count":"2"}},{"shape_attributes":{"name":"circle","cx":73,"cy":323,"r":17},"region_attributes":{"Type":"2","count":"17"}}],"file_attributes":{"date":"2021-06-24","temp":"","rain":"2","neighborhood":"Golden Hill","total_count":""}},"https://drive.google.com/uc?export=view&id=1Ni4CMuvTtR9N0upCg2VwwqmsIHcvCMnH\n":{"filename":"https://drive.google.com/uc?export=view&id=1Ni4CMuvTtR9N0upCg2VwwqmsIHcvCMnH\n","size":-1,"regions":[{"shape_attributes":{"name":"circle","cx":35,"cy":193,"r":17},"region_attributes":{"Type":"2","count":"3"}},{"shape_attributes":{"name":"circle","cx":35,"cy":321,"r":15},"region_attributes":{"Type":"2","count":"8"}},{"shape_attributes":{"name":"circle","cx":35,"cy":346,"r":14},"region_attributes":{"Type":"2","count":"3"}},{"shape_attributes":{"name":"circle","cx":31,"cy":374,"r":15},"region_attributes":{"Type":"2","count":"2"}},{"shape_attributes":{"name":"circle","cx":29,"cy":398,"r":15},"region_attributes":{"Type":"2","count":"12"}}],"file_attributes":{"date":"2021-07-30","temp":"","rain":"2","neighborhood":"Golden Hill","total_count":""}},"https://drive.google.com/uc?export=view&id=1oUaB206Xq46HAi5hgCjl9ncSXf9jySV9\n":{"filename":"https://drive.google.com/uc?export=view&id=1oUaB206Xq46HAi5hgCjl9ncSXf9jySV9\n","size":-1,"regions":[{"shape_attributes":{"name":"circle","cx":39,"cy":276,"r":18},"region_attributes":{"Type":"2","count":"2"}},{"shape_attributes":{"name":"circle","cx":89,"cy":279,"r":13},"region_attributes":{"Type":"2","count":"1"}},{"shape_attributes":{"name":"circle","cx":36,"cy":319,"r":15},"region_attributes":{"Type":"2","count":"5"}}],"file_attributes":{"date":"2021-08-27","temp":"","rain":"2","neighborhood":"Golden Hill","total_count":""}},"https://drive.google.com/uc?export=view&id=10eypInUI518GMNDszg2MJr-EkboVxDUy\n":{"filename":"https://drive.google.com/uc?export=view&id=10eypInUI518GMNDszg2MJr-EkboVxDUy\n","size":-1,"regions":[{"shape_attributes":{"name":"circle","cx":78,"cy":151,"r":13},"region_attributes":{"Type":"2","count":"1"}},{"shape_attributes":{"name":"circle","cx":79,"cy":205,"r":16},"region_attributes":{"Type":"2","count":"4"}}],"file_attributes":{"date":"2021-09-30","temp":"","rain":"2","neighborhood":"Golden Hill","total_count":""}},"https://drive.google.com/uc?export=view&id=1XliDGHnr69WBoWv8SH4xU-YVVMcu8nCE\n":{"filename":"https://drive.google.com/uc?export=view&id=1XliDGHnr69WBoWv8SH4xU-YVVMcu8nCE\n","size":-1,"regions":[{"shape_attributes":{"name":"circle","cx":29,"cy":151,"r":14},"region_attributes":{"Type":"1","count":"2"}},{"shape_attributes":{"name":"circle","cx":67,"cy":289,"r":10},"region_attributes":{"Type":"2","count":"1"}},{"shape_attributes":{"name":"circle","cx":70,"cy":304,"r":10},"region_attributes":{"Type":"1","count":"1"}},{"shape_attributes":{"name":"circle","cx":72,"cy":275,"r":11},"region_attributes":{"Type":"3","count":"2"}}],"file_attributes":{"date":"2021-10-28","temp":"","rain":"2","neighborhood":"Golden Hill","total_count":""}},"https://drive.google.com/uc?export=view&id=1CyrolyyonzaZO8RZcuL485Wjcw5zHyW7\n":{"filename":"https://drive.google.com/uc?export=view&id=1CyrolyyonzaZO8RZcuL485Wjcw5zHyW7\n","size":-1,"regions":[{"shape_attributes":{"name":"circle","cx":51,"cy":269,"r":16},"region_attributes":{"Type":"2","count":"3"}},{"shape_attributes":{"name":"circle","cx":47,"cy":368,"r":16},"region_attributes":{"Type":"2","count":"6"}},{"shape_attributes":{"name":"circle","cx":48,"cy":352,"r":11},"region_attributes":{"Type":"1","count":"2"}}],"file_attributes":{"date":"2021-11-23","temp":"","rain":"2","neighborhood":"Golden Hill","total_count":""}},"https://drive.google.com/uc?export=view&id=1dEjWAZvWhexNzIad5t5Ag_kHbzk0BEgE\n":{"filename":"https://drive.google.com/uc?export=view&id=1dEjWAZvWhexNzIad5t5Ag_kHbzk0BEgE\n","size":-1,"regions":[{"shape_attributes":{"name":"circle","cx":59,"cy":281,"r":15},"region_attributes":{"Type":"2","count":"6"}},{"shape_attributes":{"name":"circle","cx":60,"cy":410,"r":16},"region_attributes":{"Type":"2","count":"1"}}],"file_attributes":{"date":"2021-12-22","temp":"","rain":"2","neighborhood":"Golden Hill","total_count":""}}},"_via_attributes":{"region":{"Type":{"type":"dropdown","description":"","options":{"1":"Individual","2":"Structure","3":"Vehicle"},"default_options":{}},"count":{"type":"text","description":"","default_value":""}},"file":{"date":{"type":"text","description":"","default_value":""},"temp":{"type":"text","description":"","default_value":""},"rain":{"type":"dropdown","description":"","options":{"1":"rain","2":"clear"},"default_options":{"2":true}},"neighborhood":{"type":"text","description":"","default_value":"Golden Hill"},"total_count":{"type":"text","description":"","default_value":""}}},"_via_data_format_version":"2.0.10","_via_image_id_list":["https://drive.google.com/uc?export=view&id=1J_KWlaYaozdQJ1-USAN01FhSfwFAdBtG\n","https://drive.google.com/uc?export=view&id=1Lj8Ae4XUMUIRhZT5Kshm4fdKwJw2mM60\n","https://drive.google.com/uc?export=view&id=1Ni4CMuvTtR9N0upCg2VwwqmsIHcvCMnH\n","https://drive.google.com/uc?export=view&id=1oUaB206Xq46HAi5hgCjl9ncSXf9jySV9\n","https://drive.google.com/uc?export=view&id=10eypInUI518GMNDszg2MJr-EkboVxDUy\n","https://drive.google.com/uc?export=view&id=1XliDGHnr69WBoWv8SH4xU-YVVMcu8nCE\n","https://drive.google.com/uc?export=view&id=1CyrolyyonzaZO8RZcuL485Wjcw5zHyW7\n","https://drive.google.com/uc?export=view&id=1dEjWAZvWhexNzIad5t5Ag_kHbzk0BEgE\n"]}