{"_via_settings":{"ui":{"annotation_editor_height":25,"annotation_editor_fontsize":0.8,"leftsidebar_width":18,"image_grid":{"img_height":80,"rshape_fill":"none","rshape_fill_opacity":0.3,"rshape_stroke":"yellow","rshape_stroke_width":2,"show_region_shape":true,"show_image_policy":"all"},"image":{"region_label":"__via_region_id__","region_color":"__via_default_region_color__","region_label_font":"10px Sans","on_image_annotation_editor_placement":"NEAR_REGION"}},"core":{"buffer_size":18,"filepath":{},"default_filepath":""},"project":{"name":"Marina_2019_count"}},"_via_img_metadata":{"https://drive.google.com/uc?export=view&id=1w_MIbQSENLw130XMboUkeJAHJ7vx_vqD\n":{"filename":"https://drive.google.com/uc?export=view&id=1w_MIbQSENLw130XMboUkeJAHJ7vx_vqD\n","size":-1,"regions":[{"shape_attributes":{"name":"circle","cx":55,"cy":96,"r":17},"region_attributes":{"Type":"2","count":"1"}},{"shape_attributes":{"name":"circle","cx":83,"cy":95,"r":20},"region_attributes":{"Type":"1","count":"15"}},{"shape_attributes":{"name":"circle","cx":117,"cy":140,"r":15},"region_attributes":{"Type":"2","count":"6"}},{"shape_attributes":{"name":"circle","cx":209,"cy":240,"r":11},"region_attributes":{"Type":"1","count":"1"}},{"shape_attributes":{"name":"circle","cx":282,"cy":205,"r":13},"region_attributes":{"Type":"1","count":"1"}},{"shape_attributes":{"name":"circle","cx":306,"cy":171,"r":12},"region_attributes":{"Type":"1","count":"1"}},{"shape_attributes":{"name":"circle","cx":599,"cy":237,"r":14},"region_attributes":{"Type":"1","count":"1"}},{"shape_attributes":{"name":"circle","cx":541,"cy":293,"r":12},"region_attributes":{"Type":"1","count":"1"}},{"shape_attributes":{"name":"circle","cx":417,"cy":353,"r":11},"region_attributes":{"Type":"1","count":"1"}},{"shape_attributes":{"name":"circle","cx":463,"cy":347,"r":15},"region_attributes":{"Type":"2","count":"5"}},{"shape_attributes":{"name":"circle","cx":489,"cy":356,"r":15},"region_attributes":{"Type":"2","count":"2"}},{"shape_attributes":{"name":"circle","cx":490,"cy":383,"r":11},"region_attributes":{"Type":"1","count":"1"}},{"shape_attributes":{"name":"circle","cx":543,"cy":359,"r":11.597},"region_attributes":{"Type":"1","count":"2"}},{"shape_attributes":{"name":"circle","cx":495,"cy":411,"r":10},"region_attributes":{"Type":"1","count":"1"}},{"shape_attributes":{"name":"circle","cx":474,"cy":420,"r":8},"region_attributes":{"Type":"1","count":"5"}},{"shape_attributes":{"name":"circle","cx":580,"cy":452,"r":10},"region_attributes":{"Type":"1","count":"1"}},{"shape_attributes":{"name":"circle","cx":584,"cy":482,"r":13},"region_attributes":{"Type":"1","count":"1"}}],"file_attributes":{"date":"2019-01-31","temp":"55","rain":"2","neighborhood":"Marina","total_count":""}},"https://drive.google.com/uc?export=view&id=18y47noHf-zhJKBLsIz9eZGRwt_yab3wG\n":{"filename":"https://drive.google.com/uc?export=view&id=18y47noHf-zhJKBLsIz9eZGRwt_yab3wG\n","size":-1,"regions":[{"shape_attributes":{"name":"circle","cx":89,"cy":90,"r":13},"region_attributes":{"Type":"1","count":"11"}},{"shape_attributes":{"name":"circle","cx":123,"cy":93,"r":16},"region_attributes":{"Type":"2","count":"2"}},{"shape_attributes":{"name":"circle","cx":81,"cy":151,"r":12},"region_attributes":{"Type":"1","count":"2"}},{"shape_attributes":{"name":"circle","cx":78,"cy":213,"r":15},"region_attributes":{"Type":"2","count":"1"}},{"shape_attributes":{"name":"circle","cx":235,"cy":162,"r":9},"region_attributes":{"Type":"1","count":"1"}},{"shape_attributes":{"name":"circle","cx":220,"cy":216,"r":11},"region_attributes":{"Type":"1","count":"1"}},{"shape_attributes":{"name":"circle","cx":349,"cy":234,"r":11},"region_attributes":{"Type":"1","count":"1"}},{"shape_attributes":{"name":"circle","cx":299,"cy":270,"r":9},"region_attributes":{"Type":"1","count":"1"}},{"shape_attributes":{"name":"circle","cx":601,"cy":217,"r":12},"region_attributes":{"Type":"1","count":"3"}},{"shape_attributes":{"name":"circle","cx":625,"cy":217,"r":11},"region_attributes":{"Type":"1","count":"4"}},{"shape_attributes":{"name":"circle","cx":574,"cy":268,"r":9},"region_attributes":{"Type":"1","count":"1"}},{"shape_attributes":{"name":"circle","cx":574,"cy":289,"r":13},"region_attributes":{"Type":"2","count":"1"}},{"shape_attributes":{"name":"circle","cx":569,"cy":308,"r":9},"region_attributes":{"Type":"1","count":"1"}},{"shape_attributes":{"name":"circle","cx":411,"cy":341,"r":10},"region_attributes":{"Type":"1","count":"1"}},{"shape_attributes":{"name":"circle","cx":465,"cy":337,"r":10},"region_attributes":{"Type":"1","count":"3"}},{"shape_attributes":{"name":"circle","cx":468,"cy":372,"r":11},"region_attributes":{"Type":"2","count":"1"}},{"shape_attributes":{"name":"circle","cx":549,"cy":360,"r":10},"region_attributes":{"Type":"1","count":"1"}},{"shape_attributes":{"name":"circle","cx":540,"cy":430,"r":11},"region_attributes":{"Type":"1","count":"4"}},{"shape_attributes":{"name":"circle","cx":625,"cy":341,"r":14},"region_attributes":{"Type":"2","count":"1"}},{"shape_attributes":{"name":"circle","cx":600,"cy":373,"r":10},"region_attributes":{"Type":"1","count":"1"}},{"shape_attributes":{"name":"circle","cx":624,"cy":373,"r":11},"region_attributes":{"Type":"1","count":"4"}}],"file_attributes":{"date":"2019-02-27","temp":"55","rain":"2","neighborhood":"Marina","total_count":""}},"https://drive.google.com/uc?export=view&id=1CDmmTC4IQ2qXCwO8Om3GOZf7g3sMt4Mk\n":{"filename":"https://drive.google.com/uc?export=view&id=1CDmmTC4IQ2qXCwO8Om3GOZf7g3sMt4Mk\n","size":-1,"regions":[{"shape_attributes":{"name":"circle","cx":100,"cy":89,"r":12},"region_attributes":{"Type":"1","count":"6"}},{"shape_attributes":{"name":"circle","cx":125,"cy":92,"r":14},"region_attributes":{"Type":"2","count":"2"}},{"shape_attributes":{"name":"circle","cx":104,"cy":126,"r":10},"region_attributes":{"Type":"1","count":"1"}},{"shape_attributes":{"name":"circle","cx":229,"cy":163,"r":11},"region_attributes":{"Type":"1","count":"1"}},{"shape_attributes":{"name":"circle","cx":260,"cy":159,"r":13},"region_attributes":{"Type":"1","count":"1"}},{"shape_attributes":{"name":"circle","cx":222,"cy":207,"r":11},"region_attributes":{"Type":"1","count":"1"}},{"shape_attributes":{"name":"circle","cx":521,"cy":210,"r":13},"region_attributes":{"Type":"1","count":"1"}},{"shape_attributes":{"name":"circle","cx":405,"cy":334,"r":13},"region_attributes":{"Type":"1","count":"1"}},{"shape_attributes":{"name":"circle","cx":461,"cy":361,"r":12},"region_attributes":{"Type":"1","count":"3"}},{"shape_attributes":{"name":"circle","cx":569,"cy":349,"r":13},"region_attributes":{"Type":"1","count":"2"}},{"shape_attributes":{"name":"circle","cx":501,"cy":407,"r":11},"region_attributes":{"Type":"2","count":"1"}},{"shape_attributes":{"name":"circle","cx":593,"cy":442,"r":12},"region_attributes":{"Type":"1","count":"1"}},{"shape_attributes":{"name":"circle","cx":611,"cy":471,"r":14},"region_attributes":{"Type":"2","count":"1"}}],"file_attributes":{"date":"","temp":"","rain":"2","neighborhood":"Marina","total_count":""}},"https://drive.google.com/uc?export=view&id=1P_tEKBrXNMdCd-waVE0ETkTbGX_ZKSWI\n":{"filename":"https://drive.google.com/uc?export=view&id=1P_tEKBrXNMdCd-waVE0ETkTbGX_ZKSWI\n","size":-1,"regions":[{"shape_attributes":{"name":"circle","cx":104,"cy":102,"r":12},"region_attributes":{"Type":"1","count":"1"}},{"shape_attributes":{"name":"circle","cx":159,"cy":104,"r":8},"region_attributes":{"Type":"1","count":"2"}},{"shape_attributes":{"name":"circle","cx":216,"cy":201,"r":9},"region_attributes":{"Type":"1","count":"1"}},{"shape_attributes":{"name":"circle","cx":241,"cy":201,"r":9},"region_attributes":{"Type":"1","count":"1"}},{"shape_attributes":{"name":"circle","cx":267,"cy":243,"r":9},"region_attributes":{"Type":"1","count":"1"}},{"shape_attributes":{"name":"circle","cx":304,"cy":204,"r":9},"region_attributes":{"Type":"1","count":"1"}},{"shape_attributes":{"name":"circle","cx":509,"cy":206,"r":13},"region_attributes":{"Type":"1","count":"1"}},{"shape_attributes":{"name":"circle","cx":527,"cy":221,"r":11},"region_attributes":{"Type":"1","count":"3"}},{"shape_attributes":{"name":"circle","cx":541,"cy":224,"r":12},"region_attributes":{"Type":"3","count":"1"}},{"shape_attributes":{"name":"circle","cx":633,"cy":209,"r":13},"region_attributes":{"Type":"1","count":"1"}},{"shape_attributes":{"name":"circle","cx":580,"cy":300,"r":13},"region_attributes":{"Type":"1","count":"1"}},{"shape_attributes":{"name":"circle","cx":408,"cy":345,"r":10},"region_attributes":{"Type":"1","count":"1"}},{"shape_attributes":{"name":"circle","cx":529,"cy":377,"r":14},"region_attributes":{"Type":"2","count":"2"}},{"shape_attributes":{"name":"circle","cx":581,"cy":352,"r":13},"region_attributes":{"Type":"1","count":"2"}},{"shape_attributes":{"name":"circle","cx":580,"cy":381,"r":13},"region_attributes":{"Type":"2","count":"1"}},{"shape_attributes":{"name":"circle","cx":506,"cy":410,"r":12},"region_attributes":{"Type":"1","count":"2"}},{"shape_attributes":{"name":"circle","cx":603,"cy":450,"r":14},"region_attributes":{"Type":"2","count":"1"}}],"file_attributes":{"date":"2019-04-25","temp":"59","rain":"2","neighborhood":"Marina","total_count":""}},"https://drive.google.com/uc?export=view&id=1_JlHjJXLcS9HBdDojQD-OU5YLcR51SfT\n":{"filename":"https://drive.google.com/uc?export=view&id=1_JlHjJXLcS9HBdDojQD-OU5YLcR51SfT\n","size":-1,"regions":[{"shape_attributes":{"name":"circle","cx":93,"cy":102,"r":11},"region_attributes":{"Type":"1","count":"1"}},{"shape_attributes":{"name":"circle","cx":128,"cy":154,"r":10},"region_attributes":{"Type":"1","count":"1"}},{"shape_attributes":{"name":"circle","cx":148,"cy":149,"r":14},"region_attributes":{"Type":"2","count":"3"}},{"shape_attributes":{"name":"circle","cx":230,"cy":133,"r":10},"region_attributes":{"Type":"1","count":"3"}},{"shape_attributes":{"name":"circle","cx":228,"cy":166,"r":13},"region_attributes":{"Type":"1","count":"1"}},{"shape_attributes":{"name":"circle","cx":183,"cy":215,"r":11},"region_attributes":{"Type":"1","count":"1"}},{"shape_attributes":{"name":"circle","cx":201,"cy":232,"r":13},"region_attributes":{"Type":"2","count":"2"}},{"shape_attributes":{"name":"circle","cx":260,"cy":210,"r":12},"region_attributes":{"Type":"1","count":"1"}},{"shape_attributes":{"name":"circle","cx":221,"cy":217,"r":10},"region_attributes":{"Type":"1","count":"2"}},{"shape_attributes":{"name":"circle","cx":285,"cy":231,"r":13},"region_attributes":{"Type":"1","count":"2"}},{"shape_attributes":{"name":"circle","cx":390,"cy":241,"r":12},"region_attributes":{"Type":"1","count":"1"}},{"shape_attributes":{"name":"circle","cx":599,"cy":226,"r":12},"region_attributes":{"Type":"1","count":"3"}},{"shape_attributes":{"name":"circle","cx":622,"cy":203,"r":10},"region_attributes":{"Type":"1","count":"2"}},{"shape_attributes":{"name":"circle","cx":602,"cy":314,"r":11},"region_attributes":{"Type":"1","count":"1"}},{"shape_attributes":{"name":"circle","cx":464,"cy":357,"r":11},"region_attributes":{"Type":"1","count":"3"}},{"shape_attributes":{"name":"circle","cx":514,"cy":359,"r":22},"region_attributes":{"Type":"2","count":"2"}},{"shape_attributes":{"name":"circle","cx":573,"cy":351,"r":11},"region_attributes":{"Type":"1","count":"1"}},{"shape_attributes":{"name":"circle","cx":571,"cy":375,"r":15},"region_attributes":{"Type":"2","count":"1"}},{"shape_attributes":{"name":"circle","cx":503,"cy":419,"r":15},"region_attributes":{"Type":"1","count":"1"}},{"shape_attributes":{"name":"circle","cx":634,"cy":503,"r":11},"region_attributes":{"Type":"1","count":"1"}}],"file_attributes":{"date":"2019-05-29","temp":"60","rain":"2","neighborhood":"Marina","total_count":""}},"https://drive.google.com/uc?export=view&id=1hOImT1D1Qk3vBX5AEuwTfJ_87zlwzVvq\n":{"filename":"https://drive.google.com/uc?export=view&id=1hOImT1D1Qk3vBX5AEuwTfJ_87zlwzVvq\n","size":-1,"regions":[{"shape_attributes":{"name":"circle","cx":218,"cy":60,"r":12},"region_attributes":{"Type":"1","count":"1"}},{"shape_attributes":{"name":"circle","cx":264,"cy":117,"r":11},"region_attributes":{"Type":"1","count":"1"}},{"shape_attributes":{"name":"circle","cx":254,"cy":202,"r":9},"region_attributes":{"Type":"1","count":"1"}},{"shape_attributes":{"name":"circle","cx":224,"cy":206,"r":13},"region_attributes":{"Type":"2","count":"3"}},{"shape_attributes":{"name":"circle","cx":238,"cy":218,"r":10},"region_attributes":{"Type":"1","count":"4"}},{"shape_attributes":{"name":"circle","cx":247,"cy":250,"r":13},"region_attributes":{"Type":"1","count":"1"}},{"shape_attributes":{"name":"circle","cx":319,"cy":216,"r":13},"region_attributes":{"Type":"1","count":"1"}},{"shape_attributes":{"name":"circle","cx":540,"cy":185,"r":12},"region_attributes":{"Type":"1","count":"1"}},{"shape_attributes":{"name":"circle","cx":537,"cy":222,"r":13},"region_attributes":{"Type":"1","count":"1"}},{"shape_attributes":{"name":"circle","cx":646,"cy":180,"r":12},"region_attributes":{"Type":"1","count":"1"}},{"shape_attributes":{"name":"circle","cx":634,"cy":203,"r":13},"region_attributes":{"Type":"1","count":"3"}},{"shape_attributes":{"name":"circle","cx":663,"cy":205,"r":10},"region_attributes":{"Type":"1","count":"1"}},{"shape_attributes":{"name":"circle","cx":609,"cy":276,"r":10.512},"region_attributes":{"Type":"1","count":"2"}},{"shape_attributes":{"name":"circle","cx":480,"cy":335,"r":10},"region_attributes":{"Type":"1","count":"1"}},{"shape_attributes":{"name":"circle","cx":481,"cy":366,"r":12},"region_attributes":{"Type":"1","count":"1"}},{"shape_attributes":{"name":"circle","cx":533,"cy":362,"r":12},"region_attributes":{"Type":"1","count":"3"}},{"shape_attributes":{"name":"circle","cx":514,"cy":383,"r":14},"region_attributes":{"Type":"1","count":"1"}},{"shape_attributes":{"name":"circle","cx":607,"cy":339,"r":13},"region_attributes":{"Type":"1","count":"1"}},{"shape_attributes":{"name":"circle","cx":659,"cy":338,"r":10},"region_attributes":{"Type":"1","count":"1"}},{"shape_attributes":{"name":"circle","cx":634,"cy":424,"r":14},"region_attributes":{"Type":"1","count":"2"}},{"shape_attributes":{"name":"circle","cx":563,"cy":436,"r":17},"region_attributes":{"Type":"2","count":"1"}}],"file_attributes":{"date":"2019-06-26","temp":"63","rain":"2","neighborhood":"Marina","total_count":""}},"https://drive.google.com/uc?export=view&id=15w6ItGIVfcYh2AvuJJGMjTxTeFeIk0wN\n":{"filename":"https://drive.google.com/uc?export=view&id=15w6ItGIVfcYh2AvuJJGMjTxTeFeIk0wN\n","size":-1,"regions":[{"shape_attributes":{"name":"circle","cx":82,"cy":87,"r":10},"region_attributes":{"Type":"1","count":"1"}},{"shape_attributes":{"name":"circle","cx":106,"cy":105,"r":12.042},"region_attributes":{"Type":"1","count":"2"}},{"shape_attributes":{"name":"circle","cx":159,"cy":119,"r":11},"region_attributes":{"Type":"1","count":"2"}},{"shape_attributes":{"name":"circle","cx":232,"cy":136,"r":11},"region_attributes":{"Type":"1","count":"1"}},{"shape_attributes":{"name":"circle","cx":269,"cy":172,"r":10.512},"region_attributes":{"Type":"1","count":"1"}},{"shape_attributes":{"name":"circle","cx":197,"cy":178,"r":16},"region_attributes":{"Type":"2","count":"1"}},{"shape_attributes":{"name":"circle","cx":232,"cy":176,"r":12.51},"region_attributes":{"Type":"1","count":"1"}},{"shape_attributes":{"name":"circle","cx":222,"cy":219,"r":10},"region_attributes":{"Type":"1","count":"1"}},{"shape_attributes":{"name":"circle","cx":185,"cy":239,"r":12.01},"region_attributes":{"Type":"1","count":"1"}},{"shape_attributes":{"name":"circle","cx":289,"cy":241,"r":14},"region_attributes":{"Type":"1","count":"1"}},{"shape_attributes":{"name":"circle","cx":392,"cy":298,"r":15},"region_attributes":{"Type":"1","count":"1"}},{"shape_attributes":{"name":"circle","cx":442,"cy":354,"r":14},"region_attributes":{"Type":"1","count":"1"}},{"shape_attributes":{"name":"circle","cx":574,"cy":223,"r":14},"region_attributes":{"Type":"1","count":"5"}},{"shape_attributes":{"name":"circle","cx":607,"cy":221,"r":14},"region_attributes":{"Type":"1","count":"7"}},{"shape_attributes":{"name":"circle","cx":576,"cy":373,"r":13},"region_attributes":{"Type":"1","count":"1"}},{"shape_attributes":{"name":"circle","cx":612,"cy":452,"r":13.01},"region_attributes":{"Type":"1","count":"1"}},{"shape_attributes":{"name":"circle","cx":612,"cy":384,"r":13},"region_attributes":{"Type":"1","count":"1"}},{"shape_attributes":{"name":"circle","cx":602,"cy":373,"r":13},"region_attributes":{"Type":"1","count":"1"}},{"shape_attributes":{"name":"circle","cx":631,"cy":224,"r":14},"region_attributes":{"Type":"1","count":"5"}}],"file_attributes":{"date":"2019-07-24","temp":"73","rain":"2","neighborhood":"Marina","total_count":""}},"https://drive.google.com/uc?export=view&id=1KnA6A5RHz3ecQRM6YxTsLE9ogMVCAcQJ\n":{"filename":"https://drive.google.com/uc?export=view&id=1KnA6A5RHz3ecQRM6YxTsLE9ogMVCAcQJ\n","size":-1,"regions":[{"shape_attributes":{"name":"circle","cx":88,"cy":90,"r":17},"region_attributes":{"Type":"2","count":"2"}},{"shape_attributes":{"name":"circle","cx":126,"cy":66,"r":14.509},"region_attributes":{"Type":"1","count":"1"}},{"shape_attributes":{"name":"circle","cx":123,"cy":106,"r":17},"region_attributes":{"Type":"1","count":"1"}},{"shape_attributes":{"name":"circle","cx":157,"cy":86,"r":21},"region_attributes":{"Type":"2","count":"1"}},{"shape_attributes":{"name":"circle","cx":233,"cy":134,"r":15},"region_attributes":{"Type":"1","count":"3"}},{"shape_attributes":{"name":"circle","cx":188,"cy":175,"r":16},"region_attributes":{"Type":"1","count":"1"}},{"shape_attributes":{"name":"circle","cx":235,"cy":174,"r":14},"region_attributes":{"Type":"1","count":"1"}},{"shape_attributes":{"name":"circle","cx":220,"cy":213,"r":16},"region_attributes":{"Type":"1","count":"1"}},{"shape_attributes":{"name":"circle","cx":285,"cy":220,"r":17},"region_attributes":{"Type":"1","count":"1"}},{"shape_attributes":{"name":"circle","cx":310,"cy":233,"r":18},"region_attributes":{"Type":"1","count":"1"}},{"shape_attributes":{"name":"circle","cx":514,"cy":221,"r":20},"region_attributes":{"Type":"1","count":"1"}},{"shape_attributes":{"name":"circle","cx":563,"cy":221,"r":15},"region_attributes":{"Type":"1","count":"2"}},{"shape_attributes":{"name":"circle","cx":588,"cy":220,"r":12},"region_attributes":{"Type":"1","count":"5"}},{"shape_attributes":{"name":"circle","cx":598,"cy":242,"r":17},"region_attributes":{"Type":"1","count":"2"}},{"shape_attributes":{"name":"circle","cx":612,"cy":209,"r":16},"region_attributes":{"Type":"1","count":"1"}},{"shape_attributes":{"name":"circle","cx":562,"cy":292,"r":17},"region_attributes":{"Type":"1","count":"2"}},{"shape_attributes":{"name":"circle","cx":560,"cy":356,"r":17},"region_attributes":{"Type":"1","count":"1"}},{"shape_attributes":{"name":"circle","cx":444,"cy":306,"r":21},"region_attributes":{"Type":"1","count":"1"}},{"shape_attributes":{"name":"circle","cx":444,"cy":348,"r":15},"region_attributes":{"Type":"1","count":"1"}},{"shape_attributes":{"name":"circle","cx":431,"cy":407,"r":18},"region_attributes":{"Type":"2","count":"2"}},{"shape_attributes":{"name":"circle","cx":491,"cy":401,"r":17},"region_attributes":{"Type":"1","count":"3"}},{"shape_attributes":{"name":"circle","cx":584,"cy":440,"r":16},"region_attributes":{"Type":"1","count":"1"}}],"file_attributes":{"date":"","temp":"","rain":"2","neighborhood":"Marina","total_count":""}},"https://drive.google.com/uc?export=view&id=1DEuUWSBzK06nR06Jj-2O9l4naDRM-pp3\n":{"filename":"https://drive.google.com/uc?export=view&id=1DEuUWSBzK06nR06Jj-2O9l4naDRM-pp3\n","size":-1,"regions":[{"shape_attributes":{"name":"circle","cx":71,"cy":59,"r":16},"region_attributes":{"Type":"2","count":"1"}},{"shape_attributes":{"name":"circle","cx":70,"cy":82,"r":17},"region_attributes":{"Type":"1","count":"2"}},{"shape_attributes":{"name":"circle","cx":130,"cy":49,"r":15},"region_attributes":{"Type":"1","count":"2"}},{"shape_attributes":{"name":"circle","cx":147,"cy":69,"r":17},"region_attributes":{"Type":"1","count":"1"}},{"shape_attributes":{"name":"circle","cx":130,"cy":87,"r":16},"region_attributes":{"Type":"1","count":"3"}},{"shape_attributes":{"name":"circle","cx":222,"cy":124,"r":17},"region_attributes":{"Type":"1","count":"1"}},{"shape_attributes":{"name":"circle","cx":255,"cy":164,"r":14},"region_attributes":{"Type":"1","count":"1"}},{"shape_attributes":{"name":"circle","cx":288,"cy":192,"r":13},"region_attributes":{"Type":"1","count":"1"}},{"shape_attributes":{"name":"circle","cx":392,"cy":196,"r":14},"region_attributes":{"Type":"1","count":"1"}},{"shape_attributes":{"name":"circle","cx":498,"cy":198,"r":13},"region_attributes":{"Type":"1","count":"1"}},{"shape_attributes":{"name":"circle","cx":592,"cy":212,"r":13},"region_attributes":{"Type":"1","count":"5"}},{"shape_attributes":{"name":"circle","cx":618,"cy":199,"r":14.036},"region_attributes":{"Type":"1","count":"1"}},{"shape_attributes":{"name":"circle","cx":547,"cy":305,"r":13},"region_attributes":{"Type":"1","count":"1"}},{"shape_attributes":{"name":"circle","cx":455,"cy":365,"r":13},"region_attributes":{"Type":"1","count":"3"}},{"shape_attributes":{"name":"circle","cx":564,"cy":298,"r":16},"region_attributes":{"Type":"1","count":"1"}},{"shape_attributes":{"name":"circle","cx":491,"cy":377,"r":17},"region_attributes":{"Type":"2","count":"1"}},{"shape_attributes":{"name":"circle","cx":510,"cy":373,"r":17},"region_attributes":{"Type":"1","count":"2"}},{"shape_attributes":{"name":"circle","cx":561,"cy":352,"r":15},"region_attributes":{"Type":"1","count":"1"}},{"shape_attributes":{"name":"circle","cx":614,"cy":356,"r":15},"region_attributes":{"Type":"1","count":"1"}},{"shape_attributes":{"name":"circle","cx":503,"cy":403,"r":16},"region_attributes":{"Type":"2","count":"2"}},{"shape_attributes":{"name":"circle","cx":516,"cy":407,"r":16},"region_attributes":{"Type":"1","count":"4"}},{"shape_attributes":{"name":"circle","cx":603,"cy":474,"r":13},"region_attributes":{"Type":"1","count":"1"}}],"file_attributes":{"date":"","temp":"","rain":"1","neighborhood":"Marina","total_count":""}},"https://drive.google.com/uc?export=view&id=1wT3lMCoJaFsM6zcyZRySpbMlymKNPGgd\n":{"filename":"https://drive.google.com/uc?export=view&id=1wT3lMCoJaFsM6zcyZRySpbMlymKNPGgd\n","size":-1,"regions":[{"shape_attributes":{"name":"circle","cx":208,"cy":222,"r":14},"region_attributes":{"Type":"1","count":"1"}},{"shape_attributes":{"name":"circle","cx":220,"cy":206,"r":16},"region_attributes":{"Type":"1","count":"1"}},{"shape_attributes":{"name":"circle","cx":506,"cy":193,"r":16},"region_attributes":{"Type":"1","count":"1"}},{"shape_attributes":{"name":"circle","cx":561,"cy":230,"r":16},"region_attributes":{"Type":"1","count":"1"}},{"shape_attributes":{"name":"circle","cx":601,"cy":208,"r":15},"region_attributes":{"Type":"1","count":"8"}},{"shape_attributes":{"name":"circle","cx":614,"cy":234,"r":15},"region_attributes":{"Type":"1","count":"2"}},{"shape_attributes":{"name":"circle","cx":574,"cy":291,"r":14},"region_attributes":{"Type":"1","count":"2"}},{"shape_attributes":{"name":"circle","cx":643,"cy":284,"r":17},"region_attributes":{"Type":"1","count":"2"}},{"shape_attributes":{"name":"circle","cx":464,"cy":340,"r":14},"region_attributes":{"Type":"1","count":"2"}},{"shape_attributes":{"name":"circle","cx":522,"cy":402,"r":19},"region_attributes":{"Type":"1","count":"2"}},{"shape_attributes":{"name":"circle","cx":502,"cy":443,"r":20},"region_attributes":{"Type":"1","count":"2"}},{"shape_attributes":{"name":"circle","cx":573,"cy":444,"r":18},"region_attributes":{"Type":"1","count":"2"}},{"shape_attributes":{"name":"circle","cx":626,"cy":418,"r":16.008},"region_attributes":{"Type":"1","count":"1"}},{"shape_attributes":{"name":"circle","cx":401,"cy":332,"r":18.111},"region_attributes":{"Type":"1","count":"1"}}],"file_attributes":{"date":"2019-10-30","temp":"","rain":"2","neighborhood":"Marina","total_count":""}},"https://drive.google.com/uc?export=view&id=15wGRdlmbi782SPsMS6mk8nWK7AZ4kiqG\n":{"filename":"https://drive.google.com/uc?export=view&id=15wGRdlmbi782SPsMS6mk8nWK7AZ4kiqG\n","size":-1,"regions":[{"shape_attributes":{"name":"circle","cx":154,"cy":75,"r":17},"region_attributes":{"Type":"1","count":"2"}},{"shape_attributes":{"name":"circle","cx":161,"cy":144,"r":19},"region_attributes":{"Type":"2","count":"1"}},{"shape_attributes":{"name":"circle","cx":203,"cy":224,"r":16},"region_attributes":{"Type":"1","count":"1"}},{"shape_attributes":{"name":"circle","cx":231,"cy":225,"r":18},"region_attributes":{"Type":"1","count":"1"}},{"shape_attributes":{"name":"circle","cx":608,"cy":215,"r":14},"region_attributes":{"Type":"1","count":"9"}},{"shape_attributes":{"name":"circle","cx":627,"cy":231,"r":16},"region_attributes":{"Type":"1","count":"3"}},{"shape_attributes":{"name":"circle","cx":447,"cy":349,"r":19},"region_attributes":{"Type":"1","count":"4"}},{"shape_attributes":{"name":"circle","cx":575,"cy":364,"r":18},"region_attributes":{"Type":"1","count":"3"}},{"shape_attributes":{"name":"circle","cx":573,"cy":287,"r":16},"region_attributes":{"Type":"1","count":"1"}},{"shape_attributes":{"name":"circle","cx":573,"cy":307,"r":21},"region_attributes":{"Type":"1","count":"1"}},{"shape_attributes":{"name":"circle","cx":509,"cy":348,"r":17},"region_attributes":{"Type":"1","count":"1"}},{"shape_attributes":{"name":"circle","cx":524,"cy":361,"r":20},"region_attributes":{"Type":"2","count":"1"}},{"shape_attributes":{"name":"circle","cx":524,"cy":381,"r":18},"region_attributes":{"Type":"1","count":"2"}},{"shape_attributes":{"name":"circle","cx":512,"cy":418,"r":14.509},"region_attributes":{"Type":"1","count":"1"}}],"file_attributes":{"date":"2019-11-26","temp":"55","rain":"2","neighborhood":"Marina","total_count":""}}},"_via_attributes":{"region":{"Type":{"type":"dropdown","description":"","options":{"1":"Individual","2":"Structure","3":"Vehicle"},"default_options":{}},"count":{"type":"text","description":"","default_value":""}},"file":{"date":{"type":"text","description":"","default_value":""},"temp":{"type":"text","description":"","default_value":""},"rain":{"type":"dropdown","description":"","options":{"1":"rain","2":"clear"},"default_options":{"2":true}},"neighborhood":{"type":"text","description":"","default_value":"Marina"},"total_count":{"type":"text","description":"","default_value":""}}},"_via_data_format_version":"2.0.10","_via_image_id_list":["https://drive.google.com/uc?export=view&id=1w_MIbQSENLw130XMboUkeJAHJ7vx_vqD\n","https://drive.google.com/uc?export=view&id=18y47noHf-zhJKBLsIz9eZGRwt_yab3wG\n","https://drive.google.com/uc?export=view&id=1CDmmTC4IQ2qXCwO8Om3GOZf7g3sMt4Mk\n","https://drive.google.com/uc?export=view&id=1P_tEKBrXNMdCd-waVE0ETkTbGX_ZKSWI\n","https://drive.google.com/uc?export=view&id=1_JlHjJXLcS9HBdDojQD-OU5YLcR51SfT\n","https://drive.google.com/uc?export=view&id=1hOImT1D1Qk3vBX5AEuwTfJ_87zlwzVvq\n","https://drive.google.com/uc?export=view&id=15w6ItGIVfcYh2AvuJJGMjTxTeFeIk0wN\n","https://drive.google.com/uc?export=view&id=1KnA6A5RHz3ecQRM6YxTsLE9ogMVCAcQJ\n","https://drive.google.com/uc?export=view&id=1DEuUWSBzK06nR06Jj-2O9l4naDRM-pp3\n","https://drive.google.com/uc?export=view&id=1wT3lMCoJaFsM6zcyZRySpbMlymKNPGgd\n","https://drive.google.com/uc?export=view&id=15wGRdlmbi782SPsMS6mk8nWK7AZ4kiqG\n"]}