{"_via_settings":{"ui":{"annotation_editor_height":25,"annotation_editor_fontsize":0.8,"leftsidebar_width":18,"image_grid":{"img_height":80,"rshape_fill":"none","rshape_fill_opacity":0.3,"rshape_stroke":"yellow","rshape_stroke_width":2,"show_region_shape":true,"show_image_policy":"all"},"image":{"region_label":"__via_region_id__","region_color":"__via_default_region_color__","region_label_font":"10px Sans","on_image_annotation_editor_placement":"NEAR_REGION"}},"core":{"buffer_size":18,"filepath":{},"default_filepath":""},"project":{"name":"Columbia_2020_count"}},"_via_img_metadata":{"https://drive.google.com/uc?export=view&id=1Gt_Ulr8FjbDJtKk6yY8XlGzS3jtyagBG\n":{"filename":"https://drive.google.com/uc?export=view&id=1Gt_Ulr8FjbDJtKk6yY8XlGzS3jtyagBG\n","size":-1,"regions":[{"shape_attributes":{"name":"circle","cx":467,"cy":109,"r":9},"region_attributes":{"Type":"1","count":"1"}},{"shape_attributes":{"name":"circle","cx":553,"cy":64,"r":9},"region_attributes":{"Type":"1","count":"1"}},{"shape_attributes":{"name":"circle","cx":590,"cy":67,"r":9},"region_attributes":{"Type":"1","count":"1"}},{"shape_attributes":{"name":"circle","cx":699,"cy":136,"r":10},"region_attributes":{"Type":"1","count":"1"}},{"shape_attributes":{"name":"circle","cx":609,"cy":254,"r":9},"region_attributes":{"Type":"1","count":"1"}},{"shape_attributes":{"name":"circle","cx":518,"cy":255,"r":12.649},"region_attributes":{"Type":"1","count":"1"}},{"shape_attributes":{"name":"circle","cx":682,"cy":282,"r":9},"region_attributes":{"Type":"1","count":"1"}},{"shape_attributes":{"name":"circle","cx":700,"cy":326,"r":9},"region_attributes":{"Type":"1","count":"1"}},{"shape_attributes":{"name":"circle","cx":538,"cy":326,"r":9},"region_attributes":{"Type":"1","count":"1"}},{"shape_attributes":{"name":"circle","cx":500,"cy":362,"r":9},"region_attributes":{"Type":"1","count":"1"}},{"shape_attributes":{"name":"circle","cx":412,"cy":282,"r":9},"region_attributes":{"Type":"1","count":"1"}},{"shape_attributes":{"name":"circle","cx":613,"cy":362,"r":9},"region_attributes":{"Type":"1","count":"1"}},{"shape_attributes":{"name":"circle","cx":666,"cy":326,"r":10},"region_attributes":{"Type":"1","count":"8"}},{"shape_attributes":{"name":"circle","cx":681,"cy":185,"r":9},"region_attributes":{"Type":"2","count":"1"}},{"shape_attributes":{"name":"circle","cx":592,"cy":159,"r":9},"region_attributes":{"Type":"2","count":"1"}},{"shape_attributes":{"name":"circle","cx":678,"cy":133,"r":9},"region_attributes":{"Type":"2","count":"2"}},{"shape_attributes":{"name":"circle","cx":446,"cy":111,"r":9},"region_attributes":{"Type":"2","count":"1"}},{"shape_attributes":{"name":"circle","cx":684,"cy":63,"r":8},"region_attributes":{"Type":"1","count":"2"}},{"shape_attributes":{"name":"circle","cx":659,"cy":143,"r":9},"region_attributes":{"Type":"1","count":"5"}},{"shape_attributes":{"name":"circle","cx":697,"cy":163,"r":13},"region_attributes":{"Type":"1","count":"5"}}],"file_attributes":{"date":"2020-01-01","temp":"48","rain":"2","neighborhood":"Columbia","total_count":""}},"https://drive.google.com/uc?export=view&id=1dzGXSMVjdqz3dS-ulrPWFk08SNGwbp_w\n":{"filename":"https://drive.google.com/uc?export=view&id=1dzGXSMVjdqz3dS-ulrPWFk08SNGwbp_w\n","size":-1,"regions":[{"shape_attributes":{"name":"circle","cx":443,"cy":381,"r":9},"region_attributes":{"Type":"1","count":"1"}},{"shape_attributes":{"name":"circle","cx":443,"cy":282,"r":7.071},"region_attributes":{"Type":"1","count":"1"}},{"shape_attributes":{"name":"circle","cx":407,"cy":230,"r":9},"region_attributes":{"Type":"1","count":"1"}},{"shape_attributes":{"name":"circle","cx":402,"cy":140,"r":9},"region_attributes":{"Type":"1","count":"2"}},{"shape_attributes":{"name":"circle","cx":440,"cy":84,"r":9},"region_attributes":{"Type":"1","count":"2"}},{"shape_attributes":{"name":"circle","cx":296,"cy":316,"r":9},"region_attributes":{"Type":"1","count":"1"}},{"shape_attributes":{"name":"circle","cx":406,"cy":185,"r":9},"region_attributes":{"Type":"1","count":"1"}},{"shape_attributes":{"name":"circle","cx":693,"cy":380,"r":9},"region_attributes":{"Type":"1","count":"1"}},{"shape_attributes":{"name":"circle","cx":626,"cy":159,"r":13},"region_attributes":{"Type":"2","count":"2"}},{"shape_attributes":{"name":"circle","cx":670,"cy":63,"r":12},"region_attributes":{"Type":"1","count":"16"}},{"shape_attributes":{"name":"circle","cx":697,"cy":70,"r":10},"region_attributes":{"Type":"1","count":"4"}},{"shape_attributes":{"name":"circle","cx":698,"cy":96,"r":16},"region_attributes":{"Type":"2","count":"2"}},{"shape_attributes":{"name":"circle","cx":665,"cy":106,"r":10},"region_attributes":{"Type":"2","count":"1"}},{"shape_attributes":{"name":"circle","cx":665,"cy":134,"r":11},"region_attributes":{"Type":"2","count":"1"}},{"shape_attributes":{"name":"circle","cx":687,"cy":139,"r":11},"region_attributes":{"Type":"1","count":"6"}}],"file_attributes":{"date":"2020-02-26","temp":"55","rain":"2","neighborhood":"Columbia","total_count":""}},"https://drive.google.com/uc?export=view&id=1xyc9murWg5F55nEng39dXg34RczzqILN\n":{"filename":"https://drive.google.com/uc?export=view&id=1xyc9murWg5F55nEng39dXg34RczzqILN\n","size":-1,"regions":[{"shape_attributes":{"name":"circle","cx":626,"cy":65,"r":13},"region_attributes":{"Type":"1","count":"1"}},{"shape_attributes":{"name":"circle","cx":574,"cy":89,"r":14},"region_attributes":{"Type":"1","count":"2"}},{"shape_attributes":{"name":"circle","cx":650,"cy":93,"r":12},"region_attributes":{"Type":"2","count":"1"}},{"shape_attributes":{"name":"circle","cx":630,"cy":135,"r":15},"region_attributes":{"Type":"2","count":"1"}},{"shape_attributes":{"name":"circle","cx":685,"cy":319,"r":15},"region_attributes":{"Type":"1","count":"13"}},{"shape_attributes":{"name":"circle","cx":715,"cy":319,"r":13},"region_attributes":{"Type":"2","count":"1"}},{"shape_attributes":{"name":"circle","cx":465,"cy":277,"r":13},"region_attributes":{"Type":"1","count":"2"}},{"shape_attributes":{"name":"circle","cx":624,"cy":361,"r":14},"region_attributes":{"Type":"1","count":"1"}}],"file_attributes":{"date":"2020-03-26","temp":"55","rain":"1","neighborhood":"Columbia","total_count":""}},"https://drive.google.com/uc?export=view&id=1gIBE8cIabyeNohxEyHkWm7ejY8M_F5YZ\n":{"filename":"https://drive.google.com/uc?export=view&id=1gIBE8cIabyeNohxEyHkWm7ejY8M_F5YZ\n","size":-1,"regions":[{"shape_attributes":{"name":"circle","cx":678,"cy":292,"r":14},"region_attributes":{"Type":"1","count":"17"}},{"shape_attributes":{"name":"circle","cx":588,"cy":113,"r":11},"region_attributes":{"Type":"1","count":"1"}},{"shape_attributes":{"name":"circle","cx":669,"cy":112,"r":11},"region_attributes":{"Type":"1","count":"1"}},{"shape_attributes":{"name":"circle","cx":572,"cy":250,"r":11},"region_attributes":{"Type":"1","count":"1"}},{"shape_attributes":{"name":"circle","cx":294,"cy":323,"r":11},"region_attributes":{"Type":"1","count":"1"}},{"shape_attributes":{"name":"circle","cx":382,"cy":337,"r":11},"region_attributes":{"Type":"1","count":"1"}},{"shape_attributes":{"name":"circle","cx":396,"cy":361,"r":11},"region_attributes":{"Type":"1","count":"1"}},{"shape_attributes":{"name":"circle","cx":466,"cy":108,"r":11},"region_attributes":{"Type":"1","count":"1"}},{"shape_attributes":{"name":"circle","cx":538,"cy":320,"r":11},"region_attributes":{"Type":"1","count":"1"}},{"shape_attributes":{"name":"circle","cx":680,"cy":70,"r":10},"region_attributes":{"Type":"1","count":"4"}},{"shape_attributes":{"name":"circle","cx":653,"cy":135,"r":6.708},"region_attributes":{"Type":"1","count":"5"}},{"shape_attributes":{"name":"circle","cx":430,"cy":264,"r":12},"region_attributes":{"Type":"1","count":"4"}},{"shape_attributes":{"name":"circle","cx":438,"cy":112,"r":11},"region_attributes":{"Type":"2","count":"1"}},{"shape_attributes":{"name":"circle","cx":678,"cy":138,"r":10},"region_attributes":{"Type":"2","count":"1"}},{"shape_attributes":{"name":"circle","cx":639,"cy":163,"r":13},"region_attributes":{"Type":"2","count":"2"}},{"shape_attributes":{"name":"circle","cx":682,"cy":93,"r":13},"region_attributes":{"Type":"2","count":"2"}},{"shape_attributes":{"name":"circle","cx":646,"cy":109,"r":12},"region_attributes":{"Type":"2","count":"1"}},{"shape_attributes":{"name":"circle","cx":665,"cy":320,"r":14},"region_attributes":{"Type":"2","count":"1"}}],"file_attributes":{"date":"2020-04-30","temp":"","rain":"2","neighborhood":"Columbia","total_count":""}},"https://drive.google.com/uc?export=view&id=17hkC62XS3FINvKNQN5udDMpTY1da_ccB\n":{"filename":"https://drive.google.com/uc?export=view&id=17hkC62XS3FINvKNQN5udDMpTY1da_ccB\n","size":-1,"regions":[{"shape_attributes":{"name":"circle","cx":685,"cy":337,"r":15},"region_attributes":{"Type":"2","count":"1"}},{"shape_attributes":{"name":"circle","cx":689,"cy":97,"r":11.402},"region_attributes":{"Type":"2","count":"2"}},{"shape_attributes":{"name":"circle","cx":674,"cy":144,"r":13.454},"region_attributes":{"Type":"2","count":"3"}},{"shape_attributes":{"name":"circle","cx":286,"cy":327,"r":15},"region_attributes":{"Type":"2","count":"1"}},{"shape_attributes":{"name":"circle","cx":653,"cy":112,"r":15},"region_attributes":{"Type":"2","count":"1"}},{"shape_attributes":{"name":"circle","cx":679,"cy":116,"r":15},"region_attributes":{"Type":"1","count":"3"}},{"shape_attributes":{"name":"circle","cx":434,"cy":266,"r":13},"region_attributes":{"Type":"1","count":"5"}},{"shape_attributes":{"name":"circle","cx":579,"cy":69,"r":13},"region_attributes":{"Type":"1","count":"1"}},{"shape_attributes":{"name":"circle","cx":387,"cy":279,"r":15},"region_attributes":{"Type":"1","count":"3"}},{"shape_attributes":{"name":"circle","cx":584,"cy":222,"r":13},"region_attributes":{"Type":"1","count":"1"}},{"shape_attributes":{"name":"circle","cx":438,"cy":115,"r":13},"region_attributes":{"Type":"1","count":"1"}},{"shape_attributes":{"name":"circle","cx":669,"cy":71,"r":12},"region_attributes":{"Type":"1","count":"2"}},{"shape_attributes":{"name":"circle","cx":652,"cy":146,"r":12},"region_attributes":{"Type":"1","count":"2"}},{"shape_attributes":{"name":"circle","cx":692,"cy":166,"r":12},"region_attributes":{"Type":"1","count":"2"}},{"shape_attributes":{"name":"circle","cx":456,"cy":370,"r":12},"region_attributes":{"Type":"1","count":"2"}},{"shape_attributes":{"name":"circle","cx":658,"cy":330,"r":14},"region_attributes":{"Type":"1","count":"12"}}],"file_attributes":{"date":"2020-05-28","temp":"","rain":"2","neighborhood":"Columbia","total_count":""}},"https://drive.google.com/uc?export=view&id=11Bdlbt2rw7PGpjWvfqiN2d_uYq29RL8G\n":{"filename":"https://drive.google.com/uc?export=view&id=11Bdlbt2rw7PGpjWvfqiN2d_uYq29RL8G\n","size":-1,"regions":[{"shape_attributes":{"name":"circle","cx":673,"cy":334,"r":13},"region_attributes":{"Type":"1","count":"20"}},{"shape_attributes":{"name":"circle","cx":697,"cy":87,"r":9},"region_attributes":{"Type":"1","count":"8"}},{"shape_attributes":{"name":"circle","cx":447,"cy":275,"r":12},"region_attributes":{"Type":"1","count":"8"}},{"shape_attributes":{"name":"circle","cx":590,"cy":75,"r":12},"region_attributes":{"Type":"1","count":"1"}},{"shape_attributes":{"name":"circle","cx":676,"cy":72,"r":12},"region_attributes":{"Type":"1","count":"1"}},{"shape_attributes":{"name":"circle","cx":676,"cy":120,"r":12},"region_attributes":{"Type":"1","count":"1"}},{"shape_attributes":{"name":"circle","cx":514,"cy":338,"r":12},"region_attributes":{"Type":"1","count":"1"}},{"shape_attributes":{"name":"circle","cx":405,"cy":267,"r":8.062},"region_attributes":{"Type":"1","count":"1"}},{"shape_attributes":{"name":"circle","cx":479,"cy":268,"r":12},"region_attributes":{"Type":"1","count":"1"}},{"shape_attributes":{"name":"circle","cx":701,"cy":168,"r":10},"region_attributes":{"Type":"1","count":"1"}},{"shape_attributes":{"name":"circle","cx":459,"cy":116,"r":10},"region_attributes":{"Type":"1","count":"1"}},{"shape_attributes":{"name":"circle","cx":701,"cy":108,"r":13},"region_attributes":{"Type":"2","count":"2"}},{"shape_attributes":{"name":"circle","cx":677,"cy":146,"r":11},"region_attributes":{"Type":"1","count":"4"}},{"shape_attributes":{"name":"circle","cx":378,"cy":337,"r":10},"region_attributes":{"Type":"2","count":"3"}},{"shape_attributes":{"name":"circle","cx":400,"cy":335,"r":12},"region_attributes":{"Type":"1","count":"2"}}],"file_attributes":{"date":"2020-06-25","temp":"60","rain":"2","neighborhood":"Columbia","total_count":""}},"https://drive.google.com/uc?export=view&id=1LL6YxZCrw24Bhl392Vnh0WiCPy7gD2Dn\n":{"filename":"https://drive.google.com/uc?export=view&id=1LL6YxZCrw24Bhl392Vnh0WiCPy7gD2Dn\n","size":-1,"regions":[{"shape_attributes":{"name":"circle","cx":586,"cy":77,"r":11},"region_attributes":{"Type":"1","count":"1"}},{"shape_attributes":{"name":"circle","cx":660,"cy":77,"r":11},"region_attributes":{"Type":"1","count":"1"}},{"shape_attributes":{"name":"circle","cx":684,"cy":74,"r":11},"region_attributes":{"Type":"1","count":"1"}},{"shape_attributes":{"name":"circle","cx":444,"cy":151,"r":11},"region_attributes":{"Type":"1","count":"1"}},{"shape_attributes":{"name":"circle","cx":442,"cy":376,"r":11},"region_attributes":{"Type":"1","count":"1"}},{"shape_attributes":{"name":"circle","cx":444,"cy":418,"r":11},"region_attributes":{"Type":"1","count":"1"}},{"shape_attributes":{"name":"circle","cx":515,"cy":374,"r":11},"region_attributes":{"Type":"1","count":"1"}},{"shape_attributes":{"name":"circle","cx":407,"cy":113,"r":11},"region_attributes":{"Type":"1","count":"1"}},{"shape_attributes":{"name":"circle","cx":483,"cy":241,"r":11},"region_attributes":{"Type":"1","count":"1"}},{"shape_attributes":{"name":"circle","cx":390,"cy":337,"r":13},"region_attributes":{"Type":"2","count":"2"}},{"shape_attributes":{"name":"circle","cx":685,"cy":53,"r":14},"region_attributes":{"Type":"3","count":"1"}},{"shape_attributes":{"name":"circle","cx":409,"cy":272,"r":10},"region_attributes":{"Type":"1","count":"2"}},{"shape_attributes":{"name":"circle","cx":442,"cy":291,"r":11},"region_attributes":{"Type":"1","count":"6"}},{"shape_attributes":{"name":"circle","cx":666,"cy":123,"r":10},"region_attributes":{"Type":"2","count":"1"}},{"shape_attributes":{"name":"circle","cx":702,"cy":81,"r":12},"region_attributes":{"Type":"2","count":"2"}},{"shape_attributes":{"name":"circle","cx":666,"cy":150,"r":11},"region_attributes":{"Type":"2","count":"2"}},{"shape_attributes":{"name":"circle","cx":679,"cy":333,"r":14},"region_attributes":{"Type":"1","count":"15"}},{"shape_attributes":{"name":"circle","cx":698,"cy":106,"r":12},"region_attributes":{"Type":"1","count":"5"}},{"shape_attributes":{"name":"circle","cx":694,"cy":151,"r":10},"region_attributes":{"Type":"1","count":"5"}}],"file_attributes":{"date":"2020-07-29","temp":"64","rain":"2","neighborhood":"Columbia","total_count":""}},"https://drive.google.com/uc?export=view&id=1xsYk3jwhD1nUUMXhoQA8LNWgvbUXTFhI\n":{"filename":"https://drive.google.com/uc?export=view&id=1xsYk3jwhD1nUUMXhoQA8LNWgvbUXTFhI\n","size":-1,"regions":[{"shape_attributes":{"name":"circle","cx":437,"cy":242,"r":11},"region_attributes":{"Type":"1","count":"11"}},{"shape_attributes":{"name":"circle","cx":664,"cy":323,"r":12},"region_attributes":{"Type":"1","count":"18"}},{"shape_attributes":{"name":"circle","cx":673,"cy":61,"r":11},"region_attributes":{"Type":"1","count":"1"}},{"shape_attributes":{"name":"circle","cx":658,"cy":109,"r":8},"region_attributes":{"Type":"1","count":"1"}},{"shape_attributes":{"name":"circle","cx":698,"cy":80,"r":11},"region_attributes":{"Type":"2","count":"1"}},{"shape_attributes":{"name":"circle","cx":454,"cy":113,"r":13},"region_attributes":{"Type":"2","count":"1"}},{"shape_attributes":{"name":"circle","cx":475,"cy":258,"r":13},"region_attributes":{"Type":"1","count":"2"}},{"shape_attributes":{"name":"circle","cx":668,"cy":184,"r":13},"region_attributes":{"Type":"1","count":"2"}},{"shape_attributes":{"name":"circle","cx":693,"cy":102,"r":13},"region_attributes":{"Type":"1","count":"3"}},{"shape_attributes":{"name":"circle","cx":656,"cy":138,"r":13},"region_attributes":{"Type":"1","count":"3"}},{"shape_attributes":{"name":"circle","cx":677,"cy":133,"r":12},"region_attributes":{"Type":"2","count":"2"}}],"file_attributes":{"date":"2020-08-27","temp":"76","rain":"2","neighborhood":"Columbia","total_count":""}},"https://drive.google.com/uc?export=view&id=1AXvtpK52XUh12UZqt42hA2Z63Jf9655z\n":{"filename":"https://drive.google.com/uc?export=view&id=1AXvtpK52XUh12UZqt42hA2Z63Jf9655z\n","size":-1,"regions":[{"shape_attributes":{"name":"circle","cx":695,"cy":70,"r":11},"region_attributes":{"Type":"1","count":"1"}},{"shape_attributes":{"name":"circle","cx":591,"cy":74,"r":11},"region_attributes":{"Type":"1","count":"1"}},{"shape_attributes":{"name":"circle","cx":514,"cy":119,"r":11},"region_attributes":{"Type":"1","count":"1"}},{"shape_attributes":{"name":"circle","cx":405,"cy":258,"r":11},"region_attributes":{"Type":"1","count":"1"}},{"shape_attributes":{"name":"circle","cx":512,"cy":246,"r":11},"region_attributes":{"Type":"1","count":"1"}},{"shape_attributes":{"name":"circle","cx":511,"cy":309,"r":11},"region_attributes":{"Type":"1","count":"1"}},{"shape_attributes":{"name":"circle","cx":529,"cy":295,"r":11},"region_attributes":{"Type":"1","count":"1"}},{"shape_attributes":{"name":"circle","cx":604,"cy":332,"r":11},"region_attributes":{"Type":"1","count":"1"}},{"shape_attributes":{"name":"circle","cx":553,"cy":328,"r":11},"region_attributes":{"Type":"1","count":"1"}},{"shape_attributes":{"name":"circle","cx":697,"cy":296,"r":11},"region_attributes":{"Type":"1","count":"1"}},{"shape_attributes":{"name":"circle","cx":696,"cy":339,"r":11},"region_attributes":{"Type":"1","count":"1"}},{"shape_attributes":{"name":"circle","cx":294,"cy":305,"r":11},"region_attributes":{"Type":"1","count":"1"}},{"shape_attributes":{"name":"circle","cx":661,"cy":153,"r":11},"region_attributes":{"Type":"1","count":"2"}},{"shape_attributes":{"name":"circle","cx":701,"cy":90,"r":11},"region_attributes":{"Type":"1","count":"2"}},{"shape_attributes":{"name":"circle","cx":699,"cy":166,"r":11},"region_attributes":{"Type":"1","count":"2"}},{"shape_attributes":{"name":"circle","cx":663,"cy":267,"r":11},"region_attributes":{"Type":"1","count":"2"}},{"shape_attributes":{"name":"circle","cx":306,"cy":335,"r":11},"region_attributes":{"Type":"1","count":"2"}},{"shape_attributes":{"name":"circle","cx":700,"cy":246,"r":11},"region_attributes":{"Type":"1","count":"2"}},{"shape_attributes":{"name":"circle","cx":667,"cy":335,"r":14},"region_attributes":{"Type":"1","count":"14"}},{"shape_attributes":{"name":"circle","cx":699,"cy":319,"r":7},"region_attributes":{"Type":"2","count":"1"}},{"shape_attributes":{"name":"circle","cx":674,"cy":75,"r":9},"region_attributes":{"Type":"1","count":"3"}},{"shape_attributes":{"name":"circle","cx":441,"cy":269,"r":11},"region_attributes":{"Type":"1","count":"8"}},{"shape_attributes":{"name":"circle","cx":679,"cy":120,"r":12},"region_attributes":{"Type":"2","count":"1"}},{"shape_attributes":{"name":"circle","cx":678,"cy":144,"r":16},"region_attributes":{"Type":"2","count":"2"}}],"file_attributes":{"date":"2020-09-29","temp":"70","rain":"2","neighborhood":"Columbia","total_count":""}},"https://drive.google.com/uc?export=view&id=19z0ymgspQXnXiVj8uPHNGR5dG9farIap\n":{"filename":"https://drive.google.com/uc?export=view&id=19z0ymgspQXnXiVj8uPHNGR5dG9farIap\n","size":-1,"regions":[{"shape_attributes":{"name":"circle","cx":508,"cy":251,"r":9},"region_attributes":{"Type":"1","count":"1"}},{"shape_attributes":{"name":"circle","cx":400,"cy":304,"r":9},"region_attributes":{"Type":"1","count":"1"}},{"shape_attributes":{"name":"circle","cx":692,"cy":79,"r":9},"region_attributes":{"Type":"1","count":"1"}},{"shape_attributes":{"name":"circle","cx":666,"cy":115,"r":9.434},"region_attributes":{"Type":"2","count":"2"}},{"shape_attributes":{"name":"circle","cx":652,"cy":151,"r":13},"region_attributes":{"Type":"2","count":"2"}},{"shape_attributes":{"name":"circle","cx":690,"cy":104,"r":13},"region_attributes":{"Type":"2","count":"1"}},{"shape_attributes":{"name":"circle","cx":576,"cy":313,"r":12},"region_attributes":{"Type":"1","count":"2"}},{"shape_attributes":{"name":"circle","cx":521,"cy":335,"r":12},"region_attributes":{"Type":"1","count":"2"}},{"shape_attributes":{"name":"circle","cx":677,"cy":151,"r":12},"region_attributes":{"Type":"1","count":"2"}},{"shape_attributes":{"name":"circle","cx":435,"cy":253,"r":13},"region_attributes":{"Type":"1","count":"9"}},{"shape_attributes":{"name":"circle","cx":666,"cy":335,"r":14},"region_attributes":{"Type":"1","count":"12"}},{"shape_attributes":{"name":"circle","cx":690,"cy":321,"r":13},"region_attributes":{"Type":"1","count":"3"}}],"file_attributes":{"date":"2020-10-01","temp":"61","rain":"2","neighborhood":"Columbia","total_count":""}},"https://drive.google.com/uc?export=view&id=10poS3xIt-gHZaRY8BBLywTtlaYC6-FMZ\n":{"filename":"https://drive.google.com/uc?export=view&id=10poS3xIt-gHZaRY8BBLywTtlaYC6-FMZ\n","size":-1,"regions":[{"shape_attributes":{"name":"circle","cx":670,"cy":332,"r":11},"region_attributes":{"Type":"1","count":"20"}},{"shape_attributes":{"name":"circle","cx":452,"cy":116,"r":11},"region_attributes":{"Type":"1","count":"1"}},{"shape_attributes":{"name":"circle","cx":695,"cy":294,"r":11},"region_attributes":{"Type":"1","count":"1"}},{"shape_attributes":{"name":"circle","cx":619,"cy":335,"r":11},"region_attributes":{"Type":"1","count":"1"}},{"shape_attributes":{"name":"circle","cx":657,"cy":377,"r":11},"region_attributes":{"Type":"1","count":"1"}},{"shape_attributes":{"name":"circle","cx":441,"cy":336,"r":11},"region_attributes":{"Type":"1","count":"1"}},{"shape_attributes":{"name":"circle","cx":650,"cy":67,"r":11},"region_attributes":{"Type":"1","count":"1"}},{"shape_attributes":{"name":"circle","cx":328,"cy":339,"r":12.042},"region_attributes":{"Type":"1","count":"2"}},{"shape_attributes":{"name":"circle","cx":373,"cy":339,"r":12.042},"region_attributes":{"Type":"1","count":"2"}},{"shape_attributes":{"name":"circle","cx":406,"cy":318,"r":12.042},"region_attributes":{"Type":"1","count":"2"}},{"shape_attributes":{"name":"circle","cx":439,"cy":296,"r":12.042},"region_attributes":{"Type":"1","count":"5"}},{"shape_attributes":{"name":"circle","cx":695,"cy":76,"r":12.042},"region_attributes":{"Type":"1","count":"4"}},{"shape_attributes":{"name":"circle","cx":688,"cy":115,"r":12.042},"region_attributes":{"Type":"1","count":"3"}},{"shape_attributes":{"name":"circle","cx":304,"cy":325,"r":12.042},"region_attributes":{"Type":"1","count":"2"}},{"shape_attributes":{"name":"circle","cx":666,"cy":121,"r":10},"region_attributes":{"Type":"2","count":"1"}},{"shape_attributes":{"name":"circle","cx":669,"cy":70,"r":10},"region_attributes":{"Type":"2","count":"1"}},{"shape_attributes":{"name":"circle","cx":702,"cy":94,"r":11},"region_attributes":{"Type":"2","count":"3"}}],"file_attributes":{"date":"2020-11-24","temp":"59","rain":"2","neighborhood":"Columbia","total_count":""}},"https://drive.google.com/uc?export=view&id=1hIFzvV-5-O5jkG5TTcjFiKUkSBweeXF4\n":{"filename":"https://drive.google.com/uc?export=view&id=1hIFzvV-5-O5jkG5TTcjFiKUkSBweeXF4\n","size":-1,"regions":[{"shape_attributes":{"name":"circle","cx":667,"cy":303,"r":11},"region_attributes":{"Type":"1","count":"25"}},{"shape_attributes":{"name":"circle","cx":362,"cy":397,"r":11},"region_attributes":{"Type":"2","count":"1"}},{"shape_attributes":{"name":"circle","cx":694,"cy":25,"r":11},"region_attributes":{"Type":"1","count":"1"}},{"shape_attributes":{"name":"circle","cx":693,"cy":304,"r":14},"region_attributes":{"Type":"2","count":"2"}},{"shape_attributes":{"name":"circle","cx":692,"cy":58,"r":10},"region_attributes":{"Type":"2","count":"1"}},{"shape_attributes":{"name":"circle","cx":654,"cy":71,"r":13},"region_attributes":{"Type":"2","count":"1"}},{"shape_attributes":{"name":"circle","cx":598,"cy":235,"r":11},"region_attributes":{"Type":"1","count":"6"}},{"shape_attributes":{"name":"circle","cx":462,"cy":235,"r":10},"region_attributes":{"Type":"1","count":"3"}},{"shape_attributes":{"name":"circle","cx":384,"cy":275,"r":13},"region_attributes":{"Type":"1","count":"3"}},{"shape_attributes":{"name":"circle","cx":422,"cy":264,"r":13},"region_attributes":{"Type":"1","count":"7"}}],"file_attributes":{"date":"2020-12-29","temp":"53","rain":"1","neighborhood":"Columbia","total_count":""}}},"_via_attributes":{"region":{"Type":{"type":"dropdown","description":"","options":{"1":"Individual","2":"Structure","3":"Vehicle"},"default_options":{}},"count":{"type":"text","description":"","default_value":""}},"file":{"date":{"type":"text","description":"","default_value":""},"temp":{"type":"text","description":"","default_value":""},"rain":{"type":"dropdown","description":"","options":{"1":"rain","2":"clear"},"default_options":{"2":true}},"neighborhood":{"type":"text","description":"","default_value":"Columbia"},"total_count":{"type":"text","description":"","default_value":""}}},"_via_data_format_version":"2.0.10","_via_image_id_list":["https://drive.google.com/uc?export=view&id=1Gt_Ulr8FjbDJtKk6yY8XlGzS3jtyagBG\n","https://drive.google.com/uc?export=view&id=1dzGXSMVjdqz3dS-ulrPWFk08SNGwbp_w\n","https://drive.google.com/uc?export=view&id=1xyc9murWg5F55nEng39dXg34RczzqILN\n","https://drive.google.com/uc?export=view&id=1gIBE8cIabyeNohxEyHkWm7ejY8M_F5YZ\n","https://drive.google.com/uc?export=view&id=17hkC62XS3FINvKNQN5udDMpTY1da_ccB\n","https://drive.google.com/uc?export=view&id=11Bdlbt2rw7PGpjWvfqiN2d_uYq29RL8G\n","https://drive.google.com/uc?export=view&id=1LL6YxZCrw24Bhl392Vnh0WiCPy7gD2Dn\n","https://drive.google.com/uc?export=view&id=1xsYk3jwhD1nUUMXhoQA8LNWgvbUXTFhI\n","https://drive.google.com/uc?export=view&id=1AXvtpK52XUh12UZqt42hA2Z63Jf9655z\n","https://drive.google.com/uc?export=view&id=19z0ymgspQXnXiVj8uPHNGR5dG9farIap\n","https://drive.google.com/uc?export=view&id=10poS3xIt-gHZaRY8BBLywTtlaYC6-FMZ\n","https://drive.google.com/uc?export=view&id=1hIFzvV-5-O5jkG5TTcjFiKUkSBweeXF4\n"]}