{"_via_settings":{"ui":{"annotation_editor_height":25,"annotation_editor_fontsize":0.8,"leftsidebar_width":18,"image_grid":{"img_height":80,"rshape_fill":"none","rshape_fill_opacity":0.3,"rshape_stroke":"yellow","rshape_stroke_width":2,"show_region_shape":true,"show_image_policy":"all"},"image":{"region_label":"__via_region_id__","region_color":"__via_default_region_color__","region_label_font":"10px Sans","on_image_annotation_editor_placement":"NEAR_REGION"}},"core":{"buffer_size":18,"filepath":{},"default_filepath":""},"project":{"name":"Cortez_2020_count"}},"_via_img_metadata":{"https://drive.google.com/uc?export=view&id=1KzODuR2syysVKBOjkTq0LcG8bNGuQ--3\n":{"filename":"https://drive.google.com/uc?export=view&id=1KzODuR2syysVKBOjkTq0LcG8bNGuQ--3\n","size":-1,"regions":[{"shape_attributes":{"name":"rect","x":184,"y":366,"width":12,"height":29},"region_attributes":{"Type":"1","count":"3"}},{"shape_attributes":{"name":"rect","x":203,"y":389,"width":12,"height":16},"region_attributes":{"Type":"2","count":"2"}},{"shape_attributes":{"name":"rect","x":216,"y":145,"width":22,"height":22},"region_attributes":{"Type":"1","count":"1"}},{"shape_attributes":{"name":"rect","x":301,"y":354,"width":17,"height":30},"region_attributes":{"Type":"1","count":"1"}},{"shape_attributes":{"name":"rect","x":351,"y":355,"width":17,"height":30},"region_attributes":{"Type":"1","count":"1"}},{"shape_attributes":{"name":"rect","x":389,"y":338,"width":17,"height":30},"region_attributes":{"Type":"1","count":"1"}},{"shape_attributes":{"name":"rect","x":329,"y":176,"width":17,"height":30},"region_attributes":{"Type":"1","count":"1"}},{"shape_attributes":{"name":"rect","x":568,"y":215,"width":17,"height":30},"region_attributes":{"Type":"1","count":"1"}},{"shape_attributes":{"name":"rect","x":630,"y":304,"width":17,"height":30},"region_attributes":{"Type":"1","count":"1"}},{"shape_attributes":{"name":"rect","x":305,"y":289,"width":17,"height":30},"region_attributes":{"Type":"1","count":"1"}},{"shape_attributes":{"name":"rect","x":358,"y":221,"width":20,"height":27},"region_attributes":{"Type":"3","count":"1"}},{"shape_attributes":{"name":"rect","x":387,"y":208,"width":12,"height":16},"region_attributes":{"Type":"1","count":"2"}},{"shape_attributes":{"name":"rect","x":421,"y":227,"width":39,"height":35},"region_attributes":{"Type":"1","count":"19"}},{"shape_attributes":{"name":"rect","x":330,"y":363,"width":12,"height":18},"region_attributes":{"Type":"1","count":"2"}},{"shape_attributes":{"name":"rect","x":422,"y":382,"width":12,"height":21},"region_attributes":{"Type":"1","count":"3"}},{"shape_attributes":{"name":"rect","x":438,"y":389,"width":22,"height":13},"region_attributes":{"Type":"2","count":"1"}},{"shape_attributes":{"name":"rect","x":692,"y":247,"width":13,"height":22},"region_attributes":{"Type":"3","count":"1"}}],"file_attributes":{"date":"","temp":"48","rain":"2","neighborhood":"Cortez","total_count":""}},"https://drive.google.com/uc?export=view&id=1ty9xqXqc4GWUkbTVqt8lGMZce0TMCXU0\n":{"filename":"https://drive.google.com/uc?export=view&id=1ty9xqXqc4GWUkbTVqt8lGMZce0TMCXU0\n","size":-1,"regions":[{"shape_attributes":{"name":"rect","x":182,"y":396,"width":10,"height":12},"region_attributes":{"Type":"2","count":"1"}},{"shape_attributes":{"name":"rect","x":199,"y":371,"width":14,"height":27},"region_attributes":{"Type":"1","count":"2"}},{"shape_attributes":{"name":"rect","x":239,"y":374,"width":31,"height":27},"region_attributes":{"Type":"1","count":"1"}},{"shape_attributes":{"name":"rect","x":291,"y":306,"width":22,"height":27},"region_attributes":{"Type":"1","count":"2"}},{"shape_attributes":{"name":"rect","x":280,"y":187,"width":21,"height":23},"region_attributes":{"Type":"1","count":"2"}},{"shape_attributes":{"name":"rect","x":286,"y":251,"width":15,"height":24},"region_attributes":{"Type":"1","count":"2"}},{"shape_attributes":{"name":"rect","x":367,"y":226,"width":33,"height":50},"region_attributes":{"Type":"1","count":"5"}},{"shape_attributes":{"name":"rect","x":321,"y":232,"width":34,"height":43},"region_attributes":{"Type":"1","count":"4"}},{"shape_attributes":{"name":"rect","x":415,"y":218,"width":25,"height":29},"region_attributes":{"Type":"1","count":"10"}},{"shape_attributes":{"name":"rect","x":411,"y":257,"width":13,"height":20},"region_attributes":{"Type":"2","count":"1"}},{"shape_attributes":{"name":"rect","x":435,"y":249,"width":17,"height":28},"region_attributes":{"Type":"1","count":"11"}},{"shape_attributes":{"name":"rect","x":467,"y":217,"width":12,"height":20},"region_attributes":{"Type":"2","count":"1"}},{"shape_attributes":{"name":"rect","x":481,"y":224,"width":17,"height":16},"region_attributes":{"Type":"1","count":"2"}},{"shape_attributes":{"name":"rect","x":469,"y":251,"width":24,"height":24},"region_attributes":{"Type":"2","count":"1"}},{"shape_attributes":{"name":"rect","x":508,"y":231,"width":20,"height":32},"region_attributes":{"Type":"1","count":"1"}},{"shape_attributes":{"name":"rect","x":560,"y":184,"width":19,"height":30},"region_attributes":{"Type":"1","count":"1"}}],"file_attributes":{"date":"2020-02-26","temp":"55","rain":"2","neighborhood":"Cortez","total_count":""}},"https://drive.google.com/uc?export=view&id=16XnK8mHJUZhc_DrTdIMVypIAJzUnSgPP\n":{"filename":"https://drive.google.com/uc?export=view&id=16XnK8mHJUZhc_DrTdIMVypIAJzUnSgPP\n","size":-1,"regions":[{"shape_attributes":{"name":"rect","x":213,"y":356,"width":9,"height":14},"region_attributes":{"Type":"1","count":"1"}},{"shape_attributes":{"name":"rect","x":214,"y":381,"width":24,"height":14},"region_attributes":{"Type":"2","count":"1"}},{"shape_attributes":{"name":"rect","x":391,"y":224,"width":13,"height":24},"region_attributes":{"Type":"1","count":"1"}},{"shape_attributes":{"name":"rect","x":413,"y":235,"width":13,"height":30},"region_attributes":{"Type":"2","count":"1"}},{"shape_attributes":{"name":"rect","x":435,"y":232,"width":37,"height":47},"region_attributes":{"Type":"1","count":"13"}},{"shape_attributes":{"name":"rect","x":488,"y":238,"width":12,"height":21},"region_attributes":{"Type":"1","count":"2"}},{"shape_attributes":{"name":"rect","x":473,"y":183,"width":48,"height":23},"region_attributes":{"Type":"1","count":"5"}},{"shape_attributes":{"name":"rect","x":586,"y":373,"width":13,"height":21},"region_attributes":{"Type":"1","count":"2"}}],"file_attributes":{"date":"2020-03-26","temp":"55","rain":"1","neighborhood":"Cortez","total_count":""}},"https://drive.google.com/uc?export=view&id=1AjO-sR0EmucecxO49bFDsqgCwXOEYGOt\n":{"filename":"https://drive.google.com/uc?export=view&id=1AjO-sR0EmucecxO49bFDsqgCwXOEYGOt\n","size":-1,"regions":[{"shape_attributes":{"name":"rect","x":185,"y":395,"width":16,"height":19},"region_attributes":{"Type":"1","count":"1"}},{"shape_attributes":{"name":"rect","x":284,"y":370,"width":15,"height":17},"region_attributes":{"Type":"1","count":"1"}},{"shape_attributes":{"name":"rect","x":338,"y":189,"width":15,"height":20},"region_attributes":{"Type":"1","count":"1"}},{"shape_attributes":{"name":"rect","x":332,"y":216,"width":17,"height":16},"region_attributes":{"Type":"2","count":"1"}},{"shape_attributes":{"name":"rect","x":336,"y":243,"width":13,"height":16},"region_attributes":{"Type":"1","count":"1"}},{"shape_attributes":{"name":"rect","x":407,"y":238,"width":35,"height":41},"region_attributes":{"Type":"1","count":"11"}},{"shape_attributes":{"name":"rect","x":454,"y":213,"width":15,"height":24},"region_attributes":{"Type":"1","count":"2"}},{"shape_attributes":{"name":"rect","x":459,"y":255,"width":21,"height":23},"region_attributes":{"Type":"2","count":"1"}},{"shape_attributes":{"name":"rect","x":456,"y":370,"width":11,"height":23},"region_attributes":{"Type":"1","count":"1"}},{"shape_attributes":{"name":"rect","x":508,"y":392,"width":17,"height":20},"region_attributes":{"Type":"1","count":"2"}}],"file_attributes":{"date":"","temp":"","rain":"2","neighborhood":"Cortez","total_count":""}},"https://drive.google.com/uc?export=view&id=136oiqanNwgEDEKxI5LyX8jPx36dH0RPh\n":{"filename":"https://drive.google.com/uc?export=view&id=136oiqanNwgEDEKxI5LyX8jPx36dH0RPh\n","size":-1,"regions":[{"shape_attributes":{"name":"rect","x":184,"y":392,"width":19,"height":32},"region_attributes":{"Type":"1","count":"1"}},{"shape_attributes":{"name":"rect","x":287,"y":384,"width":21,"height":30},"region_attributes":{"Type":"1","count":"2"}},{"shape_attributes":{"name":"rect","x":380,"y":384,"width":28,"height":29},"region_attributes":{"Type":"1","count":"4"}},{"shape_attributes":{"name":"rect","x":324,"y":302,"width":10,"height":15},"region_attributes":{"count":"1"}},{"shape_attributes":{"name":"rect","x":366,"y":296,"width":27,"height":45},"region_attributes":{"Type":"1","count":"2"}},{"shape_attributes":{"name":"rect","x":414,"y":297,"width":36,"height":59},"region_attributes":{"Type":"1","count":"9"}},{"shape_attributes":{"name":"rect","x":460,"y":295,"width":12,"height":21},"region_attributes":{"Type":"1","count":"1"}},{"shape_attributes":{"name":"rect","x":516,"y":300,"width":13,"height":15},"region_attributes":{"Type":"1","count":"2"}},{"shape_attributes":{"name":"rect","x":504,"y":184,"width":16,"height":21},"region_attributes":{"Type":"1","count":"1"}},{"shape_attributes":{"name":"rect","x":479,"y":197,"width":22,"height":23},"region_attributes":{"Type":"1","count":"1"}}],"file_attributes":{"date":"","temp":"","rain":"2","neighborhood":"Cortez","total_count":""}},"https://drive.google.com/uc?export=view&id=18HzcQ0AY9rdQ4Q4glwMBmYIVqgkBq751\n":{"filename":"https://drive.google.com/uc?export=view&id=18HzcQ0AY9rdQ4Q4glwMBmYIVqgkBq751\n","size":-1,"regions":[{"shape_attributes":{"name":"rect","x":185,"y":386,"width":27,"height":45},"region_attributes":{"Type":"2","count":"2"}},{"shape_attributes":{"name":"rect","x":316,"y":302,"width":24,"height":26},"region_attributes":{"Type":"1","count":"1"}},{"shape_attributes":{"name":"rect","x":267,"y":407,"width":24,"height":26},"region_attributes":{"Type":"1","count":"1"}},{"shape_attributes":{"name":"rect","x":373,"y":334,"width":24,"height":26},"region_attributes":{"Type":"1","count":"1"}},{"shape_attributes":{"name":"rect","x":468,"y":339,"width":24,"height":26},"region_attributes":{"Type":"1","count":"1"}},{"shape_attributes":{"name":"rect","x":503,"y":362,"width":24,"height":26},"region_attributes":{"Type":"1","count":"1"}},{"shape_attributes":{"name":"rect","x":433,"y":405,"width":24,"height":26},"region_attributes":{"Type":"1","count":"1"}},{"shape_attributes":{"name":"rect","x":318,"y":381,"width":24,"height":26},"region_attributes":{"Type":"1","count":"4"}},{"shape_attributes":{"name":"rect","x":383,"y":384,"width":24,"height":26},"region_attributes":{"Type":"1","count":"2"}},{"shape_attributes":{"name":"rect","x":246,"y":378,"width":24,"height":26},"region_attributes":{"Type":"1","count":"1"}},{"shape_attributes":{"name":"rect","x":422,"y":246,"width":29,"height":23},"region_attributes":{"Type":"1","count":"13"}},{"shape_attributes":{"name":"rect","x":427,"y":277,"width":12,"height":8},"region_attributes":{"Type":"2","count":"1"}},{"shape_attributes":{"name":"rect","x":431,"y":370,"width":18,"height":12},"region_attributes":{"Type":"1","count":"2"}},{"shape_attributes":{"name":"rect","x":415,"y":392,"width":13,"height":15},"region_attributes":{"Type":"1","count":"2"}},{"shape_attributes":{"name":"rect","x":468,"y":295,"width":25,"height":22},"region_attributes":{"Type":"2","count":"1"}},{"shape_attributes":{"name":"rect","x":511,"y":407,"width":19,"height":17},"region_attributes":{"Type":"1","count":"2"}}],"file_attributes":{"date":"","temp":"","rain":"2","neighborhood":"Cortez","total_count":""}},"https://drive.google.com/uc?export=view&id=1lHJALPX7f5s6Qoc4hOjirf1K1w-SGosH\n":{"filename":"https://drive.google.com/uc?export=view&id=1lHJALPX7f5s6Qoc4hOjirf1K1w-SGosH\n","size":-1,"regions":[{"shape_attributes":{"name":"rect","x":170,"y":409,"width":18,"height":22},"region_attributes":{"Type":"1","count":"1"}},{"shape_attributes":{"name":"rect","x":293,"y":335,"width":13,"height":16},"region_attributes":{"Type":"1","count":"1"}},{"shape_attributes":{"name":"rect","x":309,"y":393,"width":25,"height":25},"region_attributes":{"Type":"1","count":"3"}},{"shape_attributes":{"name":"rect","x":364,"y":305,"width":19,"height":24},"region_attributes":{"Type":"1","count":"1"}},{"shape_attributes":{"name":"rect","x":423,"y":406,"width":17,"height":20},"region_attributes":{"Type":"1","count":"1"}},{"shape_attributes":{"name":"rect","x":431,"y":341,"width":25,"height":20},"region_attributes":{"Type":"1","count":"1"}},{"shape_attributes":{"name":"rect","x":412,"y":256,"width":28,"height":31},"region_attributes":{"Type":"1","count":"12"}},{"shape_attributes":{"name":"rect","x":460,"y":255,"width":19,"height":20},"region_attributes":{"Type":"1","count":"1"}},{"shape_attributes":{"name":"rect","x":454,"y":300,"width":20,"height":19},"region_attributes":{"Type":"1","count":"1"}},{"shape_attributes":{"name":"rect","x":476,"y":294,"width":12,"height":22},"region_attributes":{"Type":"2","count":"1"}}],"file_attributes":{"date":"2020-07-29","temp":"64","rain":"2","neighborhood":"Cortez","total_count":""}},"https://drive.google.com/uc?export=view&id=1p8Jb1OdwlCRMH7EM22d6eBKEszBmV7-e\n":{"filename":"https://drive.google.com/uc?export=view&id=1p8Jb1OdwlCRMH7EM22d6eBKEszBmV7-e\n","size":-1,"regions":[{"shape_attributes":{"name":"rect","x":227,"y":393,"width":26,"height":27},"region_attributes":{"Type":"1","count":"1"}},{"shape_attributes":{"name":"rect","x":303,"y":362,"width":24,"height":26},"region_attributes":{"Type":"1","count":"1"}},{"shape_attributes":{"name":"rect","x":395,"y":371,"width":24,"height":26},"region_attributes":{"Type":"1","count":"1"}},{"shape_attributes":{"name":"rect","x":408,"y":391,"width":24,"height":26},"region_attributes":{"Type":"1","count":"1"}},{"shape_attributes":{"name":"rect","x":367,"y":319,"width":24,"height":26},"region_attributes":{"Type":"1","count":"1"}},{"shape_attributes":{"name":"rect","x":456,"y":274,"width":24,"height":26},"region_attributes":{"Type":"1","count":"1"}},{"shape_attributes":{"name":"rect","x":246,"y":378,"width":24,"height":26},"region_attributes":{"Type":"1","count":"1"}},{"shape_attributes":{"name":"rect","x":456,"y":190,"width":14,"height":13},"region_attributes":{"Type":"1","count":"2"}},{"shape_attributes":{"name":"rect","x":408,"y":235,"width":25,"height":36},"region_attributes":{"Type":"1","count":"11"}},{"shape_attributes":{"name":"rect","x":282,"y":397,"width":22,"height":21},"region_attributes":{"Type":"1","count":"2"}}],"file_attributes":{"date":"","temp":"","rain":"2","neighborhood":"Cortez","total_count":""}},"https://drive.google.com/uc?export=view&id=1JeIO3LT9B-za2nQy_VA-HvjfwIRn15hu\n":{"filename":"https://drive.google.com/uc?export=view&id=1JeIO3LT9B-za2nQy_VA-HvjfwIRn15hu\n","size":-1,"regions":[{"shape_attributes":{"name":"rect","x":288,"y":271,"width":20,"height":17},"region_attributes":{"Type":"1","count":"2"}},{"shape_attributes":{"name":"rect","x":268,"y":315,"width":17,"height":33},"region_attributes":{"Type":"1","count":"1"}},{"shape_attributes":{"name":"rect","x":411,"y":256,"width":30,"height":35},"region_attributes":{"Type":"1","count":"6"}},{"shape_attributes":{"name":"rect","x":315,"y":384,"width":37,"height":41},"region_attributes":{"Type":"1","count":"5"}},{"shape_attributes":{"name":"rect","x":477,"y":337,"width":18,"height":22},"region_attributes":{"Type":"1","count":"1"}},{"shape_attributes":{"name":"rect","x":528,"y":366,"width":16,"height":24},"region_attributes":{"Type":"1","count":"1"}}],"file_attributes":{"date":"2020-09-29","temp":"70","rain":"2","neighborhood":"Cortez","total_count":""}},"https://drive.google.com/uc?export=view&id=1qDVzD2hVI7yW34CPEqew_V_OcB3Kv6zf\n":{"filename":"https://drive.google.com/uc?export=view&id=1qDVzD2hVI7yW34CPEqew_V_OcB3Kv6zf\n","size":-1,"regions":[{"shape_attributes":{"name":"rect","x":267,"y":303,"width":37,"height":24},"region_attributes":{"Type":"1","count":"4"}},{"shape_attributes":{"name":"rect","x":292,"y":230,"width":13,"height":16},"region_attributes":{"Type":"1","count":"1"}},{"shape_attributes":{"name":"rect","x":318,"y":243,"width":5,"height":33},"region_attributes":{"Type":"1","count":"1"}},{"shape_attributes":{"name":"rect","x":359,"y":243,"width":22,"height":42},"region_attributes":{"Type":"1","count":"5"}},{"shape_attributes":{"name":"rect","x":315,"y":385,"width":33,"height":37},"region_attributes":{"Type":"1","count":"4"}},{"shape_attributes":{"name":"rect","x":408,"y":389,"width":25,"height":31},"region_attributes":{"Type":"1","count":"3"}},{"shape_attributes":{"name":"rect","x":470,"y":407,"width":15,"height":18},"region_attributes":{"Type":"1","count":"1"}},{"shape_attributes":{"name":"rect","x":569,"y":378,"width":22,"height":17},"region_attributes":{"Type":"1","count":"1"}},{"shape_attributes":{"name":"rect","x":506,"y":228,"width":11,"height":18},"region_attributes":{"Type":"1","count":"1"}},{"shape_attributes":{"name":"rect","x":409,"y":252,"width":28,"height":36},"region_attributes":{"Type":"1","count":"11"}},{"shape_attributes":{"name":"rect","x":405,"y":198,"width":18,"height":19},"region_attributes":{"Type":"1","count":"1"}}],"file_attributes":{"date":"","temp":"","rain":"2","neighborhood":"Cortez","total_count":""}},"https://drive.google.com/uc?export=view&id=14tuVLLM1NPGz3TeiYoM8GNJg5aetSylq\n":{"filename":"https://drive.google.com/uc?export=view&id=14tuVLLM1NPGz3TeiYoM8GNJg5aetSylq\n","size":-1,"regions":[{"shape_attributes":{"name":"rect","x":290,"y":269,"width":17,"height":23},"region_attributes":{"Type":"1","count":"1"}},{"shape_attributes":{"name":"rect","x":286,"y":316,"width":22,"height":14},"region_attributes":{"Type":"1","count":"4"}},{"shape_attributes":{"name":"rect","x":314,"y":363,"width":40,"height":60},"region_attributes":{"Type":"1","count":"5"}},{"shape_attributes":{"name":"rect","x":420,"y":259,"width":19,"height":29},"region_attributes":{"Type":"1","count":"10"}},{"shape_attributes":{"name":"rect","x":365,"y":226,"width":15,"height":19},"region_attributes":{"Type":"1","count":"1"}},{"shape_attributes":{"name":"rect","x":470,"y":298,"width":15,"height":17},"region_attributes":{"Type":"1","count":"1"}}],"file_attributes":{"date":"2020-11-24","temp":"59","rain":"2","neighborhood":"Cortez","total_count":""}},"https://drive.google.com/uc?export=view&id=1IMsurPTfAepRTIhJi8a_J0bST1hY6E-i\n":{"filename":"https://drive.google.com/uc?export=view&id=1IMsurPTfAepRTIhJi8a_J0bST1hY6E-i\n","size":-1,"regions":[{"shape_attributes":{"name":"rect","x":260,"y":119,"width":18,"height":27},"region_attributes":{"Type":"2","count":"8"}},{"shape_attributes":{"name":"rect","x":292,"y":125,"width":15,"height":23},"region_attributes":{"Type":"2","count":"5"}},{"shape_attributes":{"name":"rect","x":264,"y":229,"width":18,"height":23},"region_attributes":{"Type":"1","count":"1"}},{"shape_attributes":{"name":"rect","x":256,"y":294,"width":24,"height":35},"region_attributes":{"Type":"1","count":"3"}},{"shape_attributes":{"name":"rect","x":292,"y":197,"width":13,"height":20},"region_attributes":{"Type":"1","count":"1"}},{"shape_attributes":{"name":"rect","x":288,"y":236,"width":20,"height":18},"region_attributes":{"Type":"1","count":"1"}},{"shape_attributes":{"name":"rect","x":344,"y":237,"width":23,"height":22},"region_attributes":{"Type":"1","count":"3"}},{"shape_attributes":{"name":"rect","x":344,"y":340,"width":25,"height":21},"region_attributes":{"Type":"2","count":"1"}},{"shape_attributes":{"name":"rect","x":397,"y":222,"width":24,"height":35},"region_attributes":{"Type":"1","count":"15"}},{"shape_attributes":{"name":"rect","x":392,"y":160,"width":16,"height":26},"region_attributes":{"Type":"2","count":"1"}},{"shape_attributes":{"name":"rect","x":460,"y":155,"width":23,"height":30},"region_attributes":{"Type":"1","count":"1"}},{"shape_attributes":{"name":"rect","x":459,"y":378,"width":9,"height":28},"region_attributes":{"Type":"1","count":"1"}}],"file_attributes":{"date":"2020-12-29","temp":"53","rain":"1","neighborhood":"Cortez","total_count":""}}},"_via_attributes":{"region":{"Type":{"type":"dropdown","description":"","options":{"1":"Individual","2":"Structure","3":"Vehicle"},"default_options":{}},"count":{"type":"text","description":"","default_value":""}},"file":{"date":{"type":"text","description":"","default_value":""},"temp":{"type":"text","description":"","default_value":""},"rain":{"type":"dropdown","description":"","options":{"1":"rain","2":"clear"},"default_options":{"2":true}},"neighborhood":{"type":"text","description":"","default_value":"Cortez"},"total_count":{"type":"text","description":"","default_value":""}}},"_via_data_format_version":"2.0.10","_via_image_id_list":["https://drive.google.com/uc?export=view&id=1KzODuR2syysVKBOjkTq0LcG8bNGuQ--3\n","https://drive.google.com/uc?export=view&id=1ty9xqXqc4GWUkbTVqt8lGMZce0TMCXU0\n","https://drive.google.com/uc?export=view&id=16XnK8mHJUZhc_DrTdIMVypIAJzUnSgPP\n","https://drive.google.com/uc?export=view&id=1AjO-sR0EmucecxO49bFDsqgCwXOEYGOt\n","https://drive.google.com/uc?export=view&id=136oiqanNwgEDEKxI5LyX8jPx36dH0RPh\n","https://drive.google.com/uc?export=view&id=18HzcQ0AY9rdQ4Q4glwMBmYIVqgkBq751\n","https://drive.google.com/uc?export=view&id=1lHJALPX7f5s6Qoc4hOjirf1K1w-SGosH\n","https://drive.google.com/uc?export=view&id=1p8Jb1OdwlCRMH7EM22d6eBKEszBmV7-e\n","https://drive.google.com/uc?export=view&id=1JeIO3LT9B-za2nQy_VA-HvjfwIRn15hu\n","https://drive.google.com/uc?export=view&id=1qDVzD2hVI7yW34CPEqew_V_OcB3Kv6zf\n","https://drive.google.com/uc?export=view&id=14tuVLLM1NPGz3TeiYoM8GNJg5aetSylq\n","https://drive.google.com/uc?export=view&id=1IMsurPTfAepRTIhJi8a_J0bST1hY6E-i\n"]}