{"_via_settings":{"ui":{"annotation_editor_height":25,"annotation_editor_fontsize":0.8,"leftsidebar_width":18,"image_grid":{"img_height":80,"rshape_fill":"none","rshape_fill_opacity":0.3,"rshape_stroke":"yellow","rshape_stroke_width":2,"show_region_shape":true,"show_image_policy":"all"},"image":{"region_label":"__via_region_id__","region_color":"__via_default_region_color__","region_label_font":"10px Sans","on_image_annotation_editor_placement":"NEAR_REGION"}},"core":{"buffer_size":18,"filepath":{},"default_filepath":""},"project":{"name":"Marina_2020_count"}},"_via_img_metadata":{"https://drive.google.com/uc?export=view&id=1UD3Op4xNbhHwSnfK7Cj25n91gohY6TAL\n":{"filename":"https://drive.google.com/uc?export=view&id=1UD3Op4xNbhHwSnfK7Cj25n91gohY6TAL\n","size":-1,"regions":[{"shape_attributes":{"name":"circle","cx":88,"cy":67,"r":14},"region_attributes":{"Type":"1","count":"1"}},{"shape_attributes":{"name":"circle","cx":87,"cy":86,"r":11},"region_attributes":{"Type":"1","count":"1"}},{"shape_attributes":{"name":"circle","cx":117,"cy":87,"r":14},"region_attributes":{"Type":"1","count":"1"}},{"shape_attributes":{"name":"circle","cx":153,"cy":87,"r":12},"region_attributes":{"Type":"1","count":"1"}},{"shape_attributes":{"name":"circle","cx":151,"cy":69,"r":11},"region_attributes":{"Type":"1","count":"1"}},{"shape_attributes":{"name":"circle","cx":163,"cy":63,"r":12},"region_attributes":{"Type":"1","count":"1"}},{"shape_attributes":{"name":"circle","cx":237,"cy":113,"r":11.5},"region_attributes":{"Type":"1","count":"1"}},{"shape_attributes":{"name":"circle","cx":167,"cy":203,"r":12.093},"region_attributes":{"Type":"1","count":"1"}},{"shape_attributes":{"name":"circle","cx":218,"cy":187,"r":10},"region_attributes":{"Type":"1","count":"1"}},{"shape_attributes":{"name":"circle","cx":301,"cy":186,"r":11},"region_attributes":{"Type":"1","count":"1"}},{"shape_attributes":{"name":"circle","cx":266,"cy":227,"r":9},"region_attributes":{"Type":"1","count":"1"}},{"shape_attributes":{"name":"circle","cx":383,"cy":135,"r":14},"region_attributes":{"Type":"3","count":"1"}},{"shape_attributes":{"name":"circle","cx":568,"cy":186,"r":10.512},"region_attributes":{"Type":"1","count":"3"}},{"shape_attributes":{"name":"circle","cx":611,"cy":206,"r":10},"region_attributes":{"Type":"1","count":"8"}},{"shape_attributes":{"name":"circle","cx":633,"cy":204,"r":10.5},"region_attributes":{"Type":"1","count":"3"}},{"shape_attributes":{"name":"circle","cx":581,"cy":281,"r":9},"region_attributes":{"Type":"1","count":"1"}},{"shape_attributes":{"name":"circle","cx":463,"cy":327,"r":10},"region_attributes":{"Type":"1","count":"3"}},{"shape_attributes":{"name":"circle","cx":528,"cy":344,"r":9},"region_attributes":{"Type":"1","count":"2"}},{"shape_attributes":{"name":"circle","cx":556,"cy":330,"r":10},"region_attributes":{"Type":"1","count":"1"}},{"shape_attributes":{"name":"circle","cx":582,"cy":346,"r":9},"region_attributes":{"Type":"1","count":"2"}},{"shape_attributes":{"name":"circle","cx":408,"cy":361,"r":9},"region_attributes":{"Type":"1","count":"2"}},{"shape_attributes":{"name":"circle","cx":524,"cy":398,"r":10},"region_attributes":{"Type":"1","count":"1"}},{"shape_attributes":{"name":"circle","cx":499,"cy":425,"r":12.5},"region_attributes":{"Type":"2","count":"2"}},{"shape_attributes":{"name":"circle","cx":542,"cy":446,"r":9},"region_attributes":{"Type":"1","count":"2"}},{"shape_attributes":{"name":"circle","cx":621,"cy":227,"r":9},"region_attributes":{"Type":"1","count":"2"}}],"file_attributes":{"date":"","temp":"48","rain":"2","neighborhood":"Marina","total_count":""}},"https://drive.google.com/uc?export=view&id=1JFEdT1InoKSVAD-6X5a9kQfV5mwCzMiQ\n":{"filename":"https://drive.google.com/uc?export=view&id=1JFEdT1InoKSVAD-6X5a9kQfV5mwCzMiQ\n","size":-1,"regions":[{"shape_attributes":{"name":"circle","cx":233,"cy":161,"r":13},"region_attributes":{"Type":"1","count":"1"}},{"shape_attributes":{"name":"circle","cx":203,"cy":195,"r":9},"region_attributes":{"Type":"1","count":"1"}},{"shape_attributes":{"name":"circle","cx":218,"cy":208,"r":9},"region_attributes":{"Type":"1","count":"2"}},{"shape_attributes":{"name":"circle","cx":519,"cy":214,"r":13},"region_attributes":{"Type":"1","count":"1"}},{"shape_attributes":{"name":"circle","cx":549,"cy":215,"r":11},"region_attributes":{"Type":"1","count":"1"}},{"shape_attributes":{"name":"circle","cx":602,"cy":214,"r":11},"region_attributes":{"Type":"1","count":"7"}},{"shape_attributes":{"name":"circle","cx":611,"cy":232,"r":11},"region_attributes":{"Type":"1","count":"1"}},{"shape_attributes":{"name":"circle","cx":570,"cy":268,"r":12},"region_attributes":{"Type":"1","count":"1"}},{"shape_attributes":{"name":"circle","cx":499,"cy":346,"r":11},"region_attributes":{"Type":"1","count":"1"}},{"shape_attributes":{"name":"circle","cx":468,"cy":361,"r":12},"region_attributes":{"Type":"1","count":"1"}},{"shape_attributes":{"name":"circle","cx":521,"cy":342,"r":13},"region_attributes":{"Type":"2","count":"1"}},{"shape_attributes":{"name":"circle","cx":521,"cy":369,"r":14},"region_attributes":{"Type":"1","count":"2"}},{"shape_attributes":{"name":"circle","cx":570,"cy":341,"r":11},"region_attributes":{"Type":"1","count":"1"}},{"shape_attributes":{"name":"circle","cx":615,"cy":332,"r":12},"region_attributes":{"Type":"1","count":"1"}},{"shape_attributes":{"name":"circle","cx":600,"cy":419,"r":15},"region_attributes":{"Type":"1","count":"1"}},{"shape_attributes":{"name":"circle","cx":616,"cy":440,"r":14},"region_attributes":{"Type":"1","count":"1"}},{"shape_attributes":{"name":"circle","cx":505,"cy":388,"r":14},"region_attributes":{"Type":"3","count":"1"}}],"file_attributes":{"date":"2020-02-26","temp":"55","rain":"2","neighborhood":"Marina","total_count":""}},"https://drive.google.com/uc?export=view&id=1gOFPSCrJPSuriO_ve7kDBUTClY_d8b1G\n":{"filename":"https://drive.google.com/uc?export=view&id=1gOFPSCrJPSuriO_ve7kDBUTClY_d8b1G\n","size":-1,"regions":[{"shape_attributes":{"name":"circle","cx":154,"cy":150,"r":11},"region_attributes":{"Type":"1","count":"1"}},{"shape_attributes":{"name":"circle","cx":163,"cy":167,"r":14},"region_attributes":{"Type":"2","count":"1"}},{"shape_attributes":{"name":"circle","cx":311,"cy":225,"r":11},"region_attributes":{"Type":"1","count":"1"}},{"shape_attributes":{"name":"circle","cx":599,"cy":212,"r":13.01},"region_attributes":{"Type":"1","count":"1"}},{"shape_attributes":{"name":"circle","cx":576,"cy":231,"r":13},"region_attributes":{"Type":"1","count":"1"}},{"shape_attributes":{"name":"circle","cx":543,"cy":286,"r":14},"region_attributes":{"Type":"1","count":"1"}},{"shape_attributes":{"name":"circle","cx":595,"cy":285,"r":15},"region_attributes":{"Type":"1","count":"1"}},{"shape_attributes":{"name":"circle","cx":544,"cy":348,"r":13},"region_attributes":{"Type":"1","count":"3"}},{"shape_attributes":{"name":"circle","cx":596,"cy":338,"r":15},"region_attributes":{"Type":"2","count":"2"}},{"shape_attributes":{"name":"circle","cx":594,"cy":365,"r":12},"region_attributes":{"Type":"1","count":"1"}},{"shape_attributes":{"name":"circle","cx":649,"cy":347,"r":12},"region_attributes":{"Type":"1","count":"3"}},{"shape_attributes":{"name":"circle","cx":631,"cy":444,"r":11},"region_attributes":{"Type":"1","count":"2"}}],"file_attributes":{"date":"2020-03-26","temp":"55","rain":"1","neighborhood":"Marina","total_count":""}},"https://drive.google.com/uc?export=view&id=1vQUF6aqPn9reM5YI4RFU9xSimm5aHENe\n":{"filename":"https://drive.google.com/uc?export=view&id=1vQUF6aqPn9reM5YI4RFU9xSimm5aHENe\n","size":-1,"regions":[{"shape_attributes":{"name":"circle","cx":79,"cy":153,"r":13},"region_attributes":{"Type":"1","count":"2"}},{"shape_attributes":{"name":"circle","cx":193,"cy":173,"r":13},"region_attributes":{"Type":"1","count":"1"}},{"shape_attributes":{"name":"circle","cx":221,"cy":212,"r":12},"region_attributes":{"Type":"1","count":"1"}},{"shape_attributes":{"name":"circle","cx":492,"cy":204,"r":12},"region_attributes":{"Type":"1","count":"2"}},{"shape_attributes":{"name":"circle","cx":556,"cy":222,"r":12},"region_attributes":{"Type":"1","count":"1"}},{"shape_attributes":{"name":"circle","cx":607,"cy":218,"r":14},"region_attributes":{"Type":"1","count":"1"}},{"shape_attributes":{"name":"circle","cx":557,"cy":289,"r":13},"region_attributes":{"Type":"1","count":"1"}},{"shape_attributes":{"name":"circle","cx":556,"cy":354,"r":15},"region_attributes":{"Type":"1","count":"7"}},{"shape_attributes":{"name":"circle","cx":605,"cy":367,"r":13},"region_attributes":{"Type":"1","count":"3"}},{"shape_attributes":{"name":"circle","cx":491,"cy":405,"r":13},"region_attributes":{"Type":"1","count":"3"}},{"shape_attributes":{"name":"circle","cx":596,"cy":442,"r":14},"region_attributes":{"Type":"1","count":"2"}}],"file_attributes":{"date":"2020-04-30","temp":"63","rain":"2","neighborhood":"Marina","total_count":""}},"https://drive.google.com/uc?export=view&id=1hlmmocPlwu5nPlDCdLO6JPyQ1S-kaiEw\n":{"filename":"https://drive.google.com/uc?export=view&id=1hlmmocPlwu5nPlDCdLO6JPyQ1S-kaiEw\n","size":-1,"regions":[{"shape_attributes":{"name":"circle","cx":77,"cy":81,"r":16},"region_attributes":{"Type":"2","count":"5"}},{"shape_attributes":{"name":"circle","cx":83,"cy":104,"r":11},"region_attributes":{"Type":"1","count":"1"}},{"shape_attributes":{"name":"circle","cx":150,"cy":85,"r":14},"region_attributes":{"Type":"1","count":"1"}},{"shape_attributes":{"name":"circle","cx":78,"cy":163,"r":16},"region_attributes":{"Type":"1","count":"1"}},{"shape_attributes":{"name":"circle","cx":158,"cy":140,"r":11},"region_attributes":{"Type":"1","count":"1"}},{"shape_attributes":{"name":"circle","cx":205,"cy":203,"r":16},"region_attributes":{"Type":"1","count":"1"}},{"shape_attributes":{"name":"circle","cx":255,"cy":287,"r":11},"region_attributes":{"Type":"1","count":"1"}},{"shape_attributes":{"name":"circle","cx":306,"cy":332,"r":15},"region_attributes":{"Type":"1","count":"1"}},{"shape_attributes":{"name":"circle","cx":562,"cy":243,"r":15},"region_attributes":{"Type":"1","count":"1"}},{"shape_attributes":{"name":"circle","cx":611,"cy":207,"r":12},"region_attributes":{"Type":"1","count":"1"}},{"shape_attributes":{"name":"circle","cx":600,"cy":356,"r":12},"region_attributes":{"Type":"1","count":"1"}},{"shape_attributes":{"name":"circle","cx":570,"cy":372,"r":12},"region_attributes":{"Type":"1","count":"2"}},{"shape_attributes":{"name":"circle","cx":615,"cy":383,"r":13},"region_attributes":{"Type":"1","count":"1"}},{"shape_attributes":{"name":"circle","cx":511,"cy":419,"r":12},"region_attributes":{"Type":"1","count":"1"}}],"file_attributes":{"date":"2020-05-28","temp":"","rain":"2","neighborhood":"Marina","total_count":""}},"https://drive.google.com/uc?export=view&id=1J1b0sUxuyqEmC7AaUe_5p0343qKGJHFa\n":{"filename":"https://drive.google.com/uc?export=view&id=1J1b0sUxuyqEmC7AaUe_5p0343qKGJHFa\n","size":-1,"regions":[{"shape_attributes":{"name":"circle","cx":86,"cy":105,"r":12},"region_attributes":{"Type":"1","count":"6"}},{"shape_attributes":{"name":"circle","cx":290,"cy":248,"r":12},"region_attributes":{"Type":"1","count":"1"}},{"shape_attributes":{"name":"circle","cx":364,"cy":207,"r":10},"region_attributes":{"Type":"1","count":"1"}},{"shape_attributes":{"name":"circle","cx":629,"cy":206,"r":11},"region_attributes":{"Type":"1","count":"2"}},{"shape_attributes":{"name":"circle","cx":602,"cy":226,"r":10},"region_attributes":{"Type":"1","count":"4"}},{"shape_attributes":{"name":"circle","cx":516,"cy":279,"r":7},"region_attributes":{"Type":"1","count":"1"}},{"shape_attributes":{"name":"circle","cx":394,"cy":305,"r":8},"region_attributes":{"Type":"1","count":"1"}},{"shape_attributes":{"name":"circle","cx":524,"cy":301,"r":8},"region_attributes":{"Type":"1","count":"1"}},{"shape_attributes":{"name":"circle","cx":548,"cy":287,"r":9},"region_attributes":{"Type":"1","count":"1"}},{"shape_attributes":{"name":"circle","cx":577,"cy":301,"r":9},"region_attributes":{"Type":"1","count":"1"}},{"shape_attributes":{"name":"circle","cx":575,"cy":368,"r":11.511},"region_attributes":{"Type":"1","count":"1"}},{"shape_attributes":{"name":"circle","cx":550,"cy":434,"r":14.036},"region_attributes":{"Type":"2","count":"1"}},{"shape_attributes":{"name":"circle","cx":525,"cy":359,"r":10.012},"region_attributes":{"Type":"1","count":"1"}},{"shape_attributes":{"name":"circle","cx":525,"cy":379,"r":10.5},"region_attributes":{"Type":"2","count":"1"}},{"shape_attributes":{"name":"circle","cx":521,"cy":422,"r":13},"region_attributes":{"Type":"1","count":"4"}}],"file_attributes":{"date":"2020-06-25","temp":"60","rain":"2","neighborhood":"Marina","total_count":""}},"https://drive.google.com/uc?export=view&id=1CI1QNuPoHTmeSsF6_z_dpRrjcd7KNYe6\n":{"filename":"https://drive.google.com/uc?export=view&id=1CI1QNuPoHTmeSsF6_z_dpRrjcd7KNYe6\n","size":-1,"regions":[{"shape_attributes":{"name":"circle","cx":152,"cy":108,"r":11},"region_attributes":{"Type":"1","count":"1"}},{"shape_attributes":{"name":"circle","cx":81,"cy":161,"r":14},"region_attributes":{"Type":"1","count":"1"}},{"shape_attributes":{"name":"circle","cx":160,"cy":138,"r":10},"region_attributes":{"Type":"1","count":"1"}},{"shape_attributes":{"name":"circle","cx":230,"cy":180,"r":15},"region_attributes":{"Type":"1","count":"1"}},{"shape_attributes":{"name":"circle","cx":210,"cy":223,"r":14.036},"region_attributes":{"Type":"1","count":"1"}},{"shape_attributes":{"name":"circle","cx":250,"cy":207,"r":12.54},"region_attributes":{"Type":"1","count":"1"}},{"shape_attributes":{"name":"circle","cx":297,"cy":185,"r":14},"region_attributes":{"Type":"1","count":"1"}},{"shape_attributes":{"name":"circle","cx":602,"cy":227,"r":10.088},"region_attributes":{"Type":"1","count":"6"}},{"shape_attributes":{"name":"circle","cx":627,"cy":205,"r":14.682},"region_attributes":{"Type":"1","count":"2"}},{"shape_attributes":{"name":"circle","cx":439,"cy":357,"r":9.357},"region_attributes":{"Type":"1","count":"1"}},{"shape_attributes":{"name":"circle","cx":467,"cy":349,"r":15},"region_attributes":{"Type":"1","count":"1"}},{"shape_attributes":{"name":"circle","cx":520,"cy":362,"r":12},"region_attributes":{"Type":"1","count":"1"}},{"shape_attributes":{"name":"circle","cx":521,"cy":378,"r":18},"region_attributes":{"Type":"2","count":"2"}},{"shape_attributes":{"name":"circle","cx":502,"cy":389,"r":14},"region_attributes":{"Type":"1","count":"2"}},{"shape_attributes":{"name":"circle","cx":575,"cy":367,"r":12},"region_attributes":{"Type":"1","count":"2"}},{"shape_attributes":{"name":"circle","cx":521,"cy":417,"r":12.019},"region_attributes":{"Type":"1","count":"1"}},{"shape_attributes":{"name":"circle","cx":603,"cy":458,"r":15.333},"region_attributes":{"Type":"1","count":"1"}}],"file_attributes":{"date":"2020-07-29","temp":"","rain":"2","neighborhood":"Marina","total_count":""}},"https://drive.google.com/uc?export=view&id=1gIT3PK90FCP09tPyJyKsBNSgrxGCZrBp\n":{"filename":"https://drive.google.com/uc?export=view&id=1gIT3PK90FCP09tPyJyKsBNSgrxGCZrBp\n","size":-1,"regions":[{"shape_attributes":{"name":"circle","cx":72,"cy":77,"r":16.68},"region_attributes":{"Type":"1","count":"2"}},{"shape_attributes":{"name":"circle","cx":238,"cy":237,"r":14},"region_attributes":{"Type":"1","count":"1"}},{"shape_attributes":{"name":"circle","cx":599,"cy":191,"r":14},"region_attributes":{"Type":"1","count":"1"}},{"shape_attributes":{"name":"circle","cx":593,"cy":215,"r":20},"region_attributes":{"Type":"1","count":"4"}},{"shape_attributes":{"name":"circle","cx":589,"cy":267,"r":18},"region_attributes":{"Type":"1","count":"3"}},{"shape_attributes":{"name":"circle","cx":561,"cy":301,"r":17},"region_attributes":{"Type":"1","count":"3"}},{"shape_attributes":{"name":"circle","cx":439,"cy":339,"r":15.391},"region_attributes":{"Type":"1","count":"2"}},{"shape_attributes":{"name":"circle","cx":561,"cy":376,"r":15.463},"region_attributes":{"Type":"1","count":"2"}},{"shape_attributes":{"name":"circle","cx":589,"cy":354,"r":13.4},"region_attributes":{"Type":"1","count":"1"}},{"shape_attributes":{"name":"circle","cx":620,"cy":470,"r":17.537},"region_attributes":{"Type":"1","count":"1"}}],"file_attributes":{"date":"2020-08-27","temp":"76","rain":"2","neighborhood":"Marina","total_count":""}},"https://drive.google.com/uc?export=view&id=1mfxxTSnkaKBtHk7JoE9ibBfBqZ5oPM8Y\n":{"filename":"https://drive.google.com/uc?export=view&id=1mfxxTSnkaKBtHk7JoE9ibBfBqZ5oPM8Y\n","size":-1,"regions":[{"shape_attributes":{"name":"circle","cx":83,"cy":65,"r":16},"region_attributes":{"Type":"1","count":"5"}},{"shape_attributes":{"name":"circle","cx":81,"cy":87,"r":19},"region_attributes":{"Type":"2","count":"2"}},{"shape_attributes":{"name":"circle","cx":127,"cy":83,"r":14},"region_attributes":{"Type":"1","count":"1"}},{"shape_attributes":{"name":"circle","cx":457,"cy":207,"r":16},"region_attributes":{"Type":"1","count":"1"}},{"shape_attributes":{"name":"circle","cx":572,"cy":207,"r":12},"region_attributes":{"Type":"1","count":"2"}},{"shape_attributes":{"name":"circle","cx":624,"cy":209,"r":15},"region_attributes":{"Type":"1","count":"5"}},{"shape_attributes":{"name":"circle","cx":626,"cy":247,"r":12},"region_attributes":{"Type":"1","count":"1"}},{"shape_attributes":{"name":"circle","cx":597,"cy":249,"r":13},"region_attributes":{"Type":"1","count":"1"}},{"shape_attributes":{"name":"circle","cx":569,"cy":279,"r":15},"region_attributes":{"Type":"1","count":"1"}},{"shape_attributes":{"name":"circle","cx":572,"cy":372,"r":16},"region_attributes":{"Type":"1","count":"1"}},{"shape_attributes":{"name":"circle","cx":600,"cy":386,"r":14},"region_attributes":{"Type":"1","count":"1"}},{"shape_attributes":{"name":"circle","cx":523,"cy":419,"r":16.055},"region_attributes":{"Type":"2","count":"1"}},{"shape_attributes":{"name":"circle","cx":551,"cy":441,"r":13},"region_attributes":{"Type":"1","count":"1"}},{"shape_attributes":{"name":"circle","cx":599,"cy":459,"r":12.667},"region_attributes":{"Type":"1","count":"1"}},{"shape_attributes":{"name":"circle","cx":647,"cy":495,"r":16},"region_attributes":{"Type":"1","count":"1"}}],"file_attributes":{"date":"2020-09-29","temp":"","rain":"2","neighborhood":"Marina","total_count":""}},"https://drive.google.com/uc?export=view&id=1ozG0BfcPLX0PSswEG7RCDYOIavfUYdJI\n":{"filename":"https://drive.google.com/uc?export=view&id=1ozG0BfcPLX0PSswEG7RCDYOIavfUYdJI\n","size":-1,"regions":[{"shape_attributes":{"name":"circle","cx":79,"cy":106,"r":16},"region_attributes":{"Type":"2","count":"2"}},{"shape_attributes":{"name":"circle","cx":93,"cy":105,"r":16},"region_attributes":{"Type":"1","count":"1"}},{"shape_attributes":{"name":"circle","cx":227,"cy":239,"r":16},"region_attributes":{"Type":"1","count":"1"}},{"shape_attributes":{"name":"circle","cx":249,"cy":248,"r":18},"region_attributes":{"Type":"1","count":"1"}},{"shape_attributes":{"name":"circle","cx":300,"cy":248,"r":15},"region_attributes":{"Type":"1","count":"1"}},{"shape_attributes":{"name":"circle","cx":334,"cy":223,"r":19},"region_attributes":{"Type":"1","count":"1"}},{"shape_attributes":{"name":"circle","cx":623,"cy":211,"r":14},"region_attributes":{"Type":"1","count":"3"}},{"shape_attributes":{"name":"circle","cx":567,"cy":301,"r":15},"region_attributes":{"Type":"1","count":"2"}},{"shape_attributes":{"name":"circle","cx":499,"cy":343,"r":15},"region_attributes":{"Type":"1","count":"1"}},{"shape_attributes":{"name":"circle","cx":597,"cy":440,"r":17},"region_attributes":{"Type":"1","count":"2"}}],"file_attributes":{"date":"2020-10-29","temp":"61","rain":"2","neighborhood":"Marina","total_count":""}},"https://drive.google.com/uc?export=view&id=1u27CEEdNHSL-lM3oIgMFrLjG6mfEdrgw\n":{"filename":"https://drive.google.com/uc?export=view&id=1u27CEEdNHSL-lM3oIgMFrLjG6mfEdrgw\n","size":-1,"regions":[{"shape_attributes":{"name":"circle","cx":78,"cy":63,"r":23},"region_attributes":{"Type":"2","count":"5"}},{"shape_attributes":{"name":"circle","cx":80,"cy":87,"r":18},"region_attributes":{"Type":"1","count":"6"}},{"shape_attributes":{"name":"circle","cx":263,"cy":140,"r":18},"region_attributes":{"Type":"1","count":"1"}},{"shape_attributes":{"name":"circle","cx":313,"cy":225,"r":17},"region_attributes":{"Type":"1","count":"2"}},{"shape_attributes":{"name":"circle","cx":256,"cy":283,"r":28},"region_attributes":{"Type":"2","count":"1"}},{"shape_attributes":{"name":"circle","cx":445,"cy":199,"r":17},"region_attributes":{"Type":"1","count":"1"}},{"shape_attributes":{"name":"circle","cx":520,"cy":220,"r":15},"region_attributes":{"Type":"1","count":"5"}},{"shape_attributes":{"name":"circle","cx":599,"cy":204,"r":16},"region_attributes":{"Type":"1","count":"2"}},{"shape_attributes":{"name":"circle","cx":627,"cy":205,"r":15},"region_attributes":{"Type":"1","count":"2"}},{"shape_attributes":{"name":"circle","cx":627,"cy":235,"r":17},"region_attributes":{"Type":"1","count":"1"}},{"shape_attributes":{"name":"circle","cx":572,"cy":298,"r":13},"region_attributes":{"Type":"1","count":"2"}},{"shape_attributes":{"name":"circle","cx":523,"cy":384,"r":12},"region_attributes":{"Type":"1","count":"1"}},{"shape_attributes":{"name":"circle","cx":519,"cy":414,"r":13},"region_attributes":{"Type":"1","count":"1"}}],"file_attributes":{"date":"2020-11-24","temp":"59","rain":"2","neighborhood":"Marina","total_count":""}},"https://drive.google.com/uc?export=view&id=1Jyyt1IZT0D8H2ybdfz_AYhrI8q7awY_Q\n":{"filename":"https://drive.google.com/uc?export=view&id=1Jyyt1IZT0D8H2ybdfz_AYhrI8q7awY_Q\n","size":-1,"regions":[{"shape_attributes":{"name":"circle","cx":88,"cy":32,"r":12},"region_attributes":{"Type":"1","count":"1"}},{"shape_attributes":{"name":"circle","cx":53,"cy":45,"r":15},"region_attributes":{"Type":"1","count":"4"}},{"shape_attributes":{"name":"circle","cx":37,"cy":75,"r":14},"region_attributes":{"Type":"1","count":"3"}},{"shape_attributes":{"name":"circle","cx":185,"cy":171,"r":12},"region_attributes":{"Type":"1","count":"1"}},{"shape_attributes":{"name":"circle","cx":482,"cy":226,"r":13},"region_attributes":{"Type":"1","count":"1"}},{"shape_attributes":{"name":"circle","cx":592,"cy":449,"r":14},"region_attributes":{"Type":"1","count":"1"}}],"file_attributes":{"date":"2020-12-29","temp":"53","rain":"1","neighborhood":"Marina","total_count":""}}},"_via_attributes":{"region":{"Type":{"type":"dropdown","description":"","options":{"1":"Individual","2":"Structure","3":"Vehicle"},"default_options":{}},"count":{"type":"text","description":"","default_value":""}},"file":{"date":{"type":"text","description":"","default_value":""},"temp":{"type":"text","description":"","default_value":""},"rain":{"type":"dropdown","description":"","options":{"1":"rain","2":"clear"},"default_options":{"2":true}},"neighborhood":{"type":"text","description":"","default_value":"Marina"},"total_count":{"type":"text","description":"","default_value":""}}},"_via_data_format_version":"2.0.10","_via_image_id_list":["https://drive.google.com/uc?export=view&id=1UD3Op4xNbhHwSnfK7Cj25n91gohY6TAL\n","https://drive.google.com/uc?export=view&id=1JFEdT1InoKSVAD-6X5a9kQfV5mwCzMiQ\n","https://drive.google.com/uc?export=view&id=1gOFPSCrJPSuriO_ve7kDBUTClY_d8b1G\n","https://drive.google.com/uc?export=view&id=1vQUF6aqPn9reM5YI4RFU9xSimm5aHENe\n","https://drive.google.com/uc?export=view&id=1hlmmocPlwu5nPlDCdLO6JPyQ1S-kaiEw\n","https://drive.google.com/uc?export=view&id=1J1b0sUxuyqEmC7AaUe_5p0343qKGJHFa\n","https://drive.google.com/uc?export=view&id=1CI1QNuPoHTmeSsF6_z_dpRrjcd7KNYe6\n","https://drive.google.com/uc?export=view&id=1gIT3PK90FCP09tPyJyKsBNSgrxGCZrBp\n","https://drive.google.com/uc?export=view&id=1mfxxTSnkaKBtHk7JoE9ibBfBqZ5oPM8Y\n","https://drive.google.com/uc?export=view&id=1ozG0BfcPLX0PSswEG7RCDYOIavfUYdJI\n","https://drive.google.com/uc?export=view&id=1u27CEEdNHSL-lM3oIgMFrLjG6mfEdrgw\n","https://drive.google.com/uc?export=view&id=1Jyyt1IZT0D8H2ybdfz_AYhrI8q7awY_Q\n"]}